trial,rt,response,world,img1_1,img1_2,img2_1,img2_2,recording1_1,recording1_2,recording2_1,recording2_2,sim_x_result1,sim_x_result2,filler,probe_obj,probe_shift_id,worldtype,teleporter_entry_color_idx,teleporter_entry_color,pid,img
0,14804,3,0025,assets/targets/0025/img1_1.png,assets/targets/0025/img1_2.png,assets/targets/0025/img2_1.png,assets/targets/0025/img2_2.png,assets/targets/0025/recording1_1.mp4,assets/targets/0025/recording1_2.mp4,assets/targets/0025/recording2_1.mp4,assets/targets/0025/recording2_2.mp4,275.75178627094397,548.0849702817209,False,1,1,2,1,blue,6650e2ba4eceb07b4da4a7cd,assets/targets/0025/base_1_1_red.jpg
1,5354,0,0072,assets/targets/0072/img1_1.png,assets/targets/0072/img1_2.png,assets/targets/0072/img2_1.png,assets/targets/0072/img2_2.png,assets/targets/0072/recording1_1.mp4,assets/targets/0072/recording1_2.mp4,assets/targets/0072/recording2_1.mp4,assets/targets/0072/recording2_2.mp4,263.49876924364594,480.2927000755407,False,nocol,2,1,1,blue,6650e2ba4eceb07b4da4a7cd,assets/targets/0072/base_nocol_2_red.jpg
2,5039,0,0052,assets/targets/0052/img1_1.png,assets/targets/0052/img1_2.png,assets/targets/0052/img2_1.png,assets/targets/0052/img2_2.png,assets/targets/0052/recording1_1.mp4,assets/targets/0052/recording1_2.mp4,assets/targets/0052/recording2_1.mp4,assets/targets/0052/recording2_2.mp4,570.2567171334038,231.9134273051645,False,nocol,2,1,1,blue,6650e2ba4eceb07b4da4a7cd,assets/targets/0052/base_nocol_2_red.jpg
3,5430,100,0064,assets/targets/0064/img1_1.png,assets/targets/0064/img1_2.png,assets/targets/0064/img2_1.png,assets/targets/0064/img2_2.png,assets/targets/0064/recording1_1.mp4,assets/targets/0064/recording1_2.mp4,assets/targets/0064/recording2_1.mp4,assets/targets/0064/recording2_2.mp4,572.435126403118,233.99006146723664,False,2,2,2,1,blue,6650e2ba4eceb07b4da4a7cd,assets/targets/0064/base_2_1_red.jpg
4,9178,0,0024,assets/targets/0024/img1_1.png,assets/targets/0024/img1_2.png,assets/targets/0024/img2_1.png,assets/targets/0024/img2_2.png,assets/targets/0024/recording1_1.mp4,assets/targets/0024/recording1_2.mp4,assets/targets/0024/recording2_1.mp4,assets/targets/0024/recording2_2.mp4,392.50547349657757,36.17405762242421,False,2,2,1,1,blue,6650e2ba4eceb07b4da4a7cd,assets/targets/0024/base_2_2_red.jpg
5,4011,0,0091,assets/targets/0091/img1_1.png,assets/targets/0091/img1_2.png,assets/targets/0091/img2_1.png,assets/targets/0091/img2_2.png,assets/targets/0091/recording1_1.mp4,assets/targets/0091/recording1_2.mp4,assets/targets/0091/recording2_1.mp4,assets/targets/0091/recording2_2.mp4,360.26329222466995,232.43135081432789,False,nocol,1,1,1,blue,6650e2ba4eceb07b4da4a7cd,assets/targets/0091/base_nocol_2_red.jpg
6,3557,0,0069,assets/targets/0069/img1_1.png,assets/targets/0069/img1_2.png,assets/targets/0069/img2_1.png,assets/targets/0069/img2_2.png,assets/targets/0069/recording1_1.mp4,assets/targets/0069/recording1_2.mp4,assets/targets/0069/recording2_1.mp4,assets/targets/0069/recording2_2.mp4,45.99293272938177,282.53465008228795,False,nocol,2,2,1,blue,6650e2ba4eceb07b4da4a7cd,assets/targets/0069/base_nocol_1_red.jpg
7,3614,0,0045,assets/targets/0045/img1_1.png,assets/targets/0045/img1_2.png,assets/targets/0045/img2_1.png,assets/targets/0045/img2_2.png,assets/targets/0045/recording1_1.mp4,assets/targets/0045/recording1_2.mp4,assets/targets/0045/recording2_1.mp4,assets/targets/0045/recording2_2.mp4,436.6559051772762,257.95950551802974,False,1,2,2,1,blue,6650e2ba4eceb07b4da4a7cd,assets/targets/0045/base_1_1_red.jpg
8,5556,98,0042,assets/targets/0042/img1_1.png,assets/targets/0042/img1_2.png,assets/targets/0042/img2_1.png,assets/targets/0042/img2_2.png,assets/targets/0042/recording1_1.mp4,assets/targets/0042/recording1_2.mp4,assets/targets/0042/recording2_1.mp4,assets/targets/0042/recording2_2.mp4,302.7180979554031,305.896846954325,False,1,2,1,1,blue,6650e2ba4eceb07b4da4a7cd,assets/targets/0042/base_1_2_red.jpg
0,17641,100,0025,assets/targets/0025/img1_1.png,assets/targets/0025/img1_2.png,assets/targets/0025/img2_1.png,assets/targets/0025/img2_2.png,assets/targets/0025/recording1_1.mp4,assets/targets/0025/recording1_2.mp4,assets/targets/0025/recording2_1.mp4,assets/targets/0025/recording2_2.mp4,275.75178627094397,548.0849702817209,False,2,2,2,0,brown,66b2385b08ab5b8fafdc94e3,assets/targets/0025/base_2_2_red.jpg
1,11790,37,0064,assets/targets/0064/img1_1.png,assets/targets/0064/img1_2.png,assets/targets/0064/img2_1.png,assets/targets/0064/img2_2.png,assets/targets/0064/recording1_1.mp4,assets/targets/0064/recording1_2.mp4,assets/targets/0064/recording2_1.mp4,assets/targets/0064/recording2_2.mp4,572.435126403118,233.99006146723664,False,1,2,2,0,brown,66b2385b08ab5b8fafdc94e3,assets/targets/0064/base_1_2_red.jpg
2,5111,100,0024,assets/targets/0024/img1_1.png,assets/targets/0024/img1_2.png,assets/targets/0024/img2_1.png,assets/targets/0024/img2_2.png,assets/targets/0024/recording1_1.mp4,assets/targets/0024/recording1_2.mp4,assets/targets/0024/recording2_1.mp4,assets/targets/0024/recording2_2.mp4,392.50547349657757,36.17405762242421,False,nocol,2,1,0,brown,66b2385b08ab5b8fafdc94e3,assets/targets/0024/base_nocol_1_red.jpg
3,6390,0,0042,assets/targets/0042/img1_1.png,assets/targets/0042/img1_2.png,assets/targets/0042/img2_1.png,assets/targets/0042/img2_2.png,assets/targets/0042/recording1_1.mp4,assets/targets/0042/recording1_2.mp4,assets/targets/0042/recording2_1.mp4,assets/targets/0042/recording2_2.mp4,302.7180979554031,305.896846954325,False,2,1,1,0,brown,66b2385b08ab5b8fafdc94e3,assets/targets/0042/base_2_1_red.jpg
4,4135,100,0069,assets/targets/0069/img1_1.png,assets/targets/0069/img1_2.png,assets/targets/0069/img2_1.png,assets/targets/0069/img2_2.png,assets/targets/0069/recording1_1.mp4,assets/targets/0069/recording1_2.mp4,assets/targets/0069/recording2_1.mp4,assets/targets/0069/recording2_2.mp4,45.99293272938177,282.53465008228795,False,2,2,2,0,brown,66b2385b08ab5b8fafdc94e3,assets/targets/0069/base_2_2_red.jpg
5,6255,84,0091,assets/targets/0091/img1_1.png,assets/targets/0091/img1_2.png,assets/targets/0091/img2_1.png,assets/targets/0091/img2_2.png,assets/targets/0091/recording1_1.mp4,assets/targets/0091/recording1_2.mp4,assets/targets/0091/recording2_1.mp4,assets/targets/0091/recording2_2.mp4,360.26329222466995,232.43135081432789,False,2,1,2,0,brown,66b2385b08ab5b8fafdc94e3,assets/targets/0091/base_2_2_red.jpg
6,5637,0,0045,assets/targets/0045/img1_1.png,assets/targets/0045/img1_2.png,assets/targets/0045/img2_1.png,assets/targets/0045/img2_2.png,assets/targets/0045/recording1_1.mp4,assets/targets/0045/recording1_2.mp4,assets/targets/0045/recording2_1.mp4,assets/targets/0045/recording2_2.mp4,436.6559051772762,257.95950551802974,False,2,2,1,0,brown,66b2385b08ab5b8fafdc94e3,assets/targets/0045/base_2_1_red.jpg
7,5449,100,0072,assets/targets/0072/img1_1.png,assets/targets/0072/img1_2.png,assets/targets/0072/img2_1.png,assets/targets/0072/img2_2.png,assets/targets/0072/recording1_1.mp4,assets/targets/0072/recording1_2.mp4,assets/targets/0072/recording2_1.mp4,assets/targets/0072/recording2_2.mp4,263.49876924364594,480.2927000755407,False,1,1,1,0,brown,66b2385b08ab5b8fafdc94e3,assets/targets/0072/base_1_1_red.jpg
8,4175,0,0052,assets/targets/0052/img1_1.png,assets/targets/0052/img1_2.png,assets/targets/0052/img2_1.png,assets/targets/0052/img2_2.png,assets/targets/0052/recording1_1.mp4,assets/targets/0052/recording1_2.mp4,assets/targets/0052/recording2_1.mp4,assets/targets/0052/recording2_2.mp4,570.2567171334038,231.9134273051645,False,1,2,2,0,brown,66b2385b08ab5b8fafdc94e3,assets/targets/0052/base_1_2_red.jpg
0,29259,11,0052,assets/targets/0052/img1_1.png,assets/targets/0052/img1_2.png,assets/targets/0052/img2_1.png,assets/targets/0052/img2_2.png,assets/targets/0052/recording1_1.mp4,assets/targets/0052/recording1_2.mp4,assets/targets/0052/recording2_1.mp4,assets/targets/0052/recording2_2.mp4,570.2567171334038,231.9134273051645,False,2,2,1,0,brown,66bab504623f0f6b4707c542,assets/targets/0052/base_2_1_red.jpg
1,11885,7,0025,assets/targets/0025/img1_1.png,assets/targets/0025/img1_2.png,assets/targets/0025/img2_1.png,assets/targets/0025/img2_2.png,assets/targets/0025/recording1_1.mp4,assets/targets/0025/recording1_2.mp4,assets/targets/0025/recording2_1.mp4,assets/targets/0025/recording2_2.mp4,275.75178627094397,548.0849702817209,False,nocol,2,2,0,brown,66bab504623f0f6b4707c542,assets/targets/0025/base_nocol_2_red.jpg
2,10555,6,0091,assets/targets/0091/img1_1.png,assets/targets/0091/img1_2.png,assets/targets/0091/img2_1.png,assets/targets/0091/img2_2.png,assets/targets/0091/recording1_1.mp4,assets/targets/0091/recording1_2.mp4,assets/targets/0091/recording2_1.mp4,assets/targets/0091/recording2_2.mp4,360.26329222466995,232.43135081432789,False,2,2,1,0,brown,66bab504623f0f6b4707c542,assets/targets/0091/base_2_1_red.jpg
3,8046,14,0064,assets/targets/0064/img1_1.png,assets/targets/0064/img1_2.png,assets/targets/0064/img2_1.png,assets/targets/0064/img2_2.png,assets/targets/0064/recording1_1.mp4,assets/targets/0064/recording1_2.mp4,assets/targets/0064/recording2_1.mp4,assets/targets/0064/recording2_2.mp4,572.435126403118,233.99006146723664,False,nocol,1,2,0,brown,66bab504623f0f6b4707c542,assets/targets/0064/base_nocol_2_red.jpg
4,11105,2,0024,assets/targets/0024/img1_1.png,assets/targets/0024/img1_2.png,assets/targets/0024/img2_1.png,assets/targets/0024/img2_2.png,assets/targets/0024/recording1_1.mp4,assets/targets/0024/recording1_2.mp4,assets/targets/0024/recording2_1.mp4,assets/targets/0024/recording2_2.mp4,392.50547349657757,36.17405762242421,False,nocol,2,1,0,brown,66bab504623f0f6b4707c542,assets/targets/0024/base_nocol_1_red.jpg
5,8774,19,0042,assets/targets/0042/img1_1.png,assets/targets/0042/img1_2.png,assets/targets/0042/img2_1.png,assets/targets/0042/img2_2.png,assets/targets/0042/recording1_1.mp4,assets/targets/0042/recording1_2.mp4,assets/targets/0042/recording2_1.mp4,assets/targets/0042/recording2_2.mp4,302.7180979554031,305.896846954325,False,nocol,1,2,0,brown,66bab504623f0f6b4707c542,assets/targets/0042/base_nocol_2_red.jpg
6,17056,57,0072,assets/targets/0072/img1_1.png,assets/targets/0072/img1_2.png,assets/targets/0072/img2_1.png,assets/targets/0072/img2_2.png,assets/targets/0072/recording1_1.mp4,assets/targets/0072/recording1_2.mp4,assets/targets/0072/recording2_1.mp4,assets/targets/0072/recording2_2.mp4,263.49876924364594,480.2927000755407,False,2,2,2,0,brown,66bab504623f0f6b4707c542,assets/targets/0072/base_2_2_red.jpg
7,8614,2,0045,assets/targets/0045/img1_1.png,assets/targets/0045/img1_2.png,assets/targets/0045/img2_1.png,assets/targets/0045/img2_2.png,assets/targets/0045/recording1_1.mp4,assets/targets/0045/recording1_2.mp4,assets/targets/0045/recording2_1.mp4,assets/targets/0045/recording2_2.mp4,436.6559051772762,257.95950551802974,False,1,1,2,0,brown,66bab504623f0f6b4707c542,assets/targets/0045/base_1_2_red.jpg
8,8079,59,0069,assets/targets/0069/img1_1.png,assets/targets/0069/img1_2.png,assets/targets/0069/img2_1.png,assets/targets/0069/img2_2.png,assets/targets/0069/recording1_1.mp4,assets/targets/0069/recording1_2.mp4,assets/targets/0069/recording2_1.mp4,assets/targets/0069/recording2_2.mp4,45.99293272938177,282.53465008228795,False,2,1,2,0,brown,66bab504623f0f6b4707c542,assets/targets/0069/base_2_2_red.jpg
0,31572,76,0072,assets/targets/0072/img1_1.png,assets/targets/0072/img1_2.png,assets/targets/0072/img2_1.png,assets/targets/0072/img2_2.png,assets/targets/0072/recording1_1.mp4,assets/targets/0072/recording1_2.mp4,assets/targets/0072/recording2_1.mp4,assets/targets/0072/recording2_2.mp4,263.49876924364594,480.2927000755407,False,2,2,2,0,brown,661d7269de07dfaa0b7eb431,assets/targets/0072/base_2_2_red.jpg
1,51704,0,0064,assets/targets/0064/img1_1.png,assets/targets/0064/img1_2.png,assets/targets/0064/img2_1.png,assets/targets/0064/img2_2.png,assets/targets/0064/recording1_1.mp4,assets/targets/0064/recording1_2.mp4,assets/targets/0064/recording2_1.mp4,assets/targets/0064/recording2_2.mp4,572.435126403118,233.99006146723664,False,nocol,1,1,0,brown,661d7269de07dfaa0b7eb431,assets/targets/0064/base_nocol_1_red.jpg
2,5025,0,0052,assets/targets/0052/img1_1.png,assets/targets/0052/img1_2.png,assets/targets/0052/img2_1.png,assets/targets/0052/img2_2.png,assets/targets/0052/recording1_1.mp4,assets/targets/0052/recording1_2.mp4,assets/targets/0052/recording2_1.mp4,assets/targets/0052/recording2_2.mp4,570.2567171334038,231.9134273051645,False,2,2,1,0,brown,661d7269de07dfaa0b7eb431,assets/targets/0052/base_2_1_red.jpg
3,7389,0,0024,assets/targets/0024/img1_1.png,assets/targets/0024/img1_2.png,assets/targets/0024/img2_1.png,assets/targets/0024/img2_2.png,assets/targets/0024/recording1_1.mp4,assets/targets/0024/recording1_2.mp4,assets/targets/0024/recording2_1.mp4,assets/targets/0024/recording2_2.mp4,392.50547349657757,36.17405762242421,False,1,2,2,0,brown,661d7269de07dfaa0b7eb431,assets/targets/0024/base_1_2_red.jpg
4,60183,0,0025,assets/targets/0025/img1_1.png,assets/targets/0025/img1_2.png,assets/targets/0025/img2_1.png,assets/targets/0025/img2_2.png,assets/targets/0025/recording1_1.mp4,assets/targets/0025/recording1_2.mp4,assets/targets/0025/recording2_1.mp4,assets/targets/0025/recording2_2.mp4,275.75178627094397,548.0849702817209,False,nocol,1,1,0,brown,661d7269de07dfaa0b7eb431,assets/targets/0025/base_nocol_1_red.jpg
5,7073,0,0091,assets/targets/0091/img1_1.png,assets/targets/0091/img1_2.png,assets/targets/0091/img2_1.png,assets/targets/0091/img2_2.png,assets/targets/0091/recording1_1.mp4,assets/targets/0091/recording1_2.mp4,assets/targets/0091/recording2_1.mp4,assets/targets/0091/recording2_2.mp4,360.26329222466995,232.43135081432789,False,1,2,2,0,brown,661d7269de07dfaa0b7eb431,assets/targets/0091/base_1_2_red.jpg
6,9003,0,0042,assets/targets/0042/img1_1.png,assets/targets/0042/img1_2.png,assets/targets/0042/img2_1.png,assets/targets/0042/img2_2.png,assets/targets/0042/recording1_1.mp4,assets/targets/0042/recording1_2.mp4,assets/targets/0042/recording2_1.mp4,assets/targets/0042/recording2_2.mp4,302.7180979554031,305.896846954325,False,nocol,2,2,0,brown,661d7269de07dfaa0b7eb431,assets/targets/0042/base_nocol_2_red.jpg
7,5389,100,0069,assets/targets/0069/img1_1.png,assets/targets/0069/img1_2.png,assets/targets/0069/img2_1.png,assets/targets/0069/img2_2.png,assets/targets/0069/recording1_1.mp4,assets/targets/0069/recording1_2.mp4,assets/targets/0069/recording2_1.mp4,assets/targets/0069/recording2_2.mp4,45.99293272938177,282.53465008228795,False,1,1,1,0,brown,661d7269de07dfaa0b7eb431,assets/targets/0069/base_1_1_red.jpg
8,4572,0,0045,assets/targets/0045/img1_1.png,assets/targets/0045/img1_2.png,assets/targets/0045/img2_1.png,assets/targets/0045/img2_2.png,assets/targets/0045/recording1_1.mp4,assets/targets/0045/recording1_2.mp4,assets/targets/0045/recording2_1.mp4,assets/targets/0045/recording2_2.mp4,436.6559051772762,257.95950551802974,False,nocol,1,2,0,brown,661d7269de07dfaa0b7eb431,assets/targets/0045/base_nocol_2_red.jpg
0,133882,38,0052,assets/targets/0052/img1_1.png,assets/targets/0052/img1_2.png,assets/targets/0052/img2_1.png,assets/targets/0052/img2_2.png,assets/targets/0052/recording1_1.mp4,assets/targets/0052/recording1_2.mp4,assets/targets/0052/recording2_1.mp4,assets/targets/0052/recording2_2.mp4,570.2567171334038,231.9134273051645,False,nocol,2,2,0,brown,65ca4cf5aae33168f7873a33,assets/targets/0052/base_nocol_2_red.jpg
1,13819,100,0069,assets/targets/0069/img1_1.png,assets/targets/0069/img1_2.png,assets/targets/0069/img2_1.png,assets/targets/0069/img2_2.png,assets/targets/0069/recording1_1.mp4,assets/targets/0069/recording1_2.mp4,assets/targets/0069/recording2_1.mp4,assets/targets/0069/recording2_2.mp4,45.99293272938177,282.53465008228795,False,1,2,1,0,brown,65ca4cf5aae33168f7873a33,assets/targets/0069/base_1_1_red.jpg
2,47391,0,0025,assets/targets/0025/img1_1.png,assets/targets/0025/img1_2.png,assets/targets/0025/img2_1.png,assets/targets/0025/img2_2.png,assets/targets/0025/recording1_1.mp4,assets/targets/0025/recording1_2.mp4,assets/targets/0025/recording2_1.mp4,assets/targets/0025/recording2_2.mp4,275.75178627094397,548.0849702817209,False,1,2,2,0,brown,65ca4cf5aae33168f7873a33,assets/targets/0025/base_1_2_red.jpg
3,20496,0,0045,assets/targets/0045/img1_1.png,assets/targets/0045/img1_2.png,assets/targets/0045/img2_1.png,assets/targets/0045/img2_2.png,assets/targets/0045/recording1_1.mp4,assets/targets/0045/recording1_2.mp4,assets/targets/0045/recording2_1.mp4,assets/targets/0045/recording2_2.mp4,436.6559051772762,257.95950551802974,False,nocol,2,1,0,brown,65ca4cf5aae33168f7873a33,assets/targets/0045/base_nocol_1_red.jpg
4,79324,0,0072,assets/targets/0072/img1_1.png,assets/targets/0072/img1_2.png,assets/targets/0072/img2_1.png,assets/targets/0072/img2_2.png,assets/targets/0072/recording1_1.mp4,assets/targets/0072/recording1_2.mp4,assets/targets/0072/recording2_1.mp4,assets/targets/0072/recording2_2.mp4,263.49876924364594,480.2927000755407,False,1,2,2,0,brown,65ca4cf5aae33168f7873a33,assets/targets/0072/base_1_2_red.jpg
5,7222,0,0042,assets/targets/0042/img1_1.png,assets/targets/0042/img1_2.png,assets/targets/0042/img2_1.png,assets/targets/0042/img2_2.png,assets/targets/0042/recording1_1.mp4,assets/targets/0042/recording1_2.mp4,assets/targets/0042/recording2_1.mp4,assets/targets/0042/recording2_2.mp4,302.7180979554031,305.896846954325,False,1,1,2,0,brown,65ca4cf5aae33168f7873a33,assets/targets/0042/base_1_2_red.jpg
6,8359,100,0024,assets/targets/0024/img1_1.png,assets/targets/0024/img1_2.png,assets/targets/0024/img2_1.png,assets/targets/0024/img2_2.png,assets/targets/0024/recording1_1.mp4,assets/targets/0024/recording1_2.mp4,assets/targets/0024/recording2_1.mp4,assets/targets/0024/recording2_2.mp4,392.50547349657757,36.17405762242421,False,1,1,1,0,brown,65ca4cf5aae33168f7873a33,assets/targets/0024/base_1_1_red.jpg
7,4383,100,0091,assets/targets/0091/img1_1.png,assets/targets/0091/img1_2.png,assets/targets/0091/img2_1.png,assets/targets/0091/img2_2.png,assets/targets/0091/recording1_1.mp4,assets/targets/0091/recording1_2.mp4,assets/targets/0091/recording2_1.mp4,assets/targets/0091/recording2_2.mp4,360.26329222466995,232.43135081432789,False,1,1,1,0,brown,65ca4cf5aae33168f7873a33,assets/targets/0091/base_1_1_red.jpg
8,5157,0,0064,assets/targets/0064/img1_1.png,assets/targets/0064/img1_2.png,assets/targets/0064/img2_1.png,assets/targets/0064/img2_2.png,assets/targets/0064/recording1_1.mp4,assets/targets/0064/recording1_2.mp4,assets/targets/0064/recording2_1.mp4,assets/targets/0064/recording2_2.mp4,572.435126403118,233.99006146723664,False,1,1,2,0,brown,65ca4cf5aae33168f7873a33,assets/targets/0064/base_1_2_red.jpg
0,15658,0,0042,assets/targets/0042/img1_1.png,assets/targets/0042/img1_2.png,assets/targets/0042/img2_1.png,assets/targets/0042/img2_2.png,assets/targets/0042/recording1_1.mp4,assets/targets/0042/recording1_2.mp4,assets/targets/0042/recording2_1.mp4,assets/targets/0042/recording2_2.mp4,302.7180979554031,305.896846954325,False,nocol,2,2,0,brown,63f94e6a56d57031c54cb24c,assets/targets/0042/base_nocol_2_red.jpg
1,8629,0,0045,assets/targets/0045/img1_1.png,assets/targets/0045/img1_2.png,assets/targets/0045/img2_1.png,assets/targets/0045/img2_2.png,assets/targets/0045/recording1_1.mp4,assets/targets/0045/recording1_2.mp4,assets/targets/0045/recording2_1.mp4,assets/targets/0045/recording2_2.mp4,436.6559051772762,257.95950551802974,False,nocol,1,2,0,brown,63f94e6a56d57031c54cb24c,assets/targets/0045/base_nocol_2_red.jpg
2,3817,0,0025,assets/targets/0025/img1_1.png,assets/targets/0025/img1_2.png,assets/targets/0025/img2_1.png,assets/targets/0025/img2_2.png,assets/targets/0025/recording1_1.mp4,assets/targets/0025/recording1_2.mp4,assets/targets/0025/recording2_1.mp4,assets/targets/0025/recording2_2.mp4,275.75178627094397,548.0849702817209,False,nocol,2,2,0,brown,63f94e6a56d57031c54cb24c,assets/targets/0025/base_nocol_2_red.jpg
3,4471,100,0069,assets/targets/0069/img1_1.png,assets/targets/0069/img1_2.png,assets/targets/0069/img2_1.png,assets/targets/0069/img2_2.png,assets/targets/0069/recording1_1.mp4,assets/targets/0069/recording1_2.mp4,assets/targets/0069/recording2_1.mp4,assets/targets/0069/recording2_2.mp4,45.99293272938177,282.53465008228795,False,2,1,2,0,brown,63f94e6a56d57031c54cb24c,assets/targets/0069/base_2_2_red.jpg
4,4699,100,0091,assets/targets/0091/img1_1.png,assets/targets/0091/img1_2.png,assets/targets/0091/img2_1.png,assets/targets/0091/img2_2.png,assets/targets/0091/recording1_1.mp4,assets/targets/0091/recording1_2.mp4,assets/targets/0091/recording2_1.mp4,assets/targets/0091/recording2_2.mp4,360.26329222466995,232.43135081432789,False,1,2,1,0,brown,63f94e6a56d57031c54cb24c,assets/targets/0091/base_1_1_red.jpg
5,5605,0,0064,assets/targets/0064/img1_1.png,assets/targets/0064/img1_2.png,assets/targets/0064/img2_1.png,assets/targets/0064/img2_2.png,assets/targets/0064/recording1_1.mp4,assets/targets/0064/recording1_2.mp4,assets/targets/0064/recording2_1.mp4,assets/targets/0064/recording2_2.mp4,572.435126403118,233.99006146723664,False,nocol,1,1,0,brown,63f94e6a56d57031c54cb24c,assets/targets/0064/base_nocol_1_red.jpg
6,4117,0,0052,assets/targets/0052/img1_1.png,assets/targets/0052/img1_2.png,assets/targets/0052/img2_1.png,assets/targets/0052/img2_2.png,assets/targets/0052/recording1_1.mp4,assets/targets/0052/recording1_2.mp4,assets/targets/0052/recording2_1.mp4,assets/targets/0052/recording2_2.mp4,570.2567171334038,231.9134273051645,False,1,1,2,0,brown,63f94e6a56d57031c54cb24c,assets/targets/0052/base_1_2_red.jpg
7,3995,0,0072,assets/targets/0072/img1_1.png,assets/targets/0072/img1_2.png,assets/targets/0072/img2_1.png,assets/targets/0072/img2_2.png,assets/targets/0072/recording1_1.mp4,assets/targets/0072/recording1_2.mp4,assets/targets/0072/recording2_1.mp4,assets/targets/0072/recording2_2.mp4,263.49876924364594,480.2927000755407,False,nocol,1,1,0,brown,63f94e6a56d57031c54cb24c,assets/targets/0072/base_nocol_1_red.jpg
8,4290,100,0024,assets/targets/0024/img1_1.png,assets/targets/0024/img1_2.png,assets/targets/0024/img2_1.png,assets/targets/0024/img2_2.png,assets/targets/0024/recording1_1.mp4,assets/targets/0024/recording1_2.mp4,assets/targets/0024/recording2_1.mp4,assets/targets/0024/recording2_2.mp4,392.50547349657757,36.17405762242421,False,1,1,1,0,brown,63f94e6a56d57031c54cb24c,assets/targets/0024/base_1_1_red.jpg
0,13750,0,0042,assets/targets/0042/img1_1.png,assets/targets/0042/img1_2.png,assets/targets/0042/img2_1.png,assets/targets/0042/img2_2.png,assets/targets/0042/recording1_1.mp4,assets/targets/0042/recording1_2.mp4,assets/targets/0042/recording2_1.mp4,assets/targets/0042/recording2_2.mp4,302.7180979554031,305.896846954325,False,2,2,1,1,blue,558c1c5dfdf99b5d806a0017,assets/targets/0042/base_2_2_red.jpg
1,6163,100,0024,assets/targets/0024/img1_1.png,assets/targets/0024/img1_2.png,assets/targets/0024/img2_1.png,assets/targets/0024/img2_2.png,assets/targets/0024/recording1_1.mp4,assets/targets/0024/recording1_2.mp4,assets/targets/0024/recording2_1.mp4,assets/targets/0024/recording2_2.mp4,392.50547349657757,36.17405762242421,False,1,2,1,1,blue,558c1c5dfdf99b5d806a0017,assets/targets/0024/base_1_2_red.jpg
2,7809,0,0069,assets/targets/0069/img1_1.png,assets/targets/0069/img1_2.png,assets/targets/0069/img2_1.png,assets/targets/0069/img2_2.png,assets/targets/0069/recording1_1.mp4,assets/targets/0069/recording1_2.mp4,assets/targets/0069/recording2_1.mp4,assets/targets/0069/recording2_2.mp4,45.99293272938177,282.53465008228795,False,1,1,2,1,blue,558c1c5dfdf99b5d806a0017,assets/targets/0069/base_1_1_red.jpg
3,7964,100,0091,assets/targets/0091/img1_1.png,assets/targets/0091/img1_2.png,assets/targets/0091/img2_1.png,assets/targets/0091/img2_2.png,assets/targets/0091/recording1_1.mp4,assets/targets/0091/recording1_2.mp4,assets/targets/0091/recording2_1.mp4,assets/targets/0091/recording2_2.mp4,360.26329222466995,232.43135081432789,False,1,2,1,1,blue,558c1c5dfdf99b5d806a0017,assets/targets/0091/base_1_2_red.jpg
4,6384,0,0045,assets/targets/0045/img1_1.png,assets/targets/0045/img1_2.png,assets/targets/0045/img2_1.png,assets/targets/0045/img2_2.png,assets/targets/0045/recording1_1.mp4,assets/targets/0045/recording1_2.mp4,assets/targets/0045/recording2_1.mp4,assets/targets/0045/recording2_2.mp4,436.6559051772762,257.95950551802974,False,nocol,1,2,1,blue,558c1c5dfdf99b5d806a0017,assets/targets/0045/base_nocol_1_red.jpg
5,5320,0,0025,assets/targets/0025/img1_1.png,assets/targets/0025/img1_2.png,assets/targets/0025/img2_1.png,assets/targets/0025/img2_2.png,assets/targets/0025/recording1_1.mp4,assets/targets/0025/recording1_2.mp4,assets/targets/0025/recording2_1.mp4,assets/targets/0025/recording2_2.mp4,275.75178627094397,548.0849702817209,False,1,2,2,1,blue,558c1c5dfdf99b5d806a0017,assets/targets/0025/base_1_1_red.jpg
6,4669,0,0052,assets/targets/0052/img1_1.png,assets/targets/0052/img1_2.png,assets/targets/0052/img2_1.png,assets/targets/0052/img2_2.png,assets/targets/0052/recording1_1.mp4,assets/targets/0052/recording1_2.mp4,assets/targets/0052/recording2_1.mp4,assets/targets/0052/recording2_2.mp4,570.2567171334038,231.9134273051645,False,nocol,2,1,1,blue,558c1c5dfdf99b5d806a0017,assets/targets/0052/base_nocol_2_red.jpg
7,4306,100,0064,assets/targets/0064/img1_1.png,assets/targets/0064/img1_2.png,assets/targets/0064/img2_1.png,assets/targets/0064/img2_2.png,assets/targets/0064/recording1_1.mp4,assets/targets/0064/recording1_2.mp4,assets/targets/0064/recording2_1.mp4,assets/targets/0064/recording2_2.mp4,572.435126403118,233.99006146723664,False,2,2,2,1,blue,558c1c5dfdf99b5d806a0017,assets/targets/0064/base_2_1_red.jpg
8,9707,91,0072,assets/targets/0072/img1_1.png,assets/targets/0072/img1_2.png,assets/targets/0072/img2_1.png,assets/targets/0072/img2_2.png,assets/targets/0072/recording1_1.mp4,assets/targets/0072/recording1_2.mp4,assets/targets/0072/recording2_1.mp4,assets/targets/0072/recording2_2.mp4,263.49876924364594,480.2927000755407,False,2,1,2,1,blue,558c1c5dfdf99b5d806a0017,assets/targets/0072/base_2_1_red.jpg
0,12227,71,0072,assets/targets/0072/img1_1.png,assets/targets/0072/img1_2.png,assets/targets/0072/img2_1.png,assets/targets/0072/img2_2.png,assets/targets/0072/recording1_1.mp4,assets/targets/0072/recording1_2.mp4,assets/targets/0072/recording2_1.mp4,assets/targets/0072/recording2_2.mp4,263.49876924364594,480.2927000755407,False,2,1,2,0,brown,627ebc31883c7dd7c2220c7e,assets/targets/0072/base_2_2_red.jpg
1,7972,10,0042,assets/targets/0042/img1_1.png,assets/targets/0042/img1_2.png,assets/targets/0042/img2_1.png,assets/targets/0042/img2_2.png,assets/targets/0042/recording1_1.mp4,assets/targets/0042/recording1_2.mp4,assets/targets/0042/recording2_1.mp4,assets/targets/0042/recording2_2.mp4,302.7180979554031,305.896846954325,False,1,2,2,0,brown,627ebc31883c7dd7c2220c7e,assets/targets/0042/base_1_2_red.jpg
2,6278,0,0024,assets/targets/0024/img1_1.png,assets/targets/0024/img1_2.png,assets/targets/0024/img2_1.png,assets/targets/0024/img2_2.png,assets/targets/0024/recording1_1.mp4,assets/targets/0024/recording1_2.mp4,assets/targets/0024/recording2_1.mp4,assets/targets/0024/recording2_2.mp4,392.50547349657757,36.17405762242421,False,nocol,1,2,0,brown,627ebc31883c7dd7c2220c7e,assets/targets/0024/base_nocol_2_red.jpg
3,7412,0,0069,assets/targets/0069/img1_1.png,assets/targets/0069/img1_2.png,assets/targets/0069/img2_1.png,assets/targets/0069/img2_2.png,assets/targets/0069/recording1_1.mp4,assets/targets/0069/recording1_2.mp4,assets/targets/0069/recording2_1.mp4,assets/targets/0069/recording2_2.mp4,45.99293272938177,282.53465008228795,False,nocol,1,1,0,brown,627ebc31883c7dd7c2220c7e,assets/targets/0069/base_nocol_1_red.jpg
4,8061,87,0091,assets/targets/0091/img1_1.png,assets/targets/0091/img1_2.png,assets/targets/0091/img2_1.png,assets/targets/0091/img2_2.png,assets/targets/0091/recording1_1.mp4,assets/targets/0091/recording1_2.mp4,assets/targets/0091/recording2_1.mp4,assets/targets/0091/recording2_2.mp4,360.26329222466995,232.43135081432789,False,2,2,2,0,brown,627ebc31883c7dd7c2220c7e,assets/targets/0091/base_2_2_red.jpg
5,8394,100,0052,assets/targets/0052/img1_1.png,assets/targets/0052/img1_2.png,assets/targets/0052/img2_1.png,assets/targets/0052/img2_2.png,assets/targets/0052/recording1_1.mp4,assets/targets/0052/recording1_2.mp4,assets/targets/0052/recording2_1.mp4,assets/targets/0052/recording2_2.mp4,570.2567171334038,231.9134273051645,False,2,1,2,0,brown,627ebc31883c7dd7c2220c7e,assets/targets/0052/base_2_2_red.jpg
6,7035,91,0045,assets/targets/0045/img1_1.png,assets/targets/0045/img1_2.png,assets/targets/0045/img2_1.png,assets/targets/0045/img2_2.png,assets/targets/0045/recording1_1.mp4,assets/targets/0045/recording1_2.mp4,assets/targets/0045/recording2_1.mp4,assets/targets/0045/recording2_2.mp4,436.6559051772762,257.95950551802974,False,1,1,1,0,brown,627ebc31883c7dd7c2220c7e,assets/targets/0045/base_1_1_red.jpg
7,5914,100,0064,assets/targets/0064/img1_1.png,assets/targets/0064/img1_2.png,assets/targets/0064/img2_1.png,assets/targets/0064/img2_2.png,assets/targets/0064/recording1_1.mp4,assets/targets/0064/recording1_2.mp4,assets/targets/0064/recording2_1.mp4,assets/targets/0064/recording2_2.mp4,572.435126403118,233.99006146723664,False,1,1,1,0,brown,627ebc31883c7dd7c2220c7e,assets/targets/0064/base_1_1_red.jpg
8,5124,100,0025,assets/targets/0025/img1_1.png,assets/targets/0025/img1_2.png,assets/targets/0025/img2_1.png,assets/targets/0025/img2_2.png,assets/targets/0025/recording1_1.mp4,assets/targets/0025/recording1_2.mp4,assets/targets/0025/recording2_1.mp4,assets/targets/0025/recording2_2.mp4,275.75178627094397,548.0849702817209,False,2,1,2,0,brown,627ebc31883c7dd7c2220c7e,assets/targets/0025/base_2_2_red.jpg
0,14020,0,0064,assets/targets/0064/img1_1.png,assets/targets/0064/img1_2.png,assets/targets/0064/img2_1.png,assets/targets/0064/img2_2.png,assets/targets/0064/recording1_1.mp4,assets/targets/0064/recording1_2.mp4,assets/targets/0064/recording2_1.mp4,assets/targets/0064/recording2_2.mp4,572.435126403118,233.99006146723664,False,nocol,2,1,0,brown,613b9a3ff0c8f9557a11b295,assets/targets/0064/base_nocol_1_red.jpg
1,8390,0,0052,assets/targets/0052/img1_1.png,assets/targets/0052/img1_2.png,assets/targets/0052/img2_1.png,assets/targets/0052/img2_2.png,assets/targets/0052/recording1_1.mp4,assets/targets/0052/recording1_2.mp4,assets/targets/0052/recording2_1.mp4,assets/targets/0052/recording2_2.mp4,570.2567171334038,231.9134273051645,False,1,1,2,0,brown,613b9a3ff0c8f9557a11b295,assets/targets/0052/base_1_2_red.jpg
2,4246,0,0024,assets/targets/0024/img1_1.png,assets/targets/0024/img1_2.png,assets/targets/0024/img2_1.png,assets/targets/0024/img2_2.png,assets/targets/0024/recording1_1.mp4,assets/targets/0024/recording1_2.mp4,assets/targets/0024/recording2_1.mp4,assets/targets/0024/recording2_2.mp4,392.50547349657757,36.17405762242421,False,nocol,2,2,0,brown,613b9a3ff0c8f9557a11b295,assets/targets/0024/base_nocol_2_red.jpg
3,10874,27,0072,assets/targets/0072/img1_1.png,assets/targets/0072/img1_2.png,assets/targets/0072/img2_1.png,assets/targets/0072/img2_2.png,assets/targets/0072/recording1_1.mp4,assets/targets/0072/recording1_2.mp4,assets/targets/0072/recording2_1.mp4,assets/targets/0072/recording2_2.mp4,263.49876924364594,480.2927000755407,False,nocol,1,2,0,brown,613b9a3ff0c8f9557a11b295,assets/targets/0072/base_nocol_2_red.jpg
4,4166,0,0025,assets/targets/0025/img1_1.png,assets/targets/0025/img1_2.png,assets/targets/0025/img2_1.png,assets/targets/0025/img2_2.png,assets/targets/0025/recording1_1.mp4,assets/targets/0025/recording1_2.mp4,assets/targets/0025/recording2_1.mp4,assets/targets/0025/recording2_2.mp4,275.75178627094397,548.0849702817209,False,nocol,2,1,0,brown,613b9a3ff0c8f9557a11b295,assets/targets/0025/base_nocol_1_red.jpg
5,8322,21,0042,assets/targets/0042/img1_1.png,assets/targets/0042/img1_2.png,assets/targets/0042/img2_1.png,assets/targets/0042/img2_2.png,assets/targets/0042/recording1_1.mp4,assets/targets/0042/recording1_2.mp4,assets/targets/0042/recording2_1.mp4,assets/targets/0042/recording2_2.mp4,302.7180979554031,305.896846954325,False,1,1,2,0,brown,613b9a3ff0c8f9557a11b295,assets/targets/0042/base_1_2_red.jpg
6,6206,30,0045,assets/targets/0045/img1_1.png,assets/targets/0045/img1_2.png,assets/targets/0045/img2_1.png,assets/targets/0045/img2_2.png,assets/targets/0045/recording1_1.mp4,assets/targets/0045/recording1_2.mp4,assets/targets/0045/recording2_1.mp4,assets/targets/0045/recording2_2.mp4,436.6559051772762,257.95950551802974,False,1,2,2,0,brown,613b9a3ff0c8f9557a11b295,assets/targets/0045/base_1_2_red.jpg
7,8126,0,0091,assets/targets/0091/img1_1.png,assets/targets/0091/img1_2.png,assets/targets/0091/img2_1.png,assets/targets/0091/img2_2.png,assets/targets/0091/recording1_1.mp4,assets/targets/0091/recording1_2.mp4,assets/targets/0091/recording2_1.mp4,assets/targets/0091/recording2_2.mp4,360.26329222466995,232.43135081432789,False,nocol,2,2,0,brown,613b9a3ff0c8f9557a11b295,assets/targets/0091/base_nocol_2_red.jpg
8,5734,8,0069,assets/targets/0069/img1_1.png,assets/targets/0069/img1_2.png,assets/targets/0069/img2_1.png,assets/targets/0069/img2_2.png,assets/targets/0069/recording1_1.mp4,assets/targets/0069/recording1_2.mp4,assets/targets/0069/recording2_1.mp4,assets/targets/0069/recording2_2.mp4,45.99293272938177,282.53465008228795,False,nocol,2,1,0,brown,613b9a3ff0c8f9557a11b295,assets/targets/0069/base_nocol_1_red.jpg
0,19831,78,0045,assets/targets/0045/img1_1.png,assets/targets/0045/img1_2.png,assets/targets/0045/img2_1.png,assets/targets/0045/img2_2.png,assets/targets/0045/recording1_1.mp4,assets/targets/0045/recording1_2.mp4,assets/targets/0045/recording2_1.mp4,assets/targets/0045/recording2_2.mp4,436.6559051772762,257.95950551802974,False,2,2,2,1,blue,5a5ec648eedc32000142ce86,assets/targets/0045/base_2_1_red.jpg
1,12227,89,0072,assets/targets/0072/img1_1.png,assets/targets/0072/img1_2.png,assets/targets/0072/img2_1.png,assets/targets/0072/img2_2.png,assets/targets/0072/recording1_1.mp4,assets/targets/0072/recording1_2.mp4,assets/targets/0072/recording2_1.mp4,assets/targets/0072/recording2_2.mp4,263.49876924364594,480.2927000755407,False,1,2,2,1,blue,5a5ec648eedc32000142ce86,assets/targets/0072/base_1_1_red.jpg
2,25169,71,0052,assets/targets/0052/img1_1.png,assets/targets/0052/img1_2.png,assets/targets/0052/img2_1.png,assets/targets/0052/img2_2.png,assets/targets/0052/recording1_1.mp4,assets/targets/0052/recording1_2.mp4,assets/targets/0052/recording2_1.mp4,assets/targets/0052/recording2_2.mp4,570.2567171334038,231.9134273051645,False,nocol,1,1,1,blue,5a5ec648eedc32000142ce86,assets/targets/0052/base_nocol_2_red.jpg
3,8983,94,0042,assets/targets/0042/img1_1.png,assets/targets/0042/img1_2.png,assets/targets/0042/img2_1.png,assets/targets/0042/img2_2.png,assets/targets/0042/recording1_1.mp4,assets/targets/0042/recording1_2.mp4,assets/targets/0042/recording2_1.mp4,assets/targets/0042/recording2_2.mp4,302.7180979554031,305.896846954325,False,2,2,1,1,blue,5a5ec648eedc32000142ce86,assets/targets/0042/base_2_2_red.jpg
4,11053,29,0091,assets/targets/0091/img1_1.png,assets/targets/0091/img1_2.png,assets/targets/0091/img2_1.png,assets/targets/0091/img2_2.png,assets/targets/0091/recording1_1.mp4,assets/targets/0091/recording1_2.mp4,assets/targets/0091/recording2_1.mp4,assets/targets/0091/recording2_2.mp4,360.26329222466995,232.43135081432789,False,nocol,2,1,1,blue,5a5ec648eedc32000142ce86,assets/targets/0091/base_nocol_2_red.jpg
5,8771,56,0025,assets/targets/0025/img1_1.png,assets/targets/0025/img1_2.png,assets/targets/0025/img2_1.png,assets/targets/0025/img2_2.png,assets/targets/0025/recording1_1.mp4,assets/targets/0025/recording1_2.mp4,assets/targets/0025/recording2_1.mp4,assets/targets/0025/recording2_2.mp4,275.75178627094397,548.0849702817209,False,1,2,2,1,blue,5a5ec648eedc32000142ce86,assets/targets/0025/base_1_1_red.jpg
6,4828,78,0024,assets/targets/0024/img1_1.png,assets/targets/0024/img1_2.png,assets/targets/0024/img2_1.png,assets/targets/0024/img2_2.png,assets/targets/0024/recording1_1.mp4,assets/targets/0024/recording1_2.mp4,assets/targets/0024/recording2_1.mp4,assets/targets/0024/recording2_2.mp4,392.50547349657757,36.17405762242421,False,2,1,2,1,blue,5a5ec648eedc32000142ce86,assets/targets/0024/base_2_1_red.jpg
7,5028,97,0064,assets/targets/0064/img1_1.png,assets/targets/0064/img1_2.png,assets/targets/0064/img2_1.png,assets/targets/0064/img2_2.png,assets/targets/0064/recording1_1.mp4,assets/targets/0064/recording1_2.mp4,assets/targets/0064/recording2_1.mp4,assets/targets/0064/recording2_2.mp4,572.435126403118,233.99006146723664,False,2,1,1,1,blue,5a5ec648eedc32000142ce86,assets/targets/0064/base_2_2_red.jpg
8,9377,62,0069,assets/targets/0069/img1_1.png,assets/targets/0069/img1_2.png,assets/targets/0069/img2_1.png,assets/targets/0069/img2_2.png,assets/targets/0069/recording1_1.mp4,assets/targets/0069/recording1_2.mp4,assets/targets/0069/recording2_1.mp4,assets/targets/0069/recording2_2.mp4,45.99293272938177,282.53465008228795,False,1,1,2,1,blue,5a5ec648eedc32000142ce86,assets/targets/0069/base_1_1_red.jpg
0,21848,100,0052,assets/targets/0052/img1_1.png,assets/targets/0052/img1_2.png,assets/targets/0052/img2_1.png,assets/targets/0052/img2_2.png,assets/targets/0052/recording1_1.mp4,assets/targets/0052/recording1_2.mp4,assets/targets/0052/recording2_1.mp4,assets/targets/0052/recording2_2.mp4,570.2567171334038,231.9134273051645,False,1,2,1,1,blue,5ce330b9c536f50001104f78,assets/targets/0052/base_1_2_red.jpg
1,13541,0,0025,assets/targets/0025/img1_1.png,assets/targets/0025/img1_2.png,assets/targets/0025/img2_1.png,assets/targets/0025/img2_2.png,assets/targets/0025/recording1_1.mp4,assets/targets/0025/recording1_2.mp4,assets/targets/0025/recording2_1.mp4,assets/targets/0025/recording2_2.mp4,275.75178627094397,548.0849702817209,False,nocol,2,2,1,blue,5ce330b9c536f50001104f78,assets/targets/0025/base_nocol_1_red.jpg
2,13385,100,0064,assets/targets/0064/img1_1.png,assets/targets/0064/img1_2.png,assets/targets/0064/img2_1.png,assets/targets/0064/img2_2.png,assets/targets/0064/recording1_1.mp4,assets/targets/0064/recording1_2.mp4,assets/targets/0064/recording2_1.mp4,assets/targets/0064/recording2_2.mp4,572.435126403118,233.99006146723664,False,2,2,2,1,blue,5ce330b9c536f50001104f78,assets/targets/0064/base_2_1_red.jpg
3,11848,0,0091,assets/targets/0091/img1_1.png,assets/targets/0091/img1_2.png,assets/targets/0091/img2_1.png,assets/targets/0091/img2_2.png,assets/targets/0091/recording1_1.mp4,assets/targets/0091/recording1_2.mp4,assets/targets/0091/recording2_1.mp4,assets/targets/0091/recording2_2.mp4,360.26329222466995,232.43135081432789,False,1,2,2,1,blue,5ce330b9c536f50001104f78,assets/targets/0091/base_1_1_red.jpg
4,9926,0,0072,assets/targets/0072/img1_1.png,assets/targets/0072/img1_2.png,assets/targets/0072/img2_1.png,assets/targets/0072/img2_2.png,assets/targets/0072/recording1_1.mp4,assets/targets/0072/recording1_2.mp4,assets/targets/0072/recording2_1.mp4,assets/targets/0072/recording2_2.mp4,263.49876924364594,480.2927000755407,False,nocol,2,1,1,blue,5ce330b9c536f50001104f78,assets/targets/0072/base_nocol_2_red.jpg
5,10469,0,0069,assets/targets/0069/img1_1.png,assets/targets/0069/img1_2.png,assets/targets/0069/img2_1.png,assets/targets/0069/img2_2.png,assets/targets/0069/recording1_1.mp4,assets/targets/0069/recording1_2.mp4,assets/targets/0069/recording2_1.mp4,assets/targets/0069/recording2_2.mp4,45.99293272938177,282.53465008228795,False,1,1,2,1,blue,5ce330b9c536f50001104f78,assets/targets/0069/base_1_1_red.jpg
6,13826,0,0042,assets/targets/0042/img1_1.png,assets/targets/0042/img1_2.png,assets/targets/0042/img2_1.png,assets/targets/0042/img2_2.png,assets/targets/0042/recording1_1.mp4,assets/targets/0042/recording1_2.mp4,assets/targets/0042/recording2_1.mp4,assets/targets/0042/recording2_2.mp4,302.7180979554031,305.896846954325,False,nocol,1,1,1,blue,5ce330b9c536f50001104f78,assets/targets/0042/base_nocol_2_red.jpg
7,8166,0,0045,assets/targets/0045/img1_1.png,assets/targets/0045/img1_2.png,assets/targets/0045/img2_1.png,assets/targets/0045/img2_2.png,assets/targets/0045/recording1_1.mp4,assets/targets/0045/recording1_2.mp4,assets/targets/0045/recording2_1.mp4,assets/targets/0045/recording2_2.mp4,436.6559051772762,257.95950551802974,False,1,2,2,1,blue,5ce330b9c536f50001104f78,assets/targets/0045/base_1_1_red.jpg
8,11503,0,0024,assets/targets/0024/img1_1.png,assets/targets/0024/img1_2.png,assets/targets/0024/img2_1.png,assets/targets/0024/img2_2.png,assets/targets/0024/recording1_1.mp4,assets/targets/0024/recording1_2.mp4,assets/targets/0024/recording2_1.mp4,assets/targets/0024/recording2_2.mp4,392.50547349657757,36.17405762242421,False,nocol,2,1,1,blue,5ce330b9c536f50001104f78,assets/targets/0024/base_nocol_2_red.jpg
0,23245,76,0052,assets/targets/0052/img1_1.png,assets/targets/0052/img1_2.png,assets/targets/0052/img2_1.png,assets/targets/0052/img2_2.png,assets/targets/0052/recording1_1.mp4,assets/targets/0052/recording1_2.mp4,assets/targets/0052/recording2_1.mp4,assets/targets/0052/recording2_2.mp4,570.2567171334038,231.9134273051645,False,2,1,2,1,blue,577f70d1454e5400015f1845,assets/targets/0052/base_2_1_red.jpg
1,18575,20,0042,assets/targets/0042/img1_1.png,assets/targets/0042/img1_2.png,assets/targets/0042/img2_1.png,assets/targets/0042/img2_2.png,assets/targets/0042/recording1_1.mp4,assets/targets/0042/recording1_2.mp4,assets/targets/0042/recording2_1.mp4,assets/targets/0042/recording2_2.mp4,302.7180979554031,305.896846954325,False,1,2,1,1,blue,577f70d1454e5400015f1845,assets/targets/0042/base_1_2_red.jpg
2,9925,85,0069,assets/targets/0069/img1_1.png,assets/targets/0069/img1_2.png,assets/targets/0069/img2_1.png,assets/targets/0069/img2_2.png,assets/targets/0069/recording1_1.mp4,assets/targets/0069/recording1_2.mp4,assets/targets/0069/recording2_1.mp4,assets/targets/0069/recording2_2.mp4,45.99293272938177,282.53465008228795,False,2,1,2,1,blue,577f70d1454e5400015f1845,assets/targets/0069/base_2_1_red.jpg
3,9447,61,0025,assets/targets/0025/img1_1.png,assets/targets/0025/img1_2.png,assets/targets/0025/img2_1.png,assets/targets/0025/img2_2.png,assets/targets/0025/recording1_1.mp4,assets/targets/0025/recording1_2.mp4,assets/targets/0025/recording2_1.mp4,assets/targets/0025/recording2_2.mp4,275.75178627094397,548.0849702817209,False,1,2,2,1,blue,577f70d1454e5400015f1845,assets/targets/0025/base_1_1_red.jpg
4,9663,11,0045,assets/targets/0045/img1_1.png,assets/targets/0045/img1_2.png,assets/targets/0045/img2_1.png,assets/targets/0045/img2_2.png,assets/targets/0045/recording1_1.mp4,assets/targets/0045/recording1_2.mp4,assets/targets/0045/recording2_1.mp4,assets/targets/0045/recording2_2.mp4,436.6559051772762,257.95950551802974,False,nocol,2,1,1,blue,577f70d1454e5400015f1845,assets/targets/0045/base_nocol_2_red.jpg
5,8831,3,0064,assets/targets/0064/img1_1.png,assets/targets/0064/img1_2.png,assets/targets/0064/img2_1.png,assets/targets/0064/img2_2.png,assets/targets/0064/recording1_1.mp4,assets/targets/0064/recording1_2.mp4,assets/targets/0064/recording2_1.mp4,assets/targets/0064/recording2_2.mp4,572.435126403118,233.99006146723664,False,nocol,1,1,1,blue,577f70d1454e5400015f1845,assets/targets/0064/base_nocol_2_red.jpg
6,8773,68,0072,assets/targets/0072/img1_1.png,assets/targets/0072/img1_2.png,assets/targets/0072/img2_1.png,assets/targets/0072/img2_2.png,assets/targets/0072/recording1_1.mp4,assets/targets/0072/recording1_2.mp4,assets/targets/0072/recording2_1.mp4,assets/targets/0072/recording2_2.mp4,263.49876924364594,480.2927000755407,False,2,2,1,1,blue,577f70d1454e5400015f1845,assets/targets/0072/base_2_2_red.jpg
7,9546,5,0024,assets/targets/0024/img1_1.png,assets/targets/0024/img1_2.png,assets/targets/0024/img2_1.png,assets/targets/0024/img2_2.png,assets/targets/0024/recording1_1.mp4,assets/targets/0024/recording1_2.mp4,assets/targets/0024/recording2_1.mp4,assets/targets/0024/recording2_2.mp4,392.50547349657757,36.17405762242421,False,1,1,1,1,blue,577f70d1454e5400015f1845,assets/targets/0024/base_1_2_red.jpg
8,8684,52,0091,assets/targets/0091/img1_1.png,assets/targets/0091/img1_2.png,assets/targets/0091/img2_1.png,assets/targets/0091/img2_2.png,assets/targets/0091/recording1_1.mp4,assets/targets/0091/recording1_2.mp4,assets/targets/0091/recording2_1.mp4,assets/targets/0091/recording2_2.mp4,360.26329222466995,232.43135081432789,False,2,1,1,1,blue,577f70d1454e5400015f1845,assets/targets/0091/base_2_2_red.jpg
0,26899,35,0042,assets/targets/0042/img1_1.png,assets/targets/0042/img1_2.png,assets/targets/0042/img2_1.png,assets/targets/0042/img2_2.png,assets/targets/0042/recording1_1.mp4,assets/targets/0042/recording1_2.mp4,assets/targets/0042/recording2_1.mp4,assets/targets/0042/recording2_2.mp4,302.7180979554031,305.896846954325,False,nocol,1,2,1,blue,66b6cb18cc43c649a5917319,assets/targets/0042/base_nocol_1_red.jpg
1,9138,100,0052,assets/targets/0052/img1_1.png,assets/targets/0052/img1_2.png,assets/targets/0052/img2_1.png,assets/targets/0052/img2_2.png,assets/targets/0052/recording1_1.mp4,assets/targets/0052/recording1_2.mp4,assets/targets/0052/recording2_1.mp4,assets/targets/0052/recording2_2.mp4,570.2567171334038,231.9134273051645,False,2,2,2,1,blue,66b6cb18cc43c649a5917319,assets/targets/0052/base_2_1_red.jpg
2,8389,0,0091,assets/targets/0091/img1_1.png,assets/targets/0091/img1_2.png,assets/targets/0091/img2_1.png,assets/targets/0091/img2_2.png,assets/targets/0091/recording1_1.mp4,assets/targets/0091/recording1_2.mp4,assets/targets/0091/recording2_1.mp4,assets/targets/0091/recording2_2.mp4,360.26329222466995,232.43135081432789,False,2,1,1,1,blue,66b6cb18cc43c649a5917319,assets/targets/0091/base_2_2_red.jpg
3,6385,100,0069,assets/targets/0069/img1_1.png,assets/targets/0069/img1_2.png,assets/targets/0069/img2_1.png,assets/targets/0069/img2_2.png,assets/targets/0069/recording1_1.mp4,assets/targets/0069/recording1_2.mp4,assets/targets/0069/recording2_1.mp4,assets/targets/0069/recording2_2.mp4,45.99293272938177,282.53465008228795,False,2,1,2,1,blue,66b6cb18cc43c649a5917319,assets/targets/0069/base_2_1_red.jpg
4,10014,0,0064,assets/targets/0064/img1_1.png,assets/targets/0064/img1_2.png,assets/targets/0064/img2_1.png,assets/targets/0064/img2_2.png,assets/targets/0064/recording1_1.mp4,assets/targets/0064/recording1_2.mp4,assets/targets/0064/recording2_1.mp4,assets/targets/0064/recording2_2.mp4,572.435126403118,233.99006146723664,False,1,2,2,1,blue,66b6cb18cc43c649a5917319,assets/targets/0064/base_1_1_red.jpg
5,7136,100,0024,assets/targets/0024/img1_1.png,assets/targets/0024/img1_2.png,assets/targets/0024/img2_1.png,assets/targets/0024/img2_2.png,assets/targets/0024/recording1_1.mp4,assets/targets/0024/recording1_2.mp4,assets/targets/0024/recording2_1.mp4,assets/targets/0024/recording2_2.mp4,392.50547349657757,36.17405762242421,False,2,1,2,1,blue,66b6cb18cc43c649a5917319,assets/targets/0024/base_2_1_red.jpg
6,11748,31,0045,assets/targets/0045/img1_1.png,assets/targets/0045/img1_2.png,assets/targets/0045/img2_1.png,assets/targets/0045/img2_2.png,assets/targets/0045/recording1_1.mp4,assets/targets/0045/recording1_2.mp4,assets/targets/0045/recording2_1.mp4,assets/targets/0045/recording2_2.mp4,436.6559051772762,257.95950551802974,False,2,2,2,1,blue,66b6cb18cc43c649a5917319,assets/targets/0045/base_2_1_red.jpg
7,24286,100,0025,assets/targets/0025/img1_1.png,assets/targets/0025/img1_2.png,assets/targets/0025/img2_1.png,assets/targets/0025/img2_2.png,assets/targets/0025/recording1_1.mp4,assets/targets/0025/recording1_2.mp4,assets/targets/0025/recording2_1.mp4,assets/targets/0025/recording2_2.mp4,275.75178627094397,548.0849702817209,False,2,1,2,1,blue,66b6cb18cc43c649a5917319,assets/targets/0025/base_2_1_red.jpg
8,6815,0,0072,assets/targets/0072/img1_1.png,assets/targets/0072/img1_2.png,assets/targets/0072/img2_1.png,assets/targets/0072/img2_2.png,assets/targets/0072/recording1_1.mp4,assets/targets/0072/recording1_2.mp4,assets/targets/0072/recording2_1.mp4,assets/targets/0072/recording2_2.mp4,263.49876924364594,480.2927000755407,False,1,1,2,1,blue,66b6cb18cc43c649a5917319,assets/targets/0072/base_1_1_red.jpg
0,22991,0,0052,assets/targets/0052/img1_1.png,assets/targets/0052/img1_2.png,assets/targets/0052/img2_1.png,assets/targets/0052/img2_2.png,assets/targets/0052/recording1_1.mp4,assets/targets/0052/recording1_2.mp4,assets/targets/0052/recording2_1.mp4,assets/targets/0052/recording2_2.mp4,570.2567171334038,231.9134273051645,False,nocol,1,2,1,blue,66ac666f3e030205c277b763,assets/targets/0052/base_nocol_1_red.jpg
1,20157,0,0072,assets/targets/0072/img1_1.png,assets/targets/0072/img1_2.png,assets/targets/0072/img2_1.png,assets/targets/0072/img2_2.png,assets/targets/0072/recording1_1.mp4,assets/targets/0072/recording1_2.mp4,assets/targets/0072/recording2_1.mp4,assets/targets/0072/recording2_2.mp4,263.49876924364594,480.2927000755407,False,1,2,2,1,blue,66ac666f3e030205c277b763,assets/targets/0072/base_1_1_red.jpg
2,18428,0,0045,assets/targets/0045/img1_1.png,assets/targets/0045/img1_2.png,assets/targets/0045/img2_1.png,assets/targets/0045/img2_2.png,assets/targets/0045/recording1_1.mp4,assets/targets/0045/recording1_2.mp4,assets/targets/0045/recording2_1.mp4,assets/targets/0045/recording2_2.mp4,436.6559051772762,257.95950551802974,False,2,2,1,1,blue,66ac666f3e030205c277b763,assets/targets/0045/base_2_2_red.jpg
3,13636,100,0024,assets/targets/0024/img1_1.png,assets/targets/0024/img1_2.png,assets/targets/0024/img2_1.png,assets/targets/0024/img2_2.png,assets/targets/0024/recording1_1.mp4,assets/targets/0024/recording1_2.mp4,assets/targets/0024/recording2_1.mp4,assets/targets/0024/recording2_2.mp4,392.50547349657757,36.17405762242421,False,2,1,2,1,blue,66ac666f3e030205c277b763,assets/targets/0024/base_2_1_red.jpg
4,12900,0,0091,assets/targets/0091/img1_1.png,assets/targets/0091/img1_2.png,assets/targets/0091/img2_1.png,assets/targets/0091/img2_2.png,assets/targets/0091/recording1_1.mp4,assets/targets/0091/recording1_2.mp4,assets/targets/0091/recording2_1.mp4,assets/targets/0091/recording2_2.mp4,360.26329222466995,232.43135081432789,False,nocol,1,2,1,blue,66ac666f3e030205c277b763,assets/targets/0091/base_nocol_1_red.jpg
5,9118,0,0069,assets/targets/0069/img1_1.png,assets/targets/0069/img1_2.png,assets/targets/0069/img2_1.png,assets/targets/0069/img2_2.png,assets/targets/0069/recording1_1.mp4,assets/targets/0069/recording1_2.mp4,assets/targets/0069/recording2_1.mp4,assets/targets/0069/recording2_2.mp4,45.99293272938177,282.53465008228795,False,nocol,2,2,1,blue,66ac666f3e030205c277b763,assets/targets/0069/base_nocol_1_red.jpg
6,14887,0,0025,assets/targets/0025/img1_1.png,assets/targets/0025/img1_2.png,assets/targets/0025/img2_1.png,assets/targets/0025/img2_2.png,assets/targets/0025/recording1_1.mp4,assets/targets/0025/recording1_2.mp4,assets/targets/0025/recording2_1.mp4,assets/targets/0025/recording2_2.mp4,275.75178627094397,548.0849702817209,False,2,1,2,1,blue,66ac666f3e030205c277b763,assets/targets/0025/base_2_1_red.jpg
7,8177,100,0042,assets/targets/0042/img1_1.png,assets/targets/0042/img1_2.png,assets/targets/0042/img2_1.png,assets/targets/0042/img2_2.png,assets/targets/0042/recording1_1.mp4,assets/targets/0042/recording1_2.mp4,assets/targets/0042/recording2_1.mp4,assets/targets/0042/recording2_2.mp4,302.7180979554031,305.896846954325,False,2,2,2,1,blue,66ac666f3e030205c277b763,assets/targets/0042/base_2_1_red.jpg
8,8662,0,0064,assets/targets/0064/img1_1.png,assets/targets/0064/img1_2.png,assets/targets/0064/img2_1.png,assets/targets/0064/img2_2.png,assets/targets/0064/recording1_1.mp4,assets/targets/0064/recording1_2.mp4,assets/targets/0064/recording2_1.mp4,assets/targets/0064/recording2_2.mp4,572.435126403118,233.99006146723664,False,1,2,2,1,blue,66ac666f3e030205c277b763,assets/targets/0064/base_1_1_red.jpg
0,26983,100,0042,assets/targets/0042/img1_1.png,assets/targets/0042/img1_2.png,assets/targets/0042/img2_1.png,assets/targets/0042/img2_2.png,assets/targets/0042/recording1_1.mp4,assets/targets/0042/recording1_2.mp4,assets/targets/0042/recording2_1.mp4,assets/targets/0042/recording2_2.mp4,302.7180979554031,305.896846954325,False,2,2,2,1,blue,66a7cf3480e5c2088515ba0b,assets/targets/0042/base_2_1_red.jpg
1,8265,0,0024,assets/targets/0024/img1_1.png,assets/targets/0024/img1_2.png,assets/targets/0024/img2_1.png,assets/targets/0024/img2_2.png,assets/targets/0024/recording1_1.mp4,assets/targets/0024/recording1_2.mp4,assets/targets/0024/recording2_1.mp4,assets/targets/0024/recording2_2.mp4,392.50547349657757,36.17405762242421,False,1,1,2,1,blue,66a7cf3480e5c2088515ba0b,assets/targets/0024/base_1_1_red.jpg
2,19324,0,0064,assets/targets/0064/img1_1.png,assets/targets/0064/img1_2.png,assets/targets/0064/img2_1.png,assets/targets/0064/img2_2.png,assets/targets/0064/recording1_1.mp4,assets/targets/0064/recording1_2.mp4,assets/targets/0064/recording2_1.mp4,assets/targets/0064/recording2_2.mp4,572.435126403118,233.99006146723664,False,2,2,1,1,blue,66a7cf3480e5c2088515ba0b,assets/targets/0064/base_2_2_red.jpg
3,7610,76,0091,assets/targets/0091/img1_1.png,assets/targets/0091/img1_2.png,assets/targets/0091/img2_1.png,assets/targets/0091/img2_2.png,assets/targets/0091/recording1_1.mp4,assets/targets/0091/recording1_2.mp4,assets/targets/0091/recording2_1.mp4,assets/targets/0091/recording2_2.mp4,360.26329222466995,232.43135081432789,False,2,2,2,1,blue,66a7cf3480e5c2088515ba0b,assets/targets/0091/base_2_1_red.jpg
4,6028,0,0045,assets/targets/0045/img1_1.png,assets/targets/0045/img1_2.png,assets/targets/0045/img2_1.png,assets/targets/0045/img2_2.png,assets/targets/0045/recording1_1.mp4,assets/targets/0045/recording1_2.mp4,assets/targets/0045/recording2_1.mp4,assets/targets/0045/recording2_2.mp4,436.6559051772762,257.95950551802974,False,nocol,2,2,1,blue,66a7cf3480e5c2088515ba0b,assets/targets/0045/base_nocol_1_red.jpg
5,11542,31,0072,assets/targets/0072/img1_1.png,assets/targets/0072/img1_2.png,assets/targets/0072/img2_1.png,assets/targets/0072/img2_2.png,assets/targets/0072/recording1_1.mp4,assets/targets/0072/recording1_2.mp4,assets/targets/0072/recording2_1.mp4,assets/targets/0072/recording2_2.mp4,263.49876924364594,480.2927000755407,False,nocol,1,2,1,blue,66a7cf3480e5c2088515ba0b,assets/targets/0072/base_nocol_1_red.jpg
6,11661,27,0025,assets/targets/0025/img1_1.png,assets/targets/0025/img1_2.png,assets/targets/0025/img2_1.png,assets/targets/0025/img2_2.png,assets/targets/0025/recording1_1.mp4,assets/targets/0025/recording1_2.mp4,assets/targets/0025/recording2_1.mp4,assets/targets/0025/recording2_2.mp4,275.75178627094397,548.0849702817209,False,2,2,2,1,blue,66a7cf3480e5c2088515ba0b,assets/targets/0025/base_2_1_red.jpg
7,8359,11,0052,assets/targets/0052/img1_1.png,assets/targets/0052/img1_2.png,assets/targets/0052/img2_1.png,assets/targets/0052/img2_2.png,assets/targets/0052/recording1_1.mp4,assets/targets/0052/recording1_2.mp4,assets/targets/0052/recording2_1.mp4,assets/targets/0052/recording2_2.mp4,570.2567171334038,231.9134273051645,False,nocol,1,1,1,blue,66a7cf3480e5c2088515ba0b,assets/targets/0052/base_nocol_2_red.jpg
8,9011,0,0069,assets/targets/0069/img1_1.png,assets/targets/0069/img1_2.png,assets/targets/0069/img2_1.png,assets/targets/0069/img2_2.png,assets/targets/0069/recording1_1.mp4,assets/targets/0069/recording1_2.mp4,assets/targets/0069/recording2_1.mp4,assets/targets/0069/recording2_2.mp4,45.99293272938177,282.53465008228795,False,nocol,1,1,1,blue,66a7cf3480e5c2088515ba0b,assets/targets/0069/base_nocol_2_red.jpg
0,18540,5,0069,assets/targets/0069/img1_1.png,assets/targets/0069/img1_2.png,assets/targets/0069/img2_1.png,assets/targets/0069/img2_2.png,assets/targets/0069/recording1_1.mp4,assets/targets/0069/recording1_2.mp4,assets/targets/0069/recording2_1.mp4,assets/targets/0069/recording2_2.mp4,45.99293272938177,282.53465008228795,False,1,2,2,0,brown,631ffc3584141f143567f021,assets/targets/0069/base_1_2_red.jpg
1,9227,95,0025,assets/targets/0025/img1_1.png,assets/targets/0025/img1_2.png,assets/targets/0025/img2_1.png,assets/targets/0025/img2_2.png,assets/targets/0025/recording1_1.mp4,assets/targets/0025/recording1_2.mp4,assets/targets/0025/recording2_1.mp4,assets/targets/0025/recording2_2.mp4,275.75178627094397,548.0849702817209,False,2,2,2,0,brown,631ffc3584141f143567f021,assets/targets/0025/base_2_2_red.jpg
2,6750,0,0072,assets/targets/0072/img1_1.png,assets/targets/0072/img1_2.png,assets/targets/0072/img2_1.png,assets/targets/0072/img2_2.png,assets/targets/0072/recording1_1.mp4,assets/targets/0072/recording1_2.mp4,assets/targets/0072/recording2_1.mp4,assets/targets/0072/recording2_2.mp4,263.49876924364594,480.2927000755407,False,nocol,2,1,0,brown,631ffc3584141f143567f021,assets/targets/0072/base_nocol_1_red.jpg
3,5563,0,0042,assets/targets/0042/img1_1.png,assets/targets/0042/img1_2.png,assets/targets/0042/img2_1.png,assets/targets/0042/img2_2.png,assets/targets/0042/recording1_1.mp4,assets/targets/0042/recording1_2.mp4,assets/targets/0042/recording2_1.mp4,assets/targets/0042/recording2_2.mp4,302.7180979554031,305.896846954325,False,nocol,2,2,0,brown,631ffc3584141f143567f021,assets/targets/0042/base_nocol_2_red.jpg
4,6776,99,0024,assets/targets/0024/img1_1.png,assets/targets/0024/img1_2.png,assets/targets/0024/img2_1.png,assets/targets/0024/img2_2.png,assets/targets/0024/recording1_1.mp4,assets/targets/0024/recording1_2.mp4,assets/targets/0024/recording2_1.mp4,assets/targets/0024/recording2_2.mp4,392.50547349657757,36.17405762242421,False,2,2,2,0,brown,631ffc3584141f143567f021,assets/targets/0024/base_2_2_red.jpg
5,4775,0,0052,assets/targets/0052/img1_1.png,assets/targets/0052/img1_2.png,assets/targets/0052/img2_1.png,assets/targets/0052/img2_2.png,assets/targets/0052/recording1_1.mp4,assets/targets/0052/recording1_2.mp4,assets/targets/0052/recording2_1.mp4,assets/targets/0052/recording2_2.mp4,570.2567171334038,231.9134273051645,False,nocol,2,1,0,brown,631ffc3584141f143567f021,assets/targets/0052/base_nocol_1_red.jpg
6,7877,83,0091,assets/targets/0091/img1_1.png,assets/targets/0091/img1_2.png,assets/targets/0091/img2_1.png,assets/targets/0091/img2_2.png,assets/targets/0091/recording1_1.mp4,assets/targets/0091/recording1_2.mp4,assets/targets/0091/recording2_1.mp4,assets/targets/0091/recording2_2.mp4,360.26329222466995,232.43135081432789,False,2,1,2,0,brown,631ffc3584141f143567f021,assets/targets/0091/base_2_2_red.jpg
7,4798,0,0045,assets/targets/0045/img1_1.png,assets/targets/0045/img1_2.png,assets/targets/0045/img2_1.png,assets/targets/0045/img2_2.png,assets/targets/0045/recording1_1.mp4,assets/targets/0045/recording1_2.mp4,assets/targets/0045/recording2_1.mp4,assets/targets/0045/recording2_2.mp4,436.6559051772762,257.95950551802974,False,2,1,1,0,brown,631ffc3584141f143567f021,assets/targets/0045/base_2_1_red.jpg
8,4699,0,0064,assets/targets/0064/img1_1.png,assets/targets/0064/img1_2.png,assets/targets/0064/img2_1.png,assets/targets/0064/img2_2.png,assets/targets/0064/recording1_1.mp4,assets/targets/0064/recording1_2.mp4,assets/targets/0064/recording2_1.mp4,assets/targets/0064/recording2_2.mp4,572.435126403118,233.99006146723664,False,1,2,2,0,brown,631ffc3584141f143567f021,assets/targets/0064/base_1_2_red.jpg
0,23235,17,0042,assets/targets/0042/img1_1.png,assets/targets/0042/img1_2.png,assets/targets/0042/img2_1.png,assets/targets/0042/img2_2.png,assets/targets/0042/recording1_1.mp4,assets/targets/0042/recording1_2.mp4,assets/targets/0042/recording2_1.mp4,assets/targets/0042/recording2_2.mp4,302.7180979554031,305.896846954325,False,1,2,2,0,brown,63f92add81137539d86c296f,assets/targets/0042/base_1_2_red.jpg
1,12155,90,0024,assets/targets/0024/img1_1.png,assets/targets/0024/img1_2.png,assets/targets/0024/img2_1.png,assets/targets/0024/img2_2.png,assets/targets/0024/recording1_1.mp4,assets/targets/0024/recording1_2.mp4,assets/targets/0024/recording2_1.mp4,assets/targets/0024/recording2_2.mp4,392.50547349657757,36.17405762242421,False,2,2,2,0,brown,63f92add81137539d86c296f,assets/targets/0024/base_2_2_red.jpg
2,7460,88,0052,assets/targets/0052/img1_1.png,assets/targets/0052/img1_2.png,assets/targets/0052/img2_1.png,assets/targets/0052/img2_2.png,assets/targets/0052/recording1_1.mp4,assets/targets/0052/recording1_2.mp4,assets/targets/0052/recording2_1.mp4,assets/targets/0052/recording2_2.mp4,570.2567171334038,231.9134273051645,False,2,1,2,0,brown,63f92add81137539d86c296f,assets/targets/0052/base_2_2_red.jpg
3,8780,95,0091,assets/targets/0091/img1_1.png,assets/targets/0091/img1_2.png,assets/targets/0091/img2_1.png,assets/targets/0091/img2_2.png,assets/targets/0091/recording1_1.mp4,assets/targets/0091/recording1_2.mp4,assets/targets/0091/recording2_1.mp4,assets/targets/0091/recording2_2.mp4,360.26329222466995,232.43135081432789,False,1,2,1,0,brown,63f92add81137539d86c296f,assets/targets/0091/base_1_1_red.jpg
4,12529,8,0072,assets/targets/0072/img1_1.png,assets/targets/0072/img1_2.png,assets/targets/0072/img2_1.png,assets/targets/0072/img2_2.png,assets/targets/0072/recording1_1.mp4,assets/targets/0072/recording1_2.mp4,assets/targets/0072/recording2_1.mp4,assets/targets/0072/recording2_2.mp4,263.49876924364594,480.2927000755407,False,1,1,2,0,brown,63f92add81137539d86c296f,assets/targets/0072/base_1_2_red.jpg
5,8053,4,0064,assets/targets/0064/img1_1.png,assets/targets/0064/img1_2.png,assets/targets/0064/img2_1.png,assets/targets/0064/img2_2.png,assets/targets/0064/recording1_1.mp4,assets/targets/0064/recording1_2.mp4,assets/targets/0064/recording2_1.mp4,assets/targets/0064/recording2_2.mp4,572.435126403118,233.99006146723664,False,1,1,2,0,brown,63f92add81137539d86c296f,assets/targets/0064/base_1_2_red.jpg
6,6825,9,0025,assets/targets/0025/img1_1.png,assets/targets/0025/img1_2.png,assets/targets/0025/img2_1.png,assets/targets/0025/img2_2.png,assets/targets/0025/recording1_1.mp4,assets/targets/0025/recording1_2.mp4,assets/targets/0025/recording2_1.mp4,assets/targets/0025/recording2_2.mp4,275.75178627094397,548.0849702817209,False,1,2,2,0,brown,63f92add81137539d86c296f,assets/targets/0025/base_1_2_red.jpg
7,8098,30,0069,assets/targets/0069/img1_1.png,assets/targets/0069/img1_2.png,assets/targets/0069/img2_1.png,assets/targets/0069/img2_2.png,assets/targets/0069/recording1_1.mp4,assets/targets/0069/recording1_2.mp4,assets/targets/0069/recording2_1.mp4,assets/targets/0069/recording2_2.mp4,45.99293272938177,282.53465008228795,False,1,1,2,0,brown,63f92add81137539d86c296f,assets/targets/0069/base_1_2_red.jpg
8,8453,4,0045,assets/targets/0045/img1_1.png,assets/targets/0045/img1_2.png,assets/targets/0045/img2_1.png,assets/targets/0045/img2_2.png,assets/targets/0045/recording1_1.mp4,assets/targets/0045/recording1_2.mp4,assets/targets/0045/recording2_1.mp4,assets/targets/0045/recording2_2.mp4,436.6559051772762,257.95950551802974,False,1,2,2,0,brown,63f92add81137539d86c296f,assets/targets/0045/base_1_2_red.jpg
0,20650,0,0045,assets/targets/0045/img1_1.png,assets/targets/0045/img1_2.png,assets/targets/0045/img2_1.png,assets/targets/0045/img2_2.png,assets/targets/0045/recording1_1.mp4,assets/targets/0045/recording1_2.mp4,assets/targets/0045/recording2_1.mp4,assets/targets/0045/recording2_2.mp4,436.6559051772762,257.95950551802974,False,nocol,2,1,1,blue,660f2fbd807c8d51f0673ec5,assets/targets/0045/base_nocol_2_red.jpg
1,13197,0,0024,assets/targets/0024/img1_1.png,assets/targets/0024/img1_2.png,assets/targets/0024/img2_1.png,assets/targets/0024/img2_2.png,assets/targets/0024/recording1_1.mp4,assets/targets/0024/recording1_2.mp4,assets/targets/0024/recording2_1.mp4,assets/targets/0024/recording2_2.mp4,392.50547349657757,36.17405762242421,False,2,2,1,1,blue,660f2fbd807c8d51f0673ec5,assets/targets/0024/base_2_2_red.jpg
2,14817,0,0052,assets/targets/0052/img1_1.png,assets/targets/0052/img1_2.png,assets/targets/0052/img2_1.png,assets/targets/0052/img2_2.png,assets/targets/0052/recording1_1.mp4,assets/targets/0052/recording1_2.mp4,assets/targets/0052/recording2_1.mp4,assets/targets/0052/recording2_2.mp4,570.2567171334038,231.9134273051645,False,2,2,1,1,blue,660f2fbd807c8d51f0673ec5,assets/targets/0052/base_2_2_red.jpg
3,9312,0,0091,assets/targets/0091/img1_1.png,assets/targets/0091/img1_2.png,assets/targets/0091/img2_1.png,assets/targets/0091/img2_2.png,assets/targets/0091/recording1_1.mp4,assets/targets/0091/recording1_2.mp4,assets/targets/0091/recording2_1.mp4,assets/targets/0091/recording2_2.mp4,360.26329222466995,232.43135081432789,False,nocol,2,2,1,blue,660f2fbd807c8d51f0673ec5,assets/targets/0091/base_nocol_1_red.jpg
4,7353,0,0069,assets/targets/0069/img1_1.png,assets/targets/0069/img1_2.png,assets/targets/0069/img2_1.png,assets/targets/0069/img2_2.png,assets/targets/0069/recording1_1.mp4,assets/targets/0069/recording1_2.mp4,assets/targets/0069/recording2_1.mp4,assets/targets/0069/recording2_2.mp4,45.99293272938177,282.53465008228795,False,2,1,1,1,blue,660f2fbd807c8d51f0673ec5,assets/targets/0069/base_2_2_red.jpg
5,12312,100,0042,assets/targets/0042/img1_1.png,assets/targets/0042/img1_2.png,assets/targets/0042/img2_1.png,assets/targets/0042/img2_2.png,assets/targets/0042/recording1_1.mp4,assets/targets/0042/recording1_2.mp4,assets/targets/0042/recording2_1.mp4,assets/targets/0042/recording2_2.mp4,302.7180979554031,305.896846954325,False,2,1,2,1,blue,660f2fbd807c8d51f0673ec5,assets/targets/0042/base_2_1_red.jpg
6,16223,100,0064,assets/targets/0064/img1_1.png,assets/targets/0064/img1_2.png,assets/targets/0064/img2_1.png,assets/targets/0064/img2_2.png,assets/targets/0064/recording1_1.mp4,assets/targets/0064/recording1_2.mp4,assets/targets/0064/recording2_1.mp4,assets/targets/0064/recording2_2.mp4,572.435126403118,233.99006146723664,False,1,1,1,1,blue,660f2fbd807c8d51f0673ec5,assets/targets/0064/base_1_2_red.jpg
7,10344,0,0072,assets/targets/0072/img1_1.png,assets/targets/0072/img1_2.png,assets/targets/0072/img2_1.png,assets/targets/0072/img2_2.png,assets/targets/0072/recording1_1.mp4,assets/targets/0072/recording1_2.mp4,assets/targets/0072/recording2_1.mp4,assets/targets/0072/recording2_2.mp4,263.49876924364594,480.2927000755407,False,nocol,1,2,1,blue,660f2fbd807c8d51f0673ec5,assets/targets/0072/base_nocol_1_red.jpg
8,10610,91,0025,assets/targets/0025/img1_1.png,assets/targets/0025/img1_2.png,assets/targets/0025/img2_1.png,assets/targets/0025/img2_2.png,assets/targets/0025/recording1_1.mp4,assets/targets/0025/recording1_2.mp4,assets/targets/0025/recording2_1.mp4,assets/targets/0025/recording2_2.mp4,275.75178627094397,548.0849702817209,False,2,2,2,1,blue,660f2fbd807c8d51f0673ec5,assets/targets/0025/base_2_1_red.jpg
0,34881,0,0091,assets/targets/0091/img1_1.png,assets/targets/0091/img1_2.png,assets/targets/0091/img2_1.png,assets/targets/0091/img2_2.png,assets/targets/0091/recording1_1.mp4,assets/targets/0091/recording1_2.mp4,assets/targets/0091/recording2_1.mp4,assets/targets/0091/recording2_2.mp4,360.26329222466995,232.43135081432789,False,2,2,1,1,blue,611e9927369094f6ffdafd55,assets/targets/0091/base_2_2_red.jpg
1,7420,0,0064,assets/targets/0064/img1_1.png,assets/targets/0064/img1_2.png,assets/targets/0064/img2_1.png,assets/targets/0064/img2_2.png,assets/targets/0064/recording1_1.mp4,assets/targets/0064/recording1_2.mp4,assets/targets/0064/recording2_1.mp4,assets/targets/0064/recording2_2.mp4,572.435126403118,233.99006146723664,False,nocol,1,2,1,blue,611e9927369094f6ffdafd55,assets/targets/0064/base_nocol_1_red.jpg
2,7836,100,0024,assets/targets/0024/img1_1.png,assets/targets/0024/img1_2.png,assets/targets/0024/img2_1.png,assets/targets/0024/img2_2.png,assets/targets/0024/recording1_1.mp4,assets/targets/0024/recording1_2.mp4,assets/targets/0024/recording2_1.mp4,assets/targets/0024/recording2_2.mp4,392.50547349657757,36.17405762242421,False,1,2,1,1,blue,611e9927369094f6ffdafd55,assets/targets/0024/base_1_2_red.jpg
3,6842,100,0025,assets/targets/0025/img1_1.png,assets/targets/0025/img1_2.png,assets/targets/0025/img2_1.png,assets/targets/0025/img2_2.png,assets/targets/0025/recording1_1.mp4,assets/targets/0025/recording1_2.mp4,assets/targets/0025/recording2_1.mp4,assets/targets/0025/recording2_2.mp4,275.75178627094397,548.0849702817209,False,1,1,1,1,blue,611e9927369094f6ffdafd55,assets/targets/0025/base_1_2_red.jpg
4,4352,100,0052,assets/targets/0052/img1_1.png,assets/targets/0052/img1_2.png,assets/targets/0052/img2_1.png,assets/targets/0052/img2_2.png,assets/targets/0052/recording1_1.mp4,assets/targets/0052/recording1_2.mp4,assets/targets/0052/recording2_1.mp4,assets/targets/0052/recording2_2.mp4,570.2567171334038,231.9134273051645,False,1,1,1,1,blue,611e9927369094f6ffdafd55,assets/targets/0052/base_1_2_red.jpg
5,4681,0,0072,assets/targets/0072/img1_1.png,assets/targets/0072/img1_2.png,assets/targets/0072/img2_1.png,assets/targets/0072/img2_2.png,assets/targets/0072/recording1_1.mp4,assets/targets/0072/recording1_2.mp4,assets/targets/0072/recording2_1.mp4,assets/targets/0072/recording2_2.mp4,263.49876924364594,480.2927000755407,False,nocol,1,1,1,blue,611e9927369094f6ffdafd55,assets/targets/0072/base_nocol_2_red.jpg
6,4668,0,0069,assets/targets/0069/img1_1.png,assets/targets/0069/img1_2.png,assets/targets/0069/img2_1.png,assets/targets/0069/img2_2.png,assets/targets/0069/recording1_1.mp4,assets/targets/0069/recording1_2.mp4,assets/targets/0069/recording2_1.mp4,assets/targets/0069/recording2_2.mp4,45.99293272938177,282.53465008228795,False,nocol,1,2,1,blue,611e9927369094f6ffdafd55,assets/targets/0069/base_nocol_1_red.jpg
7,5269,0,0045,assets/targets/0045/img1_1.png,assets/targets/0045/img1_2.png,assets/targets/0045/img2_1.png,assets/targets/0045/img2_2.png,assets/targets/0045/recording1_1.mp4,assets/targets/0045/recording1_2.mp4,assets/targets/0045/recording2_1.mp4,assets/targets/0045/recording2_2.mp4,436.6559051772762,257.95950551802974,False,1,1,2,1,blue,611e9927369094f6ffdafd55,assets/targets/0045/base_1_1_red.jpg
8,7033,83,0042,assets/targets/0042/img1_1.png,assets/targets/0042/img1_2.png,assets/targets/0042/img2_1.png,assets/targets/0042/img2_2.png,assets/targets/0042/recording1_1.mp4,assets/targets/0042/recording1_2.mp4,assets/targets/0042/recording2_1.mp4,assets/targets/0042/recording2_2.mp4,302.7180979554031,305.896846954325,False,1,2,1,1,blue,611e9927369094f6ffdafd55,assets/targets/0042/base_1_2_red.jpg
0,14662,0,0045,assets/targets/0045/img1_1.png,assets/targets/0045/img1_2.png,assets/targets/0045/img2_1.png,assets/targets/0045/img2_2.png,assets/targets/0045/recording1_1.mp4,assets/targets/0045/recording1_2.mp4,assets/targets/0045/recording2_1.mp4,assets/targets/0045/recording2_2.mp4,436.6559051772762,257.95950551802974,False,nocol,1,2,0,brown,664a6d9b36891a975d89d667,assets/targets/0045/base_nocol_2_red.jpg
1,7030,0,0052,assets/targets/0052/img1_1.png,assets/targets/0052/img1_2.png,assets/targets/0052/img2_1.png,assets/targets/0052/img2_2.png,assets/targets/0052/recording1_1.mp4,assets/targets/0052/recording1_2.mp4,assets/targets/0052/recording2_1.mp4,assets/targets/0052/recording2_2.mp4,570.2567171334038,231.9134273051645,False,1,1,2,0,brown,664a6d9b36891a975d89d667,assets/targets/0052/base_1_2_red.jpg
2,8814,35,0064,assets/targets/0064/img1_1.png,assets/targets/0064/img1_2.png,assets/targets/0064/img2_1.png,assets/targets/0064/img2_2.png,assets/targets/0064/recording1_1.mp4,assets/targets/0064/recording1_2.mp4,assets/targets/0064/recording2_1.mp4,assets/targets/0064/recording2_2.mp4,572.435126403118,233.99006146723664,False,1,1,2,0,brown,664a6d9b36891a975d89d667,assets/targets/0064/base_1_2_red.jpg
3,7714,23,0024,assets/targets/0024/img1_1.png,assets/targets/0024/img1_2.png,assets/targets/0024/img2_1.png,assets/targets/0024/img2_2.png,assets/targets/0024/recording1_1.mp4,assets/targets/0024/recording1_2.mp4,assets/targets/0024/recording2_1.mp4,assets/targets/0024/recording2_2.mp4,392.50547349657757,36.17405762242421,False,1,1,1,0,brown,664a6d9b36891a975d89d667,assets/targets/0024/base_1_1_red.jpg
4,7546,42,0025,assets/targets/0025/img1_1.png,assets/targets/0025/img1_2.png,assets/targets/0025/img2_1.png,assets/targets/0025/img2_2.png,assets/targets/0025/recording1_1.mp4,assets/targets/0025/recording1_2.mp4,assets/targets/0025/recording2_1.mp4,assets/targets/0025/recording2_2.mp4,275.75178627094397,548.0849702817209,False,1,2,2,0,brown,664a6d9b36891a975d89d667,assets/targets/0025/base_1_2_red.jpg
5,4313,0,0091,assets/targets/0091/img1_1.png,assets/targets/0091/img1_2.png,assets/targets/0091/img2_1.png,assets/targets/0091/img2_2.png,assets/targets/0091/recording1_1.mp4,assets/targets/0091/recording1_2.mp4,assets/targets/0091/recording2_1.mp4,assets/targets/0091/recording2_2.mp4,360.26329222466995,232.43135081432789,False,nocol,1,1,0,brown,664a6d9b36891a975d89d667,assets/targets/0091/base_nocol_1_red.jpg
6,4330,0,0072,assets/targets/0072/img1_1.png,assets/targets/0072/img1_2.png,assets/targets/0072/img2_1.png,assets/targets/0072/img2_2.png,assets/targets/0072/recording1_1.mp4,assets/targets/0072/recording1_2.mp4,assets/targets/0072/recording2_1.mp4,assets/targets/0072/recording2_2.mp4,263.49876924364594,480.2927000755407,False,nocol,1,1,0,brown,664a6d9b36891a975d89d667,assets/targets/0072/base_nocol_1_red.jpg
7,6163,63,0069,assets/targets/0069/img1_1.png,assets/targets/0069/img1_2.png,assets/targets/0069/img2_1.png,assets/targets/0069/img2_2.png,assets/targets/0069/recording1_1.mp4,assets/targets/0069/recording1_2.mp4,assets/targets/0069/recording2_1.mp4,assets/targets/0069/recording2_2.mp4,45.99293272938177,282.53465008228795,False,2,1,1,0,brown,664a6d9b36891a975d89d667,assets/targets/0069/base_2_1_red.jpg
8,5780,59,0042,assets/targets/0042/img1_1.png,assets/targets/0042/img1_2.png,assets/targets/0042/img2_1.png,assets/targets/0042/img2_2.png,assets/targets/0042/recording1_1.mp4,assets/targets/0042/recording1_2.mp4,assets/targets/0042/recording2_1.mp4,assets/targets/0042/recording2_2.mp4,302.7180979554031,305.896846954325,False,2,2,1,0,brown,664a6d9b36891a975d89d667,assets/targets/0042/base_2_1_red.jpg
0,26008,7,0052,assets/targets/0052/img1_1.png,assets/targets/0052/img1_2.png,assets/targets/0052/img2_1.png,assets/targets/0052/img2_2.png,assets/targets/0052/recording1_1.mp4,assets/targets/0052/recording1_2.mp4,assets/targets/0052/recording2_1.mp4,assets/targets/0052/recording2_2.mp4,570.2567171334038,231.9134273051645,False,1,2,2,0,brown,60332f21a5c8a33bd1239b0e,assets/targets/0052/base_1_2_red.jpg
1,12768,96,0091,assets/targets/0091/img1_1.png,assets/targets/0091/img1_2.png,assets/targets/0091/img2_1.png,assets/targets/0091/img2_2.png,assets/targets/0091/recording1_1.mp4,assets/targets/0091/recording1_2.mp4,assets/targets/0091/recording2_1.mp4,assets/targets/0091/recording2_2.mp4,360.26329222466995,232.43135081432789,False,1,1,1,0,brown,60332f21a5c8a33bd1239b0e,assets/targets/0091/base_1_1_red.jpg
2,9254,2,0072,assets/targets/0072/img1_1.png,assets/targets/0072/img1_2.png,assets/targets/0072/img2_1.png,assets/targets/0072/img2_2.png,assets/targets/0072/recording1_1.mp4,assets/targets/0072/recording1_2.mp4,assets/targets/0072/recording2_1.mp4,assets/targets/0072/recording2_2.mp4,263.49876924364594,480.2927000755407,False,2,2,1,0,brown,60332f21a5c8a33bd1239b0e,assets/targets/0072/base_2_1_red.jpg
3,8196,0,0025,assets/targets/0025/img1_1.png,assets/targets/0025/img1_2.png,assets/targets/0025/img2_1.png,assets/targets/0025/img2_2.png,assets/targets/0025/recording1_1.mp4,assets/targets/0025/recording1_2.mp4,assets/targets/0025/recording2_1.mp4,assets/targets/0025/recording2_2.mp4,275.75178627094397,548.0849702817209,False,nocol,2,2,0,brown,60332f21a5c8a33bd1239b0e,assets/targets/0025/base_nocol_2_red.jpg
4,8997,0,0064,assets/targets/0064/img1_1.png,assets/targets/0064/img1_2.png,assets/targets/0064/img2_1.png,assets/targets/0064/img2_2.png,assets/targets/0064/recording1_1.mp4,assets/targets/0064/recording1_2.mp4,assets/targets/0064/recording2_1.mp4,assets/targets/0064/recording2_2.mp4,572.435126403118,233.99006146723664,False,nocol,2,2,0,brown,60332f21a5c8a33bd1239b0e,assets/targets/0064/base_nocol_2_red.jpg
5,8033,91,0042,assets/targets/0042/img1_1.png,assets/targets/0042/img1_2.png,assets/targets/0042/img2_1.png,assets/targets/0042/img2_2.png,assets/targets/0042/recording1_1.mp4,assets/targets/0042/recording1_2.mp4,assets/targets/0042/recording2_1.mp4,assets/targets/0042/recording2_2.mp4,302.7180979554031,305.896846954325,False,1,1,1,0,brown,60332f21a5c8a33bd1239b0e,assets/targets/0042/base_1_1_red.jpg
6,22314,89,0045,assets/targets/0045/img1_1.png,assets/targets/0045/img1_2.png,assets/targets/0045/img2_1.png,assets/targets/0045/img2_2.png,assets/targets/0045/recording1_1.mp4,assets/targets/0045/recording1_2.mp4,assets/targets/0045/recording2_1.mp4,assets/targets/0045/recording2_2.mp4,436.6559051772762,257.95950551802974,False,1,2,1,0,brown,60332f21a5c8a33bd1239b0e,assets/targets/0045/base_1_1_red.jpg
7,6420,0,0069,assets/targets/0069/img1_1.png,assets/targets/0069/img1_2.png,assets/targets/0069/img2_1.png,assets/targets/0069/img2_2.png,assets/targets/0069/recording1_1.mp4,assets/targets/0069/recording1_2.mp4,assets/targets/0069/recording2_1.mp4,assets/targets/0069/recording2_2.mp4,45.99293272938177,282.53465008228795,False,nocol,2,2,0,brown,60332f21a5c8a33bd1239b0e,assets/targets/0069/base_nocol_2_red.jpg
8,6879,0,0024,assets/targets/0024/img1_1.png,assets/targets/0024/img1_2.png,assets/targets/0024/img2_1.png,assets/targets/0024/img2_2.png,assets/targets/0024/recording1_1.mp4,assets/targets/0024/recording1_2.mp4,assets/targets/0024/recording2_1.mp4,assets/targets/0024/recording2_2.mp4,392.50547349657757,36.17405762242421,False,nocol,2,1,0,brown,60332f21a5c8a33bd1239b0e,assets/targets/0024/base_nocol_1_red.jpg
0,26060,6,0025,assets/targets/0025/img1_1.png,assets/targets/0025/img1_2.png,assets/targets/0025/img2_1.png,assets/targets/0025/img2_2.png,assets/targets/0025/recording1_1.mp4,assets/targets/0025/recording1_2.mp4,assets/targets/0025/recording2_1.mp4,assets/targets/0025/recording2_2.mp4,275.75178627094397,548.0849702817209,False,nocol,2,2,0,brown,55acf681fdf99b3d5b2ab68c,assets/targets/0025/base_nocol_2_red.jpg
1,11232,96,0072,assets/targets/0072/img1_1.png,assets/targets/0072/img1_2.png,assets/targets/0072/img2_1.png,assets/targets/0072/img2_2.png,assets/targets/0072/recording1_1.mp4,assets/targets/0072/recording1_2.mp4,assets/targets/0072/recording2_1.mp4,assets/targets/0072/recording2_2.mp4,263.49876924364594,480.2927000755407,False,1,2,1,0,brown,55acf681fdf99b3d5b2ab68c,assets/targets/0072/base_1_1_red.jpg
2,5040,93,0069,assets/targets/0069/img1_1.png,assets/targets/0069/img1_2.png,assets/targets/0069/img2_1.png,assets/targets/0069/img2_2.png,assets/targets/0069/recording1_1.mp4,assets/targets/0069/recording1_2.mp4,assets/targets/0069/recording2_1.mp4,assets/targets/0069/recording2_2.mp4,45.99293272938177,282.53465008228795,False,1,2,2,0,brown,55acf681fdf99b3d5b2ab68c,assets/targets/0069/base_1_2_red.jpg
3,6457,34,0091,assets/targets/0091/img1_1.png,assets/targets/0091/img1_2.png,assets/targets/0091/img2_1.png,assets/targets/0091/img2_2.png,assets/targets/0091/recording1_1.mp4,assets/targets/0091/recording1_2.mp4,assets/targets/0091/recording2_1.mp4,assets/targets/0091/recording2_2.mp4,360.26329222466995,232.43135081432789,False,nocol,1,2,0,brown,55acf681fdf99b3d5b2ab68c,assets/targets/0091/base_nocol_2_red.jpg
4,10331,62,0045,assets/targets/0045/img1_1.png,assets/targets/0045/img1_2.png,assets/targets/0045/img2_1.png,assets/targets/0045/img2_2.png,assets/targets/0045/recording1_1.mp4,assets/targets/0045/recording1_2.mp4,assets/targets/0045/recording2_1.mp4,assets/targets/0045/recording2_2.mp4,436.6559051772762,257.95950551802974,False,2,2,2,0,brown,55acf681fdf99b3d5b2ab68c,assets/targets/0045/base_2_2_red.jpg
5,7484,100,0052,assets/targets/0052/img1_1.png,assets/targets/0052/img1_2.png,assets/targets/0052/img2_1.png,assets/targets/0052/img2_2.png,assets/targets/0052/recording1_1.mp4,assets/targets/0052/recording1_2.mp4,assets/targets/0052/recording2_1.mp4,assets/targets/0052/recording2_2.mp4,570.2567171334038,231.9134273051645,False,2,2,2,0,brown,55acf681fdf99b3d5b2ab68c,assets/targets/0052/base_2_2_red.jpg
6,4802,31,0064,assets/targets/0064/img1_1.png,assets/targets/0064/img1_2.png,assets/targets/0064/img2_1.png,assets/targets/0064/img2_2.png,assets/targets/0064/recording1_1.mp4,assets/targets/0064/recording1_2.mp4,assets/targets/0064/recording2_1.mp4,assets/targets/0064/recording2_2.mp4,572.435126403118,233.99006146723664,False,1,2,2,0,brown,55acf681fdf99b3d5b2ab68c,assets/targets/0064/base_1_2_red.jpg
7,6581,37,0042,assets/targets/0042/img1_1.png,assets/targets/0042/img1_2.png,assets/targets/0042/img2_1.png,assets/targets/0042/img2_2.png,assets/targets/0042/recording1_1.mp4,assets/targets/0042/recording1_2.mp4,assets/targets/0042/recording2_1.mp4,assets/targets/0042/recording2_2.mp4,302.7180979554031,305.896846954325,False,2,2,2,0,brown,55acf681fdf99b3d5b2ab68c,assets/targets/0042/base_2_2_red.jpg
8,5443,0,0024,assets/targets/0024/img1_1.png,assets/targets/0024/img1_2.png,assets/targets/0024/img2_1.png,assets/targets/0024/img2_2.png,assets/targets/0024/recording1_1.mp4,assets/targets/0024/recording1_2.mp4,assets/targets/0024/recording2_1.mp4,assets/targets/0024/recording2_2.mp4,392.50547349657757,36.17405762242421,False,nocol,1,1,0,brown,55acf681fdf99b3d5b2ab68c,assets/targets/0024/base_nocol_1_red.jpg
0,50750,0,0052,assets/targets/0052/img1_1.png,assets/targets/0052/img1_2.png,assets/targets/0052/img2_1.png,assets/targets/0052/img2_2.png,assets/targets/0052/recording1_1.mp4,assets/targets/0052/recording1_2.mp4,assets/targets/0052/recording2_1.mp4,assets/targets/0052/recording2_2.mp4,570.2567171334038,231.9134273051645,False,1,1,2,0,brown,614f571879ee135c5a579e08,assets/targets/0052/base_1_2_red.jpg
1,19362,0,0064,assets/targets/0064/img1_1.png,assets/targets/0064/img1_2.png,assets/targets/0064/img2_1.png,assets/targets/0064/img2_2.png,assets/targets/0064/recording1_1.mp4,assets/targets/0064/recording1_2.mp4,assets/targets/0064/recording2_1.mp4,assets/targets/0064/recording2_2.mp4,572.435126403118,233.99006146723664,False,2,1,1,0,brown,614f571879ee135c5a579e08,assets/targets/0064/base_2_1_red.jpg
2,25605,0,0025,assets/targets/0025/img1_1.png,assets/targets/0025/img1_2.png,assets/targets/0025/img2_1.png,assets/targets/0025/img2_2.png,assets/targets/0025/recording1_1.mp4,assets/targets/0025/recording1_2.mp4,assets/targets/0025/recording2_1.mp4,assets/targets/0025/recording2_2.mp4,275.75178627094397,548.0849702817209,False,nocol,2,1,0,brown,614f571879ee135c5a579e08,assets/targets/0025/base_nocol_1_red.jpg
3,11786,73,0045,assets/targets/0045/img1_1.png,assets/targets/0045/img1_2.png,assets/targets/0045/img2_1.png,assets/targets/0045/img2_2.png,assets/targets/0045/recording1_1.mp4,assets/targets/0045/recording1_2.mp4,assets/targets/0045/recording2_1.mp4,assets/targets/0045/recording2_2.mp4,436.6559051772762,257.95950551802974,False,1,1,1,0,brown,614f571879ee135c5a579e08,assets/targets/0045/base_1_1_red.jpg
4,11982,0,0072,assets/targets/0072/img1_1.png,assets/targets/0072/img1_2.png,assets/targets/0072/img2_1.png,assets/targets/0072/img2_2.png,assets/targets/0072/recording1_1.mp4,assets/targets/0072/recording1_2.mp4,assets/targets/0072/recording2_1.mp4,assets/targets/0072/recording2_2.mp4,263.49876924364594,480.2927000755407,False,2,2,1,0,brown,614f571879ee135c5a579e08,assets/targets/0072/base_2_1_red.jpg
5,13007,100,0024,assets/targets/0024/img1_1.png,assets/targets/0024/img1_2.png,assets/targets/0024/img2_1.png,assets/targets/0024/img2_2.png,assets/targets/0024/recording1_1.mp4,assets/targets/0024/recording1_2.mp4,assets/targets/0024/recording2_1.mp4,assets/targets/0024/recording2_2.mp4,392.50547349657757,36.17405762242421,False,1,1,1,0,brown,614f571879ee135c5a579e08,assets/targets/0024/base_1_1_red.jpg
6,12599,0,0091,assets/targets/0091/img1_1.png,assets/targets/0091/img1_2.png,assets/targets/0091/img2_1.png,assets/targets/0091/img2_2.png,assets/targets/0091/recording1_1.mp4,assets/targets/0091/recording1_2.mp4,assets/targets/0091/recording2_1.mp4,assets/targets/0091/recording2_2.mp4,360.26329222466995,232.43135081432789,False,1,2,2,0,brown,614f571879ee135c5a579e08,assets/targets/0091/base_1_2_red.jpg
7,18477,0,0069,assets/targets/0069/img1_1.png,assets/targets/0069/img1_2.png,assets/targets/0069/img2_1.png,assets/targets/0069/img2_2.png,assets/targets/0069/recording1_1.mp4,assets/targets/0069/recording1_2.mp4,assets/targets/0069/recording2_1.mp4,assets/targets/0069/recording2_2.mp4,45.99293272938177,282.53465008228795,False,nocol,1,1,0,brown,614f571879ee135c5a579e08,assets/targets/0069/base_nocol_1_red.jpg
8,15485,96,0042,assets/targets/0042/img1_1.png,assets/targets/0042/img1_2.png,assets/targets/0042/img2_1.png,assets/targets/0042/img2_2.png,assets/targets/0042/recording1_1.mp4,assets/targets/0042/recording1_2.mp4,assets/targets/0042/recording2_1.mp4,assets/targets/0042/recording2_2.mp4,302.7180979554031,305.896846954325,False,1,1,1,0,brown,614f571879ee135c5a579e08,assets/targets/0042/base_1_1_red.jpg
0,31848,0,0025,assets/targets/0025/img1_1.png,assets/targets/0025/img1_2.png,assets/targets/0025/img2_1.png,assets/targets/0025/img2_2.png,assets/targets/0025/recording1_1.mp4,assets/targets/0025/recording1_2.mp4,assets/targets/0025/recording2_1.mp4,assets/targets/0025/recording2_2.mp4,275.75178627094397,548.0849702817209,False,nocol,1,1,0,brown,5f4d292411a04099314901e7,assets/targets/0025/base_nocol_1_red.jpg
1,20250,91,0042,assets/targets/0042/img1_1.png,assets/targets/0042/img1_2.png,assets/targets/0042/img2_1.png,assets/targets/0042/img2_2.png,assets/targets/0042/recording1_1.mp4,assets/targets/0042/recording1_2.mp4,assets/targets/0042/recording2_1.mp4,assets/targets/0042/recording2_2.mp4,302.7180979554031,305.896846954325,False,1,1,1,0,brown,5f4d292411a04099314901e7,assets/targets/0042/base_1_1_red.jpg
2,12626,0,0024,assets/targets/0024/img1_1.png,assets/targets/0024/img1_2.png,assets/targets/0024/img2_1.png,assets/targets/0024/img2_2.png,assets/targets/0024/recording1_1.mp4,assets/targets/0024/recording1_2.mp4,assets/targets/0024/recording2_1.mp4,assets/targets/0024/recording2_2.mp4,392.50547349657757,36.17405762242421,False,nocol,2,2,0,brown,5f4d292411a04099314901e7,assets/targets/0024/base_nocol_2_red.jpg
3,16556,0,0052,assets/targets/0052/img1_1.png,assets/targets/0052/img1_2.png,assets/targets/0052/img2_1.png,assets/targets/0052/img2_2.png,assets/targets/0052/recording1_1.mp4,assets/targets/0052/recording1_2.mp4,assets/targets/0052/recording2_1.mp4,assets/targets/0052/recording2_2.mp4,570.2567171334038,231.9134273051645,False,2,1,1,0,brown,5f4d292411a04099314901e7,assets/targets/0052/base_2_1_red.jpg
4,13639,0,0069,assets/targets/0069/img1_1.png,assets/targets/0069/img1_2.png,assets/targets/0069/img2_1.png,assets/targets/0069/img2_2.png,assets/targets/0069/recording1_1.mp4,assets/targets/0069/recording1_2.mp4,assets/targets/0069/recording2_1.mp4,assets/targets/0069/recording2_2.mp4,45.99293272938177,282.53465008228795,False,nocol,1,1,0,brown,5f4d292411a04099314901e7,assets/targets/0069/base_nocol_1_red.jpg
5,15678,64,0045,assets/targets/0045/img1_1.png,assets/targets/0045/img1_2.png,assets/targets/0045/img2_1.png,assets/targets/0045/img2_2.png,assets/targets/0045/recording1_1.mp4,assets/targets/0045/recording1_2.mp4,assets/targets/0045/recording2_1.mp4,assets/targets/0045/recording2_2.mp4,436.6559051772762,257.95950551802974,False,2,2,2,0,brown,5f4d292411a04099314901e7,assets/targets/0045/base_2_2_red.jpg
6,9260,100,0072,assets/targets/0072/img1_1.png,assets/targets/0072/img1_2.png,assets/targets/0072/img2_1.png,assets/targets/0072/img2_2.png,assets/targets/0072/recording1_1.mp4,assets/targets/0072/recording1_2.mp4,assets/targets/0072/recording2_1.mp4,assets/targets/0072/recording2_2.mp4,263.49876924364594,480.2927000755407,False,1,2,1,0,brown,5f4d292411a04099314901e7,assets/targets/0072/base_1_1_red.jpg
7,5835,0,0064,assets/targets/0064/img1_1.png,assets/targets/0064/img1_2.png,assets/targets/0064/img2_1.png,assets/targets/0064/img2_2.png,assets/targets/0064/recording1_1.mp4,assets/targets/0064/recording1_2.mp4,assets/targets/0064/recording2_1.mp4,assets/targets/0064/recording2_2.mp4,572.435126403118,233.99006146723664,False,2,2,1,0,brown,5f4d292411a04099314901e7,assets/targets/0064/base_2_1_red.jpg
8,12156,80,0091,assets/targets/0091/img1_1.png,assets/targets/0091/img1_2.png,assets/targets/0091/img2_1.png,assets/targets/0091/img2_2.png,assets/targets/0091/recording1_1.mp4,assets/targets/0091/recording1_2.mp4,assets/targets/0091/recording2_1.mp4,assets/targets/0091/recording2_2.mp4,360.26329222466995,232.43135081432789,False,2,1,2,0,brown,5f4d292411a04099314901e7,assets/targets/0091/base_2_2_red.jpg
0,31088,2,0069,assets/targets/0069/img1_1.png,assets/targets/0069/img1_2.png,assets/targets/0069/img2_1.png,assets/targets/0069/img2_2.png,assets/targets/0069/recording1_1.mp4,assets/targets/0069/recording1_2.mp4,assets/targets/0069/recording2_1.mp4,assets/targets/0069/recording2_2.mp4,45.99293272938177,282.53465008228795,False,1,2,2,0,brown,610008383c0a128712403745,assets/targets/0069/base_1_2_red.jpg
1,18856,2,0045,assets/targets/0045/img1_1.png,assets/targets/0045/img1_2.png,assets/targets/0045/img2_1.png,assets/targets/0045/img2_2.png,assets/targets/0045/recording1_1.mp4,assets/targets/0045/recording1_2.mp4,assets/targets/0045/recording2_1.mp4,assets/targets/0045/recording2_2.mp4,436.6559051772762,257.95950551802974,False,2,2,1,0,brown,610008383c0a128712403745,assets/targets/0045/base_2_1_red.jpg
2,12851,27,0052,assets/targets/0052/img1_1.png,assets/targets/0052/img1_2.png,assets/targets/0052/img2_1.png,assets/targets/0052/img2_2.png,assets/targets/0052/recording1_1.mp4,assets/targets/0052/recording1_2.mp4,assets/targets/0052/recording2_1.mp4,assets/targets/0052/recording2_2.mp4,570.2567171334038,231.9134273051645,False,nocol,1,2,0,brown,610008383c0a128712403745,assets/targets/0052/base_nocol_2_red.jpg
3,72741,75,0091,assets/targets/0091/img1_1.png,assets/targets/0091/img1_2.png,assets/targets/0091/img2_1.png,assets/targets/0091/img2_2.png,assets/targets/0091/recording1_1.mp4,assets/targets/0091/recording1_2.mp4,assets/targets/0091/recording2_1.mp4,assets/targets/0091/recording2_2.mp4,360.26329222466995,232.43135081432789,False,2,2,2,0,brown,610008383c0a128712403745,assets/targets/0091/base_2_2_red.jpg
4,10276,2,0042,assets/targets/0042/img1_1.png,assets/targets/0042/img1_2.png,assets/targets/0042/img2_1.png,assets/targets/0042/img2_2.png,assets/targets/0042/recording1_1.mp4,assets/targets/0042/recording1_2.mp4,assets/targets/0042/recording2_1.mp4,assets/targets/0042/recording2_2.mp4,302.7180979554031,305.896846954325,False,nocol,1,2,0,brown,610008383c0a128712403745,assets/targets/0042/base_nocol_2_red.jpg
5,14574,77,0064,assets/targets/0064/img1_1.png,assets/targets/0064/img1_2.png,assets/targets/0064/img2_1.png,assets/targets/0064/img2_2.png,assets/targets/0064/recording1_1.mp4,assets/targets/0064/recording1_2.mp4,assets/targets/0064/recording2_1.mp4,assets/targets/0064/recording2_2.mp4,572.435126403118,233.99006146723664,False,2,1,2,0,brown,610008383c0a128712403745,assets/targets/0064/base_2_2_red.jpg
6,11590,1,0025,assets/targets/0025/img1_1.png,assets/targets/0025/img1_2.png,assets/targets/0025/img2_1.png,assets/targets/0025/img2_2.png,assets/targets/0025/recording1_1.mp4,assets/targets/0025/recording1_2.mp4,assets/targets/0025/recording2_1.mp4,assets/targets/0025/recording2_2.mp4,275.75178627094397,548.0849702817209,False,1,1,2,0,brown,610008383c0a128712403745,assets/targets/0025/base_1_2_red.jpg
7,8845,0,0072,assets/targets/0072/img1_1.png,assets/targets/0072/img1_2.png,assets/targets/0072/img2_1.png,assets/targets/0072/img2_2.png,assets/targets/0072/recording1_1.mp4,assets/targets/0072/recording1_2.mp4,assets/targets/0072/recording2_1.mp4,assets/targets/0072/recording2_2.mp4,263.49876924364594,480.2927000755407,False,1,1,2,0,brown,610008383c0a128712403745,assets/targets/0072/base_1_2_red.jpg
8,16459,98,0024,assets/targets/0024/img1_1.png,assets/targets/0024/img1_2.png,assets/targets/0024/img2_1.png,assets/targets/0024/img2_2.png,assets/targets/0024/recording1_1.mp4,assets/targets/0024/recording1_2.mp4,assets/targets/0024/recording2_1.mp4,assets/targets/0024/recording2_2.mp4,392.50547349657757,36.17405762242421,False,1,1,1,0,brown,610008383c0a128712403745,assets/targets/0024/base_1_1_red.jpg
0,27279,0,0045,assets/targets/0045/img1_1.png,assets/targets/0045/img1_2.png,assets/targets/0045/img2_1.png,assets/targets/0045/img2_2.png,assets/targets/0045/recording1_1.mp4,assets/targets/0045/recording1_2.mp4,assets/targets/0045/recording2_1.mp4,assets/targets/0045/recording2_2.mp4,436.6559051772762,257.95950551802974,False,2,2,1,0,brown,650c3f3a36d72f87324d708f,assets/targets/0045/base_2_1_red.jpg
1,20180,0,0069,assets/targets/0069/img1_1.png,assets/targets/0069/img1_2.png,assets/targets/0069/img2_1.png,assets/targets/0069/img2_2.png,assets/targets/0069/recording1_1.mp4,assets/targets/0069/recording1_2.mp4,assets/targets/0069/recording2_1.mp4,assets/targets/0069/recording2_2.mp4,45.99293272938177,282.53465008228795,False,nocol,2,1,0,brown,650c3f3a36d72f87324d708f,assets/targets/0069/base_nocol_1_red.jpg
2,17850,19,0042,assets/targets/0042/img1_1.png,assets/targets/0042/img1_2.png,assets/targets/0042/img2_1.png,assets/targets/0042/img2_2.png,assets/targets/0042/recording1_1.mp4,assets/targets/0042/recording1_2.mp4,assets/targets/0042/recording2_1.mp4,assets/targets/0042/recording2_2.mp4,302.7180979554031,305.896846954325,False,2,2,1,0,brown,650c3f3a36d72f87324d708f,assets/targets/0042/base_2_1_red.jpg
3,11212,0,0091,assets/targets/0091/img1_1.png,assets/targets/0091/img1_2.png,assets/targets/0091/img2_1.png,assets/targets/0091/img2_2.png,assets/targets/0091/recording1_1.mp4,assets/targets/0091/recording1_2.mp4,assets/targets/0091/recording2_1.mp4,assets/targets/0091/recording2_2.mp4,360.26329222466995,232.43135081432789,False,2,1,1,0,brown,650c3f3a36d72f87324d708f,assets/targets/0091/base_2_1_red.jpg
4,9765,100,0052,assets/targets/0052/img1_1.png,assets/targets/0052/img1_2.png,assets/targets/0052/img2_1.png,assets/targets/0052/img2_2.png,assets/targets/0052/recording1_1.mp4,assets/targets/0052/recording1_2.mp4,assets/targets/0052/recording2_1.mp4,assets/targets/0052/recording2_2.mp4,570.2567171334038,231.9134273051645,False,1,1,1,0,brown,650c3f3a36d72f87324d708f,assets/targets/0052/base_1_1_red.jpg
5,8344,100,0064,assets/targets/0064/img1_1.png,assets/targets/0064/img1_2.png,assets/targets/0064/img2_1.png,assets/targets/0064/img2_2.png,assets/targets/0064/recording1_1.mp4,assets/targets/0064/recording1_2.mp4,assets/targets/0064/recording2_1.mp4,assets/targets/0064/recording2_2.mp4,572.435126403118,233.99006146723664,False,2,2,2,0,brown,650c3f3a36d72f87324d708f,assets/targets/0064/base_2_2_red.jpg
6,7929,0,0072,assets/targets/0072/img1_1.png,assets/targets/0072/img1_2.png,assets/targets/0072/img2_1.png,assets/targets/0072/img2_2.png,assets/targets/0072/recording1_1.mp4,assets/targets/0072/recording1_2.mp4,assets/targets/0072/recording2_1.mp4,assets/targets/0072/recording2_2.mp4,263.49876924364594,480.2927000755407,False,nocol,1,2,0,brown,650c3f3a36d72f87324d708f,assets/targets/0072/base_nocol_2_red.jpg
7,6497,0,0024,assets/targets/0024/img1_1.png,assets/targets/0024/img1_2.png,assets/targets/0024/img2_1.png,assets/targets/0024/img2_2.png,assets/targets/0024/recording1_1.mp4,assets/targets/0024/recording1_2.mp4,assets/targets/0024/recording2_1.mp4,assets/targets/0024/recording2_2.mp4,392.50547349657757,36.17405762242421,False,nocol,1,1,0,brown,650c3f3a36d72f87324d708f,assets/targets/0024/base_nocol_1_red.jpg
8,9351,0,0025,assets/targets/0025/img1_1.png,assets/targets/0025/img1_2.png,assets/targets/0025/img2_1.png,assets/targets/0025/img2_2.png,assets/targets/0025/recording1_1.mp4,assets/targets/0025/recording1_2.mp4,assets/targets/0025/recording2_1.mp4,assets/targets/0025/recording2_2.mp4,275.75178627094397,548.0849702817209,False,nocol,1,1,0,brown,650c3f3a36d72f87324d708f,assets/targets/0025/base_nocol_1_red.jpg
0,25405,0,0072,assets/targets/0072/img1_1.png,assets/targets/0072/img1_2.png,assets/targets/0072/img2_1.png,assets/targets/0072/img2_2.png,assets/targets/0072/recording1_1.mp4,assets/targets/0072/recording1_2.mp4,assets/targets/0072/recording2_1.mp4,assets/targets/0072/recording2_2.mp4,263.49876924364594,480.2927000755407,False,2,2,1,0,brown,5bd47734506cd3000101d181,assets/targets/0072/base_2_1_red.jpg
1,7331,0,0025,assets/targets/0025/img1_1.png,assets/targets/0025/img1_2.png,assets/targets/0025/img2_1.png,assets/targets/0025/img2_2.png,assets/targets/0025/recording1_1.mp4,assets/targets/0025/recording1_2.mp4,assets/targets/0025/recording2_1.mp4,assets/targets/0025/recording2_2.mp4,275.75178627094397,548.0849702817209,False,nocol,1,2,0,brown,5bd47734506cd3000101d181,assets/targets/0025/base_nocol_2_red.jpg
2,9154,0,0064,assets/targets/0064/img1_1.png,assets/targets/0064/img1_2.png,assets/targets/0064/img2_1.png,assets/targets/0064/img2_2.png,assets/targets/0064/recording1_1.mp4,assets/targets/0064/recording1_2.mp4,assets/targets/0064/recording2_1.mp4,assets/targets/0064/recording2_2.mp4,572.435126403118,233.99006146723664,False,nocol,1,2,0,brown,5bd47734506cd3000101d181,assets/targets/0064/base_nocol_2_red.jpg
3,20455,100,0045,assets/targets/0045/img1_1.png,assets/targets/0045/img1_2.png,assets/targets/0045/img2_1.png,assets/targets/0045/img2_2.png,assets/targets/0045/recording1_1.mp4,assets/targets/0045/recording1_2.mp4,assets/targets/0045/recording2_1.mp4,assets/targets/0045/recording2_2.mp4,436.6559051772762,257.95950551802974,False,2,1,2,0,brown,5bd47734506cd3000101d181,assets/targets/0045/base_2_2_red.jpg
4,4281,0,0069,assets/targets/0069/img1_1.png,assets/targets/0069/img1_2.png,assets/targets/0069/img2_1.png,assets/targets/0069/img2_2.png,assets/targets/0069/recording1_1.mp4,assets/targets/0069/recording1_2.mp4,assets/targets/0069/recording2_1.mp4,assets/targets/0069/recording2_2.mp4,45.99293272938177,282.53465008228795,False,2,1,1,0,brown,5bd47734506cd3000101d181,assets/targets/0069/base_2_1_red.jpg
5,6541,0,0052,assets/targets/0052/img1_1.png,assets/targets/0052/img1_2.png,assets/targets/0052/img2_1.png,assets/targets/0052/img2_2.png,assets/targets/0052/recording1_1.mp4,assets/targets/0052/recording1_2.mp4,assets/targets/0052/recording2_1.mp4,assets/targets/0052/recording2_2.mp4,570.2567171334038,231.9134273051645,False,1,1,2,0,brown,5bd47734506cd3000101d181,assets/targets/0052/base_1_2_red.jpg
6,4713,0,0024,assets/targets/0024/img1_1.png,assets/targets/0024/img1_2.png,assets/targets/0024/img2_1.png,assets/targets/0024/img2_2.png,assets/targets/0024/recording1_1.mp4,assets/targets/0024/recording1_2.mp4,assets/targets/0024/recording2_1.mp4,assets/targets/0024/recording2_2.mp4,392.50547349657757,36.17405762242421,False,nocol,2,2,0,brown,5bd47734506cd3000101d181,assets/targets/0024/base_nocol_2_red.jpg
7,4414,0,0091,assets/targets/0091/img1_1.png,assets/targets/0091/img1_2.png,assets/targets/0091/img2_1.png,assets/targets/0091/img2_2.png,assets/targets/0091/recording1_1.mp4,assets/targets/0091/recording1_2.mp4,assets/targets/0091/recording2_1.mp4,assets/targets/0091/recording2_2.mp4,360.26329222466995,232.43135081432789,False,nocol,2,2,0,brown,5bd47734506cd3000101d181,assets/targets/0091/base_nocol_2_red.jpg
8,8721,0,0042,assets/targets/0042/img1_1.png,assets/targets/0042/img1_2.png,assets/targets/0042/img2_1.png,assets/targets/0042/img2_2.png,assets/targets/0042/recording1_1.mp4,assets/targets/0042/recording1_2.mp4,assets/targets/0042/recording2_1.mp4,assets/targets/0042/recording2_2.mp4,302.7180979554031,305.896846954325,False,nocol,2,2,0,brown,5bd47734506cd3000101d181,assets/targets/0042/base_nocol_2_red.jpg
0,13272,43,0052,assets/targets/0052/img1_1.png,assets/targets/0052/img1_2.png,assets/targets/0052/img2_1.png,assets/targets/0052/img2_2.png,assets/targets/0052/recording1_1.mp4,assets/targets/0052/recording1_2.mp4,assets/targets/0052/recording2_1.mp4,assets/targets/0052/recording2_2.mp4,570.2567171334038,231.9134273051645,False,2,2,1,1,blue,5eaa605c7c3cbc1f14421a94,assets/targets/0052/base_2_2_red.jpg
1,34792,75,0045,assets/targets/0045/img1_1.png,assets/targets/0045/img1_2.png,assets/targets/0045/img2_1.png,assets/targets/0045/img2_2.png,assets/targets/0045/recording1_1.mp4,assets/targets/0045/recording1_2.mp4,assets/targets/0045/recording2_1.mp4,assets/targets/0045/recording2_2.mp4,436.6559051772762,257.95950551802974,False,nocol,1,2,1,blue,5eaa605c7c3cbc1f14421a94,assets/targets/0045/base_nocol_1_red.jpg
2,8290,52,0069,assets/targets/0069/img1_1.png,assets/targets/0069/img1_2.png,assets/targets/0069/img2_1.png,assets/targets/0069/img2_2.png,assets/targets/0069/recording1_1.mp4,assets/targets/0069/recording1_2.mp4,assets/targets/0069/recording2_1.mp4,assets/targets/0069/recording2_2.mp4,45.99293272938177,282.53465008228795,False,2,2,1,1,blue,5eaa605c7c3cbc1f14421a94,assets/targets/0069/base_2_2_red.jpg
3,7241,0,0024,assets/targets/0024/img1_1.png,assets/targets/0024/img1_2.png,assets/targets/0024/img2_1.png,assets/targets/0024/img2_2.png,assets/targets/0024/recording1_1.mp4,assets/targets/0024/recording1_2.mp4,assets/targets/0024/recording2_1.mp4,assets/targets/0024/recording2_2.mp4,392.50547349657757,36.17405762242421,False,nocol,1,1,1,blue,5eaa605c7c3cbc1f14421a94,assets/targets/0024/base_nocol_2_red.jpg
4,3291,38,0042,assets/targets/0042/img1_1.png,assets/targets/0042/img1_2.png,assets/targets/0042/img2_1.png,assets/targets/0042/img2_2.png,assets/targets/0042/recording1_1.mp4,assets/targets/0042/recording1_2.mp4,assets/targets/0042/recording2_1.mp4,assets/targets/0042/recording2_2.mp4,302.7180979554031,305.896846954325,False,2,2,2,1,blue,5eaa605c7c3cbc1f14421a94,assets/targets/0042/base_2_1_red.jpg
5,7805,35,0025,assets/targets/0025/img1_1.png,assets/targets/0025/img1_2.png,assets/targets/0025/img2_1.png,assets/targets/0025/img2_2.png,assets/targets/0025/recording1_1.mp4,assets/targets/0025/recording1_2.mp4,assets/targets/0025/recording2_1.mp4,assets/targets/0025/recording2_2.mp4,275.75178627094397,548.0849702817209,False,1,1,2,1,blue,5eaa605c7c3cbc1f14421a94,assets/targets/0025/base_1_1_red.jpg
6,20076,96,0064,assets/targets/0064/img1_1.png,assets/targets/0064/img1_2.png,assets/targets/0064/img2_1.png,assets/targets/0064/img2_2.png,assets/targets/0064/recording1_1.mp4,assets/targets/0064/recording1_2.mp4,assets/targets/0064/recording2_1.mp4,assets/targets/0064/recording2_2.mp4,572.435126403118,233.99006146723664,False,nocol,2,1,1,blue,5eaa605c7c3cbc1f14421a94,assets/targets/0064/base_nocol_2_red.jpg
7,7657,23,0072,assets/targets/0072/img1_1.png,assets/targets/0072/img1_2.png,assets/targets/0072/img2_1.png,assets/targets/0072/img2_2.png,assets/targets/0072/recording1_1.mp4,assets/targets/0072/recording1_2.mp4,assets/targets/0072/recording2_1.mp4,assets/targets/0072/recording2_2.mp4,263.49876924364594,480.2927000755407,False,1,2,2,1,blue,5eaa605c7c3cbc1f14421a94,assets/targets/0072/base_1_1_red.jpg
8,7089,32,0091,assets/targets/0091/img1_1.png,assets/targets/0091/img1_2.png,assets/targets/0091/img2_1.png,assets/targets/0091/img2_2.png,assets/targets/0091/recording1_1.mp4,assets/targets/0091/recording1_2.mp4,assets/targets/0091/recording2_1.mp4,assets/targets/0091/recording2_2.mp4,360.26329222466995,232.43135081432789,False,nocol,2,2,1,blue,5eaa605c7c3cbc1f14421a94,assets/targets/0091/base_nocol_1_red.jpg
0,11280,74,0045,assets/targets/0045/img1_1.png,assets/targets/0045/img1_2.png,assets/targets/0045/img2_1.png,assets/targets/0045/img2_2.png,assets/targets/0045/recording1_1.mp4,assets/targets/0045/recording1_2.mp4,assets/targets/0045/recording2_1.mp4,assets/targets/0045/recording2_2.mp4,436.6559051772762,257.95950551802974,False,1,2,1,0,brown,663a5c3ef84d9c74ea3c07a1,assets/targets/0045/base_1_1_red.jpg
1,5579,72,0069,assets/targets/0069/img1_1.png,assets/targets/0069/img1_2.png,assets/targets/0069/img2_1.png,assets/targets/0069/img2_2.png,assets/targets/0069/recording1_1.mp4,assets/targets/0069/recording1_2.mp4,assets/targets/0069/recording2_1.mp4,assets/targets/0069/recording2_2.mp4,45.99293272938177,282.53465008228795,False,1,2,2,0,brown,663a5c3ef84d9c74ea3c07a1,assets/targets/0069/base_1_2_red.jpg
2,4430,56,0042,assets/targets/0042/img1_1.png,assets/targets/0042/img1_2.png,assets/targets/0042/img2_1.png,assets/targets/0042/img2_2.png,assets/targets/0042/recording1_1.mp4,assets/targets/0042/recording1_2.mp4,assets/targets/0042/recording2_1.mp4,assets/targets/0042/recording2_2.mp4,302.7180979554031,305.896846954325,False,2,2,2,0,brown,663a5c3ef84d9c74ea3c07a1,assets/targets/0042/base_2_2_red.jpg
3,3065,61,0072,assets/targets/0072/img1_1.png,assets/targets/0072/img1_2.png,assets/targets/0072/img2_1.png,assets/targets/0072/img2_2.png,assets/targets/0072/recording1_1.mp4,assets/targets/0072/recording1_2.mp4,assets/targets/0072/recording2_1.mp4,assets/targets/0072/recording2_2.mp4,263.49876924364594,480.2927000755407,False,2,2,2,0,brown,663a5c3ef84d9c74ea3c07a1,assets/targets/0072/base_2_2_red.jpg
4,2781,65,0052,assets/targets/0052/img1_1.png,assets/targets/0052/img1_2.png,assets/targets/0052/img2_1.png,assets/targets/0052/img2_2.png,assets/targets/0052/recording1_1.mp4,assets/targets/0052/recording1_2.mp4,assets/targets/0052/recording2_1.mp4,assets/targets/0052/recording2_2.mp4,570.2567171334038,231.9134273051645,False,2,1,1,0,brown,663a5c3ef84d9c74ea3c07a1,assets/targets/0052/base_2_1_red.jpg
5,2414,82,0091,assets/targets/0091/img1_1.png,assets/targets/0091/img1_2.png,assets/targets/0091/img2_1.png,assets/targets/0091/img2_2.png,assets/targets/0091/recording1_1.mp4,assets/targets/0091/recording1_2.mp4,assets/targets/0091/recording2_1.mp4,assets/targets/0091/recording2_2.mp4,360.26329222466995,232.43135081432789,False,nocol,2,1,0,brown,663a5c3ef84d9c74ea3c07a1,assets/targets/0091/base_nocol_1_red.jpg
6,7714,52,0024,assets/targets/0024/img1_1.png,assets/targets/0024/img1_2.png,assets/targets/0024/img2_1.png,assets/targets/0024/img2_2.png,assets/targets/0024/recording1_1.mp4,assets/targets/0024/recording1_2.mp4,assets/targets/0024/recording2_1.mp4,assets/targets/0024/recording2_2.mp4,392.50547349657757,36.17405762242421,False,2,2,1,0,brown,663a5c3ef84d9c74ea3c07a1,assets/targets/0024/base_2_1_red.jpg
7,1830,41,0064,assets/targets/0064/img1_1.png,assets/targets/0064/img1_2.png,assets/targets/0064/img2_1.png,assets/targets/0064/img2_2.png,assets/targets/0064/recording1_1.mp4,assets/targets/0064/recording1_2.mp4,assets/targets/0064/recording2_1.mp4,assets/targets/0064/recording2_2.mp4,572.435126403118,233.99006146723664,False,nocol,2,1,0,brown,663a5c3ef84d9c74ea3c07a1,assets/targets/0064/base_nocol_1_red.jpg
8,4397,44,0025,assets/targets/0025/img1_1.png,assets/targets/0025/img1_2.png,assets/targets/0025/img2_1.png,assets/targets/0025/img2_2.png,assets/targets/0025/recording1_1.mp4,assets/targets/0025/recording1_2.mp4,assets/targets/0025/recording2_1.mp4,assets/targets/0025/recording2_2.mp4,275.75178627094397,548.0849702817209,False,nocol,2,1,0,brown,663a5c3ef84d9c74ea3c07a1,assets/targets/0025/base_nocol_1_red.jpg
0,19845,0,0069,assets/targets/0069/img1_1.png,assets/targets/0069/img1_2.png,assets/targets/0069/img2_1.png,assets/targets/0069/img2_2.png,assets/targets/0069/recording1_1.mp4,assets/targets/0069/recording1_2.mp4,assets/targets/0069/recording2_1.mp4,assets/targets/0069/recording2_2.mp4,45.99293272938177,282.53465008228795,False,nocol,1,1,0,brown,667c73ba70ed69bf1a17c1ce,assets/targets/0069/base_nocol_1_red.jpg
1,7713,100,0072,assets/targets/0072/img1_1.png,assets/targets/0072/img1_2.png,assets/targets/0072/img2_1.png,assets/targets/0072/img2_2.png,assets/targets/0072/recording1_1.mp4,assets/targets/0072/recording1_2.mp4,assets/targets/0072/recording2_1.mp4,assets/targets/0072/recording2_2.mp4,263.49876924364594,480.2927000755407,False,2,2,2,0,brown,667c73ba70ed69bf1a17c1ce,assets/targets/0072/base_2_2_red.jpg
2,5629,0,0024,assets/targets/0024/img1_1.png,assets/targets/0024/img1_2.png,assets/targets/0024/img2_1.png,assets/targets/0024/img2_2.png,assets/targets/0024/recording1_1.mp4,assets/targets/0024/recording1_2.mp4,assets/targets/0024/recording2_1.mp4,assets/targets/0024/recording2_2.mp4,392.50547349657757,36.17405762242421,False,2,2,1,0,brown,667c73ba70ed69bf1a17c1ce,assets/targets/0024/base_2_1_red.jpg
3,7544,100,0042,assets/targets/0042/img1_1.png,assets/targets/0042/img1_2.png,assets/targets/0042/img2_1.png,assets/targets/0042/img2_2.png,assets/targets/0042/recording1_1.mp4,assets/targets/0042/recording1_2.mp4,assets/targets/0042/recording2_1.mp4,assets/targets/0042/recording2_2.mp4,302.7180979554031,305.896846954325,False,1,2,1,0,brown,667c73ba70ed69bf1a17c1ce,assets/targets/0042/base_1_1_red.jpg
4,5860,0,0045,assets/targets/0045/img1_1.png,assets/targets/0045/img1_2.png,assets/targets/0045/img2_1.png,assets/targets/0045/img2_2.png,assets/targets/0045/recording1_1.mp4,assets/targets/0045/recording1_2.mp4,assets/targets/0045/recording2_1.mp4,assets/targets/0045/recording2_2.mp4,436.6559051772762,257.95950551802974,False,nocol,1,1,0,brown,667c73ba70ed69bf1a17c1ce,assets/targets/0045/base_nocol_1_red.jpg
5,6523,0,0091,assets/targets/0091/img1_1.png,assets/targets/0091/img1_2.png,assets/targets/0091/img2_1.png,assets/targets/0091/img2_2.png,assets/targets/0091/recording1_1.mp4,assets/targets/0091/recording1_2.mp4,assets/targets/0091/recording2_1.mp4,assets/targets/0091/recording2_2.mp4,360.26329222466995,232.43135081432789,False,nocol,1,2,0,brown,667c73ba70ed69bf1a17c1ce,assets/targets/0091/base_nocol_2_red.jpg
6,9811,100,0064,assets/targets/0064/img1_1.png,assets/targets/0064/img1_2.png,assets/targets/0064/img2_1.png,assets/targets/0064/img2_2.png,assets/targets/0064/recording1_1.mp4,assets/targets/0064/recording1_2.mp4,assets/targets/0064/recording2_1.mp4,assets/targets/0064/recording2_2.mp4,572.435126403118,233.99006146723664,False,2,2,2,0,brown,667c73ba70ed69bf1a17c1ce,assets/targets/0064/base_2_2_red.jpg
7,3635,100,0025,assets/targets/0025/img1_1.png,assets/targets/0025/img1_2.png,assets/targets/0025/img2_1.png,assets/targets/0025/img2_2.png,assets/targets/0025/recording1_1.mp4,assets/targets/0025/recording1_2.mp4,assets/targets/0025/recording2_1.mp4,assets/targets/0025/recording2_2.mp4,275.75178627094397,548.0849702817209,False,2,1,2,0,brown,667c73ba70ed69bf1a17c1ce,assets/targets/0025/base_2_2_red.jpg
8,3513,100,0052,assets/targets/0052/img1_1.png,assets/targets/0052/img1_2.png,assets/targets/0052/img2_1.png,assets/targets/0052/img2_2.png,assets/targets/0052/recording1_1.mp4,assets/targets/0052/recording1_2.mp4,assets/targets/0052/recording2_1.mp4,assets/targets/0052/recording2_2.mp4,570.2567171334038,231.9134273051645,False,1,1,1,0,brown,667c73ba70ed69bf1a17c1ce,assets/targets/0052/base_1_1_red.jpg
