trial,rt,response,img,recording,world,true_goal,filler,worldtype,pid,study_id,session_id,true_goal_numeric,delete,points,correct
0,13847,4,assets/fillers/lh_ll_unlink_plinko_0017/img.jpg,assets/fillers/lh_ll_unlink_plinko_0017/recording.mp4,lh_ll_unlink_plinko_0017,goal_3,True,NA,67722f8e3a4f08a288a1f640,68ffc55371128ff03ff45265,68ffd3c8cc5501cfb6174d9d,3,False,5,False
1,14231,1,assets/fillers/catch/img.jpg,assets/fillers/catch/recording.mp4,catch,goal_2,True,NA,67722f8e3a4f08a288a1f640,68ffc55371128ff03ff45265,68ffd3c8cc5501cfb6174d9d,2,False,5,False
2,4597,2,assets/fillers/lh_ll_unlink_plinko_0009/img.jpg,assets/fillers/lh_ll_unlink_plinko_0009/recording.mp4,lh_ll_unlink_plinko_0009,goal_3,True,NA,67722f8e3a4f08a288a1f640,68ffc55371128ff03ff45265,68ffd3c8cc5501cfb6174d9d,3,False,5,False
3,7336,3,assets/fillers/lh_hh_plinko_0000/img.jpg,assets/fillers/lh_hh_plinko_0000/recording.mp4,lh_hh_plinko_0000,goal_4,True,maybe,67722f8e3a4f08a288a1f640,68ffc55371128ff03ff45265,68ffd3c8cc5501cfb6174d9d,4,False,5,False
4,4540,1,assets/targets/hh_hl_unlink_plinko_0393/img.jpg,assets/targets/hh_hl_unlink_plinko_0393/recording.mp4,hh_hl_unlink_plinko_0393,goal_2,False,maybe,67722f8e3a4f08a288a1f640,68ffc55371128ff03ff45265,68ffd3c8cc5501cfb6174d9d,2,False,5,False
5,6302,3,assets/targets/lh_hh_plinko_0001/img.jpg,assets/targets/lh_hh_plinko_0001/recording.mp4,lh_hh_plinko_0001,goal_3,False,NA,67722f8e3a4f08a288a1f640,68ffc55371128ff03ff45265,68ffd3c8cc5501cfb6174d9d,3,False,10,True
6,7368,2,assets/targets/lh_hh_trNM_plinko_0001/img.jpg,assets/targets/lh_hh_trNM_plinko_0001/recording.mp4,lh_hh_trNM_plinko_0001,goal_2,False,NA,67722f8e3a4f08a288a1f640,68ffc55371128ff03ff45265,68ffd3c8cc5501cfb6174d9d,2,False,10,True
7,16356,1,assets/targets/lh_hh_trNM_plinko_0000/img.jpg,assets/targets/lh_hh_trNM_plinko_0000/recording.mp4,lh_hh_trNM_plinko_0000,goal_0,False,definite,67722f8e3a4f08a288a1f640,68ffc55371128ff03ff45265,68ffd3c8cc5501cfb6174d9d,0,False,5,False
8,10501,2,assets/targets/hh_hl_unlink_plinko_0202/img.jpg,assets/targets/hh_hl_unlink_plinko_0202/recording.mp4,hh_hl_unlink_plinko_0202,goal_0,False,maybe,67722f8e3a4f08a288a1f640,68ffc55371128ff03ff45265,68ffd3c8cc5501cfb6174d9d,0,False,0,False
9,11628,3,assets/fillers/lh_hh_plinko_0002/img.jpg,assets/fillers/lh_hh_plinko_0002/recording.mp4,lh_hh_plinko_0002,goal_3,True,NA,67722f8e3a4f08a288a1f640,68ffc55371128ff03ff45265,68ffd3c8cc5501cfb6174d9d,3,False,10,True
10,12111,4,assets/targets/lh_hh_plinko_0003/img.jpg,assets/targets/lh_hh_plinko_0003/recording.mp4,lh_hh_plinko_0003,goal_4,False,NA,67722f8e3a4f08a288a1f640,68ffc55371128ff03ff45265,68ffd3c8cc5501cfb6174d9d,4,False,10,True
11,8497,1,assets/targets/lh_ll_unlink_plinko_0001/img.jpg,assets/targets/lh_ll_unlink_plinko_0001/recording.mp4,lh_ll_unlink_plinko_0001,goal_1,False,NA,67722f8e3a4f08a288a1f640,68ffc55371128ff03ff45265,68ffd3c8cc5501cfb6174d9d,1,False,10,True
12,8984,4,assets/targets/hh_hl_unlink_plinko_0240/img.jpg,assets/targets/hh_hl_unlink_plinko_0240/recording.mp4,hh_hl_unlink_plinko_0240,goal_0,False,maybe,67722f8e3a4f08a288a1f640,68ffc55371128ff03ff45265,68ffd3c8cc5501cfb6174d9d,0,False,0,False
13,7688,3,assets/fillers/lh_ll_unlink_plinko_0011/img.jpg,assets/fillers/lh_ll_unlink_plinko_0011/recording.mp4,lh_ll_unlink_plinko_0011,goal_3,True,NA,67722f8e3a4f08a288a1f640,68ffc55371128ff03ff45265,68ffd3c8cc5501cfb6174d9d,3,False,10,True
14,8780,3,assets/fillers/lh_hh_trNM_plinko_0001/img.jpg,assets/fillers/lh_hh_trNM_plinko_0001/recording.mp4,lh_hh_trNM_plinko_0001,goal_4,True,NA,67722f8e3a4f08a288a1f640,68ffc55371128ff03ff45265,68ffd3c8cc5501cfb6174d9d,4,False,5,False
15,8240,0,assets/targets/hh_hl_unlink_plinko_0246/img.jpg,assets/targets/hh_hl_unlink_plinko_0246/recording.mp4,hh_hl_unlink_plinko_0246,goal_2,False,maybe,67722f8e3a4f08a288a1f640,68ffc55371128ff03ff45265,68ffd3c8cc5501cfb6174d9d,2,False,0,False
16,5799,1,assets/targets/lh_ll_unlink_plinko_0002/img.jpg,assets/targets/lh_ll_unlink_plinko_0002/recording.mp4,lh_ll_unlink_plinko_0002,goal_1,False,NA,67722f8e3a4f08a288a1f640,68ffc55371128ff03ff45265,68ffd3c8cc5501cfb6174d9d,1,False,10,True
17,8126,3,assets/targets/lh_ll_unlink_plinko_0000/img.jpg,assets/targets/lh_ll_unlink_plinko_0000/recording.mp4,lh_ll_unlink_plinko_0000,goal_3,False,maybe,67722f8e3a4f08a288a1f640,68ffc55371128ff03ff45265,68ffd3c8cc5501cfb6174d9d,3,False,10,True
18,7316,3,assets/targets/hh_hl_unlink_plinko_0269/img.jpg,assets/targets/hh_hl_unlink_plinko_0269/recording.mp4,hh_hl_unlink_plinko_0269,goal_3,False,maybe,67722f8e3a4f08a288a1f640,68ffc55371128ff03ff45265,68ffd3c8cc5501cfb6174d9d,3,False,10,True
19,5519,1,assets/fillers/lh_hh_plinko_0001/img.jpg,assets/fillers/lh_hh_plinko_0001/recording.mp4,lh_hh_plinko_0001,goal_0,True,maybe,67722f8e3a4f08a288a1f640,68ffc55371128ff03ff45265,68ffd3c8cc5501cfb6174d9d,0,False,5,False
20,4016,4,assets/targets/lh_hh_trNM_plinko_0002/img.jpg,assets/targets/lh_hh_trNM_plinko_0002/recording.mp4,lh_hh_trNM_plinko_0002,goal_4,False,definite,67722f8e3a4f08a288a1f640,68ffc55371128ff03ff45265,68ffd3c8cc5501cfb6174d9d,4,False,10,True
21,5286,2,assets/targets/lh_hh_plinko_0002/img.jpg,assets/targets/lh_hh_plinko_0002/recording.mp4,lh_hh_plinko_0002,goal_2,False,definite,67722f8e3a4f08a288a1f640,68ffc55371128ff03ff45265,68ffd3c8cc5501cfb6174d9d,2,False,10,True
22,9107,3,assets/fillers/lh_hh_trNM_plinko_0002/img.jpg,assets/fillers/lh_hh_trNM_plinko_0002/recording.mp4,lh_hh_trNM_plinko_0002,goal_4,True,NA,67722f8e3a4f08a288a1f640,68ffc55371128ff03ff45265,68ffd3c8cc5501cfb6174d9d,4,False,5,False
23,4956,1,assets/fillers/lh_ll_unlink_plinko_0021/img.jpg,assets/fillers/lh_ll_unlink_plinko_0021/recording.mp4,lh_ll_unlink_plinko_0021,goal_1,True,definite,67722f8e3a4f08a288a1f640,68ffc55371128ff03ff45265,68ffd3c8cc5501cfb6174d9d,1,False,10,True
24,6007,0,assets/targets/lh_hh_plinko_0000/img.jpg,assets/targets/lh_hh_plinko_0000/recording.mp4,lh_hh_plinko_0000,goal_0,False,NA,67722f8e3a4f08a288a1f640,68ffc55371128ff03ff45265,68ffd3c8cc5501cfb6174d9d,0,False,10,True
0,2489,1,assets/fillers/lh_hh_trNM_plinko_0001/img.jpg,assets/fillers/lh_hh_trNM_plinko_0001/recording.mp4,lh_hh_trNM_plinko_0001,goal_4,True,NA,67dd46602623d4bf857f7fa2,68ffc55371128ff03ff45265,68ffd3c0e85f742b0ae552c7,4,False,0,False
1,3720,2,assets/fillers/lh_ll_unlink_plinko_0021/img.jpg,assets/fillers/lh_ll_unlink_plinko_0021/recording.mp4,lh_ll_unlink_plinko_0021,goal_1,True,definite,67dd46602623d4bf857f7fa2,68ffc55371128ff03ff45265,68ffd3c0e85f742b0ae552c7,1,False,5,False
2,1705,2,assets/fillers/lh_ll_unlink_plinko_0009/img.jpg,assets/fillers/lh_ll_unlink_plinko_0009/recording.mp4,lh_ll_unlink_plinko_0009,goal_3,True,NA,67dd46602623d4bf857f7fa2,68ffc55371128ff03ff45265,68ffd3c0e85f742b0ae552c7,3,False,5,False
3,1430,2,assets/targets/lh_ll_unlink_plinko_0000/img.jpg,assets/targets/lh_ll_unlink_plinko_0000/recording.mp4,lh_ll_unlink_plinko_0000,goal_3,False,maybe,67dd46602623d4bf857f7fa2,68ffc55371128ff03ff45265,68ffd3c0e85f742b0ae552c7,3,False,5,False
4,1013,2,assets/fillers/catch/img.jpg,assets/fillers/catch/recording.mp4,catch,goal_2,True,NA,67dd46602623d4bf857f7fa2,68ffc55371128ff03ff45265,68ffd3c0e85f742b0ae552c7,2,False,10,True
5,5136,1,assets/targets/lh_hh_plinko_0000/img.jpg,assets/targets/lh_hh_plinko_0000/recording.mp4,lh_hh_plinko_0000,goal_0,False,NA,67dd46602623d4bf857f7fa2,68ffc55371128ff03ff45265,68ffd3c0e85f742b0ae552c7,0,False,5,False
6,1502,2,assets/fillers/lh_hh_plinko_0001/img.jpg,assets/fillers/lh_hh_plinko_0001/recording.mp4,lh_hh_plinko_0001,goal_0,True,maybe,67dd46602623d4bf857f7fa2,68ffc55371128ff03ff45265,68ffd3c0e85f742b0ae552c7,0,False,0,False
7,1894,1,assets/targets/hh_hl_unlink_plinko_0202/img.jpg,assets/targets/hh_hl_unlink_plinko_0202/recording.mp4,hh_hl_unlink_plinko_0202,goal_0,False,maybe,67dd46602623d4bf857f7fa2,68ffc55371128ff03ff45265,68ffd3c0e85f742b0ae552c7,0,False,5,False
8,1262,1,assets/targets/lh_hh_plinko_0002/img.jpg,assets/targets/lh_hh_plinko_0002/recording.mp4,lh_hh_plinko_0002,goal_2,False,definite,67dd46602623d4bf857f7fa2,68ffc55371128ff03ff45265,68ffd3c0e85f742b0ae552c7,2,False,5,False
9,1119,3,assets/fillers/lh_hh_plinko_0000/img.jpg,assets/fillers/lh_hh_plinko_0000/recording.mp4,lh_hh_plinko_0000,goal_4,True,maybe,67dd46602623d4bf857f7fa2,68ffc55371128ff03ff45265,68ffd3c0e85f742b0ae552c7,4,False,5,False
10,1499,3,assets/fillers/lh_hh_plinko_0002/img.jpg,assets/fillers/lh_hh_plinko_0002/recording.mp4,lh_hh_plinko_0002,goal_3,True,NA,67dd46602623d4bf857f7fa2,68ffc55371128ff03ff45265,68ffd3c0e85f742b0ae552c7,3,False,10,True
11,2078,2,assets/targets/lh_ll_unlink_plinko_0001/img.jpg,assets/targets/lh_ll_unlink_plinko_0001/recording.mp4,lh_ll_unlink_plinko_0001,goal_1,False,NA,67dd46602623d4bf857f7fa2,68ffc55371128ff03ff45265,68ffd3c0e85f742b0ae552c7,1,False,5,False
12,1097,2,assets/fillers/lh_ll_unlink_plinko_0017/img.jpg,assets/fillers/lh_ll_unlink_plinko_0017/recording.mp4,lh_ll_unlink_plinko_0017,goal_3,True,NA,67dd46602623d4bf857f7fa2,68ffc55371128ff03ff45265,68ffd3c0e85f742b0ae552c7,3,False,5,False
13,1288,3,assets/fillers/lh_hh_trNM_plinko_0002/img.jpg,assets/fillers/lh_hh_trNM_plinko_0002/recording.mp4,lh_hh_trNM_plinko_0002,goal_4,True,NA,67dd46602623d4bf857f7fa2,68ffc55371128ff03ff45265,68ffd3c0e85f742b0ae552c7,4,False,5,False
14,1645,3,assets/targets/lh_hh_trNM_plinko_0000/img.jpg,assets/targets/lh_hh_trNM_plinko_0000/recording.mp4,lh_hh_trNM_plinko_0000,goal_0,False,definite,67dd46602623d4bf857f7fa2,68ffc55371128ff03ff45265,68ffd3c0e85f742b0ae552c7,0,False,0,False
15,1100,1,assets/targets/lh_hh_plinko_0003/img.jpg,assets/targets/lh_hh_plinko_0003/recording.mp4,lh_hh_plinko_0003,goal_4,False,NA,67dd46602623d4bf857f7fa2,68ffc55371128ff03ff45265,68ffd3c0e85f742b0ae552c7,4,False,0,False
16,1403,3,assets/targets/lh_hh_trNM_plinko_0001/img.jpg,assets/targets/lh_hh_trNM_plinko_0001/recording.mp4,lh_hh_trNM_plinko_0001,goal_2,False,NA,67dd46602623d4bf857f7fa2,68ffc55371128ff03ff45265,68ffd3c0e85f742b0ae552c7,2,False,5,False
17,2954,3,assets/targets/lh_hh_plinko_0001/img.jpg,assets/targets/lh_hh_plinko_0001/recording.mp4,lh_hh_plinko_0001,goal_3,False,NA,67dd46602623d4bf857f7fa2,68ffc55371128ff03ff45265,68ffd3c0e85f742b0ae552c7,3,False,10,True
18,1791,3,assets/targets/hh_hl_unlink_plinko_0269/img.jpg,assets/targets/hh_hl_unlink_plinko_0269/recording.mp4,hh_hl_unlink_plinko_0269,goal_3,False,maybe,67dd46602623d4bf857f7fa2,68ffc55371128ff03ff45265,68ffd3c0e85f742b0ae552c7,3,False,10,True
19,2688,4,assets/fillers/lh_ll_unlink_plinko_0011/img.jpg,assets/fillers/lh_ll_unlink_plinko_0011/recording.mp4,lh_ll_unlink_plinko_0011,goal_3,True,NA,67dd46602623d4bf857f7fa2,68ffc55371128ff03ff45265,68ffd3c0e85f742b0ae552c7,3,False,5,False
20,3001,4,assets/targets/hh_hl_unlink_plinko_0246/img.jpg,assets/targets/hh_hl_unlink_plinko_0246/recording.mp4,hh_hl_unlink_plinko_0246,goal_2,False,maybe,67dd46602623d4bf857f7fa2,68ffc55371128ff03ff45265,68ffd3c0e85f742b0ae552c7,2,False,0,False
21,1500,3,assets/targets/hh_hl_unlink_plinko_0240/img.jpg,assets/targets/hh_hl_unlink_plinko_0240/recording.mp4,hh_hl_unlink_plinko_0240,goal_0,False,maybe,67dd46602623d4bf857f7fa2,68ffc55371128ff03ff45265,68ffd3c0e85f742b0ae552c7,0,False,0,False
22,1125,4,assets/targets/lh_ll_unlink_plinko_0002/img.jpg,assets/targets/lh_ll_unlink_plinko_0002/recording.mp4,lh_ll_unlink_plinko_0002,goal_1,False,NA,67dd46602623d4bf857f7fa2,68ffc55371128ff03ff45265,68ffd3c0e85f742b0ae552c7,1,False,0,False
23,1142,2,assets/targets/hh_hl_unlink_plinko_0393/img.jpg,assets/targets/hh_hl_unlink_plinko_0393/recording.mp4,hh_hl_unlink_plinko_0393,goal_2,False,maybe,67dd46602623d4bf857f7fa2,68ffc55371128ff03ff45265,68ffd3c0e85f742b0ae552c7,2,False,10,True
24,2054,3,assets/targets/lh_hh_trNM_plinko_0002/img.jpg,assets/targets/lh_hh_trNM_plinko_0002/recording.mp4,lh_hh_trNM_plinko_0002,goal_4,False,definite,67dd46602623d4bf857f7fa2,68ffc55371128ff03ff45265,68ffd3c0e85f742b0ae552c7,4,False,5,False
0,8800,2,assets/fillers/lh_ll_unlink_plinko_0017/img.jpg,assets/fillers/lh_ll_unlink_plinko_0017/recording.mp4,lh_ll_unlink_plinko_0017,goal_3,True,NA,67e40bab848c22a30914c34c,68ffc55371128ff03ff45265,68ffd3de0730d1cc607fc0be,3,False,5,False
1,1709,2,assets/fillers/lh_ll_unlink_plinko_0011/img.jpg,assets/fillers/lh_ll_unlink_plinko_0011/recording.mp4,lh_ll_unlink_plinko_0011,goal_3,True,NA,67e40bab848c22a30914c34c,68ffc55371128ff03ff45265,68ffd3de0730d1cc607fc0be,3,False,5,False
2,2019,2,assets/fillers/catch/img.jpg,assets/fillers/catch/recording.mp4,catch,goal_2,True,NA,67e40bab848c22a30914c34c,68ffc55371128ff03ff45265,68ffd3de0730d1cc607fc0be,2,False,10,True
3,3100,2,assets/fillers/lh_hh_plinko_0001/img.jpg,assets/fillers/lh_hh_plinko_0001/recording.mp4,lh_hh_plinko_0001,goal_0,True,maybe,67e40bab848c22a30914c34c,68ffc55371128ff03ff45265,68ffd3de0730d1cc607fc0be,0,False,0,False
4,1430,1,assets/targets/lh_hh_trNM_plinko_0002/img.jpg,assets/targets/lh_hh_trNM_plinko_0002/recording.mp4,lh_hh_trNM_plinko_0002,goal_4,False,definite,67e40bab848c22a30914c34c,68ffc55371128ff03ff45265,68ffd3de0730d1cc607fc0be,4,False,0,False
5,1149,3,assets/fillers/lh_hh_trNM_plinko_0001/img.jpg,assets/fillers/lh_hh_trNM_plinko_0001/recording.mp4,lh_hh_trNM_plinko_0001,goal_4,True,NA,67e40bab848c22a30914c34c,68ffc55371128ff03ff45265,68ffd3de0730d1cc607fc0be,4,False,5,False
6,1279,4,assets/targets/lh_hh_plinko_0003/img.jpg,assets/targets/lh_hh_plinko_0003/recording.mp4,lh_hh_plinko_0003,goal_4,False,NA,67e40bab848c22a30914c34c,68ffc55371128ff03ff45265,68ffd3de0730d1cc607fc0be,4,False,10,True
7,1555,3,assets/targets/hh_hl_unlink_plinko_0246/img.jpg,assets/targets/hh_hl_unlink_plinko_0246/recording.mp4,hh_hl_unlink_plinko_0246,goal_2,False,maybe,67e40bab848c22a30914c34c,68ffc55371128ff03ff45265,68ffd3de0730d1cc607fc0be,2,False,5,False
8,1638,3,assets/targets/lh_ll_unlink_plinko_0000/img.jpg,assets/targets/lh_ll_unlink_plinko_0000/recording.mp4,lh_ll_unlink_plinko_0000,goal_3,False,maybe,67e40bab848c22a30914c34c,68ffc55371128ff03ff45265,68ffd3de0730d1cc607fc0be,3,False,10,True
9,1209,4,assets/targets/hh_hl_unlink_plinko_0202/img.jpg,assets/targets/hh_hl_unlink_plinko_0202/recording.mp4,hh_hl_unlink_plinko_0202,goal_0,False,maybe,67e40bab848c22a30914c34c,68ffc55371128ff03ff45265,68ffd3de0730d1cc607fc0be,0,False,0,False
10,1166,1,assets/fillers/lh_ll_unlink_plinko_0021/img.jpg,assets/fillers/lh_ll_unlink_plinko_0021/recording.mp4,lh_ll_unlink_plinko_0021,goal_1,True,definite,67e40bab848c22a30914c34c,68ffc55371128ff03ff45265,68ffd3de0730d1cc607fc0be,1,False,10,True
11,1575,2,assets/targets/lh_hh_trNM_plinko_0000/img.jpg,assets/targets/lh_hh_trNM_plinko_0000/recording.mp4,lh_hh_trNM_plinko_0000,goal_0,False,definite,67e40bab848c22a30914c34c,68ffc55371128ff03ff45265,68ffd3de0730d1cc607fc0be,0,False,0,False
12,1220,1,assets/fillers/lh_hh_plinko_0000/img.jpg,assets/fillers/lh_hh_plinko_0000/recording.mp4,lh_hh_plinko_0000,goal_4,True,maybe,67e40bab848c22a30914c34c,68ffc55371128ff03ff45265,68ffd3de0730d1cc607fc0be,4,False,0,False
13,1094,3,assets/targets/lh_ll_unlink_plinko_0002/img.jpg,assets/targets/lh_ll_unlink_plinko_0002/recording.mp4,lh_ll_unlink_plinko_0002,goal_1,False,NA,67e40bab848c22a30914c34c,68ffc55371128ff03ff45265,68ffd3de0730d1cc607fc0be,1,False,0,False
14,1186,2,assets/targets/hh_hl_unlink_plinko_0269/img.jpg,assets/targets/hh_hl_unlink_plinko_0269/recording.mp4,hh_hl_unlink_plinko_0269,goal_3,False,maybe,67e40bab848c22a30914c34c,68ffc55371128ff03ff45265,68ffd3de0730d1cc607fc0be,3,False,5,False
15,2466,2,assets/targets/lh_hh_plinko_0002/img.jpg,assets/targets/lh_hh_plinko_0002/recording.mp4,lh_hh_plinko_0002,goal_2,False,definite,67e40bab848c22a30914c34c,68ffc55371128ff03ff45265,68ffd3de0730d1cc607fc0be,2,False,10,True
16,2660,3,assets/targets/lh_hh_plinko_0001/img.jpg,assets/targets/lh_hh_plinko_0001/recording.mp4,lh_hh_plinko_0001,goal_3,False,NA,67e40bab848c22a30914c34c,68ffc55371128ff03ff45265,68ffd3de0730d1cc607fc0be,3,False,10,True
17,2190,2,assets/targets/lh_ll_unlink_plinko_0001/img.jpg,assets/targets/lh_ll_unlink_plinko_0001/recording.mp4,lh_ll_unlink_plinko_0001,goal_1,False,NA,67e40bab848c22a30914c34c,68ffc55371128ff03ff45265,68ffd3de0730d1cc607fc0be,1,False,5,False
18,2628,2,assets/targets/hh_hl_unlink_plinko_0240/img.jpg,assets/targets/hh_hl_unlink_plinko_0240/recording.mp4,hh_hl_unlink_plinko_0240,goal_0,False,maybe,67e40bab848c22a30914c34c,68ffc55371128ff03ff45265,68ffd3de0730d1cc607fc0be,0,False,0,False
19,1277,1,assets/targets/hh_hl_unlink_plinko_0393/img.jpg,assets/targets/hh_hl_unlink_plinko_0393/recording.mp4,hh_hl_unlink_plinko_0393,goal_2,False,maybe,67e40bab848c22a30914c34c,68ffc55371128ff03ff45265,68ffd3de0730d1cc607fc0be,2,False,5,False
20,2179,3,assets/fillers/lh_ll_unlink_plinko_0009/img.jpg,assets/fillers/lh_ll_unlink_plinko_0009/recording.mp4,lh_ll_unlink_plinko_0009,goal_3,True,NA,67e40bab848c22a30914c34c,68ffc55371128ff03ff45265,68ffd3de0730d1cc607fc0be,3,False,10,True
21,1740,2,assets/targets/lh_hh_trNM_plinko_0001/img.jpg,assets/targets/lh_hh_trNM_plinko_0001/recording.mp4,lh_hh_trNM_plinko_0001,goal_2,False,NA,67e40bab848c22a30914c34c,68ffc55371128ff03ff45265,68ffd3de0730d1cc607fc0be,2,False,10,True
22,1839,3,assets/targets/lh_hh_plinko_0000/img.jpg,assets/targets/lh_hh_plinko_0000/recording.mp4,lh_hh_plinko_0000,goal_0,False,NA,67e40bab848c22a30914c34c,68ffc55371128ff03ff45265,68ffd3de0730d1cc607fc0be,0,False,0,False
23,1680,1,assets/fillers/lh_hh_plinko_0002/img.jpg,assets/fillers/lh_hh_plinko_0002/recording.mp4,lh_hh_plinko_0002,goal_3,True,NA,67e40bab848c22a30914c34c,68ffc55371128ff03ff45265,68ffd3de0730d1cc607fc0be,3,False,0,False
24,1657,2,assets/fillers/lh_hh_trNM_plinko_0002/img.jpg,assets/fillers/lh_hh_trNM_plinko_0002/recording.mp4,lh_hh_trNM_plinko_0002,goal_4,True,NA,67e40bab848c22a30914c34c,68ffc55371128ff03ff45265,68ffd3de0730d1cc607fc0be,4,False,0,False
0,3513,1,assets/fillers/lh_hh_trNM_plinko_0001/img.jpg,assets/fillers/lh_hh_trNM_plinko_0001/recording.mp4,lh_hh_trNM_plinko_0001,goal_4,True,NA,67cb51b23d74b436185a20eb,68ffc55371128ff03ff45265,68ffd3e86e92a1c3e4116dae,4,False,0,False
1,1237,3,assets/fillers/lh_ll_unlink_plinko_0011/img.jpg,assets/fillers/lh_ll_unlink_plinko_0011/recording.mp4,lh_ll_unlink_plinko_0011,goal_3,True,NA,67cb51b23d74b436185a20eb,68ffc55371128ff03ff45265,68ffd3e86e92a1c3e4116dae,3,False,10,True
2,2067,2,assets/fillers/lh_hh_plinko_0002/img.jpg,assets/fillers/lh_hh_plinko_0002/recording.mp4,lh_hh_plinko_0002,goal_3,True,NA,67cb51b23d74b436185a20eb,68ffc55371128ff03ff45265,68ffd3e86e92a1c3e4116dae,3,False,5,False
3,1036,2,assets/targets/hh_hl_unlink_plinko_0393/img.jpg,assets/targets/hh_hl_unlink_plinko_0393/recording.mp4,hh_hl_unlink_plinko_0393,goal_2,False,maybe,67cb51b23d74b436185a20eb,68ffc55371128ff03ff45265,68ffd3e86e92a1c3e4116dae,2,False,10,True
4,1367,2,assets/targets/lh_hh_plinko_0001/img.jpg,assets/targets/lh_hh_plinko_0001/recording.mp4,lh_hh_plinko_0001,goal_3,False,NA,67cb51b23d74b436185a20eb,68ffc55371128ff03ff45265,68ffd3e86e92a1c3e4116dae,3,False,5,False
5,1153,2,assets/targets/lh_hh_plinko_0000/img.jpg,assets/targets/lh_hh_plinko_0000/recording.mp4,lh_hh_plinko_0000,goal_0,False,NA,67cb51b23d74b436185a20eb,68ffc55371128ff03ff45265,68ffd3e86e92a1c3e4116dae,0,False,0,False
6,1219,1,assets/fillers/lh_ll_unlink_plinko_0021/img.jpg,assets/fillers/lh_ll_unlink_plinko_0021/recording.mp4,lh_ll_unlink_plinko_0021,goal_1,True,definite,67cb51b23d74b436185a20eb,68ffc55371128ff03ff45265,68ffd3e86e92a1c3e4116dae,1,False,10,True
7,2771,2,assets/fillers/lh_ll_unlink_plinko_0017/img.jpg,assets/fillers/lh_ll_unlink_plinko_0017/recording.mp4,lh_ll_unlink_plinko_0017,goal_3,True,NA,67cb51b23d74b436185a20eb,68ffc55371128ff03ff45265,68ffd3e86e92a1c3e4116dae,3,False,5,False
8,1299,2,assets/targets/hh_hl_unlink_plinko_0240/img.jpg,assets/targets/hh_hl_unlink_plinko_0240/recording.mp4,hh_hl_unlink_plinko_0240,goal_0,False,maybe,67cb51b23d74b436185a20eb,68ffc55371128ff03ff45265,68ffd3e86e92a1c3e4116dae,0,False,0,False
9,1171,1,assets/fillers/catch/img.jpg,assets/fillers/catch/recording.mp4,catch,goal_2,True,NA,67cb51b23d74b436185a20eb,68ffc55371128ff03ff45265,68ffd3e86e92a1c3e4116dae,2,False,5,False
10,1082,3,assets/targets/lh_hh_trNM_plinko_0000/img.jpg,assets/targets/lh_hh_trNM_plinko_0000/recording.mp4,lh_hh_trNM_plinko_0000,goal_0,False,definite,67cb51b23d74b436185a20eb,68ffc55371128ff03ff45265,68ffd3e86e92a1c3e4116dae,0,False,0,False
11,1150,4,assets/targets/hh_hl_unlink_plinko_0246/img.jpg,assets/targets/hh_hl_unlink_plinko_0246/recording.mp4,hh_hl_unlink_plinko_0246,goal_2,False,maybe,67cb51b23d74b436185a20eb,68ffc55371128ff03ff45265,68ffd3e86e92a1c3e4116dae,2,False,0,False
12,1319,1,assets/targets/lh_ll_unlink_plinko_0000/img.jpg,assets/targets/lh_ll_unlink_plinko_0000/recording.mp4,lh_ll_unlink_plinko_0000,goal_3,False,maybe,67cb51b23d74b436185a20eb,68ffc55371128ff03ff45265,68ffd3e86e92a1c3e4116dae,3,False,0,False
13,1457,2,assets/targets/hh_hl_unlink_plinko_0202/img.jpg,assets/targets/hh_hl_unlink_plinko_0202/recording.mp4,hh_hl_unlink_plinko_0202,goal_0,False,maybe,67cb51b23d74b436185a20eb,68ffc55371128ff03ff45265,68ffd3e86e92a1c3e4116dae,0,False,0,False
14,2576,1,assets/targets/lh_hh_plinko_0002/img.jpg,assets/targets/lh_hh_plinko_0002/recording.mp4,lh_hh_plinko_0002,goal_2,False,definite,67cb51b23d74b436185a20eb,68ffc55371128ff03ff45265,68ffd3e86e92a1c3e4116dae,2,False,5,False
15,1254,3,assets/targets/lh_hh_trNM_plinko_0001/img.jpg,assets/targets/lh_hh_trNM_plinko_0001/recording.mp4,lh_hh_trNM_plinko_0001,goal_2,False,NA,67cb51b23d74b436185a20eb,68ffc55371128ff03ff45265,68ffd3e86e92a1c3e4116dae,2,False,5,False
16,1166,3,assets/fillers/lh_hh_trNM_plinko_0002/img.jpg,assets/fillers/lh_hh_trNM_plinko_0002/recording.mp4,lh_hh_trNM_plinko_0002,goal_4,True,NA,67cb51b23d74b436185a20eb,68ffc55371128ff03ff45265,68ffd3e86e92a1c3e4116dae,4,False,5,False
17,1468,3,assets/fillers/lh_hh_plinko_0000/img.jpg,assets/fillers/lh_hh_plinko_0000/recording.mp4,lh_hh_plinko_0000,goal_4,True,maybe,67cb51b23d74b436185a20eb,68ffc55371128ff03ff45265,68ffd3e86e92a1c3e4116dae,4,False,5,False
18,1694,4,assets/targets/lh_ll_unlink_plinko_0002/img.jpg,assets/targets/lh_ll_unlink_plinko_0002/recording.mp4,lh_ll_unlink_plinko_0002,goal_1,False,NA,67cb51b23d74b436185a20eb,68ffc55371128ff03ff45265,68ffd3e86e92a1c3e4116dae,1,False,0,False
19,1445,2,assets/targets/lh_hh_trNM_plinko_0002/img.jpg,assets/targets/lh_hh_trNM_plinko_0002/recording.mp4,lh_hh_trNM_plinko_0002,goal_4,False,definite,67cb51b23d74b436185a20eb,68ffc55371128ff03ff45265,68ffd3e86e92a1c3e4116dae,4,False,0,False
20,1232,3,assets/targets/lh_hh_plinko_0003/img.jpg,assets/targets/lh_hh_plinko_0003/recording.mp4,lh_hh_plinko_0003,goal_4,False,NA,67cb51b23d74b436185a20eb,68ffc55371128ff03ff45265,68ffd3e86e92a1c3e4116dae,4,False,5,False
21,1561,3,assets/fillers/lh_hh_plinko_0001/img.jpg,assets/fillers/lh_hh_plinko_0001/recording.mp4,lh_hh_plinko_0001,goal_0,True,maybe,67cb51b23d74b436185a20eb,68ffc55371128ff03ff45265,68ffd3e86e92a1c3e4116dae,0,False,0,False
22,2095,1,assets/targets/hh_hl_unlink_plinko_0269/img.jpg,assets/targets/hh_hl_unlink_plinko_0269/recording.mp4,hh_hl_unlink_plinko_0269,goal_3,False,maybe,67cb51b23d74b436185a20eb,68ffc55371128ff03ff45265,68ffd3e86e92a1c3e4116dae,3,False,0,False
23,1792,4,assets/targets/lh_ll_unlink_plinko_0001/img.jpg,assets/targets/lh_ll_unlink_plinko_0001/recording.mp4,lh_ll_unlink_plinko_0001,goal_1,False,NA,67cb51b23d74b436185a20eb,68ffc55371128ff03ff45265,68ffd3e86e92a1c3e4116dae,1,False,0,False
24,2247,2,assets/fillers/lh_ll_unlink_plinko_0009/img.jpg,assets/fillers/lh_ll_unlink_plinko_0009/recording.mp4,lh_ll_unlink_plinko_0009,goal_3,True,NA,67cb51b23d74b436185a20eb,68ffc55371128ff03ff45265,68ffd3e86e92a1c3e4116dae,3,False,5,False
0,9674,4,assets/fillers/lh_hh_trNM_plinko_0001/img.jpg,assets/fillers/lh_hh_trNM_plinko_0001/recording.mp4,lh_hh_trNM_plinko_0001,goal_4,True,NA,5dc474fd45b8f933f16d6241,68ffc55371128ff03ff45265,68ffe06e75139a23d8f77eae,4,False,10,True
1,6299,3,assets/fillers/lh_ll_unlink_plinko_0017/img.jpg,assets/fillers/lh_ll_unlink_plinko_0017/recording.mp4,lh_ll_unlink_plinko_0017,goal_3,True,NA,5dc474fd45b8f933f16d6241,68ffc55371128ff03ff45265,68ffe06e75139a23d8f77eae,3,False,10,True
2,3463,2,assets/fillers/catch/img.jpg,assets/fillers/catch/recording.mp4,catch,goal_2,True,NA,5dc474fd45b8f933f16d6241,68ffc55371128ff03ff45265,68ffe06e75139a23d8f77eae,2,False,10,True
3,4116,4,assets/targets/hh_hl_unlink_plinko_0240/img.jpg,assets/targets/hh_hl_unlink_plinko_0240/recording.mp4,hh_hl_unlink_plinko_0240,goal_0,False,maybe,5dc474fd45b8f933f16d6241,68ffc55371128ff03ff45265,68ffe06e75139a23d8f77eae,0,False,0,False
4,8383,0,assets/targets/lh_hh_trNM_plinko_0000/img.jpg,assets/targets/lh_hh_trNM_plinko_0000/recording.mp4,lh_hh_trNM_plinko_0000,goal_0,False,definite,5dc474fd45b8f933f16d6241,68ffc55371128ff03ff45265,68ffe06e75139a23d8f77eae,0,False,10,True
5,5052,2,assets/targets/hh_hl_unlink_plinko_0202/img.jpg,assets/targets/hh_hl_unlink_plinko_0202/recording.mp4,hh_hl_unlink_plinko_0202,goal_0,False,maybe,5dc474fd45b8f933f16d6241,68ffc55371128ff03ff45265,68ffe06e75139a23d8f77eae,0,False,0,False
6,6640,4,assets/targets/lh_hh_plinko_0003/img.jpg,assets/targets/lh_hh_plinko_0003/recording.mp4,lh_hh_plinko_0003,goal_4,False,NA,5dc474fd45b8f933f16d6241,68ffc55371128ff03ff45265,68ffe06e75139a23d8f77eae,4,False,10,True
7,6619,4,assets/fillers/lh_hh_plinko_0000/img.jpg,assets/fillers/lh_hh_plinko_0000/recording.mp4,lh_hh_plinko_0000,goal_4,True,maybe,5dc474fd45b8f933f16d6241,68ffc55371128ff03ff45265,68ffe06e75139a23d8f77eae,4,False,10,True
8,9959,0,assets/targets/hh_hl_unlink_plinko_0246/img.jpg,assets/targets/hh_hl_unlink_plinko_0246/recording.mp4,hh_hl_unlink_plinko_0246,goal_2,False,maybe,5dc474fd45b8f933f16d6241,68ffc55371128ff03ff45265,68ffe06e75139a23d8f77eae,2,False,0,False
9,3455,1,assets/targets/lh_ll_unlink_plinko_0002/img.jpg,assets/targets/lh_ll_unlink_plinko_0002/recording.mp4,lh_ll_unlink_plinko_0002,goal_1,False,NA,5dc474fd45b8f933f16d6241,68ffc55371128ff03ff45265,68ffe06e75139a23d8f77eae,1,False,10,True
10,3016,3,assets/targets/lh_ll_unlink_plinko_0000/img.jpg,assets/targets/lh_ll_unlink_plinko_0000/recording.mp4,lh_ll_unlink_plinko_0000,goal_3,False,maybe,5dc474fd45b8f933f16d6241,68ffc55371128ff03ff45265,68ffe06e75139a23d8f77eae,3,False,10,True
11,4899,3,assets/targets/lh_hh_plinko_0001/img.jpg,assets/targets/lh_hh_plinko_0001/recording.mp4,lh_hh_plinko_0001,goal_3,False,NA,5dc474fd45b8f933f16d6241,68ffc55371128ff03ff45265,68ffe06e75139a23d8f77eae,3,False,10,True
12,4155,1,assets/targets/lh_ll_unlink_plinko_0001/img.jpg,assets/targets/lh_ll_unlink_plinko_0001/recording.mp4,lh_ll_unlink_plinko_0001,goal_1,False,NA,5dc474fd45b8f933f16d6241,68ffc55371128ff03ff45265,68ffe06e75139a23d8f77eae,1,False,10,True
13,10272,2,assets/fillers/lh_ll_unlink_plinko_0011/img.jpg,assets/fillers/lh_ll_unlink_plinko_0011/recording.mp4,lh_ll_unlink_plinko_0011,goal_3,True,NA,5dc474fd45b8f933f16d6241,68ffc55371128ff03ff45265,68ffe06e75139a23d8f77eae,3,False,5,False
14,5324,3,assets/targets/hh_hl_unlink_plinko_0269/img.jpg,assets/targets/hh_hl_unlink_plinko_0269/recording.mp4,hh_hl_unlink_plinko_0269,goal_3,False,maybe,5dc474fd45b8f933f16d6241,68ffc55371128ff03ff45265,68ffe06e75139a23d8f77eae,3,False,10,True
15,5447,3,assets/fillers/lh_ll_unlink_plinko_0009/img.jpg,assets/fillers/lh_ll_unlink_plinko_0009/recording.mp4,lh_ll_unlink_plinko_0009,goal_3,True,NA,5dc474fd45b8f933f16d6241,68ffc55371128ff03ff45265,68ffe06e75139a23d8f77eae,3,False,10,True
16,3937,2,assets/targets/lh_hh_plinko_0002/img.jpg,assets/targets/lh_hh_plinko_0002/recording.mp4,lh_hh_plinko_0002,goal_2,False,definite,5dc474fd45b8f933f16d6241,68ffc55371128ff03ff45265,68ffe06e75139a23d8f77eae,2,False,10,True
17,11347,0,assets/targets/lh_hh_plinko_0000/img.jpg,assets/targets/lh_hh_plinko_0000/recording.mp4,lh_hh_plinko_0000,goal_0,False,NA,5dc474fd45b8f933f16d6241,68ffc55371128ff03ff45265,68ffe06e75139a23d8f77eae,0,False,10,True
18,4328,3,assets/fillers/lh_hh_trNM_plinko_0002/img.jpg,assets/fillers/lh_hh_trNM_plinko_0002/recording.mp4,lh_hh_trNM_plinko_0002,goal_4,True,NA,5dc474fd45b8f933f16d6241,68ffc55371128ff03ff45265,68ffe06e75139a23d8f77eae,4,False,5,False
19,3144,1,assets/fillers/lh_hh_plinko_0001/img.jpg,assets/fillers/lh_hh_plinko_0001/recording.mp4,lh_hh_plinko_0001,goal_0,True,maybe,5dc474fd45b8f933f16d6241,68ffc55371128ff03ff45265,68ffe06e75139a23d8f77eae,0,False,5,False
20,2567,1,assets/fillers/lh_ll_unlink_plinko_0021/img.jpg,assets/fillers/lh_ll_unlink_plinko_0021/recording.mp4,lh_ll_unlink_plinko_0021,goal_1,True,definite,5dc474fd45b8f933f16d6241,68ffc55371128ff03ff45265,68ffe06e75139a23d8f77eae,1,False,10,True
21,7766,4,assets/fillers/lh_hh_plinko_0002/img.jpg,assets/fillers/lh_hh_plinko_0002/recording.mp4,lh_hh_plinko_0002,goal_3,True,NA,5dc474fd45b8f933f16d6241,68ffc55371128ff03ff45265,68ffe06e75139a23d8f77eae,3,False,5,False
22,9281,4,assets/targets/hh_hl_unlink_plinko_0393/img.jpg,assets/targets/hh_hl_unlink_plinko_0393/recording.mp4,hh_hl_unlink_plinko_0393,goal_2,False,maybe,5dc474fd45b8f933f16d6241,68ffc55371128ff03ff45265,68ffe06e75139a23d8f77eae,2,False,0,False
23,3350,4,assets/targets/lh_hh_trNM_plinko_0002/img.jpg,assets/targets/lh_hh_trNM_plinko_0002/recording.mp4,lh_hh_trNM_plinko_0002,goal_4,False,definite,5dc474fd45b8f933f16d6241,68ffc55371128ff03ff45265,68ffe06e75139a23d8f77eae,4,False,10,True
24,3076,2,assets/targets/lh_hh_trNM_plinko_0001/img.jpg,assets/targets/lh_hh_trNM_plinko_0001/recording.mp4,lh_hh_trNM_plinko_0001,goal_2,False,NA,5dc474fd45b8f933f16d6241,68ffc55371128ff03ff45265,68ffe06e75139a23d8f77eae,2,False,10,True
0,6542,3,assets/fillers/lh_hh_plinko_0000/img.jpg,assets/fillers/lh_hh_plinko_0000/recording.mp4,lh_hh_plinko_0000,goal_4,True,maybe,65fccfbedce99b1065ef1768,68ffc55371128ff03ff45265,68ffe09883d3fa339ff1873f,4,False,5,False
1,4338,3,assets/fillers/lh_ll_unlink_plinko_0017/img.jpg,assets/fillers/lh_ll_unlink_plinko_0017/recording.mp4,lh_ll_unlink_plinko_0017,goal_3,True,NA,65fccfbedce99b1065ef1768,68ffc55371128ff03ff45265,68ffe09883d3fa339ff1873f,3,False,10,True
2,4524,1,assets/fillers/lh_ll_unlink_plinko_0011/img.jpg,assets/fillers/lh_ll_unlink_plinko_0011/recording.mp4,lh_ll_unlink_plinko_0011,goal_3,True,NA,65fccfbedce99b1065ef1768,68ffc55371128ff03ff45265,68ffe09883d3fa339ff1873f,3,False,0,False
3,2857,1,assets/targets/lh_ll_unlink_plinko_0002/img.jpg,assets/targets/lh_ll_unlink_plinko_0002/recording.mp4,lh_ll_unlink_plinko_0002,goal_1,False,NA,65fccfbedce99b1065ef1768,68ffc55371128ff03ff45265,68ffe09883d3fa339ff1873f,1,False,10,True
4,5267,2,assets/targets/hh_hl_unlink_plinko_0246/img.jpg,assets/targets/hh_hl_unlink_plinko_0246/recording.mp4,hh_hl_unlink_plinko_0246,goal_2,False,maybe,65fccfbedce99b1065ef1768,68ffc55371128ff03ff45265,68ffe09883d3fa339ff1873f,2,False,10,True
5,4425,3,assets/fillers/lh_hh_trNM_plinko_0002/img.jpg,assets/fillers/lh_hh_trNM_plinko_0002/recording.mp4,lh_hh_trNM_plinko_0002,goal_4,True,NA,65fccfbedce99b1065ef1768,68ffc55371128ff03ff45265,68ffe09883d3fa339ff1873f,4,False,5,False
6,5319,3,assets/targets/lh_hh_plinko_0001/img.jpg,assets/targets/lh_hh_plinko_0001/recording.mp4,lh_hh_plinko_0001,goal_3,False,NA,65fccfbedce99b1065ef1768,68ffc55371128ff03ff45265,68ffe09883d3fa339ff1873f,3,False,10,True
7,5122,0,assets/targets/hh_hl_unlink_plinko_0269/img.jpg,assets/targets/hh_hl_unlink_plinko_0269/recording.mp4,hh_hl_unlink_plinko_0269,goal_3,False,maybe,65fccfbedce99b1065ef1768,68ffc55371128ff03ff45265,68ffe09883d3fa339ff1873f,3,False,0,False
8,3629,4,assets/targets/hh_hl_unlink_plinko_0393/img.jpg,assets/targets/hh_hl_unlink_plinko_0393/recording.mp4,hh_hl_unlink_plinko_0393,goal_2,False,maybe,65fccfbedce99b1065ef1768,68ffc55371128ff03ff45265,68ffe09883d3fa339ff1873f,2,False,0,False
9,3332,0,assets/targets/lh_hh_plinko_0000/img.jpg,assets/targets/lh_hh_plinko_0000/recording.mp4,lh_hh_plinko_0000,goal_0,False,NA,65fccfbedce99b1065ef1768,68ffc55371128ff03ff45265,68ffe09883d3fa339ff1873f,0,False,10,True
10,4768,2,assets/fillers/catch/img.jpg,assets/fillers/catch/recording.mp4,catch,goal_2,True,NA,65fccfbedce99b1065ef1768,68ffc55371128ff03ff45265,68ffe09883d3fa339ff1873f,2,False,10,True
11,3272,2,assets/targets/lh_hh_trNM_plinko_0001/img.jpg,assets/targets/lh_hh_trNM_plinko_0001/recording.mp4,lh_hh_trNM_plinko_0001,goal_2,False,NA,65fccfbedce99b1065ef1768,68ffc55371128ff03ff45265,68ffe09883d3fa339ff1873f,2,False,10,True
12,7111,3,assets/fillers/lh_hh_plinko_0002/img.jpg,assets/fillers/lh_hh_plinko_0002/recording.mp4,lh_hh_plinko_0002,goal_3,True,NA,65fccfbedce99b1065ef1768,68ffc55371128ff03ff45265,68ffe09883d3fa339ff1873f,3,False,10,True
13,2960,3,assets/targets/lh_ll_unlink_plinko_0000/img.jpg,assets/targets/lh_ll_unlink_plinko_0000/recording.mp4,lh_ll_unlink_plinko_0000,goal_3,False,maybe,65fccfbedce99b1065ef1768,68ffc55371128ff03ff45265,68ffe09883d3fa339ff1873f,3,False,10,True
14,7673,1,assets/fillers/lh_hh_plinko_0001/img.jpg,assets/fillers/lh_hh_plinko_0001/recording.mp4,lh_hh_plinko_0001,goal_0,True,maybe,65fccfbedce99b1065ef1768,68ffc55371128ff03ff45265,68ffe09883d3fa339ff1873f,0,False,5,False
15,2546,4,assets/targets/lh_hh_trNM_plinko_0002/img.jpg,assets/targets/lh_hh_trNM_plinko_0002/recording.mp4,lh_hh_trNM_plinko_0002,goal_4,False,definite,65fccfbedce99b1065ef1768,68ffc55371128ff03ff45265,68ffe09883d3fa339ff1873f,4,False,10,True
16,4484,4,assets/fillers/lh_hh_trNM_plinko_0001/img.jpg,assets/fillers/lh_hh_trNM_plinko_0001/recording.mp4,lh_hh_trNM_plinko_0001,goal_4,True,NA,65fccfbedce99b1065ef1768,68ffc55371128ff03ff45265,68ffe09883d3fa339ff1873f,4,False,10,True
17,6393,2,assets/targets/hh_hl_unlink_plinko_0240/img.jpg,assets/targets/hh_hl_unlink_plinko_0240/recording.mp4,hh_hl_unlink_plinko_0240,goal_0,False,maybe,65fccfbedce99b1065ef1768,68ffc55371128ff03ff45265,68ffe09883d3fa339ff1873f,0,False,0,False
18,3436,4,assets/targets/lh_hh_plinko_0003/img.jpg,assets/targets/lh_hh_plinko_0003/recording.mp4,lh_hh_plinko_0003,goal_4,False,NA,65fccfbedce99b1065ef1768,68ffc55371128ff03ff45265,68ffe09883d3fa339ff1873f,4,False,10,True
19,2953,0,assets/targets/hh_hl_unlink_plinko_0202/img.jpg,assets/targets/hh_hl_unlink_plinko_0202/recording.mp4,hh_hl_unlink_plinko_0202,goal_0,False,maybe,65fccfbedce99b1065ef1768,68ffc55371128ff03ff45265,68ffe09883d3fa339ff1873f,0,False,10,True
20,3251,1,assets/fillers/lh_ll_unlink_plinko_0021/img.jpg,assets/fillers/lh_ll_unlink_plinko_0021/recording.mp4,lh_ll_unlink_plinko_0021,goal_1,True,definite,65fccfbedce99b1065ef1768,68ffc55371128ff03ff45265,68ffe09883d3fa339ff1873f,1,False,10,True
21,4233,0,assets/targets/lh_hh_trNM_plinko_0000/img.jpg,assets/targets/lh_hh_trNM_plinko_0000/recording.mp4,lh_hh_trNM_plinko_0000,goal_0,False,definite,65fccfbedce99b1065ef1768,68ffc55371128ff03ff45265,68ffe09883d3fa339ff1873f,0,False,10,True
22,2953,1,assets/targets/lh_ll_unlink_plinko_0001/img.jpg,assets/targets/lh_ll_unlink_plinko_0001/recording.mp4,lh_ll_unlink_plinko_0001,goal_1,False,NA,65fccfbedce99b1065ef1768,68ffc55371128ff03ff45265,68ffe09883d3fa339ff1873f,1,False,10,True
23,6534,3,assets/fillers/lh_ll_unlink_plinko_0009/img.jpg,assets/fillers/lh_ll_unlink_plinko_0009/recording.mp4,lh_ll_unlink_plinko_0009,goal_3,True,NA,65fccfbedce99b1065ef1768,68ffc55371128ff03ff45265,68ffe09883d3fa339ff1873f,3,False,10,True
24,3292,2,assets/targets/lh_hh_plinko_0002/img.jpg,assets/targets/lh_hh_plinko_0002/recording.mp4,lh_hh_plinko_0002,goal_2,False,definite,65fccfbedce99b1065ef1768,68ffc55371128ff03ff45265,68ffe09883d3fa339ff1873f,2,False,10,True
0,7307,2,assets/fillers/lh_hh_plinko_0001/img.jpg,assets/fillers/lh_hh_plinko_0001/recording.mp4,lh_hh_plinko_0001,goal_0,True,maybe,66d0ea175f9fab7ad09a3a7b,68ffc55371128ff03ff45265,68ffe09a4fd13cbf8ea73c68,0,False,0,False
1,6971,3,assets/fillers/lh_hh_trNM_plinko_0002/img.jpg,assets/fillers/lh_hh_trNM_plinko_0002/recording.mp4,lh_hh_trNM_plinko_0002,goal_4,True,NA,66d0ea175f9fab7ad09a3a7b,68ffc55371128ff03ff45265,68ffe09a4fd13cbf8ea73c68,4,False,5,False
2,9063,0,assets/fillers/lh_hh_plinko_0002/img.jpg,assets/fillers/lh_hh_plinko_0002/recording.mp4,lh_hh_plinko_0002,goal_3,True,NA,66d0ea175f9fab7ad09a3a7b,68ffc55371128ff03ff45265,68ffe09a4fd13cbf8ea73c68,3,False,0,False
3,4779,4,assets/targets/lh_hh_trNM_plinko_0002/img.jpg,assets/targets/lh_hh_trNM_plinko_0002/recording.mp4,lh_hh_trNM_plinko_0002,goal_4,False,definite,66d0ea175f9fab7ad09a3a7b,68ffc55371128ff03ff45265,68ffe09a4fd13cbf8ea73c68,4,False,10,True
4,8302,4,assets/fillers/lh_hh_trNM_plinko_0001/img.jpg,assets/fillers/lh_hh_trNM_plinko_0001/recording.mp4,lh_hh_trNM_plinko_0001,goal_4,True,NA,66d0ea175f9fab7ad09a3a7b,68ffc55371128ff03ff45265,68ffe09a4fd13cbf8ea73c68,4,False,10,True
5,6256,0,assets/targets/lh_hh_plinko_0000/img.jpg,assets/targets/lh_hh_plinko_0000/recording.mp4,lh_hh_plinko_0000,goal_0,False,NA,66d0ea175f9fab7ad09a3a7b,68ffc55371128ff03ff45265,68ffe09a4fd13cbf8ea73c68,0,False,10,True
6,8800,4,assets/targets/hh_hl_unlink_plinko_0240/img.jpg,assets/targets/hh_hl_unlink_plinko_0240/recording.mp4,hh_hl_unlink_plinko_0240,goal_0,False,maybe,66d0ea175f9fab7ad09a3a7b,68ffc55371128ff03ff45265,68ffe09a4fd13cbf8ea73c68,0,False,0,False
7,4802,3,assets/targets/lh_hh_plinko_0001/img.jpg,assets/targets/lh_hh_plinko_0001/recording.mp4,lh_hh_plinko_0001,goal_3,False,NA,66d0ea175f9fab7ad09a3a7b,68ffc55371128ff03ff45265,68ffe09a4fd13cbf8ea73c68,3,False,10,True
8,4283,1,assets/targets/lh_ll_unlink_plinko_0002/img.jpg,assets/targets/lh_ll_unlink_plinko_0002/recording.mp4,lh_ll_unlink_plinko_0002,goal_1,False,NA,66d0ea175f9fab7ad09a3a7b,68ffc55371128ff03ff45265,68ffe09a4fd13cbf8ea73c68,1,False,10,True
9,9769,3,assets/fillers/lh_ll_unlink_plinko_0017/img.jpg,assets/fillers/lh_ll_unlink_plinko_0017/recording.mp4,lh_ll_unlink_plinko_0017,goal_3,True,NA,66d0ea175f9fab7ad09a3a7b,68ffc55371128ff03ff45265,68ffe09a4fd13cbf8ea73c68,3,False,10,True
10,2466,2,assets/fillers/catch/img.jpg,assets/fillers/catch/recording.mp4,catch,goal_2,True,NA,66d0ea175f9fab7ad09a3a7b,68ffc55371128ff03ff45265,68ffe09a4fd13cbf8ea73c68,2,False,10,True
11,4592,4,assets/targets/lh_hh_plinko_0003/img.jpg,assets/targets/lh_hh_plinko_0003/recording.mp4,lh_hh_plinko_0003,goal_4,False,NA,66d0ea175f9fab7ad09a3a7b,68ffc55371128ff03ff45265,68ffe09a4fd13cbf8ea73c68,4,False,10,True
12,5329,0,assets/targets/lh_hh_trNM_plinko_0000/img.jpg,assets/targets/lh_hh_trNM_plinko_0000/recording.mp4,lh_hh_trNM_plinko_0000,goal_0,False,definite,66d0ea175f9fab7ad09a3a7b,68ffc55371128ff03ff45265,68ffe09a4fd13cbf8ea73c68,0,False,10,True
13,5989,3,assets/fillers/lh_ll_unlink_plinko_0011/img.jpg,assets/fillers/lh_ll_unlink_plinko_0011/recording.mp4,lh_ll_unlink_plinko_0011,goal_3,True,NA,66d0ea175f9fab7ad09a3a7b,68ffc55371128ff03ff45265,68ffe09a4fd13cbf8ea73c68,3,False,10,True
14,4878,1,assets/targets/lh_ll_unlink_plinko_0001/img.jpg,assets/targets/lh_ll_unlink_plinko_0001/recording.mp4,lh_ll_unlink_plinko_0001,goal_1,False,NA,66d0ea175f9fab7ad09a3a7b,68ffc55371128ff03ff45265,68ffe09a4fd13cbf8ea73c68,1,False,10,True
15,8343,0,assets/targets/hh_hl_unlink_plinko_0246/img.jpg,assets/targets/hh_hl_unlink_plinko_0246/recording.mp4,hh_hl_unlink_plinko_0246,goal_2,False,maybe,66d0ea175f9fab7ad09a3a7b,68ffc55371128ff03ff45265,68ffe09a4fd13cbf8ea73c68,2,False,0,False
16,5738,2,assets/targets/hh_hl_unlink_plinko_0202/img.jpg,assets/targets/hh_hl_unlink_plinko_0202/recording.mp4,hh_hl_unlink_plinko_0202,goal_0,False,maybe,66d0ea175f9fab7ad09a3a7b,68ffc55371128ff03ff45265,68ffe09a4fd13cbf8ea73c68,0,False,0,False
17,8633,3,assets/targets/hh_hl_unlink_plinko_0269/img.jpg,assets/targets/hh_hl_unlink_plinko_0269/recording.mp4,hh_hl_unlink_plinko_0269,goal_3,False,maybe,66d0ea175f9fab7ad09a3a7b,68ffc55371128ff03ff45265,68ffe09a4fd13cbf8ea73c68,3,False,10,True
18,6174,2,assets/targets/hh_hl_unlink_plinko_0393/img.jpg,assets/targets/hh_hl_unlink_plinko_0393/recording.mp4,hh_hl_unlink_plinko_0393,goal_2,False,maybe,66d0ea175f9fab7ad09a3a7b,68ffc55371128ff03ff45265,68ffe09a4fd13cbf8ea73c68,2,False,10,True
19,5009,3,assets/targets/lh_ll_unlink_plinko_0000/img.jpg,assets/targets/lh_ll_unlink_plinko_0000/recording.mp4,lh_ll_unlink_plinko_0000,goal_3,False,maybe,66d0ea175f9fab7ad09a3a7b,68ffc55371128ff03ff45265,68ffe09a4fd13cbf8ea73c68,3,False,10,True
20,6141,4,assets/fillers/lh_ll_unlink_plinko_0009/img.jpg,assets/fillers/lh_ll_unlink_plinko_0009/recording.mp4,lh_ll_unlink_plinko_0009,goal_3,True,NA,66d0ea175f9fab7ad09a3a7b,68ffc55371128ff03ff45265,68ffe09a4fd13cbf8ea73c68,3,False,5,False
21,5137,1,assets/fillers/lh_ll_unlink_plinko_0021/img.jpg,assets/fillers/lh_ll_unlink_plinko_0021/recording.mp4,lh_ll_unlink_plinko_0021,goal_1,True,definite,66d0ea175f9fab7ad09a3a7b,68ffc55371128ff03ff45265,68ffe09a4fd13cbf8ea73c68,1,False,10,True
22,3792,2,assets/targets/lh_hh_trNM_plinko_0001/img.jpg,assets/targets/lh_hh_trNM_plinko_0001/recording.mp4,lh_hh_trNM_plinko_0001,goal_2,False,NA,66d0ea175f9fab7ad09a3a7b,68ffc55371128ff03ff45265,68ffe09a4fd13cbf8ea73c68,2,False,10,True
23,5336,2,assets/targets/lh_hh_plinko_0002/img.jpg,assets/targets/lh_hh_plinko_0002/recording.mp4,lh_hh_plinko_0002,goal_2,False,definite,66d0ea175f9fab7ad09a3a7b,68ffc55371128ff03ff45265,68ffe09a4fd13cbf8ea73c68,2,False,10,True
24,5558,4,assets/fillers/lh_hh_plinko_0000/img.jpg,assets/fillers/lh_hh_plinko_0000/recording.mp4,lh_hh_plinko_0000,goal_4,True,maybe,66d0ea175f9fab7ad09a3a7b,68ffc55371128ff03ff45265,68ffe09a4fd13cbf8ea73c68,4,False,10,True
0,9885,4,assets/fillers/lh_hh_plinko_0000/img.jpg,assets/fillers/lh_hh_plinko_0000/recording.mp4,lh_hh_plinko_0000,goal_4,True,maybe,60fd68529739d73bd851aba2,68ffc55371128ff03ff45265,68ffe03391c9e801577180d5,4,False,10,True
1,8714,3,assets/fillers/lh_hh_plinko_0002/img.jpg,assets/fillers/lh_hh_plinko_0002/recording.mp4,lh_hh_plinko_0002,goal_3,True,NA,60fd68529739d73bd851aba2,68ffc55371128ff03ff45265,68ffe03391c9e801577180d5,3,False,10,True
2,3512,3,assets/fillers/lh_hh_trNM_plinko_0002/img.jpg,assets/fillers/lh_hh_trNM_plinko_0002/recording.mp4,lh_hh_trNM_plinko_0002,goal_4,True,NA,60fd68529739d73bd851aba2,68ffc55371128ff03ff45265,68ffe03391c9e801577180d5,4,False,5,False
3,13909,4,assets/targets/hh_hl_unlink_plinko_0269/img.jpg,assets/targets/hh_hl_unlink_plinko_0269/recording.mp4,hh_hl_unlink_plinko_0269,goal_3,False,maybe,60fd68529739d73bd851aba2,68ffc55371128ff03ff45265,68ffe03391c9e801577180d5,3,False,5,False
4,5833,4,assets/targets/hh_hl_unlink_plinko_0240/img.jpg,assets/targets/hh_hl_unlink_plinko_0240/recording.mp4,hh_hl_unlink_plinko_0240,goal_0,False,maybe,60fd68529739d73bd851aba2,68ffc55371128ff03ff45265,68ffe03391c9e801577180d5,0,False,0,False
5,4770,2,assets/fillers/lh_ll_unlink_plinko_0011/img.jpg,assets/fillers/lh_ll_unlink_plinko_0011/recording.mp4,lh_ll_unlink_plinko_0011,goal_3,True,NA,60fd68529739d73bd851aba2,68ffc55371128ff03ff45265,68ffe03391c9e801577180d5,3,False,5,False
6,4400,4,assets/fillers/lh_hh_trNM_plinko_0001/img.jpg,assets/fillers/lh_hh_trNM_plinko_0001/recording.mp4,lh_hh_trNM_plinko_0001,goal_4,True,NA,60fd68529739d73bd851aba2,68ffc55371128ff03ff45265,68ffe03391c9e801577180d5,4,False,10,True
7,4136,3,assets/targets/lh_ll_unlink_plinko_0000/img.jpg,assets/targets/lh_ll_unlink_plinko_0000/recording.mp4,lh_ll_unlink_plinko_0000,goal_3,False,maybe,60fd68529739d73bd851aba2,68ffc55371128ff03ff45265,68ffe03391c9e801577180d5,3,False,10,True
8,4032,0,assets/targets/hh_hl_unlink_plinko_0393/img.jpg,assets/targets/hh_hl_unlink_plinko_0393/recording.mp4,hh_hl_unlink_plinko_0393,goal_2,False,maybe,60fd68529739d73bd851aba2,68ffc55371128ff03ff45265,68ffe03391c9e801577180d5,2,False,0,False
9,2866,4,assets/targets/lh_hh_trNM_plinko_0002/img.jpg,assets/targets/lh_hh_trNM_plinko_0002/recording.mp4,lh_hh_trNM_plinko_0002,goal_4,False,definite,60fd68529739d73bd851aba2,68ffc55371128ff03ff45265,68ffe03391c9e801577180d5,4,False,10,True
10,3882,4,assets/targets/lh_hh_plinko_0003/img.jpg,assets/targets/lh_hh_plinko_0003/recording.mp4,lh_hh_plinko_0003,goal_4,False,NA,60fd68529739d73bd851aba2,68ffc55371128ff03ff45265,68ffe03391c9e801577180d5,4,False,10,True
11,4656,0,assets/targets/lh_hh_plinko_0000/img.jpg,assets/targets/lh_hh_plinko_0000/recording.mp4,lh_hh_plinko_0000,goal_0,False,NA,60fd68529739d73bd851aba2,68ffc55371128ff03ff45265,68ffe03391c9e801577180d5,0,False,10,True
12,4293,2,assets/targets/lh_hh_trNM_plinko_0001/img.jpg,assets/targets/lh_hh_trNM_plinko_0001/recording.mp4,lh_hh_trNM_plinko_0001,goal_2,False,NA,60fd68529739d73bd851aba2,68ffc55371128ff03ff45265,68ffe03391c9e801577180d5,2,False,10,True
13,3081,1,assets/fillers/lh_ll_unlink_plinko_0021/img.jpg,assets/fillers/lh_ll_unlink_plinko_0021/recording.mp4,lh_ll_unlink_plinko_0021,goal_1,True,definite,60fd68529739d73bd851aba2,68ffc55371128ff03ff45265,68ffe03391c9e801577180d5,1,False,10,True
14,2507,2,assets/fillers/catch/img.jpg,assets/fillers/catch/recording.mp4,catch,goal_2,True,NA,60fd68529739d73bd851aba2,68ffc55371128ff03ff45265,68ffe03391c9e801577180d5,2,False,10,True
15,5415,1,assets/fillers/lh_hh_plinko_0001/img.jpg,assets/fillers/lh_hh_plinko_0001/recording.mp4,lh_hh_plinko_0001,goal_0,True,maybe,60fd68529739d73bd851aba2,68ffc55371128ff03ff45265,68ffe03391c9e801577180d5,0,False,5,False
16,4568,2,assets/targets/lh_hh_plinko_0002/img.jpg,assets/targets/lh_hh_plinko_0002/recording.mp4,lh_hh_plinko_0002,goal_2,False,definite,60fd68529739d73bd851aba2,68ffc55371128ff03ff45265,68ffe03391c9e801577180d5,2,False,10,True
17,4618,0,assets/targets/lh_hh_trNM_plinko_0000/img.jpg,assets/targets/lh_hh_trNM_plinko_0000/recording.mp4,lh_hh_trNM_plinko_0000,goal_0,False,definite,60fd68529739d73bd851aba2,68ffc55371128ff03ff45265,68ffe03391c9e801577180d5,0,False,10,True
18,6427,0,assets/targets/hh_hl_unlink_plinko_0246/img.jpg,assets/targets/hh_hl_unlink_plinko_0246/recording.mp4,hh_hl_unlink_plinko_0246,goal_2,False,maybe,60fd68529739d73bd851aba2,68ffc55371128ff03ff45265,68ffe03391c9e801577180d5,2,False,0,False
19,3434,1,assets/targets/lh_ll_unlink_plinko_0002/img.jpg,assets/targets/lh_ll_unlink_plinko_0002/recording.mp4,lh_ll_unlink_plinko_0002,goal_1,False,NA,60fd68529739d73bd851aba2,68ffc55371128ff03ff45265,68ffe03391c9e801577180d5,1,False,10,True
20,3209,1,assets/targets/lh_ll_unlink_plinko_0001/img.jpg,assets/targets/lh_ll_unlink_plinko_0001/recording.mp4,lh_ll_unlink_plinko_0001,goal_1,False,NA,60fd68529739d73bd851aba2,68ffc55371128ff03ff45265,68ffe03391c9e801577180d5,1,False,10,True
21,13935,2,assets/targets/hh_hl_unlink_plinko_0202/img.jpg,assets/targets/hh_hl_unlink_plinko_0202/recording.mp4,hh_hl_unlink_plinko_0202,goal_0,False,maybe,60fd68529739d73bd851aba2,68ffc55371128ff03ff45265,68ffe03391c9e801577180d5,0,False,0,False
22,4022,3,assets/targets/lh_hh_plinko_0001/img.jpg,assets/targets/lh_hh_plinko_0001/recording.mp4,lh_hh_plinko_0001,goal_3,False,NA,60fd68529739d73bd851aba2,68ffc55371128ff03ff45265,68ffe03391c9e801577180d5,3,False,10,True
23,3785,3,assets/fillers/lh_ll_unlink_plinko_0017/img.jpg,assets/fillers/lh_ll_unlink_plinko_0017/recording.mp4,lh_ll_unlink_plinko_0017,goal_3,True,NA,60fd68529739d73bd851aba2,68ffc55371128ff03ff45265,68ffe03391c9e801577180d5,3,False,10,True
24,7506,2,assets/fillers/lh_ll_unlink_plinko_0009/img.jpg,assets/fillers/lh_ll_unlink_plinko_0009/recording.mp4,lh_ll_unlink_plinko_0009,goal_3,True,NA,60fd68529739d73bd851aba2,68ffc55371128ff03ff45265,68ffe03391c9e801577180d5,3,False,5,False
0,8659,3,assets/fillers/lh_ll_unlink_plinko_0009/img.jpg,assets/fillers/lh_ll_unlink_plinko_0009/recording.mp4,lh_ll_unlink_plinko_0009,goal_3,True,NA,66d8a2e983245e94534a26d2,68ffc55371128ff03ff45265,68ffe0940404d6e84d1bf053,3,False,10,True
1,7137,1,assets/fillers/lh_hh_plinko_0001/img.jpg,assets/fillers/lh_hh_plinko_0001/recording.mp4,lh_hh_plinko_0001,goal_0,True,maybe,66d8a2e983245e94534a26d2,68ffc55371128ff03ff45265,68ffe0940404d6e84d1bf053,0,False,5,False
2,3464,0,assets/fillers/lh_hh_trNM_plinko_0002/img.jpg,assets/fillers/lh_hh_trNM_plinko_0002/recording.mp4,lh_hh_trNM_plinko_0002,goal_4,True,NA,66d8a2e983245e94534a26d2,68ffc55371128ff03ff45265,68ffe0940404d6e84d1bf053,4,False,0,False
3,5077,2,assets/fillers/catch/img.jpg,assets/fillers/catch/recording.mp4,catch,goal_2,True,NA,66d8a2e983245e94534a26d2,68ffc55371128ff03ff45265,68ffe0940404d6e84d1bf053,2,False,10,True
4,14369,2,assets/targets/lh_hh_trNM_plinko_0000/img.jpg,assets/targets/lh_hh_trNM_plinko_0000/recording.mp4,lh_hh_trNM_plinko_0000,goal_0,False,definite,66d8a2e983245e94534a26d2,68ffc55371128ff03ff45265,68ffe0940404d6e84d1bf053,0,False,0,False
5,7145,0,assets/targets/lh_hh_plinko_0000/img.jpg,assets/targets/lh_hh_plinko_0000/recording.mp4,lh_hh_plinko_0000,goal_0,False,NA,66d8a2e983245e94534a26d2,68ffc55371128ff03ff45265,68ffe0940404d6e84d1bf053,0,False,10,True
6,8939,2,assets/targets/hh_hl_unlink_plinko_0240/img.jpg,assets/targets/hh_hl_unlink_plinko_0240/recording.mp4,hh_hl_unlink_plinko_0240,goal_0,False,maybe,66d8a2e983245e94534a26d2,68ffc55371128ff03ff45265,68ffe0940404d6e84d1bf053,0,False,0,False
7,7707,2,assets/targets/lh_hh_trNM_plinko_0001/img.jpg,assets/targets/lh_hh_trNM_plinko_0001/recording.mp4,lh_hh_trNM_plinko_0001,goal_2,False,NA,66d8a2e983245e94534a26d2,68ffc55371128ff03ff45265,68ffe0940404d6e84d1bf053,2,False,10,True
8,9133,2,assets/targets/lh_hh_plinko_0002/img.jpg,assets/targets/lh_hh_plinko_0002/recording.mp4,lh_hh_plinko_0002,goal_2,False,definite,66d8a2e983245e94534a26d2,68ffc55371128ff03ff45265,68ffe0940404d6e84d1bf053,2,False,10,True
9,8119,2,assets/targets/hh_hl_unlink_plinko_0202/img.jpg,assets/targets/hh_hl_unlink_plinko_0202/recording.mp4,hh_hl_unlink_plinko_0202,goal_0,False,maybe,66d8a2e983245e94534a26d2,68ffc55371128ff03ff45265,68ffe0940404d6e84d1bf053,0,False,0,False
10,8219,1,assets/targets/lh_ll_unlink_plinko_0002/img.jpg,assets/targets/lh_ll_unlink_plinko_0002/recording.mp4,lh_ll_unlink_plinko_0002,goal_1,False,NA,66d8a2e983245e94534a26d2,68ffc55371128ff03ff45265,68ffe0940404d6e84d1bf053,1,False,10,True
11,13819,0,assets/fillers/lh_hh_trNM_plinko_0001/img.jpg,assets/fillers/lh_hh_trNM_plinko_0001/recording.mp4,lh_hh_trNM_plinko_0001,goal_4,True,NA,66d8a2e983245e94534a26d2,68ffc55371128ff03ff45265,68ffe0940404d6e84d1bf053,4,False,0,False
12,8859,3,assets/fillers/lh_ll_unlink_plinko_0011/img.jpg,assets/fillers/lh_ll_unlink_plinko_0011/recording.mp4,lh_ll_unlink_plinko_0011,goal_3,True,NA,66d8a2e983245e94534a26d2,68ffc55371128ff03ff45265,68ffe0940404d6e84d1bf053,3,False,10,True
13,16411,3,assets/fillers/lh_hh_plinko_0000/img.jpg,assets/fillers/lh_hh_plinko_0000/recording.mp4,lh_hh_plinko_0000,goal_4,True,maybe,66d8a2e983245e94534a26d2,68ffc55371128ff03ff45265,68ffe0940404d6e84d1bf053,4,False,5,False
14,5583,1,assets/targets/lh_ll_unlink_plinko_0001/img.jpg,assets/targets/lh_ll_unlink_plinko_0001/recording.mp4,lh_ll_unlink_plinko_0001,goal_1,False,NA,66d8a2e983245e94534a26d2,68ffc55371128ff03ff45265,68ffe0940404d6e84d1bf053,1,False,10,True
15,10733,0,assets/targets/hh_hl_unlink_plinko_0393/img.jpg,assets/targets/hh_hl_unlink_plinko_0393/recording.mp4,hh_hl_unlink_plinko_0393,goal_2,False,maybe,66d8a2e983245e94534a26d2,68ffc55371128ff03ff45265,68ffe0940404d6e84d1bf053,2,False,0,False
16,4047,4,assets/targets/lh_hh_trNM_plinko_0002/img.jpg,assets/targets/lh_hh_trNM_plinko_0002/recording.mp4,lh_hh_trNM_plinko_0002,goal_4,False,definite,66d8a2e983245e94534a26d2,68ffc55371128ff03ff45265,68ffe0940404d6e84d1bf053,4,False,10,True
17,5037,4,assets/targets/lh_hh_plinko_0003/img.jpg,assets/targets/lh_hh_plinko_0003/recording.mp4,lh_hh_plinko_0003,goal_4,False,NA,66d8a2e983245e94534a26d2,68ffc55371128ff03ff45265,68ffe0940404d6e84d1bf053,4,False,10,True
18,9695,3,assets/fillers/lh_hh_plinko_0002/img.jpg,assets/fillers/lh_hh_plinko_0002/recording.mp4,lh_hh_plinko_0002,goal_3,True,NA,66d8a2e983245e94534a26d2,68ffc55371128ff03ff45265,68ffe0940404d6e84d1bf053,3,False,10,True
19,6995,2,assets/targets/hh_hl_unlink_plinko_0246/img.jpg,assets/targets/hh_hl_unlink_plinko_0246/recording.mp4,hh_hl_unlink_plinko_0246,goal_2,False,maybe,66d8a2e983245e94534a26d2,68ffc55371128ff03ff45265,68ffe0940404d6e84d1bf053,2,False,10,True
20,8229,3,assets/targets/lh_ll_unlink_plinko_0000/img.jpg,assets/targets/lh_ll_unlink_plinko_0000/recording.mp4,lh_ll_unlink_plinko_0000,goal_3,False,maybe,66d8a2e983245e94534a26d2,68ffc55371128ff03ff45265,68ffe0940404d6e84d1bf053,3,False,10,True
21,8665,3,assets/targets/hh_hl_unlink_plinko_0269/img.jpg,assets/targets/hh_hl_unlink_plinko_0269/recording.mp4,hh_hl_unlink_plinko_0269,goal_3,False,maybe,66d8a2e983245e94534a26d2,68ffc55371128ff03ff45265,68ffe0940404d6e84d1bf053,3,False,10,True
22,6317,3,assets/fillers/lh_ll_unlink_plinko_0017/img.jpg,assets/fillers/lh_ll_unlink_plinko_0017/recording.mp4,lh_ll_unlink_plinko_0017,goal_3,True,NA,66d8a2e983245e94534a26d2,68ffc55371128ff03ff45265,68ffe0940404d6e84d1bf053,3,False,10,True
23,6809,3,assets/targets/lh_hh_plinko_0001/img.jpg,assets/targets/lh_hh_plinko_0001/recording.mp4,lh_hh_plinko_0001,goal_3,False,NA,66d8a2e983245e94534a26d2,68ffc55371128ff03ff45265,68ffe0940404d6e84d1bf053,3,False,10,True
24,4553,1,assets/fillers/lh_ll_unlink_plinko_0021/img.jpg,assets/fillers/lh_ll_unlink_plinko_0021/recording.mp4,lh_ll_unlink_plinko_0021,goal_1,True,definite,66d8a2e983245e94534a26d2,68ffc55371128ff03ff45265,68ffe0940404d6e84d1bf053,1,False,10,True
0,12124,3,assets/fillers/lh_ll_unlink_plinko_0017/img.jpg,assets/fillers/lh_ll_unlink_plinko_0017/recording.mp4,lh_ll_unlink_plinko_0017,goal_3,True,NA,67417f2133472ff294734562,68ffc55371128ff03ff45265,68ffdfa66f2636ca8bb9f1b5,3,False,10,True
1,8897,2,assets/fillers/lh_ll_unlink_plinko_0011/img.jpg,assets/fillers/lh_ll_unlink_plinko_0011/recording.mp4,lh_ll_unlink_plinko_0011,goal_3,True,NA,67417f2133472ff294734562,68ffc55371128ff03ff45265,68ffdfa66f2636ca8bb9f1b5,3,False,5,False
2,13375,4,assets/fillers/lh_hh_plinko_0000/img.jpg,assets/fillers/lh_hh_plinko_0000/recording.mp4,lh_hh_plinko_0000,goal_4,True,maybe,67417f2133472ff294734562,68ffc55371128ff03ff45265,68ffdfa66f2636ca8bb9f1b5,4,False,10,True
3,5820,4,assets/targets/lh_hh_plinko_0003/img.jpg,assets/targets/lh_hh_plinko_0003/recording.mp4,lh_hh_plinko_0003,goal_4,False,NA,67417f2133472ff294734562,68ffc55371128ff03ff45265,68ffdfa66f2636ca8bb9f1b5,4,False,10,True
4,11211,0,assets/targets/hh_hl_unlink_plinko_0240/img.jpg,assets/targets/hh_hl_unlink_plinko_0240/recording.mp4,hh_hl_unlink_plinko_0240,goal_0,False,maybe,67417f2133472ff294734562,68ffc55371128ff03ff45265,68ffdfa66f2636ca8bb9f1b5,0,False,10,True
5,8568,4,assets/fillers/lh_hh_trNM_plinko_0001/img.jpg,assets/fillers/lh_hh_trNM_plinko_0001/recording.mp4,lh_hh_trNM_plinko_0001,goal_4,True,NA,67417f2133472ff294734562,68ffc55371128ff03ff45265,68ffdfa66f2636ca8bb9f1b5,4,False,10,True
6,8190,3,assets/targets/hh_hl_unlink_plinko_0269/img.jpg,assets/targets/hh_hl_unlink_plinko_0269/recording.mp4,hh_hl_unlink_plinko_0269,goal_3,False,maybe,67417f2133472ff294734562,68ffc55371128ff03ff45265,68ffdfa66f2636ca8bb9f1b5,3,False,10,True
7,3622,2,assets/fillers/catch/img.jpg,assets/fillers/catch/recording.mp4,catch,goal_2,True,NA,67417f2133472ff294734562,68ffc55371128ff03ff45265,68ffdfa66f2636ca8bb9f1b5,2,False,10,True
8,6721,0,assets/targets/hh_hl_unlink_plinko_0393/img.jpg,assets/targets/hh_hl_unlink_plinko_0393/recording.mp4,hh_hl_unlink_plinko_0393,goal_2,False,maybe,67417f2133472ff294734562,68ffc55371128ff03ff45265,68ffdfa66f2636ca8bb9f1b5,2,False,0,False
9,8808,1,assets/targets/lh_ll_unlink_plinko_0001/img.jpg,assets/targets/lh_ll_unlink_plinko_0001/recording.mp4,lh_ll_unlink_plinko_0001,goal_1,False,NA,67417f2133472ff294734562,68ffc55371128ff03ff45265,68ffdfa66f2636ca8bb9f1b5,1,False,10,True
10,6914,3,assets/targets/lh_ll_unlink_plinko_0000/img.jpg,assets/targets/lh_ll_unlink_plinko_0000/recording.mp4,lh_ll_unlink_plinko_0000,goal_3,False,maybe,67417f2133472ff294734562,68ffc55371128ff03ff45265,68ffdfa66f2636ca8bb9f1b5,3,False,10,True
11,8316,3,assets/targets/lh_hh_plinko_0001/img.jpg,assets/targets/lh_hh_plinko_0001/recording.mp4,lh_hh_plinko_0001,goal_3,False,NA,67417f2133472ff294734562,68ffc55371128ff03ff45265,68ffdfa66f2636ca8bb9f1b5,3,False,10,True
12,5802,3,assets/fillers/lh_hh_trNM_plinko_0002/img.jpg,assets/fillers/lh_hh_trNM_plinko_0002/recording.mp4,lh_hh_trNM_plinko_0002,goal_4,True,NA,67417f2133472ff294734562,68ffc55371128ff03ff45265,68ffdfa66f2636ca8bb9f1b5,4,False,5,False
13,6094,0,assets/targets/lh_hh_trNM_plinko_0000/img.jpg,assets/targets/lh_hh_trNM_plinko_0000/recording.mp4,lh_hh_trNM_plinko_0000,goal_0,False,definite,67417f2133472ff294734562,68ffc55371128ff03ff45265,68ffdfa66f2636ca8bb9f1b5,0,False,10,True
14,7393,3,assets/fillers/lh_hh_plinko_0002/img.jpg,assets/fillers/lh_hh_plinko_0002/recording.mp4,lh_hh_plinko_0002,goal_3,True,NA,67417f2133472ff294734562,68ffc55371128ff03ff45265,68ffdfa66f2636ca8bb9f1b5,3,False,10,True
15,6524,2,assets/targets/hh_hl_unlink_plinko_0246/img.jpg,assets/targets/hh_hl_unlink_plinko_0246/recording.mp4,hh_hl_unlink_plinko_0246,goal_2,False,maybe,67417f2133472ff294734562,68ffc55371128ff03ff45265,68ffdfa66f2636ca8bb9f1b5,2,False,10,True
16,6988,1,assets/fillers/lh_hh_plinko_0001/img.jpg,assets/fillers/lh_hh_plinko_0001/recording.mp4,lh_hh_plinko_0001,goal_0,True,maybe,67417f2133472ff294734562,68ffc55371128ff03ff45265,68ffdfa66f2636ca8bb9f1b5,0,False,5,False
17,5499,2,assets/targets/lh_hh_trNM_plinko_0001/img.jpg,assets/targets/lh_hh_trNM_plinko_0001/recording.mp4,lh_hh_trNM_plinko_0001,goal_2,False,NA,67417f2133472ff294734562,68ffc55371128ff03ff45265,68ffdfa66f2636ca8bb9f1b5,2,False,10,True
18,6172,1,assets/targets/lh_ll_unlink_plinko_0002/img.jpg,assets/targets/lh_ll_unlink_plinko_0002/recording.mp4,lh_ll_unlink_plinko_0002,goal_1,False,NA,67417f2133472ff294734562,68ffc55371128ff03ff45265,68ffdfa66f2636ca8bb9f1b5,1,False,10,True
19,8230,2,assets/targets/lh_hh_plinko_0002/img.jpg,assets/targets/lh_hh_plinko_0002/recording.mp4,lh_hh_plinko_0002,goal_2,False,definite,67417f2133472ff294734562,68ffc55371128ff03ff45265,68ffdfa66f2636ca8bb9f1b5,2,False,10,True
20,7531,0,assets/fillers/lh_ll_unlink_plinko_0021/img.jpg,assets/fillers/lh_ll_unlink_plinko_0021/recording.mp4,lh_ll_unlink_plinko_0021,goal_1,True,definite,67417f2133472ff294734562,68ffc55371128ff03ff45265,68ffdfa66f2636ca8bb9f1b5,1,False,5,False
21,10400,1,assets/targets/hh_hl_unlink_plinko_0202/img.jpg,assets/targets/hh_hl_unlink_plinko_0202/recording.mp4,hh_hl_unlink_plinko_0202,goal_0,False,maybe,67417f2133472ff294734562,68ffc55371128ff03ff45265,68ffdfa66f2636ca8bb9f1b5,0,False,5,False
22,3552,4,assets/targets/lh_hh_trNM_plinko_0002/img.jpg,assets/targets/lh_hh_trNM_plinko_0002/recording.mp4,lh_hh_trNM_plinko_0002,goal_4,False,definite,67417f2133472ff294734562,68ffc55371128ff03ff45265,68ffdfa66f2636ca8bb9f1b5,4,False,10,True
23,8656,2,assets/fillers/lh_ll_unlink_plinko_0009/img.jpg,assets/fillers/lh_ll_unlink_plinko_0009/recording.mp4,lh_ll_unlink_plinko_0009,goal_3,True,NA,67417f2133472ff294734562,68ffc55371128ff03ff45265,68ffdfa66f2636ca8bb9f1b5,3,False,5,False
24,5459,0,assets/targets/lh_hh_plinko_0000/img.jpg,assets/targets/lh_hh_plinko_0000/recording.mp4,lh_hh_plinko_0000,goal_0,False,NA,67417f2133472ff294734562,68ffc55371128ff03ff45265,68ffdfa66f2636ca8bb9f1b5,0,False,10,True
0,3788,1,assets/fillers/lh_ll_unlink_plinko_0021/img.jpg,assets/fillers/lh_ll_unlink_plinko_0021/recording.mp4,lh_ll_unlink_plinko_0021,goal_1,True,definite,67edb75b0744561f1cf6ff9d,68ffc55371128ff03ff45265,68ffe0187799608b44bad185,1,False,10,True
1,5171,4,assets/fillers/lh_hh_trNM_plinko_0001/img.jpg,assets/fillers/lh_hh_trNM_plinko_0001/recording.mp4,lh_hh_trNM_plinko_0001,goal_4,True,NA,67edb75b0744561f1cf6ff9d,68ffc55371128ff03ff45265,68ffe0187799608b44bad185,4,False,10,True
2,8975,3,assets/fillers/lh_hh_plinko_0002/img.jpg,assets/fillers/lh_hh_plinko_0002/recording.mp4,lh_hh_plinko_0002,goal_3,True,NA,67edb75b0744561f1cf6ff9d,68ffc55371128ff03ff45265,68ffe0187799608b44bad185,3,False,10,True
3,5787,4,assets/targets/lh_hh_plinko_0003/img.jpg,assets/targets/lh_hh_plinko_0003/recording.mp4,lh_hh_plinko_0003,goal_4,False,NA,67edb75b0744561f1cf6ff9d,68ffc55371128ff03ff45265,68ffe0187799608b44bad185,4,False,10,True
4,7448,3,assets/fillers/lh_hh_trNM_plinko_0002/img.jpg,assets/fillers/lh_hh_trNM_plinko_0002/recording.mp4,lh_hh_trNM_plinko_0002,goal_4,True,NA,67edb75b0744561f1cf6ff9d,68ffc55371128ff03ff45265,68ffe0187799608b44bad185,4,False,5,False
5,5887,1,assets/fillers/lh_hh_plinko_0001/img.jpg,assets/fillers/lh_hh_plinko_0001/recording.mp4,lh_hh_plinko_0001,goal_0,True,maybe,67edb75b0744561f1cf6ff9d,68ffc55371128ff03ff45265,68ffe0187799608b44bad185,0,False,5,False
6,3186,2,assets/targets/lh_hh_trNM_plinko_0001/img.jpg,assets/targets/lh_hh_trNM_plinko_0001/recording.mp4,lh_hh_trNM_plinko_0001,goal_2,False,NA,67edb75b0744561f1cf6ff9d,68ffc55371128ff03ff45265,68ffe0187799608b44bad185,2,False,10,True
7,5313,2,assets/targets/hh_hl_unlink_plinko_0202/img.jpg,assets/targets/hh_hl_unlink_plinko_0202/recording.mp4,hh_hl_unlink_plinko_0202,goal_0,False,maybe,67edb75b0744561f1cf6ff9d,68ffc55371128ff03ff45265,68ffe0187799608b44bad185,0,False,0,False
8,4061,3,assets/targets/lh_hh_plinko_0001/img.jpg,assets/targets/lh_hh_plinko_0001/recording.mp4,lh_hh_plinko_0001,goal_3,False,NA,67edb75b0744561f1cf6ff9d,68ffc55371128ff03ff45265,68ffe0187799608b44bad185,3,False,10,True
9,4299,0,assets/targets/lh_hh_plinko_0000/img.jpg,assets/targets/lh_hh_plinko_0000/recording.mp4,lh_hh_plinko_0000,goal_0,False,NA,67edb75b0744561f1cf6ff9d,68ffc55371128ff03ff45265,68ffe0187799608b44bad185,0,False,10,True
10,4213,1,assets/targets/lh_ll_unlink_plinko_0002/img.jpg,assets/targets/lh_ll_unlink_plinko_0002/recording.mp4,lh_ll_unlink_plinko_0002,goal_1,False,NA,67edb75b0744561f1cf6ff9d,68ffc55371128ff03ff45265,68ffe0187799608b44bad185,1,False,10,True
11,7483,0,assets/targets/hh_hl_unlink_plinko_0393/img.jpg,assets/targets/hh_hl_unlink_plinko_0393/recording.mp4,hh_hl_unlink_plinko_0393,goal_2,False,maybe,67edb75b0744561f1cf6ff9d,68ffc55371128ff03ff45265,68ffe0187799608b44bad185,2,False,0,False
12,9302,3,assets/targets/hh_hl_unlink_plinko_0269/img.jpg,assets/targets/hh_hl_unlink_plinko_0269/recording.mp4,hh_hl_unlink_plinko_0269,goal_3,False,maybe,67edb75b0744561f1cf6ff9d,68ffc55371128ff03ff45265,68ffe0187799608b44bad185,3,False,10,True
13,5332,1,assets/targets/lh_ll_unlink_plinko_0001/img.jpg,assets/targets/lh_ll_unlink_plinko_0001/recording.mp4,lh_ll_unlink_plinko_0001,goal_1,False,NA,67edb75b0744561f1cf6ff9d,68ffc55371128ff03ff45265,68ffe0187799608b44bad185,1,False,10,True
14,6608,2,assets/fillers/lh_ll_unlink_plinko_0011/img.jpg,assets/fillers/lh_ll_unlink_plinko_0011/recording.mp4,lh_ll_unlink_plinko_0011,goal_3,True,NA,67edb75b0744561f1cf6ff9d,68ffc55371128ff03ff45265,68ffe0187799608b44bad185,3,False,5,False
15,5078,3,assets/targets/lh_ll_unlink_plinko_0000/img.jpg,assets/targets/lh_ll_unlink_plinko_0000/recording.mp4,lh_ll_unlink_plinko_0000,goal_3,False,maybe,67edb75b0744561f1cf6ff9d,68ffc55371128ff03ff45265,68ffe0187799608b44bad185,3,False,10,True
16,5690,3,assets/fillers/lh_ll_unlink_plinko_0009/img.jpg,assets/fillers/lh_ll_unlink_plinko_0009/recording.mp4,lh_ll_unlink_plinko_0009,goal_3,True,NA,67edb75b0744561f1cf6ff9d,68ffc55371128ff03ff45265,68ffe0187799608b44bad185,3,False,10,True
17,4509,4,assets/targets/hh_hl_unlink_plinko_0240/img.jpg,assets/targets/hh_hl_unlink_plinko_0240/recording.mp4,hh_hl_unlink_plinko_0240,goal_0,False,maybe,67edb75b0744561f1cf6ff9d,68ffc55371128ff03ff45265,68ffe0187799608b44bad185,0,False,0,False
18,5119,4,assets/targets/lh_hh_trNM_plinko_0002/img.jpg,assets/targets/lh_hh_trNM_plinko_0002/recording.mp4,lh_hh_trNM_plinko_0002,goal_4,False,definite,67edb75b0744561f1cf6ff9d,68ffc55371128ff03ff45265,68ffe0187799608b44bad185,4,False,10,True
19,7685,3,assets/targets/hh_hl_unlink_plinko_0246/img.jpg,assets/targets/hh_hl_unlink_plinko_0246/recording.mp4,hh_hl_unlink_plinko_0246,goal_2,False,maybe,67edb75b0744561f1cf6ff9d,68ffc55371128ff03ff45265,68ffe0187799608b44bad185,2,False,5,False
20,4223,0,assets/targets/lh_hh_trNM_plinko_0000/img.jpg,assets/targets/lh_hh_trNM_plinko_0000/recording.mp4,lh_hh_trNM_plinko_0000,goal_0,False,definite,67edb75b0744561f1cf6ff9d,68ffc55371128ff03ff45265,68ffe0187799608b44bad185,0,False,10,True
21,4437,3,assets/fillers/lh_ll_unlink_plinko_0017/img.jpg,assets/fillers/lh_ll_unlink_plinko_0017/recording.mp4,lh_ll_unlink_plinko_0017,goal_3,True,NA,67edb75b0744561f1cf6ff9d,68ffc55371128ff03ff45265,68ffe0187799608b44bad185,3,False,10,True
22,9297,4,assets/fillers/lh_hh_plinko_0000/img.jpg,assets/fillers/lh_hh_plinko_0000/recording.mp4,lh_hh_plinko_0000,goal_4,True,maybe,67edb75b0744561f1cf6ff9d,68ffc55371128ff03ff45265,68ffe0187799608b44bad185,4,False,10,True
23,3905,2,assets/fillers/catch/img.jpg,assets/fillers/catch/recording.mp4,catch,goal_2,True,NA,67edb75b0744561f1cf6ff9d,68ffc55371128ff03ff45265,68ffe0187799608b44bad185,2,False,10,True
24,3265,2,assets/targets/lh_hh_plinko_0002/img.jpg,assets/targets/lh_hh_plinko_0002/recording.mp4,lh_hh_plinko_0002,goal_2,False,definite,67edb75b0744561f1cf6ff9d,68ffc55371128ff03ff45265,68ffe0187799608b44bad185,2,False,10,True
0,11331,4,assets/fillers/lh_hh_plinko_0000/img.jpg,assets/fillers/lh_hh_plinko_0000/recording.mp4,lh_hh_plinko_0000,goal_4,True,maybe,5d7c6d39a9f18900015f3094,68ffc55371128ff03ff45265,68ffe09e21bb6be1c0634a75,4,False,10,True
1,4497,3,assets/fillers/lh_ll_unlink_plinko_0017/img.jpg,assets/fillers/lh_ll_unlink_plinko_0017/recording.mp4,lh_ll_unlink_plinko_0017,goal_3,True,NA,5d7c6d39a9f18900015f3094,68ffc55371128ff03ff45265,68ffe09e21bb6be1c0634a75,3,False,10,True
2,7331,1,assets/fillers/lh_ll_unlink_plinko_0021/img.jpg,assets/fillers/lh_ll_unlink_plinko_0021/recording.mp4,lh_ll_unlink_plinko_0021,goal_1,True,definite,5d7c6d39a9f18900015f3094,68ffc55371128ff03ff45265,68ffe09e21bb6be1c0634a75,1,False,10,True
3,7997,3,assets/fillers/lh_ll_unlink_plinko_0009/img.jpg,assets/fillers/lh_ll_unlink_plinko_0009/recording.mp4,lh_ll_unlink_plinko_0009,goal_3,True,NA,5d7c6d39a9f18900015f3094,68ffc55371128ff03ff45265,68ffe09e21bb6be1c0634a75,3,False,10,True
4,19397,3,assets/fillers/lh_hh_trNM_plinko_0002/img.jpg,assets/fillers/lh_hh_trNM_plinko_0002/recording.mp4,lh_hh_trNM_plinko_0002,goal_4,True,NA,5d7c6d39a9f18900015f3094,68ffc55371128ff03ff45265,68ffe09e21bb6be1c0634a75,4,False,5,False
5,5231,0,assets/targets/lh_hh_plinko_0000/img.jpg,assets/targets/lh_hh_plinko_0000/recording.mp4,lh_hh_plinko_0000,goal_0,False,NA,5d7c6d39a9f18900015f3094,68ffc55371128ff03ff45265,68ffe09e21bb6be1c0634a75,0,False,10,True
6,4881,1,assets/targets/lh_ll_unlink_plinko_0001/img.jpg,assets/targets/lh_ll_unlink_plinko_0001/recording.mp4,lh_ll_unlink_plinko_0001,goal_1,False,NA,5d7c6d39a9f18900015f3094,68ffc55371128ff03ff45265,68ffe09e21bb6be1c0634a75,1,False,10,True
7,11448,0,assets/targets/hh_hl_unlink_plinko_0269/img.jpg,assets/targets/hh_hl_unlink_plinko_0269/recording.mp4,hh_hl_unlink_plinko_0269,goal_3,False,maybe,5d7c6d39a9f18900015f3094,68ffc55371128ff03ff45265,68ffe09e21bb6be1c0634a75,3,False,0,False
8,11898,4,assets/targets/hh_hl_unlink_plinko_0240/img.jpg,assets/targets/hh_hl_unlink_plinko_0240/recording.mp4,hh_hl_unlink_plinko_0240,goal_0,False,maybe,5d7c6d39a9f18900015f3094,68ffc55371128ff03ff45265,68ffe09e21bb6be1c0634a75,0,False,0,False
9,6581,0,assets/targets/hh_hl_unlink_plinko_0246/img.jpg,assets/targets/hh_hl_unlink_plinko_0246/recording.mp4,hh_hl_unlink_plinko_0246,goal_2,False,maybe,5d7c6d39a9f18900015f3094,68ffc55371128ff03ff45265,68ffe09e21bb6be1c0634a75,2,False,0,False
10,5098,2,assets/targets/lh_hh_plinko_0002/img.jpg,assets/targets/lh_hh_plinko_0002/recording.mp4,lh_hh_plinko_0002,goal_2,False,definite,5d7c6d39a9f18900015f3094,68ffc55371128ff03ff45265,68ffe09e21bb6be1c0634a75,2,False,10,True
11,5365,1,assets/fillers/lh_hh_plinko_0001/img.jpg,assets/fillers/lh_hh_plinko_0001/recording.mp4,lh_hh_plinko_0001,goal_0,True,maybe,5d7c6d39a9f18900015f3094,68ffc55371128ff03ff45265,68ffe09e21bb6be1c0634a75,0,False,5,False
12,5298,3,assets/targets/lh_hh_plinko_0001/img.jpg,assets/targets/lh_hh_plinko_0001/recording.mp4,lh_hh_plinko_0001,goal_3,False,NA,5d7c6d39a9f18900015f3094,68ffc55371128ff03ff45265,68ffe09e21bb6be1c0634a75,3,False,10,True
13,6731,0,assets/fillers/lh_hh_plinko_0002/img.jpg,assets/fillers/lh_hh_plinko_0002/recording.mp4,lh_hh_plinko_0002,goal_3,True,NA,5d7c6d39a9f18900015f3094,68ffc55371128ff03ff45265,68ffe09e21bb6be1c0634a75,3,False,0,False
14,6498,4,assets/fillers/lh_hh_trNM_plinko_0001/img.jpg,assets/fillers/lh_hh_trNM_plinko_0001/recording.mp4,lh_hh_trNM_plinko_0001,goal_4,True,NA,5d7c6d39a9f18900015f3094,68ffc55371128ff03ff45265,68ffe09e21bb6be1c0634a75,4,False,10,True
15,8048,2,assets/targets/lh_hh_trNM_plinko_0001/img.jpg,assets/targets/lh_hh_trNM_plinko_0001/recording.mp4,lh_hh_trNM_plinko_0001,goal_2,False,NA,5d7c6d39a9f18900015f3094,68ffc55371128ff03ff45265,68ffe09e21bb6be1c0634a75,2,False,10,True
16,18581,2,assets/targets/hh_hl_unlink_plinko_0393/img.jpg,assets/targets/hh_hl_unlink_plinko_0393/recording.mp4,hh_hl_unlink_plinko_0393,goal_2,False,maybe,5d7c6d39a9f18900015f3094,68ffc55371128ff03ff45265,68ffe09e21bb6be1c0634a75,2,False,10,True
17,4531,4,assets/targets/lh_hh_trNM_plinko_0002/img.jpg,assets/targets/lh_hh_trNM_plinko_0002/recording.mp4,lh_hh_trNM_plinko_0002,goal_4,False,definite,5d7c6d39a9f18900015f3094,68ffc55371128ff03ff45265,68ffe09e21bb6be1c0634a75,4,False,10,True
18,3931,1,assets/targets/lh_ll_unlink_plinko_0002/img.jpg,assets/targets/lh_ll_unlink_plinko_0002/recording.mp4,lh_ll_unlink_plinko_0002,goal_1,False,NA,5d7c6d39a9f18900015f3094,68ffc55371128ff03ff45265,68ffe09e21bb6be1c0634a75,1,False,10,True
19,4964,4,assets/targets/lh_hh_plinko_0003/img.jpg,assets/targets/lh_hh_plinko_0003/recording.mp4,lh_hh_plinko_0003,goal_4,False,NA,5d7c6d39a9f18900015f3094,68ffc55371128ff03ff45265,68ffe09e21bb6be1c0634a75,4,False,10,True
20,4165,3,assets/targets/lh_ll_unlink_plinko_0000/img.jpg,assets/targets/lh_ll_unlink_plinko_0000/recording.mp4,lh_ll_unlink_plinko_0000,goal_3,False,maybe,5d7c6d39a9f18900015f3094,68ffc55371128ff03ff45265,68ffe09e21bb6be1c0634a75,3,False,10,True
21,10498,0,assets/targets/hh_hl_unlink_plinko_0202/img.jpg,assets/targets/hh_hl_unlink_plinko_0202/recording.mp4,hh_hl_unlink_plinko_0202,goal_0,False,maybe,5d7c6d39a9f18900015f3094,68ffc55371128ff03ff45265,68ffe09e21bb6be1c0634a75,0,False,10,True
22,5698,2,assets/fillers/catch/img.jpg,assets/fillers/catch/recording.mp4,catch,goal_2,True,NA,5d7c6d39a9f18900015f3094,68ffc55371128ff03ff45265,68ffe09e21bb6be1c0634a75,2,False,10,True
23,10100,3,assets/fillers/lh_ll_unlink_plinko_0011/img.jpg,assets/fillers/lh_ll_unlink_plinko_0011/recording.mp4,lh_ll_unlink_plinko_0011,goal_3,True,NA,5d7c6d39a9f18900015f3094,68ffc55371128ff03ff45265,68ffe09e21bb6be1c0634a75,3,False,10,True
24,5314,0,assets/targets/lh_hh_trNM_plinko_0000/img.jpg,assets/targets/lh_hh_trNM_plinko_0000/recording.mp4,lh_hh_trNM_plinko_0000,goal_0,False,definite,5d7c6d39a9f18900015f3094,68ffc55371128ff03ff45265,68ffe09e21bb6be1c0634a75,0,False,10,True
0,14116,2,assets/fillers/lh_ll_unlink_plinko_0011/img.jpg,assets/fillers/lh_ll_unlink_plinko_0011/recording.mp4,lh_ll_unlink_plinko_0011,goal_3,True,NA,5dee896cf87f5552d3cd6502,68ffc55371128ff03ff45265,68ffe0153d8a0ce85521574f,3,False,5,False
1,8361,2,assets/fillers/lh_hh_trNM_plinko_0001/img.jpg,assets/fillers/lh_hh_trNM_plinko_0001/recording.mp4,lh_hh_trNM_plinko_0001,goal_4,True,NA,5dee896cf87f5552d3cd6502,68ffc55371128ff03ff45265,68ffe0153d8a0ce85521574f,4,False,0,False
2,1878,2,assets/fillers/catch/img.jpg,assets/fillers/catch/recording.mp4,catch,goal_2,True,NA,5dee896cf87f5552d3cd6502,68ffc55371128ff03ff45265,68ffe0153d8a0ce85521574f,2,False,10,True
3,3535,3,assets/targets/lh_hh_plinko_0001/img.jpg,assets/targets/lh_hh_plinko_0001/recording.mp4,lh_hh_plinko_0001,goal_3,False,NA,5dee896cf87f5552d3cd6502,68ffc55371128ff03ff45265,68ffe0153d8a0ce85521574f,3,False,10,True
4,5478,1,assets/fillers/lh_hh_plinko_0001/img.jpg,assets/fillers/lh_hh_plinko_0001/recording.mp4,lh_hh_plinko_0001,goal_0,True,maybe,5dee896cf87f5552d3cd6502,68ffc55371128ff03ff45265,68ffe0153d8a0ce85521574f,0,False,5,False
5,6873,3,assets/fillers/lh_hh_plinko_0002/img.jpg,assets/fillers/lh_hh_plinko_0002/recording.mp4,lh_hh_plinko_0002,goal_3,True,NA,5dee896cf87f5552d3cd6502,68ffc55371128ff03ff45265,68ffe0153d8a0ce85521574f,3,False,10,True
6,4655,4,assets/targets/lh_hh_plinko_0003/img.jpg,assets/targets/lh_hh_plinko_0003/recording.mp4,lh_hh_plinko_0003,goal_4,False,NA,5dee896cf87f5552d3cd6502,68ffc55371128ff03ff45265,68ffe0153d8a0ce85521574f,4,False,10,True
7,4199,3,assets/fillers/lh_hh_trNM_plinko_0002/img.jpg,assets/fillers/lh_hh_trNM_plinko_0002/recording.mp4,lh_hh_trNM_plinko_0002,goal_4,True,NA,5dee896cf87f5552d3cd6502,68ffc55371128ff03ff45265,68ffe0153d8a0ce85521574f,4,False,5,False
8,4263,1,assets/fillers/lh_ll_unlink_plinko_0021/img.jpg,assets/fillers/lh_ll_unlink_plinko_0021/recording.mp4,lh_ll_unlink_plinko_0021,goal_1,True,definite,5dee896cf87f5552d3cd6502,68ffc55371128ff03ff45265,68ffe0153d8a0ce85521574f,1,False,10,True
9,13186,4,assets/fillers/lh_hh_plinko_0000/img.jpg,assets/fillers/lh_hh_plinko_0000/recording.mp4,lh_hh_plinko_0000,goal_4,True,maybe,5dee896cf87f5552d3cd6502,68ffc55371128ff03ff45265,68ffe0153d8a0ce85521574f,4,False,10,True
10,16278,0,assets/targets/hh_hl_unlink_plinko_0246/img.jpg,assets/targets/hh_hl_unlink_plinko_0246/recording.mp4,hh_hl_unlink_plinko_0246,goal_2,False,maybe,5dee896cf87f5552d3cd6502,68ffc55371128ff03ff45265,68ffe0153d8a0ce85521574f,2,False,0,False
11,5215,2,assets/targets/lh_hh_plinko_0002/img.jpg,assets/targets/lh_hh_plinko_0002/recording.mp4,lh_hh_plinko_0002,goal_2,False,definite,5dee896cf87f5552d3cd6502,68ffc55371128ff03ff45265,68ffe0153d8a0ce85521574f,2,False,10,True
12,5150,4,assets/targets/hh_hl_unlink_plinko_0240/img.jpg,assets/targets/hh_hl_unlink_plinko_0240/recording.mp4,hh_hl_unlink_plinko_0240,goal_0,False,maybe,5dee896cf87f5552d3cd6502,68ffc55371128ff03ff45265,68ffe0153d8a0ce85521574f,0,False,0,False
13,4584,1,assets/targets/lh_ll_unlink_plinko_0001/img.jpg,assets/targets/lh_ll_unlink_plinko_0001/recording.mp4,lh_ll_unlink_plinko_0001,goal_1,False,NA,5dee896cf87f5552d3cd6502,68ffc55371128ff03ff45265,68ffe0153d8a0ce85521574f,1,False,10,True
14,3617,3,assets/fillers/lh_ll_unlink_plinko_0017/img.jpg,assets/fillers/lh_ll_unlink_plinko_0017/recording.mp4,lh_ll_unlink_plinko_0017,goal_3,True,NA,5dee896cf87f5552d3cd6502,68ffc55371128ff03ff45265,68ffe0153d8a0ce85521574f,3,False,10,True
15,4327,3,assets/targets/hh_hl_unlink_plinko_0269/img.jpg,assets/targets/hh_hl_unlink_plinko_0269/recording.mp4,hh_hl_unlink_plinko_0269,goal_3,False,maybe,5dee896cf87f5552d3cd6502,68ffc55371128ff03ff45265,68ffe0153d8a0ce85521574f,3,False,10,True
16,3824,2,assets/targets/lh_hh_trNM_plinko_0001/img.jpg,assets/targets/lh_hh_trNM_plinko_0001/recording.mp4,lh_hh_trNM_plinko_0001,goal_2,False,NA,5dee896cf87f5552d3cd6502,68ffc55371128ff03ff45265,68ffe0153d8a0ce85521574f,2,False,10,True
17,29374,0,assets/targets/lh_hh_plinko_0000/img.jpg,assets/targets/lh_hh_plinko_0000/recording.mp4,lh_hh_plinko_0000,goal_0,False,NA,5dee896cf87f5552d3cd6502,68ffc55371128ff03ff45265,68ffe0153d8a0ce85521574f,0,False,10,True
18,8752,2,assets/targets/hh_hl_unlink_plinko_0393/img.jpg,assets/targets/hh_hl_unlink_plinko_0393/recording.mp4,hh_hl_unlink_plinko_0393,goal_2,False,maybe,5dee896cf87f5552d3cd6502,68ffc55371128ff03ff45265,68ffe0153d8a0ce85521574f,2,False,10,True
19,2445,3,assets/targets/lh_ll_unlink_plinko_0000/img.jpg,assets/targets/lh_ll_unlink_plinko_0000/recording.mp4,lh_ll_unlink_plinko_0000,goal_3,False,maybe,5dee896cf87f5552d3cd6502,68ffc55371128ff03ff45265,68ffe0153d8a0ce85521574f,3,False,10,True
20,3271,2,assets/targets/hh_hl_unlink_plinko_0202/img.jpg,assets/targets/hh_hl_unlink_plinko_0202/recording.mp4,hh_hl_unlink_plinko_0202,goal_0,False,maybe,5dee896cf87f5552d3cd6502,68ffc55371128ff03ff45265,68ffe0153d8a0ce85521574f,0,False,0,False
21,5955,3,assets/fillers/lh_ll_unlink_plinko_0009/img.jpg,assets/fillers/lh_ll_unlink_plinko_0009/recording.mp4,lh_ll_unlink_plinko_0009,goal_3,True,NA,5dee896cf87f5552d3cd6502,68ffc55371128ff03ff45265,68ffe0153d8a0ce85521574f,3,False,10,True
22,2160,1,assets/targets/lh_ll_unlink_plinko_0002/img.jpg,assets/targets/lh_ll_unlink_plinko_0002/recording.mp4,lh_ll_unlink_plinko_0002,goal_1,False,NA,5dee896cf87f5552d3cd6502,68ffc55371128ff03ff45265,68ffe0153d8a0ce85521574f,1,False,10,True
23,3265,0,assets/targets/lh_hh_trNM_plinko_0000/img.jpg,assets/targets/lh_hh_trNM_plinko_0000/recording.mp4,lh_hh_trNM_plinko_0000,goal_0,False,definite,5dee896cf87f5552d3cd6502,68ffc55371128ff03ff45265,68ffe0153d8a0ce85521574f,0,False,10,True
24,4659,4,assets/targets/lh_hh_trNM_plinko_0002/img.jpg,assets/targets/lh_hh_trNM_plinko_0002/recording.mp4,lh_hh_trNM_plinko_0002,goal_4,False,definite,5dee896cf87f5552d3cd6502,68ffc55371128ff03ff45265,68ffe0153d8a0ce85521574f,4,False,10,True
0,27632,3,assets/fillers/lh_ll_unlink_plinko_0017/img.jpg,assets/fillers/lh_ll_unlink_plinko_0017/recording.mp4,lh_ll_unlink_plinko_0017,goal_3,True,NA,66ccdd9f6b12c6ea6fa01f42,68ffc55371128ff03ff45265,68ffe0188f5631fb2622b95c,3,False,10,True
1,10716,3,assets/fillers/lh_hh_plinko_0000/img.jpg,assets/fillers/lh_hh_plinko_0000/recording.mp4,lh_hh_plinko_0000,goal_4,True,maybe,66ccdd9f6b12c6ea6fa01f42,68ffc55371128ff03ff45265,68ffe0188f5631fb2622b95c,4,False,5,False
2,8414,3,assets/fillers/lh_hh_plinko_0002/img.jpg,assets/fillers/lh_hh_plinko_0002/recording.mp4,lh_hh_plinko_0002,goal_3,True,NA,66ccdd9f6b12c6ea6fa01f42,68ffc55371128ff03ff45265,68ffe0188f5631fb2622b95c,3,False,10,True
3,14167,4,assets/fillers/lh_hh_trNM_plinko_0002/img.jpg,assets/fillers/lh_hh_trNM_plinko_0002/recording.mp4,lh_hh_trNM_plinko_0002,goal_4,True,NA,66ccdd9f6b12c6ea6fa01f42,68ffc55371128ff03ff45265,68ffe0188f5631fb2622b95c,4,False,10,True
4,6449,1,assets/targets/lh_ll_unlink_plinko_0001/img.jpg,assets/targets/lh_ll_unlink_plinko_0001/recording.mp4,lh_ll_unlink_plinko_0001,goal_1,False,NA,66ccdd9f6b12c6ea6fa01f42,68ffc55371128ff03ff45265,68ffe0188f5631fb2622b95c,1,False,10,True
5,10046,2,assets/targets/hh_hl_unlink_plinko_0393/img.jpg,assets/targets/hh_hl_unlink_plinko_0393/recording.mp4,hh_hl_unlink_plinko_0393,goal_2,False,maybe,66ccdd9f6b12c6ea6fa01f42,68ffc55371128ff03ff45265,68ffe0188f5631fb2622b95c,2,False,10,True
6,9645,3,assets/fillers/lh_ll_unlink_plinko_0011/img.jpg,assets/fillers/lh_ll_unlink_plinko_0011/recording.mp4,lh_ll_unlink_plinko_0011,goal_3,True,NA,66ccdd9f6b12c6ea6fa01f42,68ffc55371128ff03ff45265,68ffe0188f5631fb2622b95c,3,False,10,True
7,6128,4,assets/targets/lh_hh_trNM_plinko_0002/img.jpg,assets/targets/lh_hh_trNM_plinko_0002/recording.mp4,lh_hh_trNM_plinko_0002,goal_4,False,definite,66ccdd9f6b12c6ea6fa01f42,68ffc55371128ff03ff45265,68ffe0188f5631fb2622b95c,4,False,10,True
8,15477,2,assets/fillers/lh_hh_trNM_plinko_0001/img.jpg,assets/fillers/lh_hh_trNM_plinko_0001/recording.mp4,lh_hh_trNM_plinko_0001,goal_4,True,NA,66ccdd9f6b12c6ea6fa01f42,68ffc55371128ff03ff45265,68ffe0188f5631fb2622b95c,4,False,0,False
9,4783,0,assets/targets/lh_hh_trNM_plinko_0000/img.jpg,assets/targets/lh_hh_trNM_plinko_0000/recording.mp4,lh_hh_trNM_plinko_0000,goal_0,False,definite,66ccdd9f6b12c6ea6fa01f42,68ffc55371128ff03ff45265,68ffe0188f5631fb2622b95c,0,False,10,True
10,5719,1,assets/fillers/lh_hh_plinko_0001/img.jpg,assets/fillers/lh_hh_plinko_0001/recording.mp4,lh_hh_plinko_0001,goal_0,True,maybe,66ccdd9f6b12c6ea6fa01f42,68ffc55371128ff03ff45265,68ffe0188f5631fb2622b95c,0,False,5,False
11,5774,0,assets/targets/lh_hh_plinko_0000/img.jpg,assets/targets/lh_hh_plinko_0000/recording.mp4,lh_hh_plinko_0000,goal_0,False,NA,66ccdd9f6b12c6ea6fa01f42,68ffc55371128ff03ff45265,68ffe0188f5631fb2622b95c,0,False,10,True
12,4623,1,assets/targets/lh_ll_unlink_plinko_0002/img.jpg,assets/targets/lh_ll_unlink_plinko_0002/recording.mp4,lh_ll_unlink_plinko_0002,goal_1,False,NA,66ccdd9f6b12c6ea6fa01f42,68ffc55371128ff03ff45265,68ffe0188f5631fb2622b95c,1,False,10,True
13,5549,4,assets/targets/lh_hh_plinko_0003/img.jpg,assets/targets/lh_hh_plinko_0003/recording.mp4,lh_hh_plinko_0003,goal_4,False,NA,66ccdd9f6b12c6ea6fa01f42,68ffc55371128ff03ff45265,68ffe0188f5631fb2622b95c,4,False,10,True
14,5732,3,assets/targets/lh_ll_unlink_plinko_0000/img.jpg,assets/targets/lh_ll_unlink_plinko_0000/recording.mp4,lh_ll_unlink_plinko_0000,goal_3,False,maybe,66ccdd9f6b12c6ea6fa01f42,68ffc55371128ff03ff45265,68ffe0188f5631fb2622b95c,3,False,10,True
15,4090,2,assets/targets/lh_hh_trNM_plinko_0001/img.jpg,assets/targets/lh_hh_trNM_plinko_0001/recording.mp4,lh_hh_trNM_plinko_0001,goal_2,False,NA,66ccdd9f6b12c6ea6fa01f42,68ffc55371128ff03ff45265,68ffe0188f5631fb2622b95c,2,False,10,True
16,12052,0,assets/targets/hh_hl_unlink_plinko_0240/img.jpg,assets/targets/hh_hl_unlink_plinko_0240/recording.mp4,hh_hl_unlink_plinko_0240,goal_0,False,maybe,66ccdd9f6b12c6ea6fa01f42,68ffc55371128ff03ff45265,68ffe0188f5631fb2622b95c,0,False,10,True
17,5694,0,assets/targets/hh_hl_unlink_plinko_0269/img.jpg,assets/targets/hh_hl_unlink_plinko_0269/recording.mp4,hh_hl_unlink_plinko_0269,goal_3,False,maybe,66ccdd9f6b12c6ea6fa01f42,68ffc55371128ff03ff45265,68ffe0188f5631fb2622b95c,3,False,0,False
18,3806,2,assets/fillers/catch/img.jpg,assets/fillers/catch/recording.mp4,catch,goal_2,True,NA,66ccdd9f6b12c6ea6fa01f42,68ffc55371128ff03ff45265,68ffe0188f5631fb2622b95c,2,False,10,True
19,7940,0,assets/targets/hh_hl_unlink_plinko_0246/img.jpg,assets/targets/hh_hl_unlink_plinko_0246/recording.mp4,hh_hl_unlink_plinko_0246,goal_2,False,maybe,66ccdd9f6b12c6ea6fa01f42,68ffc55371128ff03ff45265,68ffe0188f5631fb2622b95c,2,False,0,False
20,12643,0,assets/targets/hh_hl_unlink_plinko_0202/img.jpg,assets/targets/hh_hl_unlink_plinko_0202/recording.mp4,hh_hl_unlink_plinko_0202,goal_0,False,maybe,66ccdd9f6b12c6ea6fa01f42,68ffc55371128ff03ff45265,68ffe0188f5631fb2622b95c,0,False,10,True
21,3998,3,assets/targets/lh_hh_plinko_0001/img.jpg,assets/targets/lh_hh_plinko_0001/recording.mp4,lh_hh_plinko_0001,goal_3,False,NA,66ccdd9f6b12c6ea6fa01f42,68ffc55371128ff03ff45265,68ffe0188f5631fb2622b95c,3,False,10,True
22,8708,2,assets/targets/lh_hh_plinko_0002/img.jpg,assets/targets/lh_hh_plinko_0002/recording.mp4,lh_hh_plinko_0002,goal_2,False,definite,66ccdd9f6b12c6ea6fa01f42,68ffc55371128ff03ff45265,68ffe0188f5631fb2622b95c,2,False,10,True
23,4749,1,assets/fillers/lh_ll_unlink_plinko_0021/img.jpg,assets/fillers/lh_ll_unlink_plinko_0021/recording.mp4,lh_ll_unlink_plinko_0021,goal_1,True,definite,66ccdd9f6b12c6ea6fa01f42,68ffc55371128ff03ff45265,68ffe0188f5631fb2622b95c,1,False,10,True
24,8513,1,assets/fillers/lh_ll_unlink_plinko_0009/img.jpg,assets/fillers/lh_ll_unlink_plinko_0009/recording.mp4,lh_ll_unlink_plinko_0009,goal_3,True,NA,66ccdd9f6b12c6ea6fa01f42,68ffc55371128ff03ff45265,68ffe0188f5631fb2622b95c,3,False,0,False
0,23215,3,assets/fillers/lh_ll_unlink_plinko_0011/img.jpg,assets/fillers/lh_ll_unlink_plinko_0011/recording.mp4,lh_ll_unlink_plinko_0011,goal_3,True,NA,5c67a79a2f6d5e000174ced0,68ffc55371128ff03ff45265,68ffe092a0821632a74d58d6,3,False,10,True
1,13383,2,assets/fillers/lh_hh_trNM_plinko_0001/img.jpg,assets/fillers/lh_hh_trNM_plinko_0001/recording.mp4,lh_hh_trNM_plinko_0001,goal_4,True,NA,5c67a79a2f6d5e000174ced0,68ffc55371128ff03ff45265,68ffe092a0821632a74d58d6,4,False,0,False
2,5294,1,assets/fillers/lh_hh_plinko_0001/img.jpg,assets/fillers/lh_hh_plinko_0001/recording.mp4,lh_hh_plinko_0001,goal_0,True,maybe,5c67a79a2f6d5e000174ced0,68ffc55371128ff03ff45265,68ffe092a0821632a74d58d6,0,False,5,False
3,14369,2,assets/targets/lh_hh_plinko_0002/img.jpg,assets/targets/lh_hh_plinko_0002/recording.mp4,lh_hh_plinko_0002,goal_2,False,definite,5c67a79a2f6d5e000174ced0,68ffc55371128ff03ff45265,68ffe092a0821632a74d58d6,2,False,10,True
4,9317,3,assets/targets/hh_hl_unlink_plinko_0269/img.jpg,assets/targets/hh_hl_unlink_plinko_0269/recording.mp4,hh_hl_unlink_plinko_0269,goal_3,False,maybe,5c67a79a2f6d5e000174ced0,68ffc55371128ff03ff45265,68ffe092a0821632a74d58d6,3,False,10,True
5,4296,3,assets/targets/lh_hh_plinko_0001/img.jpg,assets/targets/lh_hh_plinko_0001/recording.mp4,lh_hh_plinko_0001,goal_3,False,NA,5c67a79a2f6d5e000174ced0,68ffc55371128ff03ff45265,68ffe092a0821632a74d58d6,3,False,10,True
6,3659,4,assets/targets/lh_hh_trNM_plinko_0002/img.jpg,assets/targets/lh_hh_trNM_plinko_0002/recording.mp4,lh_hh_trNM_plinko_0002,goal_4,False,definite,5c67a79a2f6d5e000174ced0,68ffc55371128ff03ff45265,68ffe092a0821632a74d58d6,4,False,10,True
7,3858,0,assets/targets/lh_hh_trNM_plinko_0000/img.jpg,assets/targets/lh_hh_trNM_plinko_0000/recording.mp4,lh_hh_trNM_plinko_0000,goal_0,False,definite,5c67a79a2f6d5e000174ced0,68ffc55371128ff03ff45265,68ffe092a0821632a74d58d6,0,False,10,True
8,5746,3,assets/fillers/lh_ll_unlink_plinko_0017/img.jpg,assets/fillers/lh_ll_unlink_plinko_0017/recording.mp4,lh_ll_unlink_plinko_0017,goal_3,True,NA,5c67a79a2f6d5e000174ced0,68ffc55371128ff03ff45265,68ffe092a0821632a74d58d6,3,False,10,True
9,3493,2,assets/fillers/catch/img.jpg,assets/fillers/catch/recording.mp4,catch,goal_2,True,NA,5c67a79a2f6d5e000174ced0,68ffc55371128ff03ff45265,68ffe092a0821632a74d58d6,2,False,10,True
10,9164,0,assets/targets/hh_hl_unlink_plinko_0202/img.jpg,assets/targets/hh_hl_unlink_plinko_0202/recording.mp4,hh_hl_unlink_plinko_0202,goal_0,False,maybe,5c67a79a2f6d5e000174ced0,68ffc55371128ff03ff45265,68ffe092a0821632a74d58d6,0,False,10,True
11,4839,4,assets/targets/hh_hl_unlink_plinko_0240/img.jpg,assets/targets/hh_hl_unlink_plinko_0240/recording.mp4,hh_hl_unlink_plinko_0240,goal_0,False,maybe,5c67a79a2f6d5e000174ced0,68ffc55371128ff03ff45265,68ffe092a0821632a74d58d6,0,False,0,False
12,12616,3,assets/fillers/lh_ll_unlink_plinko_0009/img.jpg,assets/fillers/lh_ll_unlink_plinko_0009/recording.mp4,lh_ll_unlink_plinko_0009,goal_3,True,NA,5c67a79a2f6d5e000174ced0,68ffc55371128ff03ff45265,68ffe092a0821632a74d58d6,3,False,10,True
13,9854,3,assets/targets/hh_hl_unlink_plinko_0246/img.jpg,assets/targets/hh_hl_unlink_plinko_0246/recording.mp4,hh_hl_unlink_plinko_0246,goal_2,False,maybe,5c67a79a2f6d5e000174ced0,68ffc55371128ff03ff45265,68ffe092a0821632a74d58d6,2,False,5,False
14,4707,3,assets/fillers/lh_hh_trNM_plinko_0002/img.jpg,assets/fillers/lh_hh_trNM_plinko_0002/recording.mp4,lh_hh_trNM_plinko_0002,goal_4,True,NA,5c67a79a2f6d5e000174ced0,68ffc55371128ff03ff45265,68ffe092a0821632a74d58d6,4,False,5,False
15,7750,1,assets/fillers/lh_ll_unlink_plinko_0021/img.jpg,assets/fillers/lh_ll_unlink_plinko_0021/recording.mp4,lh_ll_unlink_plinko_0021,goal_1,True,definite,5c67a79a2f6d5e000174ced0,68ffc55371128ff03ff45265,68ffe092a0821632a74d58d6,1,False,10,True
16,9032,4,assets/fillers/lh_hh_plinko_0000/img.jpg,assets/fillers/lh_hh_plinko_0000/recording.mp4,lh_hh_plinko_0000,goal_4,True,maybe,5c67a79a2f6d5e000174ced0,68ffc55371128ff03ff45265,68ffe092a0821632a74d58d6,4,False,10,True
17,9778,3,assets/fillers/lh_hh_plinko_0002/img.jpg,assets/fillers/lh_hh_plinko_0002/recording.mp4,lh_hh_plinko_0002,goal_3,True,NA,5c67a79a2f6d5e000174ced0,68ffc55371128ff03ff45265,68ffe092a0821632a74d58d6,3,False,10,True
18,3435,1,assets/targets/lh_ll_unlink_plinko_0001/img.jpg,assets/targets/lh_ll_unlink_plinko_0001/recording.mp4,lh_ll_unlink_plinko_0001,goal_1,False,NA,5c67a79a2f6d5e000174ced0,68ffc55371128ff03ff45265,68ffe092a0821632a74d58d6,1,False,10,True
19,2719,2,assets/targets/lh_hh_trNM_plinko_0001/img.jpg,assets/targets/lh_hh_trNM_plinko_0001/recording.mp4,lh_hh_trNM_plinko_0001,goal_2,False,NA,5c67a79a2f6d5e000174ced0,68ffc55371128ff03ff45265,68ffe092a0821632a74d58d6,2,False,10,True
20,2121,1,assets/targets/lh_ll_unlink_plinko_0002/img.jpg,assets/targets/lh_ll_unlink_plinko_0002/recording.mp4,lh_ll_unlink_plinko_0002,goal_1,False,NA,5c67a79a2f6d5e000174ced0,68ffc55371128ff03ff45265,68ffe092a0821632a74d58d6,1,False,10,True
21,2737,3,assets/targets/lh_ll_unlink_plinko_0000/img.jpg,assets/targets/lh_ll_unlink_plinko_0000/recording.mp4,lh_ll_unlink_plinko_0000,goal_3,False,maybe,5c67a79a2f6d5e000174ced0,68ffc55371128ff03ff45265,68ffe092a0821632a74d58d6,3,False,10,True
22,3025,0,assets/targets/lh_hh_plinko_0000/img.jpg,assets/targets/lh_hh_plinko_0000/recording.mp4,lh_hh_plinko_0000,goal_0,False,NA,5c67a79a2f6d5e000174ced0,68ffc55371128ff03ff45265,68ffe092a0821632a74d58d6,0,False,10,True
23,2846,4,assets/targets/lh_hh_plinko_0003/img.jpg,assets/targets/lh_hh_plinko_0003/recording.mp4,lh_hh_plinko_0003,goal_4,False,NA,5c67a79a2f6d5e000174ced0,68ffc55371128ff03ff45265,68ffe092a0821632a74d58d6,4,False,10,True
24,15406,2,assets/targets/hh_hl_unlink_plinko_0393/img.jpg,assets/targets/hh_hl_unlink_plinko_0393/recording.mp4,hh_hl_unlink_plinko_0393,goal_2,False,maybe,5c67a79a2f6d5e000174ced0,68ffc55371128ff03ff45265,68ffe092a0821632a74d58d6,2,False,10,True
0,4984,1,assets/fillers/lh_hh_plinko_0001/img.jpg,assets/fillers/lh_hh_plinko_0001/recording.mp4,lh_hh_plinko_0001,goal_0,True,maybe,6543c24cc13d364cea3bdf41,68ffc55371128ff03ff45265,68ffe0a16bccd79c7e77670e,0,False,5,False
1,5710,3,assets/fillers/lh_ll_unlink_plinko_0017/img.jpg,assets/fillers/lh_ll_unlink_plinko_0017/recording.mp4,lh_ll_unlink_plinko_0017,goal_3,True,NA,6543c24cc13d364cea3bdf41,68ffc55371128ff03ff45265,68ffe0a16bccd79c7e77670e,3,False,10,True
2,5532,0,assets/fillers/lh_hh_plinko_0002/img.jpg,assets/fillers/lh_hh_plinko_0002/recording.mp4,lh_hh_plinko_0002,goal_3,True,NA,6543c24cc13d364cea3bdf41,68ffc55371128ff03ff45265,68ffe0a16bccd79c7e77670e,3,False,0,False
3,4677,3,assets/targets/lh_ll_unlink_plinko_0000/img.jpg,assets/targets/lh_ll_unlink_plinko_0000/recording.mp4,lh_ll_unlink_plinko_0000,goal_3,False,maybe,6543c24cc13d364cea3bdf41,68ffc55371128ff03ff45265,68ffe0a16bccd79c7e77670e,3,False,10,True
4,8593,4,assets/targets/hh_hl_unlink_plinko_0393/img.jpg,assets/targets/hh_hl_unlink_plinko_0393/recording.mp4,hh_hl_unlink_plinko_0393,goal_2,False,maybe,6543c24cc13d364cea3bdf41,68ffc55371128ff03ff45265,68ffe0a16bccd79c7e77670e,2,False,0,False
5,2347,2,assets/fillers/catch/img.jpg,assets/fillers/catch/recording.mp4,catch,goal_2,True,NA,6543c24cc13d364cea3bdf41,68ffc55371128ff03ff45265,68ffe0a16bccd79c7e77670e,2,False,10,True
6,9476,3,assets/fillers/lh_ll_unlink_plinko_0011/img.jpg,assets/fillers/lh_ll_unlink_plinko_0011/recording.mp4,lh_ll_unlink_plinko_0011,goal_3,True,NA,6543c24cc13d364cea3bdf41,68ffc55371128ff03ff45265,68ffe0a16bccd79c7e77670e,3,False,10,True
7,7803,4,assets/fillers/lh_hh_plinko_0000/img.jpg,assets/fillers/lh_hh_plinko_0000/recording.mp4,lh_hh_plinko_0000,goal_4,True,maybe,6543c24cc13d364cea3bdf41,68ffc55371128ff03ff45265,68ffe0a16bccd79c7e77670e,4,False,10,True
8,4470,4,assets/targets/lh_hh_plinko_0003/img.jpg,assets/targets/lh_hh_plinko_0003/recording.mp4,lh_hh_plinko_0003,goal_4,False,NA,6543c24cc13d364cea3bdf41,68ffc55371128ff03ff45265,68ffe0a16bccd79c7e77670e,4,False,10,True
9,3545,0,assets/targets/lh_hh_trNM_plinko_0000/img.jpg,assets/targets/lh_hh_trNM_plinko_0000/recording.mp4,lh_hh_trNM_plinko_0000,goal_0,False,definite,6543c24cc13d364cea3bdf41,68ffc55371128ff03ff45265,68ffe0a16bccd79c7e77670e,0,False,10,True
10,5228,3,assets/targets/hh_hl_unlink_plinko_0269/img.jpg,assets/targets/hh_hl_unlink_plinko_0269/recording.mp4,hh_hl_unlink_plinko_0269,goal_3,False,maybe,6543c24cc13d364cea3bdf41,68ffc55371128ff03ff45265,68ffe0a16bccd79c7e77670e,3,False,10,True
11,4743,1,assets/fillers/lh_ll_unlink_plinko_0021/img.jpg,assets/fillers/lh_ll_unlink_plinko_0021/recording.mp4,lh_ll_unlink_plinko_0021,goal_1,True,definite,6543c24cc13d364cea3bdf41,68ffc55371128ff03ff45265,68ffe0a16bccd79c7e77670e,1,False,10,True
12,5075,3,assets/fillers/lh_ll_unlink_plinko_0009/img.jpg,assets/fillers/lh_ll_unlink_plinko_0009/recording.mp4,lh_ll_unlink_plinko_0009,goal_3,True,NA,6543c24cc13d364cea3bdf41,68ffc55371128ff03ff45265,68ffe0a16bccd79c7e77670e,3,False,10,True
13,5059,2,assets/targets/lh_hh_plinko_0002/img.jpg,assets/targets/lh_hh_plinko_0002/recording.mp4,lh_hh_plinko_0002,goal_2,False,definite,6543c24cc13d364cea3bdf41,68ffc55371128ff03ff45265,68ffe0a16bccd79c7e77670e,2,False,10,True
14,2415,1,assets/targets/lh_ll_unlink_plinko_0002/img.jpg,assets/targets/lh_ll_unlink_plinko_0002/recording.mp4,lh_ll_unlink_plinko_0002,goal_1,False,NA,6543c24cc13d364cea3bdf41,68ffc55371128ff03ff45265,68ffe0a16bccd79c7e77670e,1,False,10,True
15,4762,2,assets/targets/lh_hh_trNM_plinko_0001/img.jpg,assets/targets/lh_hh_trNM_plinko_0001/recording.mp4,lh_hh_trNM_plinko_0001,goal_2,False,NA,6543c24cc13d364cea3bdf41,68ffc55371128ff03ff45265,68ffe0a16bccd79c7e77670e,2,False,10,True
16,5763,4,assets/fillers/lh_hh_trNM_plinko_0001/img.jpg,assets/fillers/lh_hh_trNM_plinko_0001/recording.mp4,lh_hh_trNM_plinko_0001,goal_4,True,NA,6543c24cc13d364cea3bdf41,68ffc55371128ff03ff45265,68ffe0a16bccd79c7e77670e,4,False,10,True
17,5418,0,assets/targets/lh_hh_plinko_0000/img.jpg,assets/targets/lh_hh_plinko_0000/recording.mp4,lh_hh_plinko_0000,goal_0,False,NA,6543c24cc13d364cea3bdf41,68ffc55371128ff03ff45265,68ffe0a16bccd79c7e77670e,0,False,10,True
18,7372,3,assets/targets/hh_hl_unlink_plinko_0246/img.jpg,assets/targets/hh_hl_unlink_plinko_0246/recording.mp4,hh_hl_unlink_plinko_0246,goal_2,False,maybe,6543c24cc13d364cea3bdf41,68ffc55371128ff03ff45265,68ffe0a16bccd79c7e77670e,2,False,5,False
19,5850,3,assets/fillers/lh_hh_trNM_plinko_0002/img.jpg,assets/fillers/lh_hh_trNM_plinko_0002/recording.mp4,lh_hh_trNM_plinko_0002,goal_4,True,NA,6543c24cc13d364cea3bdf41,68ffc55371128ff03ff45265,68ffe0a16bccd79c7e77670e,4,False,5,False
20,2625,1,assets/targets/lh_ll_unlink_plinko_0001/img.jpg,assets/targets/lh_ll_unlink_plinko_0001/recording.mp4,lh_ll_unlink_plinko_0001,goal_1,False,NA,6543c24cc13d364cea3bdf41,68ffc55371128ff03ff45265,68ffe0a16bccd79c7e77670e,1,False,10,True
21,2712,4,assets/targets/lh_hh_trNM_plinko_0002/img.jpg,assets/targets/lh_hh_trNM_plinko_0002/recording.mp4,lh_hh_trNM_plinko_0002,goal_4,False,definite,6543c24cc13d364cea3bdf41,68ffc55371128ff03ff45265,68ffe0a16bccd79c7e77670e,4,False,10,True
22,2437,3,assets/targets/lh_hh_plinko_0001/img.jpg,assets/targets/lh_hh_plinko_0001/recording.mp4,lh_hh_plinko_0001,goal_3,False,NA,6543c24cc13d364cea3bdf41,68ffc55371128ff03ff45265,68ffe0a16bccd79c7e77670e,3,False,10,True
23,7495,4,assets/targets/hh_hl_unlink_plinko_0240/img.jpg,assets/targets/hh_hl_unlink_plinko_0240/recording.mp4,hh_hl_unlink_plinko_0240,goal_0,False,maybe,6543c24cc13d364cea3bdf41,68ffc55371128ff03ff45265,68ffe0a16bccd79c7e77670e,0,False,0,False
24,8974,1,assets/targets/hh_hl_unlink_plinko_0202/img.jpg,assets/targets/hh_hl_unlink_plinko_0202/recording.mp4,hh_hl_unlink_plinko_0202,goal_0,False,maybe,6543c24cc13d364cea3bdf41,68ffc55371128ff03ff45265,68ffe0a16bccd79c7e77670e,0,False,5,False
0,13864,2,assets/fillers/lh_hh_plinko_0000/img.jpg,assets/fillers/lh_hh_plinko_0000/recording.mp4,lh_hh_plinko_0000,goal_4,True,maybe,6113ffbf45e79bc2769db74c,68ffc55371128ff03ff45265,68ffdfaba8049ce1ed59a5c1,4,False,0,False
1,11079,1,assets/fillers/lh_hh_plinko_0002/img.jpg,assets/fillers/lh_hh_plinko_0002/recording.mp4,lh_hh_plinko_0002,goal_3,True,NA,6113ffbf45e79bc2769db74c,68ffc55371128ff03ff45265,68ffdfaba8049ce1ed59a5c1,3,False,0,False
2,6812,2,assets/fillers/lh_ll_unlink_plinko_0011/img.jpg,assets/fillers/lh_ll_unlink_plinko_0011/recording.mp4,lh_ll_unlink_plinko_0011,goal_3,True,NA,6113ffbf45e79bc2769db74c,68ffc55371128ff03ff45265,68ffdfaba8049ce1ed59a5c1,3,False,5,False
3,7464,3,assets/fillers/lh_hh_trNM_plinko_0002/img.jpg,assets/fillers/lh_hh_trNM_plinko_0002/recording.mp4,lh_hh_trNM_plinko_0002,goal_4,True,NA,6113ffbf45e79bc2769db74c,68ffc55371128ff03ff45265,68ffdfaba8049ce1ed59a5c1,4,False,5,False
4,6980,3,assets/targets/hh_hl_unlink_plinko_0202/img.jpg,assets/targets/hh_hl_unlink_plinko_0202/recording.mp4,hh_hl_unlink_plinko_0202,goal_0,False,maybe,6113ffbf45e79bc2769db74c,68ffc55371128ff03ff45265,68ffdfaba8049ce1ed59a5c1,0,False,0,False
5,10546,1,assets/fillers/lh_ll_unlink_plinko_0009/img.jpg,assets/fillers/lh_ll_unlink_plinko_0009/recording.mp4,lh_ll_unlink_plinko_0009,goal_3,True,NA,6113ffbf45e79bc2769db74c,68ffc55371128ff03ff45265,68ffdfaba8049ce1ed59a5c1,3,False,0,False
6,4513,2,assets/targets/lh_hh_plinko_0003/img.jpg,assets/targets/lh_hh_plinko_0003/recording.mp4,lh_hh_plinko_0003,goal_4,False,NA,6113ffbf45e79bc2769db74c,68ffc55371128ff03ff45265,68ffdfaba8049ce1ed59a5c1,4,False,0,False
7,10414,1,assets/targets/lh_ll_unlink_plinko_0002/img.jpg,assets/targets/lh_ll_unlink_plinko_0002/recording.mp4,lh_ll_unlink_plinko_0002,goal_1,False,NA,6113ffbf45e79bc2769db74c,68ffc55371128ff03ff45265,68ffdfaba8049ce1ed59a5c1,1,False,10,True
8,11130,0,assets/targets/lh_hh_plinko_0000/img.jpg,assets/targets/lh_hh_plinko_0000/recording.mp4,lh_hh_plinko_0000,goal_0,False,NA,6113ffbf45e79bc2769db74c,68ffc55371128ff03ff45265,68ffdfaba8049ce1ed59a5c1,0,False,10,True
9,6446,4,assets/targets/lh_hh_trNM_plinko_0002/img.jpg,assets/targets/lh_hh_trNM_plinko_0002/recording.mp4,lh_hh_trNM_plinko_0002,goal_4,False,definite,6113ffbf45e79bc2769db74c,68ffc55371128ff03ff45265,68ffdfaba8049ce1ed59a5c1,4,False,10,True
10,10380,3,assets/targets/lh_ll_unlink_plinko_0000/img.jpg,assets/targets/lh_ll_unlink_plinko_0000/recording.mp4,lh_ll_unlink_plinko_0000,goal_3,False,maybe,6113ffbf45e79bc2769db74c,68ffc55371128ff03ff45265,68ffdfaba8049ce1ed59a5c1,3,False,10,True
11,10613,1,assets/targets/lh_ll_unlink_plinko_0001/img.jpg,assets/targets/lh_ll_unlink_plinko_0001/recording.mp4,lh_ll_unlink_plinko_0001,goal_1,False,NA,6113ffbf45e79bc2769db74c,68ffc55371128ff03ff45265,68ffdfaba8049ce1ed59a5c1,1,False,10,True
12,9114,1,assets/fillers/lh_hh_plinko_0001/img.jpg,assets/fillers/lh_hh_plinko_0001/recording.mp4,lh_hh_plinko_0001,goal_0,True,maybe,6113ffbf45e79bc2769db74c,68ffc55371128ff03ff45265,68ffdfaba8049ce1ed59a5c1,0,False,5,False
13,8295,0,assets/targets/hh_hl_unlink_plinko_0269/img.jpg,assets/targets/hh_hl_unlink_plinko_0269/recording.mp4,hh_hl_unlink_plinko_0269,goal_3,False,maybe,6113ffbf45e79bc2769db74c,68ffc55371128ff03ff45265,68ffdfaba8049ce1ed59a5c1,3,False,0,False
14,13514,1,assets/targets/hh_hl_unlink_plinko_0240/img.jpg,assets/targets/hh_hl_unlink_plinko_0240/recording.mp4,hh_hl_unlink_plinko_0240,goal_0,False,maybe,6113ffbf45e79bc2769db74c,68ffc55371128ff03ff45265,68ffdfaba8049ce1ed59a5c1,0,False,5,False
15,5062,2,assets/fillers/catch/img.jpg,assets/fillers/catch/recording.mp4,catch,goal_2,True,NA,6113ffbf45e79bc2769db74c,68ffc55371128ff03ff45265,68ffdfaba8049ce1ed59a5c1,2,False,10,True
16,8297,4,assets/fillers/lh_hh_trNM_plinko_0001/img.jpg,assets/fillers/lh_hh_trNM_plinko_0001/recording.mp4,lh_hh_trNM_plinko_0001,goal_4,True,NA,6113ffbf45e79bc2769db74c,68ffc55371128ff03ff45265,68ffdfaba8049ce1ed59a5c1,4,False,10,True
17,10130,2,assets/targets/hh_hl_unlink_plinko_0246/img.jpg,assets/targets/hh_hl_unlink_plinko_0246/recording.mp4,hh_hl_unlink_plinko_0246,goal_2,False,maybe,6113ffbf45e79bc2769db74c,68ffc55371128ff03ff45265,68ffdfaba8049ce1ed59a5c1,2,False,10,True
18,9013,2,assets/targets/lh_hh_plinko_0002/img.jpg,assets/targets/lh_hh_plinko_0002/recording.mp4,lh_hh_plinko_0002,goal_2,False,definite,6113ffbf45e79bc2769db74c,68ffc55371128ff03ff45265,68ffdfaba8049ce1ed59a5c1,2,False,10,True
19,12145,0,assets/targets/lh_hh_trNM_plinko_0000/img.jpg,assets/targets/lh_hh_trNM_plinko_0000/recording.mp4,lh_hh_trNM_plinko_0000,goal_0,False,definite,6113ffbf45e79bc2769db74c,68ffc55371128ff03ff45265,68ffdfaba8049ce1ed59a5c1,0,False,10,True
20,5381,1,assets/fillers/lh_ll_unlink_plinko_0021/img.jpg,assets/fillers/lh_ll_unlink_plinko_0021/recording.mp4,lh_ll_unlink_plinko_0021,goal_1,True,definite,6113ffbf45e79bc2769db74c,68ffc55371128ff03ff45265,68ffdfaba8049ce1ed59a5c1,1,False,10,True
21,14114,2,assets/targets/hh_hl_unlink_plinko_0393/img.jpg,assets/targets/hh_hl_unlink_plinko_0393/recording.mp4,hh_hl_unlink_plinko_0393,goal_2,False,maybe,6113ffbf45e79bc2769db74c,68ffc55371128ff03ff45265,68ffdfaba8049ce1ed59a5c1,2,False,10,True
22,8314,2,assets/targets/lh_hh_trNM_plinko_0001/img.jpg,assets/targets/lh_hh_trNM_plinko_0001/recording.mp4,lh_hh_trNM_plinko_0001,goal_2,False,NA,6113ffbf45e79bc2769db74c,68ffc55371128ff03ff45265,68ffdfaba8049ce1ed59a5c1,2,False,10,True
23,8046,3,assets/fillers/lh_ll_unlink_plinko_0017/img.jpg,assets/fillers/lh_ll_unlink_plinko_0017/recording.mp4,lh_ll_unlink_plinko_0017,goal_3,True,NA,6113ffbf45e79bc2769db74c,68ffc55371128ff03ff45265,68ffdfaba8049ce1ed59a5c1,3,False,10,True
24,5563,3,assets/targets/lh_hh_plinko_0001/img.jpg,assets/targets/lh_hh_plinko_0001/recording.mp4,lh_hh_plinko_0001,goal_3,False,NA,6113ffbf45e79bc2769db74c,68ffc55371128ff03ff45265,68ffdfaba8049ce1ed59a5c1,3,False,10,True
0,12813,4,assets/fillers/lh_hh_trNM_plinko_0002/img.jpg,assets/fillers/lh_hh_trNM_plinko_0002/recording.mp4,lh_hh_trNM_plinko_0002,goal_4,True,NA,6824d53b2584274c9b13924e,68ffc55371128ff03ff45265,68ffe019c1806451c9ee4df1,4,False,10,True
1,15148,2,assets/fillers/lh_ll_unlink_plinko_0009/img.jpg,assets/fillers/lh_ll_unlink_plinko_0009/recording.mp4,lh_ll_unlink_plinko_0009,goal_3,True,NA,6824d53b2584274c9b13924e,68ffc55371128ff03ff45265,68ffe019c1806451c9ee4df1,3,False,5,False
2,8073,3,assets/fillers/lh_ll_unlink_plinko_0021/img.jpg,assets/fillers/lh_ll_unlink_plinko_0021/recording.mp4,lh_ll_unlink_plinko_0021,goal_1,True,definite,6824d53b2584274c9b13924e,68ffc55371128ff03ff45265,68ffe019c1806451c9ee4df1,1,False,0,False
3,8793,1,assets/targets/hh_hl_unlink_plinko_0393/img.jpg,assets/targets/hh_hl_unlink_plinko_0393/recording.mp4,hh_hl_unlink_plinko_0393,goal_2,False,maybe,6824d53b2584274c9b13924e,68ffc55371128ff03ff45265,68ffe019c1806451c9ee4df1,2,False,5,False
4,6438,3,assets/fillers/lh_ll_unlink_plinko_0011/img.jpg,assets/fillers/lh_ll_unlink_plinko_0011/recording.mp4,lh_ll_unlink_plinko_0011,goal_3,True,NA,6824d53b2584274c9b13924e,68ffc55371128ff03ff45265,68ffe019c1806451c9ee4df1,3,False,10,True
5,6991,2,assets/targets/lh_hh_plinko_0002/img.jpg,assets/targets/lh_hh_plinko_0002/recording.mp4,lh_hh_plinko_0002,goal_2,False,definite,6824d53b2584274c9b13924e,68ffc55371128ff03ff45265,68ffe019c1806451c9ee4df1,2,False,10,True
6,10860,3,assets/targets/hh_hl_unlink_plinko_0269/img.jpg,assets/targets/hh_hl_unlink_plinko_0269/recording.mp4,hh_hl_unlink_plinko_0269,goal_3,False,maybe,6824d53b2584274c9b13924e,68ffc55371128ff03ff45265,68ffe019c1806451c9ee4df1,3,False,10,True
7,6599,2,assets/targets/lh_hh_trNM_plinko_0001/img.jpg,assets/targets/lh_hh_trNM_plinko_0001/recording.mp4,lh_hh_trNM_plinko_0001,goal_2,False,NA,6824d53b2584274c9b13924e,68ffc55371128ff03ff45265,68ffe019c1806451c9ee4df1,2,False,10,True
8,11278,4,assets/fillers/lh_hh_plinko_0000/img.jpg,assets/fillers/lh_hh_plinko_0000/recording.mp4,lh_hh_plinko_0000,goal_4,True,maybe,6824d53b2584274c9b13924e,68ffc55371128ff03ff45265,68ffe019c1806451c9ee4df1,4,False,10,True
9,8543,2,assets/fillers/catch/img.jpg,assets/fillers/catch/recording.mp4,catch,goal_2,True,NA,6824d53b2584274c9b13924e,68ffc55371128ff03ff45265,68ffe019c1806451c9ee4df1,2,False,10,True
10,9669,0,assets/targets/lh_hh_trNM_plinko_0000/img.jpg,assets/targets/lh_hh_trNM_plinko_0000/recording.mp4,lh_hh_trNM_plinko_0000,goal_0,False,definite,6824d53b2584274c9b13924e,68ffc55371128ff03ff45265,68ffe019c1806451c9ee4df1,0,False,10,True
11,8376,0,assets/targets/lh_hh_plinko_0000/img.jpg,assets/targets/lh_hh_plinko_0000/recording.mp4,lh_hh_plinko_0000,goal_0,False,NA,6824d53b2584274c9b13924e,68ffc55371128ff03ff45265,68ffe019c1806451c9ee4df1,0,False,10,True
12,9476,1,assets/fillers/lh_hh_plinko_0001/img.jpg,assets/fillers/lh_hh_plinko_0001/recording.mp4,lh_hh_plinko_0001,goal_0,True,maybe,6824d53b2584274c9b13924e,68ffc55371128ff03ff45265,68ffe019c1806451c9ee4df1,0,False,5,False
13,5255,3,assets/targets/lh_ll_unlink_plinko_0000/img.jpg,assets/targets/lh_ll_unlink_plinko_0000/recording.mp4,lh_ll_unlink_plinko_0000,goal_3,False,maybe,6824d53b2584274c9b13924e,68ffc55371128ff03ff45265,68ffe019c1806451c9ee4df1,3,False,10,True
14,5788,4,assets/targets/lh_hh_trNM_plinko_0002/img.jpg,assets/targets/lh_hh_trNM_plinko_0002/recording.mp4,lh_hh_trNM_plinko_0002,goal_4,False,definite,6824d53b2584274c9b13924e,68ffc55371128ff03ff45265,68ffe019c1806451c9ee4df1,4,False,10,True
15,14685,4,assets/fillers/lh_hh_trNM_plinko_0001/img.jpg,assets/fillers/lh_hh_trNM_plinko_0001/recording.mp4,lh_hh_trNM_plinko_0001,goal_4,True,NA,6824d53b2584274c9b13924e,68ffc55371128ff03ff45265,68ffe019c1806451c9ee4df1,4,False,10,True
16,9401,4,assets/targets/hh_hl_unlink_plinko_0246/img.jpg,assets/targets/hh_hl_unlink_plinko_0246/recording.mp4,hh_hl_unlink_plinko_0246,goal_2,False,maybe,6824d53b2584274c9b13924e,68ffc55371128ff03ff45265,68ffe019c1806451c9ee4df1,2,False,0,False
17,9693,0,assets/fillers/lh_hh_plinko_0002/img.jpg,assets/fillers/lh_hh_plinko_0002/recording.mp4,lh_hh_plinko_0002,goal_3,True,NA,6824d53b2584274c9b13924e,68ffc55371128ff03ff45265,68ffe019c1806451c9ee4df1,3,False,0,False
18,6406,1,assets/targets/lh_ll_unlink_plinko_0001/img.jpg,assets/targets/lh_ll_unlink_plinko_0001/recording.mp4,lh_ll_unlink_plinko_0001,goal_1,False,NA,6824d53b2584274c9b13924e,68ffc55371128ff03ff45265,68ffe019c1806451c9ee4df1,1,False,10,True
19,5788,3,assets/targets/lh_hh_plinko_0001/img.jpg,assets/targets/lh_hh_plinko_0001/recording.mp4,lh_hh_plinko_0001,goal_3,False,NA,6824d53b2584274c9b13924e,68ffc55371128ff03ff45265,68ffe019c1806451c9ee4df1,3,False,10,True
20,5523,4,assets/targets/lh_hh_plinko_0003/img.jpg,assets/targets/lh_hh_plinko_0003/recording.mp4,lh_hh_plinko_0003,goal_4,False,NA,6824d53b2584274c9b13924e,68ffc55371128ff03ff45265,68ffe019c1806451c9ee4df1,4,False,10,True
21,26345,0,assets/targets/hh_hl_unlink_plinko_0202/img.jpg,assets/targets/hh_hl_unlink_plinko_0202/recording.mp4,hh_hl_unlink_plinko_0202,goal_0,False,maybe,6824d53b2584274c9b13924e,68ffc55371128ff03ff45265,68ffe019c1806451c9ee4df1,0,False,10,True
22,9996,1,assets/targets/lh_ll_unlink_plinko_0002/img.jpg,assets/targets/lh_ll_unlink_plinko_0002/recording.mp4,lh_ll_unlink_plinko_0002,goal_1,False,NA,6824d53b2584274c9b13924e,68ffc55371128ff03ff45265,68ffe019c1806451c9ee4df1,1,False,10,True
23,15165,1,assets/targets/hh_hl_unlink_plinko_0240/img.jpg,assets/targets/hh_hl_unlink_plinko_0240/recording.mp4,hh_hl_unlink_plinko_0240,goal_0,False,maybe,6824d53b2584274c9b13924e,68ffc55371128ff03ff45265,68ffe019c1806451c9ee4df1,0,False,5,False
24,7508,3,assets/fillers/lh_ll_unlink_plinko_0017/img.jpg,assets/fillers/lh_ll_unlink_plinko_0017/recording.mp4,lh_ll_unlink_plinko_0017,goal_3,True,NA,6824d53b2584274c9b13924e,68ffc55371128ff03ff45265,68ffe019c1806451c9ee4df1,3,False,10,True
0,8497,4,assets/fillers/lh_hh_trNM_plinko_0001/img.jpg,assets/fillers/lh_hh_trNM_plinko_0001/recording.mp4,lh_hh_trNM_plinko_0001,goal_4,True,NA,622a11c552b2b35bab72a39c,68ffc55371128ff03ff45265,68ffdfa11da6774ef1e2c552,4,False,10,True
1,6170,3,assets/fillers/lh_hh_trNM_plinko_0002/img.jpg,assets/fillers/lh_hh_trNM_plinko_0002/recording.mp4,lh_hh_trNM_plinko_0002,goal_4,True,NA,622a11c552b2b35bab72a39c,68ffc55371128ff03ff45265,68ffdfa11da6774ef1e2c552,4,False,5,False
2,8376,2,assets/fillers/lh_hh_plinko_0000/img.jpg,assets/fillers/lh_hh_plinko_0000/recording.mp4,lh_hh_plinko_0000,goal_4,True,maybe,622a11c552b2b35bab72a39c,68ffc55371128ff03ff45265,68ffdfa11da6774ef1e2c552,4,False,0,False
3,6689,4,assets/targets/lh_hh_trNM_plinko_0002/img.jpg,assets/targets/lh_hh_trNM_plinko_0002/recording.mp4,lh_hh_trNM_plinko_0002,goal_4,False,definite,622a11c552b2b35bab72a39c,68ffc55371128ff03ff45265,68ffdfa11da6774ef1e2c552,4,False,10,True
4,12208,2,assets/targets/hh_hl_unlink_plinko_0393/img.jpg,assets/targets/hh_hl_unlink_plinko_0393/recording.mp4,hh_hl_unlink_plinko_0393,goal_2,False,maybe,622a11c552b2b35bab72a39c,68ffc55371128ff03ff45265,68ffdfa11da6774ef1e2c552,2,False,10,True
5,5750,1,assets/fillers/lh_ll_unlink_plinko_0021/img.jpg,assets/fillers/lh_ll_unlink_plinko_0021/recording.mp4,lh_ll_unlink_plinko_0021,goal_1,True,definite,622a11c552b2b35bab72a39c,68ffc55371128ff03ff45265,68ffdfa11da6774ef1e2c552,1,False,10,True
6,8842,2,assets/fillers/catch/img.jpg,assets/fillers/catch/recording.mp4,catch,goal_2,True,NA,622a11c552b2b35bab72a39c,68ffc55371128ff03ff45265,68ffdfa11da6774ef1e2c552,2,False,10,True
7,5790,3,assets/targets/lh_ll_unlink_plinko_0000/img.jpg,assets/targets/lh_ll_unlink_plinko_0000/recording.mp4,lh_ll_unlink_plinko_0000,goal_3,False,maybe,622a11c552b2b35bab72a39c,68ffc55371128ff03ff45265,68ffdfa11da6774ef1e2c552,3,False,10,True
8,8313,2,assets/targets/hh_hl_unlink_plinko_0269/img.jpg,assets/targets/hh_hl_unlink_plinko_0269/recording.mp4,hh_hl_unlink_plinko_0269,goal_3,False,maybe,622a11c552b2b35bab72a39c,68ffc55371128ff03ff45265,68ffdfa11da6774ef1e2c552,3,False,5,False
9,5482,1,assets/targets/lh_ll_unlink_plinko_0002/img.jpg,assets/targets/lh_ll_unlink_plinko_0002/recording.mp4,lh_ll_unlink_plinko_0002,goal_1,False,NA,622a11c552b2b35bab72a39c,68ffc55371128ff03ff45265,68ffdfa11da6774ef1e2c552,1,False,10,True
10,6820,0,assets/targets/lh_hh_trNM_plinko_0000/img.jpg,assets/targets/lh_hh_trNM_plinko_0000/recording.mp4,lh_hh_trNM_plinko_0000,goal_0,False,definite,622a11c552b2b35bab72a39c,68ffc55371128ff03ff45265,68ffdfa11da6774ef1e2c552,0,False,10,True
11,4864,2,assets/targets/lh_hh_plinko_0002/img.jpg,assets/targets/lh_hh_plinko_0002/recording.mp4,lh_hh_plinko_0002,goal_2,False,definite,622a11c552b2b35bab72a39c,68ffc55371128ff03ff45265,68ffdfa11da6774ef1e2c552,2,False,10,True
12,7874,3,assets/fillers/lh_hh_plinko_0002/img.jpg,assets/fillers/lh_hh_plinko_0002/recording.mp4,lh_hh_plinko_0002,goal_3,True,NA,622a11c552b2b35bab72a39c,68ffc55371128ff03ff45265,68ffdfa11da6774ef1e2c552,3,False,10,True
13,6898,1,assets/fillers/lh_hh_plinko_0001/img.jpg,assets/fillers/lh_hh_plinko_0001/recording.mp4,lh_hh_plinko_0001,goal_0,True,maybe,622a11c552b2b35bab72a39c,68ffc55371128ff03ff45265,68ffdfa11da6774ef1e2c552,0,False,5,False
14,6306,3,assets/fillers/lh_ll_unlink_plinko_0017/img.jpg,assets/fillers/lh_ll_unlink_plinko_0017/recording.mp4,lh_ll_unlink_plinko_0017,goal_3,True,NA,622a11c552b2b35bab72a39c,68ffc55371128ff03ff45265,68ffdfa11da6774ef1e2c552,3,False,10,True
15,4029,4,assets/targets/lh_hh_plinko_0003/img.jpg,assets/targets/lh_hh_plinko_0003/recording.mp4,lh_hh_plinko_0003,goal_4,False,NA,622a11c552b2b35bab72a39c,68ffc55371128ff03ff45265,68ffdfa11da6774ef1e2c552,4,False,10,True
16,5254,1,assets/targets/hh_hl_unlink_plinko_0202/img.jpg,assets/targets/hh_hl_unlink_plinko_0202/recording.mp4,hh_hl_unlink_plinko_0202,goal_0,False,maybe,622a11c552b2b35bab72a39c,68ffc55371128ff03ff45265,68ffdfa11da6774ef1e2c552,0,False,5,False
17,6927,3,assets/fillers/lh_ll_unlink_plinko_0011/img.jpg,assets/fillers/lh_ll_unlink_plinko_0011/recording.mp4,lh_ll_unlink_plinko_0011,goal_3,True,NA,622a11c552b2b35bab72a39c,68ffc55371128ff03ff45265,68ffdfa11da6774ef1e2c552,3,False,10,True
18,10314,2,assets/targets/hh_hl_unlink_plinko_0246/img.jpg,assets/targets/hh_hl_unlink_plinko_0246/recording.mp4,hh_hl_unlink_plinko_0246,goal_2,False,maybe,622a11c552b2b35bab72a39c,68ffc55371128ff03ff45265,68ffdfa11da6774ef1e2c552,2,False,10,True
19,5948,3,assets/targets/lh_hh_plinko_0001/img.jpg,assets/targets/lh_hh_plinko_0001/recording.mp4,lh_hh_plinko_0001,goal_3,False,NA,622a11c552b2b35bab72a39c,68ffc55371128ff03ff45265,68ffdfa11da6774ef1e2c552,3,False,10,True
20,5042,0,assets/targets/lh_hh_plinko_0000/img.jpg,assets/targets/lh_hh_plinko_0000/recording.mp4,lh_hh_plinko_0000,goal_0,False,NA,622a11c552b2b35bab72a39c,68ffc55371128ff03ff45265,68ffdfa11da6774ef1e2c552,0,False,10,True
21,4874,1,assets/targets/lh_ll_unlink_plinko_0001/img.jpg,assets/targets/lh_ll_unlink_plinko_0001/recording.mp4,lh_ll_unlink_plinko_0001,goal_1,False,NA,622a11c552b2b35bab72a39c,68ffc55371128ff03ff45265,68ffdfa11da6774ef1e2c552,1,False,10,True
22,4977,2,assets/targets/hh_hl_unlink_plinko_0240/img.jpg,assets/targets/hh_hl_unlink_plinko_0240/recording.mp4,hh_hl_unlink_plinko_0240,goal_0,False,maybe,622a11c552b2b35bab72a39c,68ffc55371128ff03ff45265,68ffdfa11da6774ef1e2c552,0,False,0,False
23,4066,2,assets/targets/lh_hh_trNM_plinko_0001/img.jpg,assets/targets/lh_hh_trNM_plinko_0001/recording.mp4,lh_hh_trNM_plinko_0001,goal_2,False,NA,622a11c552b2b35bab72a39c,68ffc55371128ff03ff45265,68ffdfa11da6774ef1e2c552,2,False,10,True
24,6098,3,assets/fillers/lh_ll_unlink_plinko_0009/img.jpg,assets/fillers/lh_ll_unlink_plinko_0009/recording.mp4,lh_ll_unlink_plinko_0009,goal_3,True,NA,622a11c552b2b35bab72a39c,68ffc55371128ff03ff45265,68ffdfa11da6774ef1e2c552,3,False,10,True
0,8351,4,assets/fillers/lh_hh_plinko_0000/img.jpg,assets/fillers/lh_hh_plinko_0000/recording.mp4,lh_hh_plinko_0000,goal_4,True,maybe,5bf0b1ecaf38d100016bd609,68ffc55371128ff03ff45265,68ffe04434ad32f18b3063f7,4,False,10,True
1,8538,3,assets/fillers/lh_hh_trNM_plinko_0002/img.jpg,assets/fillers/lh_hh_trNM_plinko_0002/recording.mp4,lh_hh_trNM_plinko_0002,goal_4,True,NA,5bf0b1ecaf38d100016bd609,68ffc55371128ff03ff45265,68ffe04434ad32f18b3063f7,4,False,5,False
2,7748,1,assets/fillers/lh_hh_plinko_0001/img.jpg,assets/fillers/lh_hh_plinko_0001/recording.mp4,lh_hh_plinko_0001,goal_0,True,maybe,5bf0b1ecaf38d100016bd609,68ffc55371128ff03ff45265,68ffe04434ad32f18b3063f7,0,False,5,False
3,7112,3,assets/fillers/lh_ll_unlink_plinko_0009/img.jpg,assets/fillers/lh_ll_unlink_plinko_0009/recording.mp4,lh_ll_unlink_plinko_0009,goal_3,True,NA,5bf0b1ecaf38d100016bd609,68ffc55371128ff03ff45265,68ffe04434ad32f18b3063f7,3,False,10,True
4,4726,2,assets/targets/lh_hh_trNM_plinko_0001/img.jpg,assets/targets/lh_hh_trNM_plinko_0001/recording.mp4,lh_hh_trNM_plinko_0001,goal_2,False,NA,5bf0b1ecaf38d100016bd609,68ffc55371128ff03ff45265,68ffe04434ad32f18b3063f7,2,False,10,True
5,5932,0,assets/targets/lh_hh_trNM_plinko_0000/img.jpg,assets/targets/lh_hh_trNM_plinko_0000/recording.mp4,lh_hh_trNM_plinko_0000,goal_0,False,definite,5bf0b1ecaf38d100016bd609,68ffc55371128ff03ff45265,68ffe04434ad32f18b3063f7,0,False,10,True
6,5066,3,assets/targets/lh_ll_unlink_plinko_0000/img.jpg,assets/targets/lh_ll_unlink_plinko_0000/recording.mp4,lh_ll_unlink_plinko_0000,goal_3,False,maybe,5bf0b1ecaf38d100016bd609,68ffc55371128ff03ff45265,68ffe04434ad32f18b3063f7,3,False,10,True
7,22342,4,assets/targets/hh_hl_unlink_plinko_0269/img.jpg,assets/targets/hh_hl_unlink_plinko_0269/recording.mp4,hh_hl_unlink_plinko_0269,goal_3,False,maybe,5bf0b1ecaf38d100016bd609,68ffc55371128ff03ff45265,68ffe04434ad32f18b3063f7,3,False,5,False
8,6661,1,assets/targets/lh_ll_unlink_plinko_0001/img.jpg,assets/targets/lh_ll_unlink_plinko_0001/recording.mp4,lh_ll_unlink_plinko_0001,goal_1,False,NA,5bf0b1ecaf38d100016bd609,68ffc55371128ff03ff45265,68ffe04434ad32f18b3063f7,1,False,10,True
9,4474,3,assets/targets/lh_hh_plinko_0001/img.jpg,assets/targets/lh_hh_plinko_0001/recording.mp4,lh_hh_plinko_0001,goal_3,False,NA,5bf0b1ecaf38d100016bd609,68ffc55371128ff03ff45265,68ffe04434ad32f18b3063f7,3,False,10,True
10,5412,1,assets/fillers/lh_ll_unlink_plinko_0021/img.jpg,assets/fillers/lh_ll_unlink_plinko_0021/recording.mp4,lh_ll_unlink_plinko_0021,goal_1,True,definite,5bf0b1ecaf38d100016bd609,68ffc55371128ff03ff45265,68ffe04434ad32f18b3063f7,1,False,10,True
11,12857,3,assets/fillers/lh_hh_plinko_0002/img.jpg,assets/fillers/lh_hh_plinko_0002/recording.mp4,lh_hh_plinko_0002,goal_3,True,NA,5bf0b1ecaf38d100016bd609,68ffc55371128ff03ff45265,68ffe04434ad32f18b3063f7,3,False,10,True
12,6258,4,assets/targets/hh_hl_unlink_plinko_0240/img.jpg,assets/targets/hh_hl_unlink_plinko_0240/recording.mp4,hh_hl_unlink_plinko_0240,goal_0,False,maybe,5bf0b1ecaf38d100016bd609,68ffc55371128ff03ff45265,68ffe04434ad32f18b3063f7,0,False,0,False
13,4276,0,assets/targets/lh_hh_plinko_0000/img.jpg,assets/targets/lh_hh_plinko_0000/recording.mp4,lh_hh_plinko_0000,goal_0,False,NA,5bf0b1ecaf38d100016bd609,68ffc55371128ff03ff45265,68ffe04434ad32f18b3063f7,0,False,10,True
14,13301,3,assets/fillers/lh_ll_unlink_plinko_0011/img.jpg,assets/fillers/lh_ll_unlink_plinko_0011/recording.mp4,lh_ll_unlink_plinko_0011,goal_3,True,NA,5bf0b1ecaf38d100016bd609,68ffc55371128ff03ff45265,68ffe04434ad32f18b3063f7,3,False,10,True
15,7322,3,assets/targets/hh_hl_unlink_plinko_0246/img.jpg,assets/targets/hh_hl_unlink_plinko_0246/recording.mp4,hh_hl_unlink_plinko_0246,goal_2,False,maybe,5bf0b1ecaf38d100016bd609,68ffc55371128ff03ff45265,68ffe04434ad32f18b3063f7,2,False,5,False
16,4364,4,assets/targets/lh_hh_plinko_0003/img.jpg,assets/targets/lh_hh_plinko_0003/recording.mp4,lh_hh_plinko_0003,goal_4,False,NA,5bf0b1ecaf38d100016bd609,68ffc55371128ff03ff45265,68ffe04434ad32f18b3063f7,4,False,10,True
17,4684,3,assets/fillers/lh_ll_unlink_plinko_0017/img.jpg,assets/fillers/lh_ll_unlink_plinko_0017/recording.mp4,lh_ll_unlink_plinko_0017,goal_3,True,NA,5bf0b1ecaf38d100016bd609,68ffc55371128ff03ff45265,68ffe04434ad32f18b3063f7,3,False,10,True
18,3227,1,assets/targets/lh_ll_unlink_plinko_0002/img.jpg,assets/targets/lh_ll_unlink_plinko_0002/recording.mp4,lh_ll_unlink_plinko_0002,goal_1,False,NA,5bf0b1ecaf38d100016bd609,68ffc55371128ff03ff45265,68ffe04434ad32f18b3063f7,1,False,10,True
19,6364,0,assets/targets/hh_hl_unlink_plinko_0393/img.jpg,assets/targets/hh_hl_unlink_plinko_0393/recording.mp4,hh_hl_unlink_plinko_0393,goal_2,False,maybe,5bf0b1ecaf38d100016bd609,68ffc55371128ff03ff45265,68ffe04434ad32f18b3063f7,2,False,0,False
20,5215,4,assets/fillers/lh_hh_trNM_plinko_0001/img.jpg,assets/fillers/lh_hh_trNM_plinko_0001/recording.mp4,lh_hh_trNM_plinko_0001,goal_4,True,NA,5bf0b1ecaf38d100016bd609,68ffc55371128ff03ff45265,68ffe04434ad32f18b3063f7,4,False,10,True
21,3197,2,assets/fillers/catch/img.jpg,assets/fillers/catch/recording.mp4,catch,goal_2,True,NA,5bf0b1ecaf38d100016bd609,68ffc55371128ff03ff45265,68ffe04434ad32f18b3063f7,2,False,10,True
22,7602,0,assets/targets/hh_hl_unlink_plinko_0202/img.jpg,assets/targets/hh_hl_unlink_plinko_0202/recording.mp4,hh_hl_unlink_plinko_0202,goal_0,False,maybe,5bf0b1ecaf38d100016bd609,68ffc55371128ff03ff45265,68ffe04434ad32f18b3063f7,0,False,10,True
23,4889,2,assets/targets/lh_hh_plinko_0002/img.jpg,assets/targets/lh_hh_plinko_0002/recording.mp4,lh_hh_plinko_0002,goal_2,False,definite,5bf0b1ecaf38d100016bd609,68ffc55371128ff03ff45265,68ffe04434ad32f18b3063f7,2,False,10,True
24,6304,4,assets/targets/lh_hh_trNM_plinko_0002/img.jpg,assets/targets/lh_hh_trNM_plinko_0002/recording.mp4,lh_hh_trNM_plinko_0002,goal_4,False,definite,5bf0b1ecaf38d100016bd609,68ffc55371128ff03ff45265,68ffe04434ad32f18b3063f7,4,False,10,True
0,5378,2,assets/fillers/lh_ll_unlink_plinko_0021/img.jpg,assets/fillers/lh_ll_unlink_plinko_0021/recording.mp4,lh_ll_unlink_plinko_0021,goal_1,True,definite,67eff0475e43d9a5390ff55e,68ffc55371128ff03ff45265,68ffe02232a51bef51a1d98b,1,False,5,False
1,9546,3,assets/fillers/lh_hh_plinko_0000/img.jpg,assets/fillers/lh_hh_plinko_0000/recording.mp4,lh_hh_plinko_0000,goal_4,True,maybe,67eff0475e43d9a5390ff55e,68ffc55371128ff03ff45265,68ffe02232a51bef51a1d98b,4,False,5,False
2,6254,2,assets/fillers/catch/img.jpg,assets/fillers/catch/recording.mp4,catch,goal_2,True,NA,67eff0475e43d9a5390ff55e,68ffc55371128ff03ff45265,68ffe02232a51bef51a1d98b,2,False,10,True
3,15164,3,assets/targets/hh_hl_unlink_plinko_0246/img.jpg,assets/targets/hh_hl_unlink_plinko_0246/recording.mp4,hh_hl_unlink_plinko_0246,goal_2,False,maybe,67eff0475e43d9a5390ff55e,68ffc55371128ff03ff45265,68ffe02232a51bef51a1d98b,2,False,5,False
4,8636,3,assets/fillers/lh_hh_plinko_0002/img.jpg,assets/fillers/lh_hh_plinko_0002/recording.mp4,lh_hh_plinko_0002,goal_3,True,NA,67eff0475e43d9a5390ff55e,68ffc55371128ff03ff45265,68ffe02232a51bef51a1d98b,3,False,10,True
5,5470,4,assets/targets/lh_hh_trNM_plinko_0002/img.jpg,assets/targets/lh_hh_trNM_plinko_0002/recording.mp4,lh_hh_trNM_plinko_0002,goal_4,False,definite,67eff0475e43d9a5390ff55e,68ffc55371128ff03ff45265,68ffe02232a51bef51a1d98b,4,False,10,True
6,7324,1,assets/targets/lh_ll_unlink_plinko_0002/img.jpg,assets/targets/lh_ll_unlink_plinko_0002/recording.mp4,lh_ll_unlink_plinko_0002,goal_1,False,NA,67eff0475e43d9a5390ff55e,68ffc55371128ff03ff45265,68ffe02232a51bef51a1d98b,1,False,10,True
7,8398,2,assets/targets/hh_hl_unlink_plinko_0202/img.jpg,assets/targets/hh_hl_unlink_plinko_0202/recording.mp4,hh_hl_unlink_plinko_0202,goal_0,False,maybe,67eff0475e43d9a5390ff55e,68ffc55371128ff03ff45265,68ffe02232a51bef51a1d98b,0,False,0,False
8,6012,0,assets/targets/lh_hh_trNM_plinko_0000/img.jpg,assets/targets/lh_hh_trNM_plinko_0000/recording.mp4,lh_hh_trNM_plinko_0000,goal_0,False,definite,67eff0475e43d9a5390ff55e,68ffc55371128ff03ff45265,68ffe02232a51bef51a1d98b,0,False,10,True
9,8942,4,assets/targets/hh_hl_unlink_plinko_0240/img.jpg,assets/targets/hh_hl_unlink_plinko_0240/recording.mp4,hh_hl_unlink_plinko_0240,goal_0,False,maybe,67eff0475e43d9a5390ff55e,68ffc55371128ff03ff45265,68ffe02232a51bef51a1d98b,0,False,0,False
10,13960,2,assets/targets/lh_hh_plinko_0002/img.jpg,assets/targets/lh_hh_plinko_0002/recording.mp4,lh_hh_plinko_0002,goal_2,False,definite,67eff0475e43d9a5390ff55e,68ffc55371128ff03ff45265,68ffe02232a51bef51a1d98b,2,False,10,True
11,7007,4,assets/targets/lh_hh_plinko_0003/img.jpg,assets/targets/lh_hh_plinko_0003/recording.mp4,lh_hh_plinko_0003,goal_4,False,NA,67eff0475e43d9a5390ff55e,68ffc55371128ff03ff45265,68ffe02232a51bef51a1d98b,4,False,10,True
12,8355,3,assets/fillers/lh_ll_unlink_plinko_0009/img.jpg,assets/fillers/lh_ll_unlink_plinko_0009/recording.mp4,lh_ll_unlink_plinko_0009,goal_3,True,NA,67eff0475e43d9a5390ff55e,68ffc55371128ff03ff45265,68ffe02232a51bef51a1d98b,3,False,10,True
13,17185,2,assets/fillers/lh_hh_trNM_plinko_0001/img.jpg,assets/fillers/lh_hh_trNM_plinko_0001/recording.mp4,lh_hh_trNM_plinko_0001,goal_4,True,NA,67eff0475e43d9a5390ff55e,68ffc55371128ff03ff45265,68ffe02232a51bef51a1d98b,4,False,0,False
14,6053,3,assets/fillers/lh_hh_trNM_plinko_0002/img.jpg,assets/fillers/lh_hh_trNM_plinko_0002/recording.mp4,lh_hh_trNM_plinko_0002,goal_4,True,NA,67eff0475e43d9a5390ff55e,68ffc55371128ff03ff45265,68ffe02232a51bef51a1d98b,4,False,5,False
15,6237,3,assets/targets/lh_ll_unlink_plinko_0000/img.jpg,assets/targets/lh_ll_unlink_plinko_0000/recording.mp4,lh_ll_unlink_plinko_0000,goal_3,False,maybe,67eff0475e43d9a5390ff55e,68ffc55371128ff03ff45265,68ffe02232a51bef51a1d98b,3,False,10,True
16,7536,1,assets/targets/lh_ll_unlink_plinko_0001/img.jpg,assets/targets/lh_ll_unlink_plinko_0001/recording.mp4,lh_ll_unlink_plinko_0001,goal_1,False,NA,67eff0475e43d9a5390ff55e,68ffc55371128ff03ff45265,68ffe02232a51bef51a1d98b,1,False,10,True
17,11365,2,assets/targets/hh_hl_unlink_plinko_0393/img.jpg,assets/targets/hh_hl_unlink_plinko_0393/recording.mp4,hh_hl_unlink_plinko_0393,goal_2,False,maybe,67eff0475e43d9a5390ff55e,68ffc55371128ff03ff45265,68ffe02232a51bef51a1d98b,2,False,10,True
18,8939,3,assets/fillers/lh_ll_unlink_plinko_0017/img.jpg,assets/fillers/lh_ll_unlink_plinko_0017/recording.mp4,lh_ll_unlink_plinko_0017,goal_3,True,NA,67eff0475e43d9a5390ff55e,68ffc55371128ff03ff45265,68ffe02232a51bef51a1d98b,3,False,10,True
19,7980,1,assets/fillers/lh_hh_plinko_0001/img.jpg,assets/fillers/lh_hh_plinko_0001/recording.mp4,lh_hh_plinko_0001,goal_0,True,maybe,67eff0475e43d9a5390ff55e,68ffc55371128ff03ff45265,68ffe02232a51bef51a1d98b,0,False,5,False
20,7689,3,assets/fillers/lh_ll_unlink_plinko_0011/img.jpg,assets/fillers/lh_ll_unlink_plinko_0011/recording.mp4,lh_ll_unlink_plinko_0011,goal_3,True,NA,67eff0475e43d9a5390ff55e,68ffc55371128ff03ff45265,68ffe02232a51bef51a1d98b,3,False,10,True
21,5520,0,assets/targets/lh_hh_plinko_0000/img.jpg,assets/targets/lh_hh_plinko_0000/recording.mp4,lh_hh_plinko_0000,goal_0,False,NA,67eff0475e43d9a5390ff55e,68ffc55371128ff03ff45265,68ffe02232a51bef51a1d98b,0,False,10,True
22,11584,3,assets/targets/lh_hh_plinko_0001/img.jpg,assets/targets/lh_hh_plinko_0001/recording.mp4,lh_hh_plinko_0001,goal_3,False,NA,67eff0475e43d9a5390ff55e,68ffc55371128ff03ff45265,68ffe02232a51bef51a1d98b,3,False,10,True
23,9267,2,assets/targets/lh_hh_trNM_plinko_0001/img.jpg,assets/targets/lh_hh_trNM_plinko_0001/recording.mp4,lh_hh_trNM_plinko_0001,goal_2,False,NA,67eff0475e43d9a5390ff55e,68ffc55371128ff03ff45265,68ffe02232a51bef51a1d98b,2,False,10,True
24,6745,0,assets/targets/hh_hl_unlink_plinko_0269/img.jpg,assets/targets/hh_hl_unlink_plinko_0269/recording.mp4,hh_hl_unlink_plinko_0269,goal_3,False,maybe,67eff0475e43d9a5390ff55e,68ffc55371128ff03ff45265,68ffe02232a51bef51a1d98b,3,False,0,False
0,11264,1,assets/fillers/lh_hh_plinko_0001/img.jpg,assets/fillers/lh_hh_plinko_0001/recording.mp4,lh_hh_plinko_0001,goal_0,True,maybe,6628141ef03d907d9b2ff86d,68ffc55371128ff03ff45265,68ffdfaaf3ebb6e5b3ffef18,0,False,5,False
1,4092,2,assets/fillers/catch/img.jpg,assets/fillers/catch/recording.mp4,catch,goal_2,True,NA,6628141ef03d907d9b2ff86d,68ffc55371128ff03ff45265,68ffdfaaf3ebb6e5b3ffef18,2,False,10,True
2,3723,3,assets/fillers/lh_hh_trNM_plinko_0002/img.jpg,assets/fillers/lh_hh_trNM_plinko_0002/recording.mp4,lh_hh_trNM_plinko_0002,goal_4,True,NA,6628141ef03d907d9b2ff86d,68ffc55371128ff03ff45265,68ffdfaaf3ebb6e5b3ffef18,4,False,5,False
3,7761,3,assets/fillers/lh_hh_plinko_0002/img.jpg,assets/fillers/lh_hh_plinko_0002/recording.mp4,lh_hh_plinko_0002,goal_3,True,NA,6628141ef03d907d9b2ff86d,68ffc55371128ff03ff45265,68ffdfaaf3ebb6e5b3ffef18,3,False,10,True
4,12538,4,assets/fillers/lh_hh_trNM_plinko_0001/img.jpg,assets/fillers/lh_hh_trNM_plinko_0001/recording.mp4,lh_hh_trNM_plinko_0001,goal_4,True,NA,6628141ef03d907d9b2ff86d,68ffc55371128ff03ff45265,68ffdfaaf3ebb6e5b3ffef18,4,False,10,True
5,9303,3,assets/fillers/lh_hh_plinko_0000/img.jpg,assets/fillers/lh_hh_plinko_0000/recording.mp4,lh_hh_plinko_0000,goal_4,True,maybe,6628141ef03d907d9b2ff86d,68ffc55371128ff03ff45265,68ffdfaaf3ebb6e5b3ffef18,4,False,5,False
6,3342,3,assets/targets/lh_hh_plinko_0001/img.jpg,assets/targets/lh_hh_plinko_0001/recording.mp4,lh_hh_plinko_0001,goal_3,False,NA,6628141ef03d907d9b2ff86d,68ffc55371128ff03ff45265,68ffdfaaf3ebb6e5b3ffef18,3,False,10,True
7,5485,3,assets/targets/hh_hl_unlink_plinko_0269/img.jpg,assets/targets/hh_hl_unlink_plinko_0269/recording.mp4,hh_hl_unlink_plinko_0269,goal_3,False,maybe,6628141ef03d907d9b2ff86d,68ffc55371128ff03ff45265,68ffdfaaf3ebb6e5b3ffef18,3,False,10,True
8,4424,0,assets/targets/lh_hh_plinko_0000/img.jpg,assets/targets/lh_hh_plinko_0000/recording.mp4,lh_hh_plinko_0000,goal_0,False,NA,6628141ef03d907d9b2ff86d,68ffc55371128ff03ff45265,68ffdfaaf3ebb6e5b3ffef18,0,False,10,True
9,5722,3,assets/fillers/lh_ll_unlink_plinko_0009/img.jpg,assets/fillers/lh_ll_unlink_plinko_0009/recording.mp4,lh_ll_unlink_plinko_0009,goal_3,True,NA,6628141ef03d907d9b2ff86d,68ffc55371128ff03ff45265,68ffdfaaf3ebb6e5b3ffef18,3,False,10,True
10,2779,1,assets/targets/lh_ll_unlink_plinko_0002/img.jpg,assets/targets/lh_ll_unlink_plinko_0002/recording.mp4,lh_ll_unlink_plinko_0002,goal_1,False,NA,6628141ef03d907d9b2ff86d,68ffc55371128ff03ff45265,68ffdfaaf3ebb6e5b3ffef18,1,False,10,True
11,4833,0,assets/targets/lh_hh_trNM_plinko_0000/img.jpg,assets/targets/lh_hh_trNM_plinko_0000/recording.mp4,lh_hh_trNM_plinko_0000,goal_0,False,definite,6628141ef03d907d9b2ff86d,68ffc55371128ff03ff45265,68ffdfaaf3ebb6e5b3ffef18,0,False,10,True
12,2729,3,assets/fillers/lh_ll_unlink_plinko_0017/img.jpg,assets/fillers/lh_ll_unlink_plinko_0017/recording.mp4,lh_ll_unlink_plinko_0017,goal_3,True,NA,6628141ef03d907d9b2ff86d,68ffc55371128ff03ff45265,68ffdfaaf3ebb6e5b3ffef18,3,False,10,True
13,8645,1,assets/targets/hh_hl_unlink_plinko_0202/img.jpg,assets/targets/hh_hl_unlink_plinko_0202/recording.mp4,hh_hl_unlink_plinko_0202,goal_0,False,maybe,6628141ef03d907d9b2ff86d,68ffc55371128ff03ff45265,68ffdfaaf3ebb6e5b3ffef18,0,False,5,False
14,2352,4,assets/targets/lh_hh_trNM_plinko_0002/img.jpg,assets/targets/lh_hh_trNM_plinko_0002/recording.mp4,lh_hh_trNM_plinko_0002,goal_4,False,definite,6628141ef03d907d9b2ff86d,68ffc55371128ff03ff45265,68ffdfaaf3ebb6e5b3ffef18,4,False,10,True
15,6822,2,assets/targets/hh_hl_unlink_plinko_0246/img.jpg,assets/targets/hh_hl_unlink_plinko_0246/recording.mp4,hh_hl_unlink_plinko_0246,goal_2,False,maybe,6628141ef03d907d9b2ff86d,68ffc55371128ff03ff45265,68ffdfaaf3ebb6e5b3ffef18,2,False,10,True
16,4209,4,assets/targets/lh_hh_plinko_0003/img.jpg,assets/targets/lh_hh_plinko_0003/recording.mp4,lh_hh_plinko_0003,goal_4,False,NA,6628141ef03d907d9b2ff86d,68ffc55371128ff03ff45265,68ffdfaaf3ebb6e5b3ffef18,4,False,10,True
17,3191,3,assets/targets/lh_ll_unlink_plinko_0000/img.jpg,assets/targets/lh_ll_unlink_plinko_0000/recording.mp4,lh_ll_unlink_plinko_0000,goal_3,False,maybe,6628141ef03d907d9b2ff86d,68ffc55371128ff03ff45265,68ffdfaaf3ebb6e5b3ffef18,3,False,10,True
18,3801,3,assets/fillers/lh_ll_unlink_plinko_0011/img.jpg,assets/fillers/lh_ll_unlink_plinko_0011/recording.mp4,lh_ll_unlink_plinko_0011,goal_3,True,NA,6628141ef03d907d9b2ff86d,68ffc55371128ff03ff45265,68ffdfaaf3ebb6e5b3ffef18,3,False,10,True
19,3116,1,assets/fillers/lh_ll_unlink_plinko_0021/img.jpg,assets/fillers/lh_ll_unlink_plinko_0021/recording.mp4,lh_ll_unlink_plinko_0021,goal_1,True,definite,6628141ef03d907d9b2ff86d,68ffc55371128ff03ff45265,68ffdfaaf3ebb6e5b3ffef18,1,False,10,True
20,3303,2,assets/targets/lh_hh_plinko_0002/img.jpg,assets/targets/lh_hh_plinko_0002/recording.mp4,lh_hh_plinko_0002,goal_2,False,definite,6628141ef03d907d9b2ff86d,68ffc55371128ff03ff45265,68ffdfaaf3ebb6e5b3ffef18,2,False,10,True
21,3116,2,assets/targets/hh_hl_unlink_plinko_0393/img.jpg,assets/targets/hh_hl_unlink_plinko_0393/recording.mp4,hh_hl_unlink_plinko_0393,goal_2,False,maybe,6628141ef03d907d9b2ff86d,68ffc55371128ff03ff45265,68ffdfaaf3ebb6e5b3ffef18,2,False,10,True
22,3541,1,assets/targets/lh_ll_unlink_plinko_0001/img.jpg,assets/targets/lh_ll_unlink_plinko_0001/recording.mp4,lh_ll_unlink_plinko_0001,goal_1,False,NA,6628141ef03d907d9b2ff86d,68ffc55371128ff03ff45265,68ffdfaaf3ebb6e5b3ffef18,1,False,10,True
23,2279,2,assets/targets/lh_hh_trNM_plinko_0001/img.jpg,assets/targets/lh_hh_trNM_plinko_0001/recording.mp4,lh_hh_trNM_plinko_0001,goal_2,False,NA,6628141ef03d907d9b2ff86d,68ffc55371128ff03ff45265,68ffdfaaf3ebb6e5b3ffef18,2,False,10,True
24,13290,0,assets/targets/hh_hl_unlink_plinko_0240/img.jpg,assets/targets/hh_hl_unlink_plinko_0240/recording.mp4,hh_hl_unlink_plinko_0240,goal_0,False,maybe,6628141ef03d907d9b2ff86d,68ffc55371128ff03ff45265,68ffdfaaf3ebb6e5b3ffef18,0,False,10,True
0,22218,2,assets/fillers/lh_ll_unlink_plinko_0011/img.jpg,assets/fillers/lh_ll_unlink_plinko_0011/recording.mp4,lh_ll_unlink_plinko_0011,goal_3,True,NA,5a283d72e2d20d00013209c1,68ffc55371128ff03ff45265,68ffdfca105e407e7169ad4a,3,False,5,False
1,13432,1,assets/fillers/lh_hh_trNM_plinko_0001/img.jpg,assets/fillers/lh_hh_trNM_plinko_0001/recording.mp4,lh_hh_trNM_plinko_0001,goal_4,True,NA,5a283d72e2d20d00013209c1,68ffc55371128ff03ff45265,68ffdfca105e407e7169ad4a,4,False,0,False
2,22833,2,assets/fillers/lh_hh_plinko_0000/img.jpg,assets/fillers/lh_hh_plinko_0000/recording.mp4,lh_hh_plinko_0000,goal_4,True,maybe,5a283d72e2d20d00013209c1,68ffc55371128ff03ff45265,68ffdfca105e407e7169ad4a,4,False,0,False
3,7357,1,assets/fillers/lh_hh_plinko_0001/img.jpg,assets/fillers/lh_hh_plinko_0001/recording.mp4,lh_hh_plinko_0001,goal_0,True,maybe,5a283d72e2d20d00013209c1,68ffc55371128ff03ff45265,68ffdfca105e407e7169ad4a,0,False,5,False
4,11610,4,assets/targets/lh_hh_plinko_0003/img.jpg,assets/targets/lh_hh_plinko_0003/recording.mp4,lh_hh_plinko_0003,goal_4,False,NA,5a283d72e2d20d00013209c1,68ffc55371128ff03ff45265,68ffdfca105e407e7169ad4a,4,False,10,True
5,7458,4,assets/fillers/lh_hh_trNM_plinko_0002/img.jpg,assets/fillers/lh_hh_trNM_plinko_0002/recording.mp4,lh_hh_trNM_plinko_0002,goal_4,True,NA,5a283d72e2d20d00013209c1,68ffc55371128ff03ff45265,68ffdfca105e407e7169ad4a,4,False,10,True
6,6401,3,assets/targets/lh_ll_unlink_plinko_0000/img.jpg,assets/targets/lh_ll_unlink_plinko_0000/recording.mp4,lh_ll_unlink_plinko_0000,goal_3,False,maybe,5a283d72e2d20d00013209c1,68ffc55371128ff03ff45265,68ffdfca105e407e7169ad4a,3,False,10,True
7,9139,0,assets/targets/hh_hl_unlink_plinko_0202/img.jpg,assets/targets/hh_hl_unlink_plinko_0202/recording.mp4,hh_hl_unlink_plinko_0202,goal_0,False,maybe,5a283d72e2d20d00013209c1,68ffc55371128ff03ff45265,68ffdfca105e407e7169ad4a,0,False,10,True
8,11191,3,assets/targets/hh_hl_unlink_plinko_0246/img.jpg,assets/targets/hh_hl_unlink_plinko_0246/recording.mp4,hh_hl_unlink_plinko_0246,goal_2,False,maybe,5a283d72e2d20d00013209c1,68ffc55371128ff03ff45265,68ffdfca105e407e7169ad4a,2,False,5,False
9,4599,2,assets/fillers/catch/img.jpg,assets/fillers/catch/recording.mp4,catch,goal_2,True,NA,5a283d72e2d20d00013209c1,68ffc55371128ff03ff45265,68ffdfca105e407e7169ad4a,2,False,10,True
10,6668,3,assets/fillers/lh_ll_unlink_plinko_0017/img.jpg,assets/fillers/lh_ll_unlink_plinko_0017/recording.mp4,lh_ll_unlink_plinko_0017,goal_3,True,NA,5a283d72e2d20d00013209c1,68ffc55371128ff03ff45265,68ffdfca105e407e7169ad4a,3,False,10,True
11,11976,3,assets/targets/hh_hl_unlink_plinko_0269/img.jpg,assets/targets/hh_hl_unlink_plinko_0269/recording.mp4,hh_hl_unlink_plinko_0269,goal_3,False,maybe,5a283d72e2d20d00013209c1,68ffc55371128ff03ff45265,68ffdfca105e407e7169ad4a,3,False,10,True
12,5131,2,assets/targets/lh_hh_trNM_plinko_0001/img.jpg,assets/targets/lh_hh_trNM_plinko_0001/recording.mp4,lh_hh_trNM_plinko_0001,goal_2,False,NA,5a283d72e2d20d00013209c1,68ffc55371128ff03ff45265,68ffdfca105e407e7169ad4a,2,False,10,True
13,12304,3,assets/targets/lh_hh_plinko_0001/img.jpg,assets/targets/lh_hh_plinko_0001/recording.mp4,lh_hh_plinko_0001,goal_3,False,NA,5a283d72e2d20d00013209c1,68ffc55371128ff03ff45265,68ffdfca105e407e7169ad4a,3,False,10,True
14,7544,3,assets/fillers/lh_hh_plinko_0002/img.jpg,assets/fillers/lh_hh_plinko_0002/recording.mp4,lh_hh_plinko_0002,goal_3,True,NA,5a283d72e2d20d00013209c1,68ffc55371128ff03ff45265,68ffdfca105e407e7169ad4a,3,False,10,True
15,19864,4,assets/targets/hh_hl_unlink_plinko_0393/img.jpg,assets/targets/hh_hl_unlink_plinko_0393/recording.mp4,hh_hl_unlink_plinko_0393,goal_2,False,maybe,5a283d72e2d20d00013209c1,68ffc55371128ff03ff45265,68ffdfca105e407e7169ad4a,2,False,0,False
16,8107,2,assets/targets/lh_hh_plinko_0002/img.jpg,assets/targets/lh_hh_plinko_0002/recording.mp4,lh_hh_plinko_0002,goal_2,False,definite,5a283d72e2d20d00013209c1,68ffc55371128ff03ff45265,68ffdfca105e407e7169ad4a,2,False,10,True
17,5237,4,assets/targets/lh_hh_trNM_plinko_0002/img.jpg,assets/targets/lh_hh_trNM_plinko_0002/recording.mp4,lh_hh_trNM_plinko_0002,goal_4,False,definite,5a283d72e2d20d00013209c1,68ffc55371128ff03ff45265,68ffdfca105e407e7169ad4a,4,False,10,True
18,8490,3,assets/fillers/lh_ll_unlink_plinko_0009/img.jpg,assets/fillers/lh_ll_unlink_plinko_0009/recording.mp4,lh_ll_unlink_plinko_0009,goal_3,True,NA,5a283d72e2d20d00013209c1,68ffc55371128ff03ff45265,68ffdfca105e407e7169ad4a,3,False,10,True
19,5604,0,assets/targets/lh_hh_plinko_0000/img.jpg,assets/targets/lh_hh_plinko_0000/recording.mp4,lh_hh_plinko_0000,goal_0,False,NA,5a283d72e2d20d00013209c1,68ffc55371128ff03ff45265,68ffdfca105e407e7169ad4a,0,False,10,True
20,10009,1,assets/targets/lh_ll_unlink_plinko_0002/img.jpg,assets/targets/lh_ll_unlink_plinko_0002/recording.mp4,lh_ll_unlink_plinko_0002,goal_1,False,NA,5a283d72e2d20d00013209c1,68ffc55371128ff03ff45265,68ffdfca105e407e7169ad4a,1,False,10,True
21,7015,1,assets/targets/lh_ll_unlink_plinko_0001/img.jpg,assets/targets/lh_ll_unlink_plinko_0001/recording.mp4,lh_ll_unlink_plinko_0001,goal_1,False,NA,5a283d72e2d20d00013209c1,68ffc55371128ff03ff45265,68ffdfca105e407e7169ad4a,1,False,10,True
22,6787,0,assets/targets/lh_hh_trNM_plinko_0000/img.jpg,assets/targets/lh_hh_trNM_plinko_0000/recording.mp4,lh_hh_trNM_plinko_0000,goal_0,False,definite,5a283d72e2d20d00013209c1,68ffc55371128ff03ff45265,68ffdfca105e407e7169ad4a,0,False,10,True
23,5902,4,assets/targets/hh_hl_unlink_plinko_0240/img.jpg,assets/targets/hh_hl_unlink_plinko_0240/recording.mp4,hh_hl_unlink_plinko_0240,goal_0,False,maybe,5a283d72e2d20d00013209c1,68ffc55371128ff03ff45265,68ffdfca105e407e7169ad4a,0,False,0,False
24,4132,1,assets/fillers/lh_ll_unlink_plinko_0021/img.jpg,assets/fillers/lh_ll_unlink_plinko_0021/recording.mp4,lh_ll_unlink_plinko_0021,goal_1,True,definite,5a283d72e2d20d00013209c1,68ffc55371128ff03ff45265,68ffdfca105e407e7169ad4a,1,False,10,True
0,8603,1,assets/fillers/lh_hh_plinko_0001/img.jpg,assets/fillers/lh_hh_plinko_0001/recording.mp4,lh_hh_plinko_0001,goal_0,True,maybe,5e38e79295ff561112eae457,68ffc55371128ff03ff45265,68ffe021fb724ef96b651833,0,False,5,False
1,8734,3,assets/fillers/lh_ll_unlink_plinko_0009/img.jpg,assets/fillers/lh_ll_unlink_plinko_0009/recording.mp4,lh_ll_unlink_plinko_0009,goal_3,True,NA,5e38e79295ff561112eae457,68ffc55371128ff03ff45265,68ffe021fb724ef96b651833,3,False,10,True
2,3955,2,assets/fillers/catch/img.jpg,assets/fillers/catch/recording.mp4,catch,goal_2,True,NA,5e38e79295ff561112eae457,68ffc55371128ff03ff45265,68ffe021fb724ef96b651833,2,False,10,True
3,14984,3,assets/fillers/lh_hh_plinko_0002/img.jpg,assets/fillers/lh_hh_plinko_0002/recording.mp4,lh_hh_plinko_0002,goal_3,True,NA,5e38e79295ff561112eae457,68ffc55371128ff03ff45265,68ffe021fb724ef96b651833,3,False,10,True
4,7513,2,assets/targets/hh_hl_unlink_plinko_0202/img.jpg,assets/targets/hh_hl_unlink_plinko_0202/recording.mp4,hh_hl_unlink_plinko_0202,goal_0,False,maybe,5e38e79295ff561112eae457,68ffc55371128ff03ff45265,68ffe021fb724ef96b651833,0,False,0,False
5,2974,3,assets/fillers/lh_hh_trNM_plinko_0002/img.jpg,assets/fillers/lh_hh_trNM_plinko_0002/recording.mp4,lh_hh_trNM_plinko_0002,goal_4,True,NA,5e38e79295ff561112eae457,68ffc55371128ff03ff45265,68ffe021fb724ef96b651833,4,False,5,False
6,5460,0,assets/targets/lh_hh_plinko_0000/img.jpg,assets/targets/lh_hh_plinko_0000/recording.mp4,lh_hh_plinko_0000,goal_0,False,NA,5e38e79295ff561112eae457,68ffc55371128ff03ff45265,68ffe021fb724ef96b651833,0,False,10,True
7,22660,0,assets/targets/hh_hl_unlink_plinko_0393/img.jpg,assets/targets/hh_hl_unlink_plinko_0393/recording.mp4,hh_hl_unlink_plinko_0393,goal_2,False,maybe,5e38e79295ff561112eae457,68ffc55371128ff03ff45265,68ffe021fb724ef96b651833,2,False,0,False
8,4024,4,assets/targets/lh_hh_plinko_0003/img.jpg,assets/targets/lh_hh_plinko_0003/recording.mp4,lh_hh_plinko_0003,goal_4,False,NA,5e38e79295ff561112eae457,68ffc55371128ff03ff45265,68ffe021fb724ef96b651833,4,False,10,True
9,6193,2,assets/targets/lh_hh_trNM_plinko_0001/img.jpg,assets/targets/lh_hh_trNM_plinko_0001/recording.mp4,lh_hh_trNM_plinko_0001,goal_2,False,NA,5e38e79295ff561112eae457,68ffc55371128ff03ff45265,68ffe021fb724ef96b651833,2,False,10,True
10,17345,3,assets/targets/hh_hl_unlink_plinko_0269/img.jpg,assets/targets/hh_hl_unlink_plinko_0269/recording.mp4,hh_hl_unlink_plinko_0269,goal_3,False,maybe,5e38e79295ff561112eae457,68ffc55371128ff03ff45265,68ffe021fb724ef96b651833,3,False,10,True
11,3484,4,assets/targets/lh_hh_trNM_plinko_0002/img.jpg,assets/targets/lh_hh_trNM_plinko_0002/recording.mp4,lh_hh_trNM_plinko_0002,goal_4,False,definite,5e38e79295ff561112eae457,68ffc55371128ff03ff45265,68ffe021fb724ef96b651833,4,False,10,True
12,4087,3,assets/fillers/lh_ll_unlink_plinko_0017/img.jpg,assets/fillers/lh_ll_unlink_plinko_0017/recording.mp4,lh_ll_unlink_plinko_0017,goal_3,True,NA,5e38e79295ff561112eae457,68ffc55371128ff03ff45265,68ffe021fb724ef96b651833,3,False,10,True
13,22957,3,assets/fillers/lh_hh_trNM_plinko_0001/img.jpg,assets/fillers/lh_hh_trNM_plinko_0001/recording.mp4,lh_hh_trNM_plinko_0001,goal_4,True,NA,5e38e79295ff561112eae457,68ffc55371128ff03ff45265,68ffe021fb724ef96b651833,4,False,5,False
14,9510,1,assets/targets/lh_ll_unlink_plinko_0001/img.jpg,assets/targets/lh_ll_unlink_plinko_0001/recording.mp4,lh_ll_unlink_plinko_0001,goal_1,False,NA,5e38e79295ff561112eae457,68ffc55371128ff03ff45265,68ffe021fb724ef96b651833,1,False,10,True
15,4170,1,assets/targets/lh_ll_unlink_plinko_0002/img.jpg,assets/targets/lh_ll_unlink_plinko_0002/recording.mp4,lh_ll_unlink_plinko_0002,goal_1,False,NA,5e38e79295ff561112eae457,68ffc55371128ff03ff45265,68ffe021fb724ef96b651833,1,False,10,True
16,4541,1,assets/fillers/lh_ll_unlink_plinko_0021/img.jpg,assets/fillers/lh_ll_unlink_plinko_0021/recording.mp4,lh_ll_unlink_plinko_0021,goal_1,True,definite,5e38e79295ff561112eae457,68ffc55371128ff03ff45265,68ffe021fb724ef96b651833,1,False,10,True
17,4406,3,assets/targets/lh_hh_plinko_0001/img.jpg,assets/targets/lh_hh_plinko_0001/recording.mp4,lh_hh_plinko_0001,goal_3,False,NA,5e38e79295ff561112eae457,68ffc55371128ff03ff45265,68ffe021fb724ef96b651833,3,False,10,True
18,24051,0,assets/targets/hh_hl_unlink_plinko_0240/img.jpg,assets/targets/hh_hl_unlink_plinko_0240/recording.mp4,hh_hl_unlink_plinko_0240,goal_0,False,maybe,5e38e79295ff561112eae457,68ffc55371128ff03ff45265,68ffe021fb724ef96b651833,0,False,10,True
19,4930,2,assets/targets/lh_hh_plinko_0002/img.jpg,assets/targets/lh_hh_plinko_0002/recording.mp4,lh_hh_plinko_0002,goal_2,False,definite,5e38e79295ff561112eae457,68ffc55371128ff03ff45265,68ffe021fb724ef96b651833,2,False,10,True
20,5540,3,assets/targets/lh_ll_unlink_plinko_0000/img.jpg,assets/targets/lh_ll_unlink_plinko_0000/recording.mp4,lh_ll_unlink_plinko_0000,goal_3,False,maybe,5e38e79295ff561112eae457,68ffc55371128ff03ff45265,68ffe021fb724ef96b651833,3,False,10,True
21,6083,0,assets/targets/lh_hh_trNM_plinko_0000/img.jpg,assets/targets/lh_hh_trNM_plinko_0000/recording.mp4,lh_hh_trNM_plinko_0000,goal_0,False,definite,5e38e79295ff561112eae457,68ffc55371128ff03ff45265,68ffe021fb724ef96b651833,0,False,10,True
22,9436,4,assets/fillers/lh_hh_plinko_0000/img.jpg,assets/fillers/lh_hh_plinko_0000/recording.mp4,lh_hh_plinko_0000,goal_4,True,maybe,5e38e79295ff561112eae457,68ffc55371128ff03ff45265,68ffe021fb724ef96b651833,4,False,10,True
23,21787,2,assets/targets/hh_hl_unlink_plinko_0246/img.jpg,assets/targets/hh_hl_unlink_plinko_0246/recording.mp4,hh_hl_unlink_plinko_0246,goal_2,False,maybe,5e38e79295ff561112eae457,68ffc55371128ff03ff45265,68ffe021fb724ef96b651833,2,False,10,True
24,6166,3,assets/fillers/lh_ll_unlink_plinko_0011/img.jpg,assets/fillers/lh_ll_unlink_plinko_0011/recording.mp4,lh_ll_unlink_plinko_0011,goal_3,True,NA,5e38e79295ff561112eae457,68ffc55371128ff03ff45265,68ffe021fb724ef96b651833,3,False,10,True
0,7832,3,assets/fillers/lh_hh_plinko_0002/img.jpg,assets/fillers/lh_hh_plinko_0002/recording.mp4,lh_hh_plinko_0002,goal_3,True,NA,600c167e28de48080e812884,68ffc55371128ff03ff45265,68ffe01dcaef41e55e26d532,3,False,10,True
1,12355,3,assets/fillers/lh_ll_unlink_plinko_0017/img.jpg,assets/fillers/lh_ll_unlink_plinko_0017/recording.mp4,lh_ll_unlink_plinko_0017,goal_3,True,NA,600c167e28de48080e812884,68ffc55371128ff03ff45265,68ffe01dcaef41e55e26d532,3,False,10,True
2,10794,2,assets/fillers/lh_ll_unlink_plinko_0011/img.jpg,assets/fillers/lh_ll_unlink_plinko_0011/recording.mp4,lh_ll_unlink_plinko_0011,goal_3,True,NA,600c167e28de48080e812884,68ffc55371128ff03ff45265,68ffe01dcaef41e55e26d532,3,False,5,False
3,9081,4,assets/targets/hh_hl_unlink_plinko_0240/img.jpg,assets/targets/hh_hl_unlink_plinko_0240/recording.mp4,hh_hl_unlink_plinko_0240,goal_0,False,maybe,600c167e28de48080e812884,68ffc55371128ff03ff45265,68ffe01dcaef41e55e26d532,0,False,0,False
4,11182,1,assets/fillers/lh_hh_plinko_0001/img.jpg,assets/fillers/lh_hh_plinko_0001/recording.mp4,lh_hh_plinko_0001,goal_0,True,maybe,600c167e28de48080e812884,68ffc55371128ff03ff45265,68ffe01dcaef41e55e26d532,0,False,5,False
5,10874,2,assets/targets/lh_hh_trNM_plinko_0001/img.jpg,assets/targets/lh_hh_trNM_plinko_0001/recording.mp4,lh_hh_trNM_plinko_0001,goal_2,False,NA,600c167e28de48080e812884,68ffc55371128ff03ff45265,68ffe01dcaef41e55e26d532,2,False,10,True
6,7794,3,assets/targets/hh_hl_unlink_plinko_0269/img.jpg,assets/targets/hh_hl_unlink_plinko_0269/recording.mp4,hh_hl_unlink_plinko_0269,goal_3,False,maybe,600c167e28de48080e812884,68ffc55371128ff03ff45265,68ffe01dcaef41e55e26d532,3,False,10,True
7,9294,2,assets/targets/hh_hl_unlink_plinko_0393/img.jpg,assets/targets/hh_hl_unlink_plinko_0393/recording.mp4,hh_hl_unlink_plinko_0393,goal_2,False,maybe,600c167e28de48080e812884,68ffc55371128ff03ff45265,68ffe01dcaef41e55e26d532,2,False,10,True
8,5393,2,assets/fillers/catch/img.jpg,assets/fillers/catch/recording.mp4,catch,goal_2,True,NA,600c167e28de48080e812884,68ffc55371128ff03ff45265,68ffe01dcaef41e55e26d532,2,False,10,True
9,7203,4,assets/targets/lh_hh_trNM_plinko_0002/img.jpg,assets/targets/lh_hh_trNM_plinko_0002/recording.mp4,lh_hh_trNM_plinko_0002,goal_4,False,definite,600c167e28de48080e812884,68ffc55371128ff03ff45265,68ffe01dcaef41e55e26d532,4,False,10,True
10,20957,4,assets/targets/lh_hh_plinko_0003/img.jpg,assets/targets/lh_hh_plinko_0003/recording.mp4,lh_hh_plinko_0003,goal_4,False,NA,600c167e28de48080e812884,68ffc55371128ff03ff45265,68ffe01dcaef41e55e26d532,4,False,10,True
11,7426,2,assets/targets/lh_hh_plinko_0002/img.jpg,assets/targets/lh_hh_plinko_0002/recording.mp4,lh_hh_plinko_0002,goal_2,False,definite,600c167e28de48080e812884,68ffc55371128ff03ff45265,68ffe01dcaef41e55e26d532,2,False,10,True
12,9694,2,assets/targets/hh_hl_unlink_plinko_0202/img.jpg,assets/targets/hh_hl_unlink_plinko_0202/recording.mp4,hh_hl_unlink_plinko_0202,goal_0,False,maybe,600c167e28de48080e812884,68ffc55371128ff03ff45265,68ffe01dcaef41e55e26d532,0,False,0,False
13,5402,3,assets/targets/lh_hh_plinko_0001/img.jpg,assets/targets/lh_hh_plinko_0001/recording.mp4,lh_hh_plinko_0001,goal_3,False,NA,600c167e28de48080e812884,68ffc55371128ff03ff45265,68ffe01dcaef41e55e26d532,3,False,10,True
14,16461,4,assets/fillers/lh_hh_plinko_0000/img.jpg,assets/fillers/lh_hh_plinko_0000/recording.mp4,lh_hh_plinko_0000,goal_4,True,maybe,600c167e28de48080e812884,68ffc55371128ff03ff45265,68ffe01dcaef41e55e26d532,4,False,10,True
15,12436,2,assets/fillers/lh_ll_unlink_plinko_0021/img.jpg,assets/fillers/lh_ll_unlink_plinko_0021/recording.mp4,lh_ll_unlink_plinko_0021,goal_1,True,definite,600c167e28de48080e812884,68ffc55371128ff03ff45265,68ffe01dcaef41e55e26d532,1,False,5,False
16,14606,2,assets/fillers/lh_ll_unlink_plinko_0009/img.jpg,assets/fillers/lh_ll_unlink_plinko_0009/recording.mp4,lh_ll_unlink_plinko_0009,goal_3,True,NA,600c167e28de48080e812884,68ffc55371128ff03ff45265,68ffe01dcaef41e55e26d532,3,False,5,False
17,8249,3,assets/targets/hh_hl_unlink_plinko_0246/img.jpg,assets/targets/hh_hl_unlink_plinko_0246/recording.mp4,hh_hl_unlink_plinko_0246,goal_2,False,maybe,600c167e28de48080e812884,68ffc55371128ff03ff45265,68ffe01dcaef41e55e26d532,2,False,5,False
18,5831,0,assets/targets/lh_hh_trNM_plinko_0000/img.jpg,assets/targets/lh_hh_trNM_plinko_0000/recording.mp4,lh_hh_trNM_plinko_0000,goal_0,False,definite,600c167e28de48080e812884,68ffc55371128ff03ff45265,68ffe01dcaef41e55e26d532,0,False,10,True
19,12482,1,assets/targets/lh_ll_unlink_plinko_0002/img.jpg,assets/targets/lh_ll_unlink_plinko_0002/recording.mp4,lh_ll_unlink_plinko_0002,goal_1,False,NA,600c167e28de48080e812884,68ffc55371128ff03ff45265,68ffe01dcaef41e55e26d532,1,False,10,True
20,10432,2,assets/fillers/lh_hh_trNM_plinko_0001/img.jpg,assets/fillers/lh_hh_trNM_plinko_0001/recording.mp4,lh_hh_trNM_plinko_0001,goal_4,True,NA,600c167e28de48080e812884,68ffc55371128ff03ff45265,68ffe01dcaef41e55e26d532,4,False,0,False
21,6045,3,assets/targets/lh_ll_unlink_plinko_0000/img.jpg,assets/targets/lh_ll_unlink_plinko_0000/recording.mp4,lh_ll_unlink_plinko_0000,goal_3,False,maybe,600c167e28de48080e812884,68ffc55371128ff03ff45265,68ffe01dcaef41e55e26d532,3,False,10,True
22,10458,0,assets/targets/lh_hh_plinko_0000/img.jpg,assets/targets/lh_hh_plinko_0000/recording.mp4,lh_hh_plinko_0000,goal_0,False,NA,600c167e28de48080e812884,68ffc55371128ff03ff45265,68ffe01dcaef41e55e26d532,0,False,10,True
23,4936,1,assets/targets/lh_ll_unlink_plinko_0001/img.jpg,assets/targets/lh_ll_unlink_plinko_0001/recording.mp4,lh_ll_unlink_plinko_0001,goal_1,False,NA,600c167e28de48080e812884,68ffc55371128ff03ff45265,68ffe01dcaef41e55e26d532,1,False,10,True
24,5112,3,assets/fillers/lh_hh_trNM_plinko_0002/img.jpg,assets/fillers/lh_hh_trNM_plinko_0002/recording.mp4,lh_hh_trNM_plinko_0002,goal_4,True,NA,600c167e28de48080e812884,68ffc55371128ff03ff45265,68ffe01dcaef41e55e26d532,4,False,5,False
0,6586,3,assets/fillers/lh_ll_unlink_plinko_0011/img.jpg,assets/fillers/lh_ll_unlink_plinko_0011/recording.mp4,lh_ll_unlink_plinko_0011,goal_3,True,NA,610309d6b51e8a9a5da8a6f4,68ffc55371128ff03ff45265,68ffdf9d69329f2baa632584,3,False,10,True
1,23217,1,assets/fillers/lh_ll_unlink_plinko_0021/img.jpg,assets/fillers/lh_ll_unlink_plinko_0021/recording.mp4,lh_ll_unlink_plinko_0021,goal_1,True,definite,610309d6b51e8a9a5da8a6f4,68ffc55371128ff03ff45265,68ffdf9d69329f2baa632584,1,False,10,True
2,8017,1,assets/fillers/lh_hh_plinko_0001/img.jpg,assets/fillers/lh_hh_plinko_0001/recording.mp4,lh_hh_plinko_0001,goal_0,True,maybe,610309d6b51e8a9a5da8a6f4,68ffc55371128ff03ff45265,68ffdf9d69329f2baa632584,0,False,5,False
3,28218,2,assets/fillers/lh_hh_plinko_0002/img.jpg,assets/fillers/lh_hh_plinko_0002/recording.mp4,lh_hh_plinko_0002,goal_3,True,NA,610309d6b51e8a9a5da8a6f4,68ffc55371128ff03ff45265,68ffdf9d69329f2baa632584,3,False,5,False
4,11465,4,assets/targets/lh_hh_plinko_0003/img.jpg,assets/targets/lh_hh_plinko_0003/recording.mp4,lh_hh_plinko_0003,goal_4,False,NA,610309d6b51e8a9a5da8a6f4,68ffc55371128ff03ff45265,68ffdf9d69329f2baa632584,4,False,10,True
5,31270,1,assets/targets/hh_hl_unlink_plinko_0202/img.jpg,assets/targets/hh_hl_unlink_plinko_0202/recording.mp4,hh_hl_unlink_plinko_0202,goal_0,False,maybe,610309d6b51e8a9a5da8a6f4,68ffc55371128ff03ff45265,68ffdf9d69329f2baa632584,0,False,5,False
6,20347,1,assets/targets/lh_ll_unlink_plinko_0001/img.jpg,assets/targets/lh_ll_unlink_plinko_0001/recording.mp4,lh_ll_unlink_plinko_0001,goal_1,False,NA,610309d6b51e8a9a5da8a6f4,68ffc55371128ff03ff45265,68ffdf9d69329f2baa632584,1,False,10,True
7,7003,3,assets/targets/lh_ll_unlink_plinko_0000/img.jpg,assets/targets/lh_ll_unlink_plinko_0000/recording.mp4,lh_ll_unlink_plinko_0000,goal_3,False,maybe,610309d6b51e8a9a5da8a6f4,68ffc55371128ff03ff45265,68ffdf9d69329f2baa632584,3,False,10,True
8,3284,2,assets/targets/lh_hh_trNM_plinko_0001/img.jpg,assets/targets/lh_hh_trNM_plinko_0001/recording.mp4,lh_hh_trNM_plinko_0001,goal_2,False,NA,610309d6b51e8a9a5da8a6f4,68ffc55371128ff03ff45265,68ffdf9d69329f2baa632584,2,False,10,True
9,12142,4,assets/fillers/lh_hh_plinko_0000/img.jpg,assets/fillers/lh_hh_plinko_0000/recording.mp4,lh_hh_plinko_0000,goal_4,True,maybe,610309d6b51e8a9a5da8a6f4,68ffc55371128ff03ff45265,68ffdf9d69329f2baa632584,4,False,10,True
10,21518,3,assets/targets/lh_hh_plinko_0001/img.jpg,assets/targets/lh_hh_plinko_0001/recording.mp4,lh_hh_plinko_0001,goal_3,False,NA,610309d6b51e8a9a5da8a6f4,68ffc55371128ff03ff45265,68ffdf9d69329f2baa632584,3,False,10,True
11,9573,3,assets/fillers/lh_hh_trNM_plinko_0002/img.jpg,assets/fillers/lh_hh_trNM_plinko_0002/recording.mp4,lh_hh_trNM_plinko_0002,goal_4,True,NA,610309d6b51e8a9a5da8a6f4,68ffc55371128ff03ff45265,68ffdf9d69329f2baa632584,4,False,5,False
12,12985,2,assets/fillers/catch/img.jpg,assets/fillers/catch/recording.mp4,catch,goal_2,True,NA,610309d6b51e8a9a5da8a6f4,68ffc55371128ff03ff45265,68ffdf9d69329f2baa632584,2,False,10,True
13,5763,2,assets/targets/lh_hh_plinko_0002/img.jpg,assets/targets/lh_hh_plinko_0002/recording.mp4,lh_hh_plinko_0002,goal_2,False,definite,610309d6b51e8a9a5da8a6f4,68ffc55371128ff03ff45265,68ffdf9d69329f2baa632584,2,False,10,True
14,12400,3,assets/fillers/lh_ll_unlink_plinko_0017/img.jpg,assets/fillers/lh_ll_unlink_plinko_0017/recording.mp4,lh_ll_unlink_plinko_0017,goal_3,True,NA,610309d6b51e8a9a5da8a6f4,68ffc55371128ff03ff45265,68ffdf9d69329f2baa632584,3,False,10,True
15,4887,1,assets/targets/lh_ll_unlink_plinko_0002/img.jpg,assets/targets/lh_ll_unlink_plinko_0002/recording.mp4,lh_ll_unlink_plinko_0002,goal_1,False,NA,610309d6b51e8a9a5da8a6f4,68ffc55371128ff03ff45265,68ffdf9d69329f2baa632584,1,False,10,True
16,5915,3,assets/targets/hh_hl_unlink_plinko_0269/img.jpg,assets/targets/hh_hl_unlink_plinko_0269/recording.mp4,hh_hl_unlink_plinko_0269,goal_3,False,maybe,610309d6b51e8a9a5da8a6f4,68ffc55371128ff03ff45265,68ffdf9d69329f2baa632584,3,False,10,True
17,6022,4,assets/targets/hh_hl_unlink_plinko_0246/img.jpg,assets/targets/hh_hl_unlink_plinko_0246/recording.mp4,hh_hl_unlink_plinko_0246,goal_2,False,maybe,610309d6b51e8a9a5da8a6f4,68ffc55371128ff03ff45265,68ffdf9d69329f2baa632584,2,False,0,False
18,4644,4,assets/targets/lh_hh_trNM_plinko_0002/img.jpg,assets/targets/lh_hh_trNM_plinko_0002/recording.mp4,lh_hh_trNM_plinko_0002,goal_4,False,definite,610309d6b51e8a9a5da8a6f4,68ffc55371128ff03ff45265,68ffdf9d69329f2baa632584,4,False,10,True
19,39955,0,assets/targets/lh_hh_trNM_plinko_0000/img.jpg,assets/targets/lh_hh_trNM_plinko_0000/recording.mp4,lh_hh_trNM_plinko_0000,goal_0,False,definite,610309d6b51e8a9a5da8a6f4,68ffc55371128ff03ff45265,68ffdf9d69329f2baa632584,0,False,10,True
20,4633,2,assets/targets/hh_hl_unlink_plinko_0393/img.jpg,assets/targets/hh_hl_unlink_plinko_0393/recording.mp4,hh_hl_unlink_plinko_0393,goal_2,False,maybe,610309d6b51e8a9a5da8a6f4,68ffc55371128ff03ff45265,68ffdf9d69329f2baa632584,2,False,10,True
21,28096,2,assets/targets/hh_hl_unlink_plinko_0240/img.jpg,assets/targets/hh_hl_unlink_plinko_0240/recording.mp4,hh_hl_unlink_plinko_0240,goal_0,False,maybe,610309d6b51e8a9a5da8a6f4,68ffc55371128ff03ff45265,68ffdf9d69329f2baa632584,0,False,0,False
22,6927,4,assets/fillers/lh_hh_trNM_plinko_0001/img.jpg,assets/fillers/lh_hh_trNM_plinko_0001/recording.mp4,lh_hh_trNM_plinko_0001,goal_4,True,NA,610309d6b51e8a9a5da8a6f4,68ffc55371128ff03ff45265,68ffdf9d69329f2baa632584,4,False,10,True
23,20813,3,assets/fillers/lh_ll_unlink_plinko_0009/img.jpg,assets/fillers/lh_ll_unlink_plinko_0009/recording.mp4,lh_ll_unlink_plinko_0009,goal_3,True,NA,610309d6b51e8a9a5da8a6f4,68ffc55371128ff03ff45265,68ffdf9d69329f2baa632584,3,False,10,True
24,49749,0,assets/targets/lh_hh_plinko_0000/img.jpg,assets/targets/lh_hh_plinko_0000/recording.mp4,lh_hh_plinko_0000,goal_0,False,NA,610309d6b51e8a9a5da8a6f4,68ffc55371128ff03ff45265,68ffdf9d69329f2baa632584,0,False,10,True
0,20367,3,assets/fillers/lh_hh_plinko_0002/img.jpg,assets/fillers/lh_hh_plinko_0002/recording.mp4,lh_hh_plinko_0002,goal_3,True,NA,622f7f35376a1f92763ddbe2,68ffc55371128ff03ff45265,68ffe03c4b25ac09b9534e25,3,False,10,True
1,13287,1,assets/fillers/lh_hh_plinko_0001/img.jpg,assets/fillers/lh_hh_plinko_0001/recording.mp4,lh_hh_plinko_0001,goal_0,True,maybe,622f7f35376a1f92763ddbe2,68ffc55371128ff03ff45265,68ffe03c4b25ac09b9534e25,0,False,5,False
2,7486,2,assets/fillers/catch/img.jpg,assets/fillers/catch/recording.mp4,catch,goal_2,True,NA,622f7f35376a1f92763ddbe2,68ffc55371128ff03ff45265,68ffe03c4b25ac09b9534e25,2,False,10,True
3,30039,2,assets/targets/lh_hh_plinko_0002/img.jpg,assets/targets/lh_hh_plinko_0002/recording.mp4,lh_hh_plinko_0002,goal_2,False,definite,622f7f35376a1f92763ddbe2,68ffc55371128ff03ff45265,68ffe03c4b25ac09b9534e25,2,False,10,True
4,19151,2,assets/targets/hh_hl_unlink_plinko_0202/img.jpg,assets/targets/hh_hl_unlink_plinko_0202/recording.mp4,hh_hl_unlink_plinko_0202,goal_0,False,maybe,622f7f35376a1f92763ddbe2,68ffc55371128ff03ff45265,68ffe03c4b25ac09b9534e25,0,False,0,False
5,32302,2,assets/targets/hh_hl_unlink_plinko_0393/img.jpg,assets/targets/hh_hl_unlink_plinko_0393/recording.mp4,hh_hl_unlink_plinko_0393,goal_2,False,maybe,622f7f35376a1f92763ddbe2,68ffc55371128ff03ff45265,68ffe03c4b25ac09b9534e25,2,False,10,True
6,21574,0,assets/targets/hh_hl_unlink_plinko_0269/img.jpg,assets/targets/hh_hl_unlink_plinko_0269/recording.mp4,hh_hl_unlink_plinko_0269,goal_3,False,maybe,622f7f35376a1f92763ddbe2,68ffc55371128ff03ff45265,68ffe03c4b25ac09b9534e25,3,False,0,False
7,16254,4,assets/fillers/lh_hh_plinko_0000/img.jpg,assets/fillers/lh_hh_plinko_0000/recording.mp4,lh_hh_plinko_0000,goal_4,True,maybe,622f7f35376a1f92763ddbe2,68ffc55371128ff03ff45265,68ffe03c4b25ac09b9534e25,4,False,10,True
8,17520,3,assets/fillers/lh_ll_unlink_plinko_0011/img.jpg,assets/fillers/lh_ll_unlink_plinko_0011/recording.mp4,lh_ll_unlink_plinko_0011,goal_3,True,NA,622f7f35376a1f92763ddbe2,68ffc55371128ff03ff45265,68ffe03c4b25ac09b9534e25,3,False,10,True
9,14223,4,assets/targets/lh_hh_trNM_plinko_0002/img.jpg,assets/targets/lh_hh_trNM_plinko_0002/recording.mp4,lh_hh_trNM_plinko_0002,goal_4,False,definite,622f7f35376a1f92763ddbe2,68ffc55371128ff03ff45265,68ffe03c4b25ac09b9534e25,4,False,10,True
10,13638,3,assets/targets/lh_hh_plinko_0001/img.jpg,assets/targets/lh_hh_plinko_0001/recording.mp4,lh_hh_plinko_0001,goal_3,False,NA,622f7f35376a1f92763ddbe2,68ffc55371128ff03ff45265,68ffe03c4b25ac09b9534e25,3,False,10,True
11,15639,3,assets/fillers/lh_hh_trNM_plinko_0002/img.jpg,assets/fillers/lh_hh_trNM_plinko_0002/recording.mp4,lh_hh_trNM_plinko_0002,goal_4,True,NA,622f7f35376a1f92763ddbe2,68ffc55371128ff03ff45265,68ffe03c4b25ac09b9534e25,4,False,5,False
12,20510,0,assets/targets/hh_hl_unlink_plinko_0246/img.jpg,assets/targets/hh_hl_unlink_plinko_0246/recording.mp4,hh_hl_unlink_plinko_0246,goal_2,False,maybe,622f7f35376a1f92763ddbe2,68ffc55371128ff03ff45265,68ffe03c4b25ac09b9534e25,2,False,0,False
13,14398,2,assets/targets/lh_hh_trNM_plinko_0001/img.jpg,assets/targets/lh_hh_trNM_plinko_0001/recording.mp4,lh_hh_trNM_plinko_0001,goal_2,False,NA,622f7f35376a1f92763ddbe2,68ffc55371128ff03ff45265,68ffe03c4b25ac09b9534e25,2,False,10,True
14,15263,3,assets/fillers/lh_ll_unlink_plinko_0017/img.jpg,assets/fillers/lh_ll_unlink_plinko_0017/recording.mp4,lh_ll_unlink_plinko_0017,goal_3,True,NA,622f7f35376a1f92763ddbe2,68ffc55371128ff03ff45265,68ffe03c4b25ac09b9534e25,3,False,10,True
15,12543,0,assets/targets/lh_hh_trNM_plinko_0000/img.jpg,assets/targets/lh_hh_trNM_plinko_0000/recording.mp4,lh_hh_trNM_plinko_0000,goal_0,False,definite,622f7f35376a1f92763ddbe2,68ffc55371128ff03ff45265,68ffe03c4b25ac09b9534e25,0,False,10,True
16,19118,1,assets/fillers/lh_ll_unlink_plinko_0021/img.jpg,assets/fillers/lh_ll_unlink_plinko_0021/recording.mp4,lh_ll_unlink_plinko_0021,goal_1,True,definite,622f7f35376a1f92763ddbe2,68ffc55371128ff03ff45265,68ffe03c4b25ac09b9534e25,1,False,10,True
17,26151,0,assets/targets/lh_hh_plinko_0000/img.jpg,assets/targets/lh_hh_plinko_0000/recording.mp4,lh_hh_plinko_0000,goal_0,False,NA,622f7f35376a1f92763ddbe2,68ffc55371128ff03ff45265,68ffe03c4b25ac09b9534e25,0,False,10,True
18,14599,1,assets/targets/lh_ll_unlink_plinko_0002/img.jpg,assets/targets/lh_ll_unlink_plinko_0002/recording.mp4,lh_ll_unlink_plinko_0002,goal_1,False,NA,622f7f35376a1f92763ddbe2,68ffc55371128ff03ff45265,68ffe03c4b25ac09b9534e25,1,False,10,True
19,22367,3,assets/targets/lh_ll_unlink_plinko_0000/img.jpg,assets/targets/lh_ll_unlink_plinko_0000/recording.mp4,lh_ll_unlink_plinko_0000,goal_3,False,maybe,622f7f35376a1f92763ddbe2,68ffc55371128ff03ff45265,68ffe03c4b25ac09b9534e25,3,False,10,True
20,13527,1,assets/targets/lh_ll_unlink_plinko_0001/img.jpg,assets/targets/lh_ll_unlink_plinko_0001/recording.mp4,lh_ll_unlink_plinko_0001,goal_1,False,NA,622f7f35376a1f92763ddbe2,68ffc55371128ff03ff45265,68ffe03c4b25ac09b9534e25,1,False,10,True
21,13112,4,assets/targets/lh_hh_plinko_0003/img.jpg,assets/targets/lh_hh_plinko_0003/recording.mp4,lh_hh_plinko_0003,goal_4,False,NA,622f7f35376a1f92763ddbe2,68ffc55371128ff03ff45265,68ffe03c4b25ac09b9534e25,4,False,10,True
22,19871,3,assets/fillers/lh_ll_unlink_plinko_0009/img.jpg,assets/fillers/lh_ll_unlink_plinko_0009/recording.mp4,lh_ll_unlink_plinko_0009,goal_3,True,NA,622f7f35376a1f92763ddbe2,68ffc55371128ff03ff45265,68ffe03c4b25ac09b9534e25,3,False,10,True
23,12111,4,assets/targets/hh_hl_unlink_plinko_0240/img.jpg,assets/targets/hh_hl_unlink_plinko_0240/recording.mp4,hh_hl_unlink_plinko_0240,goal_0,False,maybe,622f7f35376a1f92763ddbe2,68ffc55371128ff03ff45265,68ffe03c4b25ac09b9534e25,0,False,0,False
24,21256,4,assets/fillers/lh_hh_trNM_plinko_0001/img.jpg,assets/fillers/lh_hh_trNM_plinko_0001/recording.mp4,lh_hh_trNM_plinko_0001,goal_4,True,NA,622f7f35376a1f92763ddbe2,68ffc55371128ff03ff45265,68ffe03c4b25ac09b9534e25,4,False,10,True
0,7860,1,assets/fillers/lh_hh_plinko_0002/img.jpg,assets/fillers/lh_hh_plinko_0002/recording.mp4,lh_hh_plinko_0002,goal_3,True,NA,5c1ebf5f658e9200017ae7e9,68ffc55371128ff03ff45265,68ffdf93971bc4c8612947cc,3,False,0,False
1,6640,2,assets/fillers/lh_ll_unlink_plinko_0009/img.jpg,assets/fillers/lh_ll_unlink_plinko_0009/recording.mp4,lh_ll_unlink_plinko_0009,goal_3,True,NA,5c1ebf5f658e9200017ae7e9,68ffc55371128ff03ff45265,68ffdf93971bc4c8612947cc,3,False,5,False
2,5348,2,assets/fillers/lh_ll_unlink_plinko_0011/img.jpg,assets/fillers/lh_ll_unlink_plinko_0011/recording.mp4,lh_ll_unlink_plinko_0011,goal_3,True,NA,5c1ebf5f658e9200017ae7e9,68ffc55371128ff03ff45265,68ffdf93971bc4c8612947cc,3,False,5,False
3,7915,0,assets/targets/lh_hh_plinko_0000/img.jpg,assets/targets/lh_hh_plinko_0000/recording.mp4,lh_hh_plinko_0000,goal_0,False,NA,5c1ebf5f658e9200017ae7e9,68ffc55371128ff03ff45265,68ffdf93971bc4c8612947cc,0,False,10,True
4,4939,2,assets/fillers/lh_ll_unlink_plinko_0021/img.jpg,assets/fillers/lh_ll_unlink_plinko_0021/recording.mp4,lh_ll_unlink_plinko_0021,goal_1,True,definite,5c1ebf5f658e9200017ae7e9,68ffc55371128ff03ff45265,68ffdf93971bc4c8612947cc,1,False,5,False
5,5441,2,assets/targets/hh_hl_unlink_plinko_0246/img.jpg,assets/targets/hh_hl_unlink_plinko_0246/recording.mp4,hh_hl_unlink_plinko_0246,goal_2,False,maybe,5c1ebf5f658e9200017ae7e9,68ffc55371128ff03ff45265,68ffdf93971bc4c8612947cc,2,False,10,True
6,5556,2,assets/targets/lh_hh_trNM_plinko_0001/img.jpg,assets/targets/lh_hh_trNM_plinko_0001/recording.mp4,lh_hh_trNM_plinko_0001,goal_2,False,NA,5c1ebf5f658e9200017ae7e9,68ffc55371128ff03ff45265,68ffdf93971bc4c8612947cc,2,False,10,True
7,4844,1,assets/targets/lh_ll_unlink_plinko_0001/img.jpg,assets/targets/lh_ll_unlink_plinko_0001/recording.mp4,lh_ll_unlink_plinko_0001,goal_1,False,NA,5c1ebf5f658e9200017ae7e9,68ffc55371128ff03ff45265,68ffdf93971bc4c8612947cc,1,False,10,True
8,8294,2,assets/targets/hh_hl_unlink_plinko_0269/img.jpg,assets/targets/hh_hl_unlink_plinko_0269/recording.mp4,hh_hl_unlink_plinko_0269,goal_3,False,maybe,5c1ebf5f658e9200017ae7e9,68ffc55371128ff03ff45265,68ffdf93971bc4c8612947cc,3,False,5,False
9,10433,2,assets/fillers/lh_ll_unlink_plinko_0017/img.jpg,assets/fillers/lh_ll_unlink_plinko_0017/recording.mp4,lh_ll_unlink_plinko_0017,goal_3,True,NA,5c1ebf5f658e9200017ae7e9,68ffc55371128ff03ff45265,68ffdf93971bc4c8612947cc,3,False,5,False
10,5030,2,assets/fillers/lh_hh_plinko_0000/img.jpg,assets/fillers/lh_hh_plinko_0000/recording.mp4,lh_hh_plinko_0000,goal_4,True,maybe,5c1ebf5f658e9200017ae7e9,68ffc55371128ff03ff45265,68ffdf93971bc4c8612947cc,4,False,0,False
11,5140,4,assets/targets/hh_hl_unlink_plinko_0393/img.jpg,assets/targets/hh_hl_unlink_plinko_0393/recording.mp4,hh_hl_unlink_plinko_0393,goal_2,False,maybe,5c1ebf5f658e9200017ae7e9,68ffc55371128ff03ff45265,68ffdf93971bc4c8612947cc,2,False,0,False
12,4216,3,assets/targets/hh_hl_unlink_plinko_0240/img.jpg,assets/targets/hh_hl_unlink_plinko_0240/recording.mp4,hh_hl_unlink_plinko_0240,goal_0,False,maybe,5c1ebf5f658e9200017ae7e9,68ffc55371128ff03ff45265,68ffdf93971bc4c8612947cc,0,False,0,False
13,3454,4,assets/targets/lh_hh_trNM_plinko_0002/img.jpg,assets/targets/lh_hh_trNM_plinko_0002/recording.mp4,lh_hh_trNM_plinko_0002,goal_4,False,definite,5c1ebf5f658e9200017ae7e9,68ffc55371128ff03ff45265,68ffdf93971bc4c8612947cc,4,False,10,True
14,3358,1,assets/targets/lh_ll_unlink_plinko_0002/img.jpg,assets/targets/lh_ll_unlink_plinko_0002/recording.mp4,lh_ll_unlink_plinko_0002,goal_1,False,NA,5c1ebf5f658e9200017ae7e9,68ffc55371128ff03ff45265,68ffdf93971bc4c8612947cc,1,False,10,True
15,4683,2,assets/targets/lh_hh_plinko_0002/img.jpg,assets/targets/lh_hh_plinko_0002/recording.mp4,lh_hh_plinko_0002,goal_2,False,definite,5c1ebf5f658e9200017ae7e9,68ffc55371128ff03ff45265,68ffdf93971bc4c8612947cc,2,False,10,True
16,5844,3,assets/targets/lh_ll_unlink_plinko_0000/img.jpg,assets/targets/lh_ll_unlink_plinko_0000/recording.mp4,lh_ll_unlink_plinko_0000,goal_3,False,maybe,5c1ebf5f658e9200017ae7e9,68ffc55371128ff03ff45265,68ffdf93971bc4c8612947cc,3,False,10,True
17,4172,3,assets/fillers/lh_hh_trNM_plinko_0002/img.jpg,assets/fillers/lh_hh_trNM_plinko_0002/recording.mp4,lh_hh_trNM_plinko_0002,goal_4,True,NA,5c1ebf5f658e9200017ae7e9,68ffc55371128ff03ff45265,68ffdf93971bc4c8612947cc,4,False,5,False
18,3851,3,assets/targets/lh_hh_plinko_0001/img.jpg,assets/targets/lh_hh_plinko_0001/recording.mp4,lh_hh_plinko_0001,goal_3,False,NA,5c1ebf5f658e9200017ae7e9,68ffc55371128ff03ff45265,68ffdf93971bc4c8612947cc,3,False,10,True
19,4470,2,assets/fillers/catch/img.jpg,assets/fillers/catch/recording.mp4,catch,goal_2,True,NA,5c1ebf5f658e9200017ae7e9,68ffc55371128ff03ff45265,68ffdf93971bc4c8612947cc,2,False,10,True
20,3080,4,assets/targets/lh_hh_plinko_0003/img.jpg,assets/targets/lh_hh_plinko_0003/recording.mp4,lh_hh_plinko_0003,goal_4,False,NA,5c1ebf5f658e9200017ae7e9,68ffc55371128ff03ff45265,68ffdf93971bc4c8612947cc,4,False,10,True
21,9699,4,assets/fillers/lh_hh_trNM_plinko_0001/img.jpg,assets/fillers/lh_hh_trNM_plinko_0001/recording.mp4,lh_hh_trNM_plinko_0001,goal_4,True,NA,5c1ebf5f658e9200017ae7e9,68ffc55371128ff03ff45265,68ffdf93971bc4c8612947cc,4,False,10,True
22,5078,2,assets/targets/hh_hl_unlink_plinko_0202/img.jpg,assets/targets/hh_hl_unlink_plinko_0202/recording.mp4,hh_hl_unlink_plinko_0202,goal_0,False,maybe,5c1ebf5f658e9200017ae7e9,68ffc55371128ff03ff45265,68ffdf93971bc4c8612947cc,0,False,0,False
23,6207,0,assets/targets/lh_hh_trNM_plinko_0000/img.jpg,assets/targets/lh_hh_trNM_plinko_0000/recording.mp4,lh_hh_trNM_plinko_0000,goal_0,False,definite,5c1ebf5f658e9200017ae7e9,68ffc55371128ff03ff45265,68ffdf93971bc4c8612947cc,0,False,10,True
24,12454,1,assets/fillers/lh_hh_plinko_0001/img.jpg,assets/fillers/lh_hh_plinko_0001/recording.mp4,lh_hh_plinko_0001,goal_0,True,maybe,5c1ebf5f658e9200017ae7e9,68ffc55371128ff03ff45265,68ffdf93971bc4c8612947cc,0,False,5,False
0,30733,2,assets/fillers/lh_ll_unlink_plinko_0011/img.jpg,assets/fillers/lh_ll_unlink_plinko_0011/recording.mp4,lh_ll_unlink_plinko_0011,goal_3,True,NA,65fc55f0dd070026d29006a8,68ffc55371128ff03ff45265,68ffdfcbe6e7596c84191fb3,3,False,5,False
1,35658,2,assets/fillers/lh_ll_unlink_plinko_0009/img.jpg,assets/fillers/lh_ll_unlink_plinko_0009/recording.mp4,lh_ll_unlink_plinko_0009,goal_3,True,NA,65fc55f0dd070026d29006a8,68ffc55371128ff03ff45265,68ffdfcbe6e7596c84191fb3,3,False,5,False
2,69804,1,assets/fillers/lh_hh_plinko_0001/img.jpg,assets/fillers/lh_hh_plinko_0001/recording.mp4,lh_hh_plinko_0001,goal_0,True,maybe,65fc55f0dd070026d29006a8,68ffc55371128ff03ff45265,68ffdfcbe6e7596c84191fb3,0,False,5,False
3,21118,3,assets/fillers/lh_hh_plinko_0002/img.jpg,assets/fillers/lh_hh_plinko_0002/recording.mp4,lh_hh_plinko_0002,goal_3,True,NA,65fc55f0dd070026d29006a8,68ffc55371128ff03ff45265,68ffdfcbe6e7596c84191fb3,3,False,10,True
4,23276,1,assets/targets/hh_hl_unlink_plinko_0202/img.jpg,assets/targets/hh_hl_unlink_plinko_0202/recording.mp4,hh_hl_unlink_plinko_0202,goal_0,False,maybe,65fc55f0dd070026d29006a8,68ffc55371128ff03ff45265,68ffdfcbe6e7596c84191fb3,0,False,5,False
5,13580,4,assets/fillers/lh_hh_trNM_plinko_0001/img.jpg,assets/fillers/lh_hh_trNM_plinko_0001/recording.mp4,lh_hh_trNM_plinko_0001,goal_4,True,NA,65fc55f0dd070026d29006a8,68ffc55371128ff03ff45265,68ffdfcbe6e7596c84191fb3,4,False,10,True
6,16910,4,assets/targets/lh_hh_trNM_plinko_0002/img.jpg,assets/targets/lh_hh_trNM_plinko_0002/recording.mp4,lh_hh_trNM_plinko_0002,goal_4,False,definite,65fc55f0dd070026d29006a8,68ffc55371128ff03ff45265,68ffdfcbe6e7596c84191fb3,4,False,10,True
7,43089,3,assets/targets/lh_hh_plinko_0001/img.jpg,assets/targets/lh_hh_plinko_0001/recording.mp4,lh_hh_plinko_0001,goal_3,False,NA,65fc55f0dd070026d29006a8,68ffc55371128ff03ff45265,68ffdfcbe6e7596c84191fb3,3,False,10,True
8,19102,0,assets/targets/lh_hh_trNM_plinko_0000/img.jpg,assets/targets/lh_hh_trNM_plinko_0000/recording.mp4,lh_hh_trNM_plinko_0000,goal_0,False,definite,65fc55f0dd070026d29006a8,68ffc55371128ff03ff45265,68ffdfcbe6e7596c84191fb3,0,False,10,True
9,45878,1,assets/targets/hh_hl_unlink_plinko_0269/img.jpg,assets/targets/hh_hl_unlink_plinko_0269/recording.mp4,hh_hl_unlink_plinko_0269,goal_3,False,maybe,65fc55f0dd070026d29006a8,68ffc55371128ff03ff45265,68ffdfcbe6e7596c84191fb3,3,False,0,False
10,15053,1,assets/targets/lh_ll_unlink_plinko_0001/img.jpg,assets/targets/lh_ll_unlink_plinko_0001/recording.mp4,lh_ll_unlink_plinko_0001,goal_1,False,NA,65fc55f0dd070026d29006a8,68ffc55371128ff03ff45265,68ffdfcbe6e7596c84191fb3,1,False,10,True
11,64638,0,assets/targets/lh_hh_plinko_0000/img.jpg,assets/targets/lh_hh_plinko_0000/recording.mp4,lh_hh_plinko_0000,goal_0,False,NA,65fc55f0dd070026d29006a8,68ffc55371128ff03ff45265,68ffdfcbe6e7596c84191fb3,0,False,10,True
12,28685,3,assets/targets/lh_ll_unlink_plinko_0000/img.jpg,assets/targets/lh_ll_unlink_plinko_0000/recording.mp4,lh_ll_unlink_plinko_0000,goal_3,False,maybe,65fc55f0dd070026d29006a8,68ffc55371128ff03ff45265,68ffdfcbe6e7596c84191fb3,3,False,10,True
13,15396,1,assets/fillers/lh_ll_unlink_plinko_0021/img.jpg,assets/fillers/lh_ll_unlink_plinko_0021/recording.mp4,lh_ll_unlink_plinko_0021,goal_1,True,definite,65fc55f0dd070026d29006a8,68ffc55371128ff03ff45265,68ffdfcbe6e7596c84191fb3,1,False,10,True
14,26768,1,assets/targets/lh_ll_unlink_plinko_0002/img.jpg,assets/targets/lh_ll_unlink_plinko_0002/recording.mp4,lh_ll_unlink_plinko_0002,goal_1,False,NA,65fc55f0dd070026d29006a8,68ffc55371128ff03ff45265,68ffdfcbe6e7596c84191fb3,1,False,10,True
15,20152,3,assets/fillers/lh_ll_unlink_plinko_0017/img.jpg,assets/fillers/lh_ll_unlink_plinko_0017/recording.mp4,lh_ll_unlink_plinko_0017,goal_3,True,NA,65fc55f0dd070026d29006a8,68ffc55371128ff03ff45265,68ffdfcbe6e7596c84191fb3,3,False,10,True
16,74552,0,assets/targets/hh_hl_unlink_plinko_0246/img.jpg,assets/targets/hh_hl_unlink_plinko_0246/recording.mp4,hh_hl_unlink_plinko_0246,goal_2,False,maybe,65fc55f0dd070026d29006a8,68ffc55371128ff03ff45265,68ffdfcbe6e7596c84191fb3,2,False,0,False
17,34629,4,assets/targets/lh_hh_plinko_0003/img.jpg,assets/targets/lh_hh_plinko_0003/recording.mp4,lh_hh_plinko_0003,goal_4,False,NA,65fc55f0dd070026d29006a8,68ffc55371128ff03ff45265,68ffdfcbe6e7596c84191fb3,4,False,10,True
18,7885,2,assets/fillers/catch/img.jpg,assets/fillers/catch/recording.mp4,catch,goal_2,True,NA,65fc55f0dd070026d29006a8,68ffc55371128ff03ff45265,68ffdfcbe6e7596c84191fb3,2,False,10,True
19,13358,2,assets/targets/lh_hh_plinko_0002/img.jpg,assets/targets/lh_hh_plinko_0002/recording.mp4,lh_hh_plinko_0002,goal_2,False,definite,65fc55f0dd070026d29006a8,68ffc55371128ff03ff45265,68ffdfcbe6e7596c84191fb3,2,False,10,True
20,22242,2,assets/targets/lh_hh_trNM_plinko_0001/img.jpg,assets/targets/lh_hh_trNM_plinko_0001/recording.mp4,lh_hh_trNM_plinko_0001,goal_2,False,NA,65fc55f0dd070026d29006a8,68ffc55371128ff03ff45265,68ffdfcbe6e7596c84191fb3,2,False,10,True
21,50260,4,assets/targets/hh_hl_unlink_plinko_0240/img.jpg,assets/targets/hh_hl_unlink_plinko_0240/recording.mp4,hh_hl_unlink_plinko_0240,goal_0,False,maybe,65fc55f0dd070026d29006a8,68ffc55371128ff03ff45265,68ffdfcbe6e7596c84191fb3,0,False,0,False
22,21944,3,assets/fillers/lh_hh_trNM_plinko_0002/img.jpg,assets/fillers/lh_hh_trNM_plinko_0002/recording.mp4,lh_hh_trNM_plinko_0002,goal_4,True,NA,65fc55f0dd070026d29006a8,68ffc55371128ff03ff45265,68ffdfcbe6e7596c84191fb3,4,False,5,False
23,20348,3,assets/targets/hh_hl_unlink_plinko_0393/img.jpg,assets/targets/hh_hl_unlink_plinko_0393/recording.mp4,hh_hl_unlink_plinko_0393,goal_2,False,maybe,65fc55f0dd070026d29006a8,68ffc55371128ff03ff45265,68ffdfcbe6e7596c84191fb3,2,False,5,False
24,20237,4,assets/fillers/lh_hh_plinko_0000/img.jpg,assets/fillers/lh_hh_plinko_0000/recording.mp4,lh_hh_plinko_0000,goal_4,True,maybe,65fc55f0dd070026d29006a8,68ffc55371128ff03ff45265,68ffdfcbe6e7596c84191fb3,4,False,10,True
0,26711,3,assets/fillers/lh_ll_unlink_plinko_0009/img.jpg,assets/fillers/lh_ll_unlink_plinko_0009/recording.mp4,lh_ll_unlink_plinko_0009,goal_3,True,NA,67bcdb18c5a07dca6589a461,68ffc55371128ff03ff45265,68ffdf9bc15da193b48a44f7,3,False,10,True
1,9563,2,assets/fillers/catch/img.jpg,assets/fillers/catch/recording.mp4,catch,goal_2,True,NA,67bcdb18c5a07dca6589a461,68ffc55371128ff03ff45265,68ffdf9bc15da193b48a44f7,2,False,10,True
2,8554,1,assets/fillers/lh_hh_plinko_0001/img.jpg,assets/fillers/lh_hh_plinko_0001/recording.mp4,lh_hh_plinko_0001,goal_0,True,maybe,67bcdb18c5a07dca6589a461,68ffc55371128ff03ff45265,68ffdf9bc15da193b48a44f7,0,False,5,False
3,50359,3,assets/targets/hh_hl_unlink_plinko_0269/img.jpg,assets/targets/hh_hl_unlink_plinko_0269/recording.mp4,hh_hl_unlink_plinko_0269,goal_3,False,maybe,67bcdb18c5a07dca6589a461,68ffc55371128ff03ff45265,68ffdf9bc15da193b48a44f7,3,False,10,True
4,21260,3,assets/fillers/lh_ll_unlink_plinko_0011/img.jpg,assets/fillers/lh_ll_unlink_plinko_0011/recording.mp4,lh_ll_unlink_plinko_0011,goal_3,True,NA,67bcdb18c5a07dca6589a461,68ffc55371128ff03ff45265,68ffdf9bc15da193b48a44f7,3,False,10,True
5,27879,3,assets/fillers/lh_hh_plinko_0002/img.jpg,assets/fillers/lh_hh_plinko_0002/recording.mp4,lh_hh_plinko_0002,goal_3,True,NA,67bcdb18c5a07dca6589a461,68ffc55371128ff03ff45265,68ffdf9bc15da193b48a44f7,3,False,10,True
6,10077,3,assets/fillers/lh_hh_trNM_plinko_0002/img.jpg,assets/fillers/lh_hh_trNM_plinko_0002/recording.mp4,lh_hh_trNM_plinko_0002,goal_4,True,NA,67bcdb18c5a07dca6589a461,68ffc55371128ff03ff45265,68ffdf9bc15da193b48a44f7,4,False,5,False
7,37954,3,assets/fillers/lh_hh_plinko_0000/img.jpg,assets/fillers/lh_hh_plinko_0000/recording.mp4,lh_hh_plinko_0000,goal_4,True,maybe,67bcdb18c5a07dca6589a461,68ffc55371128ff03ff45265,68ffdf9bc15da193b48a44f7,4,False,5,False
8,13314,1,assets/targets/lh_ll_unlink_plinko_0001/img.jpg,assets/targets/lh_ll_unlink_plinko_0001/recording.mp4,lh_ll_unlink_plinko_0001,goal_1,False,NA,67bcdb18c5a07dca6589a461,68ffc55371128ff03ff45265,68ffdf9bc15da193b48a44f7,1,False,10,True
9,65177,2,assets/targets/hh_hl_unlink_plinko_0246/img.jpg,assets/targets/hh_hl_unlink_plinko_0246/recording.mp4,hh_hl_unlink_plinko_0246,goal_2,False,maybe,67bcdb18c5a07dca6589a461,68ffc55371128ff03ff45265,68ffdf9bc15da193b48a44f7,2,False,10,True
10,14409,0,assets/targets/lh_hh_plinko_0000/img.jpg,assets/targets/lh_hh_plinko_0000/recording.mp4,lh_hh_plinko_0000,goal_0,False,NA,67bcdb18c5a07dca6589a461,68ffc55371128ff03ff45265,68ffdf9bc15da193b48a44f7,0,False,10,True
11,39258,1,assets/fillers/lh_ll_unlink_plinko_0021/img.jpg,assets/fillers/lh_ll_unlink_plinko_0021/recording.mp4,lh_ll_unlink_plinko_0021,goal_1,True,definite,67bcdb18c5a07dca6589a461,68ffc55371128ff03ff45265,68ffdf9bc15da193b48a44f7,1,False,10,True
12,21644,0,assets/targets/lh_hh_trNM_plinko_0000/img.jpg,assets/targets/lh_hh_trNM_plinko_0000/recording.mp4,lh_hh_trNM_plinko_0000,goal_0,False,definite,67bcdb18c5a07dca6589a461,68ffc55371128ff03ff45265,68ffdf9bc15da193b48a44f7,0,False,10,True
13,12960,4,assets/targets/lh_hh_trNM_plinko_0002/img.jpg,assets/targets/lh_hh_trNM_plinko_0002/recording.mp4,lh_hh_trNM_plinko_0002,goal_4,False,definite,67bcdb18c5a07dca6589a461,68ffc55371128ff03ff45265,68ffdf9bc15da193b48a44f7,4,False,10,True
14,12470,1,assets/targets/lh_ll_unlink_plinko_0002/img.jpg,assets/targets/lh_ll_unlink_plinko_0002/recording.mp4,lh_ll_unlink_plinko_0002,goal_1,False,NA,67bcdb18c5a07dca6589a461,68ffc55371128ff03ff45265,68ffdf9bc15da193b48a44f7,1,False,10,True
15,6935,3,assets/targets/lh_hh_plinko_0001/img.jpg,assets/targets/lh_hh_plinko_0001/recording.mp4,lh_hh_plinko_0001,goal_3,False,NA,67bcdb18c5a07dca6589a461,68ffc55371128ff03ff45265,68ffdf9bc15da193b48a44f7,3,False,10,True
16,33996,2,assets/fillers/lh_hh_trNM_plinko_0001/img.jpg,assets/fillers/lh_hh_trNM_plinko_0001/recording.mp4,lh_hh_trNM_plinko_0001,goal_4,True,NA,67bcdb18c5a07dca6589a461,68ffc55371128ff03ff45265,68ffdf9bc15da193b48a44f7,4,False,0,False
17,8148,2,assets/targets/lh_hh_trNM_plinko_0001/img.jpg,assets/targets/lh_hh_trNM_plinko_0001/recording.mp4,lh_hh_trNM_plinko_0001,goal_2,False,NA,67bcdb18c5a07dca6589a461,68ffc55371128ff03ff45265,68ffdf9bc15da193b48a44f7,2,False,10,True
18,8447,2,assets/targets/lh_hh_plinko_0002/img.jpg,assets/targets/lh_hh_plinko_0002/recording.mp4,lh_hh_plinko_0002,goal_2,False,definite,67bcdb18c5a07dca6589a461,68ffc55371128ff03ff45265,68ffdf9bc15da193b48a44f7,2,False,10,True
19,10978,4,assets/targets/hh_hl_unlink_plinko_0240/img.jpg,assets/targets/hh_hl_unlink_plinko_0240/recording.mp4,hh_hl_unlink_plinko_0240,goal_0,False,maybe,67bcdb18c5a07dca6589a461,68ffc55371128ff03ff45265,68ffdf9bc15da193b48a44f7,0,False,0,False
20,7292,4,assets/targets/lh_hh_plinko_0003/img.jpg,assets/targets/lh_hh_plinko_0003/recording.mp4,lh_hh_plinko_0003,goal_4,False,NA,67bcdb18c5a07dca6589a461,68ffc55371128ff03ff45265,68ffdf9bc15da193b48a44f7,4,False,10,True
21,32167,1,assets/targets/hh_hl_unlink_plinko_0202/img.jpg,assets/targets/hh_hl_unlink_plinko_0202/recording.mp4,hh_hl_unlink_plinko_0202,goal_0,False,maybe,67bcdb18c5a07dca6589a461,68ffc55371128ff03ff45265,68ffdf9bc15da193b48a44f7,0,False,5,False
22,8882,3,assets/fillers/lh_ll_unlink_plinko_0017/img.jpg,assets/fillers/lh_ll_unlink_plinko_0017/recording.mp4,lh_ll_unlink_plinko_0017,goal_3,True,NA,67bcdb18c5a07dca6589a461,68ffc55371128ff03ff45265,68ffdf9bc15da193b48a44f7,3,False,10,True
23,9862,3,assets/targets/lh_ll_unlink_plinko_0000/img.jpg,assets/targets/lh_ll_unlink_plinko_0000/recording.mp4,lh_ll_unlink_plinko_0000,goal_3,False,maybe,67bcdb18c5a07dca6589a461,68ffc55371128ff03ff45265,68ffdf9bc15da193b48a44f7,3,False,10,True
24,80567,4,assets/targets/hh_hl_unlink_plinko_0393/img.jpg,assets/targets/hh_hl_unlink_plinko_0393/recording.mp4,hh_hl_unlink_plinko_0393,goal_2,False,maybe,67bcdb18c5a07dca6589a461,68ffc55371128ff03ff45265,68ffdf9bc15da193b48a44f7,2,False,0,False
0,10991,3,assets/fillers/lh_ll_unlink_plinko_0017/img.jpg,assets/fillers/lh_ll_unlink_plinko_0017/recording.mp4,lh_ll_unlink_plinko_0017,goal_3,True,NA,566c9284d408ea000519c6d7,68ffc55371128ff03ff45265,68ffdfb3135480ea7e1d49b1,3,False,10,True
1,13359,0,assets/fillers/lh_hh_plinko_0002/img.jpg,assets/fillers/lh_hh_plinko_0002/recording.mp4,lh_hh_plinko_0002,goal_3,True,NA,566c9284d408ea000519c6d7,68ffc55371128ff03ff45265,68ffdfb3135480ea7e1d49b1,3,False,0,False
2,5903,3,assets/fillers/lh_ll_unlink_plinko_0009/img.jpg,assets/fillers/lh_ll_unlink_plinko_0009/recording.mp4,lh_ll_unlink_plinko_0009,goal_3,True,NA,566c9284d408ea000519c6d7,68ffc55371128ff03ff45265,68ffdfb3135480ea7e1d49b1,3,False,10,True
3,4382,1,assets/fillers/lh_hh_plinko_0001/img.jpg,assets/fillers/lh_hh_plinko_0001/recording.mp4,lh_hh_plinko_0001,goal_0,True,maybe,566c9284d408ea000519c6d7,68ffc55371128ff03ff45265,68ffdfb3135480ea7e1d49b1,0,False,5,False
4,3903,4,assets/targets/lh_hh_plinko_0003/img.jpg,assets/targets/lh_hh_plinko_0003/recording.mp4,lh_hh_plinko_0003,goal_4,False,NA,566c9284d408ea000519c6d7,68ffc55371128ff03ff45265,68ffdfb3135480ea7e1d49b1,4,False,10,True
5,3423,1,assets/fillers/lh_ll_unlink_plinko_0021/img.jpg,assets/fillers/lh_ll_unlink_plinko_0021/recording.mp4,lh_ll_unlink_plinko_0021,goal_1,True,definite,566c9284d408ea000519c6d7,68ffc55371128ff03ff45265,68ffdfb3135480ea7e1d49b1,1,False,10,True
6,3635,4,assets/targets/lh_hh_trNM_plinko_0002/img.jpg,assets/targets/lh_hh_trNM_plinko_0002/recording.mp4,lh_hh_trNM_plinko_0002,goal_4,False,definite,566c9284d408ea000519c6d7,68ffc55371128ff03ff45265,68ffdfb3135480ea7e1d49b1,4,False,10,True
7,25731,4,assets/targets/hh_hl_unlink_plinko_0202/img.jpg,assets/targets/hh_hl_unlink_plinko_0202/recording.mp4,hh_hl_unlink_plinko_0202,goal_0,False,maybe,566c9284d408ea000519c6d7,68ffc55371128ff03ff45265,68ffdfb3135480ea7e1d49b1,0,False,0,False
8,12399,3,assets/fillers/lh_hh_plinko_0000/img.jpg,assets/fillers/lh_hh_plinko_0000/recording.mp4,lh_hh_plinko_0000,goal_4,True,maybe,566c9284d408ea000519c6d7,68ffc55371128ff03ff45265,68ffdfb3135480ea7e1d49b1,4,False,5,False
9,8412,1,assets/targets/lh_ll_unlink_plinko_0002/img.jpg,assets/targets/lh_ll_unlink_plinko_0002/recording.mp4,lh_ll_unlink_plinko_0002,goal_1,False,NA,566c9284d408ea000519c6d7,68ffc55371128ff03ff45265,68ffdfb3135480ea7e1d49b1,1,False,10,True
10,8671,1,assets/targets/lh_ll_unlink_plinko_0001/img.jpg,assets/targets/lh_ll_unlink_plinko_0001/recording.mp4,lh_ll_unlink_plinko_0001,goal_1,False,NA,566c9284d408ea000519c6d7,68ffc55371128ff03ff45265,68ffdfb3135480ea7e1d49b1,1,False,10,True
11,3776,0,assets/targets/lh_hh_trNM_plinko_0000/img.jpg,assets/targets/lh_hh_trNM_plinko_0000/recording.mp4,lh_hh_trNM_plinko_0000,goal_0,False,definite,566c9284d408ea000519c6d7,68ffc55371128ff03ff45265,68ffdfb3135480ea7e1d49b1,0,False,10,True
12,2439,2,assets/fillers/catch/img.jpg,assets/fillers/catch/recording.mp4,catch,goal_2,True,NA,566c9284d408ea000519c6d7,68ffc55371128ff03ff45265,68ffdfb3135480ea7e1d49b1,2,False,10,True
13,5335,3,assets/fillers/lh_hh_trNM_plinko_0002/img.jpg,assets/fillers/lh_hh_trNM_plinko_0002/recording.mp4,lh_hh_trNM_plinko_0002,goal_4,True,NA,566c9284d408ea000519c6d7,68ffc55371128ff03ff45265,68ffdfb3135480ea7e1d49b1,4,False,5,False
14,5559,4,assets/fillers/lh_hh_trNM_plinko_0001/img.jpg,assets/fillers/lh_hh_trNM_plinko_0001/recording.mp4,lh_hh_trNM_plinko_0001,goal_4,True,NA,566c9284d408ea000519c6d7,68ffc55371128ff03ff45265,68ffdfb3135480ea7e1d49b1,4,False,10,True
15,17487,0,assets/targets/hh_hl_unlink_plinko_0393/img.jpg,assets/targets/hh_hl_unlink_plinko_0393/recording.mp4,hh_hl_unlink_plinko_0393,goal_2,False,maybe,566c9284d408ea000519c6d7,68ffc55371128ff03ff45265,68ffdfb3135480ea7e1d49b1,2,False,0,False
16,4791,3,assets/targets/lh_hh_plinko_0001/img.jpg,assets/targets/lh_hh_plinko_0001/recording.mp4,lh_hh_plinko_0001,goal_3,False,NA,566c9284d408ea000519c6d7,68ffc55371128ff03ff45265,68ffdfb3135480ea7e1d49b1,3,False,10,True
17,7478,0,assets/targets/lh_hh_plinko_0000/img.jpg,assets/targets/lh_hh_plinko_0000/recording.mp4,lh_hh_plinko_0000,goal_0,False,NA,566c9284d408ea000519c6d7,68ffc55371128ff03ff45265,68ffdfb3135480ea7e1d49b1,0,False,10,True
18,4487,2,assets/targets/lh_hh_plinko_0002/img.jpg,assets/targets/lh_hh_plinko_0002/recording.mp4,lh_hh_plinko_0002,goal_2,False,definite,566c9284d408ea000519c6d7,68ffc55371128ff03ff45265,68ffdfb3135480ea7e1d49b1,2,False,10,True
19,14644,0,assets/targets/hh_hl_unlink_plinko_0240/img.jpg,assets/targets/hh_hl_unlink_plinko_0240/recording.mp4,hh_hl_unlink_plinko_0240,goal_0,False,maybe,566c9284d408ea000519c6d7,68ffc55371128ff03ff45265,68ffdfb3135480ea7e1d49b1,0,False,10,True
20,4072,3,assets/targets/lh_ll_unlink_plinko_0000/img.jpg,assets/targets/lh_ll_unlink_plinko_0000/recording.mp4,lh_ll_unlink_plinko_0000,goal_3,False,maybe,566c9284d408ea000519c6d7,68ffc55371128ff03ff45265,68ffdfb3135480ea7e1d49b1,3,False,10,True
21,27915,2,assets/targets/hh_hl_unlink_plinko_0246/img.jpg,assets/targets/hh_hl_unlink_plinko_0246/recording.mp4,hh_hl_unlink_plinko_0246,goal_2,False,maybe,566c9284d408ea000519c6d7,68ffc55371128ff03ff45265,68ffdfb3135480ea7e1d49b1,2,False,10,True
22,4636,2,assets/targets/lh_hh_trNM_plinko_0001/img.jpg,assets/targets/lh_hh_trNM_plinko_0001/recording.mp4,lh_hh_trNM_plinko_0001,goal_2,False,NA,566c9284d408ea000519c6d7,68ffc55371128ff03ff45265,68ffdfb3135480ea7e1d49b1,2,False,10,True
23,10280,3,assets/fillers/lh_ll_unlink_plinko_0011/img.jpg,assets/fillers/lh_ll_unlink_plinko_0011/recording.mp4,lh_ll_unlink_plinko_0011,goal_3,True,NA,566c9284d408ea000519c6d7,68ffc55371128ff03ff45265,68ffdfb3135480ea7e1d49b1,3,False,10,True
24,16927,3,assets/targets/hh_hl_unlink_plinko_0269/img.jpg,assets/targets/hh_hl_unlink_plinko_0269/recording.mp4,hh_hl_unlink_plinko_0269,goal_3,False,maybe,566c9284d408ea000519c6d7,68ffc55371128ff03ff45265,68ffdfb3135480ea7e1d49b1,3,False,10,True
0,2716,1,assets/fillers/lh_ll_unlink_plinko_0021/img.jpg,assets/fillers/lh_ll_unlink_plinko_0021/recording.mp4,lh_ll_unlink_plinko_0021,goal_1,True,definite,5fa45d41eb5d570b4841254d,68ffc55371128ff03ff45265,68ffe0a95aa801f9193ce71e,1,False,10,True
1,2737,0,assets/fillers/lh_ll_unlink_plinko_0017/img.jpg,assets/fillers/lh_ll_unlink_plinko_0017/recording.mp4,lh_ll_unlink_plinko_0017,goal_3,True,NA,5fa45d41eb5d570b4841254d,68ffc55371128ff03ff45265,68ffe0a95aa801f9193ce71e,3,False,0,False
2,2249,3,assets/fillers/lh_ll_unlink_plinko_0011/img.jpg,assets/fillers/lh_ll_unlink_plinko_0011/recording.mp4,lh_ll_unlink_plinko_0011,goal_3,True,NA,5fa45d41eb5d570b4841254d,68ffc55371128ff03ff45265,68ffe0a95aa801f9193ce71e,3,False,10,True
3,1955,1,assets/targets/lh_ll_unlink_plinko_0002/img.jpg,assets/targets/lh_ll_unlink_plinko_0002/recording.mp4,lh_ll_unlink_plinko_0002,goal_1,False,NA,5fa45d41eb5d570b4841254d,68ffc55371128ff03ff45265,68ffe0a95aa801f9193ce71e,1,False,10,True
4,4880,1,assets/targets/hh_hl_unlink_plinko_0269/img.jpg,assets/targets/hh_hl_unlink_plinko_0269/recording.mp4,hh_hl_unlink_plinko_0269,goal_3,False,maybe,5fa45d41eb5d570b4841254d,68ffc55371128ff03ff45265,68ffe0a95aa801f9193ce71e,3,False,0,False
5,3637,3,assets/targets/hh_hl_unlink_plinko_0240/img.jpg,assets/targets/hh_hl_unlink_plinko_0240/recording.mp4,hh_hl_unlink_plinko_0240,goal_0,False,maybe,5fa45d41eb5d570b4841254d,68ffc55371128ff03ff45265,68ffe0a95aa801f9193ce71e,0,False,0,False
6,4827,0,assets/targets/lh_hh_plinko_0000/img.jpg,assets/targets/lh_hh_plinko_0000/recording.mp4,lh_hh_plinko_0000,goal_0,False,NA,5fa45d41eb5d570b4841254d,68ffc55371128ff03ff45265,68ffe0a95aa801f9193ce71e,0,False,10,True
7,3400,4,assets/targets/lh_hh_plinko_0003/img.jpg,assets/targets/lh_hh_plinko_0003/recording.mp4,lh_hh_plinko_0003,goal_4,False,NA,5fa45d41eb5d570b4841254d,68ffc55371128ff03ff45265,68ffe0a95aa801f9193ce71e,4,False,10,True
8,5235,0,assets/targets/lh_hh_trNM_plinko_0000/img.jpg,assets/targets/lh_hh_trNM_plinko_0000/recording.mp4,lh_hh_trNM_plinko_0000,goal_0,False,definite,5fa45d41eb5d570b4841254d,68ffc55371128ff03ff45265,68ffe0a95aa801f9193ce71e,0,False,10,True
9,4439,4,assets/fillers/lh_hh_plinko_0000/img.jpg,assets/fillers/lh_hh_plinko_0000/recording.mp4,lh_hh_plinko_0000,goal_4,True,maybe,5fa45d41eb5d570b4841254d,68ffc55371128ff03ff45265,68ffe0a95aa801f9193ce71e,4,False,10,True
10,3345,3,assets/targets/lh_ll_unlink_plinko_0000/img.jpg,assets/targets/lh_ll_unlink_plinko_0000/recording.mp4,lh_ll_unlink_plinko_0000,goal_3,False,maybe,5fa45d41eb5d570b4841254d,68ffc55371128ff03ff45265,68ffe0a95aa801f9193ce71e,3,False,10,True
11,7358,1,assets/targets/hh_hl_unlink_plinko_0246/img.jpg,assets/targets/hh_hl_unlink_plinko_0246/recording.mp4,hh_hl_unlink_plinko_0246,goal_2,False,maybe,5fa45d41eb5d570b4841254d,68ffc55371128ff03ff45265,68ffe0a95aa801f9193ce71e,2,False,5,False
12,2993,3,assets/targets/lh_hh_plinko_0001/img.jpg,assets/targets/lh_hh_plinko_0001/recording.mp4,lh_hh_plinko_0001,goal_3,False,NA,5fa45d41eb5d570b4841254d,68ffc55371128ff03ff45265,68ffe0a95aa801f9193ce71e,3,False,10,True
13,2765,1,assets/targets/lh_ll_unlink_plinko_0001/img.jpg,assets/targets/lh_ll_unlink_plinko_0001/recording.mp4,lh_ll_unlink_plinko_0001,goal_1,False,NA,5fa45d41eb5d570b4841254d,68ffc55371128ff03ff45265,68ffe0a95aa801f9193ce71e,1,False,10,True
14,7307,2,assets/targets/lh_hh_plinko_0002/img.jpg,assets/targets/lh_hh_plinko_0002/recording.mp4,lh_hh_plinko_0002,goal_2,False,definite,5fa45d41eb5d570b4841254d,68ffc55371128ff03ff45265,68ffe0a95aa801f9193ce71e,2,False,10,True
15,3370,4,assets/targets/lh_hh_trNM_plinko_0002/img.jpg,assets/targets/lh_hh_trNM_plinko_0002/recording.mp4,lh_hh_trNM_plinko_0002,goal_4,False,definite,5fa45d41eb5d570b4841254d,68ffc55371128ff03ff45265,68ffe0a95aa801f9193ce71e,4,False,10,True
16,3655,4,assets/fillers/lh_hh_trNM_plinko_0001/img.jpg,assets/fillers/lh_hh_trNM_plinko_0001/recording.mp4,lh_hh_trNM_plinko_0001,goal_4,True,NA,5fa45d41eb5d570b4841254d,68ffc55371128ff03ff45265,68ffe0a95aa801f9193ce71e,4,False,10,True
17,5305,3,assets/fillers/lh_ll_unlink_plinko_0009/img.jpg,assets/fillers/lh_ll_unlink_plinko_0009/recording.mp4,lh_ll_unlink_plinko_0009,goal_3,True,NA,5fa45d41eb5d570b4841254d,68ffc55371128ff03ff45265,68ffe0a95aa801f9193ce71e,3,False,10,True
18,4215,2,assets/fillers/catch/img.jpg,assets/fillers/catch/recording.mp4,catch,goal_2,True,NA,5fa45d41eb5d570b4841254d,68ffc55371128ff03ff45265,68ffe0a95aa801f9193ce71e,2,False,10,True
19,3779,2,assets/targets/lh_hh_trNM_plinko_0001/img.jpg,assets/targets/lh_hh_trNM_plinko_0001/recording.mp4,lh_hh_trNM_plinko_0001,goal_2,False,NA,5fa45d41eb5d570b4841254d,68ffc55371128ff03ff45265,68ffe0a95aa801f9193ce71e,2,False,10,True
20,3453,3,assets/fillers/lh_hh_trNM_plinko_0002/img.jpg,assets/fillers/lh_hh_trNM_plinko_0002/recording.mp4,lh_hh_trNM_plinko_0002,goal_4,True,NA,5fa45d41eb5d570b4841254d,68ffc55371128ff03ff45265,68ffe0a95aa801f9193ce71e,4,False,5,False
21,3917,2,assets/targets/hh_hl_unlink_plinko_0393/img.jpg,assets/targets/hh_hl_unlink_plinko_0393/recording.mp4,hh_hl_unlink_plinko_0393,goal_2,False,maybe,5fa45d41eb5d570b4841254d,68ffc55371128ff03ff45265,68ffe0a95aa801f9193ce71e,2,False,10,True
22,4287,1,assets/fillers/lh_hh_plinko_0001/img.jpg,assets/fillers/lh_hh_plinko_0001/recording.mp4,lh_hh_plinko_0001,goal_0,True,maybe,5fa45d41eb5d570b4841254d,68ffc55371128ff03ff45265,68ffe0a95aa801f9193ce71e,0,False,5,False
23,4397,0,assets/fillers/lh_hh_plinko_0002/img.jpg,assets/fillers/lh_hh_plinko_0002/recording.mp4,lh_hh_plinko_0002,goal_3,True,NA,5fa45d41eb5d570b4841254d,68ffc55371128ff03ff45265,68ffe0a95aa801f9193ce71e,3,False,0,False
24,3680,2,assets/targets/hh_hl_unlink_plinko_0202/img.jpg,assets/targets/hh_hl_unlink_plinko_0202/recording.mp4,hh_hl_unlink_plinko_0202,goal_0,False,maybe,5fa45d41eb5d570b4841254d,68ffc55371128ff03ff45265,68ffe0a95aa801f9193ce71e,0,False,0,False
0,7727,1,assets/fillers/lh_hh_plinko_0001/img.jpg,assets/fillers/lh_hh_plinko_0001/recording.mp4,lh_hh_plinko_0001,goal_0,True,maybe,5f4813c94e8b081877fb26a6,68ffc55371128ff03ff45265,6900caa53654b29884258025,0,False,5,False
1,7680,0,assets/fillers/lh_hh_plinko_0002/img.jpg,assets/fillers/lh_hh_plinko_0002/recording.mp4,lh_hh_plinko_0002,goal_3,True,NA,5f4813c94e8b081877fb26a6,68ffc55371128ff03ff45265,6900caa53654b29884258025,3,False,0,False
2,3902,1,assets/fillers/lh_ll_unlink_plinko_0021/img.jpg,assets/fillers/lh_ll_unlink_plinko_0021/recording.mp4,lh_ll_unlink_plinko_0021,goal_1,True,definite,5f4813c94e8b081877fb26a6,68ffc55371128ff03ff45265,6900caa53654b29884258025,1,False,10,True
3,5453,4,assets/targets/hh_hl_unlink_plinko_0240/img.jpg,assets/targets/hh_hl_unlink_plinko_0240/recording.mp4,hh_hl_unlink_plinko_0240,goal_0,False,maybe,5f4813c94e8b081877fb26a6,68ffc55371128ff03ff45265,6900caa53654b29884258025,0,False,0,False
4,14136,4,assets/fillers/lh_hh_trNM_plinko_0001/img.jpg,assets/fillers/lh_hh_trNM_plinko_0001/recording.mp4,lh_hh_trNM_plinko_0001,goal_4,True,NA,5f4813c94e8b081877fb26a6,68ffc55371128ff03ff45265,6900caa53654b29884258025,4,False,10,True
5,6464,2,assets/targets/hh_hl_unlink_plinko_0202/img.jpg,assets/targets/hh_hl_unlink_plinko_0202/recording.mp4,hh_hl_unlink_plinko_0202,goal_0,False,maybe,5f4813c94e8b081877fb26a6,68ffc55371128ff03ff45265,6900caa53654b29884258025,0,False,0,False
6,4243,3,assets/fillers/lh_ll_unlink_plinko_0011/img.jpg,assets/fillers/lh_ll_unlink_plinko_0011/recording.mp4,lh_ll_unlink_plinko_0011,goal_3,True,NA,5f4813c94e8b081877fb26a6,68ffc55371128ff03ff45265,6900caa53654b29884258025,3,False,10,True
7,3931,1,assets/targets/lh_ll_unlink_plinko_0001/img.jpg,assets/targets/lh_ll_unlink_plinko_0001/recording.mp4,lh_ll_unlink_plinko_0001,goal_1,False,NA,5f4813c94e8b081877fb26a6,68ffc55371128ff03ff45265,6900caa53654b29884258025,1,False,10,True
8,4602,2,assets/targets/lh_hh_plinko_0002/img.jpg,assets/targets/lh_hh_plinko_0002/recording.mp4,lh_hh_plinko_0002,goal_2,False,definite,5f4813c94e8b081877fb26a6,68ffc55371128ff03ff45265,6900caa53654b29884258025,2,False,10,True
9,3726,4,assets/targets/lh_hh_plinko_0003/img.jpg,assets/targets/lh_hh_plinko_0003/recording.mp4,lh_hh_plinko_0003,goal_4,False,NA,5f4813c94e8b081877fb26a6,68ffc55371128ff03ff45265,6900caa53654b29884258025,4,False,10,True
10,2609,4,assets/targets/lh_hh_trNM_plinko_0002/img.jpg,assets/targets/lh_hh_trNM_plinko_0002/recording.mp4,lh_hh_trNM_plinko_0002,goal_4,False,definite,5f4813c94e8b081877fb26a6,68ffc55371128ff03ff45265,6900caa53654b29884258025,4,False,10,True
11,7712,3,assets/targets/hh_hl_unlink_plinko_0246/img.jpg,assets/targets/hh_hl_unlink_plinko_0246/recording.mp4,hh_hl_unlink_plinko_0246,goal_2,False,maybe,5f4813c94e8b081877fb26a6,68ffc55371128ff03ff45265,6900caa53654b29884258025,2,False,5,False
12,8995,4,assets/fillers/lh_hh_plinko_0000/img.jpg,assets/fillers/lh_hh_plinko_0000/recording.mp4,lh_hh_plinko_0000,goal_4,True,maybe,5f4813c94e8b081877fb26a6,68ffc55371128ff03ff45265,6900caa53654b29884258025,4,False,10,True
13,3013,1,assets/targets/lh_ll_unlink_plinko_0002/img.jpg,assets/targets/lh_ll_unlink_plinko_0002/recording.mp4,lh_ll_unlink_plinko_0002,goal_1,False,NA,5f4813c94e8b081877fb26a6,68ffc55371128ff03ff45265,6900caa53654b29884258025,1,False,10,True
14,2080,2,assets/fillers/catch/img.jpg,assets/fillers/catch/recording.mp4,catch,goal_2,True,NA,5f4813c94e8b081877fb26a6,68ffc55371128ff03ff45265,6900caa53654b29884258025,2,False,10,True
15,2481,0,assets/targets/lh_hh_trNM_plinko_0000/img.jpg,assets/targets/lh_hh_trNM_plinko_0000/recording.mp4,lh_hh_trNM_plinko_0000,goal_0,False,definite,5f4813c94e8b081877fb26a6,68ffc55371128ff03ff45265,6900caa53654b29884258025,0,False,10,True
16,3066,3,assets/fillers/lh_hh_trNM_plinko_0002/img.jpg,assets/fillers/lh_hh_trNM_plinko_0002/recording.mp4,lh_hh_trNM_plinko_0002,goal_4,True,NA,5f4813c94e8b081877fb26a6,68ffc55371128ff03ff45265,6900caa53654b29884258025,4,False,5,False
17,6493,4,assets/targets/hh_hl_unlink_plinko_0393/img.jpg,assets/targets/hh_hl_unlink_plinko_0393/recording.mp4,hh_hl_unlink_plinko_0393,goal_2,False,maybe,5f4813c94e8b081877fb26a6,68ffc55371128ff03ff45265,6900caa53654b29884258025,2,False,0,False
18,6204,3,assets/fillers/lh_ll_unlink_plinko_0017/img.jpg,assets/fillers/lh_ll_unlink_plinko_0017/recording.mp4,lh_ll_unlink_plinko_0017,goal_3,True,NA,5f4813c94e8b081877fb26a6,68ffc55371128ff03ff45265,6900caa53654b29884258025,3,False,10,True
19,4325,0,assets/targets/lh_hh_plinko_0000/img.jpg,assets/targets/lh_hh_plinko_0000/recording.mp4,lh_hh_plinko_0000,goal_0,False,NA,5f4813c94e8b081877fb26a6,68ffc55371128ff03ff45265,6900caa53654b29884258025,0,False,10,True
20,3977,3,assets/targets/lh_hh_plinko_0001/img.jpg,assets/targets/lh_hh_plinko_0001/recording.mp4,lh_hh_plinko_0001,goal_3,False,NA,5f4813c94e8b081877fb26a6,68ffc55371128ff03ff45265,6900caa53654b29884258025,3,False,10,True
21,4273,3,assets/targets/hh_hl_unlink_plinko_0269/img.jpg,assets/targets/hh_hl_unlink_plinko_0269/recording.mp4,hh_hl_unlink_plinko_0269,goal_3,False,maybe,5f4813c94e8b081877fb26a6,68ffc55371128ff03ff45265,6900caa53654b29884258025,3,False,10,True
22,6132,3,assets/targets/lh_ll_unlink_plinko_0000/img.jpg,assets/targets/lh_ll_unlink_plinko_0000/recording.mp4,lh_ll_unlink_plinko_0000,goal_3,False,maybe,5f4813c94e8b081877fb26a6,68ffc55371128ff03ff45265,6900caa53654b29884258025,3,False,10,True
23,5729,3,assets/fillers/lh_ll_unlink_plinko_0009/img.jpg,assets/fillers/lh_ll_unlink_plinko_0009/recording.mp4,lh_ll_unlink_plinko_0009,goal_3,True,NA,5f4813c94e8b081877fb26a6,68ffc55371128ff03ff45265,6900caa53654b29884258025,3,False,10,True
24,8263,2,assets/targets/lh_hh_trNM_plinko_0001/img.jpg,assets/targets/lh_hh_trNM_plinko_0001/recording.mp4,lh_hh_trNM_plinko_0001,goal_2,False,NA,5f4813c94e8b081877fb26a6,68ffc55371128ff03ff45265,6900caa53654b29884258025,2,False,10,True
0,5110,3,assets/fillers/lh_hh_trNM_plinko_0002/img.jpg,assets/fillers/lh_hh_trNM_plinko_0002/recording.mp4,lh_hh_trNM_plinko_0002,goal_4,True,NA,6706bc0d8c98b64939838b2e,68ffc55371128ff03ff45265,6900caabd923966c9a4d656a,4,False,5,False
1,4127,1,assets/fillers/lh_ll_unlink_plinko_0021/img.jpg,assets/fillers/lh_ll_unlink_plinko_0021/recording.mp4,lh_ll_unlink_plinko_0021,goal_1,True,definite,6706bc0d8c98b64939838b2e,68ffc55371128ff03ff45265,6900caabd923966c9a4d656a,1,False,10,True
2,5511,2,assets/fillers/lh_ll_unlink_plinko_0011/img.jpg,assets/fillers/lh_ll_unlink_plinko_0011/recording.mp4,lh_ll_unlink_plinko_0011,goal_3,True,NA,6706bc0d8c98b64939838b2e,68ffc55371128ff03ff45265,6900caabd923966c9a4d656a,3,False,5,False
3,5767,3,assets/fillers/lh_ll_unlink_plinko_0009/img.jpg,assets/fillers/lh_ll_unlink_plinko_0009/recording.mp4,lh_ll_unlink_plinko_0009,goal_3,True,NA,6706bc0d8c98b64939838b2e,68ffc55371128ff03ff45265,6900caabd923966c9a4d656a,3,False,10,True
4,2503,3,assets/targets/lh_ll_unlink_plinko_0000/img.jpg,assets/targets/lh_ll_unlink_plinko_0000/recording.mp4,lh_ll_unlink_plinko_0000,goal_3,False,maybe,6706bc0d8c98b64939838b2e,68ffc55371128ff03ff45265,6900caabd923966c9a4d656a,3,False,10,True
5,9031,0,assets/targets/lh_hh_plinko_0000/img.jpg,assets/targets/lh_hh_plinko_0000/recording.mp4,lh_hh_plinko_0000,goal_0,False,NA,6706bc0d8c98b64939838b2e,68ffc55371128ff03ff45265,6900caabd923966c9a4d656a,0,False,10,True
6,14919,1,assets/targets/hh_hl_unlink_plinko_0269/img.jpg,assets/targets/hh_hl_unlink_plinko_0269/recording.mp4,hh_hl_unlink_plinko_0269,goal_3,False,maybe,6706bc0d8c98b64939838b2e,68ffc55371128ff03ff45265,6900caabd923966c9a4d656a,3,False,0,False
7,4007,1,assets/fillers/lh_hh_plinko_0001/img.jpg,assets/fillers/lh_hh_plinko_0001/recording.mp4,lh_hh_plinko_0001,goal_0,True,maybe,6706bc0d8c98b64939838b2e,68ffc55371128ff03ff45265,6900caabd923966c9a4d656a,0,False,5,False
8,3399,4,assets/targets/lh_hh_plinko_0003/img.jpg,assets/targets/lh_hh_plinko_0003/recording.mp4,lh_hh_plinko_0003,goal_4,False,NA,6706bc0d8c98b64939838b2e,68ffc55371128ff03ff45265,6900caabd923966c9a4d656a,4,False,10,True
9,2615,4,assets/targets/lh_hh_trNM_plinko_0002/img.jpg,assets/targets/lh_hh_trNM_plinko_0002/recording.mp4,lh_hh_trNM_plinko_0002,goal_4,False,definite,6706bc0d8c98b64939838b2e,68ffc55371128ff03ff45265,6900caabd923966c9a4d656a,4,False,10,True
10,2751,1,assets/targets/lh_ll_unlink_plinko_0002/img.jpg,assets/targets/lh_ll_unlink_plinko_0002/recording.mp4,lh_ll_unlink_plinko_0002,goal_1,False,NA,6706bc0d8c98b64939838b2e,68ffc55371128ff03ff45265,6900caabd923966c9a4d656a,1,False,10,True
11,3735,2,assets/targets/hh_hl_unlink_plinko_0202/img.jpg,assets/targets/hh_hl_unlink_plinko_0202/recording.mp4,hh_hl_unlink_plinko_0202,goal_0,False,maybe,6706bc0d8c98b64939838b2e,68ffc55371128ff03ff45265,6900caabd923966c9a4d656a,0,False,0,False
12,1973,2,assets/fillers/catch/img.jpg,assets/fillers/catch/recording.mp4,catch,goal_2,True,NA,6706bc0d8c98b64939838b2e,68ffc55371128ff03ff45265,6900caabd923966c9a4d656a,2,False,10,True
13,3783,3,assets/fillers/lh_ll_unlink_plinko_0017/img.jpg,assets/fillers/lh_ll_unlink_plinko_0017/recording.mp4,lh_ll_unlink_plinko_0017,goal_3,True,NA,6706bc0d8c98b64939838b2e,68ffc55371128ff03ff45265,6900caabd923966c9a4d656a,3,False,10,True
14,4023,2,assets/targets/lh_hh_trNM_plinko_0001/img.jpg,assets/targets/lh_hh_trNM_plinko_0001/recording.mp4,lh_hh_trNM_plinko_0001,goal_2,False,NA,6706bc0d8c98b64939838b2e,68ffc55371128ff03ff45265,6900caabd923966c9a4d656a,2,False,10,True
15,3095,1,assets/targets/lh_ll_unlink_plinko_0001/img.jpg,assets/targets/lh_ll_unlink_plinko_0001/recording.mp4,lh_ll_unlink_plinko_0001,goal_1,False,NA,6706bc0d8c98b64939838b2e,68ffc55371128ff03ff45265,6900caabd923966c9a4d656a,1,False,10,True
16,2895,1,assets/fillers/lh_hh_plinko_0000/img.jpg,assets/fillers/lh_hh_plinko_0000/recording.mp4,lh_hh_plinko_0000,goal_4,True,maybe,6706bc0d8c98b64939838b2e,68ffc55371128ff03ff45265,6900caabd923966c9a4d656a,4,False,0,False
17,3519,1,assets/targets/hh_hl_unlink_plinko_0240/img.jpg,assets/targets/hh_hl_unlink_plinko_0240/recording.mp4,hh_hl_unlink_plinko_0240,goal_0,False,maybe,6706bc0d8c98b64939838b2e,68ffc55371128ff03ff45265,6900caabd923966c9a4d656a,0,False,5,False
18,4535,0,assets/targets/hh_hl_unlink_plinko_0393/img.jpg,assets/targets/hh_hl_unlink_plinko_0393/recording.mp4,hh_hl_unlink_plinko_0393,goal_2,False,maybe,6706bc0d8c98b64939838b2e,68ffc55371128ff03ff45265,6900caabd923966c9a4d656a,2,False,0,False
19,3607,2,assets/targets/lh_hh_plinko_0002/img.jpg,assets/targets/lh_hh_plinko_0002/recording.mp4,lh_hh_plinko_0002,goal_2,False,definite,6706bc0d8c98b64939838b2e,68ffc55371128ff03ff45265,6900caabd923966c9a4d656a,2,False,10,True
20,3799,0,assets/targets/hh_hl_unlink_plinko_0246/img.jpg,assets/targets/hh_hl_unlink_plinko_0246/recording.mp4,hh_hl_unlink_plinko_0246,goal_2,False,maybe,6706bc0d8c98b64939838b2e,68ffc55371128ff03ff45265,6900caabd923966c9a4d656a,2,False,0,False
21,3087,0,assets/targets/lh_hh_trNM_plinko_0000/img.jpg,assets/targets/lh_hh_trNM_plinko_0000/recording.mp4,lh_hh_trNM_plinko_0000,goal_0,False,definite,6706bc0d8c98b64939838b2e,68ffc55371128ff03ff45265,6900caabd923966c9a4d656a,0,False,10,True
22,2406,4,assets/fillers/lh_hh_trNM_plinko_0001/img.jpg,assets/fillers/lh_hh_trNM_plinko_0001/recording.mp4,lh_hh_trNM_plinko_0001,goal_4,True,NA,6706bc0d8c98b64939838b2e,68ffc55371128ff03ff45265,6900caabd923966c9a4d656a,4,False,10,True
23,4022,3,assets/fillers/lh_hh_plinko_0002/img.jpg,assets/fillers/lh_hh_plinko_0002/recording.mp4,lh_hh_plinko_0002,goal_3,True,NA,6706bc0d8c98b64939838b2e,68ffc55371128ff03ff45265,6900caabd923966c9a4d656a,3,False,10,True
24,2311,3,assets/targets/lh_hh_plinko_0001/img.jpg,assets/targets/lh_hh_plinko_0001/recording.mp4,lh_hh_plinko_0001,goal_3,False,NA,6706bc0d8c98b64939838b2e,68ffc55371128ff03ff45265,6900caabd923966c9a4d656a,3,False,10,True
0,5058,0,assets/fillers/lh_hh_plinko_0002/img.jpg,assets/fillers/lh_hh_plinko_0002/recording.mp4,lh_hh_plinko_0002,goal_3,True,NA,60fec468f4995966355862d4,68ffc55371128ff03ff45265,6900cb28904fe72029854c1c,3,False,0,False
1,2984,4,assets/fillers/lh_hh_trNM_plinko_0001/img.jpg,assets/fillers/lh_hh_trNM_plinko_0001/recording.mp4,lh_hh_trNM_plinko_0001,goal_4,True,NA,60fec468f4995966355862d4,68ffc55371128ff03ff45265,6900cb28904fe72029854c1c,4,False,10,True
2,2983,3,assets/fillers/lh_hh_trNM_plinko_0002/img.jpg,assets/fillers/lh_hh_trNM_plinko_0002/recording.mp4,lh_hh_trNM_plinko_0002,goal_4,True,NA,60fec468f4995966355862d4,68ffc55371128ff03ff45265,6900cb28904fe72029854c1c,4,False,5,False
3,2781,3,assets/fillers/lh_ll_unlink_plinko_0017/img.jpg,assets/fillers/lh_ll_unlink_plinko_0017/recording.mp4,lh_ll_unlink_plinko_0017,goal_3,True,NA,60fec468f4995966355862d4,68ffc55371128ff03ff45265,6900cb28904fe72029854c1c,3,False,10,True
4,2032,0,assets/targets/lh_hh_trNM_plinko_0000/img.jpg,assets/targets/lh_hh_trNM_plinko_0000/recording.mp4,lh_hh_trNM_plinko_0000,goal_0,False,definite,60fec468f4995966355862d4,68ffc55371128ff03ff45265,6900cb28904fe72029854c1c,0,False,10,True
5,3161,4,assets/fillers/lh_hh_plinko_0000/img.jpg,assets/fillers/lh_hh_plinko_0000/recording.mp4,lh_hh_plinko_0000,goal_4,True,maybe,60fec468f4995966355862d4,68ffc55371128ff03ff45265,6900cb28904fe72029854c1c,4,False,10,True
6,2099,2,assets/targets/lh_hh_trNM_plinko_0001/img.jpg,assets/targets/lh_hh_trNM_plinko_0001/recording.mp4,lh_hh_trNM_plinko_0001,goal_2,False,NA,60fec468f4995966355862d4,68ffc55371128ff03ff45265,6900cb28904fe72029854c1c,2,False,10,True
7,1597,2,assets/fillers/catch/img.jpg,assets/fillers/catch/recording.mp4,catch,goal_2,True,NA,60fec468f4995966355862d4,68ffc55371128ff03ff45265,6900cb28904fe72029854c1c,2,False,10,True
8,1847,4,assets/targets/lh_hh_plinko_0003/img.jpg,assets/targets/lh_hh_plinko_0003/recording.mp4,lh_hh_plinko_0003,goal_4,False,NA,60fec468f4995966355862d4,68ffc55371128ff03ff45265,6900cb28904fe72029854c1c,4,False,10,True
9,2783,1,assets/targets/hh_hl_unlink_plinko_0202/img.jpg,assets/targets/hh_hl_unlink_plinko_0202/recording.mp4,hh_hl_unlink_plinko_0202,goal_0,False,maybe,60fec468f4995966355862d4,68ffc55371128ff03ff45265,6900cb28904fe72029854c1c,0,False,5,False
10,2464,1,assets/fillers/lh_ll_unlink_plinko_0021/img.jpg,assets/fillers/lh_ll_unlink_plinko_0021/recording.mp4,lh_ll_unlink_plinko_0021,goal_1,True,definite,60fec468f4995966355862d4,68ffc55371128ff03ff45265,6900cb28904fe72029854c1c,1,False,10,True
11,2116,3,assets/targets/lh_ll_unlink_plinko_0000/img.jpg,assets/targets/lh_ll_unlink_plinko_0000/recording.mp4,lh_ll_unlink_plinko_0000,goal_3,False,maybe,60fec468f4995966355862d4,68ffc55371128ff03ff45265,6900cb28904fe72029854c1c,3,False,10,True
12,1768,2,assets/targets/lh_hh_plinko_0002/img.jpg,assets/targets/lh_hh_plinko_0002/recording.mp4,lh_hh_plinko_0002,goal_2,False,definite,60fec468f4995966355862d4,68ffc55371128ff03ff45265,6900cb28904fe72029854c1c,2,False,10,True
13,7581,0,assets/targets/lh_hh_plinko_0000/img.jpg,assets/targets/lh_hh_plinko_0000/recording.mp4,lh_hh_plinko_0000,goal_0,False,NA,60fec468f4995966355862d4,68ffc55371128ff03ff45265,6900cb28904fe72029854c1c,0,False,10,True
14,1896,3,assets/fillers/lh_ll_unlink_plinko_0011/img.jpg,assets/fillers/lh_ll_unlink_plinko_0011/recording.mp4,lh_ll_unlink_plinko_0011,goal_3,True,NA,60fec468f4995966355862d4,68ffc55371128ff03ff45265,6900cb28904fe72029854c1c,3,False,10,True
15,1932,1,assets/targets/lh_ll_unlink_plinko_0001/img.jpg,assets/targets/lh_ll_unlink_plinko_0001/recording.mp4,lh_ll_unlink_plinko_0001,goal_1,False,NA,60fec468f4995966355862d4,68ffc55371128ff03ff45265,6900cb28904fe72029854c1c,1,False,10,True
16,1615,3,assets/targets/lh_hh_plinko_0001/img.jpg,assets/targets/lh_hh_plinko_0001/recording.mp4,lh_hh_plinko_0001,goal_3,False,NA,60fec468f4995966355862d4,68ffc55371128ff03ff45265,6900cb28904fe72029854c1c,3,False,10,True
17,5765,3,assets/fillers/lh_hh_plinko_0001/img.jpg,assets/fillers/lh_hh_plinko_0001/recording.mp4,lh_hh_plinko_0001,goal_0,True,maybe,60fec468f4995966355862d4,68ffc55371128ff03ff45265,6900cb28904fe72029854c1c,0,False,0,False
18,3700,4,assets/targets/hh_hl_unlink_plinko_0240/img.jpg,assets/targets/hh_hl_unlink_plinko_0240/recording.mp4,hh_hl_unlink_plinko_0240,goal_0,False,maybe,60fec468f4995966355862d4,68ffc55371128ff03ff45265,6900cb28904fe72029854c1c,0,False,0,False
19,4109,0,assets/targets/hh_hl_unlink_plinko_0393/img.jpg,assets/targets/hh_hl_unlink_plinko_0393/recording.mp4,hh_hl_unlink_plinko_0393,goal_2,False,maybe,60fec468f4995966355862d4,68ffc55371128ff03ff45265,6900cb28904fe72029854c1c,2,False,0,False
20,1816,3,assets/fillers/lh_ll_unlink_plinko_0009/img.jpg,assets/fillers/lh_ll_unlink_plinko_0009/recording.mp4,lh_ll_unlink_plinko_0009,goal_3,True,NA,60fec468f4995966355862d4,68ffc55371128ff03ff45265,6900cb28904fe72029854c1c,3,False,10,True
21,4252,2,assets/targets/hh_hl_unlink_plinko_0246/img.jpg,assets/targets/hh_hl_unlink_plinko_0246/recording.mp4,hh_hl_unlink_plinko_0246,goal_2,False,maybe,60fec468f4995966355862d4,68ffc55371128ff03ff45265,6900cb28904fe72029854c1c,2,False,10,True
22,5477,3,assets/targets/hh_hl_unlink_plinko_0269/img.jpg,assets/targets/hh_hl_unlink_plinko_0269/recording.mp4,hh_hl_unlink_plinko_0269,goal_3,False,maybe,60fec468f4995966355862d4,68ffc55371128ff03ff45265,6900cb28904fe72029854c1c,3,False,10,True
23,2034,1,assets/targets/lh_ll_unlink_plinko_0002/img.jpg,assets/targets/lh_ll_unlink_plinko_0002/recording.mp4,lh_ll_unlink_plinko_0002,goal_1,False,NA,60fec468f4995966355862d4,68ffc55371128ff03ff45265,6900cb28904fe72029854c1c,1,False,10,True
24,1698,4,assets/targets/lh_hh_trNM_plinko_0002/img.jpg,assets/targets/lh_hh_trNM_plinko_0002/recording.mp4,lh_hh_trNM_plinko_0002,goal_4,False,definite,60fec468f4995966355862d4,68ffc55371128ff03ff45265,6900cb28904fe72029854c1c,4,False,10,True
0,4227,2,assets/fillers/lh_ll_unlink_plinko_0011/img.jpg,assets/fillers/lh_ll_unlink_plinko_0011/recording.mp4,lh_ll_unlink_plinko_0011,goal_3,True,NA,6657ab37ba8f20890ac0e52d,68ffc55371128ff03ff45265,6900cb1e986cce992519eea0,3,False,5,False
1,4467,1,assets/fillers/lh_hh_plinko_0001/img.jpg,assets/fillers/lh_hh_plinko_0001/recording.mp4,lh_hh_plinko_0001,goal_0,True,maybe,6657ab37ba8f20890ac0e52d,68ffc55371128ff03ff45265,6900cb1e986cce992519eea0,0,False,5,False
2,3488,3,assets/fillers/lh_ll_unlink_plinko_0009/img.jpg,assets/fillers/lh_ll_unlink_plinko_0009/recording.mp4,lh_ll_unlink_plinko_0009,goal_3,True,NA,6657ab37ba8f20890ac0e52d,68ffc55371128ff03ff45265,6900cb1e986cce992519eea0,3,False,10,True
3,3768,0,assets/targets/lh_hh_plinko_0000/img.jpg,assets/targets/lh_hh_plinko_0000/recording.mp4,lh_hh_plinko_0000,goal_0,False,NA,6657ab37ba8f20890ac0e52d,68ffc55371128ff03ff45265,6900cb1e986cce992519eea0,0,False,10,True
4,8107,3,assets/fillers/lh_hh_plinko_0000/img.jpg,assets/fillers/lh_hh_plinko_0000/recording.mp4,lh_hh_plinko_0000,goal_4,True,maybe,6657ab37ba8f20890ac0e52d,68ffc55371128ff03ff45265,6900cb1e986cce992519eea0,4,False,5,False
5,2450,3,assets/targets/lh_hh_plinko_0001/img.jpg,assets/targets/lh_hh_plinko_0001/recording.mp4,lh_hh_plinko_0001,goal_3,False,NA,6657ab37ba8f20890ac0e52d,68ffc55371128ff03ff45265,6900cb1e986cce992519eea0,3,False,10,True
6,2669,4,assets/targets/hh_hl_unlink_plinko_0240/img.jpg,assets/targets/hh_hl_unlink_plinko_0240/recording.mp4,hh_hl_unlink_plinko_0240,goal_0,False,maybe,6657ab37ba8f20890ac0e52d,68ffc55371128ff03ff45265,6900cb1e986cce992519eea0,0,False,0,False
7,2305,4,assets/targets/lh_hh_trNM_plinko_0002/img.jpg,assets/targets/lh_hh_trNM_plinko_0002/recording.mp4,lh_hh_trNM_plinko_0002,goal_4,False,definite,6657ab37ba8f20890ac0e52d,68ffc55371128ff03ff45265,6900cb1e986cce992519eea0,4,False,10,True
8,2843,3,assets/fillers/lh_hh_trNM_plinko_0002/img.jpg,assets/fillers/lh_hh_trNM_plinko_0002/recording.mp4,lh_hh_trNM_plinko_0002,goal_4,True,NA,6657ab37ba8f20890ac0e52d,68ffc55371128ff03ff45265,6900cb1e986cce992519eea0,4,False,5,False
9,5341,1,assets/targets/hh_hl_unlink_plinko_0202/img.jpg,assets/targets/hh_hl_unlink_plinko_0202/recording.mp4,hh_hl_unlink_plinko_0202,goal_0,False,maybe,6657ab37ba8f20890ac0e52d,68ffc55371128ff03ff45265,6900cb1e986cce992519eea0,0,False,5,False
10,1671,2,assets/fillers/catch/img.jpg,assets/fillers/catch/recording.mp4,catch,goal_2,True,NA,6657ab37ba8f20890ac0e52d,68ffc55371128ff03ff45265,6900cb1e986cce992519eea0,2,False,10,True
11,2824,1,assets/fillers/lh_ll_unlink_plinko_0021/img.jpg,assets/fillers/lh_ll_unlink_plinko_0021/recording.mp4,lh_ll_unlink_plinko_0021,goal_1,True,definite,6657ab37ba8f20890ac0e52d,68ffc55371128ff03ff45265,6900cb1e986cce992519eea0,1,False,10,True
12,7345,0,assets/targets/hh_hl_unlink_plinko_0269/img.jpg,assets/targets/hh_hl_unlink_plinko_0269/recording.mp4,hh_hl_unlink_plinko_0269,goal_3,False,maybe,6657ab37ba8f20890ac0e52d,68ffc55371128ff03ff45265,6900cb1e986cce992519eea0,3,False,0,False
13,1479,1,assets/targets/lh_ll_unlink_plinko_0002/img.jpg,assets/targets/lh_ll_unlink_plinko_0002/recording.mp4,lh_ll_unlink_plinko_0002,goal_1,False,NA,6657ab37ba8f20890ac0e52d,68ffc55371128ff03ff45265,6900cb1e986cce992519eea0,1,False,10,True
14,2359,0,assets/targets/hh_hl_unlink_plinko_0246/img.jpg,assets/targets/hh_hl_unlink_plinko_0246/recording.mp4,hh_hl_unlink_plinko_0246,goal_2,False,maybe,6657ab37ba8f20890ac0e52d,68ffc55371128ff03ff45265,6900cb1e986cce992519eea0,2,False,0,False
15,1931,1,assets/targets/lh_ll_unlink_plinko_0001/img.jpg,assets/targets/lh_ll_unlink_plinko_0001/recording.mp4,lh_ll_unlink_plinko_0001,goal_1,False,NA,6657ab37ba8f20890ac0e52d,68ffc55371128ff03ff45265,6900cb1e986cce992519eea0,1,False,10,True
16,2273,3,assets/fillers/lh_ll_unlink_plinko_0017/img.jpg,assets/fillers/lh_ll_unlink_plinko_0017/recording.mp4,lh_ll_unlink_plinko_0017,goal_3,True,NA,6657ab37ba8f20890ac0e52d,68ffc55371128ff03ff45265,6900cb1e986cce992519eea0,3,False,10,True
17,2055,4,assets/targets/lh_hh_plinko_0003/img.jpg,assets/targets/lh_hh_plinko_0003/recording.mp4,lh_hh_plinko_0003,goal_4,False,NA,6657ab37ba8f20890ac0e52d,68ffc55371128ff03ff45265,6900cb1e986cce992519eea0,4,False,10,True
18,1580,4,assets/fillers/lh_hh_trNM_plinko_0001/img.jpg,assets/fillers/lh_hh_trNM_plinko_0001/recording.mp4,lh_hh_trNM_plinko_0001,goal_4,True,NA,6657ab37ba8f20890ac0e52d,68ffc55371128ff03ff45265,6900cb1e986cce992519eea0,4,False,10,True
19,1951,2,assets/targets/lh_hh_plinko_0002/img.jpg,assets/targets/lh_hh_plinko_0002/recording.mp4,lh_hh_plinko_0002,goal_2,False,definite,6657ab37ba8f20890ac0e52d,68ffc55371128ff03ff45265,6900cb1e986cce992519eea0,2,False,10,True
20,2207,2,assets/targets/lh_hh_trNM_plinko_0001/img.jpg,assets/targets/lh_hh_trNM_plinko_0001/recording.mp4,lh_hh_trNM_plinko_0001,goal_2,False,NA,6657ab37ba8f20890ac0e52d,68ffc55371128ff03ff45265,6900cb1e986cce992519eea0,2,False,10,True
21,2349,0,assets/targets/lh_hh_trNM_plinko_0000/img.jpg,assets/targets/lh_hh_trNM_plinko_0000/recording.mp4,lh_hh_trNM_plinko_0000,goal_0,False,definite,6657ab37ba8f20890ac0e52d,68ffc55371128ff03ff45265,6900cb1e986cce992519eea0,0,False,10,True
22,1445,3,assets/targets/lh_ll_unlink_plinko_0000/img.jpg,assets/targets/lh_ll_unlink_plinko_0000/recording.mp4,lh_ll_unlink_plinko_0000,goal_3,False,maybe,6657ab37ba8f20890ac0e52d,68ffc55371128ff03ff45265,6900cb1e986cce992519eea0,3,False,10,True
23,3339,2,assets/targets/hh_hl_unlink_plinko_0393/img.jpg,assets/targets/hh_hl_unlink_plinko_0393/recording.mp4,hh_hl_unlink_plinko_0393,goal_2,False,maybe,6657ab37ba8f20890ac0e52d,68ffc55371128ff03ff45265,6900cb1e986cce992519eea0,2,False,10,True
24,2664,3,assets/fillers/lh_hh_plinko_0002/img.jpg,assets/fillers/lh_hh_plinko_0002/recording.mp4,lh_hh_plinko_0002,goal_3,True,NA,6657ab37ba8f20890ac0e52d,68ffc55371128ff03ff45265,6900cb1e986cce992519eea0,3,False,10,True
0,4999,4,assets/fillers/lh_hh_plinko_0001/img.jpg,assets/fillers/lh_hh_plinko_0001/recording.mp4,lh_hh_plinko_0001,goal_0,True,maybe,66aeea1cc3ea6ee963f7c515,68ffc55371128ff03ff45265,6900cab208a21a2f23878626,0,False,0,False
1,3191,1,assets/fillers/lh_hh_plinko_0002/img.jpg,assets/fillers/lh_hh_plinko_0002/recording.mp4,lh_hh_plinko_0002,goal_3,True,NA,66aeea1cc3ea6ee963f7c515,68ffc55371128ff03ff45265,6900cab208a21a2f23878626,3,False,0,False
2,4008,2,assets/fillers/lh_ll_unlink_plinko_0009/img.jpg,assets/fillers/lh_ll_unlink_plinko_0009/recording.mp4,lh_ll_unlink_plinko_0009,goal_3,True,NA,66aeea1cc3ea6ee963f7c515,68ffc55371128ff03ff45265,6900cab208a21a2f23878626,3,False,5,False
3,2095,1,assets/fillers/lh_ll_unlink_plinko_0011/img.jpg,assets/fillers/lh_ll_unlink_plinko_0011/recording.mp4,lh_ll_unlink_plinko_0011,goal_3,True,NA,66aeea1cc3ea6ee963f7c515,68ffc55371128ff03ff45265,6900cab208a21a2f23878626,3,False,0,False
4,3999,1,assets/targets/lh_ll_unlink_plinko_0002/img.jpg,assets/targets/lh_ll_unlink_plinko_0002/recording.mp4,lh_ll_unlink_plinko_0002,goal_1,False,NA,66aeea1cc3ea6ee963f7c515,68ffc55371128ff03ff45265,6900cab208a21a2f23878626,1,False,10,True
5,4839,0,assets/targets/lh_hh_trNM_plinko_0000/img.jpg,assets/targets/lh_hh_trNM_plinko_0000/recording.mp4,lh_hh_trNM_plinko_0000,goal_0,False,definite,66aeea1cc3ea6ee963f7c515,68ffc55371128ff03ff45265,6900cab208a21a2f23878626,0,False,10,True
6,4111,2,assets/fillers/catch/img.jpg,assets/fillers/catch/recording.mp4,catch,goal_2,True,NA,66aeea1cc3ea6ee963f7c515,68ffc55371128ff03ff45265,6900cab208a21a2f23878626,2,False,10,True
7,3775,1,assets/fillers/lh_ll_unlink_plinko_0021/img.jpg,assets/fillers/lh_ll_unlink_plinko_0021/recording.mp4,lh_ll_unlink_plinko_0021,goal_1,True,definite,66aeea1cc3ea6ee963f7c515,68ffc55371128ff03ff45265,6900cab208a21a2f23878626,1,False,10,True
8,2431,2,assets/targets/lh_hh_plinko_0003/img.jpg,assets/targets/lh_hh_plinko_0003/recording.mp4,lh_hh_plinko_0003,goal_4,False,NA,66aeea1cc3ea6ee963f7c515,68ffc55371128ff03ff45265,6900cab208a21a2f23878626,4,False,0,False
9,2359,3,assets/fillers/lh_ll_unlink_plinko_0017/img.jpg,assets/fillers/lh_ll_unlink_plinko_0017/recording.mp4,lh_ll_unlink_plinko_0017,goal_3,True,NA,66aeea1cc3ea6ee963f7c515,68ffc55371128ff03ff45265,6900cab208a21a2f23878626,3,False,10,True
10,4959,4,assets/targets/lh_hh_trNM_plinko_0001/img.jpg,assets/targets/lh_hh_trNM_plinko_0001/recording.mp4,lh_hh_trNM_plinko_0001,goal_2,False,NA,66aeea1cc3ea6ee963f7c515,68ffc55371128ff03ff45265,6900cab208a21a2f23878626,2,False,0,False
11,3038,3,assets/fillers/lh_hh_trNM_plinko_0002/img.jpg,assets/fillers/lh_hh_trNM_plinko_0002/recording.mp4,lh_hh_trNM_plinko_0002,goal_4,True,NA,66aeea1cc3ea6ee963f7c515,68ffc55371128ff03ff45265,6900cab208a21a2f23878626,4,False,5,False
12,3135,3,assets/targets/lh_hh_plinko_0001/img.jpg,assets/targets/lh_hh_plinko_0001/recording.mp4,lh_hh_plinko_0001,goal_3,False,NA,66aeea1cc3ea6ee963f7c515,68ffc55371128ff03ff45265,6900cab208a21a2f23878626,3,False,10,True
13,3392,2,assets/targets/hh_hl_unlink_plinko_0393/img.jpg,assets/targets/hh_hl_unlink_plinko_0393/recording.mp4,hh_hl_unlink_plinko_0393,goal_2,False,maybe,66aeea1cc3ea6ee963f7c515,68ffc55371128ff03ff45265,6900cab208a21a2f23878626,2,False,10,True
14,5775,2,assets/targets/hh_hl_unlink_plinko_0240/img.jpg,assets/targets/hh_hl_unlink_plinko_0240/recording.mp4,hh_hl_unlink_plinko_0240,goal_0,False,maybe,66aeea1cc3ea6ee963f7c515,68ffc55371128ff03ff45265,6900cab208a21a2f23878626,0,False,0,False
15,2983,1,assets/targets/lh_ll_unlink_plinko_0001/img.jpg,assets/targets/lh_ll_unlink_plinko_0001/recording.mp4,lh_ll_unlink_plinko_0001,goal_1,False,NA,66aeea1cc3ea6ee963f7c515,68ffc55371128ff03ff45265,6900cab208a21a2f23878626,1,False,10,True
16,3183,2,assets/fillers/lh_hh_plinko_0000/img.jpg,assets/fillers/lh_hh_plinko_0000/recording.mp4,lh_hh_plinko_0000,goal_4,True,maybe,66aeea1cc3ea6ee963f7c515,68ffc55371128ff03ff45265,6900cab208a21a2f23878626,4,False,0,False
17,3535,4,assets/fillers/lh_hh_trNM_plinko_0001/img.jpg,assets/fillers/lh_hh_trNM_plinko_0001/recording.mp4,lh_hh_trNM_plinko_0001,goal_4,True,NA,66aeea1cc3ea6ee963f7c515,68ffc55371128ff03ff45265,6900cab208a21a2f23878626,4,False,10,True
18,3927,4,assets/targets/lh_hh_trNM_plinko_0002/img.jpg,assets/targets/lh_hh_trNM_plinko_0002/recording.mp4,lh_hh_trNM_plinko_0002,goal_4,False,definite,66aeea1cc3ea6ee963f7c515,68ffc55371128ff03ff45265,6900cab208a21a2f23878626,4,False,10,True
19,2607,3,assets/targets/lh_ll_unlink_plinko_0000/img.jpg,assets/targets/lh_ll_unlink_plinko_0000/recording.mp4,lh_ll_unlink_plinko_0000,goal_3,False,maybe,66aeea1cc3ea6ee963f7c515,68ffc55371128ff03ff45265,6900cab208a21a2f23878626,3,False,10,True
20,2384,2,assets/targets/hh_hl_unlink_plinko_0202/img.jpg,assets/targets/hh_hl_unlink_plinko_0202/recording.mp4,hh_hl_unlink_plinko_0202,goal_0,False,maybe,66aeea1cc3ea6ee963f7c515,68ffc55371128ff03ff45265,6900cab208a21a2f23878626,0,False,0,False
21,3527,3,assets/targets/hh_hl_unlink_plinko_0246/img.jpg,assets/targets/hh_hl_unlink_plinko_0246/recording.mp4,hh_hl_unlink_plinko_0246,goal_2,False,maybe,66aeea1cc3ea6ee963f7c515,68ffc55371128ff03ff45265,6900cab208a21a2f23878626,2,False,5,False
22,3479,2,assets/targets/lh_hh_plinko_0002/img.jpg,assets/targets/lh_hh_plinko_0002/recording.mp4,lh_hh_plinko_0002,goal_2,False,definite,66aeea1cc3ea6ee963f7c515,68ffc55371128ff03ff45265,6900cab208a21a2f23878626,2,False,10,True
23,5695,3,assets/targets/hh_hl_unlink_plinko_0269/img.jpg,assets/targets/hh_hl_unlink_plinko_0269/recording.mp4,hh_hl_unlink_plinko_0269,goal_3,False,maybe,66aeea1cc3ea6ee963f7c515,68ffc55371128ff03ff45265,6900cab208a21a2f23878626,3,False,10,True
24,3143,0,assets/targets/lh_hh_plinko_0000/img.jpg,assets/targets/lh_hh_plinko_0000/recording.mp4,lh_hh_plinko_0000,goal_0,False,NA,66aeea1cc3ea6ee963f7c515,68ffc55371128ff03ff45265,6900cab208a21a2f23878626,0,False,10,True
0,6112,2,assets/fillers/lh_hh_trNM_plinko_0001/img.jpg,assets/fillers/lh_hh_trNM_plinko_0001/recording.mp4,lh_hh_trNM_plinko_0001,goal_4,True,NA,62a96f8f6ab7e0c3ce90095f,68ffc55371128ff03ff45265,6900cb29a012ffbe7a8f14ee,4,False,0,False
1,6282,2,assets/fillers/lh_hh_plinko_0000/img.jpg,assets/fillers/lh_hh_plinko_0000/recording.mp4,lh_hh_plinko_0000,goal_4,True,maybe,62a96f8f6ab7e0c3ce90095f,68ffc55371128ff03ff45265,6900cb29a012ffbe7a8f14ee,4,False,0,False
2,5607,1,assets/fillers/lh_ll_unlink_plinko_0021/img.jpg,assets/fillers/lh_ll_unlink_plinko_0021/recording.mp4,lh_ll_unlink_plinko_0021,goal_1,True,definite,62a96f8f6ab7e0c3ce90095f,68ffc55371128ff03ff45265,6900cb29a012ffbe7a8f14ee,1,False,10,True
3,3788,3,assets/fillers/lh_ll_unlink_plinko_0017/img.jpg,assets/fillers/lh_ll_unlink_plinko_0017/recording.mp4,lh_ll_unlink_plinko_0017,goal_3,True,NA,62a96f8f6ab7e0c3ce90095f,68ffc55371128ff03ff45265,6900cb29a012ffbe7a8f14ee,3,False,10,True
4,6067,1,assets/fillers/lh_hh_plinko_0001/img.jpg,assets/fillers/lh_hh_plinko_0001/recording.mp4,lh_hh_plinko_0001,goal_0,True,maybe,62a96f8f6ab7e0c3ce90095f,68ffc55371128ff03ff45265,6900cb29a012ffbe7a8f14ee,0,False,5,False
5,5637,1,assets/targets/hh_hl_unlink_plinko_0202/img.jpg,assets/targets/hh_hl_unlink_plinko_0202/recording.mp4,hh_hl_unlink_plinko_0202,goal_0,False,maybe,62a96f8f6ab7e0c3ce90095f,68ffc55371128ff03ff45265,6900cb29a012ffbe7a8f14ee,0,False,5,False
6,5812,2,assets/targets/lh_hh_plinko_0002/img.jpg,assets/targets/lh_hh_plinko_0002/recording.mp4,lh_hh_plinko_0002,goal_2,False,definite,62a96f8f6ab7e0c3ce90095f,68ffc55371128ff03ff45265,6900cb29a012ffbe7a8f14ee,2,False,10,True
7,3283,3,assets/fillers/lh_hh_trNM_plinko_0002/img.jpg,assets/fillers/lh_hh_trNM_plinko_0002/recording.mp4,lh_hh_trNM_plinko_0002,goal_4,True,NA,62a96f8f6ab7e0c3ce90095f,68ffc55371128ff03ff45265,6900cb29a012ffbe7a8f14ee,4,False,5,False
8,7860,2,assets/targets/hh_hl_unlink_plinko_0269/img.jpg,assets/targets/hh_hl_unlink_plinko_0269/recording.mp4,hh_hl_unlink_plinko_0269,goal_3,False,maybe,62a96f8f6ab7e0c3ce90095f,68ffc55371128ff03ff45265,6900cb29a012ffbe7a8f14ee,3,False,5,False
9,3192,3,assets/fillers/lh_ll_unlink_plinko_0011/img.jpg,assets/fillers/lh_ll_unlink_plinko_0011/recording.mp4,lh_ll_unlink_plinko_0011,goal_3,True,NA,62a96f8f6ab7e0c3ce90095f,68ffc55371128ff03ff45265,6900cb29a012ffbe7a8f14ee,3,False,10,True
10,4039,0,assets/targets/lh_hh_plinko_0000/img.jpg,assets/targets/lh_hh_plinko_0000/recording.mp4,lh_hh_plinko_0000,goal_0,False,NA,62a96f8f6ab7e0c3ce90095f,68ffc55371128ff03ff45265,6900cb29a012ffbe7a8f14ee,0,False,10,True
11,4052,3,assets/targets/lh_ll_unlink_plinko_0000/img.jpg,assets/targets/lh_ll_unlink_plinko_0000/recording.mp4,lh_ll_unlink_plinko_0000,goal_3,False,maybe,62a96f8f6ab7e0c3ce90095f,68ffc55371128ff03ff45265,6900cb29a012ffbe7a8f14ee,3,False,10,True
12,4636,2,assets/targets/hh_hl_unlink_plinko_0393/img.jpg,assets/targets/hh_hl_unlink_plinko_0393/recording.mp4,hh_hl_unlink_plinko_0393,goal_2,False,maybe,62a96f8f6ab7e0c3ce90095f,68ffc55371128ff03ff45265,6900cb29a012ffbe7a8f14ee,2,False,10,True
13,3673,1,assets/targets/lh_ll_unlink_plinko_0001/img.jpg,assets/targets/lh_ll_unlink_plinko_0001/recording.mp4,lh_ll_unlink_plinko_0001,goal_1,False,NA,62a96f8f6ab7e0c3ce90095f,68ffc55371128ff03ff45265,6900cb29a012ffbe7a8f14ee,1,False,10,True
14,4369,4,assets/targets/lh_hh_plinko_0003/img.jpg,assets/targets/lh_hh_plinko_0003/recording.mp4,lh_hh_plinko_0003,goal_4,False,NA,62a96f8f6ab7e0c3ce90095f,68ffc55371128ff03ff45265,6900cb29a012ffbe7a8f14ee,4,False,10,True
15,3922,3,assets/fillers/lh_ll_unlink_plinko_0009/img.jpg,assets/fillers/lh_ll_unlink_plinko_0009/recording.mp4,lh_ll_unlink_plinko_0009,goal_3,True,NA,62a96f8f6ab7e0c3ce90095f,68ffc55371128ff03ff45265,6900cb29a012ffbe7a8f14ee,3,False,10,True
16,8896,3,assets/fillers/lh_hh_plinko_0002/img.jpg,assets/fillers/lh_hh_plinko_0002/recording.mp4,lh_hh_plinko_0002,goal_3,True,NA,62a96f8f6ab7e0c3ce90095f,68ffc55371128ff03ff45265,6900cb29a012ffbe7a8f14ee,3,False,10,True
17,2716,1,assets/targets/lh_ll_unlink_plinko_0002/img.jpg,assets/targets/lh_ll_unlink_plinko_0002/recording.mp4,lh_ll_unlink_plinko_0002,goal_1,False,NA,62a96f8f6ab7e0c3ce90095f,68ffc55371128ff03ff45265,6900cb29a012ffbe7a8f14ee,1,False,10,True
18,2270,2,assets/targets/lh_hh_trNM_plinko_0001/img.jpg,assets/targets/lh_hh_trNM_plinko_0001/recording.mp4,lh_hh_trNM_plinko_0001,goal_2,False,NA,62a96f8f6ab7e0c3ce90095f,68ffc55371128ff03ff45265,6900cb29a012ffbe7a8f14ee,2,False,10,True
19,5377,2,assets/targets/hh_hl_unlink_plinko_0246/img.jpg,assets/targets/hh_hl_unlink_plinko_0246/recording.mp4,hh_hl_unlink_plinko_0246,goal_2,False,maybe,62a96f8f6ab7e0c3ce90095f,68ffc55371128ff03ff45265,6900cb29a012ffbe7a8f14ee,2,False,10,True
20,2066,4,assets/targets/lh_hh_trNM_plinko_0002/img.jpg,assets/targets/lh_hh_trNM_plinko_0002/recording.mp4,lh_hh_trNM_plinko_0002,goal_4,False,definite,62a96f8f6ab7e0c3ce90095f,68ffc55371128ff03ff45265,6900cb29a012ffbe7a8f14ee,4,False,10,True
21,5672,4,assets/targets/hh_hl_unlink_plinko_0240/img.jpg,assets/targets/hh_hl_unlink_plinko_0240/recording.mp4,hh_hl_unlink_plinko_0240,goal_0,False,maybe,62a96f8f6ab7e0c3ce90095f,68ffc55371128ff03ff45265,6900cb29a012ffbe7a8f14ee,0,False,0,False
22,2509,0,assets/targets/lh_hh_trNM_plinko_0000/img.jpg,assets/targets/lh_hh_trNM_plinko_0000/recording.mp4,lh_hh_trNM_plinko_0000,goal_0,False,definite,62a96f8f6ab7e0c3ce90095f,68ffc55371128ff03ff45265,6900cb29a012ffbe7a8f14ee,0,False,10,True
23,2266,3,assets/targets/lh_hh_plinko_0001/img.jpg,assets/targets/lh_hh_plinko_0001/recording.mp4,lh_hh_plinko_0001,goal_3,False,NA,62a96f8f6ab7e0c3ce90095f,68ffc55371128ff03ff45265,6900cb29a012ffbe7a8f14ee,3,False,10,True
24,2215,2,assets/fillers/catch/img.jpg,assets/fillers/catch/recording.mp4,catch,goal_2,True,NA,62a96f8f6ab7e0c3ce90095f,68ffc55371128ff03ff45265,6900cb29a012ffbe7a8f14ee,2,False,10,True
0,6080,4,assets/fillers/lh_hh_trNM_plinko_0001/img.jpg,assets/fillers/lh_hh_trNM_plinko_0001/recording.mp4,lh_hh_trNM_plinko_0001,goal_4,True,NA,5dd0dce9ed7ea418f59810e4,68ffc55371128ff03ff45265,6900caa641520678fb172e9b,4,False,10,True
1,4850,3,assets/fillers/lh_ll_unlink_plinko_0009/img.jpg,assets/fillers/lh_ll_unlink_plinko_0009/recording.mp4,lh_ll_unlink_plinko_0009,goal_3,True,NA,5dd0dce9ed7ea418f59810e4,68ffc55371128ff03ff45265,6900caa641520678fb172e9b,3,False,10,True
2,7493,3,assets/fillers/lh_ll_unlink_plinko_0011/img.jpg,assets/fillers/lh_ll_unlink_plinko_0011/recording.mp4,lh_ll_unlink_plinko_0011,goal_3,True,NA,5dd0dce9ed7ea418f59810e4,68ffc55371128ff03ff45265,6900caa641520678fb172e9b,3,False,10,True
3,4772,4,assets/targets/hh_hl_unlink_plinko_0240/img.jpg,assets/targets/hh_hl_unlink_plinko_0240/recording.mp4,hh_hl_unlink_plinko_0240,goal_0,False,maybe,5dd0dce9ed7ea418f59810e4,68ffc55371128ff03ff45265,6900caa641520678fb172e9b,0,False,0,False
4,11707,0,assets/targets/hh_hl_unlink_plinko_0393/img.jpg,assets/targets/hh_hl_unlink_plinko_0393/recording.mp4,hh_hl_unlink_plinko_0393,goal_2,False,maybe,5dd0dce9ed7ea418f59810e4,68ffc55371128ff03ff45265,6900caa641520678fb172e9b,2,False,0,False
5,5690,4,assets/targets/lh_hh_plinko_0003/img.jpg,assets/targets/lh_hh_plinko_0003/recording.mp4,lh_hh_plinko_0003,goal_4,False,NA,5dd0dce9ed7ea418f59810e4,68ffc55371128ff03ff45265,6900caa641520678fb172e9b,4,False,10,True
6,8929,2,assets/targets/lh_hh_trNM_plinko_0001/img.jpg,assets/targets/lh_hh_trNM_plinko_0001/recording.mp4,lh_hh_trNM_plinko_0001,goal_2,False,NA,5dd0dce9ed7ea418f59810e4,68ffc55371128ff03ff45265,6900caa641520678fb172e9b,2,False,10,True
7,11857,4,assets/fillers/lh_hh_plinko_0000/img.jpg,assets/fillers/lh_hh_plinko_0000/recording.mp4,lh_hh_plinko_0000,goal_4,True,maybe,5dd0dce9ed7ea418f59810e4,68ffc55371128ff03ff45265,6900caa641520678fb172e9b,4,False,10,True
8,4326,0,assets/targets/lh_hh_plinko_0000/img.jpg,assets/targets/lh_hh_plinko_0000/recording.mp4,lh_hh_plinko_0000,goal_0,False,NA,5dd0dce9ed7ea418f59810e4,68ffc55371128ff03ff45265,6900caa641520678fb172e9b,0,False,10,True
9,9509,3,assets/targets/hh_hl_unlink_plinko_0202/img.jpg,assets/targets/hh_hl_unlink_plinko_0202/recording.mp4,hh_hl_unlink_plinko_0202,goal_0,False,maybe,5dd0dce9ed7ea418f59810e4,68ffc55371128ff03ff45265,6900caa641520678fb172e9b,0,False,0,False
10,4900,1,assets/fillers/lh_ll_unlink_plinko_0021/img.jpg,assets/fillers/lh_ll_unlink_plinko_0021/recording.mp4,lh_ll_unlink_plinko_0021,goal_1,True,definite,5dd0dce9ed7ea418f59810e4,68ffc55371128ff03ff45265,6900caa641520678fb172e9b,1,False,10,True
11,5022,3,assets/fillers/lh_hh_trNM_plinko_0002/img.jpg,assets/fillers/lh_hh_trNM_plinko_0002/recording.mp4,lh_hh_trNM_plinko_0002,goal_4,True,NA,5dd0dce9ed7ea418f59810e4,68ffc55371128ff03ff45265,6900caa641520678fb172e9b,4,False,5,False
12,10945,3,assets/targets/hh_hl_unlink_plinko_0269/img.jpg,assets/targets/hh_hl_unlink_plinko_0269/recording.mp4,hh_hl_unlink_plinko_0269,goal_3,False,maybe,5dd0dce9ed7ea418f59810e4,68ffc55371128ff03ff45265,6900caa641520678fb172e9b,3,False,10,True
13,4479,3,assets/fillers/lh_hh_plinko_0002/img.jpg,assets/fillers/lh_hh_plinko_0002/recording.mp4,lh_hh_plinko_0002,goal_3,True,NA,5dd0dce9ed7ea418f59810e4,68ffc55371128ff03ff45265,6900caa641520678fb172e9b,3,False,10,True
14,7300,1,assets/fillers/lh_hh_plinko_0001/img.jpg,assets/fillers/lh_hh_plinko_0001/recording.mp4,lh_hh_plinko_0001,goal_0,True,maybe,5dd0dce9ed7ea418f59810e4,68ffc55371128ff03ff45265,6900caa641520678fb172e9b,0,False,5,False
15,3806,3,assets/fillers/lh_ll_unlink_plinko_0017/img.jpg,assets/fillers/lh_ll_unlink_plinko_0017/recording.mp4,lh_ll_unlink_plinko_0017,goal_3,True,NA,5dd0dce9ed7ea418f59810e4,68ffc55371128ff03ff45265,6900caa641520678fb172e9b,3,False,10,True
16,4906,1,assets/targets/lh_ll_unlink_plinko_0002/img.jpg,assets/targets/lh_ll_unlink_plinko_0002/recording.mp4,lh_ll_unlink_plinko_0002,goal_1,False,NA,5dd0dce9ed7ea418f59810e4,68ffc55371128ff03ff45265,6900caa641520678fb172e9b,1,False,10,True
17,3574,3,assets/targets/lh_hh_plinko_0001/img.jpg,assets/targets/lh_hh_plinko_0001/recording.mp4,lh_hh_plinko_0001,goal_3,False,NA,5dd0dce9ed7ea418f59810e4,68ffc55371128ff03ff45265,6900caa641520678fb172e9b,3,False,10,True
18,2703,3,assets/targets/lh_ll_unlink_plinko_0000/img.jpg,assets/targets/lh_ll_unlink_plinko_0000/recording.mp4,lh_ll_unlink_plinko_0000,goal_3,False,maybe,5dd0dce9ed7ea418f59810e4,68ffc55371128ff03ff45265,6900caa641520678fb172e9b,3,False,10,True
19,2308,4,assets/targets/lh_hh_trNM_plinko_0002/img.jpg,assets/targets/lh_hh_trNM_plinko_0002/recording.mp4,lh_hh_trNM_plinko_0002,goal_4,False,definite,5dd0dce9ed7ea418f59810e4,68ffc55371128ff03ff45265,6900caa641520678fb172e9b,4,False,10,True
20,6370,1,assets/targets/lh_ll_unlink_plinko_0001/img.jpg,assets/targets/lh_ll_unlink_plinko_0001/recording.mp4,lh_ll_unlink_plinko_0001,goal_1,False,NA,5dd0dce9ed7ea418f59810e4,68ffc55371128ff03ff45265,6900caa641520678fb172e9b,1,False,10,True
21,2403,2,assets/fillers/catch/img.jpg,assets/fillers/catch/recording.mp4,catch,goal_2,True,NA,5dd0dce9ed7ea418f59810e4,68ffc55371128ff03ff45265,6900caa641520678fb172e9b,2,False,10,True
22,7364,3,assets/targets/hh_hl_unlink_plinko_0246/img.jpg,assets/targets/hh_hl_unlink_plinko_0246/recording.mp4,hh_hl_unlink_plinko_0246,goal_2,False,maybe,5dd0dce9ed7ea418f59810e4,68ffc55371128ff03ff45265,6900caa641520678fb172e9b,2,False,5,False
23,3040,0,assets/targets/lh_hh_trNM_plinko_0000/img.jpg,assets/targets/lh_hh_trNM_plinko_0000/recording.mp4,lh_hh_trNM_plinko_0000,goal_0,False,definite,5dd0dce9ed7ea418f59810e4,68ffc55371128ff03ff45265,6900caa641520678fb172e9b,0,False,10,True
24,4320,2,assets/targets/lh_hh_plinko_0002/img.jpg,assets/targets/lh_hh_plinko_0002/recording.mp4,lh_hh_plinko_0002,goal_2,False,definite,5dd0dce9ed7ea418f59810e4,68ffc55371128ff03ff45265,6900caa641520678fb172e9b,2,False,10,True
0,8725,3,assets/fillers/lh_hh_trNM_plinko_0002/img.jpg,assets/fillers/lh_hh_trNM_plinko_0002/recording.mp4,lh_hh_trNM_plinko_0002,goal_4,True,NA,5b3e2334cdb4ce0001d93c51,68ffc55371128ff03ff45265,6900cab143a6e4f814152437,4,False,5,False
1,3633,3,assets/fillers/lh_ll_unlink_plinko_0017/img.jpg,assets/fillers/lh_ll_unlink_plinko_0017/recording.mp4,lh_ll_unlink_plinko_0017,goal_3,True,NA,5b3e2334cdb4ce0001d93c51,68ffc55371128ff03ff45265,6900cab143a6e4f814152437,3,False,10,True
2,2313,2,assets/fillers/catch/img.jpg,assets/fillers/catch/recording.mp4,catch,goal_2,True,NA,5b3e2334cdb4ce0001d93c51,68ffc55371128ff03ff45265,6900cab143a6e4f814152437,2,False,10,True
3,4257,4,assets/targets/hh_hl_unlink_plinko_0393/img.jpg,assets/targets/hh_hl_unlink_plinko_0393/recording.mp4,hh_hl_unlink_plinko_0393,goal_2,False,maybe,5b3e2334cdb4ce0001d93c51,68ffc55371128ff03ff45265,6900cab143a6e4f814152437,2,False,0,False
4,4535,2,assets/fillers/lh_ll_unlink_plinko_0011/img.jpg,assets/fillers/lh_ll_unlink_plinko_0011/recording.mp4,lh_ll_unlink_plinko_0011,goal_3,True,NA,5b3e2334cdb4ce0001d93c51,68ffc55371128ff03ff45265,6900cab143a6e4f814152437,3,False,5,False
5,5753,1,assets/fillers/lh_hh_plinko_0001/img.jpg,assets/fillers/lh_hh_plinko_0001/recording.mp4,lh_hh_plinko_0001,goal_0,True,maybe,5b3e2334cdb4ce0001d93c51,68ffc55371128ff03ff45265,6900cab143a6e4f814152437,0,False,5,False
6,12065,0,assets/targets/hh_hl_unlink_plinko_0269/img.jpg,assets/targets/hh_hl_unlink_plinko_0269/recording.mp4,hh_hl_unlink_plinko_0269,goal_3,False,maybe,5b3e2334cdb4ce0001d93c51,68ffc55371128ff03ff45265,6900cab143a6e4f814152437,3,False,0,False
7,3771,2,assets/targets/lh_hh_plinko_0002/img.jpg,assets/targets/lh_hh_plinko_0002/recording.mp4,lh_hh_plinko_0002,goal_2,False,definite,5b3e2334cdb4ce0001d93c51,68ffc55371128ff03ff45265,6900cab143a6e4f814152437,2,False,10,True
8,10429,1,assets/targets/lh_ll_unlink_plinko_0002/img.jpg,assets/targets/lh_ll_unlink_plinko_0002/recording.mp4,lh_ll_unlink_plinko_0002,goal_1,False,NA,5b3e2334cdb4ce0001d93c51,68ffc55371128ff03ff45265,6900cab143a6e4f814152437,1,False,10,True
9,5369,3,assets/targets/hh_hl_unlink_plinko_0246/img.jpg,assets/targets/hh_hl_unlink_plinko_0246/recording.mp4,hh_hl_unlink_plinko_0246,goal_2,False,maybe,5b3e2334cdb4ce0001d93c51,68ffc55371128ff03ff45265,6900cab143a6e4f814152437,2,False,5,False
10,2507,4,assets/targets/lh_hh_plinko_0003/img.jpg,assets/targets/lh_hh_plinko_0003/recording.mp4,lh_hh_plinko_0003,goal_4,False,NA,5b3e2334cdb4ce0001d93c51,68ffc55371128ff03ff45265,6900cab143a6e4f814152437,4,False,10,True
11,4095,1,assets/fillers/lh_ll_unlink_plinko_0021/img.jpg,assets/fillers/lh_ll_unlink_plinko_0021/recording.mp4,lh_ll_unlink_plinko_0021,goal_1,True,definite,5b3e2334cdb4ce0001d93c51,68ffc55371128ff03ff45265,6900cab143a6e4f814152437,1,False,10,True
12,11660,1,assets/targets/hh_hl_unlink_plinko_0240/img.jpg,assets/targets/hh_hl_unlink_plinko_0240/recording.mp4,hh_hl_unlink_plinko_0240,goal_0,False,maybe,5b3e2334cdb4ce0001d93c51,68ffc55371128ff03ff45265,6900cab143a6e4f814152437,0,False,5,False
13,2490,4,assets/targets/lh_hh_trNM_plinko_0002/img.jpg,assets/targets/lh_hh_trNM_plinko_0002/recording.mp4,lh_hh_trNM_plinko_0002,goal_4,False,definite,5b3e2334cdb4ce0001d93c51,68ffc55371128ff03ff45265,6900cab143a6e4f814152437,4,False,10,True
14,2891,0,assets/targets/lh_hh_plinko_0000/img.jpg,assets/targets/lh_hh_plinko_0000/recording.mp4,lh_hh_plinko_0000,goal_0,False,NA,5b3e2334cdb4ce0001d93c51,68ffc55371128ff03ff45265,6900cab143a6e4f814152437,0,False,10,True
15,3763,3,assets/fillers/lh_hh_plinko_0002/img.jpg,assets/fillers/lh_hh_plinko_0002/recording.mp4,lh_hh_plinko_0002,goal_3,True,NA,5b3e2334cdb4ce0001d93c51,68ffc55371128ff03ff45265,6900cab143a6e4f814152437,3,False,10,True
16,2575,0,assets/targets/lh_hh_trNM_plinko_0000/img.jpg,assets/targets/lh_hh_trNM_plinko_0000/recording.mp4,lh_hh_trNM_plinko_0000,goal_0,False,definite,5b3e2334cdb4ce0001d93c51,68ffc55371128ff03ff45265,6900cab143a6e4f814152437,0,False,10,True
17,8823,0,assets/targets/hh_hl_unlink_plinko_0202/img.jpg,assets/targets/hh_hl_unlink_plinko_0202/recording.mp4,hh_hl_unlink_plinko_0202,goal_0,False,maybe,5b3e2334cdb4ce0001d93c51,68ffc55371128ff03ff45265,6900cab143a6e4f814152437,0,False,10,True
18,2799,3,assets/targets/lh_hh_plinko_0001/img.jpg,assets/targets/lh_hh_plinko_0001/recording.mp4,lh_hh_plinko_0001,goal_3,False,NA,5b3e2334cdb4ce0001d93c51,68ffc55371128ff03ff45265,6900cab143a6e4f814152437,3,False,10,True
19,5407,3,assets/fillers/lh_ll_unlink_plinko_0009/img.jpg,assets/fillers/lh_ll_unlink_plinko_0009/recording.mp4,lh_ll_unlink_plinko_0009,goal_3,True,NA,5b3e2334cdb4ce0001d93c51,68ffc55371128ff03ff45265,6900cab143a6e4f814152437,3,False,10,True
20,2359,1,assets/targets/lh_ll_unlink_plinko_0001/img.jpg,assets/targets/lh_ll_unlink_plinko_0001/recording.mp4,lh_ll_unlink_plinko_0001,goal_1,False,NA,5b3e2334cdb4ce0001d93c51,68ffc55371128ff03ff45265,6900cab143a6e4f814152437,1,False,10,True
21,2837,2,assets/targets/lh_hh_trNM_plinko_0001/img.jpg,assets/targets/lh_hh_trNM_plinko_0001/recording.mp4,lh_hh_trNM_plinko_0001,goal_2,False,NA,5b3e2334cdb4ce0001d93c51,68ffc55371128ff03ff45265,6900cab143a6e4f814152437,2,False,10,True
22,2567,3,assets/targets/lh_ll_unlink_plinko_0000/img.jpg,assets/targets/lh_ll_unlink_plinko_0000/recording.mp4,lh_ll_unlink_plinko_0000,goal_3,False,maybe,5b3e2334cdb4ce0001d93c51,68ffc55371128ff03ff45265,6900cab143a6e4f814152437,3,False,10,True
23,3639,4,assets/fillers/lh_hh_plinko_0000/img.jpg,assets/fillers/lh_hh_plinko_0000/recording.mp4,lh_hh_plinko_0000,goal_4,True,maybe,5b3e2334cdb4ce0001d93c51,68ffc55371128ff03ff45265,6900cab143a6e4f814152437,4,False,10,True
24,2937,4,assets/fillers/lh_hh_trNM_plinko_0001/img.jpg,assets/fillers/lh_hh_trNM_plinko_0001/recording.mp4,lh_hh_trNM_plinko_0001,goal_4,True,NA,5b3e2334cdb4ce0001d93c51,68ffc55371128ff03ff45265,6900cab143a6e4f814152437,4,False,10,True
0,7856,2,assets/fillers/catch/img.jpg,assets/fillers/catch/recording.mp4,catch,goal_2,True,NA,617323e630f3fa36361cb35b,68ffc55371128ff03ff45265,6900cb2ecfb312dbe170bde9,2,False,10,True
1,19364,1,assets/fillers/lh_ll_unlink_plinko_0009/img.jpg,assets/fillers/lh_ll_unlink_plinko_0009/recording.mp4,lh_ll_unlink_plinko_0009,goal_3,True,NA,617323e630f3fa36361cb35b,68ffc55371128ff03ff45265,6900cb2ecfb312dbe170bde9,3,False,0,False
2,9821,3,assets/fillers/lh_ll_unlink_plinko_0017/img.jpg,assets/fillers/lh_ll_unlink_plinko_0017/recording.mp4,lh_ll_unlink_plinko_0017,goal_3,True,NA,617323e630f3fa36361cb35b,68ffc55371128ff03ff45265,6900cb2ecfb312dbe170bde9,3,False,10,True
3,10430,2,assets/targets/lh_hh_plinko_0003/img.jpg,assets/targets/lh_hh_plinko_0003/recording.mp4,lh_hh_plinko_0003,goal_4,False,NA,617323e630f3fa36361cb35b,68ffc55371128ff03ff45265,6900cb2ecfb312dbe170bde9,4,False,0,False
4,6224,1,assets/targets/lh_ll_unlink_plinko_0001/img.jpg,assets/targets/lh_ll_unlink_plinko_0001/recording.mp4,lh_ll_unlink_plinko_0001,goal_1,False,NA,617323e630f3fa36361cb35b,68ffc55371128ff03ff45265,6900cb2ecfb312dbe170bde9,1,False,10,True
5,5909,2,assets/targets/lh_hh_trNM_plinko_0001/img.jpg,assets/targets/lh_hh_trNM_plinko_0001/recording.mp4,lh_hh_trNM_plinko_0001,goal_2,False,NA,617323e630f3fa36361cb35b,68ffc55371128ff03ff45265,6900cb2ecfb312dbe170bde9,2,False,10,True
6,17310,1,assets/fillers/lh_ll_unlink_plinko_0011/img.jpg,assets/fillers/lh_ll_unlink_plinko_0011/recording.mp4,lh_ll_unlink_plinko_0011,goal_3,True,NA,617323e630f3fa36361cb35b,68ffc55371128ff03ff45265,6900cb2ecfb312dbe170bde9,3,False,0,False
7,7999,3,assets/fillers/lh_hh_plinko_0002/img.jpg,assets/fillers/lh_hh_plinko_0002/recording.mp4,lh_hh_plinko_0002,goal_3,True,NA,617323e630f3fa36361cb35b,68ffc55371128ff03ff45265,6900cb2ecfb312dbe170bde9,3,False,10,True
8,4303,0,assets/targets/lh_hh_plinko_0000/img.jpg,assets/targets/lh_hh_plinko_0000/recording.mp4,lh_hh_plinko_0000,goal_0,False,NA,617323e630f3fa36361cb35b,68ffc55371128ff03ff45265,6900cb2ecfb312dbe170bde9,0,False,10,True
9,6903,1,assets/targets/hh_hl_unlink_plinko_0202/img.jpg,assets/targets/hh_hl_unlink_plinko_0202/recording.mp4,hh_hl_unlink_plinko_0202,goal_0,False,maybe,617323e630f3fa36361cb35b,68ffc55371128ff03ff45265,6900cb2ecfb312dbe170bde9,0,False,5,False
10,4823,3,assets/targets/lh_hh_plinko_0001/img.jpg,assets/targets/lh_hh_plinko_0001/recording.mp4,lh_hh_plinko_0001,goal_3,False,NA,617323e630f3fa36361cb35b,68ffc55371128ff03ff45265,6900cb2ecfb312dbe170bde9,3,False,10,True
11,14345,1,assets/targets/hh_hl_unlink_plinko_0240/img.jpg,assets/targets/hh_hl_unlink_plinko_0240/recording.mp4,hh_hl_unlink_plinko_0240,goal_0,False,maybe,617323e630f3fa36361cb35b,68ffc55371128ff03ff45265,6900cb2ecfb312dbe170bde9,0,False,5,False
12,9480,2,assets/targets/hh_hl_unlink_plinko_0393/img.jpg,assets/targets/hh_hl_unlink_plinko_0393/recording.mp4,hh_hl_unlink_plinko_0393,goal_2,False,maybe,617323e630f3fa36361cb35b,68ffc55371128ff03ff45265,6900cb2ecfb312dbe170bde9,2,False,10,True
13,5329,4,assets/fillers/lh_hh_trNM_plinko_0001/img.jpg,assets/fillers/lh_hh_trNM_plinko_0001/recording.mp4,lh_hh_trNM_plinko_0001,goal_4,True,NA,617323e630f3fa36361cb35b,68ffc55371128ff03ff45265,6900cb2ecfb312dbe170bde9,4,False,10,True
14,4785,4,assets/targets/lh_hh_trNM_plinko_0002/img.jpg,assets/targets/lh_hh_trNM_plinko_0002/recording.mp4,lh_hh_trNM_plinko_0002,goal_4,False,definite,617323e630f3fa36361cb35b,68ffc55371128ff03ff45265,6900cb2ecfb312dbe170bde9,4,False,10,True
15,2505,1,assets/targets/lh_ll_unlink_plinko_0002/img.jpg,assets/targets/lh_ll_unlink_plinko_0002/recording.mp4,lh_ll_unlink_plinko_0002,goal_1,False,NA,617323e630f3fa36361cb35b,68ffc55371128ff03ff45265,6900cb2ecfb312dbe170bde9,1,False,10,True
16,7581,2,assets/targets/hh_hl_unlink_plinko_0246/img.jpg,assets/targets/hh_hl_unlink_plinko_0246/recording.mp4,hh_hl_unlink_plinko_0246,goal_2,False,maybe,617323e630f3fa36361cb35b,68ffc55371128ff03ff45265,6900cb2ecfb312dbe170bde9,2,False,10,True
17,3779,3,assets/fillers/lh_hh_trNM_plinko_0002/img.jpg,assets/fillers/lh_hh_trNM_plinko_0002/recording.mp4,lh_hh_trNM_plinko_0002,goal_4,True,NA,617323e630f3fa36361cb35b,68ffc55371128ff03ff45265,6900cb2ecfb312dbe170bde9,4,False,5,False
18,6011,2,assets/targets/lh_hh_plinko_0002/img.jpg,assets/targets/lh_hh_plinko_0002/recording.mp4,lh_hh_plinko_0002,goal_2,False,definite,617323e630f3fa36361cb35b,68ffc55371128ff03ff45265,6900cb2ecfb312dbe170bde9,2,False,10,True
19,2964,3,assets/targets/lh_ll_unlink_plinko_0000/img.jpg,assets/targets/lh_ll_unlink_plinko_0000/recording.mp4,lh_ll_unlink_plinko_0000,goal_3,False,maybe,617323e630f3fa36361cb35b,68ffc55371128ff03ff45265,6900cb2ecfb312dbe170bde9,3,False,10,True
20,3440,0,assets/targets/lh_hh_trNM_plinko_0000/img.jpg,assets/targets/lh_hh_trNM_plinko_0000/recording.mp4,lh_hh_trNM_plinko_0000,goal_0,False,definite,617323e630f3fa36361cb35b,68ffc55371128ff03ff45265,6900cb2ecfb312dbe170bde9,0,False,10,True
21,3024,1,assets/fillers/lh_ll_unlink_plinko_0021/img.jpg,assets/fillers/lh_ll_unlink_plinko_0021/recording.mp4,lh_ll_unlink_plinko_0021,goal_1,True,definite,617323e630f3fa36361cb35b,68ffc55371128ff03ff45265,6900cb2ecfb312dbe170bde9,1,False,10,True
22,5786,4,assets/fillers/lh_hh_plinko_0001/img.jpg,assets/fillers/lh_hh_plinko_0001/recording.mp4,lh_hh_plinko_0001,goal_0,True,maybe,617323e630f3fa36361cb35b,68ffc55371128ff03ff45265,6900cb2ecfb312dbe170bde9,0,False,0,False
23,6865,4,assets/fillers/lh_hh_plinko_0000/img.jpg,assets/fillers/lh_hh_plinko_0000/recording.mp4,lh_hh_plinko_0000,goal_4,True,maybe,617323e630f3fa36361cb35b,68ffc55371128ff03ff45265,6900cb2ecfb312dbe170bde9,4,False,10,True
24,7017,3,assets/targets/hh_hl_unlink_plinko_0269/img.jpg,assets/targets/hh_hl_unlink_plinko_0269/recording.mp4,hh_hl_unlink_plinko_0269,goal_3,False,maybe,617323e630f3fa36361cb35b,68ffc55371128ff03ff45265,6900cb2ecfb312dbe170bde9,3,False,10,True
0,2795,3,assets/fillers/lh_hh_plinko_0000/img.jpg,assets/fillers/lh_hh_plinko_0000/recording.mp4,lh_hh_plinko_0000,goal_4,True,maybe,5cfc7489e289a80016b6e29f,68ffc55371128ff03ff45265,6900cba881ff7f8686c463e0,4,False,5,False
1,4794,3,assets/fillers/lh_ll_unlink_plinko_0017/img.jpg,assets/fillers/lh_ll_unlink_plinko_0017/recording.mp4,lh_ll_unlink_plinko_0017,goal_3,True,NA,5cfc7489e289a80016b6e29f,68ffc55371128ff03ff45265,6900cba881ff7f8686c463e0,3,False,10,True
2,3260,1,assets/fillers/lh_hh_plinko_0001/img.jpg,assets/fillers/lh_hh_plinko_0001/recording.mp4,lh_hh_plinko_0001,goal_0,True,maybe,5cfc7489e289a80016b6e29f,68ffc55371128ff03ff45265,6900cba881ff7f8686c463e0,0,False,5,False
3,8370,3,assets/fillers/lh_ll_unlink_plinko_0009/img.jpg,assets/fillers/lh_ll_unlink_plinko_0009/recording.mp4,lh_ll_unlink_plinko_0009,goal_3,True,NA,5cfc7489e289a80016b6e29f,68ffc55371128ff03ff45265,6900cba881ff7f8686c463e0,3,False,10,True
4,2810,2,assets/targets/lh_hh_trNM_plinko_0001/img.jpg,assets/targets/lh_hh_trNM_plinko_0001/recording.mp4,lh_hh_trNM_plinko_0001,goal_2,False,NA,5cfc7489e289a80016b6e29f,68ffc55371128ff03ff45265,6900cba881ff7f8686c463e0,2,False,10,True
5,2691,4,assets/targets/lh_hh_trNM_plinko_0002/img.jpg,assets/targets/lh_hh_trNM_plinko_0002/recording.mp4,lh_hh_trNM_plinko_0002,goal_4,False,definite,5cfc7489e289a80016b6e29f,68ffc55371128ff03ff45265,6900cba881ff7f8686c463e0,4,False,10,True
6,3260,1,assets/targets/lh_ll_unlink_plinko_0002/img.jpg,assets/targets/lh_ll_unlink_plinko_0002/recording.mp4,lh_ll_unlink_plinko_0002,goal_1,False,NA,5cfc7489e289a80016b6e29f,68ffc55371128ff03ff45265,6900cba881ff7f8686c463e0,1,False,10,True
7,2952,0,assets/targets/lh_hh_trNM_plinko_0000/img.jpg,assets/targets/lh_hh_trNM_plinko_0000/recording.mp4,lh_hh_trNM_plinko_0000,goal_0,False,definite,5cfc7489e289a80016b6e29f,68ffc55371128ff03ff45265,6900cba881ff7f8686c463e0,0,False,10,True
8,3569,2,assets/targets/hh_hl_unlink_plinko_0393/img.jpg,assets/targets/hh_hl_unlink_plinko_0393/recording.mp4,hh_hl_unlink_plinko_0393,goal_2,False,maybe,5cfc7489e289a80016b6e29f,68ffc55371128ff03ff45265,6900cba881ff7f8686c463e0,2,False,10,True
9,2502,1,assets/targets/lh_ll_unlink_plinko_0001/img.jpg,assets/targets/lh_ll_unlink_plinko_0001/recording.mp4,lh_ll_unlink_plinko_0001,goal_1,False,NA,5cfc7489e289a80016b6e29f,68ffc55371128ff03ff45265,6900cba881ff7f8686c463e0,1,False,10,True
10,3501,4,assets/targets/lh_hh_plinko_0003/img.jpg,assets/targets/lh_hh_plinko_0003/recording.mp4,lh_hh_plinko_0003,goal_4,False,NA,5cfc7489e289a80016b6e29f,68ffc55371128ff03ff45265,6900cba881ff7f8686c463e0,4,False,10,True
11,3539,3,assets/targets/lh_ll_unlink_plinko_0000/img.jpg,assets/targets/lh_ll_unlink_plinko_0000/recording.mp4,lh_ll_unlink_plinko_0000,goal_3,False,maybe,5cfc7489e289a80016b6e29f,68ffc55371128ff03ff45265,6900cba881ff7f8686c463e0,3,False,10,True
12,1838,3,assets/targets/lh_hh_plinko_0001/img.jpg,assets/targets/lh_hh_plinko_0001/recording.mp4,lh_hh_plinko_0001,goal_3,False,NA,5cfc7489e289a80016b6e29f,68ffc55371128ff03ff45265,6900cba881ff7f8686c463e0,3,False,10,True
13,2842,2,assets/fillers/catch/img.jpg,assets/fillers/catch/recording.mp4,catch,goal_2,True,NA,5cfc7489e289a80016b6e29f,68ffc55371128ff03ff45265,6900cba881ff7f8686c463e0,2,False,10,True
14,4895,0,assets/targets/hh_hl_unlink_plinko_0240/img.jpg,assets/targets/hh_hl_unlink_plinko_0240/recording.mp4,hh_hl_unlink_plinko_0240,goal_0,False,maybe,5cfc7489e289a80016b6e29f,68ffc55371128ff03ff45265,6900cba881ff7f8686c463e0,0,False,10,True
15,4254,0,assets/targets/hh_hl_unlink_plinko_0246/img.jpg,assets/targets/hh_hl_unlink_plinko_0246/recording.mp4,hh_hl_unlink_plinko_0246,goal_2,False,maybe,5cfc7489e289a80016b6e29f,68ffc55371128ff03ff45265,6900cba881ff7f8686c463e0,2,False,0,False
16,3220,1,assets/fillers/lh_ll_unlink_plinko_0021/img.jpg,assets/fillers/lh_ll_unlink_plinko_0021/recording.mp4,lh_ll_unlink_plinko_0021,goal_1,True,definite,5cfc7489e289a80016b6e29f,68ffc55371128ff03ff45265,6900cba881ff7f8686c463e0,1,False,10,True
17,3503,3,assets/fillers/lh_ll_unlink_plinko_0011/img.jpg,assets/fillers/lh_ll_unlink_plinko_0011/recording.mp4,lh_ll_unlink_plinko_0011,goal_3,True,NA,5cfc7489e289a80016b6e29f,68ffc55371128ff03ff45265,6900cba881ff7f8686c463e0,3,False,10,True
18,8932,2,assets/targets/hh_hl_unlink_plinko_0202/img.jpg,assets/targets/hh_hl_unlink_plinko_0202/recording.mp4,hh_hl_unlink_plinko_0202,goal_0,False,maybe,5cfc7489e289a80016b6e29f,68ffc55371128ff03ff45265,6900cba881ff7f8686c463e0,0,False,0,False
19,3044,3,assets/fillers/lh_hh_trNM_plinko_0002/img.jpg,assets/fillers/lh_hh_trNM_plinko_0002/recording.mp4,lh_hh_trNM_plinko_0002,goal_4,True,NA,5cfc7489e289a80016b6e29f,68ffc55371128ff03ff45265,6900cba881ff7f8686c463e0,4,False,5,False
20,6169,4,assets/targets/lh_hh_plinko_0002/img.jpg,assets/targets/lh_hh_plinko_0002/recording.mp4,lh_hh_plinko_0002,goal_2,False,definite,5cfc7489e289a80016b6e29f,68ffc55371128ff03ff45265,6900cba881ff7f8686c463e0,2,False,0,False
21,4469,3,assets/targets/hh_hl_unlink_plinko_0269/img.jpg,assets/targets/hh_hl_unlink_plinko_0269/recording.mp4,hh_hl_unlink_plinko_0269,goal_3,False,maybe,5cfc7489e289a80016b6e29f,68ffc55371128ff03ff45265,6900cba881ff7f8686c463e0,3,False,10,True
22,2221,4,assets/fillers/lh_hh_trNM_plinko_0001/img.jpg,assets/fillers/lh_hh_trNM_plinko_0001/recording.mp4,lh_hh_trNM_plinko_0001,goal_4,True,NA,5cfc7489e289a80016b6e29f,68ffc55371128ff03ff45265,6900cba881ff7f8686c463e0,4,False,10,True
23,3202,0,assets/targets/lh_hh_plinko_0000/img.jpg,assets/targets/lh_hh_plinko_0000/recording.mp4,lh_hh_plinko_0000,goal_0,False,NA,5cfc7489e289a80016b6e29f,68ffc55371128ff03ff45265,6900cba881ff7f8686c463e0,0,False,10,True
24,5987,3,assets/fillers/lh_hh_plinko_0002/img.jpg,assets/fillers/lh_hh_plinko_0002/recording.mp4,lh_hh_plinko_0002,goal_3,True,NA,5cfc7489e289a80016b6e29f,68ffc55371128ff03ff45265,6900cba881ff7f8686c463e0,3,False,10,True
0,2273,2,assets/fillers/catch/img.jpg,assets/fillers/catch/recording.mp4,catch,goal_2,True,NA,6708079d21a0f618b83716b0,68ffc55371128ff03ff45265,6900cb2da381d5037070bdc3,2,False,10,True
1,5391,3,assets/fillers/lh_ll_unlink_plinko_0009/img.jpg,assets/fillers/lh_ll_unlink_plinko_0009/recording.mp4,lh_ll_unlink_plinko_0009,goal_3,True,NA,6708079d21a0f618b83716b0,68ffc55371128ff03ff45265,6900cb2da381d5037070bdc3,3,False,10,True
2,3713,1,assets/fillers/lh_hh_plinko_0001/img.jpg,assets/fillers/lh_hh_plinko_0001/recording.mp4,lh_hh_plinko_0001,goal_0,True,maybe,6708079d21a0f618b83716b0,68ffc55371128ff03ff45265,6900cb2da381d5037070bdc3,0,False,5,False
3,2795,1,assets/targets/lh_ll_unlink_plinko_0002/img.jpg,assets/targets/lh_ll_unlink_plinko_0002/recording.mp4,lh_ll_unlink_plinko_0002,goal_1,False,NA,6708079d21a0f618b83716b0,68ffc55371128ff03ff45265,6900cb2da381d5037070bdc3,1,False,10,True
4,4551,1,assets/targets/lh_ll_unlink_plinko_0001/img.jpg,assets/targets/lh_ll_unlink_plinko_0001/recording.mp4,lh_ll_unlink_plinko_0001,goal_1,False,NA,6708079d21a0f618b83716b0,68ffc55371128ff03ff45265,6900cb2da381d5037070bdc3,1,False,10,True
5,5942,0,assets/targets/lh_hh_plinko_0000/img.jpg,assets/targets/lh_hh_plinko_0000/recording.mp4,lh_hh_plinko_0000,goal_0,False,NA,6708079d21a0f618b83716b0,68ffc55371128ff03ff45265,6900cb2da381d5037070bdc3,0,False,10,True
6,4379,3,assets/fillers/lh_ll_unlink_plinko_0017/img.jpg,assets/fillers/lh_ll_unlink_plinko_0017/recording.mp4,lh_ll_unlink_plinko_0017,goal_3,True,NA,6708079d21a0f618b83716b0,68ffc55371128ff03ff45265,6900cb2da381d5037070bdc3,3,False,10,True
7,5546,3,assets/fillers/lh_ll_unlink_plinko_0011/img.jpg,assets/fillers/lh_ll_unlink_plinko_0011/recording.mp4,lh_ll_unlink_plinko_0011,goal_3,True,NA,6708079d21a0f618b83716b0,68ffc55371128ff03ff45265,6900cb2da381d5037070bdc3,3,False,10,True
8,3784,2,assets/targets/lh_hh_trNM_plinko_0001/img.jpg,assets/targets/lh_hh_trNM_plinko_0001/recording.mp4,lh_hh_trNM_plinko_0001,goal_2,False,NA,6708079d21a0f618b83716b0,68ffc55371128ff03ff45265,6900cb2da381d5037070bdc3,2,False,10,True
9,5169,3,assets/fillers/lh_hh_trNM_plinko_0002/img.jpg,assets/fillers/lh_hh_trNM_plinko_0002/recording.mp4,lh_hh_trNM_plinko_0002,goal_4,True,NA,6708079d21a0f618b83716b0,68ffc55371128ff03ff45265,6900cb2da381d5037070bdc3,4,False,5,False
10,4902,3,assets/targets/hh_hl_unlink_plinko_0269/img.jpg,assets/targets/hh_hl_unlink_plinko_0269/recording.mp4,hh_hl_unlink_plinko_0269,goal_3,False,maybe,6708079d21a0f618b83716b0,68ffc55371128ff03ff45265,6900cb2da381d5037070bdc3,3,False,10,True
11,5274,3,assets/fillers/lh_hh_plinko_0002/img.jpg,assets/fillers/lh_hh_plinko_0002/recording.mp4,lh_hh_plinko_0002,goal_3,True,NA,6708079d21a0f618b83716b0,68ffc55371128ff03ff45265,6900cb2da381d5037070bdc3,3,False,10,True
12,3475,4,assets/targets/hh_hl_unlink_plinko_0240/img.jpg,assets/targets/hh_hl_unlink_plinko_0240/recording.mp4,hh_hl_unlink_plinko_0240,goal_0,False,maybe,6708079d21a0f618b83716b0,68ffc55371128ff03ff45265,6900cb2da381d5037070bdc3,0,False,0,False
13,9075,1,assets/targets/hh_hl_unlink_plinko_0202/img.jpg,assets/targets/hh_hl_unlink_plinko_0202/recording.mp4,hh_hl_unlink_plinko_0202,goal_0,False,maybe,6708079d21a0f618b83716b0,68ffc55371128ff03ff45265,6900cb2da381d5037070bdc3,0,False,5,False
14,5179,0,assets/targets/hh_hl_unlink_plinko_0246/img.jpg,assets/targets/hh_hl_unlink_plinko_0246/recording.mp4,hh_hl_unlink_plinko_0246,goal_2,False,maybe,6708079d21a0f618b83716b0,68ffc55371128ff03ff45265,6900cb2da381d5037070bdc3,2,False,0,False
15,2828,1,assets/fillers/lh_ll_unlink_plinko_0021/img.jpg,assets/fillers/lh_ll_unlink_plinko_0021/recording.mp4,lh_ll_unlink_plinko_0021,goal_1,True,definite,6708079d21a0f618b83716b0,68ffc55371128ff03ff45265,6900cb2da381d5037070bdc3,1,False,10,True
16,3283,2,assets/targets/hh_hl_unlink_plinko_0393/img.jpg,assets/targets/hh_hl_unlink_plinko_0393/recording.mp4,hh_hl_unlink_plinko_0393,goal_2,False,maybe,6708079d21a0f618b83716b0,68ffc55371128ff03ff45265,6900cb2da381d5037070bdc3,2,False,10,True
17,3388,4,assets/fillers/lh_hh_trNM_plinko_0001/img.jpg,assets/fillers/lh_hh_trNM_plinko_0001/recording.mp4,lh_hh_trNM_plinko_0001,goal_4,True,NA,6708079d21a0f618b83716b0,68ffc55371128ff03ff45265,6900cb2da381d5037070bdc3,4,False,10,True
18,3448,4,assets/targets/lh_hh_plinko_0003/img.jpg,assets/targets/lh_hh_plinko_0003/recording.mp4,lh_hh_plinko_0003,goal_4,False,NA,6708079d21a0f618b83716b0,68ffc55371128ff03ff45265,6900cb2da381d5037070bdc3,4,False,10,True
19,2510,3,assets/targets/lh_hh_plinko_0001/img.jpg,assets/targets/lh_hh_plinko_0001/recording.mp4,lh_hh_plinko_0001,goal_3,False,NA,6708079d21a0f618b83716b0,68ffc55371128ff03ff45265,6900cb2da381d5037070bdc3,3,False,10,True
20,4439,4,assets/fillers/lh_hh_plinko_0000/img.jpg,assets/fillers/lh_hh_plinko_0000/recording.mp4,lh_hh_plinko_0000,goal_4,True,maybe,6708079d21a0f618b83716b0,68ffc55371128ff03ff45265,6900cb2da381d5037070bdc3,4,False,10,True
21,4745,4,assets/targets/lh_hh_trNM_plinko_0002/img.jpg,assets/targets/lh_hh_trNM_plinko_0002/recording.mp4,lh_hh_trNM_plinko_0002,goal_4,False,definite,6708079d21a0f618b83716b0,68ffc55371128ff03ff45265,6900cb2da381d5037070bdc3,4,False,10,True
22,3120,3,assets/targets/lh_ll_unlink_plinko_0000/img.jpg,assets/targets/lh_ll_unlink_plinko_0000/recording.mp4,lh_ll_unlink_plinko_0000,goal_3,False,maybe,6708079d21a0f618b83716b0,68ffc55371128ff03ff45265,6900cb2da381d5037070bdc3,3,False,10,True
23,2794,2,assets/targets/lh_hh_plinko_0002/img.jpg,assets/targets/lh_hh_plinko_0002/recording.mp4,lh_hh_plinko_0002,goal_2,False,definite,6708079d21a0f618b83716b0,68ffc55371128ff03ff45265,6900cb2da381d5037070bdc3,2,False,10,True
24,3063,0,assets/targets/lh_hh_trNM_plinko_0000/img.jpg,assets/targets/lh_hh_trNM_plinko_0000/recording.mp4,lh_hh_trNM_plinko_0000,goal_0,False,definite,6708079d21a0f618b83716b0,68ffc55371128ff03ff45265,6900cb2da381d5037070bdc3,0,False,10,True
0,4037,1,assets/fillers/lh_hh_plinko_0001/img.jpg,assets/fillers/lh_hh_plinko_0001/recording.mp4,lh_hh_plinko_0001,goal_0,True,maybe,66746db831e815ded8e9eaf3,68ffc55371128ff03ff45265,6900cba85d5dc842cb0e20d0,0,False,5,False
1,4754,3,assets/fillers/lh_ll_unlink_plinko_0017/img.jpg,assets/fillers/lh_ll_unlink_plinko_0017/recording.mp4,lh_ll_unlink_plinko_0017,goal_3,True,NA,66746db831e815ded8e9eaf3,68ffc55371128ff03ff45265,6900cba85d5dc842cb0e20d0,3,False,10,True
2,6143,3,assets/fillers/lh_ll_unlink_plinko_0009/img.jpg,assets/fillers/lh_ll_unlink_plinko_0009/recording.mp4,lh_ll_unlink_plinko_0009,goal_3,True,NA,66746db831e815ded8e9eaf3,68ffc55371128ff03ff45265,6900cba85d5dc842cb0e20d0,3,False,10,True
3,5428,4,assets/targets/hh_hl_unlink_plinko_0240/img.jpg,assets/targets/hh_hl_unlink_plinko_0240/recording.mp4,hh_hl_unlink_plinko_0240,goal_0,False,maybe,66746db831e815ded8e9eaf3,68ffc55371128ff03ff45265,6900cba85d5dc842cb0e20d0,0,False,0,False
4,3126,4,assets/targets/lh_hh_trNM_plinko_0002/img.jpg,assets/targets/lh_hh_trNM_plinko_0002/recording.mp4,lh_hh_trNM_plinko_0002,goal_4,False,definite,66746db831e815ded8e9eaf3,68ffc55371128ff03ff45265,6900cba85d5dc842cb0e20d0,4,False,10,True
5,6496,3,assets/targets/lh_hh_plinko_0001/img.jpg,assets/targets/lh_hh_plinko_0001/recording.mp4,lh_hh_plinko_0001,goal_3,False,NA,66746db831e815ded8e9eaf3,68ffc55371128ff03ff45265,6900cba85d5dc842cb0e20d0,3,False,10,True
6,5645,4,assets/targets/lh_hh_plinko_0003/img.jpg,assets/targets/lh_hh_plinko_0003/recording.mp4,lh_hh_plinko_0003,goal_4,False,NA,66746db831e815ded8e9eaf3,68ffc55371128ff03ff45265,6900cba85d5dc842cb0e20d0,4,False,10,True
7,7297,3,assets/fillers/lh_hh_trNM_plinko_0001/img.jpg,assets/fillers/lh_hh_trNM_plinko_0001/recording.mp4,lh_hh_trNM_plinko_0001,goal_4,True,NA,66746db831e815ded8e9eaf3,68ffc55371128ff03ff45265,6900cba85d5dc842cb0e20d0,4,False,5,False
8,4818,0,assets/targets/hh_hl_unlink_plinko_0393/img.jpg,assets/targets/hh_hl_unlink_plinko_0393/recording.mp4,hh_hl_unlink_plinko_0393,goal_2,False,maybe,66746db831e815ded8e9eaf3,68ffc55371128ff03ff45265,6900cba85d5dc842cb0e20d0,2,False,0,False
9,4625,3,assets/fillers/lh_hh_trNM_plinko_0002/img.jpg,assets/fillers/lh_hh_trNM_plinko_0002/recording.mp4,lh_hh_trNM_plinko_0002,goal_4,True,NA,66746db831e815ded8e9eaf3,68ffc55371128ff03ff45265,6900cba85d5dc842cb0e20d0,4,False,5,False
10,3809,2,assets/targets/lh_hh_trNM_plinko_0001/img.jpg,assets/targets/lh_hh_trNM_plinko_0001/recording.mp4,lh_hh_trNM_plinko_0001,goal_2,False,NA,66746db831e815ded8e9eaf3,68ffc55371128ff03ff45265,6900cba85d5dc842cb0e20d0,2,False,10,True
11,2928,0,assets/targets/hh_hl_unlink_plinko_0202/img.jpg,assets/targets/hh_hl_unlink_plinko_0202/recording.mp4,hh_hl_unlink_plinko_0202,goal_0,False,maybe,66746db831e815ded8e9eaf3,68ffc55371128ff03ff45265,6900cba85d5dc842cb0e20d0,0,False,10,True
12,3302,1,assets/fillers/lh_ll_unlink_plinko_0021/img.jpg,assets/fillers/lh_ll_unlink_plinko_0021/recording.mp4,lh_ll_unlink_plinko_0021,goal_1,True,definite,66746db831e815ded8e9eaf3,68ffc55371128ff03ff45265,6900cba85d5dc842cb0e20d0,1,False,10,True
13,4367,3,assets/fillers/lh_ll_unlink_plinko_0011/img.jpg,assets/fillers/lh_ll_unlink_plinko_0011/recording.mp4,lh_ll_unlink_plinko_0011,goal_3,True,NA,66746db831e815ded8e9eaf3,68ffc55371128ff03ff45265,6900cba85d5dc842cb0e20d0,3,False,10,True
14,4405,0,assets/targets/hh_hl_unlink_plinko_0269/img.jpg,assets/targets/hh_hl_unlink_plinko_0269/recording.mp4,hh_hl_unlink_plinko_0269,goal_3,False,maybe,66746db831e815ded8e9eaf3,68ffc55371128ff03ff45265,6900cba85d5dc842cb0e20d0,3,False,0,False
15,3856,4,assets/fillers/lh_hh_plinko_0000/img.jpg,assets/fillers/lh_hh_plinko_0000/recording.mp4,lh_hh_plinko_0000,goal_4,True,maybe,66746db831e815ded8e9eaf3,68ffc55371128ff03ff45265,6900cba85d5dc842cb0e20d0,4,False,10,True
16,3347,0,assets/targets/lh_hh_trNM_plinko_0000/img.jpg,assets/targets/lh_hh_trNM_plinko_0000/recording.mp4,lh_hh_trNM_plinko_0000,goal_0,False,definite,66746db831e815ded8e9eaf3,68ffc55371128ff03ff45265,6900cba85d5dc842cb0e20d0,0,False,10,True
17,3704,1,assets/targets/lh_ll_unlink_plinko_0001/img.jpg,assets/targets/lh_ll_unlink_plinko_0001/recording.mp4,lh_ll_unlink_plinko_0001,goal_1,False,NA,66746db831e815ded8e9eaf3,68ffc55371128ff03ff45265,6900cba85d5dc842cb0e20d0,1,False,10,True
18,3122,3,assets/targets/lh_ll_unlink_plinko_0000/img.jpg,assets/targets/lh_ll_unlink_plinko_0000/recording.mp4,lh_ll_unlink_plinko_0000,goal_3,False,maybe,66746db831e815ded8e9eaf3,68ffc55371128ff03ff45265,6900cba85d5dc842cb0e20d0,3,False,10,True
19,2809,2,assets/fillers/catch/img.jpg,assets/fillers/catch/recording.mp4,catch,goal_2,True,NA,66746db831e815ded8e9eaf3,68ffc55371128ff03ff45265,6900cba85d5dc842cb0e20d0,2,False,10,True
20,4382,1,assets/targets/lh_ll_unlink_plinko_0002/img.jpg,assets/targets/lh_ll_unlink_plinko_0002/recording.mp4,lh_ll_unlink_plinko_0002,goal_1,False,NA,66746db831e815ded8e9eaf3,68ffc55371128ff03ff45265,6900cba85d5dc842cb0e20d0,1,False,10,True
21,5031,3,assets/fillers/lh_hh_plinko_0002/img.jpg,assets/fillers/lh_hh_plinko_0002/recording.mp4,lh_hh_plinko_0002,goal_3,True,NA,66746db831e815ded8e9eaf3,68ffc55371128ff03ff45265,6900cba85d5dc842cb0e20d0,3,False,10,True
22,3393,0,assets/targets/lh_hh_plinko_0000/img.jpg,assets/targets/lh_hh_plinko_0000/recording.mp4,lh_hh_plinko_0000,goal_0,False,NA,66746db831e815ded8e9eaf3,68ffc55371128ff03ff45265,6900cba85d5dc842cb0e20d0,0,False,10,True
23,6490,3,assets/targets/hh_hl_unlink_plinko_0246/img.jpg,assets/targets/hh_hl_unlink_plinko_0246/recording.mp4,hh_hl_unlink_plinko_0246,goal_2,False,maybe,66746db831e815ded8e9eaf3,68ffc55371128ff03ff45265,6900cba85d5dc842cb0e20d0,2,False,5,False
24,4067,2,assets/targets/lh_hh_plinko_0002/img.jpg,assets/targets/lh_hh_plinko_0002/recording.mp4,lh_hh_plinko_0002,goal_2,False,definite,66746db831e815ded8e9eaf3,68ffc55371128ff03ff45265,6900cba85d5dc842cb0e20d0,2,False,10,True
0,3644,4,assets/fillers/lh_hh_trNM_plinko_0001/img.jpg,assets/fillers/lh_hh_trNM_plinko_0001/recording.mp4,lh_hh_trNM_plinko_0001,goal_4,True,NA,5b3b934edd6af000014d3152,68ffc55371128ff03ff45265,6900cb2ad2d0fe69e9b241bb,4,False,10,True
1,8813,3,assets/fillers/lh_ll_unlink_plinko_0009/img.jpg,assets/fillers/lh_ll_unlink_plinko_0009/recording.mp4,lh_ll_unlink_plinko_0009,goal_3,True,NA,5b3b934edd6af000014d3152,68ffc55371128ff03ff45265,6900cb2ad2d0fe69e9b241bb,3,False,10,True
2,7911,2,assets/fillers/lh_ll_unlink_plinko_0011/img.jpg,assets/fillers/lh_ll_unlink_plinko_0011/recording.mp4,lh_ll_unlink_plinko_0011,goal_3,True,NA,5b3b934edd6af000014d3152,68ffc55371128ff03ff45265,6900cb2ad2d0fe69e9b241bb,3,False,5,False
3,3958,3,assets/targets/hh_hl_unlink_plinko_0246/img.jpg,assets/targets/hh_hl_unlink_plinko_0246/recording.mp4,hh_hl_unlink_plinko_0246,goal_2,False,maybe,5b3b934edd6af000014d3152,68ffc55371128ff03ff45265,6900cb2ad2d0fe69e9b241bb,2,False,5,False
4,4412,3,assets/fillers/lh_hh_plinko_0000/img.jpg,assets/fillers/lh_hh_plinko_0000/recording.mp4,lh_hh_plinko_0000,goal_4,True,maybe,5b3b934edd6af000014d3152,68ffc55371128ff03ff45265,6900cb2ad2d0fe69e9b241bb,4,False,5,False
5,2795,3,assets/fillers/lh_ll_unlink_plinko_0017/img.jpg,assets/fillers/lh_ll_unlink_plinko_0017/recording.mp4,lh_ll_unlink_plinko_0017,goal_3,True,NA,5b3b934edd6af000014d3152,68ffc55371128ff03ff45265,6900cb2ad2d0fe69e9b241bb,3,False,10,True
6,4959,2,assets/fillers/catch/img.jpg,assets/fillers/catch/recording.mp4,catch,goal_2,True,NA,5b3b934edd6af000014d3152,68ffc55371128ff03ff45265,6900cb2ad2d0fe69e9b241bb,2,False,10,True
7,4974,4,assets/targets/hh_hl_unlink_plinko_0393/img.jpg,assets/targets/hh_hl_unlink_plinko_0393/recording.mp4,hh_hl_unlink_plinko_0393,goal_2,False,maybe,5b3b934edd6af000014d3152,68ffc55371128ff03ff45265,6900cb2ad2d0fe69e9b241bb,2,False,0,False
8,3922,3,assets/targets/lh_hh_plinko_0001/img.jpg,assets/targets/lh_hh_plinko_0001/recording.mp4,lh_hh_plinko_0001,goal_3,False,NA,5b3b934edd6af000014d3152,68ffc55371128ff03ff45265,6900cb2ad2d0fe69e9b241bb,3,False,10,True
9,4697,1,assets/targets/lh_ll_unlink_plinko_0001/img.jpg,assets/targets/lh_ll_unlink_plinko_0001/recording.mp4,lh_ll_unlink_plinko_0001,goal_1,False,NA,5b3b934edd6af000014d3152,68ffc55371128ff03ff45265,6900cb2ad2d0fe69e9b241bb,1,False,10,True
10,3122,1,assets/targets/lh_ll_unlink_plinko_0002/img.jpg,assets/targets/lh_ll_unlink_plinko_0002/recording.mp4,lh_ll_unlink_plinko_0002,goal_1,False,NA,5b3b934edd6af000014d3152,68ffc55371128ff03ff45265,6900cb2ad2d0fe69e9b241bb,1,False,10,True
11,3308,1,assets/fillers/lh_ll_unlink_plinko_0021/img.jpg,assets/fillers/lh_ll_unlink_plinko_0021/recording.mp4,lh_ll_unlink_plinko_0021,goal_1,True,definite,5b3b934edd6af000014d3152,68ffc55371128ff03ff45265,6900cb2ad2d0fe69e9b241bb,1,False,10,True
12,14782,2,assets/targets/hh_hl_unlink_plinko_0202/img.jpg,assets/targets/hh_hl_unlink_plinko_0202/recording.mp4,hh_hl_unlink_plinko_0202,goal_0,False,maybe,5b3b934edd6af000014d3152,68ffc55371128ff03ff45265,6900cb2ad2d0fe69e9b241bb,0,False,0,False
13,5007,2,assets/targets/lh_hh_trNM_plinko_0001/img.jpg,assets/targets/lh_hh_trNM_plinko_0001/recording.mp4,lh_hh_trNM_plinko_0001,goal_2,False,NA,5b3b934edd6af000014d3152,68ffc55371128ff03ff45265,6900cb2ad2d0fe69e9b241bb,2,False,10,True
14,8300,3,assets/targets/hh_hl_unlink_plinko_0269/img.jpg,assets/targets/hh_hl_unlink_plinko_0269/recording.mp4,hh_hl_unlink_plinko_0269,goal_3,False,maybe,5b3b934edd6af000014d3152,68ffc55371128ff03ff45265,6900cb2ad2d0fe69e9b241bb,3,False,10,True
15,3146,0,assets/targets/lh_hh_trNM_plinko_0000/img.jpg,assets/targets/lh_hh_trNM_plinko_0000/recording.mp4,lh_hh_trNM_plinko_0000,goal_0,False,definite,5b3b934edd6af000014d3152,68ffc55371128ff03ff45265,6900cb2ad2d0fe69e9b241bb,0,False,10,True
16,3866,0,assets/targets/lh_hh_plinko_0000/img.jpg,assets/targets/lh_hh_plinko_0000/recording.mp4,lh_hh_plinko_0000,goal_0,False,NA,5b3b934edd6af000014d3152,68ffc55371128ff03ff45265,6900cb2ad2d0fe69e9b241bb,0,False,10,True
17,3038,4,assets/targets/lh_hh_plinko_0003/img.jpg,assets/targets/lh_hh_plinko_0003/recording.mp4,lh_hh_plinko_0003,goal_4,False,NA,5b3b934edd6af000014d3152,68ffc55371128ff03ff45265,6900cb2ad2d0fe69e9b241bb,4,False,10,True
18,5513,3,assets/fillers/lh_hh_plinko_0002/img.jpg,assets/fillers/lh_hh_plinko_0002/recording.mp4,lh_hh_plinko_0002,goal_3,True,NA,5b3b934edd6af000014d3152,68ffc55371128ff03ff45265,6900cb2ad2d0fe69e9b241bb,3,False,10,True
19,4965,1,assets/fillers/lh_hh_plinko_0001/img.jpg,assets/fillers/lh_hh_plinko_0001/recording.mp4,lh_hh_plinko_0001,goal_0,True,maybe,5b3b934edd6af000014d3152,68ffc55371128ff03ff45265,6900cb2ad2d0fe69e9b241bb,0,False,5,False
20,4041,2,assets/targets/lh_hh_plinko_0002/img.jpg,assets/targets/lh_hh_plinko_0002/recording.mp4,lh_hh_plinko_0002,goal_2,False,definite,5b3b934edd6af000014d3152,68ffc55371128ff03ff45265,6900cb2ad2d0fe69e9b241bb,2,False,10,True
21,7270,3,assets/fillers/lh_hh_trNM_plinko_0002/img.jpg,assets/fillers/lh_hh_trNM_plinko_0002/recording.mp4,lh_hh_trNM_plinko_0002,goal_4,True,NA,5b3b934edd6af000014d3152,68ffc55371128ff03ff45265,6900cb2ad2d0fe69e9b241bb,4,False,5,False
22,2167,3,assets/targets/lh_ll_unlink_plinko_0000/img.jpg,assets/targets/lh_ll_unlink_plinko_0000/recording.mp4,lh_ll_unlink_plinko_0000,goal_3,False,maybe,5b3b934edd6af000014d3152,68ffc55371128ff03ff45265,6900cb2ad2d0fe69e9b241bb,3,False,10,True
23,2993,4,assets/targets/lh_hh_trNM_plinko_0002/img.jpg,assets/targets/lh_hh_trNM_plinko_0002/recording.mp4,lh_hh_trNM_plinko_0002,goal_4,False,definite,5b3b934edd6af000014d3152,68ffc55371128ff03ff45265,6900cb2ad2d0fe69e9b241bb,4,False,10,True
24,4154,4,assets/targets/hh_hl_unlink_plinko_0240/img.jpg,assets/targets/hh_hl_unlink_plinko_0240/recording.mp4,hh_hl_unlink_plinko_0240,goal_0,False,maybe,5b3b934edd6af000014d3152,68ffc55371128ff03ff45265,6900cb2ad2d0fe69e9b241bb,0,False,0,False
0,5353,3,assets/fillers/lh_hh_plinko_0002/img.jpg,assets/fillers/lh_hh_plinko_0002/recording.mp4,lh_hh_plinko_0002,goal_3,True,NA,6740c00ab3a14733dfd391b2,68ffc55371128ff03ff45265,6900cb2ad5e4c47e4746ef92,3,False,10,True
1,7752,4,assets/fillers/lh_hh_trNM_plinko_0001/img.jpg,assets/fillers/lh_hh_trNM_plinko_0001/recording.mp4,lh_hh_trNM_plinko_0001,goal_4,True,NA,6740c00ab3a14733dfd391b2,68ffc55371128ff03ff45265,6900cb2ad5e4c47e4746ef92,4,False,10,True
2,5005,1,assets/fillers/lh_hh_plinko_0001/img.jpg,assets/fillers/lh_hh_plinko_0001/recording.mp4,lh_hh_plinko_0001,goal_0,True,maybe,6740c00ab3a14733dfd391b2,68ffc55371128ff03ff45265,6900cb2ad5e4c47e4746ef92,0,False,5,False
3,8055,2,assets/targets/hh_hl_unlink_plinko_0246/img.jpg,assets/targets/hh_hl_unlink_plinko_0246/recording.mp4,hh_hl_unlink_plinko_0246,goal_2,False,maybe,6740c00ab3a14733dfd391b2,68ffc55371128ff03ff45265,6900cb2ad5e4c47e4746ef92,2,False,10,True
4,4475,2,assets/targets/hh_hl_unlink_plinko_0393/img.jpg,assets/targets/hh_hl_unlink_plinko_0393/recording.mp4,hh_hl_unlink_plinko_0393,goal_2,False,maybe,6740c00ab3a14733dfd391b2,68ffc55371128ff03ff45265,6900cb2ad5e4c47e4746ef92,2,False,10,True
5,5391,4,assets/targets/lh_hh_plinko_0003/img.jpg,assets/targets/lh_hh_plinko_0003/recording.mp4,lh_hh_plinko_0003,goal_4,False,NA,6740c00ab3a14733dfd391b2,68ffc55371128ff03ff45265,6900cb2ad5e4c47e4746ef92,4,False,10,True
6,4083,2,assets/targets/lh_hh_trNM_plinko_0001/img.jpg,assets/targets/lh_hh_trNM_plinko_0001/recording.mp4,lh_hh_trNM_plinko_0001,goal_2,False,NA,6740c00ab3a14733dfd391b2,68ffc55371128ff03ff45265,6900cb2ad5e4c47e4746ef92,2,False,10,True
7,2182,2,assets/fillers/catch/img.jpg,assets/fillers/catch/recording.mp4,catch,goal_2,True,NA,6740c00ab3a14733dfd391b2,68ffc55371128ff03ff45265,6900cb2ad5e4c47e4746ef92,2,False,10,True
8,5765,3,assets/fillers/lh_ll_unlink_plinko_0017/img.jpg,assets/fillers/lh_ll_unlink_plinko_0017/recording.mp4,lh_ll_unlink_plinko_0017,goal_3,True,NA,6740c00ab3a14733dfd391b2,68ffc55371128ff03ff45265,6900cb2ad5e4c47e4746ef92,3,False,10,True
9,9435,0,assets/targets/hh_hl_unlink_plinko_0269/img.jpg,assets/targets/hh_hl_unlink_plinko_0269/recording.mp4,hh_hl_unlink_plinko_0269,goal_3,False,maybe,6740c00ab3a14733dfd391b2,68ffc55371128ff03ff45265,6900cb2ad5e4c47e4746ef92,3,False,0,False
10,2965,4,assets/targets/lh_hh_trNM_plinko_0002/img.jpg,assets/targets/lh_hh_trNM_plinko_0002/recording.mp4,lh_hh_trNM_plinko_0002,goal_4,False,definite,6740c00ab3a14733dfd391b2,68ffc55371128ff03ff45265,6900cb2ad5e4c47e4746ef92,4,False,10,True
11,11261,1,assets/targets/lh_ll_unlink_plinko_0002/img.jpg,assets/targets/lh_ll_unlink_plinko_0002/recording.mp4,lh_ll_unlink_plinko_0002,goal_1,False,NA,6740c00ab3a14733dfd391b2,68ffc55371128ff03ff45265,6900cb2ad5e4c47e4746ef92,1,False,10,True
12,9381,0,assets/targets/lh_hh_plinko_0000/img.jpg,assets/targets/lh_hh_plinko_0000/recording.mp4,lh_hh_plinko_0000,goal_0,False,NA,6740c00ab3a14733dfd391b2,68ffc55371128ff03ff45265,6900cb2ad5e4c47e4746ef92,0,False,10,True
13,7379,3,assets/fillers/lh_ll_unlink_plinko_0011/img.jpg,assets/fillers/lh_ll_unlink_plinko_0011/recording.mp4,lh_ll_unlink_plinko_0011,goal_3,True,NA,6740c00ab3a14733dfd391b2,68ffc55371128ff03ff45265,6900cb2ad5e4c47e4746ef92,3,False,10,True
14,14509,4,assets/fillers/lh_hh_plinko_0000/img.jpg,assets/fillers/lh_hh_plinko_0000/recording.mp4,lh_hh_plinko_0000,goal_4,True,maybe,6740c00ab3a14733dfd391b2,68ffc55371128ff03ff45265,6900cb2ad5e4c47e4746ef92,4,False,10,True
15,4401,3,assets/fillers/lh_ll_unlink_plinko_0009/img.jpg,assets/fillers/lh_ll_unlink_plinko_0009/recording.mp4,lh_ll_unlink_plinko_0009,goal_3,True,NA,6740c00ab3a14733dfd391b2,68ffc55371128ff03ff45265,6900cb2ad5e4c47e4746ef92,3,False,10,True
16,3303,3,assets/fillers/lh_hh_trNM_plinko_0002/img.jpg,assets/fillers/lh_hh_trNM_plinko_0002/recording.mp4,lh_hh_trNM_plinko_0002,goal_4,True,NA,6740c00ab3a14733dfd391b2,68ffc55371128ff03ff45265,6900cb2ad5e4c47e4746ef92,4,False,5,False
17,4095,0,assets/targets/lh_hh_trNM_plinko_0000/img.jpg,assets/targets/lh_hh_trNM_plinko_0000/recording.mp4,lh_hh_trNM_plinko_0000,goal_0,False,definite,6740c00ab3a14733dfd391b2,68ffc55371128ff03ff45265,6900cb2ad5e4c47e4746ef92,0,False,10,True
18,2821,3,assets/targets/lh_ll_unlink_plinko_0000/img.jpg,assets/targets/lh_ll_unlink_plinko_0000/recording.mp4,lh_ll_unlink_plinko_0000,goal_3,False,maybe,6740c00ab3a14733dfd391b2,68ffc55371128ff03ff45265,6900cb2ad5e4c47e4746ef92,3,False,10,True
19,3155,3,assets/targets/lh_hh_plinko_0001/img.jpg,assets/targets/lh_hh_plinko_0001/recording.mp4,lh_hh_plinko_0001,goal_3,False,NA,6740c00ab3a14733dfd391b2,68ffc55371128ff03ff45265,6900cb2ad5e4c47e4746ef92,3,False,10,True
20,8507,3,assets/targets/hh_hl_unlink_plinko_0202/img.jpg,assets/targets/hh_hl_unlink_plinko_0202/recording.mp4,hh_hl_unlink_plinko_0202,goal_0,False,maybe,6740c00ab3a14733dfd391b2,68ffc55371128ff03ff45265,6900cb2ad5e4c47e4746ef92,0,False,0,False
21,3947,1,assets/targets/lh_ll_unlink_plinko_0001/img.jpg,assets/targets/lh_ll_unlink_plinko_0001/recording.mp4,lh_ll_unlink_plinko_0001,goal_1,False,NA,6740c00ab3a14733dfd391b2,68ffc55371128ff03ff45265,6900cb2ad5e4c47e4746ef92,1,False,10,True
22,3325,2,assets/targets/lh_hh_plinko_0002/img.jpg,assets/targets/lh_hh_plinko_0002/recording.mp4,lh_hh_plinko_0002,goal_2,False,definite,6740c00ab3a14733dfd391b2,68ffc55371128ff03ff45265,6900cb2ad5e4c47e4746ef92,2,False,10,True
23,7775,1,assets/targets/hh_hl_unlink_plinko_0240/img.jpg,assets/targets/hh_hl_unlink_plinko_0240/recording.mp4,hh_hl_unlink_plinko_0240,goal_0,False,maybe,6740c00ab3a14733dfd391b2,68ffc55371128ff03ff45265,6900cb2ad5e4c47e4746ef92,0,False,5,False
24,3359,1,assets/fillers/lh_ll_unlink_plinko_0021/img.jpg,assets/fillers/lh_ll_unlink_plinko_0021/recording.mp4,lh_ll_unlink_plinko_0021,goal_1,True,definite,6740c00ab3a14733dfd391b2,68ffc55371128ff03ff45265,6900cb2ad5e4c47e4746ef92,1,False,10,True
0,10619,2,assets/fillers/lh_ll_unlink_plinko_0011/img.jpg,assets/fillers/lh_ll_unlink_plinko_0011/recording.mp4,lh_ll_unlink_plinko_0011,goal_3,True,NA,671ab0904de8eb7273ae9d42,68ffc55371128ff03ff45265,6900caaba85ef063d837f708,3,False,5,False
1,7737,1,assets/fillers/lh_hh_plinko_0001/img.jpg,assets/fillers/lh_hh_plinko_0001/recording.mp4,lh_hh_plinko_0001,goal_0,True,maybe,671ab0904de8eb7273ae9d42,68ffc55371128ff03ff45265,6900caaba85ef063d837f708,0,False,5,False
2,4622,2,assets/fillers/lh_hh_plinko_0000/img.jpg,assets/fillers/lh_hh_plinko_0000/recording.mp4,lh_hh_plinko_0000,goal_4,True,maybe,671ab0904de8eb7273ae9d42,68ffc55371128ff03ff45265,6900caaba85ef063d837f708,4,False,0,False
3,8478,2,assets/targets/lh_hh_plinko_0003/img.jpg,assets/targets/lh_hh_plinko_0003/recording.mp4,lh_hh_plinko_0003,goal_4,False,NA,671ab0904de8eb7273ae9d42,68ffc55371128ff03ff45265,6900caaba85ef063d837f708,4,False,0,False
4,6647,1,assets/targets/lh_ll_unlink_plinko_0000/img.jpg,assets/targets/lh_ll_unlink_plinko_0000/recording.mp4,lh_ll_unlink_plinko_0000,goal_3,False,maybe,671ab0904de8eb7273ae9d42,68ffc55371128ff03ff45265,6900caaba85ef063d837f708,3,False,0,False
5,6039,1,assets/targets/lh_ll_unlink_plinko_0002/img.jpg,assets/targets/lh_ll_unlink_plinko_0002/recording.mp4,lh_ll_unlink_plinko_0002,goal_1,False,NA,671ab0904de8eb7273ae9d42,68ffc55371128ff03ff45265,6900caaba85ef063d837f708,1,False,10,True
6,7262,4,assets/targets/lh_hh_trNM_plinko_0002/img.jpg,assets/targets/lh_hh_trNM_plinko_0002/recording.mp4,lh_hh_trNM_plinko_0002,goal_4,False,definite,671ab0904de8eb7273ae9d42,68ffc55371128ff03ff45265,6900caaba85ef063d837f708,4,False,10,True
7,7558,1,assets/fillers/lh_ll_unlink_plinko_0021/img.jpg,assets/fillers/lh_ll_unlink_plinko_0021/recording.mp4,lh_ll_unlink_plinko_0021,goal_1,True,definite,671ab0904de8eb7273ae9d42,68ffc55371128ff03ff45265,6900caaba85ef063d837f708,1,False,10,True
8,20382,2,assets/fillers/catch/img.jpg,assets/fillers/catch/recording.mp4,catch,goal_2,True,NA,671ab0904de8eb7273ae9d42,68ffc55371128ff03ff45265,6900caaba85ef063d837f708,2,False,10,True
9,10926,1,assets/targets/lh_ll_unlink_plinko_0001/img.jpg,assets/targets/lh_ll_unlink_plinko_0001/recording.mp4,lh_ll_unlink_plinko_0001,goal_1,False,NA,671ab0904de8eb7273ae9d42,68ffc55371128ff03ff45265,6900caaba85ef063d837f708,1,False,10,True
10,7709,3,assets/targets/lh_hh_plinko_0001/img.jpg,assets/targets/lh_hh_plinko_0001/recording.mp4,lh_hh_plinko_0001,goal_3,False,NA,671ab0904de8eb7273ae9d42,68ffc55371128ff03ff45265,6900caaba85ef063d837f708,3,False,10,True
11,15678,3,assets/targets/hh_hl_unlink_plinko_0240/img.jpg,assets/targets/hh_hl_unlink_plinko_0240/recording.mp4,hh_hl_unlink_plinko_0240,goal_0,False,maybe,671ab0904de8eb7273ae9d42,68ffc55371128ff03ff45265,6900caaba85ef063d837f708,0,False,0,False
12,6831,2,assets/targets/lh_hh_trNM_plinko_0001/img.jpg,assets/targets/lh_hh_trNM_plinko_0001/recording.mp4,lh_hh_trNM_plinko_0001,goal_2,False,NA,671ab0904de8eb7273ae9d42,68ffc55371128ff03ff45265,6900caaba85ef063d837f708,2,False,10,True
13,7670,2,assets/targets/hh_hl_unlink_plinko_0202/img.jpg,assets/targets/hh_hl_unlink_plinko_0202/recording.mp4,hh_hl_unlink_plinko_0202,goal_0,False,maybe,671ab0904de8eb7273ae9d42,68ffc55371128ff03ff45265,6900caaba85ef063d837f708,0,False,0,False
14,7207,0,assets/targets/lh_hh_plinko_0000/img.jpg,assets/targets/lh_hh_plinko_0000/recording.mp4,lh_hh_plinko_0000,goal_0,False,NA,671ab0904de8eb7273ae9d42,68ffc55371128ff03ff45265,6900caaba85ef063d837f708,0,False,10,True
15,11518,2,assets/targets/hh_hl_unlink_plinko_0393/img.jpg,assets/targets/hh_hl_unlink_plinko_0393/recording.mp4,hh_hl_unlink_plinko_0393,goal_2,False,maybe,671ab0904de8eb7273ae9d42,68ffc55371128ff03ff45265,6900caaba85ef063d837f708,2,False,10,True
16,7805,2,assets/targets/lh_hh_plinko_0002/img.jpg,assets/targets/lh_hh_plinko_0002/recording.mp4,lh_hh_plinko_0002,goal_2,False,definite,671ab0904de8eb7273ae9d42,68ffc55371128ff03ff45265,6900caaba85ef063d837f708,2,False,10,True
17,5743,3,assets/targets/hh_hl_unlink_plinko_0246/img.jpg,assets/targets/hh_hl_unlink_plinko_0246/recording.mp4,hh_hl_unlink_plinko_0246,goal_2,False,maybe,671ab0904de8eb7273ae9d42,68ffc55371128ff03ff45265,6900caaba85ef063d837f708,2,False,5,False
18,5214,3,assets/targets/hh_hl_unlink_plinko_0269/img.jpg,assets/targets/hh_hl_unlink_plinko_0269/recording.mp4,hh_hl_unlink_plinko_0269,goal_3,False,maybe,671ab0904de8eb7273ae9d42,68ffc55371128ff03ff45265,6900caaba85ef063d837f708,3,False,10,True
19,7813,3,assets/fillers/lh_ll_unlink_plinko_0017/img.jpg,assets/fillers/lh_ll_unlink_plinko_0017/recording.mp4,lh_ll_unlink_plinko_0017,goal_3,True,NA,671ab0904de8eb7273ae9d42,68ffc55371128ff03ff45265,6900caaba85ef063d837f708,3,False,10,True
20,7230,1,assets/targets/lh_hh_trNM_plinko_0000/img.jpg,assets/targets/lh_hh_trNM_plinko_0000/recording.mp4,lh_hh_trNM_plinko_0000,goal_0,False,definite,671ab0904de8eb7273ae9d42,68ffc55371128ff03ff45265,6900caaba85ef063d837f708,0,False,5,False
21,5285,3,assets/fillers/lh_hh_trNM_plinko_0002/img.jpg,assets/fillers/lh_hh_trNM_plinko_0002/recording.mp4,lh_hh_trNM_plinko_0002,goal_4,True,NA,671ab0904de8eb7273ae9d42,68ffc55371128ff03ff45265,6900caaba85ef063d837f708,4,False,5,False
22,5422,3,assets/fillers/lh_ll_unlink_plinko_0009/img.jpg,assets/fillers/lh_ll_unlink_plinko_0009/recording.mp4,lh_ll_unlink_plinko_0009,goal_3,True,NA,671ab0904de8eb7273ae9d42,68ffc55371128ff03ff45265,6900caaba85ef063d837f708,3,False,10,True
23,14287,3,assets/fillers/lh_hh_plinko_0002/img.jpg,assets/fillers/lh_hh_plinko_0002/recording.mp4,lh_hh_plinko_0002,goal_3,True,NA,671ab0904de8eb7273ae9d42,68ffc55371128ff03ff45265,6900caaba85ef063d837f708,3,False,10,True
24,12209,3,assets/fillers/lh_hh_trNM_plinko_0001/img.jpg,assets/fillers/lh_hh_trNM_plinko_0001/recording.mp4,lh_hh_trNM_plinko_0001,goal_4,True,NA,671ab0904de8eb7273ae9d42,68ffc55371128ff03ff45265,6900caaba85ef063d837f708,4,False,5,False
0,16345,2,assets/fillers/lh_hh_trNM_plinko_0002/img.jpg,assets/fillers/lh_hh_trNM_plinko_0002/recording.mp4,lh_hh_trNM_plinko_0002,goal_4,True,NA,5e07a0898dffa00ff1aaf60f,68ffc55371128ff03ff45265,6900ca9ac927a619ee85b5ee,4,False,0,False
1,6941,2,assets/fillers/lh_ll_unlink_plinko_0011/img.jpg,assets/fillers/lh_ll_unlink_plinko_0011/recording.mp4,lh_ll_unlink_plinko_0011,goal_3,True,NA,5e07a0898dffa00ff1aaf60f,68ffc55371128ff03ff45265,6900ca9ac927a619ee85b5ee,3,False,5,False
2,5756,2,assets/fillers/catch/img.jpg,assets/fillers/catch/recording.mp4,catch,goal_2,True,NA,5e07a0898dffa00ff1aaf60f,68ffc55371128ff03ff45265,6900ca9ac927a619ee85b5ee,2,False,10,True
3,8455,0,assets/targets/hh_hl_unlink_plinko_0202/img.jpg,assets/targets/hh_hl_unlink_plinko_0202/recording.mp4,hh_hl_unlink_plinko_0202,goal_0,False,maybe,5e07a0898dffa00ff1aaf60f,68ffc55371128ff03ff45265,6900ca9ac927a619ee85b5ee,0,False,10,True
4,7900,2,assets/targets/lh_hh_trNM_plinko_0001/img.jpg,assets/targets/lh_hh_trNM_plinko_0001/recording.mp4,lh_hh_trNM_plinko_0001,goal_2,False,NA,5e07a0898dffa00ff1aaf60f,68ffc55371128ff03ff45265,6900ca9ac927a619ee85b5ee,2,False,10,True
5,7656,2,assets/targets/hh_hl_unlink_plinko_0393/img.jpg,assets/targets/hh_hl_unlink_plinko_0393/recording.mp4,hh_hl_unlink_plinko_0393,goal_2,False,maybe,5e07a0898dffa00ff1aaf60f,68ffc55371128ff03ff45265,6900ca9ac927a619ee85b5ee,2,False,10,True
6,6911,1,assets/fillers/lh_ll_unlink_plinko_0021/img.jpg,assets/fillers/lh_ll_unlink_plinko_0021/recording.mp4,lh_ll_unlink_plinko_0021,goal_1,True,definite,5e07a0898dffa00ff1aaf60f,68ffc55371128ff03ff45265,6900ca9ac927a619ee85b5ee,1,False,10,True
7,7183,1,assets/targets/lh_ll_unlink_plinko_0001/img.jpg,assets/targets/lh_ll_unlink_plinko_0001/recording.mp4,lh_ll_unlink_plinko_0001,goal_1,False,NA,5e07a0898dffa00ff1aaf60f,68ffc55371128ff03ff45265,6900ca9ac927a619ee85b5ee,1,False,10,True
8,15284,2,assets/fillers/lh_ll_unlink_plinko_0009/img.jpg,assets/fillers/lh_ll_unlink_plinko_0009/recording.mp4,lh_ll_unlink_plinko_0009,goal_3,True,NA,5e07a0898dffa00ff1aaf60f,68ffc55371128ff03ff45265,6900ca9ac927a619ee85b5ee,3,False,5,False
9,8877,3,assets/fillers/lh_hh_plinko_0002/img.jpg,assets/fillers/lh_hh_plinko_0002/recording.mp4,lh_hh_plinko_0002,goal_3,True,NA,5e07a0898dffa00ff1aaf60f,68ffc55371128ff03ff45265,6900ca9ac927a619ee85b5ee,3,False,10,True
10,8433,4,assets/targets/lh_hh_trNM_plinko_0002/img.jpg,assets/targets/lh_hh_trNM_plinko_0002/recording.mp4,lh_hh_trNM_plinko_0002,goal_4,False,definite,5e07a0898dffa00ff1aaf60f,68ffc55371128ff03ff45265,6900ca9ac927a619ee85b5ee,4,False,10,True
11,9167,1,assets/fillers/lh_hh_plinko_0001/img.jpg,assets/fillers/lh_hh_plinko_0001/recording.mp4,lh_hh_plinko_0001,goal_0,True,maybe,5e07a0898dffa00ff1aaf60f,68ffc55371128ff03ff45265,6900ca9ac927a619ee85b5ee,0,False,5,False
12,6330,0,assets/targets/lh_hh_trNM_plinko_0000/img.jpg,assets/targets/lh_hh_trNM_plinko_0000/recording.mp4,lh_hh_trNM_plinko_0000,goal_0,False,definite,5e07a0898dffa00ff1aaf60f,68ffc55371128ff03ff45265,6900ca9ac927a619ee85b5ee,0,False,10,True
13,9041,0,assets/targets/lh_hh_plinko_0000/img.jpg,assets/targets/lh_hh_plinko_0000/recording.mp4,lh_hh_plinko_0000,goal_0,False,NA,5e07a0898dffa00ff1aaf60f,68ffc55371128ff03ff45265,6900ca9ac927a619ee85b5ee,0,False,10,True
14,7124,4,assets/fillers/lh_hh_trNM_plinko_0001/img.jpg,assets/fillers/lh_hh_trNM_plinko_0001/recording.mp4,lh_hh_trNM_plinko_0001,goal_4,True,NA,5e07a0898dffa00ff1aaf60f,68ffc55371128ff03ff45265,6900ca9ac927a619ee85b5ee,4,False,10,True
15,7958,3,assets/fillers/lh_hh_plinko_0000/img.jpg,assets/fillers/lh_hh_plinko_0000/recording.mp4,lh_hh_plinko_0000,goal_4,True,maybe,5e07a0898dffa00ff1aaf60f,68ffc55371128ff03ff45265,6900ca9ac927a619ee85b5ee,4,False,5,False
16,7833,3,assets/targets/lh_hh_plinko_0001/img.jpg,assets/targets/lh_hh_plinko_0001/recording.mp4,lh_hh_plinko_0001,goal_3,False,NA,5e07a0898dffa00ff1aaf60f,68ffc55371128ff03ff45265,6900ca9ac927a619ee85b5ee,3,False,10,True
17,7136,3,assets/targets/lh_ll_unlink_plinko_0000/img.jpg,assets/targets/lh_ll_unlink_plinko_0000/recording.mp4,lh_ll_unlink_plinko_0000,goal_3,False,maybe,5e07a0898dffa00ff1aaf60f,68ffc55371128ff03ff45265,6900ca9ac927a619ee85b5ee,3,False,10,True
18,8291,3,assets/fillers/lh_ll_unlink_plinko_0017/img.jpg,assets/fillers/lh_ll_unlink_plinko_0017/recording.mp4,lh_ll_unlink_plinko_0017,goal_3,True,NA,5e07a0898dffa00ff1aaf60f,68ffc55371128ff03ff45265,6900ca9ac927a619ee85b5ee,3,False,10,True
19,5784,4,assets/targets/hh_hl_unlink_plinko_0240/img.jpg,assets/targets/hh_hl_unlink_plinko_0240/recording.mp4,hh_hl_unlink_plinko_0240,goal_0,False,maybe,5e07a0898dffa00ff1aaf60f,68ffc55371128ff03ff45265,6900ca9ac927a619ee85b5ee,0,False,0,False
20,8671,3,assets/targets/hh_hl_unlink_plinko_0269/img.jpg,assets/targets/hh_hl_unlink_plinko_0269/recording.mp4,hh_hl_unlink_plinko_0269,goal_3,False,maybe,5e07a0898dffa00ff1aaf60f,68ffc55371128ff03ff45265,6900ca9ac927a619ee85b5ee,3,False,10,True
21,5154,4,assets/targets/lh_hh_plinko_0003/img.jpg,assets/targets/lh_hh_plinko_0003/recording.mp4,lh_hh_plinko_0003,goal_4,False,NA,5e07a0898dffa00ff1aaf60f,68ffc55371128ff03ff45265,6900ca9ac927a619ee85b5ee,4,False,10,True
22,5411,1,assets/targets/lh_ll_unlink_plinko_0002/img.jpg,assets/targets/lh_ll_unlink_plinko_0002/recording.mp4,lh_ll_unlink_plinko_0002,goal_1,False,NA,5e07a0898dffa00ff1aaf60f,68ffc55371128ff03ff45265,6900ca9ac927a619ee85b5ee,1,False,10,True
23,9150,3,assets/targets/hh_hl_unlink_plinko_0246/img.jpg,assets/targets/hh_hl_unlink_plinko_0246/recording.mp4,hh_hl_unlink_plinko_0246,goal_2,False,maybe,5e07a0898dffa00ff1aaf60f,68ffc55371128ff03ff45265,6900ca9ac927a619ee85b5ee,2,False,5,False
24,8325,2,assets/targets/lh_hh_plinko_0002/img.jpg,assets/targets/lh_hh_plinko_0002/recording.mp4,lh_hh_plinko_0002,goal_2,False,definite,5e07a0898dffa00ff1aaf60f,68ffc55371128ff03ff45265,6900ca9ac927a619ee85b5ee,2,False,10,True
0,7449,4,assets/fillers/lh_hh_trNM_plinko_0001/img.jpg,assets/fillers/lh_hh_trNM_plinko_0001/recording.mp4,lh_hh_trNM_plinko_0001,goal_4,True,NA,631916c5e920aea5076777b0,68ffc55371128ff03ff45265,6900cab6344e34c731fef375,4,False,10,True
1,6894,3,assets/fillers/lh_ll_unlink_plinko_0011/img.jpg,assets/fillers/lh_ll_unlink_plinko_0011/recording.mp4,lh_ll_unlink_plinko_0011,goal_3,True,NA,631916c5e920aea5076777b0,68ffc55371128ff03ff45265,6900cab6344e34c731fef375,3,False,10,True
2,7687,3,assets/fillers/lh_hh_trNM_plinko_0002/img.jpg,assets/fillers/lh_hh_trNM_plinko_0002/recording.mp4,lh_hh_trNM_plinko_0002,goal_4,True,NA,631916c5e920aea5076777b0,68ffc55371128ff03ff45265,6900cab6344e34c731fef375,4,False,5,False
3,2574,2,assets/fillers/catch/img.jpg,assets/fillers/catch/recording.mp4,catch,goal_2,True,NA,631916c5e920aea5076777b0,68ffc55371128ff03ff45265,6900cab6344e34c731fef375,2,False,10,True
4,12942,4,assets/fillers/lh_hh_plinko_0000/img.jpg,assets/fillers/lh_hh_plinko_0000/recording.mp4,lh_hh_plinko_0000,goal_4,True,maybe,631916c5e920aea5076777b0,68ffc55371128ff03ff45265,6900cab6344e34c731fef375,4,False,10,True
5,5014,4,assets/targets/lh_hh_trNM_plinko_0002/img.jpg,assets/targets/lh_hh_trNM_plinko_0002/recording.mp4,lh_hh_trNM_plinko_0002,goal_4,False,definite,631916c5e920aea5076777b0,68ffc55371128ff03ff45265,6900cab6344e34c731fef375,4,False,10,True
6,13758,3,assets/targets/hh_hl_unlink_plinko_0269/img.jpg,assets/targets/hh_hl_unlink_plinko_0269/recording.mp4,hh_hl_unlink_plinko_0269,goal_3,False,maybe,631916c5e920aea5076777b0,68ffc55371128ff03ff45265,6900cab6344e34c731fef375,3,False,10,True
7,7942,2,assets/targets/lh_hh_plinko_0002/img.jpg,assets/targets/lh_hh_plinko_0002/recording.mp4,lh_hh_plinko_0002,goal_2,False,definite,631916c5e920aea5076777b0,68ffc55371128ff03ff45265,6900cab6344e34c731fef375,2,False,10,True
8,6927,1,assets/fillers/lh_ll_unlink_plinko_0021/img.jpg,assets/fillers/lh_ll_unlink_plinko_0021/recording.mp4,lh_ll_unlink_plinko_0021,goal_1,True,definite,631916c5e920aea5076777b0,68ffc55371128ff03ff45265,6900cab6344e34c731fef375,1,False,10,True
9,3823,0,assets/targets/lh_hh_trNM_plinko_0000/img.jpg,assets/targets/lh_hh_trNM_plinko_0000/recording.mp4,lh_hh_trNM_plinko_0000,goal_0,False,definite,631916c5e920aea5076777b0,68ffc55371128ff03ff45265,6900cab6344e34c731fef375,0,False,10,True
10,7294,1,assets/fillers/lh_hh_plinko_0001/img.jpg,assets/fillers/lh_hh_plinko_0001/recording.mp4,lh_hh_plinko_0001,goal_0,True,maybe,631916c5e920aea5076777b0,68ffc55371128ff03ff45265,6900cab6344e34c731fef375,0,False,5,False
11,3158,2,assets/targets/lh_hh_trNM_plinko_0001/img.jpg,assets/targets/lh_hh_trNM_plinko_0001/recording.mp4,lh_hh_trNM_plinko_0001,goal_2,False,NA,631916c5e920aea5076777b0,68ffc55371128ff03ff45265,6900cab6344e34c731fef375,2,False,10,True
12,6870,4,assets/targets/lh_hh_plinko_0003/img.jpg,assets/targets/lh_hh_plinko_0003/recording.mp4,lh_hh_plinko_0003,goal_4,False,NA,631916c5e920aea5076777b0,68ffc55371128ff03ff45265,6900cab6344e34c731fef375,4,False,10,True
13,4158,1,assets/targets/lh_ll_unlink_plinko_0002/img.jpg,assets/targets/lh_ll_unlink_plinko_0002/recording.mp4,lh_ll_unlink_plinko_0002,goal_1,False,NA,631916c5e920aea5076777b0,68ffc55371128ff03ff45265,6900cab6344e34c731fef375,1,False,10,True
14,16511,4,assets/targets/hh_hl_unlink_plinko_0240/img.jpg,assets/targets/hh_hl_unlink_plinko_0240/recording.mp4,hh_hl_unlink_plinko_0240,goal_0,False,maybe,631916c5e920aea5076777b0,68ffc55371128ff03ff45265,6900cab6344e34c731fef375,0,False,0,False
15,4984,4,assets/targets/hh_hl_unlink_plinko_0393/img.jpg,assets/targets/hh_hl_unlink_plinko_0393/recording.mp4,hh_hl_unlink_plinko_0393,goal_2,False,maybe,631916c5e920aea5076777b0,68ffc55371128ff03ff45265,6900cab6344e34c731fef375,2,False,0,False
16,3183,3,assets/targets/lh_ll_unlink_plinko_0000/img.jpg,assets/targets/lh_ll_unlink_plinko_0000/recording.mp4,lh_ll_unlink_plinko_0000,goal_3,False,maybe,631916c5e920aea5076777b0,68ffc55371128ff03ff45265,6900cab6344e34c731fef375,3,False,10,True
17,5694,1,assets/targets/lh_ll_unlink_plinko_0001/img.jpg,assets/targets/lh_ll_unlink_plinko_0001/recording.mp4,lh_ll_unlink_plinko_0001,goal_1,False,NA,631916c5e920aea5076777b0,68ffc55371128ff03ff45265,6900cab6344e34c731fef375,1,False,10,True
18,3094,3,assets/targets/lh_hh_plinko_0001/img.jpg,assets/targets/lh_hh_plinko_0001/recording.mp4,lh_hh_plinko_0001,goal_3,False,NA,631916c5e920aea5076777b0,68ffc55371128ff03ff45265,6900cab6344e34c731fef375,3,False,10,True
19,13623,0,assets/targets/hh_hl_unlink_plinko_0202/img.jpg,assets/targets/hh_hl_unlink_plinko_0202/recording.mp4,hh_hl_unlink_plinko_0202,goal_0,False,maybe,631916c5e920aea5076777b0,68ffc55371128ff03ff45265,6900cab6344e34c731fef375,0,False,10,True
20,11768,3,assets/targets/hh_hl_unlink_plinko_0246/img.jpg,assets/targets/hh_hl_unlink_plinko_0246/recording.mp4,hh_hl_unlink_plinko_0246,goal_2,False,maybe,631916c5e920aea5076777b0,68ffc55371128ff03ff45265,6900cab6344e34c731fef375,2,False,5,False
21,4679,0,assets/targets/lh_hh_plinko_0000/img.jpg,assets/targets/lh_hh_plinko_0000/recording.mp4,lh_hh_plinko_0000,goal_0,False,NA,631916c5e920aea5076777b0,68ffc55371128ff03ff45265,6900cab6344e34c731fef375,0,False,10,True
22,6047,0,assets/fillers/lh_hh_plinko_0002/img.jpg,assets/fillers/lh_hh_plinko_0002/recording.mp4,lh_hh_plinko_0002,goal_3,True,NA,631916c5e920aea5076777b0,68ffc55371128ff03ff45265,6900cab6344e34c731fef375,3,False,0,False
23,4351,3,assets/fillers/lh_ll_unlink_plinko_0017/img.jpg,assets/fillers/lh_ll_unlink_plinko_0017/recording.mp4,lh_ll_unlink_plinko_0017,goal_3,True,NA,631916c5e920aea5076777b0,68ffc55371128ff03ff45265,6900cab6344e34c731fef375,3,False,10,True
24,8414,3,assets/fillers/lh_ll_unlink_plinko_0009/img.jpg,assets/fillers/lh_ll_unlink_plinko_0009/recording.mp4,lh_ll_unlink_plinko_0009,goal_3,True,NA,631916c5e920aea5076777b0,68ffc55371128ff03ff45265,6900cab6344e34c731fef375,3,False,10,True
0,10805,1,assets/fillers/lh_ll_unlink_plinko_0017/img.jpg,assets/fillers/lh_ll_unlink_plinko_0017/recording.mp4,lh_ll_unlink_plinko_0017,goal_3,True,NA,66717200063fc2eb3987270a,68ffc55371128ff03ff45265,6900cb46e0257e1fb54fe34e,3,False,0,False
1,7841,3,assets/fillers/lh_ll_unlink_plinko_0011/img.jpg,assets/fillers/lh_ll_unlink_plinko_0011/recording.mp4,lh_ll_unlink_plinko_0011,goal_3,True,NA,66717200063fc2eb3987270a,68ffc55371128ff03ff45265,6900cb46e0257e1fb54fe34e,3,False,10,True
2,5612,2,assets/fillers/catch/img.jpg,assets/fillers/catch/recording.mp4,catch,goal_2,True,NA,66717200063fc2eb3987270a,68ffc55371128ff03ff45265,6900cb46e0257e1fb54fe34e,2,False,10,True
3,7583,0,assets/targets/lh_hh_plinko_0000/img.jpg,assets/targets/lh_hh_plinko_0000/recording.mp4,lh_hh_plinko_0000,goal_0,False,NA,66717200063fc2eb3987270a,68ffc55371128ff03ff45265,6900cb46e0257e1fb54fe34e,0,False,10,True
4,9975,2,assets/targets/hh_hl_unlink_plinko_0269/img.jpg,assets/targets/hh_hl_unlink_plinko_0269/recording.mp4,hh_hl_unlink_plinko_0269,goal_3,False,maybe,66717200063fc2eb3987270a,68ffc55371128ff03ff45265,6900cb46e0257e1fb54fe34e,3,False,5,False
5,4859,2,assets/targets/lh_hh_trNM_plinko_0001/img.jpg,assets/targets/lh_hh_trNM_plinko_0001/recording.mp4,lh_hh_trNM_plinko_0001,goal_2,False,NA,66717200063fc2eb3987270a,68ffc55371128ff03ff45265,6900cb46e0257e1fb54fe34e,2,False,10,True
6,6597,4,assets/targets/lh_hh_trNM_plinko_0002/img.jpg,assets/targets/lh_hh_trNM_plinko_0002/recording.mp4,lh_hh_trNM_plinko_0002,goal_4,False,definite,66717200063fc2eb3987270a,68ffc55371128ff03ff45265,6900cb46e0257e1fb54fe34e,4,False,10,True
7,11785,4,assets/targets/hh_hl_unlink_plinko_0240/img.jpg,assets/targets/hh_hl_unlink_plinko_0240/recording.mp4,hh_hl_unlink_plinko_0240,goal_0,False,maybe,66717200063fc2eb3987270a,68ffc55371128ff03ff45265,6900cb46e0257e1fb54fe34e,0,False,0,False
8,9079,3,assets/targets/lh_ll_unlink_plinko_0000/img.jpg,assets/targets/lh_ll_unlink_plinko_0000/recording.mp4,lh_ll_unlink_plinko_0000,goal_3,False,maybe,66717200063fc2eb3987270a,68ffc55371128ff03ff45265,6900cb46e0257e1fb54fe34e,3,False,10,True
9,8929,3,assets/targets/lh_hh_plinko_0001/img.jpg,assets/targets/lh_hh_plinko_0001/recording.mp4,lh_hh_plinko_0001,goal_3,False,NA,66717200063fc2eb3987270a,68ffc55371128ff03ff45265,6900cb46e0257e1fb54fe34e,3,False,10,True
10,8289,1,assets/fillers/lh_hh_plinko_0001/img.jpg,assets/fillers/lh_hh_plinko_0001/recording.mp4,lh_hh_plinko_0001,goal_0,True,maybe,66717200063fc2eb3987270a,68ffc55371128ff03ff45265,6900cb46e0257e1fb54fe34e,0,False,5,False
11,7362,0,assets/targets/lh_hh_trNM_plinko_0000/img.jpg,assets/targets/lh_hh_trNM_plinko_0000/recording.mp4,lh_hh_trNM_plinko_0000,goal_0,False,definite,66717200063fc2eb3987270a,68ffc55371128ff03ff45265,6900cb46e0257e1fb54fe34e,0,False,10,True
12,4985,1,assets/targets/lh_ll_unlink_plinko_0001/img.jpg,assets/targets/lh_ll_unlink_plinko_0001/recording.mp4,lh_ll_unlink_plinko_0001,goal_1,False,NA,66717200063fc2eb3987270a,68ffc55371128ff03ff45265,6900cb46e0257e1fb54fe34e,1,False,10,True
13,4188,1,assets/targets/lh_ll_unlink_plinko_0002/img.jpg,assets/targets/lh_ll_unlink_plinko_0002/recording.mp4,lh_ll_unlink_plinko_0002,goal_1,False,NA,66717200063fc2eb3987270a,68ffc55371128ff03ff45265,6900cb46e0257e1fb54fe34e,1,False,10,True
14,9519,0,assets/targets/hh_hl_unlink_plinko_0202/img.jpg,assets/targets/hh_hl_unlink_plinko_0202/recording.mp4,hh_hl_unlink_plinko_0202,goal_0,False,maybe,66717200063fc2eb3987270a,68ffc55371128ff03ff45265,6900cb46e0257e1fb54fe34e,0,False,10,True
15,8338,2,assets/targets/lh_hh_plinko_0002/img.jpg,assets/targets/lh_hh_plinko_0002/recording.mp4,lh_hh_plinko_0002,goal_2,False,definite,66717200063fc2eb3987270a,68ffc55371128ff03ff45265,6900cb46e0257e1fb54fe34e,2,False,10,True
16,4715,2,assets/targets/hh_hl_unlink_plinko_0246/img.jpg,assets/targets/hh_hl_unlink_plinko_0246/recording.mp4,hh_hl_unlink_plinko_0246,goal_2,False,maybe,66717200063fc2eb3987270a,68ffc55371128ff03ff45265,6900cb46e0257e1fb54fe34e,2,False,10,True
17,6673,3,assets/fillers/lh_ll_unlink_plinko_0009/img.jpg,assets/fillers/lh_ll_unlink_plinko_0009/recording.mp4,lh_ll_unlink_plinko_0009,goal_3,True,NA,66717200063fc2eb3987270a,68ffc55371128ff03ff45265,6900cb46e0257e1fb54fe34e,3,False,10,True
18,7114,2,assets/targets/hh_hl_unlink_plinko_0393/img.jpg,assets/targets/hh_hl_unlink_plinko_0393/recording.mp4,hh_hl_unlink_plinko_0393,goal_2,False,maybe,66717200063fc2eb3987270a,68ffc55371128ff03ff45265,6900cb46e0257e1fb54fe34e,2,False,10,True
19,6304,4,assets/fillers/lh_hh_trNM_plinko_0001/img.jpg,assets/fillers/lh_hh_trNM_plinko_0001/recording.mp4,lh_hh_trNM_plinko_0001,goal_4,True,NA,66717200063fc2eb3987270a,68ffc55371128ff03ff45265,6900cb46e0257e1fb54fe34e,4,False,10,True
20,10550,4,assets/fillers/lh_hh_plinko_0000/img.jpg,assets/fillers/lh_hh_plinko_0000/recording.mp4,lh_hh_plinko_0000,goal_4,True,maybe,66717200063fc2eb3987270a,68ffc55371128ff03ff45265,6900cb46e0257e1fb54fe34e,4,False,10,True
21,9989,4,assets/targets/lh_hh_plinko_0003/img.jpg,assets/targets/lh_hh_plinko_0003/recording.mp4,lh_hh_plinko_0003,goal_4,False,NA,66717200063fc2eb3987270a,68ffc55371128ff03ff45265,6900cb46e0257e1fb54fe34e,4,False,10,True
22,3807,1,assets/fillers/lh_ll_unlink_plinko_0021/img.jpg,assets/fillers/lh_ll_unlink_plinko_0021/recording.mp4,lh_ll_unlink_plinko_0021,goal_1,True,definite,66717200063fc2eb3987270a,68ffc55371128ff03ff45265,6900cb46e0257e1fb54fe34e,1,False,10,True
23,6593,0,assets/fillers/lh_hh_plinko_0002/img.jpg,assets/fillers/lh_hh_plinko_0002/recording.mp4,lh_hh_plinko_0002,goal_3,True,NA,66717200063fc2eb3987270a,68ffc55371128ff03ff45265,6900cb46e0257e1fb54fe34e,3,False,0,False
24,3426,3,assets/fillers/lh_hh_trNM_plinko_0002/img.jpg,assets/fillers/lh_hh_trNM_plinko_0002/recording.mp4,lh_hh_trNM_plinko_0002,goal_4,True,NA,66717200063fc2eb3987270a,68ffc55371128ff03ff45265,6900cb46e0257e1fb54fe34e,4,False,5,False
0,6288,2,assets/fillers/catch/img.jpg,assets/fillers/catch/recording.mp4,catch,goal_2,True,NA,66639889ea005547089b6cbf,68ffc55371128ff03ff45265,6900cb05317b231725cc5e46,2,False,10,True
1,10744,1,assets/fillers/lh_hh_plinko_0002/img.jpg,assets/fillers/lh_hh_plinko_0002/recording.mp4,lh_hh_plinko_0002,goal_3,True,NA,66639889ea005547089b6cbf,68ffc55371128ff03ff45265,6900cb05317b231725cc5e46,3,False,0,False
2,4159,1,assets/fillers/lh_hh_trNM_plinko_0002/img.jpg,assets/fillers/lh_hh_trNM_plinko_0002/recording.mp4,lh_hh_trNM_plinko_0002,goal_4,True,NA,66639889ea005547089b6cbf,68ffc55371128ff03ff45265,6900cb05317b231725cc5e46,4,False,0,False
3,13023,0,assets/fillers/lh_ll_unlink_plinko_0017/img.jpg,assets/fillers/lh_ll_unlink_plinko_0017/recording.mp4,lh_ll_unlink_plinko_0017,goal_3,True,NA,66639889ea005547089b6cbf,68ffc55371128ff03ff45265,6900cb05317b231725cc5e46,3,False,0,False
4,3688,3,assets/targets/lh_ll_unlink_plinko_0000/img.jpg,assets/targets/lh_ll_unlink_plinko_0000/recording.mp4,lh_ll_unlink_plinko_0000,goal_3,False,maybe,66639889ea005547089b6cbf,68ffc55371128ff03ff45265,6900cb05317b231725cc5e46,3,False,10,True
5,9608,3,assets/fillers/lh_hh_trNM_plinko_0001/img.jpg,assets/fillers/lh_hh_trNM_plinko_0001/recording.mp4,lh_hh_trNM_plinko_0001,goal_4,True,NA,66639889ea005547089b6cbf,68ffc55371128ff03ff45265,6900cb05317b231725cc5e46,4,False,5,False
6,8704,1,assets/targets/lh_ll_unlink_plinko_0001/img.jpg,assets/targets/lh_ll_unlink_plinko_0001/recording.mp4,lh_ll_unlink_plinko_0001,goal_1,False,NA,66639889ea005547089b6cbf,68ffc55371128ff03ff45265,6900cb05317b231725cc5e46,1,False,10,True
7,5735,4,assets/targets/lh_hh_trNM_plinko_0002/img.jpg,assets/targets/lh_hh_trNM_plinko_0002/recording.mp4,lh_hh_trNM_plinko_0002,goal_4,False,definite,66639889ea005547089b6cbf,68ffc55371128ff03ff45265,6900cb05317b231725cc5e46,4,False,10,True
8,8015,3,assets/fillers/lh_ll_unlink_plinko_0009/img.jpg,assets/fillers/lh_ll_unlink_plinko_0009/recording.mp4,lh_ll_unlink_plinko_0009,goal_3,True,NA,66639889ea005547089b6cbf,68ffc55371128ff03ff45265,6900cb05317b231725cc5e46,3,False,10,True
9,10663,2,assets/targets/hh_hl_unlink_plinko_0202/img.jpg,assets/targets/hh_hl_unlink_plinko_0202/recording.mp4,hh_hl_unlink_plinko_0202,goal_0,False,maybe,66639889ea005547089b6cbf,68ffc55371128ff03ff45265,6900cb05317b231725cc5e46,0,False,0,False
10,6583,0,assets/targets/hh_hl_unlink_plinko_0269/img.jpg,assets/targets/hh_hl_unlink_plinko_0269/recording.mp4,hh_hl_unlink_plinko_0269,goal_3,False,maybe,66639889ea005547089b6cbf,68ffc55371128ff03ff45265,6900cb05317b231725cc5e46,3,False,0,False
11,4952,2,assets/fillers/lh_ll_unlink_plinko_0011/img.jpg,assets/fillers/lh_ll_unlink_plinko_0011/recording.mp4,lh_ll_unlink_plinko_0011,goal_3,True,NA,66639889ea005547089b6cbf,68ffc55371128ff03ff45265,6900cb05317b231725cc5e46,3,False,5,False
12,9647,2,assets/targets/hh_hl_unlink_plinko_0240/img.jpg,assets/targets/hh_hl_unlink_plinko_0240/recording.mp4,hh_hl_unlink_plinko_0240,goal_0,False,maybe,66639889ea005547089b6cbf,68ffc55371128ff03ff45265,6900cb05317b231725cc5e46,0,False,0,False
13,6295,4,assets/fillers/lh_hh_plinko_0000/img.jpg,assets/fillers/lh_hh_plinko_0000/recording.mp4,lh_hh_plinko_0000,goal_4,True,maybe,66639889ea005547089b6cbf,68ffc55371128ff03ff45265,6900cb05317b231725cc5e46,4,False,10,True
14,9007,1,assets/targets/lh_ll_unlink_plinko_0002/img.jpg,assets/targets/lh_ll_unlink_plinko_0002/recording.mp4,lh_ll_unlink_plinko_0002,goal_1,False,NA,66639889ea005547089b6cbf,68ffc55371128ff03ff45265,6900cb05317b231725cc5e46,1,False,10,True
15,7871,0,assets/targets/hh_hl_unlink_plinko_0393/img.jpg,assets/targets/hh_hl_unlink_plinko_0393/recording.mp4,hh_hl_unlink_plinko_0393,goal_2,False,maybe,66639889ea005547089b6cbf,68ffc55371128ff03ff45265,6900cb05317b231725cc5e46,2,False,0,False
16,3918,3,assets/targets/lh_hh_plinko_0001/img.jpg,assets/targets/lh_hh_plinko_0001/recording.mp4,lh_hh_plinko_0001,goal_3,False,NA,66639889ea005547089b6cbf,68ffc55371128ff03ff45265,6900cb05317b231725cc5e46,3,False,10,True
17,6312,0,assets/targets/lh_hh_plinko_0000/img.jpg,assets/targets/lh_hh_plinko_0000/recording.mp4,lh_hh_plinko_0000,goal_0,False,NA,66639889ea005547089b6cbf,68ffc55371128ff03ff45265,6900cb05317b231725cc5e46,0,False,10,True
18,13519,2,assets/targets/lh_hh_plinko_0003/img.jpg,assets/targets/lh_hh_plinko_0003/recording.mp4,lh_hh_plinko_0003,goal_4,False,NA,66639889ea005547089b6cbf,68ffc55371128ff03ff45265,6900cb05317b231725cc5e46,4,False,0,False
19,23966,2,assets/targets/hh_hl_unlink_plinko_0246/img.jpg,assets/targets/hh_hl_unlink_plinko_0246/recording.mp4,hh_hl_unlink_plinko_0246,goal_2,False,maybe,66639889ea005547089b6cbf,68ffc55371128ff03ff45265,6900cb05317b231725cc5e46,2,False,10,True
20,8711,1,assets/fillers/lh_ll_unlink_plinko_0021/img.jpg,assets/fillers/lh_ll_unlink_plinko_0021/recording.mp4,lh_ll_unlink_plinko_0021,goal_1,True,definite,66639889ea005547089b6cbf,68ffc55371128ff03ff45265,6900cb05317b231725cc5e46,1,False,10,True
21,5775,0,assets/targets/lh_hh_trNM_plinko_0000/img.jpg,assets/targets/lh_hh_trNM_plinko_0000/recording.mp4,lh_hh_trNM_plinko_0000,goal_0,False,definite,66639889ea005547089b6cbf,68ffc55371128ff03ff45265,6900cb05317b231725cc5e46,0,False,10,True
22,8663,2,assets/targets/lh_hh_plinko_0002/img.jpg,assets/targets/lh_hh_plinko_0002/recording.mp4,lh_hh_plinko_0002,goal_2,False,definite,66639889ea005547089b6cbf,68ffc55371128ff03ff45265,6900cb05317b231725cc5e46,2,False,10,True
23,7327,2,assets/targets/lh_hh_trNM_plinko_0001/img.jpg,assets/targets/lh_hh_trNM_plinko_0001/recording.mp4,lh_hh_trNM_plinko_0001,goal_2,False,NA,66639889ea005547089b6cbf,68ffc55371128ff03ff45265,6900cb05317b231725cc5e46,2,False,10,True
24,9224,1,assets/fillers/lh_hh_plinko_0001/img.jpg,assets/fillers/lh_hh_plinko_0001/recording.mp4,lh_hh_plinko_0001,goal_0,True,maybe,66639889ea005547089b6cbf,68ffc55371128ff03ff45265,6900cb05317b231725cc5e46,0,False,5,False
0,10308,1,assets/fillers/lh_hh_plinko_0001/img.jpg,assets/fillers/lh_hh_plinko_0001/recording.mp4,lh_hh_plinko_0001,goal_0,True,maybe,5e63e793e50a6316a75213c4,68ffc55371128ff03ff45265,6900cba84afe0da765c42634,0,False,5,False
1,17411,3,assets/fillers/lh_hh_plinko_0002/img.jpg,assets/fillers/lh_hh_plinko_0002/recording.mp4,lh_hh_plinko_0002,goal_3,True,NA,5e63e793e50a6316a75213c4,68ffc55371128ff03ff45265,6900cba84afe0da765c42634,3,False,10,True
2,4342,2,assets/fillers/catch/img.jpg,assets/fillers/catch/recording.mp4,catch,goal_2,True,NA,5e63e793e50a6316a75213c4,68ffc55371128ff03ff45265,6900cba84afe0da765c42634,2,False,10,True
3,5991,1,assets/targets/lh_ll_unlink_plinko_0002/img.jpg,assets/targets/lh_ll_unlink_plinko_0002/recording.mp4,lh_ll_unlink_plinko_0002,goal_1,False,NA,5e63e793e50a6316a75213c4,68ffc55371128ff03ff45265,6900cba84afe0da765c42634,1,False,10,True
4,6635,2,assets/targets/lh_hh_trNM_plinko_0001/img.jpg,assets/targets/lh_hh_trNM_plinko_0001/recording.mp4,lh_hh_trNM_plinko_0001,goal_2,False,NA,5e63e793e50a6316a75213c4,68ffc55371128ff03ff45265,6900cba84afe0da765c42634,2,False,10,True
5,3316,1,assets/fillers/lh_ll_unlink_plinko_0021/img.jpg,assets/fillers/lh_ll_unlink_plinko_0021/recording.mp4,lh_ll_unlink_plinko_0021,goal_1,True,definite,5e63e793e50a6316a75213c4,68ffc55371128ff03ff45265,6900cba84afe0da765c42634,1,False,10,True
6,4833,4,assets/targets/lh_hh_trNM_plinko_0002/img.jpg,assets/targets/lh_hh_trNM_plinko_0002/recording.mp4,lh_hh_trNM_plinko_0002,goal_4,False,definite,5e63e793e50a6316a75213c4,68ffc55371128ff03ff45265,6900cba84afe0da765c42634,4,False,10,True
7,3497,3,assets/targets/lh_hh_plinko_0001/img.jpg,assets/targets/lh_hh_plinko_0001/recording.mp4,lh_hh_plinko_0001,goal_3,False,NA,5e63e793e50a6316a75213c4,68ffc55371128ff03ff45265,6900cba84afe0da765c42634,3,False,10,True
8,14437,4,assets/fillers/lh_hh_trNM_plinko_0002/img.jpg,assets/fillers/lh_hh_trNM_plinko_0002/recording.mp4,lh_hh_trNM_plinko_0002,goal_4,True,NA,5e63e793e50a6316a75213c4,68ffc55371128ff03ff45265,6900cba84afe0da765c42634,4,False,10,True
9,5940,0,assets/targets/lh_hh_trNM_plinko_0000/img.jpg,assets/targets/lh_hh_trNM_plinko_0000/recording.mp4,lh_hh_trNM_plinko_0000,goal_0,False,definite,5e63e793e50a6316a75213c4,68ffc55371128ff03ff45265,6900cba84afe0da765c42634,0,False,10,True
10,8276,2,assets/targets/hh_hl_unlink_plinko_0202/img.jpg,assets/targets/hh_hl_unlink_plinko_0202/recording.mp4,hh_hl_unlink_plinko_0202,goal_0,False,maybe,5e63e793e50a6316a75213c4,68ffc55371128ff03ff45265,6900cba84afe0da765c42634,0,False,0,False
11,6954,4,assets/fillers/lh_hh_trNM_plinko_0001/img.jpg,assets/fillers/lh_hh_trNM_plinko_0001/recording.mp4,lh_hh_trNM_plinko_0001,goal_4,True,NA,5e63e793e50a6316a75213c4,68ffc55371128ff03ff45265,6900cba84afe0da765c42634,4,False,10,True
12,14033,1,assets/targets/hh_hl_unlink_plinko_0240/img.jpg,assets/targets/hh_hl_unlink_plinko_0240/recording.mp4,hh_hl_unlink_plinko_0240,goal_0,False,maybe,5e63e793e50a6316a75213c4,68ffc55371128ff03ff45265,6900cba84afe0da765c42634,0,False,5,False
13,7631,3,assets/targets/hh_hl_unlink_plinko_0269/img.jpg,assets/targets/hh_hl_unlink_plinko_0269/recording.mp4,hh_hl_unlink_plinko_0269,goal_3,False,maybe,5e63e793e50a6316a75213c4,68ffc55371128ff03ff45265,6900cba84afe0da765c42634,3,False,10,True
14,3841,1,assets/targets/lh_ll_unlink_plinko_0001/img.jpg,assets/targets/lh_ll_unlink_plinko_0001/recording.mp4,lh_ll_unlink_plinko_0001,goal_1,False,NA,5e63e793e50a6316a75213c4,68ffc55371128ff03ff45265,6900cba84afe0da765c42634,1,False,10,True
15,8681,4,assets/fillers/lh_hh_plinko_0000/img.jpg,assets/fillers/lh_hh_plinko_0000/recording.mp4,lh_hh_plinko_0000,goal_4,True,maybe,5e63e793e50a6316a75213c4,68ffc55371128ff03ff45265,6900cba84afe0da765c42634,4,False,10,True
16,7620,2,assets/fillers/lh_ll_unlink_plinko_0011/img.jpg,assets/fillers/lh_ll_unlink_plinko_0011/recording.mp4,lh_ll_unlink_plinko_0011,goal_3,True,NA,5e63e793e50a6316a75213c4,68ffc55371128ff03ff45265,6900cba84afe0da765c42634,3,False,5,False
17,8862,3,assets/targets/hh_hl_unlink_plinko_0246/img.jpg,assets/targets/hh_hl_unlink_plinko_0246/recording.mp4,hh_hl_unlink_plinko_0246,goal_2,False,maybe,5e63e793e50a6316a75213c4,68ffc55371128ff03ff45265,6900cba84afe0da765c42634,2,False,5,False
18,3769,0,assets/targets/lh_hh_plinko_0000/img.jpg,assets/targets/lh_hh_plinko_0000/recording.mp4,lh_hh_plinko_0000,goal_0,False,NA,5e63e793e50a6316a75213c4,68ffc55371128ff03ff45265,6900cba84afe0da765c42634,0,False,10,True
19,6127,3,assets/fillers/lh_ll_unlink_plinko_0009/img.jpg,assets/fillers/lh_ll_unlink_plinko_0009/recording.mp4,lh_ll_unlink_plinko_0009,goal_3,True,NA,5e63e793e50a6316a75213c4,68ffc55371128ff03ff45265,6900cba84afe0da765c42634,3,False,10,True
20,3281,2,assets/targets/lh_hh_plinko_0002/img.jpg,assets/targets/lh_hh_plinko_0002/recording.mp4,lh_hh_plinko_0002,goal_2,False,definite,5e63e793e50a6316a75213c4,68ffc55371128ff03ff45265,6900cba84afe0da765c42634,2,False,10,True
21,2734,3,assets/fillers/lh_ll_unlink_plinko_0017/img.jpg,assets/fillers/lh_ll_unlink_plinko_0017/recording.mp4,lh_ll_unlink_plinko_0017,goal_3,True,NA,5e63e793e50a6316a75213c4,68ffc55371128ff03ff45265,6900cba84afe0da765c42634,3,False,10,True
22,2908,4,assets/targets/lh_hh_plinko_0003/img.jpg,assets/targets/lh_hh_plinko_0003/recording.mp4,lh_hh_plinko_0003,goal_4,False,NA,5e63e793e50a6316a75213c4,68ffc55371128ff03ff45265,6900cba84afe0da765c42634,4,False,10,True
23,2454,3,assets/targets/lh_ll_unlink_plinko_0000/img.jpg,assets/targets/lh_ll_unlink_plinko_0000/recording.mp4,lh_ll_unlink_plinko_0000,goal_3,False,maybe,5e63e793e50a6316a75213c4,68ffc55371128ff03ff45265,6900cba84afe0da765c42634,3,False,10,True
24,12449,2,assets/targets/hh_hl_unlink_plinko_0393/img.jpg,assets/targets/hh_hl_unlink_plinko_0393/recording.mp4,hh_hl_unlink_plinko_0393,goal_2,False,maybe,5e63e793e50a6316a75213c4,68ffc55371128ff03ff45265,6900cba84afe0da765c42634,2,False,10,True
0,10718,1,assets/fillers/lh_hh_plinko_0001/img.jpg,assets/fillers/lh_hh_plinko_0001/recording.mp4,lh_hh_plinko_0001,goal_0,True,maybe,5bf21da1f4d94900011ccf32,68ffc55371128ff03ff45265,6900cb337c8115798b264016,0,False,5,False
1,9303,3,assets/fillers/lh_ll_unlink_plinko_0017/img.jpg,assets/fillers/lh_ll_unlink_plinko_0017/recording.mp4,lh_ll_unlink_plinko_0017,goal_3,True,NA,5bf21da1f4d94900011ccf32,68ffc55371128ff03ff45265,6900cb337c8115798b264016,3,False,10,True
2,3823,2,assets/fillers/catch/img.jpg,assets/fillers/catch/recording.mp4,catch,goal_2,True,NA,5bf21da1f4d94900011ccf32,68ffc55371128ff03ff45265,6900cb337c8115798b264016,2,False,10,True
3,2726,4,assets/targets/lh_hh_trNM_plinko_0002/img.jpg,assets/targets/lh_hh_trNM_plinko_0002/recording.mp4,lh_hh_trNM_plinko_0002,goal_4,False,definite,5bf21da1f4d94900011ccf32,68ffc55371128ff03ff45265,6900cb337c8115798b264016,4,False,10,True
4,8231,2,assets/targets/lh_hh_plinko_0002/img.jpg,assets/targets/lh_hh_plinko_0002/recording.mp4,lh_hh_plinko_0002,goal_2,False,definite,5bf21da1f4d94900011ccf32,68ffc55371128ff03ff45265,6900cb337c8115798b264016,2,False,10,True
5,4415,1,assets/targets/lh_ll_unlink_plinko_0002/img.jpg,assets/targets/lh_ll_unlink_plinko_0002/recording.mp4,lh_ll_unlink_plinko_0002,goal_1,False,NA,5bf21da1f4d94900011ccf32,68ffc55371128ff03ff45265,6900cb337c8115798b264016,1,False,10,True
6,4343,2,assets/targets/lh_hh_trNM_plinko_0001/img.jpg,assets/targets/lh_hh_trNM_plinko_0001/recording.mp4,lh_hh_trNM_plinko_0001,goal_2,False,NA,5bf21da1f4d94900011ccf32,68ffc55371128ff03ff45265,6900cb337c8115798b264016,2,False,10,True
7,3327,3,assets/targets/lh_hh_plinko_0001/img.jpg,assets/targets/lh_hh_plinko_0001/recording.mp4,lh_hh_plinko_0001,goal_3,False,NA,5bf21da1f4d94900011ccf32,68ffc55371128ff03ff45265,6900cb337c8115798b264016,3,False,10,True
8,4159,3,assets/fillers/lh_hh_plinko_0002/img.jpg,assets/fillers/lh_hh_plinko_0002/recording.mp4,lh_hh_plinko_0002,goal_3,True,NA,5bf21da1f4d94900011ccf32,68ffc55371128ff03ff45265,6900cb337c8115798b264016,3,False,10,True
9,9087,4,assets/targets/hh_hl_unlink_plinko_0240/img.jpg,assets/targets/hh_hl_unlink_plinko_0240/recording.mp4,hh_hl_unlink_plinko_0240,goal_0,False,maybe,5bf21da1f4d94900011ccf32,68ffc55371128ff03ff45265,6900cb337c8115798b264016,0,False,0,False
10,4511,4,assets/targets/lh_hh_plinko_0003/img.jpg,assets/targets/lh_hh_plinko_0003/recording.mp4,lh_hh_plinko_0003,goal_4,False,NA,5bf21da1f4d94900011ccf32,68ffc55371128ff03ff45265,6900cb337c8115798b264016,4,False,10,True
11,21039,2,assets/targets/hh_hl_unlink_plinko_0393/img.jpg,assets/targets/hh_hl_unlink_plinko_0393/recording.mp4,hh_hl_unlink_plinko_0393,goal_2,False,maybe,5bf21da1f4d94900011ccf32,68ffc55371128ff03ff45265,6900cb337c8115798b264016,2,False,10,True
12,3103,1,assets/fillers/lh_ll_unlink_plinko_0021/img.jpg,assets/fillers/lh_ll_unlink_plinko_0021/recording.mp4,lh_ll_unlink_plinko_0021,goal_1,True,definite,5bf21da1f4d94900011ccf32,68ffc55371128ff03ff45265,6900cb337c8115798b264016,1,False,10,True
13,5215,3,assets/fillers/lh_hh_plinko_0000/img.jpg,assets/fillers/lh_hh_plinko_0000/recording.mp4,lh_hh_plinko_0000,goal_4,True,maybe,5bf21da1f4d94900011ccf32,68ffc55371128ff03ff45265,6900cb337c8115798b264016,4,False,5,False
14,8568,0,assets/targets/hh_hl_unlink_plinko_0246/img.jpg,assets/targets/hh_hl_unlink_plinko_0246/recording.mp4,hh_hl_unlink_plinko_0246,goal_2,False,maybe,5bf21da1f4d94900011ccf32,68ffc55371128ff03ff45265,6900cb337c8115798b264016,2,False,0,False
15,3983,3,assets/targets/lh_ll_unlink_plinko_0000/img.jpg,assets/targets/lh_ll_unlink_plinko_0000/recording.mp4,lh_ll_unlink_plinko_0000,goal_3,False,maybe,5bf21da1f4d94900011ccf32,68ffc55371128ff03ff45265,6900cb337c8115798b264016,3,False,10,True
16,5775,0,assets/targets/lh_hh_plinko_0000/img.jpg,assets/targets/lh_hh_plinko_0000/recording.mp4,lh_hh_plinko_0000,goal_0,False,NA,5bf21da1f4d94900011ccf32,68ffc55371128ff03ff45265,6900cb337c8115798b264016,0,False,10,True
17,3879,3,assets/fillers/lh_ll_unlink_plinko_0011/img.jpg,assets/fillers/lh_ll_unlink_plinko_0011/recording.mp4,lh_ll_unlink_plinko_0011,goal_3,True,NA,5bf21da1f4d94900011ccf32,68ffc55371128ff03ff45265,6900cb337c8115798b264016,3,False,10,True
18,4423,1,assets/targets/lh_ll_unlink_plinko_0001/img.jpg,assets/targets/lh_ll_unlink_plinko_0001/recording.mp4,lh_ll_unlink_plinko_0001,goal_1,False,NA,5bf21da1f4d94900011ccf32,68ffc55371128ff03ff45265,6900cb337c8115798b264016,1,False,10,True
19,4391,2,assets/targets/hh_hl_unlink_plinko_0269/img.jpg,assets/targets/hh_hl_unlink_plinko_0269/recording.mp4,hh_hl_unlink_plinko_0269,goal_3,False,maybe,5bf21da1f4d94900011ccf32,68ffc55371128ff03ff45265,6900cb337c8115798b264016,3,False,5,False
20,2807,0,assets/targets/lh_hh_trNM_plinko_0000/img.jpg,assets/targets/lh_hh_trNM_plinko_0000/recording.mp4,lh_hh_trNM_plinko_0000,goal_0,False,definite,5bf21da1f4d94900011ccf32,68ffc55371128ff03ff45265,6900cb337c8115798b264016,0,False,10,True
21,3495,3,assets/fillers/lh_hh_trNM_plinko_0001/img.jpg,assets/fillers/lh_hh_trNM_plinko_0001/recording.mp4,lh_hh_trNM_plinko_0001,goal_4,True,NA,5bf21da1f4d94900011ccf32,68ffc55371128ff03ff45265,6900cb337c8115798b264016,4,False,5,False
22,5039,2,assets/targets/hh_hl_unlink_plinko_0202/img.jpg,assets/targets/hh_hl_unlink_plinko_0202/recording.mp4,hh_hl_unlink_plinko_0202,goal_0,False,maybe,5bf21da1f4d94900011ccf32,68ffc55371128ff03ff45265,6900cb337c8115798b264016,0,False,0,False
23,3118,3,assets/fillers/lh_hh_trNM_plinko_0002/img.jpg,assets/fillers/lh_hh_trNM_plinko_0002/recording.mp4,lh_hh_trNM_plinko_0002,goal_4,True,NA,5bf21da1f4d94900011ccf32,68ffc55371128ff03ff45265,6900cb337c8115798b264016,4,False,5,False
24,2815,3,assets/fillers/lh_ll_unlink_plinko_0009/img.jpg,assets/fillers/lh_ll_unlink_plinko_0009/recording.mp4,lh_ll_unlink_plinko_0009,goal_3,True,NA,5bf21da1f4d94900011ccf32,68ffc55371128ff03ff45265,6900cb337c8115798b264016,3,False,10,True
0,5943,3,assets/fillers/lh_ll_unlink_plinko_0017/img.jpg,assets/fillers/lh_ll_unlink_plinko_0017/recording.mp4,lh_ll_unlink_plinko_0017,goal_3,True,NA,66e5bcf611d0bc991efda653,68ffc55371128ff03ff45265,6900cb43b37f9a61db339baf,3,False,10,True
1,7175,3,assets/fillers/lh_ll_unlink_plinko_0011/img.jpg,assets/fillers/lh_ll_unlink_plinko_0011/recording.mp4,lh_ll_unlink_plinko_0011,goal_3,True,NA,66e5bcf611d0bc991efda653,68ffc55371128ff03ff45265,6900cb43b37f9a61db339baf,3,False,10,True
2,4079,4,assets/fillers/lh_hh_plinko_0000/img.jpg,assets/fillers/lh_hh_plinko_0000/recording.mp4,lh_hh_plinko_0000,goal_4,True,maybe,66e5bcf611d0bc991efda653,68ffc55371128ff03ff45265,6900cb43b37f9a61db339baf,4,False,10,True
3,2839,3,assets/fillers/lh_ll_unlink_plinko_0009/img.jpg,assets/fillers/lh_ll_unlink_plinko_0009/recording.mp4,lh_ll_unlink_plinko_0009,goal_3,True,NA,66e5bcf611d0bc991efda653,68ffc55371128ff03ff45265,6900cb43b37f9a61db339baf,3,False,10,True
4,1895,4,assets/targets/lh_hh_trNM_plinko_0002/img.jpg,assets/targets/lh_hh_trNM_plinko_0002/recording.mp4,lh_hh_trNM_plinko_0002,goal_4,False,definite,66e5bcf611d0bc991efda653,68ffc55371128ff03ff45265,6900cb43b37f9a61db339baf,4,False,10,True
5,1911,2,assets/fillers/catch/img.jpg,assets/fillers/catch/recording.mp4,catch,goal_2,True,NA,66e5bcf611d0bc991efda653,68ffc55371128ff03ff45265,6900cb43b37f9a61db339baf,2,False,10,True
6,2991,1,assets/fillers/lh_ll_unlink_plinko_0021/img.jpg,assets/fillers/lh_ll_unlink_plinko_0021/recording.mp4,lh_ll_unlink_plinko_0021,goal_1,True,definite,66e5bcf611d0bc991efda653,68ffc55371128ff03ff45265,6900cb43b37f9a61db339baf,1,False,10,True
7,5167,4,assets/targets/hh_hl_unlink_plinko_0240/img.jpg,assets/targets/hh_hl_unlink_plinko_0240/recording.mp4,hh_hl_unlink_plinko_0240,goal_0,False,maybe,66e5bcf611d0bc991efda653,68ffc55371128ff03ff45265,6900cb43b37f9a61db339baf,0,False,0,False
8,4687,2,assets/targets/lh_hh_plinko_0002/img.jpg,assets/targets/lh_hh_plinko_0002/recording.mp4,lh_hh_plinko_0002,goal_2,False,definite,66e5bcf611d0bc991efda653,68ffc55371128ff03ff45265,6900cb43b37f9a61db339baf,2,False,10,True
9,2656,2,assets/targets/lh_hh_trNM_plinko_0001/img.jpg,assets/targets/lh_hh_trNM_plinko_0001/recording.mp4,lh_hh_trNM_plinko_0001,goal_2,False,NA,66e5bcf611d0bc991efda653,68ffc55371128ff03ff45265,6900cb43b37f9a61db339baf,2,False,10,True
10,3639,4,assets/fillers/lh_hh_trNM_plinko_0001/img.jpg,assets/fillers/lh_hh_trNM_plinko_0001/recording.mp4,lh_hh_trNM_plinko_0001,goal_4,True,NA,66e5bcf611d0bc991efda653,68ffc55371128ff03ff45265,6900cb43b37f9a61db339baf,4,False,10,True
11,2567,3,assets/targets/lh_hh_plinko_0001/img.jpg,assets/targets/lh_hh_plinko_0001/recording.mp4,lh_hh_plinko_0001,goal_3,False,NA,66e5bcf611d0bc991efda653,68ffc55371128ff03ff45265,6900cb43b37f9a61db339baf,3,False,10,True
12,4095,0,assets/targets/hh_hl_unlink_plinko_0202/img.jpg,assets/targets/hh_hl_unlink_plinko_0202/recording.mp4,hh_hl_unlink_plinko_0202,goal_0,False,maybe,66e5bcf611d0bc991efda653,68ffc55371128ff03ff45265,6900cb43b37f9a61db339baf,0,False,10,True
13,3535,3,assets/fillers/lh_hh_trNM_plinko_0002/img.jpg,assets/fillers/lh_hh_trNM_plinko_0002/recording.mp4,lh_hh_trNM_plinko_0002,goal_4,True,NA,66e5bcf611d0bc991efda653,68ffc55371128ff03ff45265,6900cb43b37f9a61db339baf,4,False,5,False
14,7455,3,assets/fillers/lh_hh_plinko_0002/img.jpg,assets/fillers/lh_hh_plinko_0002/recording.mp4,lh_hh_plinko_0002,goal_3,True,NA,66e5bcf611d0bc991efda653,68ffc55371128ff03ff45265,6900cb43b37f9a61db339baf,3,False,10,True
15,4736,0,assets/targets/hh_hl_unlink_plinko_0269/img.jpg,assets/targets/hh_hl_unlink_plinko_0269/recording.mp4,hh_hl_unlink_plinko_0269,goal_3,False,maybe,66e5bcf611d0bc991efda653,68ffc55371128ff03ff45265,6900cb43b37f9a61db339baf,3,False,0,False
16,4424,4,assets/targets/hh_hl_unlink_plinko_0393/img.jpg,assets/targets/hh_hl_unlink_plinko_0393/recording.mp4,hh_hl_unlink_plinko_0393,goal_2,False,maybe,66e5bcf611d0bc991efda653,68ffc55371128ff03ff45265,6900cb43b37f9a61db339baf,2,False,0,False
17,2351,3,assets/targets/lh_ll_unlink_plinko_0000/img.jpg,assets/targets/lh_ll_unlink_plinko_0000/recording.mp4,lh_ll_unlink_plinko_0000,goal_3,False,maybe,66e5bcf611d0bc991efda653,68ffc55371128ff03ff45265,6900cb43b37f9a61db339baf,3,False,10,True
18,2671,1,assets/targets/lh_ll_unlink_plinko_0001/img.jpg,assets/targets/lh_ll_unlink_plinko_0001/recording.mp4,lh_ll_unlink_plinko_0001,goal_1,False,NA,66e5bcf611d0bc991efda653,68ffc55371128ff03ff45265,6900cb43b37f9a61db339baf,1,False,10,True
19,1687,1,assets/targets/lh_ll_unlink_plinko_0002/img.jpg,assets/targets/lh_ll_unlink_plinko_0002/recording.mp4,lh_ll_unlink_plinko_0002,goal_1,False,NA,66e5bcf611d0bc991efda653,68ffc55371128ff03ff45265,6900cb43b37f9a61db339baf,1,False,10,True
20,3559,0,assets/targets/lh_hh_plinko_0000/img.jpg,assets/targets/lh_hh_plinko_0000/recording.mp4,lh_hh_plinko_0000,goal_0,False,NA,66e5bcf611d0bc991efda653,68ffc55371128ff03ff45265,6900cb43b37f9a61db339baf,0,False,10,True
21,2064,4,assets/targets/lh_hh_plinko_0003/img.jpg,assets/targets/lh_hh_plinko_0003/recording.mp4,lh_hh_plinko_0003,goal_4,False,NA,66e5bcf611d0bc991efda653,68ffc55371128ff03ff45265,6900cb43b37f9a61db339baf,4,False,10,True
22,2135,0,assets/targets/lh_hh_trNM_plinko_0000/img.jpg,assets/targets/lh_hh_trNM_plinko_0000/recording.mp4,lh_hh_trNM_plinko_0000,goal_0,False,definite,66e5bcf611d0bc991efda653,68ffc55371128ff03ff45265,6900cb43b37f9a61db339baf,0,False,10,True
23,4791,3,assets/targets/hh_hl_unlink_plinko_0246/img.jpg,assets/targets/hh_hl_unlink_plinko_0246/recording.mp4,hh_hl_unlink_plinko_0246,goal_2,False,maybe,66e5bcf611d0bc991efda653,68ffc55371128ff03ff45265,6900cb43b37f9a61db339baf,2,False,5,False
24,3248,1,assets/fillers/lh_hh_plinko_0001/img.jpg,assets/fillers/lh_hh_plinko_0001/recording.mp4,lh_hh_plinko_0001,goal_0,True,maybe,66e5bcf611d0bc991efda653,68ffc55371128ff03ff45265,6900cb43b37f9a61db339baf,0,False,5,False
0,6671,4,assets/fillers/lh_hh_plinko_0000/img.jpg,assets/fillers/lh_hh_plinko_0000/recording.mp4,lh_hh_plinko_0000,goal_4,True,maybe,5d650bb66bf9c40017c1e36d,68ffc55371128ff03ff45265,6900cc29e763f147d049befa,4,False,10,True
1,8937,3,assets/fillers/lh_ll_unlink_plinko_0011/img.jpg,assets/fillers/lh_ll_unlink_plinko_0011/recording.mp4,lh_ll_unlink_plinko_0011,goal_3,True,NA,5d650bb66bf9c40017c1e36d,68ffc55371128ff03ff45265,6900cc29e763f147d049befa,3,False,10,True
2,14647,1,assets/fillers/lh_hh_plinko_0002/img.jpg,assets/fillers/lh_hh_plinko_0002/recording.mp4,lh_hh_plinko_0002,goal_3,True,NA,5d650bb66bf9c40017c1e36d,68ffc55371128ff03ff45265,6900cc29e763f147d049befa,3,False,0,False
3,5740,1,assets/targets/lh_ll_unlink_plinko_0001/img.jpg,assets/targets/lh_ll_unlink_plinko_0001/recording.mp4,lh_ll_unlink_plinko_0001,goal_1,False,NA,5d650bb66bf9c40017c1e36d,68ffc55371128ff03ff45265,6900cc29e763f147d049befa,1,False,10,True
4,5115,4,assets/fillers/lh_hh_trNM_plinko_0001/img.jpg,assets/fillers/lh_hh_trNM_plinko_0001/recording.mp4,lh_hh_trNM_plinko_0001,goal_4,True,NA,5d650bb66bf9c40017c1e36d,68ffc55371128ff03ff45265,6900cc29e763f147d049befa,4,False,10,True
5,5833,2,assets/targets/hh_hl_unlink_plinko_0246/img.jpg,assets/targets/hh_hl_unlink_plinko_0246/recording.mp4,hh_hl_unlink_plinko_0246,goal_2,False,maybe,5d650bb66bf9c40017c1e36d,68ffc55371128ff03ff45265,6900cc29e763f147d049befa,2,False,10,True
6,4212,4,assets/targets/lh_hh_trNM_plinko_0002/img.jpg,assets/targets/lh_hh_trNM_plinko_0002/recording.mp4,lh_hh_trNM_plinko_0002,goal_4,False,definite,5d650bb66bf9c40017c1e36d,68ffc55371128ff03ff45265,6900cc29e763f147d049befa,4,False,10,True
7,7077,1,assets/targets/hh_hl_unlink_plinko_0202/img.jpg,assets/targets/hh_hl_unlink_plinko_0202/recording.mp4,hh_hl_unlink_plinko_0202,goal_0,False,maybe,5d650bb66bf9c40017c1e36d,68ffc55371128ff03ff45265,6900cc29e763f147d049befa,0,False,5,False
8,7253,2,assets/targets/hh_hl_unlink_plinko_0393/img.jpg,assets/targets/hh_hl_unlink_plinko_0393/recording.mp4,hh_hl_unlink_plinko_0393,goal_2,False,maybe,5d650bb66bf9c40017c1e36d,68ffc55371128ff03ff45265,6900cc29e763f147d049befa,2,False,10,True
9,5370,3,assets/fillers/lh_ll_unlink_plinko_0017/img.jpg,assets/fillers/lh_ll_unlink_plinko_0017/recording.mp4,lh_ll_unlink_plinko_0017,goal_3,True,NA,5d650bb66bf9c40017c1e36d,68ffc55371128ff03ff45265,6900cc29e763f147d049befa,3,False,10,True
10,4285,4,assets/targets/lh_hh_plinko_0003/img.jpg,assets/targets/lh_hh_plinko_0003/recording.mp4,lh_hh_plinko_0003,goal_4,False,NA,5d650bb66bf9c40017c1e36d,68ffc55371128ff03ff45265,6900cc29e763f147d049befa,4,False,10,True
11,5165,3,assets/targets/lh_hh_plinko_0001/img.jpg,assets/targets/lh_hh_plinko_0001/recording.mp4,lh_hh_plinko_0001,goal_3,False,NA,5d650bb66bf9c40017c1e36d,68ffc55371128ff03ff45265,6900cc29e763f147d049befa,3,False,10,True
12,3753,2,assets/targets/lh_hh_plinko_0002/img.jpg,assets/targets/lh_hh_plinko_0002/recording.mp4,lh_hh_plinko_0002,goal_2,False,definite,5d650bb66bf9c40017c1e36d,68ffc55371128ff03ff45265,6900cc29e763f147d049befa,2,False,10,True
13,7344,3,assets/targets/hh_hl_unlink_plinko_0269/img.jpg,assets/targets/hh_hl_unlink_plinko_0269/recording.mp4,hh_hl_unlink_plinko_0269,goal_3,False,maybe,5d650bb66bf9c40017c1e36d,68ffc55371128ff03ff45265,6900cc29e763f147d049befa,3,False,10,True
14,3248,3,assets/targets/lh_ll_unlink_plinko_0000/img.jpg,assets/targets/lh_ll_unlink_plinko_0000/recording.mp4,lh_ll_unlink_plinko_0000,goal_3,False,maybe,5d650bb66bf9c40017c1e36d,68ffc55371128ff03ff45265,6900cc29e763f147d049befa,3,False,10,True
15,3237,1,assets/targets/lh_ll_unlink_plinko_0002/img.jpg,assets/targets/lh_ll_unlink_plinko_0002/recording.mp4,lh_ll_unlink_plinko_0002,goal_1,False,NA,5d650bb66bf9c40017c1e36d,68ffc55371128ff03ff45265,6900cc29e763f147d049befa,1,False,10,True
16,3404,0,assets/targets/lh_hh_trNM_plinko_0000/img.jpg,assets/targets/lh_hh_trNM_plinko_0000/recording.mp4,lh_hh_trNM_plinko_0000,goal_0,False,definite,5d650bb66bf9c40017c1e36d,68ffc55371128ff03ff45265,6900cc29e763f147d049befa,0,False,10,True
17,3778,3,assets/fillers/lh_ll_unlink_plinko_0009/img.jpg,assets/fillers/lh_ll_unlink_plinko_0009/recording.mp4,lh_ll_unlink_plinko_0009,goal_3,True,NA,5d650bb66bf9c40017c1e36d,68ffc55371128ff03ff45265,6900cc29e763f147d049befa,3,False,10,True
18,2449,2,assets/targets/lh_hh_trNM_plinko_0001/img.jpg,assets/targets/lh_hh_trNM_plinko_0001/recording.mp4,lh_hh_trNM_plinko_0001,goal_2,False,NA,5d650bb66bf9c40017c1e36d,68ffc55371128ff03ff45265,6900cc29e763f147d049befa,2,False,10,True
19,4056,1,assets/fillers/lh_hh_plinko_0001/img.jpg,assets/fillers/lh_hh_plinko_0001/recording.mp4,lh_hh_plinko_0001,goal_0,True,maybe,5d650bb66bf9c40017c1e36d,68ffc55371128ff03ff45265,6900cc29e763f147d049befa,0,False,5,False
20,3937,1,assets/fillers/lh_ll_unlink_plinko_0021/img.jpg,assets/fillers/lh_ll_unlink_plinko_0021/recording.mp4,lh_ll_unlink_plinko_0021,goal_1,True,definite,5d650bb66bf9c40017c1e36d,68ffc55371128ff03ff45265,6900cc29e763f147d049befa,1,False,10,True
21,4093,4,assets/targets/hh_hl_unlink_plinko_0240/img.jpg,assets/targets/hh_hl_unlink_plinko_0240/recording.mp4,hh_hl_unlink_plinko_0240,goal_0,False,maybe,5d650bb66bf9c40017c1e36d,68ffc55371128ff03ff45265,6900cc29e763f147d049befa,0,False,0,False
22,5148,3,assets/fillers/lh_hh_trNM_plinko_0002/img.jpg,assets/fillers/lh_hh_trNM_plinko_0002/recording.mp4,lh_hh_trNM_plinko_0002,goal_4,True,NA,5d650bb66bf9c40017c1e36d,68ffc55371128ff03ff45265,6900cc29e763f147d049befa,4,False,5,False
23,3468,0,assets/targets/lh_hh_plinko_0000/img.jpg,assets/targets/lh_hh_plinko_0000/recording.mp4,lh_hh_plinko_0000,goal_0,False,NA,5d650bb66bf9c40017c1e36d,68ffc55371128ff03ff45265,6900cc29e763f147d049befa,0,False,10,True
24,2663,2,assets/fillers/catch/img.jpg,assets/fillers/catch/recording.mp4,catch,goal_2,True,NA,5d650bb66bf9c40017c1e36d,68ffc55371128ff03ff45265,6900cc29e763f147d049befa,2,False,10,True
0,7345,3,assets/fillers/lh_hh_plinko_0002/img.jpg,assets/fillers/lh_hh_plinko_0002/recording.mp4,lh_hh_plinko_0002,goal_3,True,NA,64136bf30b27746cb96f7db8,68ffc55371128ff03ff45265,6900cbb58eda75be91ce5b03,3,False,10,True
1,8436,3,assets/fillers/lh_hh_trNM_plinko_0002/img.jpg,assets/fillers/lh_hh_trNM_plinko_0002/recording.mp4,lh_hh_trNM_plinko_0002,goal_4,True,NA,64136bf30b27746cb96f7db8,68ffc55371128ff03ff45265,6900cbb58eda75be91ce5b03,4,False,5,False
2,4926,1,assets/fillers/lh_hh_plinko_0001/img.jpg,assets/fillers/lh_hh_plinko_0001/recording.mp4,lh_hh_plinko_0001,goal_0,True,maybe,64136bf30b27746cb96f7db8,68ffc55371128ff03ff45265,6900cbb58eda75be91ce5b03,0,False,5,False
3,8612,3,assets/fillers/lh_ll_unlink_plinko_0011/img.jpg,assets/fillers/lh_ll_unlink_plinko_0011/recording.mp4,lh_ll_unlink_plinko_0011,goal_3,True,NA,64136bf30b27746cb96f7db8,68ffc55371128ff03ff45265,6900cbb58eda75be91ce5b03,3,False,10,True
4,6182,3,assets/targets/lh_hh_plinko_0001/img.jpg,assets/targets/lh_hh_plinko_0001/recording.mp4,lh_hh_plinko_0001,goal_3,False,NA,64136bf30b27746cb96f7db8,68ffc55371128ff03ff45265,6900cbb58eda75be91ce5b03,3,False,10,True
5,7790,0,assets/targets/lh_hh_plinko_0000/img.jpg,assets/targets/lh_hh_plinko_0000/recording.mp4,lh_hh_plinko_0000,goal_0,False,NA,64136bf30b27746cb96f7db8,68ffc55371128ff03ff45265,6900cbb58eda75be91ce5b03,0,False,10,True
6,5632,1,assets/targets/lh_ll_unlink_plinko_0002/img.jpg,assets/targets/lh_ll_unlink_plinko_0002/recording.mp4,lh_ll_unlink_plinko_0002,goal_1,False,NA,64136bf30b27746cb96f7db8,68ffc55371128ff03ff45265,6900cbb58eda75be91ce5b03,1,False,10,True
7,8524,4,assets/targets/hh_hl_unlink_plinko_0240/img.jpg,assets/targets/hh_hl_unlink_plinko_0240/recording.mp4,hh_hl_unlink_plinko_0240,goal_0,False,maybe,64136bf30b27746cb96f7db8,68ffc55371128ff03ff45265,6900cbb58eda75be91ce5b03,0,False,0,False
8,15917,3,assets/targets/hh_hl_unlink_plinko_0269/img.jpg,assets/targets/hh_hl_unlink_plinko_0269/recording.mp4,hh_hl_unlink_plinko_0269,goal_3,False,maybe,64136bf30b27746cb96f7db8,68ffc55371128ff03ff45265,6900cbb58eda75be91ce5b03,3,False,10,True
9,5047,1,assets/targets/lh_ll_unlink_plinko_0001/img.jpg,assets/targets/lh_ll_unlink_plinko_0001/recording.mp4,lh_ll_unlink_plinko_0001,goal_1,False,NA,64136bf30b27746cb96f7db8,68ffc55371128ff03ff45265,6900cbb58eda75be91ce5b03,1,False,10,True
10,9320,2,assets/targets/lh_hh_plinko_0002/img.jpg,assets/targets/lh_hh_plinko_0002/recording.mp4,lh_hh_plinko_0002,goal_2,False,definite,64136bf30b27746cb96f7db8,68ffc55371128ff03ff45265,6900cbb58eda75be91ce5b03,2,False,10,True
11,12048,4,assets/targets/hh_hl_unlink_plinko_0393/img.jpg,assets/targets/hh_hl_unlink_plinko_0393/recording.mp4,hh_hl_unlink_plinko_0393,goal_2,False,maybe,64136bf30b27746cb96f7db8,68ffc55371128ff03ff45265,6900cbb58eda75be91ce5b03,2,False,0,False
12,5533,0,assets/targets/lh_hh_trNM_plinko_0000/img.jpg,assets/targets/lh_hh_trNM_plinko_0000/recording.mp4,lh_hh_trNM_plinko_0000,goal_0,False,definite,64136bf30b27746cb96f7db8,68ffc55371128ff03ff45265,6900cbb58eda75be91ce5b03,0,False,10,True
13,3767,4,assets/targets/lh_hh_trNM_plinko_0002/img.jpg,assets/targets/lh_hh_trNM_plinko_0002/recording.mp4,lh_hh_trNM_plinko_0002,goal_4,False,definite,64136bf30b27746cb96f7db8,68ffc55371128ff03ff45265,6900cbb58eda75be91ce5b03,4,False,10,True
14,5880,1,assets/fillers/lh_ll_unlink_plinko_0021/img.jpg,assets/fillers/lh_ll_unlink_plinko_0021/recording.mp4,lh_ll_unlink_plinko_0021,goal_1,True,definite,64136bf30b27746cb96f7db8,68ffc55371128ff03ff45265,6900cbb58eda75be91ce5b03,1,False,10,True
15,3031,2,assets/targets/lh_hh_trNM_plinko_0001/img.jpg,assets/targets/lh_hh_trNM_plinko_0001/recording.mp4,lh_hh_trNM_plinko_0001,goal_2,False,NA,64136bf30b27746cb96f7db8,68ffc55371128ff03ff45265,6900cbb58eda75be91ce5b03,2,False,10,True
16,3840,3,assets/targets/lh_ll_unlink_plinko_0000/img.jpg,assets/targets/lh_ll_unlink_plinko_0000/recording.mp4,lh_ll_unlink_plinko_0000,goal_3,False,maybe,64136bf30b27746cb96f7db8,68ffc55371128ff03ff45265,6900cbb58eda75be91ce5b03,3,False,10,True
17,3462,4,assets/targets/lh_hh_plinko_0003/img.jpg,assets/targets/lh_hh_plinko_0003/recording.mp4,lh_hh_plinko_0003,goal_4,False,NA,64136bf30b27746cb96f7db8,68ffc55371128ff03ff45265,6900cbb58eda75be91ce5b03,4,False,10,True
18,9281,4,assets/fillers/lh_ll_unlink_plinko_0017/img.jpg,assets/fillers/lh_ll_unlink_plinko_0017/recording.mp4,lh_ll_unlink_plinko_0017,goal_3,True,NA,64136bf30b27746cb96f7db8,68ffc55371128ff03ff45265,6900cbb58eda75be91ce5b03,3,False,5,False
19,6085,4,assets/fillers/lh_hh_trNM_plinko_0001/img.jpg,assets/fillers/lh_hh_trNM_plinko_0001/recording.mp4,lh_hh_trNM_plinko_0001,goal_4,True,NA,64136bf30b27746cb96f7db8,68ffc55371128ff03ff45265,6900cbb58eda75be91ce5b03,4,False,10,True
20,12978,3,assets/targets/hh_hl_unlink_plinko_0246/img.jpg,assets/targets/hh_hl_unlink_plinko_0246/recording.mp4,hh_hl_unlink_plinko_0246,goal_2,False,maybe,64136bf30b27746cb96f7db8,68ffc55371128ff03ff45265,6900cbb58eda75be91ce5b03,2,False,5,False
21,3040,2,assets/fillers/catch/img.jpg,assets/fillers/catch/recording.mp4,catch,goal_2,True,NA,64136bf30b27746cb96f7db8,68ffc55371128ff03ff45265,6900cbb58eda75be91ce5b03,2,False,10,True
22,6955,1,assets/targets/hh_hl_unlink_plinko_0202/img.jpg,assets/targets/hh_hl_unlink_plinko_0202/recording.mp4,hh_hl_unlink_plinko_0202,goal_0,False,maybe,64136bf30b27746cb96f7db8,68ffc55371128ff03ff45265,6900cbb58eda75be91ce5b03,0,False,5,False
23,7295,3,assets/fillers/lh_ll_unlink_plinko_0009/img.jpg,assets/fillers/lh_ll_unlink_plinko_0009/recording.mp4,lh_ll_unlink_plinko_0009,goal_3,True,NA,64136bf30b27746cb96f7db8,68ffc55371128ff03ff45265,6900cbb58eda75be91ce5b03,3,False,10,True
24,8321,4,assets/fillers/lh_hh_plinko_0000/img.jpg,assets/fillers/lh_hh_plinko_0000/recording.mp4,lh_hh_plinko_0000,goal_4,True,maybe,64136bf30b27746cb96f7db8,68ffc55371128ff03ff45265,6900cbb58eda75be91ce5b03,4,False,10,True
0,4855,3,assets/fillers/lh_hh_trNM_plinko_0002/img.jpg,assets/fillers/lh_hh_trNM_plinko_0002/recording.mp4,lh_hh_trNM_plinko_0002,goal_4,True,NA,558d8d71fdf99b534f79b352,68ffc55371128ff03ff45265,6900cb9801b89000c263fc57,4,False,5,False
1,4537,3,assets/fillers/lh_ll_unlink_plinko_0017/img.jpg,assets/fillers/lh_ll_unlink_plinko_0017/recording.mp4,lh_ll_unlink_plinko_0017,goal_3,True,NA,558d8d71fdf99b534f79b352,68ffc55371128ff03ff45265,6900cb9801b89000c263fc57,3,False,10,True
2,5332,2,assets/fillers/lh_ll_unlink_plinko_0011/img.jpg,assets/fillers/lh_ll_unlink_plinko_0011/recording.mp4,lh_ll_unlink_plinko_0011,goal_3,True,NA,558d8d71fdf99b534f79b352,68ffc55371128ff03ff45265,6900cb9801b89000c263fc57,3,False,5,False
3,6368,1,assets/fillers/lh_hh_plinko_0001/img.jpg,assets/fillers/lh_hh_plinko_0001/recording.mp4,lh_hh_plinko_0001,goal_0,True,maybe,558d8d71fdf99b534f79b352,68ffc55371128ff03ff45265,6900cb9801b89000c263fc57,0,False,5,False
4,6676,3,assets/fillers/lh_hh_plinko_0002/img.jpg,assets/fillers/lh_hh_plinko_0002/recording.mp4,lh_hh_plinko_0002,goal_3,True,NA,558d8d71fdf99b534f79b352,68ffc55371128ff03ff45265,6900cb9801b89000c263fc57,3,False,10,True
5,10746,2,assets/fillers/lh_ll_unlink_plinko_0009/img.jpg,assets/fillers/lh_ll_unlink_plinko_0009/recording.mp4,lh_ll_unlink_plinko_0009,goal_3,True,NA,558d8d71fdf99b534f79b352,68ffc55371128ff03ff45265,6900cb9801b89000c263fc57,3,False,5,False
6,6865,2,assets/targets/hh_hl_unlink_plinko_0246/img.jpg,assets/targets/hh_hl_unlink_plinko_0246/recording.mp4,hh_hl_unlink_plinko_0246,goal_2,False,maybe,558d8d71fdf99b534f79b352,68ffc55371128ff03ff45265,6900cb9801b89000c263fc57,2,False,10,True
7,10109,0,assets/targets/lh_hh_trNM_plinko_0000/img.jpg,assets/targets/lh_hh_trNM_plinko_0000/recording.mp4,lh_hh_trNM_plinko_0000,goal_0,False,definite,558d8d71fdf99b534f79b352,68ffc55371128ff03ff45265,6900cb9801b89000c263fc57,0,False,10,True
8,7046,4,assets/targets/lh_hh_plinko_0003/img.jpg,assets/targets/lh_hh_plinko_0003/recording.mp4,lh_hh_plinko_0003,goal_4,False,NA,558d8d71fdf99b534f79b352,68ffc55371128ff03ff45265,6900cb9801b89000c263fc57,4,False,10,True
9,8166,1,assets/targets/lh_ll_unlink_plinko_0001/img.jpg,assets/targets/lh_ll_unlink_plinko_0001/recording.mp4,lh_ll_unlink_plinko_0001,goal_1,False,NA,558d8d71fdf99b534f79b352,68ffc55371128ff03ff45265,6900cb9801b89000c263fc57,1,False,10,True
10,8543,3,assets/targets/lh_hh_plinko_0001/img.jpg,assets/targets/lh_hh_plinko_0001/recording.mp4,lh_hh_plinko_0001,goal_3,False,NA,558d8d71fdf99b534f79b352,68ffc55371128ff03ff45265,6900cb9801b89000c263fc57,3,False,10,True
11,11721,2,assets/targets/hh_hl_unlink_plinko_0393/img.jpg,assets/targets/hh_hl_unlink_plinko_0393/recording.mp4,hh_hl_unlink_plinko_0393,goal_2,False,maybe,558d8d71fdf99b534f79b352,68ffc55371128ff03ff45265,6900cb9801b89000c263fc57,2,False,10,True
12,6399,2,assets/fillers/lh_ll_unlink_plinko_0021/img.jpg,assets/fillers/lh_ll_unlink_plinko_0021/recording.mp4,lh_ll_unlink_plinko_0021,goal_1,True,definite,558d8d71fdf99b534f79b352,68ffc55371128ff03ff45265,6900cb9801b89000c263fc57,1,False,5,False
13,14073,0,assets/targets/lh_hh_plinko_0000/img.jpg,assets/targets/lh_hh_plinko_0000/recording.mp4,lh_hh_plinko_0000,goal_0,False,NA,558d8d71fdf99b534f79b352,68ffc55371128ff03ff45265,6900cb9801b89000c263fc57,0,False,10,True
14,7056,4,assets/targets/lh_hh_trNM_plinko_0002/img.jpg,assets/targets/lh_hh_trNM_plinko_0002/recording.mp4,lh_hh_trNM_plinko_0002,goal_4,False,definite,558d8d71fdf99b534f79b352,68ffc55371128ff03ff45265,6900cb9801b89000c263fc57,4,False,10,True
15,9490,4,assets/targets/hh_hl_unlink_plinko_0240/img.jpg,assets/targets/hh_hl_unlink_plinko_0240/recording.mp4,hh_hl_unlink_plinko_0240,goal_0,False,maybe,558d8d71fdf99b534f79b352,68ffc55371128ff03ff45265,6900cb9801b89000c263fc57,0,False,0,False
16,13716,4,assets/fillers/lh_hh_trNM_plinko_0001/img.jpg,assets/fillers/lh_hh_trNM_plinko_0001/recording.mp4,lh_hh_trNM_plinko_0001,goal_4,True,NA,558d8d71fdf99b534f79b352,68ffc55371128ff03ff45265,6900cb9801b89000c263fc57,4,False,10,True
17,5923,2,assets/targets/lh_hh_trNM_plinko_0001/img.jpg,assets/targets/lh_hh_trNM_plinko_0001/recording.mp4,lh_hh_trNM_plinko_0001,goal_2,False,NA,558d8d71fdf99b534f79b352,68ffc55371128ff03ff45265,6900cb9801b89000c263fc57,2,False,10,True
18,12028,3,assets/fillers/lh_hh_plinko_0000/img.jpg,assets/fillers/lh_hh_plinko_0000/recording.mp4,lh_hh_plinko_0000,goal_4,True,maybe,558d8d71fdf99b534f79b352,68ffc55371128ff03ff45265,6900cb9801b89000c263fc57,4,False,5,False
19,9572,3,assets/targets/lh_ll_unlink_plinko_0000/img.jpg,assets/targets/lh_ll_unlink_plinko_0000/recording.mp4,lh_ll_unlink_plinko_0000,goal_3,False,maybe,558d8d71fdf99b534f79b352,68ffc55371128ff03ff45265,6900cb9801b89000c263fc57,3,False,10,True
20,8799,1,assets/targets/lh_ll_unlink_plinko_0002/img.jpg,assets/targets/lh_ll_unlink_plinko_0002/recording.mp4,lh_ll_unlink_plinko_0002,goal_1,False,NA,558d8d71fdf99b534f79b352,68ffc55371128ff03ff45265,6900cb9801b89000c263fc57,1,False,10,True
21,5327,2,assets/fillers/catch/img.jpg,assets/fillers/catch/recording.mp4,catch,goal_2,True,NA,558d8d71fdf99b534f79b352,68ffc55371128ff03ff45265,6900cb9801b89000c263fc57,2,False,10,True
22,12218,0,assets/targets/hh_hl_unlink_plinko_0269/img.jpg,assets/targets/hh_hl_unlink_plinko_0269/recording.mp4,hh_hl_unlink_plinko_0269,goal_3,False,maybe,558d8d71fdf99b534f79b352,68ffc55371128ff03ff45265,6900cb9801b89000c263fc57,3,False,0,False
23,6333,2,assets/targets/lh_hh_plinko_0002/img.jpg,assets/targets/lh_hh_plinko_0002/recording.mp4,lh_hh_plinko_0002,goal_2,False,definite,558d8d71fdf99b534f79b352,68ffc55371128ff03ff45265,6900cb9801b89000c263fc57,2,False,10,True
24,10493,2,assets/targets/hh_hl_unlink_plinko_0202/img.jpg,assets/targets/hh_hl_unlink_plinko_0202/recording.mp4,hh_hl_unlink_plinko_0202,goal_0,False,maybe,558d8d71fdf99b534f79b352,68ffc55371128ff03ff45265,6900cb9801b89000c263fc57,0,False,0,False
0,7416,4,assets/fillers/lh_hh_trNM_plinko_0001/img.jpg,assets/fillers/lh_hh_trNM_plinko_0001/recording.mp4,lh_hh_trNM_plinko_0001,goal_4,True,NA,558fd02cfdf99b39cb035e5d,68ffc55371128ff03ff45265,6900cc1f016e10fbc80e8a68,4,False,10,True
1,3365,2,assets/fillers/catch/img.jpg,assets/fillers/catch/recording.mp4,catch,goal_2,True,NA,558fd02cfdf99b39cb035e5d,68ffc55371128ff03ff45265,6900cc1f016e10fbc80e8a68,2,False,10,True
2,16009,2,assets/fillers/lh_ll_unlink_plinko_0009/img.jpg,assets/fillers/lh_ll_unlink_plinko_0009/recording.mp4,lh_ll_unlink_plinko_0009,goal_3,True,NA,558fd02cfdf99b39cb035e5d,68ffc55371128ff03ff45265,6900cc1f016e10fbc80e8a68,3,False,5,False
3,8534,3,assets/fillers/lh_hh_trNM_plinko_0002/img.jpg,assets/fillers/lh_hh_trNM_plinko_0002/recording.mp4,lh_hh_trNM_plinko_0002,goal_4,True,NA,558fd02cfdf99b39cb035e5d,68ffc55371128ff03ff45265,6900cc1f016e10fbc80e8a68,4,False,5,False
4,7995,2,assets/fillers/lh_ll_unlink_plinko_0011/img.jpg,assets/fillers/lh_ll_unlink_plinko_0011/recording.mp4,lh_ll_unlink_plinko_0011,goal_3,True,NA,558fd02cfdf99b39cb035e5d,68ffc55371128ff03ff45265,6900cc1f016e10fbc80e8a68,3,False,5,False
5,6719,2,assets/targets/lh_hh_trNM_plinko_0001/img.jpg,assets/targets/lh_hh_trNM_plinko_0001/recording.mp4,lh_hh_trNM_plinko_0001,goal_2,False,NA,558fd02cfdf99b39cb035e5d,68ffc55371128ff03ff45265,6900cc1f016e10fbc80e8a68,2,False,10,True
6,5342,0,assets/targets/lh_hh_plinko_0000/img.jpg,assets/targets/lh_hh_plinko_0000/recording.mp4,lh_hh_plinko_0000,goal_0,False,NA,558fd02cfdf99b39cb035e5d,68ffc55371128ff03ff45265,6900cc1f016e10fbc80e8a68,0,False,10,True
7,5536,3,assets/fillers/lh_ll_unlink_plinko_0017/img.jpg,assets/fillers/lh_ll_unlink_plinko_0017/recording.mp4,lh_ll_unlink_plinko_0017,goal_3,True,NA,558fd02cfdf99b39cb035e5d,68ffc55371128ff03ff45265,6900cc1f016e10fbc80e8a68,3,False,10,True
8,5357,0,assets/targets/lh_hh_trNM_plinko_0000/img.jpg,assets/targets/lh_hh_trNM_plinko_0000/recording.mp4,lh_hh_trNM_plinko_0000,goal_0,False,definite,558fd02cfdf99b39cb035e5d,68ffc55371128ff03ff45265,6900cc1f016e10fbc80e8a68,0,False,10,True
9,4948,3,assets/targets/lh_hh_plinko_0001/img.jpg,assets/targets/lh_hh_plinko_0001/recording.mp4,lh_hh_plinko_0001,goal_3,False,NA,558fd02cfdf99b39cb035e5d,68ffc55371128ff03ff45265,6900cc1f016e10fbc80e8a68,3,False,10,True
10,8272,4,assets/targets/hh_hl_unlink_plinko_0269/img.jpg,assets/targets/hh_hl_unlink_plinko_0269/recording.mp4,hh_hl_unlink_plinko_0269,goal_3,False,maybe,558fd02cfdf99b39cb035e5d,68ffc55371128ff03ff45265,6900cc1f016e10fbc80e8a68,3,False,5,False
11,5040,4,assets/targets/hh_hl_unlink_plinko_0393/img.jpg,assets/targets/hh_hl_unlink_plinko_0393/recording.mp4,hh_hl_unlink_plinko_0393,goal_2,False,maybe,558fd02cfdf99b39cb035e5d,68ffc55371128ff03ff45265,6900cc1f016e10fbc80e8a68,2,False,0,False
12,9247,4,assets/fillers/lh_hh_plinko_0000/img.jpg,assets/fillers/lh_hh_plinko_0000/recording.mp4,lh_hh_plinko_0000,goal_4,True,maybe,558fd02cfdf99b39cb035e5d,68ffc55371128ff03ff45265,6900cc1f016e10fbc80e8a68,4,False,10,True
13,3193,4,assets/targets/lh_hh_trNM_plinko_0002/img.jpg,assets/targets/lh_hh_trNM_plinko_0002/recording.mp4,lh_hh_trNM_plinko_0002,goal_4,False,definite,558fd02cfdf99b39cb035e5d,68ffc55371128ff03ff45265,6900cc1f016e10fbc80e8a68,4,False,10,True
14,4197,4,assets/targets/lh_hh_plinko_0003/img.jpg,assets/targets/lh_hh_plinko_0003/recording.mp4,lh_hh_plinko_0003,goal_4,False,NA,558fd02cfdf99b39cb035e5d,68ffc55371128ff03ff45265,6900cc1f016e10fbc80e8a68,4,False,10,True
15,4774,1,assets/targets/lh_ll_unlink_plinko_0002/img.jpg,assets/targets/lh_ll_unlink_plinko_0002/recording.mp4,lh_ll_unlink_plinko_0002,goal_1,False,NA,558fd02cfdf99b39cb035e5d,68ffc55371128ff03ff45265,6900cc1f016e10fbc80e8a68,1,False,10,True
16,4768,4,assets/targets/hh_hl_unlink_plinko_0246/img.jpg,assets/targets/hh_hl_unlink_plinko_0246/recording.mp4,hh_hl_unlink_plinko_0246,goal_2,False,maybe,558fd02cfdf99b39cb035e5d,68ffc55371128ff03ff45265,6900cc1f016e10fbc80e8a68,2,False,0,False
17,11244,3,assets/targets/hh_hl_unlink_plinko_0202/img.jpg,assets/targets/hh_hl_unlink_plinko_0202/recording.mp4,hh_hl_unlink_plinko_0202,goal_0,False,maybe,558fd02cfdf99b39cb035e5d,68ffc55371128ff03ff45265,6900cc1f016e10fbc80e8a68,0,False,0,False
18,5844,1,assets/targets/lh_ll_unlink_plinko_0001/img.jpg,assets/targets/lh_ll_unlink_plinko_0001/recording.mp4,lh_ll_unlink_plinko_0001,goal_1,False,NA,558fd02cfdf99b39cb035e5d,68ffc55371128ff03ff45265,6900cc1f016e10fbc80e8a68,1,False,10,True
19,5227,2,assets/targets/lh_hh_plinko_0002/img.jpg,assets/targets/lh_hh_plinko_0002/recording.mp4,lh_hh_plinko_0002,goal_2,False,definite,558fd02cfdf99b39cb035e5d,68ffc55371128ff03ff45265,6900cc1f016e10fbc80e8a68,2,False,10,True
20,4243,3,assets/targets/lh_ll_unlink_plinko_0000/img.jpg,assets/targets/lh_ll_unlink_plinko_0000/recording.mp4,lh_ll_unlink_plinko_0000,goal_3,False,maybe,558fd02cfdf99b39cb035e5d,68ffc55371128ff03ff45265,6900cc1f016e10fbc80e8a68,3,False,10,True
21,6638,3,assets/fillers/lh_hh_plinko_0002/img.jpg,assets/fillers/lh_hh_plinko_0002/recording.mp4,lh_hh_plinko_0002,goal_3,True,NA,558fd02cfdf99b39cb035e5d,68ffc55371128ff03ff45265,6900cc1f016e10fbc80e8a68,3,False,10,True
22,3073,1,assets/fillers/lh_ll_unlink_plinko_0021/img.jpg,assets/fillers/lh_ll_unlink_plinko_0021/recording.mp4,lh_ll_unlink_plinko_0021,goal_1,True,definite,558fd02cfdf99b39cb035e5d,68ffc55371128ff03ff45265,6900cc1f016e10fbc80e8a68,1,False,10,True
23,6278,2,assets/targets/hh_hl_unlink_plinko_0240/img.jpg,assets/targets/hh_hl_unlink_plinko_0240/recording.mp4,hh_hl_unlink_plinko_0240,goal_0,False,maybe,558fd02cfdf99b39cb035e5d,68ffc55371128ff03ff45265,6900cc1f016e10fbc80e8a68,0,False,0,False
24,4771,1,assets/fillers/lh_hh_plinko_0001/img.jpg,assets/fillers/lh_hh_plinko_0001/recording.mp4,lh_hh_plinko_0001,goal_0,True,maybe,558fd02cfdf99b39cb035e5d,68ffc55371128ff03ff45265,6900cc1f016e10fbc80e8a68,0,False,5,False
0,6321,1,assets/fillers/lh_ll_unlink_plinko_0021/img.jpg,assets/fillers/lh_ll_unlink_plinko_0021/recording.mp4,lh_ll_unlink_plinko_0021,goal_1,True,definite,5d0c46b3dff7d70019e6dda7,68ffc55371128ff03ff45265,6900cba9a1b5981646301303,1,False,10,True
1,9851,3,assets/fillers/lh_ll_unlink_plinko_0009/img.jpg,assets/fillers/lh_ll_unlink_plinko_0009/recording.mp4,lh_ll_unlink_plinko_0009,goal_3,True,NA,5d0c46b3dff7d70019e6dda7,68ffc55371128ff03ff45265,6900cba9a1b5981646301303,3,False,10,True
2,4491,4,assets/fillers/lh_hh_trNM_plinko_0001/img.jpg,assets/fillers/lh_hh_trNM_plinko_0001/recording.mp4,lh_hh_trNM_plinko_0001,goal_4,True,NA,5d0c46b3dff7d70019e6dda7,68ffc55371128ff03ff45265,6900cba9a1b5981646301303,4,False,10,True
3,17474,2,assets/targets/hh_hl_unlink_plinko_0393/img.jpg,assets/targets/hh_hl_unlink_plinko_0393/recording.mp4,hh_hl_unlink_plinko_0393,goal_2,False,maybe,5d0c46b3dff7d70019e6dda7,68ffc55371128ff03ff45265,6900cba9a1b5981646301303,2,False,10,True
4,4823,2,assets/targets/lh_hh_trNM_plinko_0001/img.jpg,assets/targets/lh_hh_trNM_plinko_0001/recording.mp4,lh_hh_trNM_plinko_0001,goal_2,False,NA,5d0c46b3dff7d70019e6dda7,68ffc55371128ff03ff45265,6900cba9a1b5981646301303,2,False,10,True
5,6556,3,assets/targets/lh_ll_unlink_plinko_0000/img.jpg,assets/targets/lh_ll_unlink_plinko_0000/recording.mp4,lh_ll_unlink_plinko_0000,goal_3,False,maybe,5d0c46b3dff7d70019e6dda7,68ffc55371128ff03ff45265,6900cba9a1b5981646301303,3,False,10,True
6,6301,0,assets/targets/lh_hh_trNM_plinko_0000/img.jpg,assets/targets/lh_hh_trNM_plinko_0000/recording.mp4,lh_hh_trNM_plinko_0000,goal_0,False,definite,5d0c46b3dff7d70019e6dda7,68ffc55371128ff03ff45265,6900cba9a1b5981646301303,0,False,10,True
7,5025,0,assets/targets/lh_hh_plinko_0000/img.jpg,assets/targets/lh_hh_plinko_0000/recording.mp4,lh_hh_plinko_0000,goal_0,False,NA,5d0c46b3dff7d70019e6dda7,68ffc55371128ff03ff45265,6900cba9a1b5981646301303,0,False,10,True
8,7373,0,assets/targets/hh_hl_unlink_plinko_0202/img.jpg,assets/targets/hh_hl_unlink_plinko_0202/recording.mp4,hh_hl_unlink_plinko_0202,goal_0,False,maybe,5d0c46b3dff7d70019e6dda7,68ffc55371128ff03ff45265,6900cba9a1b5981646301303,0,False,10,True
9,8243,4,assets/fillers/lh_hh_plinko_0000/img.jpg,assets/fillers/lh_hh_plinko_0000/recording.mp4,lh_hh_plinko_0000,goal_4,True,maybe,5d0c46b3dff7d70019e6dda7,68ffc55371128ff03ff45265,6900cba9a1b5981646301303,4,False,10,True
10,6163,1,assets/fillers/lh_hh_plinko_0001/img.jpg,assets/fillers/lh_hh_plinko_0001/recording.mp4,lh_hh_plinko_0001,goal_0,True,maybe,5d0c46b3dff7d70019e6dda7,68ffc55371128ff03ff45265,6900cba9a1b5981646301303,0,False,5,False
11,20528,4,assets/targets/hh_hl_unlink_plinko_0269/img.jpg,assets/targets/hh_hl_unlink_plinko_0269/recording.mp4,hh_hl_unlink_plinko_0269,goal_3,False,maybe,5d0c46b3dff7d70019e6dda7,68ffc55371128ff03ff45265,6900cba9a1b5981646301303,3,False,5,False
12,6664,3,assets/fillers/lh_ll_unlink_plinko_0017/img.jpg,assets/fillers/lh_ll_unlink_plinko_0017/recording.mp4,lh_ll_unlink_plinko_0017,goal_3,True,NA,5d0c46b3dff7d70019e6dda7,68ffc55371128ff03ff45265,6900cba9a1b5981646301303,3,False,10,True
13,4117,2,assets/targets/lh_hh_plinko_0002/img.jpg,assets/targets/lh_hh_plinko_0002/recording.mp4,lh_hh_plinko_0002,goal_2,False,definite,5d0c46b3dff7d70019e6dda7,68ffc55371128ff03ff45265,6900cba9a1b5981646301303,2,False,10,True
14,11015,1,assets/fillers/lh_ll_unlink_plinko_0011/img.jpg,assets/fillers/lh_ll_unlink_plinko_0011/recording.mp4,lh_ll_unlink_plinko_0011,goal_3,True,NA,5d0c46b3dff7d70019e6dda7,68ffc55371128ff03ff45265,6900cba9a1b5981646301303,3,False,0,False
15,3270,1,assets/targets/lh_ll_unlink_plinko_0002/img.jpg,assets/targets/lh_ll_unlink_plinko_0002/recording.mp4,lh_ll_unlink_plinko_0002,goal_1,False,NA,5d0c46b3dff7d70019e6dda7,68ffc55371128ff03ff45265,6900cba9a1b5981646301303,1,False,10,True
16,5165,3,assets/fillers/lh_hh_plinko_0002/img.jpg,assets/fillers/lh_hh_plinko_0002/recording.mp4,lh_hh_plinko_0002,goal_3,True,NA,5d0c46b3dff7d70019e6dda7,68ffc55371128ff03ff45265,6900cba9a1b5981646301303,3,False,10,True
17,3111,4,assets/targets/hh_hl_unlink_plinko_0240/img.jpg,assets/targets/hh_hl_unlink_plinko_0240/recording.mp4,hh_hl_unlink_plinko_0240,goal_0,False,maybe,5d0c46b3dff7d70019e6dda7,68ffc55371128ff03ff45265,6900cba9a1b5981646301303,0,False,0,False
18,4224,1,assets/targets/lh_ll_unlink_plinko_0001/img.jpg,assets/targets/lh_ll_unlink_plinko_0001/recording.mp4,lh_ll_unlink_plinko_0001,goal_1,False,NA,5d0c46b3dff7d70019e6dda7,68ffc55371128ff03ff45265,6900cba9a1b5981646301303,1,False,10,True
19,4818,3,assets/fillers/lh_hh_trNM_plinko_0002/img.jpg,assets/fillers/lh_hh_trNM_plinko_0002/recording.mp4,lh_hh_trNM_plinko_0002,goal_4,True,NA,5d0c46b3dff7d70019e6dda7,68ffc55371128ff03ff45265,6900cba9a1b5981646301303,4,False,5,False
20,2694,2,assets/fillers/catch/img.jpg,assets/fillers/catch/recording.mp4,catch,goal_2,True,NA,5d0c46b3dff7d70019e6dda7,68ffc55371128ff03ff45265,6900cba9a1b5981646301303,2,False,10,True
21,1800,4,assets/targets/lh_hh_trNM_plinko_0002/img.jpg,assets/targets/lh_hh_trNM_plinko_0002/recording.mp4,lh_hh_trNM_plinko_0002,goal_4,False,definite,5d0c46b3dff7d70019e6dda7,68ffc55371128ff03ff45265,6900cba9a1b5981646301303,4,False,10,True
22,2223,4,assets/targets/lh_hh_plinko_0003/img.jpg,assets/targets/lh_hh_plinko_0003/recording.mp4,lh_hh_plinko_0003,goal_4,False,NA,5d0c46b3dff7d70019e6dda7,68ffc55371128ff03ff45265,6900cba9a1b5981646301303,4,False,10,True
23,2100,3,assets/targets/lh_hh_plinko_0001/img.jpg,assets/targets/lh_hh_plinko_0001/recording.mp4,lh_hh_plinko_0001,goal_3,False,NA,5d0c46b3dff7d70019e6dda7,68ffc55371128ff03ff45265,6900cba9a1b5981646301303,3,False,10,True
24,4408,0,assets/targets/hh_hl_unlink_plinko_0246/img.jpg,assets/targets/hh_hl_unlink_plinko_0246/recording.mp4,hh_hl_unlink_plinko_0246,goal_2,False,maybe,5d0c46b3dff7d70019e6dda7,68ffc55371128ff03ff45265,6900cba9a1b5981646301303,2,False,0,False
0,7158,2,assets/fillers/lh_hh_plinko_0001/img.jpg,assets/fillers/lh_hh_plinko_0001/recording.mp4,lh_hh_plinko_0001,goal_0,True,maybe,6772a5c5190112e5dcbf6394,68ffc55371128ff03ff45265,6900caa36d34168c4fe0c156,0,False,0,False
1,6090,1,assets/fillers/lh_ll_unlink_plinko_0011/img.jpg,assets/fillers/lh_ll_unlink_plinko_0011/recording.mp4,lh_ll_unlink_plinko_0011,goal_3,True,NA,6772a5c5190112e5dcbf6394,68ffc55371128ff03ff45265,6900caa36d34168c4fe0c156,3,False,0,False
2,5073,1,assets/fillers/lh_hh_trNM_plinko_0001/img.jpg,assets/fillers/lh_hh_trNM_plinko_0001/recording.mp4,lh_hh_trNM_plinko_0001,goal_4,True,NA,6772a5c5190112e5dcbf6394,68ffc55371128ff03ff45265,6900caa36d34168c4fe0c156,4,False,0,False
3,4362,3,assets/targets/lh_ll_unlink_plinko_0000/img.jpg,assets/targets/lh_ll_unlink_plinko_0000/recording.mp4,lh_ll_unlink_plinko_0000,goal_3,False,maybe,6772a5c5190112e5dcbf6394,68ffc55371128ff03ff45265,6900caa36d34168c4fe0c156,3,False,10,True
4,9871,4,assets/targets/lh_hh_plinko_0003/img.jpg,assets/targets/lh_hh_plinko_0003/recording.mp4,lh_hh_plinko_0003,goal_4,False,NA,6772a5c5190112e5dcbf6394,68ffc55371128ff03ff45265,6900caa36d34168c4fe0c156,4,False,10,True
5,6327,1,assets/fillers/lh_ll_unlink_plinko_0021/img.jpg,assets/fillers/lh_ll_unlink_plinko_0021/recording.mp4,lh_ll_unlink_plinko_0021,goal_1,True,definite,6772a5c5190112e5dcbf6394,68ffc55371128ff03ff45265,6900caa36d34168c4fe0c156,1,False,10,True
6,7498,0,assets/targets/hh_hl_unlink_plinko_0246/img.jpg,assets/targets/hh_hl_unlink_plinko_0246/recording.mp4,hh_hl_unlink_plinko_0246,goal_2,False,maybe,6772a5c5190112e5dcbf6394,68ffc55371128ff03ff45265,6900caa36d34168c4fe0c156,2,False,0,False
7,6699,2,assets/targets/hh_hl_unlink_plinko_0393/img.jpg,assets/targets/hh_hl_unlink_plinko_0393/recording.mp4,hh_hl_unlink_plinko_0393,goal_2,False,maybe,6772a5c5190112e5dcbf6394,68ffc55371128ff03ff45265,6900caa36d34168c4fe0c156,2,False,10,True
8,8627,3,assets/fillers/lh_hh_trNM_plinko_0002/img.jpg,assets/fillers/lh_hh_trNM_plinko_0002/recording.mp4,lh_hh_trNM_plinko_0002,goal_4,True,NA,6772a5c5190112e5dcbf6394,68ffc55371128ff03ff45265,6900caa36d34168c4fe0c156,4,False,5,False
9,6732,0,assets/targets/lh_hh_trNM_plinko_0000/img.jpg,assets/targets/lh_hh_trNM_plinko_0000/recording.mp4,lh_hh_trNM_plinko_0000,goal_0,False,definite,6772a5c5190112e5dcbf6394,68ffc55371128ff03ff45265,6900caa36d34168c4fe0c156,0,False,10,True
10,10007,1,assets/targets/hh_hl_unlink_plinko_0269/img.jpg,assets/targets/hh_hl_unlink_plinko_0269/recording.mp4,hh_hl_unlink_plinko_0269,goal_3,False,maybe,6772a5c5190112e5dcbf6394,68ffc55371128ff03ff45265,6900caa36d34168c4fe0c156,3,False,0,False
11,9479,2,assets/fillers/lh_ll_unlink_plinko_0009/img.jpg,assets/fillers/lh_ll_unlink_plinko_0009/recording.mp4,lh_ll_unlink_plinko_0009,goal_3,True,NA,6772a5c5190112e5dcbf6394,68ffc55371128ff03ff45265,6900caa36d34168c4fe0c156,3,False,5,False
12,5409,1,assets/targets/lh_ll_unlink_plinko_0002/img.jpg,assets/targets/lh_ll_unlink_plinko_0002/recording.mp4,lh_ll_unlink_plinko_0002,goal_1,False,NA,6772a5c5190112e5dcbf6394,68ffc55371128ff03ff45265,6900caa36d34168c4fe0c156,1,False,10,True
13,14707,2,assets/targets/lh_hh_trNM_plinko_0001/img.jpg,assets/targets/lh_hh_trNM_plinko_0001/recording.mp4,lh_hh_trNM_plinko_0001,goal_2,False,NA,6772a5c5190112e5dcbf6394,68ffc55371128ff03ff45265,6900caa36d34168c4fe0c156,2,False,10,True
14,26665,3,assets/targets/lh_hh_plinko_0002/img.jpg,assets/targets/lh_hh_plinko_0002/recording.mp4,lh_hh_plinko_0002,goal_2,False,definite,6772a5c5190112e5dcbf6394,68ffc55371128ff03ff45265,6900caa36d34168c4fe0c156,2,False,5,False
15,11051,0,assets/targets/lh_hh_plinko_0000/img.jpg,assets/targets/lh_hh_plinko_0000/recording.mp4,lh_hh_plinko_0000,goal_0,False,NA,6772a5c5190112e5dcbf6394,68ffc55371128ff03ff45265,6900caa36d34168c4fe0c156,0,False,10,True
16,12850,1,assets/fillers/catch/img.jpg,assets/fillers/catch/recording.mp4,catch,goal_2,True,NA,6772a5c5190112e5dcbf6394,68ffc55371128ff03ff45265,6900caa36d34168c4fe0c156,2,False,5,False
17,6311,3,assets/targets/lh_hh_plinko_0001/img.jpg,assets/targets/lh_hh_plinko_0001/recording.mp4,lh_hh_plinko_0001,goal_3,False,NA,6772a5c5190112e5dcbf6394,68ffc55371128ff03ff45265,6900caa36d34168c4fe0c156,3,False,10,True
18,7560,4,assets/targets/lh_hh_trNM_plinko_0002/img.jpg,assets/targets/lh_hh_trNM_plinko_0002/recording.mp4,lh_hh_trNM_plinko_0002,goal_4,False,definite,6772a5c5190112e5dcbf6394,68ffc55371128ff03ff45265,6900caa36d34168c4fe0c156,4,False,10,True
19,6168,2,assets/targets/hh_hl_unlink_plinko_0202/img.jpg,assets/targets/hh_hl_unlink_plinko_0202/recording.mp4,hh_hl_unlink_plinko_0202,goal_0,False,maybe,6772a5c5190112e5dcbf6394,68ffc55371128ff03ff45265,6900caa36d34168c4fe0c156,0,False,0,False
20,10197,3,assets/targets/hh_hl_unlink_plinko_0240/img.jpg,assets/targets/hh_hl_unlink_plinko_0240/recording.mp4,hh_hl_unlink_plinko_0240,goal_0,False,maybe,6772a5c5190112e5dcbf6394,68ffc55371128ff03ff45265,6900caa36d34168c4fe0c156,0,False,0,False
21,8114,1,assets/targets/lh_ll_unlink_plinko_0001/img.jpg,assets/targets/lh_ll_unlink_plinko_0001/recording.mp4,lh_ll_unlink_plinko_0001,goal_1,False,NA,6772a5c5190112e5dcbf6394,68ffc55371128ff03ff45265,6900caa36d34168c4fe0c156,1,False,10,True
22,12487,2,assets/fillers/lh_hh_plinko_0000/img.jpg,assets/fillers/lh_hh_plinko_0000/recording.mp4,lh_hh_plinko_0000,goal_4,True,maybe,6772a5c5190112e5dcbf6394,68ffc55371128ff03ff45265,6900caa36d34168c4fe0c156,4,False,0,False
23,7844,3,assets/fillers/lh_ll_unlink_plinko_0017/img.jpg,assets/fillers/lh_ll_unlink_plinko_0017/recording.mp4,lh_ll_unlink_plinko_0017,goal_3,True,NA,6772a5c5190112e5dcbf6394,68ffc55371128ff03ff45265,6900caa36d34168c4fe0c156,3,False,10,True
24,7586,3,assets/fillers/lh_hh_plinko_0002/img.jpg,assets/fillers/lh_hh_plinko_0002/recording.mp4,lh_hh_plinko_0002,goal_3,True,NA,6772a5c5190112e5dcbf6394,68ffc55371128ff03ff45265,6900caa36d34168c4fe0c156,3,False,10,True
0,4066,2,assets/fillers/catch/img.jpg,assets/fillers/catch/recording.mp4,catch,goal_2,True,NA,5623f187ed6e5a0011c81083,68ffc55371128ff03ff45265,6900cc31b49c480ff7bf5d7c,2,False,10,True
1,6829,2,assets/fillers/lh_hh_plinko_0001/img.jpg,assets/fillers/lh_hh_plinko_0001/recording.mp4,lh_hh_plinko_0001,goal_0,True,maybe,5623f187ed6e5a0011c81083,68ffc55371128ff03ff45265,6900cc31b49c480ff7bf5d7c,0,False,0,False
2,5771,1,assets/fillers/lh_ll_unlink_plinko_0021/img.jpg,assets/fillers/lh_ll_unlink_plinko_0021/recording.mp4,lh_ll_unlink_plinko_0021,goal_1,True,definite,5623f187ed6e5a0011c81083,68ffc55371128ff03ff45265,6900cc31b49c480ff7bf5d7c,1,False,10,True
3,5560,3,assets/targets/lh_ll_unlink_plinko_0000/img.jpg,assets/targets/lh_ll_unlink_plinko_0000/recording.mp4,lh_ll_unlink_plinko_0000,goal_3,False,maybe,5623f187ed6e5a0011c81083,68ffc55371128ff03ff45265,6900cc31b49c480ff7bf5d7c,3,False,10,True
4,5177,4,assets/targets/lh_hh_plinko_0003/img.jpg,assets/targets/lh_hh_plinko_0003/recording.mp4,lh_hh_plinko_0003,goal_4,False,NA,5623f187ed6e5a0011c81083,68ffc55371128ff03ff45265,6900cc31b49c480ff7bf5d7c,4,False,10,True
5,6868,3,assets/fillers/lh_ll_unlink_plinko_0011/img.jpg,assets/fillers/lh_ll_unlink_plinko_0011/recording.mp4,lh_ll_unlink_plinko_0011,goal_3,True,NA,5623f187ed6e5a0011c81083,68ffc55371128ff03ff45265,6900cc31b49c480ff7bf5d7c,3,False,10,True
6,8855,2,assets/fillers/lh_hh_plinko_0002/img.jpg,assets/fillers/lh_hh_plinko_0002/recording.mp4,lh_hh_plinko_0002,goal_3,True,NA,5623f187ed6e5a0011c81083,68ffc55371128ff03ff45265,6900cc31b49c480ff7bf5d7c,3,False,5,False
7,6165,2,assets/targets/lh_hh_trNM_plinko_0001/img.jpg,assets/targets/lh_hh_trNM_plinko_0001/recording.mp4,lh_hh_trNM_plinko_0001,goal_2,False,NA,5623f187ed6e5a0011c81083,68ffc55371128ff03ff45265,6900cc31b49c480ff7bf5d7c,2,False,10,True
8,8215,2,assets/targets/hh_hl_unlink_plinko_0240/img.jpg,assets/targets/hh_hl_unlink_plinko_0240/recording.mp4,hh_hl_unlink_plinko_0240,goal_0,False,maybe,5623f187ed6e5a0011c81083,68ffc55371128ff03ff45265,6900cc31b49c480ff7bf5d7c,0,False,0,False
9,5648,3,assets/targets/lh_hh_plinko_0001/img.jpg,assets/targets/lh_hh_plinko_0001/recording.mp4,lh_hh_plinko_0001,goal_3,False,NA,5623f187ed6e5a0011c81083,68ffc55371128ff03ff45265,6900cc31b49c480ff7bf5d7c,3,False,10,True
10,10053,2,assets/targets/lh_hh_plinko_0002/img.jpg,assets/targets/lh_hh_plinko_0002/recording.mp4,lh_hh_plinko_0002,goal_2,False,definite,5623f187ed6e5a0011c81083,68ffc55371128ff03ff45265,6900cc31b49c480ff7bf5d7c,2,False,10,True
11,11519,4,assets/fillers/lh_hh_plinko_0000/img.jpg,assets/fillers/lh_hh_plinko_0000/recording.mp4,lh_hh_plinko_0000,goal_4,True,maybe,5623f187ed6e5a0011c81083,68ffc55371128ff03ff45265,6900cc31b49c480ff7bf5d7c,4,False,10,True
12,6017,3,assets/fillers/lh_hh_trNM_plinko_0002/img.jpg,assets/fillers/lh_hh_trNM_plinko_0002/recording.mp4,lh_hh_trNM_plinko_0002,goal_4,True,NA,5623f187ed6e5a0011c81083,68ffc55371128ff03ff45265,6900cc31b49c480ff7bf5d7c,4,False,5,False
13,9916,3,assets/targets/hh_hl_unlink_plinko_0269/img.jpg,assets/targets/hh_hl_unlink_plinko_0269/recording.mp4,hh_hl_unlink_plinko_0269,goal_3,False,maybe,5623f187ed6e5a0011c81083,68ffc55371128ff03ff45265,6900cc31b49c480ff7bf5d7c,3,False,10,True
14,3501,4,assets/targets/lh_hh_trNM_plinko_0002/img.jpg,assets/targets/lh_hh_trNM_plinko_0002/recording.mp4,lh_hh_trNM_plinko_0002,goal_4,False,definite,5623f187ed6e5a0011c81083,68ffc55371128ff03ff45265,6900cc31b49c480ff7bf5d7c,4,False,10,True
15,7498,2,assets/fillers/lh_hh_trNM_plinko_0001/img.jpg,assets/fillers/lh_hh_trNM_plinko_0001/recording.mp4,lh_hh_trNM_plinko_0001,goal_4,True,NA,5623f187ed6e5a0011c81083,68ffc55371128ff03ff45265,6900cc31b49c480ff7bf5d7c,4,False,0,False
16,5746,0,assets/targets/lh_hh_plinko_0000/img.jpg,assets/targets/lh_hh_plinko_0000/recording.mp4,lh_hh_plinko_0000,goal_0,False,NA,5623f187ed6e5a0011c81083,68ffc55371128ff03ff45265,6900cc31b49c480ff7bf5d7c,0,False,10,True
17,3922,0,assets/targets/lh_hh_trNM_plinko_0000/img.jpg,assets/targets/lh_hh_trNM_plinko_0000/recording.mp4,lh_hh_trNM_plinko_0000,goal_0,False,definite,5623f187ed6e5a0011c81083,68ffc55371128ff03ff45265,6900cc31b49c480ff7bf5d7c,0,False,10,True
18,15913,0,assets/targets/hh_hl_unlink_plinko_0393/img.jpg,assets/targets/hh_hl_unlink_plinko_0393/recording.mp4,hh_hl_unlink_plinko_0393,goal_2,False,maybe,5623f187ed6e5a0011c81083,68ffc55371128ff03ff45265,6900cc31b49c480ff7bf5d7c,2,False,0,False
19,4882,3,assets/fillers/lh_ll_unlink_plinko_0017/img.jpg,assets/fillers/lh_ll_unlink_plinko_0017/recording.mp4,lh_ll_unlink_plinko_0017,goal_3,True,NA,5623f187ed6e5a0011c81083,68ffc55371128ff03ff45265,6900cc31b49c480ff7bf5d7c,3,False,10,True
20,8756,3,assets/fillers/lh_ll_unlink_plinko_0009/img.jpg,assets/fillers/lh_ll_unlink_plinko_0009/recording.mp4,lh_ll_unlink_plinko_0009,goal_3,True,NA,5623f187ed6e5a0011c81083,68ffc55371128ff03ff45265,6900cc31b49c480ff7bf5d7c,3,False,10,True
21,6597,1,assets/targets/lh_ll_unlink_plinko_0001/img.jpg,assets/targets/lh_ll_unlink_plinko_0001/recording.mp4,lh_ll_unlink_plinko_0001,goal_1,False,NA,5623f187ed6e5a0011c81083,68ffc55371128ff03ff45265,6900cc31b49c480ff7bf5d7c,1,False,10,True
22,5302,2,assets/targets/hh_hl_unlink_plinko_0202/img.jpg,assets/targets/hh_hl_unlink_plinko_0202/recording.mp4,hh_hl_unlink_plinko_0202,goal_0,False,maybe,5623f187ed6e5a0011c81083,68ffc55371128ff03ff45265,6900cc31b49c480ff7bf5d7c,0,False,0,False
23,6980,2,assets/targets/hh_hl_unlink_plinko_0246/img.jpg,assets/targets/hh_hl_unlink_plinko_0246/recording.mp4,hh_hl_unlink_plinko_0246,goal_2,False,maybe,5623f187ed6e5a0011c81083,68ffc55371128ff03ff45265,6900cc31b49c480ff7bf5d7c,2,False,10,True
24,5574,1,assets/targets/lh_ll_unlink_plinko_0002/img.jpg,assets/targets/lh_ll_unlink_plinko_0002/recording.mp4,lh_ll_unlink_plinko_0002,goal_1,False,NA,5623f187ed6e5a0011c81083,68ffc55371128ff03ff45265,6900cc31b49c480ff7bf5d7c,1,False,10,True
0,12969,4,assets/fillers/lh_hh_trNM_plinko_0001/img.jpg,assets/fillers/lh_hh_trNM_plinko_0001/recording.mp4,lh_hh_trNM_plinko_0001,goal_4,True,NA,626976d0dfd20d6832fc92aa,68ffc55371128ff03ff45265,6900cb38e0300f7a6593d05d,4,False,10,True
1,8783,3,assets/fillers/lh_hh_plinko_0002/img.jpg,assets/fillers/lh_hh_plinko_0002/recording.mp4,lh_hh_plinko_0002,goal_3,True,NA,626976d0dfd20d6832fc92aa,68ffc55371128ff03ff45265,6900cb38e0300f7a6593d05d,3,False,10,True
2,7053,3,assets/fillers/lh_ll_unlink_plinko_0017/img.jpg,assets/fillers/lh_ll_unlink_plinko_0017/recording.mp4,lh_ll_unlink_plinko_0017,goal_3,True,NA,626976d0dfd20d6832fc92aa,68ffc55371128ff03ff45265,6900cb38e0300f7a6593d05d,3,False,10,True
3,6091,3,assets/fillers/lh_ll_unlink_plinko_0009/img.jpg,assets/fillers/lh_ll_unlink_plinko_0009/recording.mp4,lh_ll_unlink_plinko_0009,goal_3,True,NA,626976d0dfd20d6832fc92aa,68ffc55371128ff03ff45265,6900cb38e0300f7a6593d05d,3,False,10,True
4,17185,4,assets/targets/hh_hl_unlink_plinko_0240/img.jpg,assets/targets/hh_hl_unlink_plinko_0240/recording.mp4,hh_hl_unlink_plinko_0240,goal_0,False,maybe,626976d0dfd20d6832fc92aa,68ffc55371128ff03ff45265,6900cb38e0300f7a6593d05d,0,False,0,False
5,9619,2,assets/targets/hh_hl_unlink_plinko_0246/img.jpg,assets/targets/hh_hl_unlink_plinko_0246/recording.mp4,hh_hl_unlink_plinko_0246,goal_2,False,maybe,626976d0dfd20d6832fc92aa,68ffc55371128ff03ff45265,6900cb38e0300f7a6593d05d,2,False,10,True
6,3767,1,assets/targets/hh_hl_unlink_plinko_0202/img.jpg,assets/targets/hh_hl_unlink_plinko_0202/recording.mp4,hh_hl_unlink_plinko_0202,goal_0,False,maybe,626976d0dfd20d6832fc92aa,68ffc55371128ff03ff45265,6900cb38e0300f7a6593d05d,0,False,5,False
7,3457,2,assets/targets/lh_hh_trNM_plinko_0001/img.jpg,assets/targets/lh_hh_trNM_plinko_0001/recording.mp4,lh_hh_trNM_plinko_0001,goal_2,False,NA,626976d0dfd20d6832fc92aa,68ffc55371128ff03ff45265,6900cb38e0300f7a6593d05d,2,False,10,True
8,4139,1,assets/fillers/lh_hh_plinko_0001/img.jpg,assets/fillers/lh_hh_plinko_0001/recording.mp4,lh_hh_plinko_0001,goal_0,True,maybe,626976d0dfd20d6832fc92aa,68ffc55371128ff03ff45265,6900cb38e0300f7a6593d05d,0,False,5,False
9,3223,3,assets/fillers/lh_hh_trNM_plinko_0002/img.jpg,assets/fillers/lh_hh_trNM_plinko_0002/recording.mp4,lh_hh_trNM_plinko_0002,goal_4,True,NA,626976d0dfd20d6832fc92aa,68ffc55371128ff03ff45265,6900cb38e0300f7a6593d05d,4,False,5,False
10,6139,0,assets/targets/lh_hh_plinko_0000/img.jpg,assets/targets/lh_hh_plinko_0000/recording.mp4,lh_hh_plinko_0000,goal_0,False,NA,626976d0dfd20d6832fc92aa,68ffc55371128ff03ff45265,6900cb38e0300f7a6593d05d,0,False,10,True
11,3743,3,assets/fillers/lh_ll_unlink_plinko_0011/img.jpg,assets/fillers/lh_ll_unlink_plinko_0011/recording.mp4,lh_ll_unlink_plinko_0011,goal_3,True,NA,626976d0dfd20d6832fc92aa,68ffc55371128ff03ff45265,6900cb38e0300f7a6593d05d,3,False,10,True
12,7665,4,assets/fillers/lh_hh_plinko_0000/img.jpg,assets/fillers/lh_hh_plinko_0000/recording.mp4,lh_hh_plinko_0000,goal_4,True,maybe,626976d0dfd20d6832fc92aa,68ffc55371128ff03ff45265,6900cb38e0300f7a6593d05d,4,False,10,True
13,7587,1,assets/targets/lh_ll_unlink_plinko_0002/img.jpg,assets/targets/lh_ll_unlink_plinko_0002/recording.mp4,lh_ll_unlink_plinko_0002,goal_1,False,NA,626976d0dfd20d6832fc92aa,68ffc55371128ff03ff45265,6900cb38e0300f7a6593d05d,1,False,10,True
14,4874,4,assets/targets/lh_hh_trNM_plinko_0002/img.jpg,assets/targets/lh_hh_trNM_plinko_0002/recording.mp4,lh_hh_trNM_plinko_0002,goal_4,False,definite,626976d0dfd20d6832fc92aa,68ffc55371128ff03ff45265,6900cb38e0300f7a6593d05d,4,False,10,True
15,5395,3,assets/targets/lh_hh_plinko_0001/img.jpg,assets/targets/lh_hh_plinko_0001/recording.mp4,lh_hh_plinko_0001,goal_3,False,NA,626976d0dfd20d6832fc92aa,68ffc55371128ff03ff45265,6900cb38e0300f7a6593d05d,3,False,10,True
16,6185,4,assets/targets/lh_hh_plinko_0003/img.jpg,assets/targets/lh_hh_plinko_0003/recording.mp4,lh_hh_plinko_0003,goal_4,False,NA,626976d0dfd20d6832fc92aa,68ffc55371128ff03ff45265,6900cb38e0300f7a6593d05d,4,False,10,True
17,5681,1,assets/targets/lh_ll_unlink_plinko_0001/img.jpg,assets/targets/lh_ll_unlink_plinko_0001/recording.mp4,lh_ll_unlink_plinko_0001,goal_1,False,NA,626976d0dfd20d6832fc92aa,68ffc55371128ff03ff45265,6900cb38e0300f7a6593d05d,1,False,10,True
18,14719,1,assets/fillers/lh_ll_unlink_plinko_0021/img.jpg,assets/fillers/lh_ll_unlink_plinko_0021/recording.mp4,lh_ll_unlink_plinko_0021,goal_1,True,definite,626976d0dfd20d6832fc92aa,68ffc55371128ff03ff45265,6900cb38e0300f7a6593d05d,1,False,10,True
19,7944,0,assets/targets/lh_hh_trNM_plinko_0000/img.jpg,assets/targets/lh_hh_trNM_plinko_0000/recording.mp4,lh_hh_trNM_plinko_0000,goal_0,False,definite,626976d0dfd20d6832fc92aa,68ffc55371128ff03ff45265,6900cb38e0300f7a6593d05d,0,False,10,True
20,3963,2,assets/fillers/catch/img.jpg,assets/fillers/catch/recording.mp4,catch,goal_2,True,NA,626976d0dfd20d6832fc92aa,68ffc55371128ff03ff45265,6900cb38e0300f7a6593d05d,2,False,10,True
21,3667,3,assets/targets/lh_ll_unlink_plinko_0000/img.jpg,assets/targets/lh_ll_unlink_plinko_0000/recording.mp4,lh_ll_unlink_plinko_0000,goal_3,False,maybe,626976d0dfd20d6832fc92aa,68ffc55371128ff03ff45265,6900cb38e0300f7a6593d05d,3,False,10,True
22,12621,3,assets/targets/hh_hl_unlink_plinko_0269/img.jpg,assets/targets/hh_hl_unlink_plinko_0269/recording.mp4,hh_hl_unlink_plinko_0269,goal_3,False,maybe,626976d0dfd20d6832fc92aa,68ffc55371128ff03ff45265,6900cb38e0300f7a6593d05d,3,False,10,True
23,4953,2,assets/targets/lh_hh_plinko_0002/img.jpg,assets/targets/lh_hh_plinko_0002/recording.mp4,lh_hh_plinko_0002,goal_2,False,definite,626976d0dfd20d6832fc92aa,68ffc55371128ff03ff45265,6900cb38e0300f7a6593d05d,2,False,10,True
24,10649,0,assets/targets/hh_hl_unlink_plinko_0393/img.jpg,assets/targets/hh_hl_unlink_plinko_0393/recording.mp4,hh_hl_unlink_plinko_0393,goal_2,False,maybe,626976d0dfd20d6832fc92aa,68ffc55371128ff03ff45265,6900cb38e0300f7a6593d05d,2,False,0,False
0,14984,3,assets/fillers/lh_ll_unlink_plinko_0021/img.jpg,assets/fillers/lh_ll_unlink_plinko_0021/recording.mp4,lh_ll_unlink_plinko_0021,goal_1,True,definite,67ddd4f85ab870ffd90cc888,68ffc55371128ff03ff45265,6900caa44822a3118bf856de,1,False,0,False
1,14795,3,assets/fillers/lh_ll_unlink_plinko_0017/img.jpg,assets/fillers/lh_ll_unlink_plinko_0017/recording.mp4,lh_ll_unlink_plinko_0017,goal_3,True,NA,67ddd4f85ab870ffd90cc888,68ffc55371128ff03ff45265,6900caa44822a3118bf856de,3,False,10,True
2,21344,2,assets/fillers/lh_ll_unlink_plinko_0011/img.jpg,assets/fillers/lh_ll_unlink_plinko_0011/recording.mp4,lh_ll_unlink_plinko_0011,goal_3,True,NA,67ddd4f85ab870ffd90cc888,68ffc55371128ff03ff45265,6900caa44822a3118bf856de,3,False,5,False
3,8728,2,assets/fillers/lh_hh_plinko_0000/img.jpg,assets/fillers/lh_hh_plinko_0000/recording.mp4,lh_hh_plinko_0000,goal_4,True,maybe,67ddd4f85ab870ffd90cc888,68ffc55371128ff03ff45265,6900caa44822a3118bf856de,4,False,0,False
4,12425,0,assets/targets/lh_hh_plinko_0000/img.jpg,assets/targets/lh_hh_plinko_0000/recording.mp4,lh_hh_plinko_0000,goal_0,False,NA,67ddd4f85ab870ffd90cc888,68ffc55371128ff03ff45265,6900caa44822a3118bf856de,0,False,10,True
5,12979,4,assets/targets/hh_hl_unlink_plinko_0240/img.jpg,assets/targets/hh_hl_unlink_plinko_0240/recording.mp4,hh_hl_unlink_plinko_0240,goal_0,False,maybe,67ddd4f85ab870ffd90cc888,68ffc55371128ff03ff45265,6900caa44822a3118bf856de,0,False,0,False
6,8043,2,assets/targets/hh_hl_unlink_plinko_0202/img.jpg,assets/targets/hh_hl_unlink_plinko_0202/recording.mp4,hh_hl_unlink_plinko_0202,goal_0,False,maybe,67ddd4f85ab870ffd90cc888,68ffc55371128ff03ff45265,6900caa44822a3118bf856de,0,False,0,False
7,17507,2,assets/targets/hh_hl_unlink_plinko_0246/img.jpg,assets/targets/hh_hl_unlink_plinko_0246/recording.mp4,hh_hl_unlink_plinko_0246,goal_2,False,maybe,67ddd4f85ab870ffd90cc888,68ffc55371128ff03ff45265,6900caa44822a3118bf856de,2,False,10,True
8,21056,2,assets/targets/lh_hh_trNM_plinko_0001/img.jpg,assets/targets/lh_hh_trNM_plinko_0001/recording.mp4,lh_hh_trNM_plinko_0001,goal_2,False,NA,67ddd4f85ab870ffd90cc888,68ffc55371128ff03ff45265,6900caa44822a3118bf856de,2,False,10,True
9,13397,1,assets/fillers/lh_hh_plinko_0002/img.jpg,assets/fillers/lh_hh_plinko_0002/recording.mp4,lh_hh_plinko_0002,goal_3,True,NA,67ddd4f85ab870ffd90cc888,68ffc55371128ff03ff45265,6900caa44822a3118bf856de,3,False,0,False
10,12963,4,assets/targets/lh_hh_trNM_plinko_0002/img.jpg,assets/targets/lh_hh_trNM_plinko_0002/recording.mp4,lh_hh_trNM_plinko_0002,goal_4,False,definite,67ddd4f85ab870ffd90cc888,68ffc55371128ff03ff45265,6900caa44822a3118bf856de,4,False,10,True
11,12894,1,assets/targets/lh_ll_unlink_plinko_0001/img.jpg,assets/targets/lh_ll_unlink_plinko_0001/recording.mp4,lh_ll_unlink_plinko_0001,goal_1,False,NA,67ddd4f85ab870ffd90cc888,68ffc55371128ff03ff45265,6900caa44822a3118bf856de,1,False,10,True
12,9614,1,assets/targets/lh_ll_unlink_plinko_0002/img.jpg,assets/targets/lh_ll_unlink_plinko_0002/recording.mp4,lh_ll_unlink_plinko_0002,goal_1,False,NA,67ddd4f85ab870ffd90cc888,68ffc55371128ff03ff45265,6900caa44822a3118bf856de,1,False,10,True
13,15835,3,assets/fillers/lh_ll_unlink_plinko_0009/img.jpg,assets/fillers/lh_ll_unlink_plinko_0009/recording.mp4,lh_ll_unlink_plinko_0009,goal_3,True,NA,67ddd4f85ab870ffd90cc888,68ffc55371128ff03ff45265,6900caa44822a3118bf856de,3,False,10,True
14,8482,3,assets/targets/lh_hh_plinko_0001/img.jpg,assets/targets/lh_hh_plinko_0001/recording.mp4,lh_hh_plinko_0001,goal_3,False,NA,67ddd4f85ab870ffd90cc888,68ffc55371128ff03ff45265,6900caa44822a3118bf856de,3,False,10,True
15,12173,4,assets/targets/hh_hl_unlink_plinko_0269/img.jpg,assets/targets/hh_hl_unlink_plinko_0269/recording.mp4,hh_hl_unlink_plinko_0269,goal_3,False,maybe,67ddd4f85ab870ffd90cc888,68ffc55371128ff03ff45265,6900caa44822a3118bf856de,3,False,5,False
16,10127,2,assets/targets/lh_hh_plinko_0002/img.jpg,assets/targets/lh_hh_plinko_0002/recording.mp4,lh_hh_plinko_0002,goal_2,False,definite,67ddd4f85ab870ffd90cc888,68ffc55371128ff03ff45265,6900caa44822a3118bf856de,2,False,10,True
17,12288,3,assets/fillers/lh_hh_trNM_plinko_0002/img.jpg,assets/fillers/lh_hh_trNM_plinko_0002/recording.mp4,lh_hh_trNM_plinko_0002,goal_4,True,NA,67ddd4f85ab870ffd90cc888,68ffc55371128ff03ff45265,6900caa44822a3118bf856de,4,False,5,False
18,11572,4,assets/targets/lh_hh_plinko_0003/img.jpg,assets/targets/lh_hh_plinko_0003/recording.mp4,lh_hh_plinko_0003,goal_4,False,NA,67ddd4f85ab870ffd90cc888,68ffc55371128ff03ff45265,6900caa44822a3118bf856de,4,False,10,True
19,17564,4,assets/targets/hh_hl_unlink_plinko_0393/img.jpg,assets/targets/hh_hl_unlink_plinko_0393/recording.mp4,hh_hl_unlink_plinko_0393,goal_2,False,maybe,67ddd4f85ab870ffd90cc888,68ffc55371128ff03ff45265,6900caa44822a3118bf856de,2,False,0,False
20,10896,2,assets/fillers/catch/img.jpg,assets/fillers/catch/recording.mp4,catch,goal_2,True,NA,67ddd4f85ab870ffd90cc888,68ffc55371128ff03ff45265,6900caa44822a3118bf856de,2,False,10,True
21,11030,1,assets/fillers/lh_hh_plinko_0001/img.jpg,assets/fillers/lh_hh_plinko_0001/recording.mp4,lh_hh_plinko_0001,goal_0,True,maybe,67ddd4f85ab870ffd90cc888,68ffc55371128ff03ff45265,6900caa44822a3118bf856de,0,False,5,False
22,8360,4,assets/fillers/lh_hh_trNM_plinko_0001/img.jpg,assets/fillers/lh_hh_trNM_plinko_0001/recording.mp4,lh_hh_trNM_plinko_0001,goal_4,True,NA,67ddd4f85ab870ffd90cc888,68ffc55371128ff03ff45265,6900caa44822a3118bf856de,4,False,10,True
23,7096,3,assets/targets/lh_ll_unlink_plinko_0000/img.jpg,assets/targets/lh_ll_unlink_plinko_0000/recording.mp4,lh_ll_unlink_plinko_0000,goal_3,False,maybe,67ddd4f85ab870ffd90cc888,68ffc55371128ff03ff45265,6900caa44822a3118bf856de,3,False,10,True
24,17867,3,assets/targets/lh_hh_trNM_plinko_0000/img.jpg,assets/targets/lh_hh_trNM_plinko_0000/recording.mp4,lh_hh_trNM_plinko_0000,goal_0,False,definite,67ddd4f85ab870ffd90cc888,68ffc55371128ff03ff45265,6900caa44822a3118bf856de,0,False,0,False
0,15401,4,assets/fillers/lh_hh_plinko_0000/img.jpg,assets/fillers/lh_hh_plinko_0000/recording.mp4,lh_hh_plinko_0000,goal_4,True,maybe,6703a8492c7e38dd173549e5,68ffc55371128ff03ff45265,6900cb2e42cedb486114e4ea,4,False,10,True
1,12657,2,assets/fillers/lh_ll_unlink_plinko_0011/img.jpg,assets/fillers/lh_ll_unlink_plinko_0011/recording.mp4,lh_ll_unlink_plinko_0011,goal_3,True,NA,6703a8492c7e38dd173549e5,68ffc55371128ff03ff45265,6900cb2e42cedb486114e4ea,3,False,5,False
2,5599,4,assets/fillers/lh_hh_trNM_plinko_0001/img.jpg,assets/fillers/lh_hh_trNM_plinko_0001/recording.mp4,lh_hh_trNM_plinko_0001,goal_4,True,NA,6703a8492c7e38dd173549e5,68ffc55371128ff03ff45265,6900cb2e42cedb486114e4ea,4,False,10,True
3,10490,3,assets/targets/lh_hh_plinko_0001/img.jpg,assets/targets/lh_hh_plinko_0001/recording.mp4,lh_hh_plinko_0001,goal_3,False,NA,6703a8492c7e38dd173549e5,68ffc55371128ff03ff45265,6900cb2e42cedb486114e4ea,3,False,10,True
4,4562,1,assets/targets/lh_ll_unlink_plinko_0002/img.jpg,assets/targets/lh_ll_unlink_plinko_0002/recording.mp4,lh_ll_unlink_plinko_0002,goal_1,False,NA,6703a8492c7e38dd173549e5,68ffc55371128ff03ff45265,6900cb2e42cedb486114e4ea,1,False,10,True
5,6777,3,assets/fillers/lh_hh_trNM_plinko_0002/img.jpg,assets/fillers/lh_hh_trNM_plinko_0002/recording.mp4,lh_hh_trNM_plinko_0002,goal_4,True,NA,6703a8492c7e38dd173549e5,68ffc55371128ff03ff45265,6900cb2e42cedb486114e4ea,4,False,5,False
6,5025,1,assets/targets/lh_ll_unlink_plinko_0001/img.jpg,assets/targets/lh_ll_unlink_plinko_0001/recording.mp4,lh_ll_unlink_plinko_0001,goal_1,False,NA,6703a8492c7e38dd173549e5,68ffc55371128ff03ff45265,6900cb2e42cedb486114e4ea,1,False,10,True
7,5416,0,assets/targets/lh_hh_plinko_0000/img.jpg,assets/targets/lh_hh_plinko_0000/recording.mp4,lh_hh_plinko_0000,goal_0,False,NA,6703a8492c7e38dd173549e5,68ffc55371128ff03ff45265,6900cb2e42cedb486114e4ea,0,False,10,True
8,9762,3,assets/fillers/lh_ll_unlink_plinko_0017/img.jpg,assets/fillers/lh_ll_unlink_plinko_0017/recording.mp4,lh_ll_unlink_plinko_0017,goal_3,True,NA,6703a8492c7e38dd173549e5,68ffc55371128ff03ff45265,6900cb2e42cedb486114e4ea,3,False,10,True
9,20566,2,assets/targets/hh_hl_unlink_plinko_0246/img.jpg,assets/targets/hh_hl_unlink_plinko_0246/recording.mp4,hh_hl_unlink_plinko_0246,goal_2,False,maybe,6703a8492c7e38dd173549e5,68ffc55371128ff03ff45265,6900cb2e42cedb486114e4ea,2,False,10,True
10,7584,4,assets/targets/lh_hh_plinko_0003/img.jpg,assets/targets/lh_hh_plinko_0003/recording.mp4,lh_hh_plinko_0003,goal_4,False,NA,6703a8492c7e38dd173549e5,68ffc55371128ff03ff45265,6900cb2e42cedb486114e4ea,4,False,10,True
11,7752,2,assets/targets/lh_hh_plinko_0002/img.jpg,assets/targets/lh_hh_plinko_0002/recording.mp4,lh_hh_plinko_0002,goal_2,False,definite,6703a8492c7e38dd173549e5,68ffc55371128ff03ff45265,6900cb2e42cedb486114e4ea,2,False,10,True
12,5045,1,assets/fillers/lh_hh_plinko_0001/img.jpg,assets/fillers/lh_hh_plinko_0001/recording.mp4,lh_hh_plinko_0001,goal_0,True,maybe,6703a8492c7e38dd173549e5,68ffc55371128ff03ff45265,6900cb2e42cedb486114e4ea,0,False,5,False
13,8578,1,assets/fillers/lh_ll_unlink_plinko_0021/img.jpg,assets/fillers/lh_ll_unlink_plinko_0021/recording.mp4,lh_ll_unlink_plinko_0021,goal_1,True,definite,6703a8492c7e38dd173549e5,68ffc55371128ff03ff45265,6900cb2e42cedb486114e4ea,1,False,10,True
14,6429,4,assets/targets/hh_hl_unlink_plinko_0202/img.jpg,assets/targets/hh_hl_unlink_plinko_0202/recording.mp4,hh_hl_unlink_plinko_0202,goal_0,False,maybe,6703a8492c7e38dd173549e5,68ffc55371128ff03ff45265,6900cb2e42cedb486114e4ea,0,False,0,False
15,24173,0,assets/targets/hh_hl_unlink_plinko_0240/img.jpg,assets/targets/hh_hl_unlink_plinko_0240/recording.mp4,hh_hl_unlink_plinko_0240,goal_0,False,maybe,6703a8492c7e38dd173549e5,68ffc55371128ff03ff45265,6900cb2e42cedb486114e4ea,0,False,10,True
16,17003,2,assets/targets/hh_hl_unlink_plinko_0269/img.jpg,assets/targets/hh_hl_unlink_plinko_0269/recording.mp4,hh_hl_unlink_plinko_0269,goal_3,False,maybe,6703a8492c7e38dd173549e5,68ffc55371128ff03ff45265,6900cb2e42cedb486114e4ea,3,False,5,False
17,4208,2,assets/targets/lh_hh_trNM_plinko_0001/img.jpg,assets/targets/lh_hh_trNM_plinko_0001/recording.mp4,lh_hh_trNM_plinko_0001,goal_2,False,NA,6703a8492c7e38dd173549e5,68ffc55371128ff03ff45265,6900cb2e42cedb486114e4ea,2,False,10,True
18,13649,3,assets/fillers/lh_hh_plinko_0002/img.jpg,assets/fillers/lh_hh_plinko_0002/recording.mp4,lh_hh_plinko_0002,goal_3,True,NA,6703a8492c7e38dd173549e5,68ffc55371128ff03ff45265,6900cb2e42cedb486114e4ea,3,False,10,True
19,3692,2,assets/fillers/catch/img.jpg,assets/fillers/catch/recording.mp4,catch,goal_2,True,NA,6703a8492c7e38dd173549e5,68ffc55371128ff03ff45265,6900cb2e42cedb486114e4ea,2,False,10,True
20,7396,3,assets/targets/lh_ll_unlink_plinko_0000/img.jpg,assets/targets/lh_ll_unlink_plinko_0000/recording.mp4,lh_ll_unlink_plinko_0000,goal_3,False,maybe,6703a8492c7e38dd173549e5,68ffc55371128ff03ff45265,6900cb2e42cedb486114e4ea,3,False,10,True
21,29813,0,assets/targets/hh_hl_unlink_plinko_0393/img.jpg,assets/targets/hh_hl_unlink_plinko_0393/recording.mp4,hh_hl_unlink_plinko_0393,goal_2,False,maybe,6703a8492c7e38dd173549e5,68ffc55371128ff03ff45265,6900cb2e42cedb486114e4ea,2,False,0,False
22,23555,1,assets/fillers/lh_ll_unlink_plinko_0009/img.jpg,assets/fillers/lh_ll_unlink_plinko_0009/recording.mp4,lh_ll_unlink_plinko_0009,goal_3,True,NA,6703a8492c7e38dd173549e5,68ffc55371128ff03ff45265,6900cb2e42cedb486114e4ea,3,False,0,False
23,4023,0,assets/targets/lh_hh_trNM_plinko_0000/img.jpg,assets/targets/lh_hh_trNM_plinko_0000/recording.mp4,lh_hh_trNM_plinko_0000,goal_0,False,definite,6703a8492c7e38dd173549e5,68ffc55371128ff03ff45265,6900cb2e42cedb486114e4ea,0,False,10,True
24,3979,4,assets/targets/lh_hh_trNM_plinko_0002/img.jpg,assets/targets/lh_hh_trNM_plinko_0002/recording.mp4,lh_hh_trNM_plinko_0002,goal_4,False,definite,6703a8492c7e38dd173549e5,68ffc55371128ff03ff45265,6900cb2e42cedb486114e4ea,4,False,10,True
0,7189,3,assets/fillers/lh_ll_unlink_plinko_0021/img.jpg,assets/fillers/lh_ll_unlink_plinko_0021/recording.mp4,lh_ll_unlink_plinko_0021,goal_1,True,definite,67463480327b48a3f1380669,68ffc55371128ff03ff45265,6900cb2507258b734e19ee28,1,False,0,False
1,6564,2,assets/fillers/lh_ll_unlink_plinko_0009/img.jpg,assets/fillers/lh_ll_unlink_plinko_0009/recording.mp4,lh_ll_unlink_plinko_0009,goal_3,True,NA,67463480327b48a3f1380669,68ffc55371128ff03ff45265,6900cb2507258b734e19ee28,3,False,5,False
2,5991,1,assets/fillers/lh_ll_unlink_plinko_0011/img.jpg,assets/fillers/lh_ll_unlink_plinko_0011/recording.mp4,lh_ll_unlink_plinko_0011,goal_3,True,NA,67463480327b48a3f1380669,68ffc55371128ff03ff45265,6900cb2507258b734e19ee28,3,False,0,False
3,4939,4,assets/targets/hh_hl_unlink_plinko_0240/img.jpg,assets/targets/hh_hl_unlink_plinko_0240/recording.mp4,hh_hl_unlink_plinko_0240,goal_0,False,maybe,67463480327b48a3f1380669,68ffc55371128ff03ff45265,6900cb2507258b734e19ee28,0,False,0,False
4,8389,2,assets/fillers/lh_hh_plinko_0001/img.jpg,assets/fillers/lh_hh_plinko_0001/recording.mp4,lh_hh_plinko_0001,goal_0,True,maybe,67463480327b48a3f1380669,68ffc55371128ff03ff45265,6900cb2507258b734e19ee28,0,False,0,False
5,7446,0,assets/fillers/lh_hh_plinko_0002/img.jpg,assets/fillers/lh_hh_plinko_0002/recording.mp4,lh_hh_plinko_0002,goal_3,True,NA,67463480327b48a3f1380669,68ffc55371128ff03ff45265,6900cb2507258b734e19ee28,3,False,0,False
6,10223,3,assets/targets/hh_hl_unlink_plinko_0269/img.jpg,assets/targets/hh_hl_unlink_plinko_0269/recording.mp4,hh_hl_unlink_plinko_0269,goal_3,False,maybe,67463480327b48a3f1380669,68ffc55371128ff03ff45265,6900cb2507258b734e19ee28,3,False,10,True
7,7559,3,assets/targets/lh_hh_plinko_0001/img.jpg,assets/targets/lh_hh_plinko_0001/recording.mp4,lh_hh_plinko_0001,goal_3,False,NA,67463480327b48a3f1380669,68ffc55371128ff03ff45265,6900cb2507258b734e19ee28,3,False,10,True
8,11463,4,assets/targets/hh_hl_unlink_plinko_0246/img.jpg,assets/targets/hh_hl_unlink_plinko_0246/recording.mp4,hh_hl_unlink_plinko_0246,goal_2,False,maybe,67463480327b48a3f1380669,68ffc55371128ff03ff45265,6900cb2507258b734e19ee28,2,False,0,False
9,6604,1,assets/fillers/lh_hh_plinko_0000/img.jpg,assets/fillers/lh_hh_plinko_0000/recording.mp4,lh_hh_plinko_0000,goal_4,True,maybe,67463480327b48a3f1380669,68ffc55371128ff03ff45265,6900cb2507258b734e19ee28,4,False,0,False
10,16562,1,assets/targets/lh_ll_unlink_plinko_0001/img.jpg,assets/targets/lh_ll_unlink_plinko_0001/recording.mp4,lh_ll_unlink_plinko_0001,goal_1,False,NA,67463480327b48a3f1380669,68ffc55371128ff03ff45265,6900cb2507258b734e19ee28,1,False,10,True
11,7967,3,assets/fillers/catch/img.jpg,assets/fillers/catch/recording.mp4,catch,goal_2,True,NA,67463480327b48a3f1380669,68ffc55371128ff03ff45265,6900cb2507258b734e19ee28,2,False,5,False
12,5650,1,assets/targets/hh_hl_unlink_plinko_0202/img.jpg,assets/targets/hh_hl_unlink_plinko_0202/recording.mp4,hh_hl_unlink_plinko_0202,goal_0,False,maybe,67463480327b48a3f1380669,68ffc55371128ff03ff45265,6900cb2507258b734e19ee28,0,False,5,False
13,6947,1,assets/targets/lh_ll_unlink_plinko_0002/img.jpg,assets/targets/lh_ll_unlink_plinko_0002/recording.mp4,lh_ll_unlink_plinko_0002,goal_1,False,NA,67463480327b48a3f1380669,68ffc55371128ff03ff45265,6900cb2507258b734e19ee28,1,False,10,True
14,8558,0,assets/targets/lh_hh_trNM_plinko_0000/img.jpg,assets/targets/lh_hh_trNM_plinko_0000/recording.mp4,lh_hh_trNM_plinko_0000,goal_0,False,definite,67463480327b48a3f1380669,68ffc55371128ff03ff45265,6900cb2507258b734e19ee28,0,False,10,True
15,5520,2,assets/targets/hh_hl_unlink_plinko_0393/img.jpg,assets/targets/hh_hl_unlink_plinko_0393/recording.mp4,hh_hl_unlink_plinko_0393,goal_2,False,maybe,67463480327b48a3f1380669,68ffc55371128ff03ff45265,6900cb2507258b734e19ee28,2,False,10,True
16,6816,2,assets/targets/lh_hh_trNM_plinko_0001/img.jpg,assets/targets/lh_hh_trNM_plinko_0001/recording.mp4,lh_hh_trNM_plinko_0001,goal_2,False,NA,67463480327b48a3f1380669,68ffc55371128ff03ff45265,6900cb2507258b734e19ee28,2,False,10,True
17,7063,2,assets/fillers/lh_ll_unlink_plinko_0017/img.jpg,assets/fillers/lh_ll_unlink_plinko_0017/recording.mp4,lh_ll_unlink_plinko_0017,goal_3,True,NA,67463480327b48a3f1380669,68ffc55371128ff03ff45265,6900cb2507258b734e19ee28,3,False,5,False
18,5428,3,assets/fillers/lh_hh_trNM_plinko_0001/img.jpg,assets/fillers/lh_hh_trNM_plinko_0001/recording.mp4,lh_hh_trNM_plinko_0001,goal_4,True,NA,67463480327b48a3f1380669,68ffc55371128ff03ff45265,6900cb2507258b734e19ee28,4,False,5,False
19,5983,2,assets/targets/lh_hh_plinko_0002/img.jpg,assets/targets/lh_hh_plinko_0002/recording.mp4,lh_hh_plinko_0002,goal_2,False,definite,67463480327b48a3f1380669,68ffc55371128ff03ff45265,6900cb2507258b734e19ee28,2,False,10,True
20,8874,3,assets/targets/lh_ll_unlink_plinko_0000/img.jpg,assets/targets/lh_ll_unlink_plinko_0000/recording.mp4,lh_ll_unlink_plinko_0000,goal_3,False,maybe,67463480327b48a3f1380669,68ffc55371128ff03ff45265,6900cb2507258b734e19ee28,3,False,10,True
21,7686,4,assets/targets/lh_hh_plinko_0003/img.jpg,assets/targets/lh_hh_plinko_0003/recording.mp4,lh_hh_plinko_0003,goal_4,False,NA,67463480327b48a3f1380669,68ffc55371128ff03ff45265,6900cb2507258b734e19ee28,4,False,10,True
22,8153,3,assets/fillers/lh_hh_trNM_plinko_0002/img.jpg,assets/fillers/lh_hh_trNM_plinko_0002/recording.mp4,lh_hh_trNM_plinko_0002,goal_4,True,NA,67463480327b48a3f1380669,68ffc55371128ff03ff45265,6900cb2507258b734e19ee28,4,False,5,False
23,7591,0,assets/targets/lh_hh_plinko_0000/img.jpg,assets/targets/lh_hh_plinko_0000/recording.mp4,lh_hh_plinko_0000,goal_0,False,NA,67463480327b48a3f1380669,68ffc55371128ff03ff45265,6900cb2507258b734e19ee28,0,False,10,True
24,7361,4,assets/targets/lh_hh_trNM_plinko_0002/img.jpg,assets/targets/lh_hh_trNM_plinko_0002/recording.mp4,lh_hh_trNM_plinko_0002,goal_4,False,definite,67463480327b48a3f1380669,68ffc55371128ff03ff45265,6900cb2507258b734e19ee28,4,False,10,True
0,12219,3,assets/fillers/lh_ll_unlink_plinko_0009/img.jpg,assets/fillers/lh_ll_unlink_plinko_0009/recording.mp4,lh_ll_unlink_plinko_0009,goal_3,True,NA,628f827eeb876ed2617881e7,68ffc55371128ff03ff45265,6900cb261b3fc37715c757d1,3,False,10,True
1,10439,3,assets/fillers/lh_hh_plinko_0002/img.jpg,assets/fillers/lh_hh_plinko_0002/recording.mp4,lh_hh_plinko_0002,goal_3,True,NA,628f827eeb876ed2617881e7,68ffc55371128ff03ff45265,6900cb261b3fc37715c757d1,3,False,10,True
2,4748,1,assets/fillers/lh_ll_unlink_plinko_0021/img.jpg,assets/fillers/lh_ll_unlink_plinko_0021/recording.mp4,lh_ll_unlink_plinko_0021,goal_1,True,definite,628f827eeb876ed2617881e7,68ffc55371128ff03ff45265,6900cb261b3fc37715c757d1,1,False,10,True
3,8593,0,assets/targets/lh_hh_trNM_plinko_0000/img.jpg,assets/targets/lh_hh_trNM_plinko_0000/recording.mp4,lh_hh_trNM_plinko_0000,goal_0,False,definite,628f827eeb876ed2617881e7,68ffc55371128ff03ff45265,6900cb261b3fc37715c757d1,0,False,10,True
4,4380,4,assets/targets/lh_hh_trNM_plinko_0002/img.jpg,assets/targets/lh_hh_trNM_plinko_0002/recording.mp4,lh_hh_trNM_plinko_0002,goal_4,False,definite,628f827eeb876ed2617881e7,68ffc55371128ff03ff45265,6900cb261b3fc37715c757d1,4,False,10,True
5,2279,3,assets/targets/lh_hh_plinko_0001/img.jpg,assets/targets/lh_hh_plinko_0001/recording.mp4,lh_hh_plinko_0001,goal_3,False,NA,628f827eeb876ed2617881e7,68ffc55371128ff03ff45265,6900cb261b3fc37715c757d1,3,False,10,True
6,79754,1,assets/targets/lh_ll_unlink_plinko_0001/img.jpg,assets/targets/lh_ll_unlink_plinko_0001/recording.mp4,lh_ll_unlink_plinko_0001,goal_1,False,NA,628f827eeb876ed2617881e7,68ffc55371128ff03ff45265,6900cb261b3fc37715c757d1,1,False,10,True
7,4673,3,assets/fillers/lh_hh_trNM_plinko_0002/img.jpg,assets/fillers/lh_hh_trNM_plinko_0002/recording.mp4,lh_hh_trNM_plinko_0002,goal_4,True,NA,628f827eeb876ed2617881e7,68ffc55371128ff03ff45265,6900cb261b3fc37715c757d1,4,False,5,False
8,5870,3,assets/targets/hh_hl_unlink_plinko_0269/img.jpg,assets/targets/hh_hl_unlink_plinko_0269/recording.mp4,hh_hl_unlink_plinko_0269,goal_3,False,maybe,628f827eeb876ed2617881e7,68ffc55371128ff03ff45265,6900cb261b3fc37715c757d1,3,False,10,True
9,9362,3,assets/fillers/lh_ll_unlink_plinko_0011/img.jpg,assets/fillers/lh_ll_unlink_plinko_0011/recording.mp4,lh_ll_unlink_plinko_0011,goal_3,True,NA,628f827eeb876ed2617881e7,68ffc55371128ff03ff45265,6900cb261b3fc37715c757d1,3,False,10,True
10,5254,0,assets/targets/lh_hh_plinko_0000/img.jpg,assets/targets/lh_hh_plinko_0000/recording.mp4,lh_hh_plinko_0000,goal_0,False,NA,628f827eeb876ed2617881e7,68ffc55371128ff03ff45265,6900cb261b3fc37715c757d1,0,False,10,True
11,3452,2,assets/fillers/catch/img.jpg,assets/fillers/catch/recording.mp4,catch,goal_2,True,NA,628f827eeb876ed2617881e7,68ffc55371128ff03ff45265,6900cb261b3fc37715c757d1,2,False,10,True
12,3015,4,assets/targets/lh_hh_plinko_0003/img.jpg,assets/targets/lh_hh_plinko_0003/recording.mp4,lh_hh_plinko_0003,goal_4,False,NA,628f827eeb876ed2617881e7,68ffc55371128ff03ff45265,6900cb261b3fc37715c757d1,4,False,10,True
13,2908,2,assets/targets/hh_hl_unlink_plinko_0202/img.jpg,assets/targets/hh_hl_unlink_plinko_0202/recording.mp4,hh_hl_unlink_plinko_0202,goal_0,False,maybe,628f827eeb876ed2617881e7,68ffc55371128ff03ff45265,6900cb261b3fc37715c757d1,0,False,0,False
14,2654,1,assets/targets/lh_ll_unlink_plinko_0002/img.jpg,assets/targets/lh_ll_unlink_plinko_0002/recording.mp4,lh_ll_unlink_plinko_0002,goal_1,False,NA,628f827eeb876ed2617881e7,68ffc55371128ff03ff45265,6900cb261b3fc37715c757d1,1,False,10,True
15,4089,2,assets/targets/hh_hl_unlink_plinko_0393/img.jpg,assets/targets/hh_hl_unlink_plinko_0393/recording.mp4,hh_hl_unlink_plinko_0393,goal_2,False,maybe,628f827eeb876ed2617881e7,68ffc55371128ff03ff45265,6900cb261b3fc37715c757d1,2,False,10,True
16,4987,3,assets/fillers/lh_ll_unlink_plinko_0017/img.jpg,assets/fillers/lh_ll_unlink_plinko_0017/recording.mp4,lh_ll_unlink_plinko_0017,goal_3,True,NA,628f827eeb876ed2617881e7,68ffc55371128ff03ff45265,6900cb261b3fc37715c757d1,3,False,10,True
17,7511,0,assets/targets/hh_hl_unlink_plinko_0246/img.jpg,assets/targets/hh_hl_unlink_plinko_0246/recording.mp4,hh_hl_unlink_plinko_0246,goal_2,False,maybe,628f827eeb876ed2617881e7,68ffc55371128ff03ff45265,6900cb261b3fc37715c757d1,2,False,0,False
18,5478,4,assets/fillers/lh_hh_trNM_plinko_0001/img.jpg,assets/fillers/lh_hh_trNM_plinko_0001/recording.mp4,lh_hh_trNM_plinko_0001,goal_4,True,NA,628f827eeb876ed2617881e7,68ffc55371128ff03ff45265,6900cb261b3fc37715c757d1,4,False,10,True
19,3011,3,assets/targets/lh_ll_unlink_plinko_0000/img.jpg,assets/targets/lh_ll_unlink_plinko_0000/recording.mp4,lh_ll_unlink_plinko_0000,goal_3,False,maybe,628f827eeb876ed2617881e7,68ffc55371128ff03ff45265,6900cb261b3fc37715c757d1,3,False,10,True
20,4928,2,assets/targets/lh_hh_plinko_0002/img.jpg,assets/targets/lh_hh_plinko_0002/recording.mp4,lh_hh_plinko_0002,goal_2,False,definite,628f827eeb876ed2617881e7,68ffc55371128ff03ff45265,6900cb261b3fc37715c757d1,2,False,10,True
21,2244,2,assets/targets/lh_hh_trNM_plinko_0001/img.jpg,assets/targets/lh_hh_trNM_plinko_0001/recording.mp4,lh_hh_trNM_plinko_0001,goal_2,False,NA,628f827eeb876ed2617881e7,68ffc55371128ff03ff45265,6900cb261b3fc37715c757d1,2,False,10,True
22,12729,1,assets/fillers/lh_hh_plinko_0001/img.jpg,assets/fillers/lh_hh_plinko_0001/recording.mp4,lh_hh_plinko_0001,goal_0,True,maybe,628f827eeb876ed2617881e7,68ffc55371128ff03ff45265,6900cb261b3fc37715c757d1,0,False,5,False
23,8988,1,assets/targets/hh_hl_unlink_plinko_0240/img.jpg,assets/targets/hh_hl_unlink_plinko_0240/recording.mp4,hh_hl_unlink_plinko_0240,goal_0,False,maybe,628f827eeb876ed2617881e7,68ffc55371128ff03ff45265,6900cb261b3fc37715c757d1,0,False,5,False
24,5882,4,assets/fillers/lh_hh_plinko_0000/img.jpg,assets/fillers/lh_hh_plinko_0000/recording.mp4,lh_hh_plinko_0000,goal_4,True,maybe,628f827eeb876ed2617881e7,68ffc55371128ff03ff45265,6900cb261b3fc37715c757d1,4,False,10,True
0,4150,2,assets/fillers/catch/img.jpg,assets/fillers/catch/recording.mp4,catch,goal_2,True,NA,646778f0d6b43cbeb4501454,68ffc55371128ff03ff45265,6900cc99e3cc3dcfb8f0a0c7,2,False,10,True
1,4309,3,assets/fillers/lh_hh_trNM_plinko_0002/img.jpg,assets/fillers/lh_hh_trNM_plinko_0002/recording.mp4,lh_hh_trNM_plinko_0002,goal_4,True,NA,646778f0d6b43cbeb4501454,68ffc55371128ff03ff45265,6900cc99e3cc3dcfb8f0a0c7,4,False,5,False
2,7897,2,assets/fillers/lh_ll_unlink_plinko_0011/img.jpg,assets/fillers/lh_ll_unlink_plinko_0011/recording.mp4,lh_ll_unlink_plinko_0011,goal_3,True,NA,646778f0d6b43cbeb4501454,68ffc55371128ff03ff45265,6900cc99e3cc3dcfb8f0a0c7,3,False,5,False
3,5771,4,assets/targets/lh_hh_trNM_plinko_0002/img.jpg,assets/targets/lh_hh_trNM_plinko_0002/recording.mp4,lh_hh_trNM_plinko_0002,goal_4,False,definite,646778f0d6b43cbeb4501454,68ffc55371128ff03ff45265,6900cc99e3cc3dcfb8f0a0c7,4,False,10,True
4,9377,3,assets/targets/lh_hh_plinko_0001/img.jpg,assets/targets/lh_hh_plinko_0001/recording.mp4,lh_hh_plinko_0001,goal_3,False,NA,646778f0d6b43cbeb4501454,68ffc55371128ff03ff45265,6900cc99e3cc3dcfb8f0a0c7,3,False,10,True
5,5394,1,assets/targets/lh_ll_unlink_plinko_0002/img.jpg,assets/targets/lh_ll_unlink_plinko_0002/recording.mp4,lh_ll_unlink_plinko_0002,goal_1,False,NA,646778f0d6b43cbeb4501454,68ffc55371128ff03ff45265,6900cc99e3cc3dcfb8f0a0c7,1,False,10,True
6,11268,3,assets/fillers/lh_hh_plinko_0002/img.jpg,assets/fillers/lh_hh_plinko_0002/recording.mp4,lh_hh_plinko_0002,goal_3,True,NA,646778f0d6b43cbeb4501454,68ffc55371128ff03ff45265,6900cc99e3cc3dcfb8f0a0c7,3,False,10,True
7,9162,3,assets/targets/hh_hl_unlink_plinko_0202/img.jpg,assets/targets/hh_hl_unlink_plinko_0202/recording.mp4,hh_hl_unlink_plinko_0202,goal_0,False,maybe,646778f0d6b43cbeb4501454,68ffc55371128ff03ff45265,6900cc99e3cc3dcfb8f0a0c7,0,False,0,False
8,7397,1,assets/fillers/lh_ll_unlink_plinko_0021/img.jpg,assets/fillers/lh_ll_unlink_plinko_0021/recording.mp4,lh_ll_unlink_plinko_0021,goal_1,True,definite,646778f0d6b43cbeb4501454,68ffc55371128ff03ff45265,6900cc99e3cc3dcfb8f0a0c7,1,False,10,True
9,7363,4,assets/fillers/lh_hh_plinko_0000/img.jpg,assets/fillers/lh_hh_plinko_0000/recording.mp4,lh_hh_plinko_0000,goal_4,True,maybe,646778f0d6b43cbeb4501454,68ffc55371128ff03ff45265,6900cc99e3cc3dcfb8f0a0c7,4,False,10,True
10,13307,4,assets/targets/hh_hl_unlink_plinko_0269/img.jpg,assets/targets/hh_hl_unlink_plinko_0269/recording.mp4,hh_hl_unlink_plinko_0269,goal_3,False,maybe,646778f0d6b43cbeb4501454,68ffc55371128ff03ff45265,6900cc99e3cc3dcfb8f0a0c7,3,False,5,False
11,9085,2,assets/targets/hh_hl_unlink_plinko_0393/img.jpg,assets/targets/hh_hl_unlink_plinko_0393/recording.mp4,hh_hl_unlink_plinko_0393,goal_2,False,maybe,646778f0d6b43cbeb4501454,68ffc55371128ff03ff45265,6900cc99e3cc3dcfb8f0a0c7,2,False,10,True
12,4336,3,assets/targets/lh_ll_unlink_plinko_0000/img.jpg,assets/targets/lh_ll_unlink_plinko_0000/recording.mp4,lh_ll_unlink_plinko_0000,goal_3,False,maybe,646778f0d6b43cbeb4501454,68ffc55371128ff03ff45265,6900cc99e3cc3dcfb8f0a0c7,3,False,10,True
13,6138,4,assets/fillers/lh_hh_trNM_plinko_0001/img.jpg,assets/fillers/lh_hh_trNM_plinko_0001/recording.mp4,lh_hh_trNM_plinko_0001,goal_4,True,NA,646778f0d6b43cbeb4501454,68ffc55371128ff03ff45265,6900cc99e3cc3dcfb8f0a0c7,4,False,10,True
14,9434,0,assets/targets/hh_hl_unlink_plinko_0246/img.jpg,assets/targets/hh_hl_unlink_plinko_0246/recording.mp4,hh_hl_unlink_plinko_0246,goal_2,False,maybe,646778f0d6b43cbeb4501454,68ffc55371128ff03ff45265,6900cc99e3cc3dcfb8f0a0c7,2,False,0,False
15,9174,1,assets/fillers/lh_hh_plinko_0001/img.jpg,assets/fillers/lh_hh_plinko_0001/recording.mp4,lh_hh_plinko_0001,goal_0,True,maybe,646778f0d6b43cbeb4501454,68ffc55371128ff03ff45265,6900cc99e3cc3dcfb8f0a0c7,0,False,5,False
16,5364,2,assets/targets/lh_hh_trNM_plinko_0001/img.jpg,assets/targets/lh_hh_trNM_plinko_0001/recording.mp4,lh_hh_trNM_plinko_0001,goal_2,False,NA,646778f0d6b43cbeb4501454,68ffc55371128ff03ff45265,6900cc99e3cc3dcfb8f0a0c7,2,False,10,True
17,6372,3,assets/fillers/lh_ll_unlink_plinko_0017/img.jpg,assets/fillers/lh_ll_unlink_plinko_0017/recording.mp4,lh_ll_unlink_plinko_0017,goal_3,True,NA,646778f0d6b43cbeb4501454,68ffc55371128ff03ff45265,6900cc99e3cc3dcfb8f0a0c7,3,False,10,True
18,4736,0,assets/targets/lh_hh_plinko_0000/img.jpg,assets/targets/lh_hh_plinko_0000/recording.mp4,lh_hh_plinko_0000,goal_0,False,NA,646778f0d6b43cbeb4501454,68ffc55371128ff03ff45265,6900cc99e3cc3dcfb8f0a0c7,0,False,10,True
19,5242,0,assets/targets/lh_hh_trNM_plinko_0000/img.jpg,assets/targets/lh_hh_trNM_plinko_0000/recording.mp4,lh_hh_trNM_plinko_0000,goal_0,False,definite,646778f0d6b43cbeb4501454,68ffc55371128ff03ff45265,6900cc99e3cc3dcfb8f0a0c7,0,False,10,True
20,8368,3,assets/fillers/lh_ll_unlink_plinko_0009/img.jpg,assets/fillers/lh_ll_unlink_plinko_0009/recording.mp4,lh_ll_unlink_plinko_0009,goal_3,True,NA,646778f0d6b43cbeb4501454,68ffc55371128ff03ff45265,6900cc99e3cc3dcfb8f0a0c7,3,False,10,True
21,5241,1,assets/targets/lh_ll_unlink_plinko_0001/img.jpg,assets/targets/lh_ll_unlink_plinko_0001/recording.mp4,lh_ll_unlink_plinko_0001,goal_1,False,NA,646778f0d6b43cbeb4501454,68ffc55371128ff03ff45265,6900cc99e3cc3dcfb8f0a0c7,1,False,10,True
22,5839,4,assets/targets/hh_hl_unlink_plinko_0240/img.jpg,assets/targets/hh_hl_unlink_plinko_0240/recording.mp4,hh_hl_unlink_plinko_0240,goal_0,False,maybe,646778f0d6b43cbeb4501454,68ffc55371128ff03ff45265,6900cc99e3cc3dcfb8f0a0c7,0,False,0,False
23,4733,2,assets/targets/lh_hh_plinko_0002/img.jpg,assets/targets/lh_hh_plinko_0002/recording.mp4,lh_hh_plinko_0002,goal_2,False,definite,646778f0d6b43cbeb4501454,68ffc55371128ff03ff45265,6900cc99e3cc3dcfb8f0a0c7,2,False,10,True
24,3555,4,assets/targets/lh_hh_plinko_0003/img.jpg,assets/targets/lh_hh_plinko_0003/recording.mp4,lh_hh_plinko_0003,goal_4,False,NA,646778f0d6b43cbeb4501454,68ffc55371128ff03ff45265,6900cc99e3cc3dcfb8f0a0c7,4,False,10,True
0,7894,2,assets/fillers/lh_hh_plinko_0000/img.jpg,assets/fillers/lh_hh_plinko_0000/recording.mp4,lh_hh_plinko_0000,goal_4,True,maybe,5a9262251eda410001360b2c,68ffc55371128ff03ff45265,6900cab60e701289b6617634,4,False,0,False
1,6887,1,assets/fillers/lh_ll_unlink_plinko_0021/img.jpg,assets/fillers/lh_ll_unlink_plinko_0021/recording.mp4,lh_ll_unlink_plinko_0021,goal_1,True,definite,5a9262251eda410001360b2c,68ffc55371128ff03ff45265,6900cab60e701289b6617634,1,False,10,True
2,7295,3,assets/fillers/lh_ll_unlink_plinko_0017/img.jpg,assets/fillers/lh_ll_unlink_plinko_0017/recording.mp4,lh_ll_unlink_plinko_0017,goal_3,True,NA,5a9262251eda410001360b2c,68ffc55371128ff03ff45265,6900cab60e701289b6617634,3,False,10,True
3,9655,2,assets/targets/hh_hl_unlink_plinko_0246/img.jpg,assets/targets/hh_hl_unlink_plinko_0246/recording.mp4,hh_hl_unlink_plinko_0246,goal_2,False,maybe,5a9262251eda410001360b2c,68ffc55371128ff03ff45265,6900cab60e701289b6617634,2,False,10,True
4,28431,3,assets/fillers/lh_hh_trNM_plinko_0002/img.jpg,assets/fillers/lh_hh_trNM_plinko_0002/recording.mp4,lh_hh_trNM_plinko_0002,goal_4,True,NA,5a9262251eda410001360b2c,68ffc55371128ff03ff45265,6900cab60e701289b6617634,4,False,5,False
5,12503,4,assets/targets/lh_hh_trNM_plinko_0002/img.jpg,assets/targets/lh_hh_trNM_plinko_0002/recording.mp4,lh_hh_trNM_plinko_0002,goal_4,False,definite,5a9262251eda410001360b2c,68ffc55371128ff03ff45265,6900cab60e701289b6617634,4,False,10,True
6,9279,0,assets/fillers/lh_hh_trNM_plinko_0001/img.jpg,assets/fillers/lh_hh_trNM_plinko_0001/recording.mp4,lh_hh_trNM_plinko_0001,goal_4,True,NA,5a9262251eda410001360b2c,68ffc55371128ff03ff45265,6900cab60e701289b6617634,4,False,0,False
7,10759,0,assets/fillers/lh_hh_plinko_0002/img.jpg,assets/fillers/lh_hh_plinko_0002/recording.mp4,lh_hh_plinko_0002,goal_3,True,NA,5a9262251eda410001360b2c,68ffc55371128ff03ff45265,6900cab60e701289b6617634,3,False,0,False
8,8071,3,assets/targets/lh_hh_plinko_0001/img.jpg,assets/targets/lh_hh_plinko_0001/recording.mp4,lh_hh_plinko_0001,goal_3,False,NA,5a9262251eda410001360b2c,68ffc55371128ff03ff45265,6900cab60e701289b6617634,3,False,10,True
9,12095,0,assets/targets/lh_hh_plinko_0000/img.jpg,assets/targets/lh_hh_plinko_0000/recording.mp4,lh_hh_plinko_0000,goal_0,False,NA,5a9262251eda410001360b2c,68ffc55371128ff03ff45265,6900cab60e701289b6617634,0,False,10,True
10,5863,1,assets/targets/lh_ll_unlink_plinko_0001/img.jpg,assets/targets/lh_ll_unlink_plinko_0001/recording.mp4,lh_ll_unlink_plinko_0001,goal_1,False,NA,5a9262251eda410001360b2c,68ffc55371128ff03ff45265,6900cab60e701289b6617634,1,False,10,True
11,20047,3,assets/fillers/lh_ll_unlink_plinko_0009/img.jpg,assets/fillers/lh_ll_unlink_plinko_0009/recording.mp4,lh_ll_unlink_plinko_0009,goal_3,True,NA,5a9262251eda410001360b2c,68ffc55371128ff03ff45265,6900cab60e701289b6617634,3,False,10,True
12,6983,0,assets/targets/lh_hh_trNM_plinko_0000/img.jpg,assets/targets/lh_hh_trNM_plinko_0000/recording.mp4,lh_hh_trNM_plinko_0000,goal_0,False,definite,5a9262251eda410001360b2c,68ffc55371128ff03ff45265,6900cab60e701289b6617634,0,False,10,True
13,7656,4,assets/targets/lh_hh_plinko_0003/img.jpg,assets/targets/lh_hh_plinko_0003/recording.mp4,lh_hh_plinko_0003,goal_4,False,NA,5a9262251eda410001360b2c,68ffc55371128ff03ff45265,6900cab60e701289b6617634,4,False,10,True
14,7791,2,assets/targets/lh_hh_trNM_plinko_0001/img.jpg,assets/targets/lh_hh_trNM_plinko_0001/recording.mp4,lh_hh_trNM_plinko_0001,goal_2,False,NA,5a9262251eda410001360b2c,68ffc55371128ff03ff45265,6900cab60e701289b6617634,2,False,10,True
15,10975,2,assets/targets/lh_hh_plinko_0002/img.jpg,assets/targets/lh_hh_plinko_0002/recording.mp4,lh_hh_plinko_0002,goal_2,False,definite,5a9262251eda410001360b2c,68ffc55371128ff03ff45265,6900cab60e701289b6617634,2,False,10,True
16,12239,2,assets/targets/hh_hl_unlink_plinko_0393/img.jpg,assets/targets/hh_hl_unlink_plinko_0393/recording.mp4,hh_hl_unlink_plinko_0393,goal_2,False,maybe,5a9262251eda410001360b2c,68ffc55371128ff03ff45265,6900cab60e701289b6617634,2,False,10,True
17,10863,3,assets/fillers/lh_ll_unlink_plinko_0011/img.jpg,assets/fillers/lh_ll_unlink_plinko_0011/recording.mp4,lh_ll_unlink_plinko_0011,goal_3,True,NA,5a9262251eda410001360b2c,68ffc55371128ff03ff45265,6900cab60e701289b6617634,3,False,10,True
18,10857,1,assets/targets/lh_ll_unlink_plinko_0002/img.jpg,assets/targets/lh_ll_unlink_plinko_0002/recording.mp4,lh_ll_unlink_plinko_0002,goal_1,False,NA,5a9262251eda410001360b2c,68ffc55371128ff03ff45265,6900cab60e701289b6617634,1,False,10,True
19,16855,4,assets/targets/hh_hl_unlink_plinko_0240/img.jpg,assets/targets/hh_hl_unlink_plinko_0240/recording.mp4,hh_hl_unlink_plinko_0240,goal_0,False,maybe,5a9262251eda410001360b2c,68ffc55371128ff03ff45265,6900cab60e701289b6617634,0,False,0,False
20,9303,2,assets/fillers/catch/img.jpg,assets/fillers/catch/recording.mp4,catch,goal_2,True,NA,5a9262251eda410001360b2c,68ffc55371128ff03ff45265,6900cab60e701289b6617634,2,False,10,True
21,16375,2,assets/targets/hh_hl_unlink_plinko_0202/img.jpg,assets/targets/hh_hl_unlink_plinko_0202/recording.mp4,hh_hl_unlink_plinko_0202,goal_0,False,maybe,5a9262251eda410001360b2c,68ffc55371128ff03ff45265,6900cab60e701289b6617634,0,False,0,False
22,17887,3,assets/targets/hh_hl_unlink_plinko_0269/img.jpg,assets/targets/hh_hl_unlink_plinko_0269/recording.mp4,hh_hl_unlink_plinko_0269,goal_3,False,maybe,5a9262251eda410001360b2c,68ffc55371128ff03ff45265,6900cab60e701289b6617634,3,False,10,True
23,17399,1,assets/fillers/lh_hh_plinko_0001/img.jpg,assets/fillers/lh_hh_plinko_0001/recording.mp4,lh_hh_plinko_0001,goal_0,True,maybe,5a9262251eda410001360b2c,68ffc55371128ff03ff45265,6900cab60e701289b6617634,0,False,5,False
24,8999,3,assets/targets/lh_ll_unlink_plinko_0000/img.jpg,assets/targets/lh_ll_unlink_plinko_0000/recording.mp4,lh_ll_unlink_plinko_0000,goal_3,False,maybe,5a9262251eda410001360b2c,68ffc55371128ff03ff45265,6900cab60e701289b6617634,3,False,10,True
0,22068,2,assets/fillers/lh_hh_plinko_0002/img.jpg,assets/fillers/lh_hh_plinko_0002/recording.mp4,lh_hh_plinko_0002,goal_3,True,NA,67e944da95c1ca7712027013,68ffc55371128ff03ff45265,6900cb3c1c87ae90c51ff119,3,False,5,False
1,2980,2,assets/fillers/lh_ll_unlink_plinko_0011/img.jpg,assets/fillers/lh_ll_unlink_plinko_0011/recording.mp4,lh_ll_unlink_plinko_0011,goal_3,True,NA,67e944da95c1ca7712027013,68ffc55371128ff03ff45265,6900cb3c1c87ae90c51ff119,3,False,5,False
2,4313,4,assets/fillers/lh_ll_unlink_plinko_0021/img.jpg,assets/fillers/lh_ll_unlink_plinko_0021/recording.mp4,lh_ll_unlink_plinko_0021,goal_1,True,definite,67e944da95c1ca7712027013,68ffc55371128ff03ff45265,6900cb3c1c87ae90c51ff119,1,False,0,False
3,4924,0,assets/targets/lh_hh_plinko_0003/img.jpg,assets/targets/lh_hh_plinko_0003/recording.mp4,lh_hh_plinko_0003,goal_4,False,NA,67e944da95c1ca7712027013,68ffc55371128ff03ff45265,6900cb3c1c87ae90c51ff119,4,False,0,False
4,43234,2,assets/targets/lh_hh_plinko_0000/img.jpg,assets/targets/lh_hh_plinko_0000/recording.mp4,lh_hh_plinko_0000,goal_0,False,NA,67e944da95c1ca7712027013,68ffc55371128ff03ff45265,6900cb3c1c87ae90c51ff119,0,False,0,False
5,8197,4,assets/targets/hh_hl_unlink_plinko_0393/img.jpg,assets/targets/hh_hl_unlink_plinko_0393/recording.mp4,hh_hl_unlink_plinko_0393,goal_2,False,maybe,67e944da95c1ca7712027013,68ffc55371128ff03ff45265,6900cb3c1c87ae90c51ff119,2,False,0,False
6,4561,1,assets/targets/lh_hh_plinko_0002/img.jpg,assets/targets/lh_hh_plinko_0002/recording.mp4,lh_hh_plinko_0002,goal_2,False,definite,67e944da95c1ca7712027013,68ffc55371128ff03ff45265,6900cb3c1c87ae90c51ff119,2,False,5,False
7,3886,3,assets/fillers/lh_ll_unlink_plinko_0017/img.jpg,assets/fillers/lh_ll_unlink_plinko_0017/recording.mp4,lh_ll_unlink_plinko_0017,goal_3,True,NA,67e944da95c1ca7712027013,68ffc55371128ff03ff45265,6900cb3c1c87ae90c51ff119,3,False,10,True
8,11097,1,assets/fillers/lh_ll_unlink_plinko_0009/img.jpg,assets/fillers/lh_ll_unlink_plinko_0009/recording.mp4,lh_ll_unlink_plinko_0009,goal_3,True,NA,67e944da95c1ca7712027013,68ffc55371128ff03ff45265,6900cb3c1c87ae90c51ff119,3,False,0,False
9,5344,4,assets/fillers/lh_hh_trNM_plinko_0001/img.jpg,assets/fillers/lh_hh_trNM_plinko_0001/recording.mp4,lh_hh_trNM_plinko_0001,goal_4,True,NA,67e944da95c1ca7712027013,68ffc55371128ff03ff45265,6900cb3c1c87ae90c51ff119,4,False,10,True
10,5545,2,assets/targets/lh_ll_unlink_plinko_0002/img.jpg,assets/targets/lh_ll_unlink_plinko_0002/recording.mp4,lh_ll_unlink_plinko_0002,goal_1,False,NA,67e944da95c1ca7712027013,68ffc55371128ff03ff45265,6900cb3c1c87ae90c51ff119,1,False,5,False
11,6063,0,assets/targets/lh_ll_unlink_plinko_0000/img.jpg,assets/targets/lh_ll_unlink_plinko_0000/recording.mp4,lh_ll_unlink_plinko_0000,goal_3,False,maybe,67e944da95c1ca7712027013,68ffc55371128ff03ff45265,6900cb3c1c87ae90c51ff119,3,False,0,False
12,3262,4,assets/fillers/lh_hh_plinko_0000/img.jpg,assets/fillers/lh_hh_plinko_0000/recording.mp4,lh_hh_plinko_0000,goal_4,True,maybe,67e944da95c1ca7712027013,68ffc55371128ff03ff45265,6900cb3c1c87ae90c51ff119,4,False,10,True
13,3942,2,assets/targets/hh_hl_unlink_plinko_0246/img.jpg,assets/targets/hh_hl_unlink_plinko_0246/recording.mp4,hh_hl_unlink_plinko_0246,goal_2,False,maybe,67e944da95c1ca7712027013,68ffc55371128ff03ff45265,6900cb3c1c87ae90c51ff119,2,False,10,True
14,18059,1,assets/targets/lh_hh_trNM_plinko_0002/img.jpg,assets/targets/lh_hh_trNM_plinko_0002/recording.mp4,lh_hh_trNM_plinko_0002,goal_4,False,definite,67e944da95c1ca7712027013,68ffc55371128ff03ff45265,6900cb3c1c87ae90c51ff119,4,False,0,False
15,5892,2,assets/fillers/catch/img.jpg,assets/fillers/catch/recording.mp4,catch,goal_2,True,NA,67e944da95c1ca7712027013,68ffc55371128ff03ff45265,6900cb3c1c87ae90c51ff119,2,False,10,True
16,3695,3,assets/targets/hh_hl_unlink_plinko_0269/img.jpg,assets/targets/hh_hl_unlink_plinko_0269/recording.mp4,hh_hl_unlink_plinko_0269,goal_3,False,maybe,67e944da95c1ca7712027013,68ffc55371128ff03ff45265,6900cb3c1c87ae90c51ff119,3,False,10,True
17,4497,1,assets/fillers/lh_hh_trNM_plinko_0002/img.jpg,assets/fillers/lh_hh_trNM_plinko_0002/recording.mp4,lh_hh_trNM_plinko_0002,goal_4,True,NA,67e944da95c1ca7712027013,68ffc55371128ff03ff45265,6900cb3c1c87ae90c51ff119,4,False,0,False
18,3414,3,assets/targets/hh_hl_unlink_plinko_0240/img.jpg,assets/targets/hh_hl_unlink_plinko_0240/recording.mp4,hh_hl_unlink_plinko_0240,goal_0,False,maybe,67e944da95c1ca7712027013,68ffc55371128ff03ff45265,6900cb3c1c87ae90c51ff119,0,False,0,False
19,4781,2,assets/targets/lh_hh_trNM_plinko_0001/img.jpg,assets/targets/lh_hh_trNM_plinko_0001/recording.mp4,lh_hh_trNM_plinko_0001,goal_2,False,NA,67e944da95c1ca7712027013,68ffc55371128ff03ff45265,6900cb3c1c87ae90c51ff119,2,False,10,True
20,2999,4,assets/fillers/lh_hh_plinko_0001/img.jpg,assets/fillers/lh_hh_plinko_0001/recording.mp4,lh_hh_plinko_0001,goal_0,True,maybe,67e944da95c1ca7712027013,68ffc55371128ff03ff45265,6900cb3c1c87ae90c51ff119,0,False,0,False
21,5031,2,assets/targets/lh_hh_plinko_0001/img.jpg,assets/targets/lh_hh_plinko_0001/recording.mp4,lh_hh_plinko_0001,goal_3,False,NA,67e944da95c1ca7712027013,68ffc55371128ff03ff45265,6900cb3c1c87ae90c51ff119,3,False,5,False
22,3447,2,assets/targets/lh_hh_trNM_plinko_0000/img.jpg,assets/targets/lh_hh_trNM_plinko_0000/recording.mp4,lh_hh_trNM_plinko_0000,goal_0,False,definite,67e944da95c1ca7712027013,68ffc55371128ff03ff45265,6900cb3c1c87ae90c51ff119,0,False,0,False
23,4498,3,assets/targets/lh_ll_unlink_plinko_0001/img.jpg,assets/targets/lh_ll_unlink_plinko_0001/recording.mp4,lh_ll_unlink_plinko_0001,goal_1,False,NA,67e944da95c1ca7712027013,68ffc55371128ff03ff45265,6900cb3c1c87ae90c51ff119,1,False,0,False
24,2774,2,assets/targets/hh_hl_unlink_plinko_0202/img.jpg,assets/targets/hh_hl_unlink_plinko_0202/recording.mp4,hh_hl_unlink_plinko_0202,goal_0,False,maybe,67e944da95c1ca7712027013,68ffc55371128ff03ff45265,6900cb3c1c87ae90c51ff119,0,False,0,False
0,24661,2,assets/fillers/lh_hh_trNM_plinko_0001/img.jpg,assets/fillers/lh_hh_trNM_plinko_0001/recording.mp4,lh_hh_trNM_plinko_0001,goal_4,True,NA,66fc5dc2ea1f07a1c9676134,68ffc55371128ff03ff45265,6900cad0e09ea58b874f15ef,4,False,0,False
1,24067,2,assets/fillers/catch/img.jpg,assets/fillers/catch/recording.mp4,catch,goal_2,True,NA,66fc5dc2ea1f07a1c9676134,68ffc55371128ff03ff45265,6900cad0e09ea58b874f15ef,2,False,10,True
2,21548,4,assets/fillers/lh_ll_unlink_plinko_0009/img.jpg,assets/fillers/lh_ll_unlink_plinko_0009/recording.mp4,lh_ll_unlink_plinko_0009,goal_3,True,NA,66fc5dc2ea1f07a1c9676134,68ffc55371128ff03ff45265,6900cad0e09ea58b874f15ef,3,False,5,False
3,17396,2,assets/fillers/lh_ll_unlink_plinko_0017/img.jpg,assets/fillers/lh_ll_unlink_plinko_0017/recording.mp4,lh_ll_unlink_plinko_0017,goal_3,True,NA,66fc5dc2ea1f07a1c9676134,68ffc55371128ff03ff45265,6900cad0e09ea58b874f15ef,3,False,5,False
4,10910,4,assets/targets/lh_hh_plinko_0000/img.jpg,assets/targets/lh_hh_plinko_0000/recording.mp4,lh_hh_plinko_0000,goal_0,False,NA,66fc5dc2ea1f07a1c9676134,68ffc55371128ff03ff45265,6900cad0e09ea58b874f15ef,0,False,0,False
5,12198,2,assets/targets/hh_hl_unlink_plinko_0393/img.jpg,assets/targets/hh_hl_unlink_plinko_0393/recording.mp4,hh_hl_unlink_plinko_0393,goal_2,False,maybe,66fc5dc2ea1f07a1c9676134,68ffc55371128ff03ff45265,6900cad0e09ea58b874f15ef,2,False,10,True
6,6079,2,assets/targets/lh_hh_plinko_0002/img.jpg,assets/targets/lh_hh_plinko_0002/recording.mp4,lh_hh_plinko_0002,goal_2,False,definite,66fc5dc2ea1f07a1c9676134,68ffc55371128ff03ff45265,6900cad0e09ea58b874f15ef,2,False,10,True
7,3620,2,assets/targets/hh_hl_unlink_plinko_0240/img.jpg,assets/targets/hh_hl_unlink_plinko_0240/recording.mp4,hh_hl_unlink_plinko_0240,goal_0,False,maybe,66fc5dc2ea1f07a1c9676134,68ffc55371128ff03ff45265,6900cad0e09ea58b874f15ef,0,False,0,False
8,11655,2,assets/fillers/lh_hh_trNM_plinko_0002/img.jpg,assets/fillers/lh_hh_trNM_plinko_0002/recording.mp4,lh_hh_trNM_plinko_0002,goal_4,True,NA,66fc5dc2ea1f07a1c9676134,68ffc55371128ff03ff45265,6900cad0e09ea58b874f15ef,4,False,0,False
9,4045,3,assets/targets/hh_hl_unlink_plinko_0246/img.jpg,assets/targets/hh_hl_unlink_plinko_0246/recording.mp4,hh_hl_unlink_plinko_0246,goal_2,False,maybe,66fc5dc2ea1f07a1c9676134,68ffc55371128ff03ff45265,6900cad0e09ea58b874f15ef,2,False,5,False
10,4413,4,assets/targets/lh_hh_trNM_plinko_0000/img.jpg,assets/targets/lh_hh_trNM_plinko_0000/recording.mp4,lh_hh_trNM_plinko_0000,goal_0,False,definite,66fc5dc2ea1f07a1c9676134,68ffc55371128ff03ff45265,6900cad0e09ea58b874f15ef,0,False,0,False
11,5207,1,assets/targets/lh_ll_unlink_plinko_0001/img.jpg,assets/targets/lh_ll_unlink_plinko_0001/recording.mp4,lh_ll_unlink_plinko_0001,goal_1,False,NA,66fc5dc2ea1f07a1c9676134,68ffc55371128ff03ff45265,6900cad0e09ea58b874f15ef,1,False,10,True
12,6388,4,assets/targets/lh_hh_trNM_plinko_0002/img.jpg,assets/targets/lh_hh_trNM_plinko_0002/recording.mp4,lh_hh_trNM_plinko_0002,goal_4,False,definite,66fc5dc2ea1f07a1c9676134,68ffc55371128ff03ff45265,6900cad0e09ea58b874f15ef,4,False,10,True
13,6118,2,assets/targets/hh_hl_unlink_plinko_0202/img.jpg,assets/targets/hh_hl_unlink_plinko_0202/recording.mp4,hh_hl_unlink_plinko_0202,goal_0,False,maybe,66fc5dc2ea1f07a1c9676134,68ffc55371128ff03ff45265,6900cad0e09ea58b874f15ef,0,False,0,False
14,10328,3,assets/targets/lh_ll_unlink_plinko_0000/img.jpg,assets/targets/lh_ll_unlink_plinko_0000/recording.mp4,lh_ll_unlink_plinko_0000,goal_3,False,maybe,66fc5dc2ea1f07a1c9676134,68ffc55371128ff03ff45265,6900cad0e09ea58b874f15ef,3,False,10,True
15,18881,3,assets/targets/hh_hl_unlink_plinko_0269/img.jpg,assets/targets/hh_hl_unlink_plinko_0269/recording.mp4,hh_hl_unlink_plinko_0269,goal_3,False,maybe,66fc5dc2ea1f07a1c9676134,68ffc55371128ff03ff45265,6900cad0e09ea58b874f15ef,3,False,10,True
16,12217,1,assets/fillers/lh_hh_plinko_0001/img.jpg,assets/fillers/lh_hh_plinko_0001/recording.mp4,lh_hh_plinko_0001,goal_0,True,maybe,66fc5dc2ea1f07a1c9676134,68ffc55371128ff03ff45265,6900cad0e09ea58b874f15ef,0,False,5,False
17,14085,3,assets/fillers/lh_hh_plinko_0002/img.jpg,assets/fillers/lh_hh_plinko_0002/recording.mp4,lh_hh_plinko_0002,goal_3,True,NA,66fc5dc2ea1f07a1c9676134,68ffc55371128ff03ff45265,6900cad0e09ea58b874f15ef,3,False,10,True
18,16253,1,assets/fillers/lh_ll_unlink_plinko_0021/img.jpg,assets/fillers/lh_ll_unlink_plinko_0021/recording.mp4,lh_ll_unlink_plinko_0021,goal_1,True,definite,66fc5dc2ea1f07a1c9676134,68ffc55371128ff03ff45265,6900cad0e09ea58b874f15ef,1,False,10,True
19,13614,3,assets/fillers/lh_ll_unlink_plinko_0011/img.jpg,assets/fillers/lh_ll_unlink_plinko_0011/recording.mp4,lh_ll_unlink_plinko_0011,goal_3,True,NA,66fc5dc2ea1f07a1c9676134,68ffc55371128ff03ff45265,6900cad0e09ea58b874f15ef,3,False,10,True
20,5275,1,assets/targets/lh_ll_unlink_plinko_0002/img.jpg,assets/targets/lh_ll_unlink_plinko_0002/recording.mp4,lh_ll_unlink_plinko_0002,goal_1,False,NA,66fc5dc2ea1f07a1c9676134,68ffc55371128ff03ff45265,6900cad0e09ea58b874f15ef,1,False,10,True
21,6252,2,assets/targets/lh_hh_trNM_plinko_0001/img.jpg,assets/targets/lh_hh_trNM_plinko_0001/recording.mp4,lh_hh_trNM_plinko_0001,goal_2,False,NA,66fc5dc2ea1f07a1c9676134,68ffc55371128ff03ff45265,6900cad0e09ea58b874f15ef,2,False,10,True
22,4703,4,assets/targets/lh_hh_plinko_0003/img.jpg,assets/targets/lh_hh_plinko_0003/recording.mp4,lh_hh_plinko_0003,goal_4,False,NA,66fc5dc2ea1f07a1c9676134,68ffc55371128ff03ff45265,6900cad0e09ea58b874f15ef,4,False,10,True
23,4790,3,assets/targets/lh_hh_plinko_0001/img.jpg,assets/targets/lh_hh_plinko_0001/recording.mp4,lh_hh_plinko_0001,goal_3,False,NA,66fc5dc2ea1f07a1c9676134,68ffc55371128ff03ff45265,6900cad0e09ea58b874f15ef,3,False,10,True
24,17945,4,assets/fillers/lh_hh_plinko_0000/img.jpg,assets/fillers/lh_hh_plinko_0000/recording.mp4,lh_hh_plinko_0000,goal_4,True,maybe,66fc5dc2ea1f07a1c9676134,68ffc55371128ff03ff45265,6900cad0e09ea58b874f15ef,4,False,10,True
0,9055,2,assets/fillers/catch/img.jpg,assets/fillers/catch/recording.mp4,catch,goal_2,True,NA,672cf326f28e34c4eab96fea,68ffc55371128ff03ff45265,6900cbdaa31523ad1ce12097,2,False,10,True
1,35653,3,assets/fillers/lh_hh_plinko_0002/img.jpg,assets/fillers/lh_hh_plinko_0002/recording.mp4,lh_hh_plinko_0002,goal_3,True,NA,672cf326f28e34c4eab96fea,68ffc55371128ff03ff45265,6900cbdaa31523ad1ce12097,3,False,10,True
2,10886,3,assets/fillers/lh_ll_unlink_plinko_0009/img.jpg,assets/fillers/lh_ll_unlink_plinko_0009/recording.mp4,lh_ll_unlink_plinko_0009,goal_3,True,NA,672cf326f28e34c4eab96fea,68ffc55371128ff03ff45265,6900cbdaa31523ad1ce12097,3,False,10,True
3,8167,4,assets/targets/hh_hl_unlink_plinko_0240/img.jpg,assets/targets/hh_hl_unlink_plinko_0240/recording.mp4,hh_hl_unlink_plinko_0240,goal_0,False,maybe,672cf326f28e34c4eab96fea,68ffc55371128ff03ff45265,6900cbdaa31523ad1ce12097,0,False,0,False
4,8943,3,assets/fillers/lh_ll_unlink_plinko_0011/img.jpg,assets/fillers/lh_ll_unlink_plinko_0011/recording.mp4,lh_ll_unlink_plinko_0011,goal_3,True,NA,672cf326f28e34c4eab96fea,68ffc55371128ff03ff45265,6900cbdaa31523ad1ce12097,3,False,10,True
5,5814,0,assets/targets/lh_hh_trNM_plinko_0000/img.jpg,assets/targets/lh_hh_trNM_plinko_0000/recording.mp4,lh_hh_trNM_plinko_0000,goal_0,False,definite,672cf326f28e34c4eab96fea,68ffc55371128ff03ff45265,6900cbdaa31523ad1ce12097,0,False,10,True
6,7671,3,assets/targets/lh_hh_plinko_0001/img.jpg,assets/targets/lh_hh_plinko_0001/recording.mp4,lh_hh_plinko_0001,goal_3,False,NA,672cf326f28e34c4eab96fea,68ffc55371128ff03ff45265,6900cbdaa31523ad1ce12097,3,False,10,True
7,12198,3,assets/targets/lh_ll_unlink_plinko_0000/img.jpg,assets/targets/lh_ll_unlink_plinko_0000/recording.mp4,lh_ll_unlink_plinko_0000,goal_3,False,maybe,672cf326f28e34c4eab96fea,68ffc55371128ff03ff45265,6900cbdaa31523ad1ce12097,3,False,10,True
8,14823,3,assets/fillers/lh_ll_unlink_plinko_0017/img.jpg,assets/fillers/lh_ll_unlink_plinko_0017/recording.mp4,lh_ll_unlink_plinko_0017,goal_3,True,NA,672cf326f28e34c4eab96fea,68ffc55371128ff03ff45265,6900cbdaa31523ad1ce12097,3,False,10,True
9,9310,3,assets/fillers/lh_hh_trNM_plinko_0002/img.jpg,assets/fillers/lh_hh_trNM_plinko_0002/recording.mp4,lh_hh_trNM_plinko_0002,goal_4,True,NA,672cf326f28e34c4eab96fea,68ffc55371128ff03ff45265,6900cbdaa31523ad1ce12097,4,False,5,False
10,11455,1,assets/targets/lh_ll_unlink_plinko_0001/img.jpg,assets/targets/lh_ll_unlink_plinko_0001/recording.mp4,lh_ll_unlink_plinko_0001,goal_1,False,NA,672cf326f28e34c4eab96fea,68ffc55371128ff03ff45265,6900cbdaa31523ad1ce12097,1,False,10,True
11,6727,2,assets/targets/lh_hh_trNM_plinko_0001/img.jpg,assets/targets/lh_hh_trNM_plinko_0001/recording.mp4,lh_hh_trNM_plinko_0001,goal_2,False,NA,672cf326f28e34c4eab96fea,68ffc55371128ff03ff45265,6900cbdaa31523ad1ce12097,2,False,10,True
12,7926,0,assets/targets/lh_hh_plinko_0000/img.jpg,assets/targets/lh_hh_plinko_0000/recording.mp4,lh_hh_plinko_0000,goal_0,False,NA,672cf326f28e34c4eab96fea,68ffc55371128ff03ff45265,6900cbdaa31523ad1ce12097,0,False,10,True
13,12271,3,assets/targets/hh_hl_unlink_plinko_0269/img.jpg,assets/targets/hh_hl_unlink_plinko_0269/recording.mp4,hh_hl_unlink_plinko_0269,goal_3,False,maybe,672cf326f28e34c4eab96fea,68ffc55371128ff03ff45265,6900cbdaa31523ad1ce12097,3,False,10,True
14,12263,1,assets/fillers/lh_ll_unlink_plinko_0021/img.jpg,assets/fillers/lh_ll_unlink_plinko_0021/recording.mp4,lh_ll_unlink_plinko_0021,goal_1,True,definite,672cf326f28e34c4eab96fea,68ffc55371128ff03ff45265,6900cbdaa31523ad1ce12097,1,False,10,True
15,6567,1,assets/fillers/lh_hh_plinko_0001/img.jpg,assets/fillers/lh_hh_plinko_0001/recording.mp4,lh_hh_plinko_0001,goal_0,True,maybe,672cf326f28e34c4eab96fea,68ffc55371128ff03ff45265,6900cbdaa31523ad1ce12097,0,False,5,False
16,9438,4,assets/targets/lh_hh_trNM_plinko_0002/img.jpg,assets/targets/lh_hh_trNM_plinko_0002/recording.mp4,lh_hh_trNM_plinko_0002,goal_4,False,definite,672cf326f28e34c4eab96fea,68ffc55371128ff03ff45265,6900cbdaa31523ad1ce12097,4,False,10,True
17,23606,1,assets/targets/hh_hl_unlink_plinko_0202/img.jpg,assets/targets/hh_hl_unlink_plinko_0202/recording.mp4,hh_hl_unlink_plinko_0202,goal_0,False,maybe,672cf326f28e34c4eab96fea,68ffc55371128ff03ff45265,6900cbdaa31523ad1ce12097,0,False,5,False
18,12494,2,assets/targets/hh_hl_unlink_plinko_0393/img.jpg,assets/targets/hh_hl_unlink_plinko_0393/recording.mp4,hh_hl_unlink_plinko_0393,goal_2,False,maybe,672cf326f28e34c4eab96fea,68ffc55371128ff03ff45265,6900cbdaa31523ad1ce12097,2,False,10,True
19,15183,1,assets/fillers/lh_hh_plinko_0000/img.jpg,assets/fillers/lh_hh_plinko_0000/recording.mp4,lh_hh_plinko_0000,goal_4,True,maybe,672cf326f28e34c4eab96fea,68ffc55371128ff03ff45265,6900cbdaa31523ad1ce12097,4,False,0,False
20,9567,1,assets/targets/lh_ll_unlink_plinko_0002/img.jpg,assets/targets/lh_ll_unlink_plinko_0002/recording.mp4,lh_ll_unlink_plinko_0002,goal_1,False,NA,672cf326f28e34c4eab96fea,68ffc55371128ff03ff45265,6900cbdaa31523ad1ce12097,1,False,10,True
21,10782,2,assets/targets/lh_hh_plinko_0002/img.jpg,assets/targets/lh_hh_plinko_0002/recording.mp4,lh_hh_plinko_0002,goal_2,False,definite,672cf326f28e34c4eab96fea,68ffc55371128ff03ff45265,6900cbdaa31523ad1ce12097,2,False,10,True
22,15447,3,assets/targets/hh_hl_unlink_plinko_0246/img.jpg,assets/targets/hh_hl_unlink_plinko_0246/recording.mp4,hh_hl_unlink_plinko_0246,goal_2,False,maybe,672cf326f28e34c4eab96fea,68ffc55371128ff03ff45265,6900cbdaa31523ad1ce12097,2,False,5,False
23,14318,4,assets/targets/lh_hh_plinko_0003/img.jpg,assets/targets/lh_hh_plinko_0003/recording.mp4,lh_hh_plinko_0003,goal_4,False,NA,672cf326f28e34c4eab96fea,68ffc55371128ff03ff45265,6900cbdaa31523ad1ce12097,4,False,10,True
24,36519,3,assets/fillers/lh_hh_trNM_plinko_0001/img.jpg,assets/fillers/lh_hh_trNM_plinko_0001/recording.mp4,lh_hh_trNM_plinko_0001,goal_4,True,NA,672cf326f28e34c4eab96fea,68ffc55371128ff03ff45265,6900cbdaa31523ad1ce12097,4,False,5,False
0,5523,1,assets/fillers/lh_hh_plinko_0001/img.jpg,assets/fillers/lh_hh_plinko_0001/recording.mp4,lh_hh_plinko_0001,goal_0,True,maybe,5815767b0643a600016f0e72,68ffc55371128ff03ff45265,6900cb5e5eaa46e61b4cc438,0,False,5,False
1,9537,1,assets/fillers/lh_ll_unlink_plinko_0017/img.jpg,assets/fillers/lh_ll_unlink_plinko_0017/recording.mp4,lh_ll_unlink_plinko_0017,goal_3,True,NA,5815767b0643a600016f0e72,68ffc55371128ff03ff45265,6900cb5e5eaa46e61b4cc438,3,False,0,False
2,6615,1,assets/fillers/lh_ll_unlink_plinko_0021/img.jpg,assets/fillers/lh_ll_unlink_plinko_0021/recording.mp4,lh_ll_unlink_plinko_0021,goal_1,True,definite,5815767b0643a600016f0e72,68ffc55371128ff03ff45265,6900cb5e5eaa46e61b4cc438,1,False,10,True
3,10375,2,assets/targets/lh_hh_plinko_0002/img.jpg,assets/targets/lh_hh_plinko_0002/recording.mp4,lh_hh_plinko_0002,goal_2,False,definite,5815767b0643a600016f0e72,68ffc55371128ff03ff45265,6900cb5e5eaa46e61b4cc438,2,False,10,True
4,19340,3,assets/fillers/lh_hh_plinko_0002/img.jpg,assets/fillers/lh_hh_plinko_0002/recording.mp4,lh_hh_plinko_0002,goal_3,True,NA,5815767b0643a600016f0e72,68ffc55371128ff03ff45265,6900cb5e5eaa46e61b4cc438,3,False,10,True
5,10169,1,assets/targets/lh_ll_unlink_plinko_0002/img.jpg,assets/targets/lh_ll_unlink_plinko_0002/recording.mp4,lh_ll_unlink_plinko_0002,goal_1,False,NA,5815767b0643a600016f0e72,68ffc55371128ff03ff45265,6900cb5e5eaa46e61b4cc438,1,False,10,True
6,9742,3,assets/targets/lh_ll_unlink_plinko_0000/img.jpg,assets/targets/lh_ll_unlink_plinko_0000/recording.mp4,lh_ll_unlink_plinko_0000,goal_3,False,maybe,5815767b0643a600016f0e72,68ffc55371128ff03ff45265,6900cb5e5eaa46e61b4cc438,3,False,10,True
7,18881,3,assets/targets/hh_hl_unlink_plinko_0269/img.jpg,assets/targets/hh_hl_unlink_plinko_0269/recording.mp4,hh_hl_unlink_plinko_0269,goal_3,False,maybe,5815767b0643a600016f0e72,68ffc55371128ff03ff45265,6900cb5e5eaa46e61b4cc438,3,False,10,True
8,12341,3,assets/fillers/lh_hh_trNM_plinko_0002/img.jpg,assets/fillers/lh_hh_trNM_plinko_0002/recording.mp4,lh_hh_trNM_plinko_0002,goal_4,True,NA,5815767b0643a600016f0e72,68ffc55371128ff03ff45265,6900cb5e5eaa46e61b4cc438,4,False,5,False
9,14100,0,assets/targets/lh_hh_plinko_0000/img.jpg,assets/targets/lh_hh_plinko_0000/recording.mp4,lh_hh_plinko_0000,goal_0,False,NA,5815767b0643a600016f0e72,68ffc55371128ff03ff45265,6900cb5e5eaa46e61b4cc438,0,False,10,True
10,7287,3,assets/targets/lh_hh_plinko_0001/img.jpg,assets/targets/lh_hh_plinko_0001/recording.mp4,lh_hh_plinko_0001,goal_3,False,NA,5815767b0643a600016f0e72,68ffc55371128ff03ff45265,6900cb5e5eaa46e61b4cc438,3,False,10,True
11,7060,4,assets/targets/lh_hh_plinko_0003/img.jpg,assets/targets/lh_hh_plinko_0003/recording.mp4,lh_hh_plinko_0003,goal_4,False,NA,5815767b0643a600016f0e72,68ffc55371128ff03ff45265,6900cb5e5eaa46e61b4cc438,4,False,10,True
12,12685,0,assets/targets/lh_hh_trNM_plinko_0000/img.jpg,assets/targets/lh_hh_trNM_plinko_0000/recording.mp4,lh_hh_trNM_plinko_0000,goal_0,False,definite,5815767b0643a600016f0e72,68ffc55371128ff03ff45265,6900cb5e5eaa46e61b4cc438,0,False,10,True
13,6889,4,assets/targets/lh_hh_trNM_plinko_0002/img.jpg,assets/targets/lh_hh_trNM_plinko_0002/recording.mp4,lh_hh_trNM_plinko_0002,goal_4,False,definite,5815767b0643a600016f0e72,68ffc55371128ff03ff45265,6900cb5e5eaa46e61b4cc438,4,False,10,True
14,12406,4,assets/fillers/lh_hh_trNM_plinko_0001/img.jpg,assets/fillers/lh_hh_trNM_plinko_0001/recording.mp4,lh_hh_trNM_plinko_0001,goal_4,True,NA,5815767b0643a600016f0e72,68ffc55371128ff03ff45265,6900cb5e5eaa46e61b4cc438,4,False,10,True
15,9959,1,assets/targets/lh_ll_unlink_plinko_0001/img.jpg,assets/targets/lh_ll_unlink_plinko_0001/recording.mp4,lh_ll_unlink_plinko_0001,goal_1,False,NA,5815767b0643a600016f0e72,68ffc55371128ff03ff45265,6900cb5e5eaa46e61b4cc438,1,False,10,True
16,7873,2,assets/targets/lh_hh_trNM_plinko_0001/img.jpg,assets/targets/lh_hh_trNM_plinko_0001/recording.mp4,lh_hh_trNM_plinko_0001,goal_2,False,NA,5815767b0643a600016f0e72,68ffc55371128ff03ff45265,6900cb5e5eaa46e61b4cc438,2,False,10,True
17,17099,1,assets/targets/hh_hl_unlink_plinko_0202/img.jpg,assets/targets/hh_hl_unlink_plinko_0202/recording.mp4,hh_hl_unlink_plinko_0202,goal_0,False,maybe,5815767b0643a600016f0e72,68ffc55371128ff03ff45265,6900cb5e5eaa46e61b4cc438,0,False,5,False
18,6974,0,assets/targets/hh_hl_unlink_plinko_0246/img.jpg,assets/targets/hh_hl_unlink_plinko_0246/recording.mp4,hh_hl_unlink_plinko_0246,goal_2,False,maybe,5815767b0643a600016f0e72,68ffc55371128ff03ff45265,6900cb5e5eaa46e61b4cc438,2,False,0,False
19,8287,2,assets/fillers/catch/img.jpg,assets/fillers/catch/recording.mp4,catch,goal_2,True,NA,5815767b0643a600016f0e72,68ffc55371128ff03ff45265,6900cb5e5eaa46e61b4cc438,2,False,10,True
20,11773,2,assets/fillers/lh_hh_plinko_0000/img.jpg,assets/fillers/lh_hh_plinko_0000/recording.mp4,lh_hh_plinko_0000,goal_4,True,maybe,5815767b0643a600016f0e72,68ffc55371128ff03ff45265,6900cb5e5eaa46e61b4cc438,4,False,0,False
21,12507,4,assets/targets/hh_hl_unlink_plinko_0240/img.jpg,assets/targets/hh_hl_unlink_plinko_0240/recording.mp4,hh_hl_unlink_plinko_0240,goal_0,False,maybe,5815767b0643a600016f0e72,68ffc55371128ff03ff45265,6900cb5e5eaa46e61b4cc438,0,False,0,False
22,7279,4,assets/targets/hh_hl_unlink_plinko_0393/img.jpg,assets/targets/hh_hl_unlink_plinko_0393/recording.mp4,hh_hl_unlink_plinko_0393,goal_2,False,maybe,5815767b0643a600016f0e72,68ffc55371128ff03ff45265,6900cb5e5eaa46e61b4cc438,2,False,0,False
23,14061,1,assets/fillers/lh_ll_unlink_plinko_0011/img.jpg,assets/fillers/lh_ll_unlink_plinko_0011/recording.mp4,lh_ll_unlink_plinko_0011,goal_3,True,NA,5815767b0643a600016f0e72,68ffc55371128ff03ff45265,6900cb5e5eaa46e61b4cc438,3,False,0,False
24,8218,3,assets/fillers/lh_ll_unlink_plinko_0009/img.jpg,assets/fillers/lh_ll_unlink_plinko_0009/recording.mp4,lh_ll_unlink_plinko_0009,goal_3,True,NA,5815767b0643a600016f0e72,68ffc55371128ff03ff45265,6900cb5e5eaa46e61b4cc438,3,False,10,True
0,5379,4,assets/fillers/lh_hh_trNM_plinko_0001/img.jpg,assets/fillers/lh_hh_trNM_plinko_0001/recording.mp4,lh_hh_trNM_plinko_0001,goal_4,True,NA,67eda7cef014b05ef5504c28,68ffc55371128ff03ff45265,6900cbb8570cc0af0c5404a5,4,False,10,True
1,14851,1,assets/fillers/lh_hh_plinko_0001/img.jpg,assets/fillers/lh_hh_plinko_0001/recording.mp4,lh_hh_plinko_0001,goal_0,True,maybe,67eda7cef014b05ef5504c28,68ffc55371128ff03ff45265,6900cbb8570cc0af0c5404a5,0,False,5,False
2,6954,3,assets/fillers/lh_ll_unlink_plinko_0017/img.jpg,assets/fillers/lh_ll_unlink_plinko_0017/recording.mp4,lh_ll_unlink_plinko_0017,goal_3,True,NA,67eda7cef014b05ef5504c28,68ffc55371128ff03ff45265,6900cbb8570cc0af0c5404a5,3,False,10,True
3,7886,4,assets/targets/lh_hh_plinko_0003/img.jpg,assets/targets/lh_hh_plinko_0003/recording.mp4,lh_hh_plinko_0003,goal_4,False,NA,67eda7cef014b05ef5504c28,68ffc55371128ff03ff45265,6900cbb8570cc0af0c5404a5,4,False,10,True
4,10747,3,assets/targets/lh_ll_unlink_plinko_0000/img.jpg,assets/targets/lh_ll_unlink_plinko_0000/recording.mp4,lh_ll_unlink_plinko_0000,goal_3,False,maybe,67eda7cef014b05ef5504c28,68ffc55371128ff03ff45265,6900cbb8570cc0af0c5404a5,3,False,10,True
5,10503,3,assets/fillers/lh_ll_unlink_plinko_0009/img.jpg,assets/fillers/lh_ll_unlink_plinko_0009/recording.mp4,lh_ll_unlink_plinko_0009,goal_3,True,NA,67eda7cef014b05ef5504c28,68ffc55371128ff03ff45265,6900cbb8570cc0af0c5404a5,3,False,10,True
6,13168,2,assets/targets/hh_hl_unlink_plinko_0269/img.jpg,assets/targets/hh_hl_unlink_plinko_0269/recording.mp4,hh_hl_unlink_plinko_0269,goal_3,False,maybe,67eda7cef014b05ef5504c28,68ffc55371128ff03ff45265,6900cbb8570cc0af0c5404a5,3,False,5,False
7,17133,3,assets/fillers/lh_hh_plinko_0000/img.jpg,assets/fillers/lh_hh_plinko_0000/recording.mp4,lh_hh_plinko_0000,goal_4,True,maybe,67eda7cef014b05ef5504c28,68ffc55371128ff03ff45265,6900cbb8570cc0af0c5404a5,4,False,5,False
8,8579,3,assets/targets/lh_hh_plinko_0001/img.jpg,assets/targets/lh_hh_plinko_0001/recording.mp4,lh_hh_plinko_0001,goal_3,False,NA,67eda7cef014b05ef5504c28,68ffc55371128ff03ff45265,6900cbb8570cc0af0c5404a5,3,False,10,True
9,9283,2,assets/targets/lh_hh_plinko_0002/img.jpg,assets/targets/lh_hh_plinko_0002/recording.mp4,lh_hh_plinko_0002,goal_2,False,definite,67eda7cef014b05ef5504c28,68ffc55371128ff03ff45265,6900cbb8570cc0af0c5404a5,2,False,10,True
10,7887,4,assets/targets/hh_hl_unlink_plinko_0240/img.jpg,assets/targets/hh_hl_unlink_plinko_0240/recording.mp4,hh_hl_unlink_plinko_0240,goal_0,False,maybe,67eda7cef014b05ef5504c28,68ffc55371128ff03ff45265,6900cbb8570cc0af0c5404a5,0,False,0,False
11,9516,1,assets/fillers/lh_ll_unlink_plinko_0021/img.jpg,assets/fillers/lh_ll_unlink_plinko_0021/recording.mp4,lh_ll_unlink_plinko_0021,goal_1,True,definite,67eda7cef014b05ef5504c28,68ffc55371128ff03ff45265,6900cbb8570cc0af0c5404a5,1,False,10,True
12,8750,2,assets/targets/lh_hh_trNM_plinko_0001/img.jpg,assets/targets/lh_hh_trNM_plinko_0001/recording.mp4,lh_hh_trNM_plinko_0001,goal_2,False,NA,67eda7cef014b05ef5504c28,68ffc55371128ff03ff45265,6900cbb8570cc0af0c5404a5,2,False,10,True
13,17849,1,assets/targets/lh_ll_unlink_plinko_0002/img.jpg,assets/targets/lh_ll_unlink_plinko_0002/recording.mp4,lh_ll_unlink_plinko_0002,goal_1,False,NA,67eda7cef014b05ef5504c28,68ffc55371128ff03ff45265,6900cbb8570cc0af0c5404a5,1,False,10,True
14,25164,2,assets/targets/hh_hl_unlink_plinko_0246/img.jpg,assets/targets/hh_hl_unlink_plinko_0246/recording.mp4,hh_hl_unlink_plinko_0246,goal_2,False,maybe,67eda7cef014b05ef5504c28,68ffc55371128ff03ff45265,6900cbb8570cc0af0c5404a5,2,False,10,True
15,13878,3,assets/fillers/lh_hh_plinko_0002/img.jpg,assets/fillers/lh_hh_plinko_0002/recording.mp4,lh_hh_plinko_0002,goal_3,True,NA,67eda7cef014b05ef5504c28,68ffc55371128ff03ff45265,6900cbb8570cc0af0c5404a5,3,False,10,True
16,4701,2,assets/fillers/catch/img.jpg,assets/fillers/catch/recording.mp4,catch,goal_2,True,NA,67eda7cef014b05ef5504c28,68ffc55371128ff03ff45265,6900cbb8570cc0af0c5404a5,2,False,10,True
17,8901,4,assets/targets/lh_hh_trNM_plinko_0002/img.jpg,assets/targets/lh_hh_trNM_plinko_0002/recording.mp4,lh_hh_trNM_plinko_0002,goal_4,False,definite,67eda7cef014b05ef5504c28,68ffc55371128ff03ff45265,6900cbb8570cc0af0c5404a5,4,False,10,True
18,5614,0,assets/targets/lh_hh_trNM_plinko_0000/img.jpg,assets/targets/lh_hh_trNM_plinko_0000/recording.mp4,lh_hh_trNM_plinko_0000,goal_0,False,definite,67eda7cef014b05ef5504c28,68ffc55371128ff03ff45265,6900cbb8570cc0af0c5404a5,0,False,10,True
19,12592,3,assets/fillers/lh_hh_trNM_plinko_0002/img.jpg,assets/fillers/lh_hh_trNM_plinko_0002/recording.mp4,lh_hh_trNM_plinko_0002,goal_4,True,NA,67eda7cef014b05ef5504c28,68ffc55371128ff03ff45265,6900cbb8570cc0af0c5404a5,4,False,5,False
20,9516,2,assets/fillers/lh_ll_unlink_plinko_0011/img.jpg,assets/fillers/lh_ll_unlink_plinko_0011/recording.mp4,lh_ll_unlink_plinko_0011,goal_3,True,NA,67eda7cef014b05ef5504c28,68ffc55371128ff03ff45265,6900cbb8570cc0af0c5404a5,3,False,5,False
21,12329,2,assets/targets/hh_hl_unlink_plinko_0393/img.jpg,assets/targets/hh_hl_unlink_plinko_0393/recording.mp4,hh_hl_unlink_plinko_0393,goal_2,False,maybe,67eda7cef014b05ef5504c28,68ffc55371128ff03ff45265,6900cbb8570cc0af0c5404a5,2,False,10,True
22,15508,0,assets/targets/lh_hh_plinko_0000/img.jpg,assets/targets/lh_hh_plinko_0000/recording.mp4,lh_hh_plinko_0000,goal_0,False,NA,67eda7cef014b05ef5504c28,68ffc55371128ff03ff45265,6900cbb8570cc0af0c5404a5,0,False,10,True
23,6489,1,assets/targets/lh_ll_unlink_plinko_0001/img.jpg,assets/targets/lh_ll_unlink_plinko_0001/recording.mp4,lh_ll_unlink_plinko_0001,goal_1,False,NA,67eda7cef014b05ef5504c28,68ffc55371128ff03ff45265,6900cbb8570cc0af0c5404a5,1,False,10,True
24,14390,0,assets/targets/hh_hl_unlink_plinko_0202/img.jpg,assets/targets/hh_hl_unlink_plinko_0202/recording.mp4,hh_hl_unlink_plinko_0202,goal_0,False,maybe,67eda7cef014b05ef5504c28,68ffc55371128ff03ff45265,6900cbb8570cc0af0c5404a5,0,False,10,True
0,10753,1,assets/fillers/lh_hh_plinko_0001/img.jpg,assets/fillers/lh_hh_plinko_0001/recording.mp4,lh_hh_plinko_0001,goal_0,True,maybe,58472149000f1000010ebc53,68ffc55371128ff03ff45265,6900cba9dc13c843327395e6,0,False,5,False
1,8772,4,assets/fillers/lh_hh_plinko_0002/img.jpg,assets/fillers/lh_hh_plinko_0002/recording.mp4,lh_hh_plinko_0002,goal_3,True,NA,58472149000f1000010ebc53,68ffc55371128ff03ff45265,6900cba9dc13c843327395e6,3,False,5,False
2,5077,3,assets/fillers/lh_hh_trNM_plinko_0002/img.jpg,assets/fillers/lh_hh_trNM_plinko_0002/recording.mp4,lh_hh_trNM_plinko_0002,goal_4,True,NA,58472149000f1000010ebc53,68ffc55371128ff03ff45265,6900cba9dc13c843327395e6,4,False,5,False
3,5134,3,assets/targets/lh_ll_unlink_plinko_0000/img.jpg,assets/targets/lh_ll_unlink_plinko_0000/recording.mp4,lh_ll_unlink_plinko_0000,goal_3,False,maybe,58472149000f1000010ebc53,68ffc55371128ff03ff45265,6900cba9dc13c843327395e6,3,False,10,True
4,12912,4,assets/fillers/lh_hh_plinko_0000/img.jpg,assets/fillers/lh_hh_plinko_0000/recording.mp4,lh_hh_plinko_0000,goal_4,True,maybe,58472149000f1000010ebc53,68ffc55371128ff03ff45265,6900cba9dc13c843327395e6,4,False,10,True
5,6915,3,assets/targets/lh_hh_plinko_0001/img.jpg,assets/targets/lh_hh_plinko_0001/recording.mp4,lh_hh_plinko_0001,goal_3,False,NA,58472149000f1000010ebc53,68ffc55371128ff03ff45265,6900cba9dc13c843327395e6,3,False,10,True
6,11455,0,assets/targets/lh_hh_plinko_0000/img.jpg,assets/targets/lh_hh_plinko_0000/recording.mp4,lh_hh_plinko_0000,goal_0,False,NA,58472149000f1000010ebc53,68ffc55371128ff03ff45265,6900cba9dc13c843327395e6,0,False,10,True
7,9180,4,assets/fillers/lh_ll_unlink_plinko_0017/img.jpg,assets/fillers/lh_ll_unlink_plinko_0017/recording.mp4,lh_ll_unlink_plinko_0017,goal_3,True,NA,58472149000f1000010ebc53,68ffc55371128ff03ff45265,6900cba9dc13c843327395e6,3,False,5,False
8,8883,2,assets/fillers/lh_hh_trNM_plinko_0001/img.jpg,assets/fillers/lh_hh_trNM_plinko_0001/recording.mp4,lh_hh_trNM_plinko_0001,goal_4,True,NA,58472149000f1000010ebc53,68ffc55371128ff03ff45265,6900cba9dc13c843327395e6,4,False,0,False
9,5162,4,assets/targets/hh_hl_unlink_plinko_0393/img.jpg,assets/targets/hh_hl_unlink_plinko_0393/recording.mp4,hh_hl_unlink_plinko_0393,goal_2,False,maybe,58472149000f1000010ebc53,68ffc55371128ff03ff45265,6900cba9dc13c843327395e6,2,False,0,False
10,8142,3,assets/fillers/lh_ll_unlink_plinko_0011/img.jpg,assets/fillers/lh_ll_unlink_plinko_0011/recording.mp4,lh_ll_unlink_plinko_0011,goal_3,True,NA,58472149000f1000010ebc53,68ffc55371128ff03ff45265,6900cba9dc13c843327395e6,3,False,10,True
11,13419,0,assets/targets/hh_hl_unlink_plinko_0269/img.jpg,assets/targets/hh_hl_unlink_plinko_0269/recording.mp4,hh_hl_unlink_plinko_0269,goal_3,False,maybe,58472149000f1000010ebc53,68ffc55371128ff03ff45265,6900cba9dc13c843327395e6,3,False,0,False
12,7015,1,assets/targets/lh_ll_unlink_plinko_0001/img.jpg,assets/targets/lh_ll_unlink_plinko_0001/recording.mp4,lh_ll_unlink_plinko_0001,goal_1,False,NA,58472149000f1000010ebc53,68ffc55371128ff03ff45265,6900cba9dc13c843327395e6,1,False,10,True
13,8206,3,assets/fillers/lh_ll_unlink_plinko_0009/img.jpg,assets/fillers/lh_ll_unlink_plinko_0009/recording.mp4,lh_ll_unlink_plinko_0009,goal_3,True,NA,58472149000f1000010ebc53,68ffc55371128ff03ff45265,6900cba9dc13c843327395e6,3,False,10,True
14,5319,2,assets/targets/lh_hh_trNM_plinko_0001/img.jpg,assets/targets/lh_hh_trNM_plinko_0001/recording.mp4,lh_hh_trNM_plinko_0001,goal_2,False,NA,58472149000f1000010ebc53,68ffc55371128ff03ff45265,6900cba9dc13c843327395e6,2,False,10,True
15,10286,1,assets/targets/lh_ll_unlink_plinko_0002/img.jpg,assets/targets/lh_ll_unlink_plinko_0002/recording.mp4,lh_ll_unlink_plinko_0002,goal_1,False,NA,58472149000f1000010ebc53,68ffc55371128ff03ff45265,6900cba9dc13c843327395e6,1,False,10,True
16,3868,4,assets/targets/lh_hh_plinko_0003/img.jpg,assets/targets/lh_hh_plinko_0003/recording.mp4,lh_hh_plinko_0003,goal_4,False,NA,58472149000f1000010ebc53,68ffc55371128ff03ff45265,6900cba9dc13c843327395e6,4,False,10,True
17,5689,0,assets/targets/lh_hh_trNM_plinko_0000/img.jpg,assets/targets/lh_hh_trNM_plinko_0000/recording.mp4,lh_hh_trNM_plinko_0000,goal_0,False,definite,58472149000f1000010ebc53,68ffc55371128ff03ff45265,6900cba9dc13c843327395e6,0,False,10,True
18,20051,3,assets/targets/hh_hl_unlink_plinko_0246/img.jpg,assets/targets/hh_hl_unlink_plinko_0246/recording.mp4,hh_hl_unlink_plinko_0246,goal_2,False,maybe,58472149000f1000010ebc53,68ffc55371128ff03ff45265,6900cba9dc13c843327395e6,2,False,5,False
19,3921,2,assets/targets/lh_hh_plinko_0002/img.jpg,assets/targets/lh_hh_plinko_0002/recording.mp4,lh_hh_plinko_0002,goal_2,False,definite,58472149000f1000010ebc53,68ffc55371128ff03ff45265,6900cba9dc13c843327395e6,2,False,10,True
20,21426,1,assets/fillers/lh_ll_unlink_plinko_0021/img.jpg,assets/fillers/lh_ll_unlink_plinko_0021/recording.mp4,lh_ll_unlink_plinko_0021,goal_1,True,definite,58472149000f1000010ebc53,68ffc55371128ff03ff45265,6900cba9dc13c843327395e6,1,False,10,True
21,3319,4,assets/targets/lh_hh_trNM_plinko_0002/img.jpg,assets/targets/lh_hh_trNM_plinko_0002/recording.mp4,lh_hh_trNM_plinko_0002,goal_4,False,definite,58472149000f1000010ebc53,68ffc55371128ff03ff45265,6900cba9dc13c843327395e6,4,False,10,True
22,21562,0,assets/targets/hh_hl_unlink_plinko_0240/img.jpg,assets/targets/hh_hl_unlink_plinko_0240/recording.mp4,hh_hl_unlink_plinko_0240,goal_0,False,maybe,58472149000f1000010ebc53,68ffc55371128ff03ff45265,6900cba9dc13c843327395e6,0,False,10,True
23,4194,2,assets/fillers/catch/img.jpg,assets/fillers/catch/recording.mp4,catch,goal_2,True,NA,58472149000f1000010ebc53,68ffc55371128ff03ff45265,6900cba9dc13c843327395e6,2,False,10,True
24,32286,2,assets/targets/hh_hl_unlink_plinko_0202/img.jpg,assets/targets/hh_hl_unlink_plinko_0202/recording.mp4,hh_hl_unlink_plinko_0202,goal_0,False,maybe,58472149000f1000010ebc53,68ffc55371128ff03ff45265,6900cba9dc13c843327395e6,0,False,0,False
0,5331,2,assets/fillers/lh_hh_plinko_0001/img.jpg,assets/fillers/lh_hh_plinko_0001/recording.mp4,lh_hh_plinko_0001,goal_0,True,maybe,583862506be00b0001cf8506,68ffc55371128ff03ff45265,6900cac83893df9f6c191b00,0,False,0,False
1,5056,3,assets/fillers/catch/img.jpg,assets/fillers/catch/recording.mp4,catch,goal_2,True,NA,583862506be00b0001cf8506,68ffc55371128ff03ff45265,6900cac83893df9f6c191b00,2,False,5,False
2,4933,3,assets/fillers/lh_hh_plinko_0002/img.jpg,assets/fillers/lh_hh_plinko_0002/recording.mp4,lh_hh_plinko_0002,goal_3,True,NA,583862506be00b0001cf8506,68ffc55371128ff03ff45265,6900cac83893df9f6c191b00,3,False,10,True
3,3077,0,assets/targets/lh_hh_trNM_plinko_0000/img.jpg,assets/targets/lh_hh_trNM_plinko_0000/recording.mp4,lh_hh_trNM_plinko_0000,goal_0,False,definite,583862506be00b0001cf8506,68ffc55371128ff03ff45265,6900cac83893df9f6c191b00,0,False,10,True
4,6996,2,assets/fillers/lh_hh_trNM_plinko_0001/img.jpg,assets/fillers/lh_hh_trNM_plinko_0001/recording.mp4,lh_hh_trNM_plinko_0001,goal_4,True,NA,583862506be00b0001cf8506,68ffc55371128ff03ff45265,6900cac83893df9f6c191b00,4,False,0,False
5,2536,1,assets/targets/lh_ll_unlink_plinko_0001/img.jpg,assets/targets/lh_ll_unlink_plinko_0001/recording.mp4,lh_ll_unlink_plinko_0001,goal_1,False,NA,583862506be00b0001cf8506,68ffc55371128ff03ff45265,6900cac83893df9f6c191b00,1,False,10,True
6,6204,2,assets/fillers/lh_ll_unlink_plinko_0011/img.jpg,assets/fillers/lh_ll_unlink_plinko_0011/recording.mp4,lh_ll_unlink_plinko_0011,goal_3,True,NA,583862506be00b0001cf8506,68ffc55371128ff03ff45265,6900cac83893df9f6c191b00,3,False,5,False
7,3453,2,assets/targets/lh_hh_trNM_plinko_0001/img.jpg,assets/targets/lh_hh_trNM_plinko_0001/recording.mp4,lh_hh_trNM_plinko_0001,goal_2,False,NA,583862506be00b0001cf8506,68ffc55371128ff03ff45265,6900cac83893df9f6c191b00,2,False,10,True
8,35714,3,assets/fillers/lh_ll_unlink_plinko_0009/img.jpg,assets/fillers/lh_ll_unlink_plinko_0009/recording.mp4,lh_ll_unlink_plinko_0009,goal_3,True,NA,583862506be00b0001cf8506,68ffc55371128ff03ff45265,6900cac83893df9f6c191b00,3,False,10,True
9,8989,2,assets/targets/lh_hh_plinko_0003/img.jpg,assets/targets/lh_hh_plinko_0003/recording.mp4,lh_hh_plinko_0003,goal_4,False,NA,583862506be00b0001cf8506,68ffc55371128ff03ff45265,6900cac83893df9f6c191b00,4,False,0,False
10,14163,4,assets/fillers/lh_hh_plinko_0000/img.jpg,assets/fillers/lh_hh_plinko_0000/recording.mp4,lh_hh_plinko_0000,goal_4,True,maybe,583862506be00b0001cf8506,68ffc55371128ff03ff45265,6900cac83893df9f6c191b00,4,False,10,True
11,5184,0,assets/targets/hh_hl_unlink_plinko_0246/img.jpg,assets/targets/hh_hl_unlink_plinko_0246/recording.mp4,hh_hl_unlink_plinko_0246,goal_2,False,maybe,583862506be00b0001cf8506,68ffc55371128ff03ff45265,6900cac83893df9f6c191b00,2,False,0,False
12,6062,0,assets/targets/hh_hl_unlink_plinko_0202/img.jpg,assets/targets/hh_hl_unlink_plinko_0202/recording.mp4,hh_hl_unlink_plinko_0202,goal_0,False,maybe,583862506be00b0001cf8506,68ffc55371128ff03ff45265,6900cac83893df9f6c191b00,0,False,10,True
13,7268,3,assets/targets/lh_ll_unlink_plinko_0000/img.jpg,assets/targets/lh_ll_unlink_plinko_0000/recording.mp4,lh_ll_unlink_plinko_0000,goal_3,False,maybe,583862506be00b0001cf8506,68ffc55371128ff03ff45265,6900cac83893df9f6c191b00,3,False,10,True
14,14422,4,assets/targets/hh_hl_unlink_plinko_0393/img.jpg,assets/targets/hh_hl_unlink_plinko_0393/recording.mp4,hh_hl_unlink_plinko_0393,goal_2,False,maybe,583862506be00b0001cf8506,68ffc55371128ff03ff45265,6900cac83893df9f6c191b00,2,False,0,False
15,19248,1,assets/fillers/lh_ll_unlink_plinko_0017/img.jpg,assets/fillers/lh_ll_unlink_plinko_0017/recording.mp4,lh_ll_unlink_plinko_0017,goal_3,True,NA,583862506be00b0001cf8506,68ffc55371128ff03ff45265,6900cac83893df9f6c191b00,3,False,0,False
16,5402,4,assets/targets/lh_hh_trNM_plinko_0002/img.jpg,assets/targets/lh_hh_trNM_plinko_0002/recording.mp4,lh_hh_trNM_plinko_0002,goal_4,False,definite,583862506be00b0001cf8506,68ffc55371128ff03ff45265,6900cac83893df9f6c191b00,4,False,10,True
17,4049,1,assets/targets/lh_ll_unlink_plinko_0002/img.jpg,assets/targets/lh_ll_unlink_plinko_0002/recording.mp4,lh_ll_unlink_plinko_0002,goal_1,False,NA,583862506be00b0001cf8506,68ffc55371128ff03ff45265,6900cac83893df9f6c191b00,1,False,10,True
18,24147,3,assets/targets/hh_hl_unlink_plinko_0269/img.jpg,assets/targets/hh_hl_unlink_plinko_0269/recording.mp4,hh_hl_unlink_plinko_0269,goal_3,False,maybe,583862506be00b0001cf8506,68ffc55371128ff03ff45265,6900cac83893df9f6c191b00,3,False,10,True
19,14260,2,assets/targets/hh_hl_unlink_plinko_0240/img.jpg,assets/targets/hh_hl_unlink_plinko_0240/recording.mp4,hh_hl_unlink_plinko_0240,goal_0,False,maybe,583862506be00b0001cf8506,68ffc55371128ff03ff45265,6900cac83893df9f6c191b00,0,False,0,False
20,2961,3,assets/targets/lh_hh_plinko_0001/img.jpg,assets/targets/lh_hh_plinko_0001/recording.mp4,lh_hh_plinko_0001,goal_3,False,NA,583862506be00b0001cf8506,68ffc55371128ff03ff45265,6900cac83893df9f6c191b00,3,False,10,True
21,4753,0,assets/targets/lh_hh_plinko_0000/img.jpg,assets/targets/lh_hh_plinko_0000/recording.mp4,lh_hh_plinko_0000,goal_0,False,NA,583862506be00b0001cf8506,68ffc55371128ff03ff45265,6900cac83893df9f6c191b00,0,False,10,True
22,12208,1,assets/fillers/lh_ll_unlink_plinko_0021/img.jpg,assets/fillers/lh_ll_unlink_plinko_0021/recording.mp4,lh_ll_unlink_plinko_0021,goal_1,True,definite,583862506be00b0001cf8506,68ffc55371128ff03ff45265,6900cac83893df9f6c191b00,1,False,10,True
23,11662,3,assets/fillers/lh_hh_trNM_plinko_0002/img.jpg,assets/fillers/lh_hh_trNM_plinko_0002/recording.mp4,lh_hh_trNM_plinko_0002,goal_4,True,NA,583862506be00b0001cf8506,68ffc55371128ff03ff45265,6900cac83893df9f6c191b00,4,False,5,False
24,3018,2,assets/targets/lh_hh_plinko_0002/img.jpg,assets/targets/lh_hh_plinko_0002/recording.mp4,lh_hh_plinko_0002,goal_2,False,definite,583862506be00b0001cf8506,68ffc55371128ff03ff45265,6900cac83893df9f6c191b00,2,False,10,True
0,6341,4,assets/fillers/lh_hh_plinko_0000/img.jpg,assets/fillers/lh_hh_plinko_0000/recording.mp4,lh_hh_plinko_0000,goal_4,True,maybe,67886a97eccd9d65d8fcfd2b,68ffc55371128ff03ff45265,6900caf5622741ec20d2ad7d,4,False,10,True
1,8925,2,assets/fillers/lh_ll_unlink_plinko_0009/img.jpg,assets/fillers/lh_ll_unlink_plinko_0009/recording.mp4,lh_ll_unlink_plinko_0009,goal_3,True,NA,67886a97eccd9d65d8fcfd2b,68ffc55371128ff03ff45265,6900caf5622741ec20d2ad7d,3,False,5,False
2,6648,4,assets/fillers/lh_hh_trNM_plinko_0001/img.jpg,assets/fillers/lh_hh_trNM_plinko_0001/recording.mp4,lh_hh_trNM_plinko_0001,goal_4,True,NA,67886a97eccd9d65d8fcfd2b,68ffc55371128ff03ff45265,6900caf5622741ec20d2ad7d,4,False,10,True
3,82341,2,assets/fillers/catch/img.jpg,assets/fillers/catch/recording.mp4,catch,goal_2,True,NA,67886a97eccd9d65d8fcfd2b,68ffc55371128ff03ff45265,6900caf5622741ec20d2ad7d,2,False,10,True
4,10510,3,assets/targets/hh_hl_unlink_plinko_0246/img.jpg,assets/targets/hh_hl_unlink_plinko_0246/recording.mp4,hh_hl_unlink_plinko_0246,goal_2,False,maybe,67886a97eccd9d65d8fcfd2b,68ffc55371128ff03ff45265,6900caf5622741ec20d2ad7d,2,False,5,False
5,62187,1,assets/fillers/lh_hh_plinko_0001/img.jpg,assets/fillers/lh_hh_plinko_0001/recording.mp4,lh_hh_plinko_0001,goal_0,True,maybe,67886a97eccd9d65d8fcfd2b,68ffc55371128ff03ff45265,6900caf5622741ec20d2ad7d,0,False,5,False
6,5292,2,assets/targets/lh_hh_plinko_0002/img.jpg,assets/targets/lh_hh_plinko_0002/recording.mp4,lh_hh_plinko_0002,goal_2,False,definite,67886a97eccd9d65d8fcfd2b,68ffc55371128ff03ff45265,6900caf5622741ec20d2ad7d,2,False,10,True
7,6881,4,assets/targets/lh_hh_plinko_0003/img.jpg,assets/targets/lh_hh_plinko_0003/recording.mp4,lh_hh_plinko_0003,goal_4,False,NA,67886a97eccd9d65d8fcfd2b,68ffc55371128ff03ff45265,6900caf5622741ec20d2ad7d,4,False,10,True
8,11106,4,assets/targets/hh_hl_unlink_plinko_0240/img.jpg,assets/targets/hh_hl_unlink_plinko_0240/recording.mp4,hh_hl_unlink_plinko_0240,goal_0,False,maybe,67886a97eccd9d65d8fcfd2b,68ffc55371128ff03ff45265,6900caf5622741ec20d2ad7d,0,False,0,False
9,8537,3,assets/fillers/lh_hh_plinko_0002/img.jpg,assets/fillers/lh_hh_plinko_0002/recording.mp4,lh_hh_plinko_0002,goal_3,True,NA,67886a97eccd9d65d8fcfd2b,68ffc55371128ff03ff45265,6900caf5622741ec20d2ad7d,3,False,10,True
10,3213,4,assets/targets/lh_hh_trNM_plinko_0002/img.jpg,assets/targets/lh_hh_trNM_plinko_0002/recording.mp4,lh_hh_trNM_plinko_0002,goal_4,False,definite,67886a97eccd9d65d8fcfd2b,68ffc55371128ff03ff45265,6900caf5622741ec20d2ad7d,4,False,10,True
11,66966,3,assets/targets/lh_ll_unlink_plinko_0000/img.jpg,assets/targets/lh_ll_unlink_plinko_0000/recording.mp4,lh_ll_unlink_plinko_0000,goal_3,False,maybe,67886a97eccd9d65d8fcfd2b,68ffc55371128ff03ff45265,6900caf5622741ec20d2ad7d,3,False,10,True
12,4916,3,assets/fillers/lh_hh_trNM_plinko_0002/img.jpg,assets/fillers/lh_hh_trNM_plinko_0002/recording.mp4,lh_hh_trNM_plinko_0002,goal_4,True,NA,67886a97eccd9d65d8fcfd2b,68ffc55371128ff03ff45265,6900caf5622741ec20d2ad7d,4,False,5,False
13,3206,1,assets/targets/lh_ll_unlink_plinko_0002/img.jpg,assets/targets/lh_ll_unlink_plinko_0002/recording.mp4,lh_ll_unlink_plinko_0002,goal_1,False,NA,67886a97eccd9d65d8fcfd2b,68ffc55371128ff03ff45265,6900caf5622741ec20d2ad7d,1,False,10,True
14,9869,1,assets/targets/lh_ll_unlink_plinko_0001/img.jpg,assets/targets/lh_ll_unlink_plinko_0001/recording.mp4,lh_ll_unlink_plinko_0001,goal_1,False,NA,67886a97eccd9d65d8fcfd2b,68ffc55371128ff03ff45265,6900caf5622741ec20d2ad7d,1,False,10,True
15,4620,0,assets/targets/lh_hh_plinko_0000/img.jpg,assets/targets/lh_hh_plinko_0000/recording.mp4,lh_hh_plinko_0000,goal_0,False,NA,67886a97eccd9d65d8fcfd2b,68ffc55371128ff03ff45265,6900caf5622741ec20d2ad7d,0,False,10,True
16,6065,2,assets/targets/hh_hl_unlink_plinko_0202/img.jpg,assets/targets/hh_hl_unlink_plinko_0202/recording.mp4,hh_hl_unlink_plinko_0202,goal_0,False,maybe,67886a97eccd9d65d8fcfd2b,68ffc55371128ff03ff45265,6900caf5622741ec20d2ad7d,0,False,0,False
17,7449,0,assets/targets/hh_hl_unlink_plinko_0269/img.jpg,assets/targets/hh_hl_unlink_plinko_0269/recording.mp4,hh_hl_unlink_plinko_0269,goal_3,False,maybe,67886a97eccd9d65d8fcfd2b,68ffc55371128ff03ff45265,6900caf5622741ec20d2ad7d,3,False,0,False
18,2496,3,assets/targets/lh_hh_plinko_0001/img.jpg,assets/targets/lh_hh_plinko_0001/recording.mp4,lh_hh_plinko_0001,goal_3,False,NA,67886a97eccd9d65d8fcfd2b,68ffc55371128ff03ff45265,6900caf5622741ec20d2ad7d,3,False,10,True
19,4277,3,assets/fillers/lh_ll_unlink_plinko_0017/img.jpg,assets/fillers/lh_ll_unlink_plinko_0017/recording.mp4,lh_ll_unlink_plinko_0017,goal_3,True,NA,67886a97eccd9d65d8fcfd2b,68ffc55371128ff03ff45265,6900caf5622741ec20d2ad7d,3,False,10,True
20,4001,2,assets/targets/lh_hh_trNM_plinko_0001/img.jpg,assets/targets/lh_hh_trNM_plinko_0001/recording.mp4,lh_hh_trNM_plinko_0001,goal_2,False,NA,67886a97eccd9d65d8fcfd2b,68ffc55371128ff03ff45265,6900caf5622741ec20d2ad7d,2,False,10,True
21,3933,1,assets/fillers/lh_ll_unlink_plinko_0021/img.jpg,assets/fillers/lh_ll_unlink_plinko_0021/recording.mp4,lh_ll_unlink_plinko_0021,goal_1,True,definite,67886a97eccd9d65d8fcfd2b,68ffc55371128ff03ff45265,6900caf5622741ec20d2ad7d,1,False,10,True
22,6177,2,assets/fillers/lh_ll_unlink_plinko_0011/img.jpg,assets/fillers/lh_ll_unlink_plinko_0011/recording.mp4,lh_ll_unlink_plinko_0011,goal_3,True,NA,67886a97eccd9d65d8fcfd2b,68ffc55371128ff03ff45265,6900caf5622741ec20d2ad7d,3,False,5,False
23,4795,0,assets/targets/hh_hl_unlink_plinko_0393/img.jpg,assets/targets/hh_hl_unlink_plinko_0393/recording.mp4,hh_hl_unlink_plinko_0393,goal_2,False,maybe,67886a97eccd9d65d8fcfd2b,68ffc55371128ff03ff45265,6900caf5622741ec20d2ad7d,2,False,0,False
24,3246,0,assets/targets/lh_hh_trNM_plinko_0000/img.jpg,assets/targets/lh_hh_trNM_plinko_0000/recording.mp4,lh_hh_trNM_plinko_0000,goal_0,False,definite,67886a97eccd9d65d8fcfd2b,68ffc55371128ff03ff45265,6900caf5622741ec20d2ad7d,0,False,10,True
0,11777,1,assets/fillers/lh_hh_trNM_plinko_0001/img.jpg,assets/fillers/lh_hh_trNM_plinko_0001/recording.mp4,lh_hh_trNM_plinko_0001,goal_4,True,NA,616ef680ab8ca318a227f5ec,68ffc55371128ff03ff45265,6900cdacaadce7e624699d2f,4,False,0,False
1,6695,3,assets/fillers/lh_hh_plinko_0001/img.jpg,assets/fillers/lh_hh_plinko_0001/recording.mp4,lh_hh_plinko_0001,goal_0,True,maybe,616ef680ab8ca318a227f5ec,68ffc55371128ff03ff45265,6900cdacaadce7e624699d2f,0,False,0,False
2,3887,2,assets/fillers/catch/img.jpg,assets/fillers/catch/recording.mp4,catch,goal_2,True,NA,616ef680ab8ca318a227f5ec,68ffc55371128ff03ff45265,6900cdacaadce7e624699d2f,2,False,10,True
3,13224,3,assets/fillers/lh_ll_unlink_plinko_0017/img.jpg,assets/fillers/lh_ll_unlink_plinko_0017/recording.mp4,lh_ll_unlink_plinko_0017,goal_3,True,NA,616ef680ab8ca318a227f5ec,68ffc55371128ff03ff45265,6900cdacaadce7e624699d2f,3,False,10,True
4,9623,0,assets/targets/lh_hh_trNM_plinko_0000/img.jpg,assets/targets/lh_hh_trNM_plinko_0000/recording.mp4,lh_hh_trNM_plinko_0000,goal_0,False,definite,616ef680ab8ca318a227f5ec,68ffc55371128ff03ff45265,6900cdacaadce7e624699d2f,0,False,10,True
5,9925,2,assets/targets/hh_hl_unlink_plinko_0202/img.jpg,assets/targets/hh_hl_unlink_plinko_0202/recording.mp4,hh_hl_unlink_plinko_0202,goal_0,False,maybe,616ef680ab8ca318a227f5ec,68ffc55371128ff03ff45265,6900cdacaadce7e624699d2f,0,False,0,False
6,6971,4,assets/targets/lh_hh_trNM_plinko_0002/img.jpg,assets/targets/lh_hh_trNM_plinko_0002/recording.mp4,lh_hh_trNM_plinko_0002,goal_4,False,definite,616ef680ab8ca318a227f5ec,68ffc55371128ff03ff45265,6900cdacaadce7e624699d2f,4,False,10,True
7,9212,0,assets/targets/lh_hh_plinko_0000/img.jpg,assets/targets/lh_hh_plinko_0000/recording.mp4,lh_hh_plinko_0000,goal_0,False,NA,616ef680ab8ca318a227f5ec,68ffc55371128ff03ff45265,6900cdacaadce7e624699d2f,0,False,10,True
8,11693,3,assets/fillers/lh_hh_plinko_0000/img.jpg,assets/fillers/lh_hh_plinko_0000/recording.mp4,lh_hh_plinko_0000,goal_4,True,maybe,616ef680ab8ca318a227f5ec,68ffc55371128ff03ff45265,6900cdacaadce7e624699d2f,4,False,5,False
9,7762,2,assets/targets/lh_hh_plinko_0002/img.jpg,assets/targets/lh_hh_plinko_0002/recording.mp4,lh_hh_plinko_0002,goal_2,False,definite,616ef680ab8ca318a227f5ec,68ffc55371128ff03ff45265,6900cdacaadce7e624699d2f,2,False,10,True
10,5363,1,assets/fillers/lh_ll_unlink_plinko_0021/img.jpg,assets/fillers/lh_ll_unlink_plinko_0021/recording.mp4,lh_ll_unlink_plinko_0021,goal_1,True,definite,616ef680ab8ca318a227f5ec,68ffc55371128ff03ff45265,6900cdacaadce7e624699d2f,1,False,10,True
11,9260,2,assets/targets/hh_hl_unlink_plinko_0269/img.jpg,assets/targets/hh_hl_unlink_plinko_0269/recording.mp4,hh_hl_unlink_plinko_0269,goal_3,False,maybe,616ef680ab8ca318a227f5ec,68ffc55371128ff03ff45265,6900cdacaadce7e624699d2f,3,False,5,False
12,6741,3,assets/targets/lh_hh_plinko_0001/img.jpg,assets/targets/lh_hh_plinko_0001/recording.mp4,lh_hh_plinko_0001,goal_3,False,NA,616ef680ab8ca318a227f5ec,68ffc55371128ff03ff45265,6900cdacaadce7e624699d2f,3,False,10,True
13,5852,3,assets/targets/lh_ll_unlink_plinko_0000/img.jpg,assets/targets/lh_ll_unlink_plinko_0000/recording.mp4,lh_ll_unlink_plinko_0000,goal_3,False,maybe,616ef680ab8ca318a227f5ec,68ffc55371128ff03ff45265,6900cdacaadce7e624699d2f,3,False,10,True
14,5756,4,assets/targets/hh_hl_unlink_plinko_0240/img.jpg,assets/targets/hh_hl_unlink_plinko_0240/recording.mp4,hh_hl_unlink_plinko_0240,goal_0,False,maybe,616ef680ab8ca318a227f5ec,68ffc55371128ff03ff45265,6900cdacaadce7e624699d2f,0,False,0,False
15,6222,4,assets/targets/lh_hh_plinko_0003/img.jpg,assets/targets/lh_hh_plinko_0003/recording.mp4,lh_hh_plinko_0003,goal_4,False,NA,616ef680ab8ca318a227f5ec,68ffc55371128ff03ff45265,6900cdacaadce7e624699d2f,4,False,10,True
16,4429,2,assets/targets/lh_hh_trNM_plinko_0001/img.jpg,assets/targets/lh_hh_trNM_plinko_0001/recording.mp4,lh_hh_trNM_plinko_0001,goal_2,False,NA,616ef680ab8ca318a227f5ec,68ffc55371128ff03ff45265,6900cdacaadce7e624699d2f,2,False,10,True
17,5982,1,assets/targets/lh_ll_unlink_plinko_0002/img.jpg,assets/targets/lh_ll_unlink_plinko_0002/recording.mp4,lh_ll_unlink_plinko_0002,goal_1,False,NA,616ef680ab8ca318a227f5ec,68ffc55371128ff03ff45265,6900cdacaadce7e624699d2f,1,False,10,True
18,3965,3,assets/fillers/lh_hh_trNM_plinko_0002/img.jpg,assets/fillers/lh_hh_trNM_plinko_0002/recording.mp4,lh_hh_trNM_plinko_0002,goal_4,True,NA,616ef680ab8ca318a227f5ec,68ffc55371128ff03ff45265,6900cdacaadce7e624699d2f,4,False,5,False
19,6724,3,assets/fillers/lh_hh_plinko_0002/img.jpg,assets/fillers/lh_hh_plinko_0002/recording.mp4,lh_hh_plinko_0002,goal_3,True,NA,616ef680ab8ca318a227f5ec,68ffc55371128ff03ff45265,6900cdacaadce7e624699d2f,3,False,10,True
20,5356,0,assets/targets/hh_hl_unlink_plinko_0393/img.jpg,assets/targets/hh_hl_unlink_plinko_0393/recording.mp4,hh_hl_unlink_plinko_0393,goal_2,False,maybe,616ef680ab8ca318a227f5ec,68ffc55371128ff03ff45265,6900cdacaadce7e624699d2f,2,False,0,False
21,6464,3,assets/fillers/lh_ll_unlink_plinko_0009/img.jpg,assets/fillers/lh_ll_unlink_plinko_0009/recording.mp4,lh_ll_unlink_plinko_0009,goal_3,True,NA,616ef680ab8ca318a227f5ec,68ffc55371128ff03ff45265,6900cdacaadce7e624699d2f,3,False,10,True
22,6561,2,assets/fillers/lh_ll_unlink_plinko_0011/img.jpg,assets/fillers/lh_ll_unlink_plinko_0011/recording.mp4,lh_ll_unlink_plinko_0011,goal_3,True,NA,616ef680ab8ca318a227f5ec,68ffc55371128ff03ff45265,6900cdacaadce7e624699d2f,3,False,5,False
23,10764,0,assets/targets/hh_hl_unlink_plinko_0246/img.jpg,assets/targets/hh_hl_unlink_plinko_0246/recording.mp4,hh_hl_unlink_plinko_0246,goal_2,False,maybe,616ef680ab8ca318a227f5ec,68ffc55371128ff03ff45265,6900cdacaadce7e624699d2f,2,False,0,False
24,11193,1,assets/targets/lh_ll_unlink_plinko_0001/img.jpg,assets/targets/lh_ll_unlink_plinko_0001/recording.mp4,lh_ll_unlink_plinko_0001,goal_1,False,NA,616ef680ab8ca318a227f5ec,68ffc55371128ff03ff45265,6900cdacaadce7e624699d2f,1,False,10,True
0,4708,2,assets/fillers/catch/img.jpg,assets/fillers/catch/recording.mp4,catch,goal_2,True,NA,5e34325430e5263f0bebb32d,68ffc55371128ff03ff45265,6900cac1d8ef4addb5aed5e5,2,False,10,True
1,5360,1,assets/fillers/lh_hh_plinko_0001/img.jpg,assets/fillers/lh_hh_plinko_0001/recording.mp4,lh_hh_plinko_0001,goal_0,True,maybe,5e34325430e5263f0bebb32d,68ffc55371128ff03ff45265,6900cac1d8ef4addb5aed5e5,0,False,5,False
2,3992,1,assets/fillers/lh_ll_unlink_plinko_0021/img.jpg,assets/fillers/lh_ll_unlink_plinko_0021/recording.mp4,lh_ll_unlink_plinko_0021,goal_1,True,definite,5e34325430e5263f0bebb32d,68ffc55371128ff03ff45265,6900cac1d8ef4addb5aed5e5,1,False,10,True
3,3664,3,assets/targets/lh_ll_unlink_plinko_0000/img.jpg,assets/targets/lh_ll_unlink_plinko_0000/recording.mp4,lh_ll_unlink_plinko_0000,goal_3,False,maybe,5e34325430e5263f0bebb32d,68ffc55371128ff03ff45265,6900cac1d8ef4addb5aed5e5,3,False,10,True
4,12293,1,assets/targets/lh_ll_unlink_plinko_0002/img.jpg,assets/targets/lh_ll_unlink_plinko_0002/recording.mp4,lh_ll_unlink_plinko_0002,goal_1,False,NA,5e34325430e5263f0bebb32d,68ffc55371128ff03ff45265,6900cac1d8ef4addb5aed5e5,1,False,10,True
5,9469,3,assets/fillers/lh_hh_plinko_0000/img.jpg,assets/fillers/lh_hh_plinko_0000/recording.mp4,lh_hh_plinko_0000,goal_4,True,maybe,5e34325430e5263f0bebb32d,68ffc55371128ff03ff45265,6900cac1d8ef4addb5aed5e5,4,False,5,False
6,4940,0,assets/targets/hh_hl_unlink_plinko_0393/img.jpg,assets/targets/hh_hl_unlink_plinko_0393/recording.mp4,hh_hl_unlink_plinko_0393,goal_2,False,maybe,5e34325430e5263f0bebb32d,68ffc55371128ff03ff45265,6900cac1d8ef4addb5aed5e5,2,False,0,False
7,4504,0,assets/targets/lh_hh_trNM_plinko_0000/img.jpg,assets/targets/lh_hh_trNM_plinko_0000/recording.mp4,lh_hh_trNM_plinko_0000,goal_0,False,definite,5e34325430e5263f0bebb32d,68ffc55371128ff03ff45265,6900cac1d8ef4addb5aed5e5,0,False,10,True
8,7628,4,assets/targets/hh_hl_unlink_plinko_0240/img.jpg,assets/targets/hh_hl_unlink_plinko_0240/recording.mp4,hh_hl_unlink_plinko_0240,goal_0,False,maybe,5e34325430e5263f0bebb32d,68ffc55371128ff03ff45265,6900cac1d8ef4addb5aed5e5,0,False,0,False
9,6680,3,assets/fillers/lh_hh_trNM_plinko_0002/img.jpg,assets/fillers/lh_hh_trNM_plinko_0002/recording.mp4,lh_hh_trNM_plinko_0002,goal_4,True,NA,5e34325430e5263f0bebb32d,68ffc55371128ff03ff45265,6900cac1d8ef4addb5aed5e5,4,False,5,False
10,11604,0,assets/targets/hh_hl_unlink_plinko_0246/img.jpg,assets/targets/hh_hl_unlink_plinko_0246/recording.mp4,hh_hl_unlink_plinko_0246,goal_2,False,maybe,5e34325430e5263f0bebb32d,68ffc55371128ff03ff45265,6900cac1d8ef4addb5aed5e5,2,False,0,False
11,8488,3,assets/fillers/lh_ll_unlink_plinko_0009/img.jpg,assets/fillers/lh_ll_unlink_plinko_0009/recording.mp4,lh_ll_unlink_plinko_0009,goal_3,True,NA,5e34325430e5263f0bebb32d,68ffc55371128ff03ff45265,6900cac1d8ef4addb5aed5e5,3,False,10,True
12,3856,4,assets/targets/lh_hh_trNM_plinko_0002/img.jpg,assets/targets/lh_hh_trNM_plinko_0002/recording.mp4,lh_hh_trNM_plinko_0002,goal_4,False,definite,5e34325430e5263f0bebb32d,68ffc55371128ff03ff45265,6900cac1d8ef4addb5aed5e5,4,False,10,True
13,10369,2,assets/targets/hh_hl_unlink_plinko_0269/img.jpg,assets/targets/hh_hl_unlink_plinko_0269/recording.mp4,hh_hl_unlink_plinko_0269,goal_3,False,maybe,5e34325430e5263f0bebb32d,68ffc55371128ff03ff45265,6900cac1d8ef4addb5aed5e5,3,False,5,False
14,8692,1,assets/targets/lh_ll_unlink_plinko_0001/img.jpg,assets/targets/lh_ll_unlink_plinko_0001/recording.mp4,lh_ll_unlink_plinko_0001,goal_1,False,NA,5e34325430e5263f0bebb32d,68ffc55371128ff03ff45265,6900cac1d8ef4addb5aed5e5,1,False,10,True
15,14781,0,assets/fillers/lh_hh_plinko_0002/img.jpg,assets/fillers/lh_hh_plinko_0002/recording.mp4,lh_hh_plinko_0002,goal_3,True,NA,5e34325430e5263f0bebb32d,68ffc55371128ff03ff45265,6900cac1d8ef4addb5aed5e5,3,False,0,False
16,10137,2,assets/targets/lh_hh_plinko_0002/img.jpg,assets/targets/lh_hh_plinko_0002/recording.mp4,lh_hh_plinko_0002,goal_2,False,definite,5e34325430e5263f0bebb32d,68ffc55371128ff03ff45265,6900cac1d8ef4addb5aed5e5,2,False,10,True
17,8985,3,assets/fillers/lh_ll_unlink_plinko_0011/img.jpg,assets/fillers/lh_ll_unlink_plinko_0011/recording.mp4,lh_ll_unlink_plinko_0011,goal_3,True,NA,5e34325430e5263f0bebb32d,68ffc55371128ff03ff45265,6900cac1d8ef4addb5aed5e5,3,False,10,True
18,5824,3,assets/targets/lh_hh_plinko_0001/img.jpg,assets/targets/lh_hh_plinko_0001/recording.mp4,lh_hh_plinko_0001,goal_3,False,NA,5e34325430e5263f0bebb32d,68ffc55371128ff03ff45265,6900cac1d8ef4addb5aed5e5,3,False,10,True
19,6112,2,assets/targets/lh_hh_trNM_plinko_0001/img.jpg,assets/targets/lh_hh_trNM_plinko_0001/recording.mp4,lh_hh_trNM_plinko_0001,goal_2,False,NA,5e34325430e5263f0bebb32d,68ffc55371128ff03ff45265,6900cac1d8ef4addb5aed5e5,2,False,10,True
20,11709,0,assets/targets/lh_hh_plinko_0000/img.jpg,assets/targets/lh_hh_plinko_0000/recording.mp4,lh_hh_plinko_0000,goal_0,False,NA,5e34325430e5263f0bebb32d,68ffc55371128ff03ff45265,6900cac1d8ef4addb5aed5e5,0,False,10,True
21,4124,3,assets/targets/hh_hl_unlink_plinko_0202/img.jpg,assets/targets/hh_hl_unlink_plinko_0202/recording.mp4,hh_hl_unlink_plinko_0202,goal_0,False,maybe,5e34325430e5263f0bebb32d,68ffc55371128ff03ff45265,6900cac1d8ef4addb5aed5e5,0,False,0,False
22,8096,0,assets/fillers/lh_ll_unlink_plinko_0017/img.jpg,assets/fillers/lh_ll_unlink_plinko_0017/recording.mp4,lh_ll_unlink_plinko_0017,goal_3,True,NA,5e34325430e5263f0bebb32d,68ffc55371128ff03ff45265,6900cac1d8ef4addb5aed5e5,3,False,0,False
23,4540,4,assets/fillers/lh_hh_trNM_plinko_0001/img.jpg,assets/fillers/lh_hh_trNM_plinko_0001/recording.mp4,lh_hh_trNM_plinko_0001,goal_4,True,NA,5e34325430e5263f0bebb32d,68ffc55371128ff03ff45265,6900cac1d8ef4addb5aed5e5,4,False,10,True
24,5361,2,assets/targets/lh_hh_plinko_0003/img.jpg,assets/targets/lh_hh_plinko_0003/recording.mp4,lh_hh_plinko_0003,goal_4,False,NA,5e34325430e5263f0bebb32d,68ffc55371128ff03ff45265,6900cac1d8ef4addb5aed5e5,4,False,0,False
0,4493,1,assets/fillers/lh_ll_unlink_plinko_0021/img.jpg,assets/fillers/lh_ll_unlink_plinko_0021/recording.mp4,lh_ll_unlink_plinko_0021,goal_1,True,definite,67105e698f7df6c2eb1b9137,68ffc55371128ff03ff45265,6900cbc308cffaa0b0530044,1,False,10,True
1,2414,4,assets/fillers/lh_hh_trNM_plinko_0001/img.jpg,assets/fillers/lh_hh_trNM_plinko_0001/recording.mp4,lh_hh_trNM_plinko_0001,goal_4,True,NA,67105e698f7df6c2eb1b9137,68ffc55371128ff03ff45265,6900cbc308cffaa0b0530044,4,False,10,True
2,2914,4,assets/fillers/lh_hh_plinko_0000/img.jpg,assets/fillers/lh_hh_plinko_0000/recording.mp4,lh_hh_plinko_0000,goal_4,True,maybe,67105e698f7df6c2eb1b9137,68ffc55371128ff03ff45265,6900cbc308cffaa0b0530044,4,False,10,True
3,9288,3,assets/fillers/lh_hh_plinko_0002/img.jpg,assets/fillers/lh_hh_plinko_0002/recording.mp4,lh_hh_plinko_0002,goal_3,True,NA,67105e698f7df6c2eb1b9137,68ffc55371128ff03ff45265,6900cbc308cffaa0b0530044,3,False,10,True
4,6156,3,assets/fillers/lh_ll_unlink_plinko_0009/img.jpg,assets/fillers/lh_ll_unlink_plinko_0009/recording.mp4,lh_ll_unlink_plinko_0009,goal_3,True,NA,67105e698f7df6c2eb1b9137,68ffc55371128ff03ff45265,6900cbc308cffaa0b0530044,3,False,10,True
5,22935,4,assets/targets/lh_hh_plinko_0003/img.jpg,assets/targets/lh_hh_plinko_0003/recording.mp4,lh_hh_plinko_0003,goal_4,False,NA,67105e698f7df6c2eb1b9137,68ffc55371128ff03ff45265,6900cbc308cffaa0b0530044,4,False,10,True
6,2346,1,assets/targets/lh_ll_unlink_plinko_0002/img.jpg,assets/targets/lh_ll_unlink_plinko_0002/recording.mp4,lh_ll_unlink_plinko_0002,goal_1,False,NA,67105e698f7df6c2eb1b9137,68ffc55371128ff03ff45265,6900cbc308cffaa0b0530044,1,False,10,True
7,4902,2,assets/fillers/catch/img.jpg,assets/fillers/catch/recording.mp4,catch,goal_2,True,NA,67105e698f7df6c2eb1b9137,68ffc55371128ff03ff45265,6900cbc308cffaa0b0530044,2,False,10,True
8,9701,4,assets/targets/hh_hl_unlink_plinko_0240/img.jpg,assets/targets/hh_hl_unlink_plinko_0240/recording.mp4,hh_hl_unlink_plinko_0240,goal_0,False,maybe,67105e698f7df6c2eb1b9137,68ffc55371128ff03ff45265,6900cbc308cffaa0b0530044,0,False,0,False
9,7124,3,assets/targets/lh_ll_unlink_plinko_0000/img.jpg,assets/targets/lh_ll_unlink_plinko_0000/recording.mp4,lh_ll_unlink_plinko_0000,goal_3,False,maybe,67105e698f7df6c2eb1b9137,68ffc55371128ff03ff45265,6900cbc308cffaa0b0530044,3,False,10,True
10,4970,2,assets/targets/hh_hl_unlink_plinko_0246/img.jpg,assets/targets/hh_hl_unlink_plinko_0246/recording.mp4,hh_hl_unlink_plinko_0246,goal_2,False,maybe,67105e698f7df6c2eb1b9137,68ffc55371128ff03ff45265,6900cbc308cffaa0b0530044,2,False,10,True
11,6990,1,assets/fillers/lh_hh_plinko_0001/img.jpg,assets/fillers/lh_hh_plinko_0001/recording.mp4,lh_hh_plinko_0001,goal_0,True,maybe,67105e698f7df6c2eb1b9137,68ffc55371128ff03ff45265,6900cbc308cffaa0b0530044,0,False,5,False
12,4002,2,assets/targets/lh_hh_plinko_0002/img.jpg,assets/targets/lh_hh_plinko_0002/recording.mp4,lh_hh_plinko_0002,goal_2,False,definite,67105e698f7df6c2eb1b9137,68ffc55371128ff03ff45265,6900cbc308cffaa0b0530044,2,False,10,True
13,12723,2,assets/targets/hh_hl_unlink_plinko_0202/img.jpg,assets/targets/hh_hl_unlink_plinko_0202/recording.mp4,hh_hl_unlink_plinko_0202,goal_0,False,maybe,67105e698f7df6c2eb1b9137,68ffc55371128ff03ff45265,6900cbc308cffaa0b0530044,0,False,0,False
14,5693,0,assets/targets/lh_hh_trNM_plinko_0000/img.jpg,assets/targets/lh_hh_trNM_plinko_0000/recording.mp4,lh_hh_trNM_plinko_0000,goal_0,False,definite,67105e698f7df6c2eb1b9137,68ffc55371128ff03ff45265,6900cbc308cffaa0b0530044,0,False,10,True
15,5138,3,assets/targets/lh_hh_plinko_0001/img.jpg,assets/targets/lh_hh_plinko_0001/recording.mp4,lh_hh_plinko_0001,goal_3,False,NA,67105e698f7df6c2eb1b9137,68ffc55371128ff03ff45265,6900cbc308cffaa0b0530044,3,False,10,True
16,7558,0,assets/targets/hh_hl_unlink_plinko_0393/img.jpg,assets/targets/hh_hl_unlink_plinko_0393/recording.mp4,hh_hl_unlink_plinko_0393,goal_2,False,maybe,67105e698f7df6c2eb1b9137,68ffc55371128ff03ff45265,6900cbc308cffaa0b0530044,2,False,0,False
17,4368,3,assets/fillers/lh_ll_unlink_plinko_0011/img.jpg,assets/fillers/lh_ll_unlink_plinko_0011/recording.mp4,lh_ll_unlink_plinko_0011,goal_3,True,NA,67105e698f7df6c2eb1b9137,68ffc55371128ff03ff45265,6900cbc308cffaa0b0530044,3,False,10,True
18,3046,3,assets/fillers/lh_ll_unlink_plinko_0017/img.jpg,assets/fillers/lh_ll_unlink_plinko_0017/recording.mp4,lh_ll_unlink_plinko_0017,goal_3,True,NA,67105e698f7df6c2eb1b9137,68ffc55371128ff03ff45265,6900cbc308cffaa0b0530044,3,False,10,True
19,4081,4,assets/targets/lh_hh_trNM_plinko_0002/img.jpg,assets/targets/lh_hh_trNM_plinko_0002/recording.mp4,lh_hh_trNM_plinko_0002,goal_4,False,definite,67105e698f7df6c2eb1b9137,68ffc55371128ff03ff45265,6900cbc308cffaa0b0530044,4,False,10,True
20,3585,3,assets/targets/hh_hl_unlink_plinko_0269/img.jpg,assets/targets/hh_hl_unlink_plinko_0269/recording.mp4,hh_hl_unlink_plinko_0269,goal_3,False,maybe,67105e698f7df6c2eb1b9137,68ffc55371128ff03ff45265,6900cbc308cffaa0b0530044,3,False,10,True
21,273123,1,assets/targets/lh_ll_unlink_plinko_0001/img.jpg,assets/targets/lh_ll_unlink_plinko_0001/recording.mp4,lh_ll_unlink_plinko_0001,goal_1,False,NA,67105e698f7df6c2eb1b9137,68ffc55371128ff03ff45265,6900cbc308cffaa0b0530044,1,False,10,True
22,5434,0,assets/targets/lh_hh_plinko_0000/img.jpg,assets/targets/lh_hh_plinko_0000/recording.mp4,lh_hh_plinko_0000,goal_0,False,NA,67105e698f7df6c2eb1b9137,68ffc55371128ff03ff45265,6900cbc308cffaa0b0530044,0,False,10,True
23,1866,2,assets/targets/lh_hh_trNM_plinko_0001/img.jpg,assets/targets/lh_hh_trNM_plinko_0001/recording.mp4,lh_hh_trNM_plinko_0001,goal_2,False,NA,67105e698f7df6c2eb1b9137,68ffc55371128ff03ff45265,6900cbc308cffaa0b0530044,2,False,10,True
24,2079,3,assets/fillers/lh_hh_trNM_plinko_0002/img.jpg,assets/fillers/lh_hh_trNM_plinko_0002/recording.mp4,lh_hh_trNM_plinko_0002,goal_4,True,NA,67105e698f7df6c2eb1b9137,68ffc55371128ff03ff45265,6900cbc308cffaa0b0530044,4,False,5,False
0,11641,3,assets/fillers/lh_hh_trNM_plinko_0001/img.jpg,assets/fillers/lh_hh_trNM_plinko_0001/recording.mp4,lh_hh_trNM_plinko_0001,goal_4,True,NA,6788d3955e9c0345fd53cc36,68ffc55371128ff03ff45265,6900cb763ebd6d3c38244fed,4,False,5,False
1,8588,1,assets/fillers/lh_ll_unlink_plinko_0021/img.jpg,assets/fillers/lh_ll_unlink_plinko_0021/recording.mp4,lh_ll_unlink_plinko_0021,goal_1,True,definite,6788d3955e9c0345fd53cc36,68ffc55371128ff03ff45265,6900cb763ebd6d3c38244fed,1,False,10,True
2,8835,2,assets/fillers/catch/img.jpg,assets/fillers/catch/recording.mp4,catch,goal_2,True,NA,6788d3955e9c0345fd53cc36,68ffc55371128ff03ff45265,6900cb763ebd6d3c38244fed,2,False,10,True
3,8170,3,assets/fillers/lh_hh_plinko_0002/img.jpg,assets/fillers/lh_hh_plinko_0002/recording.mp4,lh_hh_plinko_0002,goal_3,True,NA,6788d3955e9c0345fd53cc36,68ffc55371128ff03ff45265,6900cb763ebd6d3c38244fed,3,False,10,True
4,10974,0,assets/targets/lh_hh_plinko_0000/img.jpg,assets/targets/lh_hh_plinko_0000/recording.mp4,lh_hh_plinko_0000,goal_0,False,NA,6788d3955e9c0345fd53cc36,68ffc55371128ff03ff45265,6900cb763ebd6d3c38244fed,0,False,10,True
5,11276,3,assets/targets/hh_hl_unlink_plinko_0269/img.jpg,assets/targets/hh_hl_unlink_plinko_0269/recording.mp4,hh_hl_unlink_plinko_0269,goal_3,False,maybe,6788d3955e9c0345fd53cc36,68ffc55371128ff03ff45265,6900cb763ebd6d3c38244fed,3,False,10,True
6,56018,0,assets/targets/lh_hh_trNM_plinko_0000/img.jpg,assets/targets/lh_hh_trNM_plinko_0000/recording.mp4,lh_hh_trNM_plinko_0000,goal_0,False,definite,6788d3955e9c0345fd53cc36,68ffc55371128ff03ff45265,6900cb763ebd6d3c38244fed,0,False,10,True
7,6351,4,assets/targets/lh_hh_trNM_plinko_0002/img.jpg,assets/targets/lh_hh_trNM_plinko_0002/recording.mp4,lh_hh_trNM_plinko_0002,goal_4,False,definite,6788d3955e9c0345fd53cc36,68ffc55371128ff03ff45265,6900cb763ebd6d3c38244fed,4,False,10,True
8,21076,1,assets/fillers/lh_hh_plinko_0001/img.jpg,assets/fillers/lh_hh_plinko_0001/recording.mp4,lh_hh_plinko_0001,goal_0,True,maybe,6788d3955e9c0345fd53cc36,68ffc55371128ff03ff45265,6900cb763ebd6d3c38244fed,0,False,5,False
9,6641,3,assets/fillers/lh_ll_unlink_plinko_0011/img.jpg,assets/fillers/lh_ll_unlink_plinko_0011/recording.mp4,lh_ll_unlink_plinko_0011,goal_3,True,NA,6788d3955e9c0345fd53cc36,68ffc55371128ff03ff45265,6900cb763ebd6d3c38244fed,3,False,10,True
10,8533,3,assets/fillers/lh_hh_plinko_0000/img.jpg,assets/fillers/lh_hh_plinko_0000/recording.mp4,lh_hh_plinko_0000,goal_4,True,maybe,6788d3955e9c0345fd53cc36,68ffc55371128ff03ff45265,6900cb763ebd6d3c38244fed,4,False,5,False
11,7301,3,assets/targets/lh_hh_plinko_0001/img.jpg,assets/targets/lh_hh_plinko_0001/recording.mp4,lh_hh_plinko_0001,goal_3,False,NA,6788d3955e9c0345fd53cc36,68ffc55371128ff03ff45265,6900cb763ebd6d3c38244fed,3,False,10,True
12,5679,3,assets/fillers/lh_ll_unlink_plinko_0017/img.jpg,assets/fillers/lh_ll_unlink_plinko_0017/recording.mp4,lh_ll_unlink_plinko_0017,goal_3,True,NA,6788d3955e9c0345fd53cc36,68ffc55371128ff03ff45265,6900cb763ebd6d3c38244fed,3,False,10,True
13,4166,3,assets/fillers/lh_hh_trNM_plinko_0002/img.jpg,assets/fillers/lh_hh_trNM_plinko_0002/recording.mp4,lh_hh_trNM_plinko_0002,goal_4,True,NA,6788d3955e9c0345fd53cc36,68ffc55371128ff03ff45265,6900cb763ebd6d3c38244fed,4,False,5,False
14,6750,4,assets/targets/hh_hl_unlink_plinko_0240/img.jpg,assets/targets/hh_hl_unlink_plinko_0240/recording.mp4,hh_hl_unlink_plinko_0240,goal_0,False,maybe,6788d3955e9c0345fd53cc36,68ffc55371128ff03ff45265,6900cb763ebd6d3c38244fed,0,False,0,False
15,8547,1,assets/targets/lh_ll_unlink_plinko_0001/img.jpg,assets/targets/lh_ll_unlink_plinko_0001/recording.mp4,lh_ll_unlink_plinko_0001,goal_1,False,NA,6788d3955e9c0345fd53cc36,68ffc55371128ff03ff45265,6900cb763ebd6d3c38244fed,1,False,10,True
16,11267,2,assets/targets/lh_hh_plinko_0002/img.jpg,assets/targets/lh_hh_plinko_0002/recording.mp4,lh_hh_plinko_0002,goal_2,False,definite,6788d3955e9c0345fd53cc36,68ffc55371128ff03ff45265,6900cb763ebd6d3c38244fed,2,False,10,True
17,4479,2,assets/targets/lh_hh_trNM_plinko_0001/img.jpg,assets/targets/lh_hh_trNM_plinko_0001/recording.mp4,lh_hh_trNM_plinko_0001,goal_2,False,NA,6788d3955e9c0345fd53cc36,68ffc55371128ff03ff45265,6900cb763ebd6d3c38244fed,2,False,10,True
18,5832,3,assets/targets/hh_hl_unlink_plinko_0246/img.jpg,assets/targets/hh_hl_unlink_plinko_0246/recording.mp4,hh_hl_unlink_plinko_0246,goal_2,False,maybe,6788d3955e9c0345fd53cc36,68ffc55371128ff03ff45265,6900cb763ebd6d3c38244fed,2,False,5,False
19,15342,1,assets/targets/hh_hl_unlink_plinko_0202/img.jpg,assets/targets/hh_hl_unlink_plinko_0202/recording.mp4,hh_hl_unlink_plinko_0202,goal_0,False,maybe,6788d3955e9c0345fd53cc36,68ffc55371128ff03ff45265,6900cb763ebd6d3c38244fed,0,False,5,False
20,6213,3,assets/fillers/lh_ll_unlink_plinko_0009/img.jpg,assets/fillers/lh_ll_unlink_plinko_0009/recording.mp4,lh_ll_unlink_plinko_0009,goal_3,True,NA,6788d3955e9c0345fd53cc36,68ffc55371128ff03ff45265,6900cb763ebd6d3c38244fed,3,False,10,True
21,2509,3,assets/targets/lh_ll_unlink_plinko_0000/img.jpg,assets/targets/lh_ll_unlink_plinko_0000/recording.mp4,lh_ll_unlink_plinko_0000,goal_3,False,maybe,6788d3955e9c0345fd53cc36,68ffc55371128ff03ff45265,6900cb763ebd6d3c38244fed,3,False,10,True
22,2817,1,assets/targets/lh_ll_unlink_plinko_0002/img.jpg,assets/targets/lh_ll_unlink_plinko_0002/recording.mp4,lh_ll_unlink_plinko_0002,goal_1,False,NA,6788d3955e9c0345fd53cc36,68ffc55371128ff03ff45265,6900cb763ebd6d3c38244fed,1,False,10,True
23,14613,0,assets/targets/hh_hl_unlink_plinko_0393/img.jpg,assets/targets/hh_hl_unlink_plinko_0393/recording.mp4,hh_hl_unlink_plinko_0393,goal_2,False,maybe,6788d3955e9c0345fd53cc36,68ffc55371128ff03ff45265,6900cb763ebd6d3c38244fed,2,False,0,False
24,6890,4,assets/targets/lh_hh_plinko_0003/img.jpg,assets/targets/lh_hh_plinko_0003/recording.mp4,lh_hh_plinko_0003,goal_4,False,NA,6788d3955e9c0345fd53cc36,68ffc55371128ff03ff45265,6900cb763ebd6d3c38244fed,4,False,10,True
0,9600,2,assets/fillers/lh_hh_trNM_plinko_0001/img.jpg,assets/fillers/lh_hh_trNM_plinko_0001/recording.mp4,lh_hh_trNM_plinko_0001,goal_4,True,NA,6753519ac83cda11cee58723,68ffc55371128ff03ff45265,6900cad3471d534672b4dd0d,4,False,0,False
1,11545,2,assets/fillers/lh_hh_plinko_0002/img.jpg,assets/fillers/lh_hh_plinko_0002/recording.mp4,lh_hh_plinko_0002,goal_3,True,NA,6753519ac83cda11cee58723,68ffc55371128ff03ff45265,6900cad3471d534672b4dd0d,3,False,5,False
2,16848,1,assets/fillers/lh_hh_plinko_0001/img.jpg,assets/fillers/lh_hh_plinko_0001/recording.mp4,lh_hh_plinko_0001,goal_0,True,maybe,6753519ac83cda11cee58723,68ffc55371128ff03ff45265,6900cad3471d534672b4dd0d,0,False,5,False
3,14264,1,assets/fillers/lh_ll_unlink_plinko_0021/img.jpg,assets/fillers/lh_ll_unlink_plinko_0021/recording.mp4,lh_ll_unlink_plinko_0021,goal_1,True,definite,6753519ac83cda11cee58723,68ffc55371128ff03ff45265,6900cad3471d534672b4dd0d,1,False,10,True
4,84856,1,assets/fillers/catch/img.jpg,assets/fillers/catch/recording.mp4,catch,goal_2,True,NA,6753519ac83cda11cee58723,68ffc55371128ff03ff45265,6900cad3471d534672b4dd0d,2,False,5,False
5,10529,3,assets/fillers/lh_ll_unlink_plinko_0009/img.jpg,assets/fillers/lh_ll_unlink_plinko_0009/recording.mp4,lh_ll_unlink_plinko_0009,goal_3,True,NA,6753519ac83cda11cee58723,68ffc55371128ff03ff45265,6900cad3471d534672b4dd0d,3,False,10,True
6,47013,0,assets/targets/lh_hh_trNM_plinko_0000/img.jpg,assets/targets/lh_hh_trNM_plinko_0000/recording.mp4,lh_hh_trNM_plinko_0000,goal_0,False,definite,6753519ac83cda11cee58723,68ffc55371128ff03ff45265,6900cad3471d534672b4dd0d,0,False,10,True
7,15053,1,assets/fillers/lh_hh_trNM_plinko_0002/img.jpg,assets/fillers/lh_hh_trNM_plinko_0002/recording.mp4,lh_hh_trNM_plinko_0002,goal_4,True,NA,6753519ac83cda11cee58723,68ffc55371128ff03ff45265,6900cad3471d534672b4dd0d,4,False,0,False
8,33075,3,assets/fillers/lh_ll_unlink_plinko_0017/img.jpg,assets/fillers/lh_ll_unlink_plinko_0017/recording.mp4,lh_ll_unlink_plinko_0017,goal_3,True,NA,6753519ac83cda11cee58723,68ffc55371128ff03ff45265,6900cad3471d534672b4dd0d,3,False,10,True
9,40610,1,assets/targets/lh_ll_unlink_plinko_0002/img.jpg,assets/targets/lh_ll_unlink_plinko_0002/recording.mp4,lh_ll_unlink_plinko_0002,goal_1,False,NA,6753519ac83cda11cee58723,68ffc55371128ff03ff45265,6900cad3471d534672b4dd0d,1,False,10,True
10,11372,4,assets/targets/lh_hh_plinko_0003/img.jpg,assets/targets/lh_hh_plinko_0003/recording.mp4,lh_hh_plinko_0003,goal_4,False,NA,6753519ac83cda11cee58723,68ffc55371128ff03ff45265,6900cad3471d534672b4dd0d,4,False,10,True
11,26440,0,assets/targets/lh_hh_plinko_0000/img.jpg,assets/targets/lh_hh_plinko_0000/recording.mp4,lh_hh_plinko_0000,goal_0,False,NA,6753519ac83cda11cee58723,68ffc55371128ff03ff45265,6900cad3471d534672b4dd0d,0,False,10,True
12,27547,3,assets/targets/lh_hh_plinko_0001/img.jpg,assets/targets/lh_hh_plinko_0001/recording.mp4,lh_hh_plinko_0001,goal_3,False,NA,6753519ac83cda11cee58723,68ffc55371128ff03ff45265,6900cad3471d534672b4dd0d,3,False,10,True
13,15853,3,assets/targets/lh_hh_plinko_0002/img.jpg,assets/targets/lh_hh_plinko_0002/recording.mp4,lh_hh_plinko_0002,goal_2,False,definite,6753519ac83cda11cee58723,68ffc55371128ff03ff45265,6900cad3471d534672b4dd0d,2,False,5,False
14,16567,4,assets/targets/lh_hh_trNM_plinko_0002/img.jpg,assets/targets/lh_hh_trNM_plinko_0002/recording.mp4,lh_hh_trNM_plinko_0002,goal_4,False,definite,6753519ac83cda11cee58723,68ffc55371128ff03ff45265,6900cad3471d534672b4dd0d,4,False,10,True
15,15892,4,assets/targets/hh_hl_unlink_plinko_0240/img.jpg,assets/targets/hh_hl_unlink_plinko_0240/recording.mp4,hh_hl_unlink_plinko_0240,goal_0,False,maybe,6753519ac83cda11cee58723,68ffc55371128ff03ff45265,6900cad3471d534672b4dd0d,0,False,0,False
16,41757,2,assets/fillers/lh_hh_plinko_0000/img.jpg,assets/fillers/lh_hh_plinko_0000/recording.mp4,lh_hh_plinko_0000,goal_4,True,maybe,6753519ac83cda11cee58723,68ffc55371128ff03ff45265,6900cad3471d534672b4dd0d,4,False,0,False
17,17410,3,assets/targets/lh_ll_unlink_plinko_0000/img.jpg,assets/targets/lh_ll_unlink_plinko_0000/recording.mp4,lh_ll_unlink_plinko_0000,goal_3,False,maybe,6753519ac83cda11cee58723,68ffc55371128ff03ff45265,6900cad3471d534672b4dd0d,3,False,10,True
18,32897,0,assets/targets/hh_hl_unlink_plinko_0246/img.jpg,assets/targets/hh_hl_unlink_plinko_0246/recording.mp4,hh_hl_unlink_plinko_0246,goal_2,False,maybe,6753519ac83cda11cee58723,68ffc55371128ff03ff45265,6900cad3471d534672b4dd0d,2,False,0,False
19,22666,2,assets/targets/hh_hl_unlink_plinko_0393/img.jpg,assets/targets/hh_hl_unlink_plinko_0393/recording.mp4,hh_hl_unlink_plinko_0393,goal_2,False,maybe,6753519ac83cda11cee58723,68ffc55371128ff03ff45265,6900cad3471d534672b4dd0d,2,False,10,True
20,22666,2,assets/fillers/lh_ll_unlink_plinko_0011/img.jpg,assets/fillers/lh_ll_unlink_plinko_0011/recording.mp4,lh_ll_unlink_plinko_0011,goal_3,True,NA,6753519ac83cda11cee58723,68ffc55371128ff03ff45265,6900cad3471d534672b4dd0d,3,False,5,False
21,19061,2,assets/targets/lh_hh_trNM_plinko_0001/img.jpg,assets/targets/lh_hh_trNM_plinko_0001/recording.mp4,lh_hh_trNM_plinko_0001,goal_2,False,NA,6753519ac83cda11cee58723,68ffc55371128ff03ff45265,6900cad3471d534672b4dd0d,2,False,10,True
22,13247,2,assets/targets/hh_hl_unlink_plinko_0269/img.jpg,assets/targets/hh_hl_unlink_plinko_0269/recording.mp4,hh_hl_unlink_plinko_0269,goal_3,False,maybe,6753519ac83cda11cee58723,68ffc55371128ff03ff45265,6900cad3471d534672b4dd0d,3,False,5,False
23,10883,2,assets/targets/hh_hl_unlink_plinko_0202/img.jpg,assets/targets/hh_hl_unlink_plinko_0202/recording.mp4,hh_hl_unlink_plinko_0202,goal_0,False,maybe,6753519ac83cda11cee58723,68ffc55371128ff03ff45265,6900cad3471d534672b4dd0d,0,False,0,False
24,9668,1,assets/targets/lh_ll_unlink_plinko_0001/img.jpg,assets/targets/lh_ll_unlink_plinko_0001/recording.mp4,lh_ll_unlink_plinko_0001,goal_1,False,NA,6753519ac83cda11cee58723,68ffc55371128ff03ff45265,6900cad3471d534672b4dd0d,1,False,10,True
0,14203,3,assets/fillers/lh_hh_trNM_plinko_0002/img.jpg,assets/fillers/lh_hh_trNM_plinko_0002/recording.mp4,lh_hh_trNM_plinko_0002,goal_4,True,NA,677e29646b0a2cf5eff174dc,68ffc55371128ff03ff45265,6900cabd63b1ae2ce2835d70,4,False,5,False
1,13548,3,assets/fillers/lh_ll_unlink_plinko_0011/img.jpg,assets/fillers/lh_ll_unlink_plinko_0011/recording.mp4,lh_ll_unlink_plinko_0011,goal_3,True,NA,677e29646b0a2cf5eff174dc,68ffc55371128ff03ff45265,6900cabd63b1ae2ce2835d70,3,False,10,True
2,10670,2,assets/fillers/catch/img.jpg,assets/fillers/catch/recording.mp4,catch,goal_2,True,NA,677e29646b0a2cf5eff174dc,68ffc55371128ff03ff45265,6900cabd63b1ae2ce2835d70,2,False,10,True
3,10607,3,assets/targets/lh_ll_unlink_plinko_0000/img.jpg,assets/targets/lh_ll_unlink_plinko_0000/recording.mp4,lh_ll_unlink_plinko_0000,goal_3,False,maybe,677e29646b0a2cf5eff174dc,68ffc55371128ff03ff45265,6900cabd63b1ae2ce2835d70,3,False,10,True
4,12930,3,assets/fillers/lh_ll_unlink_plinko_0009/img.jpg,assets/fillers/lh_ll_unlink_plinko_0009/recording.mp4,lh_ll_unlink_plinko_0009,goal_3,True,NA,677e29646b0a2cf5eff174dc,68ffc55371128ff03ff45265,6900cabd63b1ae2ce2835d70,3,False,10,True
5,15241,0,assets/targets/lh_hh_plinko_0000/img.jpg,assets/targets/lh_hh_plinko_0000/recording.mp4,lh_hh_plinko_0000,goal_0,False,NA,677e29646b0a2cf5eff174dc,68ffc55371128ff03ff45265,6900cabd63b1ae2ce2835d70,0,False,10,True
6,25946,1,assets/fillers/lh_ll_unlink_plinko_0021/img.jpg,assets/fillers/lh_ll_unlink_plinko_0021/recording.mp4,lh_ll_unlink_plinko_0021,goal_1,True,definite,677e29646b0a2cf5eff174dc,68ffc55371128ff03ff45265,6900cabd63b1ae2ce2835d70,1,False,10,True
7,8783,2,assets/targets/lh_hh_plinko_0002/img.jpg,assets/targets/lh_hh_plinko_0002/recording.mp4,lh_hh_plinko_0002,goal_2,False,definite,677e29646b0a2cf5eff174dc,68ffc55371128ff03ff45265,6900cabd63b1ae2ce2835d70,2,False,10,True
8,17748,2,assets/targets/hh_hl_unlink_plinko_0246/img.jpg,assets/targets/hh_hl_unlink_plinko_0246/recording.mp4,hh_hl_unlink_plinko_0246,goal_2,False,maybe,677e29646b0a2cf5eff174dc,68ffc55371128ff03ff45265,6900cabd63b1ae2ce2835d70,2,False,10,True
9,36746,3,assets/fillers/lh_hh_plinko_0002/img.jpg,assets/fillers/lh_hh_plinko_0002/recording.mp4,lh_hh_plinko_0002,goal_3,True,NA,677e29646b0a2cf5eff174dc,68ffc55371128ff03ff45265,6900cabd63b1ae2ce2835d70,3,False,10,True
10,37340,2,assets/targets/hh_hl_unlink_plinko_0202/img.jpg,assets/targets/hh_hl_unlink_plinko_0202/recording.mp4,hh_hl_unlink_plinko_0202,goal_0,False,maybe,677e29646b0a2cf5eff174dc,68ffc55371128ff03ff45265,6900cabd63b1ae2ce2835d70,0,False,0,False
11,12411,1,assets/fillers/lh_hh_plinko_0001/img.jpg,assets/fillers/lh_hh_plinko_0001/recording.mp4,lh_hh_plinko_0001,goal_0,True,maybe,677e29646b0a2cf5eff174dc,68ffc55371128ff03ff45265,6900cabd63b1ae2ce2835d70,0,False,5,False
12,22658,0,assets/targets/lh_hh_trNM_plinko_0000/img.jpg,assets/targets/lh_hh_trNM_plinko_0000/recording.mp4,lh_hh_trNM_plinko_0000,goal_0,False,definite,677e29646b0a2cf5eff174dc,68ffc55371128ff03ff45265,6900cabd63b1ae2ce2835d70,0,False,10,True
13,9413,1,assets/targets/lh_ll_unlink_plinko_0002/img.jpg,assets/targets/lh_ll_unlink_plinko_0002/recording.mp4,lh_ll_unlink_plinko_0002,goal_1,False,NA,677e29646b0a2cf5eff174dc,68ffc55371128ff03ff45265,6900cabd63b1ae2ce2835d70,1,False,10,True
14,45657,4,assets/fillers/lh_hh_plinko_0000/img.jpg,assets/fillers/lh_hh_plinko_0000/recording.mp4,lh_hh_plinko_0000,goal_4,True,maybe,677e29646b0a2cf5eff174dc,68ffc55371128ff03ff45265,6900cabd63b1ae2ce2835d70,4,False,10,True
15,36390,3,assets/fillers/lh_ll_unlink_plinko_0017/img.jpg,assets/fillers/lh_ll_unlink_plinko_0017/recording.mp4,lh_ll_unlink_plinko_0017,goal_3,True,NA,677e29646b0a2cf5eff174dc,68ffc55371128ff03ff45265,6900cabd63b1ae2ce2835d70,3,False,10,True
16,52911,3,assets/targets/hh_hl_unlink_plinko_0269/img.jpg,assets/targets/hh_hl_unlink_plinko_0269/recording.mp4,hh_hl_unlink_plinko_0269,goal_3,False,maybe,677e29646b0a2cf5eff174dc,68ffc55371128ff03ff45265,6900cabd63b1ae2ce2835d70,3,False,10,True
17,18583,4,assets/targets/lh_hh_plinko_0003/img.jpg,assets/targets/lh_hh_plinko_0003/recording.mp4,lh_hh_plinko_0003,goal_4,False,NA,677e29646b0a2cf5eff174dc,68ffc55371128ff03ff45265,6900cabd63b1ae2ce2835d70,4,False,10,True
18,13458,3,assets/targets/lh_hh_plinko_0001/img.jpg,assets/targets/lh_hh_plinko_0001/recording.mp4,lh_hh_plinko_0001,goal_3,False,NA,677e29646b0a2cf5eff174dc,68ffc55371128ff03ff45265,6900cabd63b1ae2ce2835d70,3,False,10,True
19,12073,2,assets/targets/lh_hh_trNM_plinko_0001/img.jpg,assets/targets/lh_hh_trNM_plinko_0001/recording.mp4,lh_hh_trNM_plinko_0001,goal_2,False,NA,677e29646b0a2cf5eff174dc,68ffc55371128ff03ff45265,6900cabd63b1ae2ce2835d70,2,False,10,True
20,8493,2,assets/targets/hh_hl_unlink_plinko_0393/img.jpg,assets/targets/hh_hl_unlink_plinko_0393/recording.mp4,hh_hl_unlink_plinko_0393,goal_2,False,maybe,677e29646b0a2cf5eff174dc,68ffc55371128ff03ff45265,6900cabd63b1ae2ce2835d70,2,False,10,True
21,23173,4,assets/targets/lh_hh_trNM_plinko_0002/img.jpg,assets/targets/lh_hh_trNM_plinko_0002/recording.mp4,lh_hh_trNM_plinko_0002,goal_4,False,definite,677e29646b0a2cf5eff174dc,68ffc55371128ff03ff45265,6900cabd63b1ae2ce2835d70,4,False,10,True
22,23341,1,assets/targets/hh_hl_unlink_plinko_0240/img.jpg,assets/targets/hh_hl_unlink_plinko_0240/recording.mp4,hh_hl_unlink_plinko_0240,goal_0,False,maybe,677e29646b0a2cf5eff174dc,68ffc55371128ff03ff45265,6900cabd63b1ae2ce2835d70,0,False,5,False
23,14766,1,assets/fillers/lh_hh_trNM_plinko_0001/img.jpg,assets/fillers/lh_hh_trNM_plinko_0001/recording.mp4,lh_hh_trNM_plinko_0001,goal_4,True,NA,677e29646b0a2cf5eff174dc,68ffc55371128ff03ff45265,6900cabd63b1ae2ce2835d70,4,False,0,False
24,7158,1,assets/targets/lh_ll_unlink_plinko_0001/img.jpg,assets/targets/lh_ll_unlink_plinko_0001/recording.mp4,lh_ll_unlink_plinko_0001,goal_1,False,NA,677e29646b0a2cf5eff174dc,68ffc55371128ff03ff45265,6900cabd63b1ae2ce2835d70,1,False,10,True
0,9199,3,assets/fillers/lh_hh_plinko_0002/img.jpg,assets/fillers/lh_hh_plinko_0002/recording.mp4,lh_hh_plinko_0002,goal_3,True,NA,61254fba095b9df425e816ea,68ffc55371128ff03ff45265,6900cb2a832d357a88916de6,3,False,10,True
1,6182,3,assets/fillers/lh_ll_unlink_plinko_0017/img.jpg,assets/fillers/lh_ll_unlink_plinko_0017/recording.mp4,lh_ll_unlink_plinko_0017,goal_3,True,NA,61254fba095b9df425e816ea,68ffc55371128ff03ff45265,6900cb2a832d357a88916de6,3,False,10,True
2,11115,2,assets/fillers/catch/img.jpg,assets/fillers/catch/recording.mp4,catch,goal_2,True,NA,61254fba095b9df425e816ea,68ffc55371128ff03ff45265,6900cb2a832d357a88916de6,2,False,10,True
3,5416,1,assets/targets/lh_ll_unlink_plinko_0001/img.jpg,assets/targets/lh_ll_unlink_plinko_0001/recording.mp4,lh_ll_unlink_plinko_0001,goal_1,False,NA,61254fba095b9df425e816ea,68ffc55371128ff03ff45265,6900cb2a832d357a88916de6,1,False,10,True
4,8233,4,assets/targets/lh_hh_plinko_0003/img.jpg,assets/targets/lh_hh_plinko_0003/recording.mp4,lh_hh_plinko_0003,goal_4,False,NA,61254fba095b9df425e816ea,68ffc55371128ff03ff45265,6900cb2a832d357a88916de6,4,False,10,True
5,7165,0,assets/targets/lh_hh_plinko_0000/img.jpg,assets/targets/lh_hh_plinko_0000/recording.mp4,lh_hh_plinko_0000,goal_0,False,NA,61254fba095b9df425e816ea,68ffc55371128ff03ff45265,6900cb2a832d357a88916de6,0,False,10,True
6,28846,4,assets/targets/lh_hh_trNM_plinko_0002/img.jpg,assets/targets/lh_hh_trNM_plinko_0002/recording.mp4,lh_hh_trNM_plinko_0002,goal_4,False,definite,61254fba095b9df425e816ea,68ffc55371128ff03ff45265,6900cb2a832d357a88916de6,4,False,10,True
7,4582,2,assets/targets/lh_hh_trNM_plinko_0001/img.jpg,assets/targets/lh_hh_trNM_plinko_0001/recording.mp4,lh_hh_trNM_plinko_0001,goal_2,False,NA,61254fba095b9df425e816ea,68ffc55371128ff03ff45265,6900cb2a832d357a88916de6,2,False,10,True
8,5948,2,assets/fillers/lh_hh_plinko_0000/img.jpg,assets/fillers/lh_hh_plinko_0000/recording.mp4,lh_hh_plinko_0000,goal_4,True,maybe,61254fba095b9df425e816ea,68ffc55371128ff03ff45265,6900cb2a832d357a88916de6,4,False,0,False
9,4633,3,assets/targets/lh_hh_plinko_0001/img.jpg,assets/targets/lh_hh_plinko_0001/recording.mp4,lh_hh_plinko_0001,goal_3,False,NA,61254fba095b9df425e816ea,68ffc55371128ff03ff45265,6900cb2a832d357a88916de6,3,False,10,True
10,14499,4,assets/fillers/lh_hh_trNM_plinko_0001/img.jpg,assets/fillers/lh_hh_trNM_plinko_0001/recording.mp4,lh_hh_trNM_plinko_0001,goal_4,True,NA,61254fba095b9df425e816ea,68ffc55371128ff03ff45265,6900cb2a832d357a88916de6,4,False,10,True
11,8283,2,assets/fillers/lh_ll_unlink_plinko_0021/img.jpg,assets/fillers/lh_ll_unlink_plinko_0021/recording.mp4,lh_ll_unlink_plinko_0021,goal_1,True,definite,61254fba095b9df425e816ea,68ffc55371128ff03ff45265,6900cb2a832d357a88916de6,1,False,5,False
12,3882,1,assets/targets/lh_ll_unlink_plinko_0002/img.jpg,assets/targets/lh_ll_unlink_plinko_0002/recording.mp4,lh_ll_unlink_plinko_0002,goal_1,False,NA,61254fba095b9df425e816ea,68ffc55371128ff03ff45265,6900cb2a832d357a88916de6,1,False,10,True
13,29699,3,assets/targets/lh_ll_unlink_plinko_0000/img.jpg,assets/targets/lh_ll_unlink_plinko_0000/recording.mp4,lh_ll_unlink_plinko_0000,goal_3,False,maybe,61254fba095b9df425e816ea,68ffc55371128ff03ff45265,6900cb2a832d357a88916de6,3,False,10,True
14,5848,3,assets/fillers/lh_hh_trNM_plinko_0002/img.jpg,assets/fillers/lh_hh_trNM_plinko_0002/recording.mp4,lh_hh_trNM_plinko_0002,goal_4,True,NA,61254fba095b9df425e816ea,68ffc55371128ff03ff45265,6900cb2a832d357a88916de6,4,False,5,False
15,5866,3,assets/fillers/lh_ll_unlink_plinko_0009/img.jpg,assets/fillers/lh_ll_unlink_plinko_0009/recording.mp4,lh_ll_unlink_plinko_0009,goal_3,True,NA,61254fba095b9df425e816ea,68ffc55371128ff03ff45265,6900cb2a832d357a88916de6,3,False,10,True
16,6167,4,assets/targets/hh_hl_unlink_plinko_0393/img.jpg,assets/targets/hh_hl_unlink_plinko_0393/recording.mp4,hh_hl_unlink_plinko_0393,goal_2,False,maybe,61254fba095b9df425e816ea,68ffc55371128ff03ff45265,6900cb2a832d357a88916de6,2,False,0,False
17,15334,0,assets/targets/lh_hh_trNM_plinko_0000/img.jpg,assets/targets/lh_hh_trNM_plinko_0000/recording.mp4,lh_hh_trNM_plinko_0000,goal_0,False,definite,61254fba095b9df425e816ea,68ffc55371128ff03ff45265,6900cb2a832d357a88916de6,0,False,10,True
18,7649,3,assets/targets/hh_hl_unlink_plinko_0269/img.jpg,assets/targets/hh_hl_unlink_plinko_0269/recording.mp4,hh_hl_unlink_plinko_0269,goal_3,False,maybe,61254fba095b9df425e816ea,68ffc55371128ff03ff45265,6900cb2a832d357a88916de6,3,False,10,True
19,7381,4,assets/targets/hh_hl_unlink_plinko_0240/img.jpg,assets/targets/hh_hl_unlink_plinko_0240/recording.mp4,hh_hl_unlink_plinko_0240,goal_0,False,maybe,61254fba095b9df425e816ea,68ffc55371128ff03ff45265,6900cb2a832d357a88916de6,0,False,0,False
20,6017,2,assets/targets/hh_hl_unlink_plinko_0246/img.jpg,assets/targets/hh_hl_unlink_plinko_0246/recording.mp4,hh_hl_unlink_plinko_0246,goal_2,False,maybe,61254fba095b9df425e816ea,68ffc55371128ff03ff45265,6900cb2a832d357a88916de6,2,False,10,True
21,9501,3,assets/fillers/lh_ll_unlink_plinko_0011/img.jpg,assets/fillers/lh_ll_unlink_plinko_0011/recording.mp4,lh_ll_unlink_plinko_0011,goal_3,True,NA,61254fba095b9df425e816ea,68ffc55371128ff03ff45265,6900cb2a832d357a88916de6,3,False,10,True
22,4750,2,assets/targets/lh_hh_plinko_0002/img.jpg,assets/targets/lh_hh_plinko_0002/recording.mp4,lh_hh_plinko_0002,goal_2,False,definite,61254fba095b9df425e816ea,68ffc55371128ff03ff45265,6900cb2a832d357a88916de6,2,False,10,True
23,7066,1,assets/targets/hh_hl_unlink_plinko_0202/img.jpg,assets/targets/hh_hl_unlink_plinko_0202/recording.mp4,hh_hl_unlink_plinko_0202,goal_0,False,maybe,61254fba095b9df425e816ea,68ffc55371128ff03ff45265,6900cb2a832d357a88916de6,0,False,5,False
24,5483,1,assets/fillers/lh_hh_plinko_0001/img.jpg,assets/fillers/lh_hh_plinko_0001/recording.mp4,lh_hh_plinko_0001,goal_0,True,maybe,61254fba095b9df425e816ea,68ffc55371128ff03ff45265,6900cb2a832d357a88916de6,0,False,5,False
0,9242,3,assets/fillers/lh_ll_unlink_plinko_0017/img.jpg,assets/fillers/lh_ll_unlink_plinko_0017/recording.mp4,lh_ll_unlink_plinko_0017,goal_3,True,NA,663139cbb8723d403f4e7fc8,68ffc55371128ff03ff45265,6900cb28e68ca6e7938a96c9,3,False,10,True
1,8346,3,assets/fillers/lh_hh_trNM_plinko_0002/img.jpg,assets/fillers/lh_hh_trNM_plinko_0002/recording.mp4,lh_hh_trNM_plinko_0002,goal_4,True,NA,663139cbb8723d403f4e7fc8,68ffc55371128ff03ff45265,6900cb28e68ca6e7938a96c9,4,False,5,False
2,21805,3,assets/fillers/lh_hh_plinko_0002/img.jpg,assets/fillers/lh_hh_plinko_0002/recording.mp4,lh_hh_plinko_0002,goal_3,True,NA,663139cbb8723d403f4e7fc8,68ffc55371128ff03ff45265,6900cb28e68ca6e7938a96c9,3,False,10,True
3,10162,0,assets/targets/hh_hl_unlink_plinko_0393/img.jpg,assets/targets/hh_hl_unlink_plinko_0393/recording.mp4,hh_hl_unlink_plinko_0393,goal_2,False,maybe,663139cbb8723d403f4e7fc8,68ffc55371128ff03ff45265,6900cb28e68ca6e7938a96c9,2,False,0,False
4,4356,3,assets/fillers/lh_ll_unlink_plinko_0011/img.jpg,assets/fillers/lh_ll_unlink_plinko_0011/recording.mp4,lh_ll_unlink_plinko_0011,goal_3,True,NA,663139cbb8723d403f4e7fc8,68ffc55371128ff03ff45265,6900cb28e68ca6e7938a96c9,3,False,10,True
5,21796,3,assets/fillers/lh_ll_unlink_plinko_0009/img.jpg,assets/fillers/lh_ll_unlink_plinko_0009/recording.mp4,lh_ll_unlink_plinko_0009,goal_3,True,NA,663139cbb8723d403f4e7fc8,68ffc55371128ff03ff45265,6900cb28e68ca6e7938a96c9,3,False,10,True
6,4784,1,assets/fillers/lh_ll_unlink_plinko_0021/img.jpg,assets/fillers/lh_ll_unlink_plinko_0021/recording.mp4,lh_ll_unlink_plinko_0021,goal_1,True,definite,663139cbb8723d403f4e7fc8,68ffc55371128ff03ff45265,6900cb28e68ca6e7938a96c9,1,False,10,True
7,2566,1,assets/fillers/lh_hh_plinko_0001/img.jpg,assets/fillers/lh_hh_plinko_0001/recording.mp4,lh_hh_plinko_0001,goal_0,True,maybe,663139cbb8723d403f4e7fc8,68ffc55371128ff03ff45265,6900cb28e68ca6e7938a96c9,0,False,5,False
8,2900,0,assets/targets/lh_hh_trNM_plinko_0000/img.jpg,assets/targets/lh_hh_trNM_plinko_0000/recording.mp4,lh_hh_trNM_plinko_0000,goal_0,False,definite,663139cbb8723d403f4e7fc8,68ffc55371128ff03ff45265,6900cb28e68ca6e7938a96c9,0,False,10,True
9,15570,4,assets/fillers/lh_hh_trNM_plinko_0001/img.jpg,assets/fillers/lh_hh_trNM_plinko_0001/recording.mp4,lh_hh_trNM_plinko_0001,goal_4,True,NA,663139cbb8723d403f4e7fc8,68ffc55371128ff03ff45265,6900cb28e68ca6e7938a96c9,4,False,10,True
10,7719,4,assets/targets/lh_hh_trNM_plinko_0002/img.jpg,assets/targets/lh_hh_trNM_plinko_0002/recording.mp4,lh_hh_trNM_plinko_0002,goal_4,False,definite,663139cbb8723d403f4e7fc8,68ffc55371128ff03ff45265,6900cb28e68ca6e7938a96c9,4,False,10,True
11,16080,4,assets/fillers/lh_hh_plinko_0000/img.jpg,assets/fillers/lh_hh_plinko_0000/recording.mp4,lh_hh_plinko_0000,goal_4,True,maybe,663139cbb8723d403f4e7fc8,68ffc55371128ff03ff45265,6900cb28e68ca6e7938a96c9,4,False,10,True
12,7354,2,assets/targets/lh_hh_trNM_plinko_0001/img.jpg,assets/targets/lh_hh_trNM_plinko_0001/recording.mp4,lh_hh_trNM_plinko_0001,goal_2,False,NA,663139cbb8723d403f4e7fc8,68ffc55371128ff03ff45265,6900cb28e68ca6e7938a96c9,2,False,10,True
13,8206,1,assets/targets/hh_hl_unlink_plinko_0246/img.jpg,assets/targets/hh_hl_unlink_plinko_0246/recording.mp4,hh_hl_unlink_plinko_0246,goal_2,False,maybe,663139cbb8723d403f4e7fc8,68ffc55371128ff03ff45265,6900cb28e68ca6e7938a96c9,2,False,5,False
14,1946,3,assets/targets/lh_ll_unlink_plinko_0000/img.jpg,assets/targets/lh_ll_unlink_plinko_0000/recording.mp4,lh_ll_unlink_plinko_0000,goal_3,False,maybe,663139cbb8723d403f4e7fc8,68ffc55371128ff03ff45265,6900cb28e68ca6e7938a96c9,3,False,10,True
15,8303,2,assets/targets/lh_hh_plinko_0002/img.jpg,assets/targets/lh_hh_plinko_0002/recording.mp4,lh_hh_plinko_0002,goal_2,False,definite,663139cbb8723d403f4e7fc8,68ffc55371128ff03ff45265,6900cb28e68ca6e7938a96c9,2,False,10,True
16,8465,0,assets/targets/lh_hh_plinko_0000/img.jpg,assets/targets/lh_hh_plinko_0000/recording.mp4,lh_hh_plinko_0000,goal_0,False,NA,663139cbb8723d403f4e7fc8,68ffc55371128ff03ff45265,6900cb28e68ca6e7938a96c9,0,False,10,True
17,5913,1,assets/targets/lh_ll_unlink_plinko_0001/img.jpg,assets/targets/lh_ll_unlink_plinko_0001/recording.mp4,lh_ll_unlink_plinko_0001,goal_1,False,NA,663139cbb8723d403f4e7fc8,68ffc55371128ff03ff45265,6900cb28e68ca6e7938a96c9,1,False,10,True
18,9803,4,assets/targets/lh_hh_plinko_0003/img.jpg,assets/targets/lh_hh_plinko_0003/recording.mp4,lh_hh_plinko_0003,goal_4,False,NA,663139cbb8723d403f4e7fc8,68ffc55371128ff03ff45265,6900cb28e68ca6e7938a96c9,4,False,10,True
19,2316,4,assets/targets/hh_hl_unlink_plinko_0240/img.jpg,assets/targets/hh_hl_unlink_plinko_0240/recording.mp4,hh_hl_unlink_plinko_0240,goal_0,False,maybe,663139cbb8723d403f4e7fc8,68ffc55371128ff03ff45265,6900cb28e68ca6e7938a96c9,0,False,0,False
20,275167,3,assets/targets/hh_hl_unlink_plinko_0269/img.jpg,assets/targets/hh_hl_unlink_plinko_0269/recording.mp4,hh_hl_unlink_plinko_0269,goal_3,False,maybe,663139cbb8723d403f4e7fc8,68ffc55371128ff03ff45265,6900cb28e68ca6e7938a96c9,3,False,10,True
21,6106,2,assets/targets/hh_hl_unlink_plinko_0202/img.jpg,assets/targets/hh_hl_unlink_plinko_0202/recording.mp4,hh_hl_unlink_plinko_0202,goal_0,False,maybe,663139cbb8723d403f4e7fc8,68ffc55371128ff03ff45265,6900cb28e68ca6e7938a96c9,0,False,0,False
22,1944,2,assets/fillers/catch/img.jpg,assets/fillers/catch/recording.mp4,catch,goal_2,True,NA,663139cbb8723d403f4e7fc8,68ffc55371128ff03ff45265,6900cb28e68ca6e7938a96c9,2,False,10,True
23,8018,1,assets/targets/lh_ll_unlink_plinko_0002/img.jpg,assets/targets/lh_ll_unlink_plinko_0002/recording.mp4,lh_ll_unlink_plinko_0002,goal_1,False,NA,663139cbb8723d403f4e7fc8,68ffc55371128ff03ff45265,6900cb28e68ca6e7938a96c9,1,False,10,True
24,2420,3,assets/targets/lh_hh_plinko_0001/img.jpg,assets/targets/lh_hh_plinko_0001/recording.mp4,lh_hh_plinko_0001,goal_3,False,NA,663139cbb8723d403f4e7fc8,68ffc55371128ff03ff45265,6900cb28e68ca6e7938a96c9,3,False,10,True
0,7364,2,assets/fillers/lh_ll_unlink_plinko_0011/img.jpg,assets/fillers/lh_ll_unlink_plinko_0011/recording.mp4,lh_ll_unlink_plinko_0011,goal_3,True,NA,58595b56a3149800011e156e,68ffc55371128ff03ff45265,6900cca76c8c12274e96f8a5,3,False,5,False
1,6664,4,assets/fillers/lh_ll_unlink_plinko_0017/img.jpg,assets/fillers/lh_ll_unlink_plinko_0017/recording.mp4,lh_ll_unlink_plinko_0017,goal_3,True,NA,58595b56a3149800011e156e,68ffc55371128ff03ff45265,6900cca76c8c12274e96f8a5,3,False,5,False
2,9968,3,assets/fillers/lh_hh_trNM_plinko_0002/img.jpg,assets/fillers/lh_hh_trNM_plinko_0002/recording.mp4,lh_hh_trNM_plinko_0002,goal_4,True,NA,58595b56a3149800011e156e,68ffc55371128ff03ff45265,6900cca76c8c12274e96f8a5,4,False,5,False
3,7026,0,assets/targets/hh_hl_unlink_plinko_0202/img.jpg,assets/targets/hh_hl_unlink_plinko_0202/recording.mp4,hh_hl_unlink_plinko_0202,goal_0,False,maybe,58595b56a3149800011e156e,68ffc55371128ff03ff45265,6900cca76c8c12274e96f8a5,0,False,10,True
4,12327,0,assets/fillers/lh_hh_plinko_0002/img.jpg,assets/fillers/lh_hh_plinko_0002/recording.mp4,lh_hh_plinko_0002,goal_3,True,NA,58595b56a3149800011e156e,68ffc55371128ff03ff45265,6900cca76c8c12274e96f8a5,3,False,0,False
5,5781,2,assets/fillers/catch/img.jpg,assets/fillers/catch/recording.mp4,catch,goal_2,True,NA,58595b56a3149800011e156e,68ffc55371128ff03ff45265,6900cca76c8c12274e96f8a5,2,False,10,True
6,8232,3,assets/targets/lh_ll_unlink_plinko_0000/img.jpg,assets/targets/lh_ll_unlink_plinko_0000/recording.mp4,lh_ll_unlink_plinko_0000,goal_3,False,maybe,58595b56a3149800011e156e,68ffc55371128ff03ff45265,6900cca76c8c12274e96f8a5,3,False,10,True
7,14086,0,assets/targets/lh_hh_plinko_0000/img.jpg,assets/targets/lh_hh_plinko_0000/recording.mp4,lh_hh_plinko_0000,goal_0,False,NA,58595b56a3149800011e156e,68ffc55371128ff03ff45265,6900cca76c8c12274e96f8a5,0,False,10,True
8,7655,4,assets/targets/lh_hh_trNM_plinko_0002/img.jpg,assets/targets/lh_hh_trNM_plinko_0002/recording.mp4,lh_hh_trNM_plinko_0002,goal_4,False,definite,58595b56a3149800011e156e,68ffc55371128ff03ff45265,6900cca76c8c12274e96f8a5,4,False,10,True
9,10122,4,assets/targets/lh_hh_plinko_0003/img.jpg,assets/targets/lh_hh_plinko_0003/recording.mp4,lh_hh_plinko_0003,goal_4,False,NA,58595b56a3149800011e156e,68ffc55371128ff03ff45265,6900cca76c8c12274e96f8a5,4,False,10,True
10,15827,3,assets/targets/hh_hl_unlink_plinko_0269/img.jpg,assets/targets/hh_hl_unlink_plinko_0269/recording.mp4,hh_hl_unlink_plinko_0269,goal_3,False,maybe,58595b56a3149800011e156e,68ffc55371128ff03ff45265,6900cca76c8c12274e96f8a5,3,False,10,True
11,11197,3,assets/fillers/lh_ll_unlink_plinko_0009/img.jpg,assets/fillers/lh_ll_unlink_plinko_0009/recording.mp4,lh_ll_unlink_plinko_0009,goal_3,True,NA,58595b56a3149800011e156e,68ffc55371128ff03ff45265,6900cca76c8c12274e96f8a5,3,False,10,True
12,12100,2,assets/targets/lh_hh_trNM_plinko_0001/img.jpg,assets/targets/lh_hh_trNM_plinko_0001/recording.mp4,lh_hh_trNM_plinko_0001,goal_2,False,NA,58595b56a3149800011e156e,68ffc55371128ff03ff45265,6900cca76c8c12274e96f8a5,2,False,10,True
13,14087,0,assets/targets/hh_hl_unlink_plinko_0246/img.jpg,assets/targets/hh_hl_unlink_plinko_0246/recording.mp4,hh_hl_unlink_plinko_0246,goal_2,False,maybe,58595b56a3149800011e156e,68ffc55371128ff03ff45265,6900cca76c8c12274e96f8a5,2,False,0,False
14,10353,3,assets/targets/lh_hh_plinko_0001/img.jpg,assets/targets/lh_hh_plinko_0001/recording.mp4,lh_hh_plinko_0001,goal_3,False,NA,58595b56a3149800011e156e,68ffc55371128ff03ff45265,6900cca76c8c12274e96f8a5,3,False,10,True
15,13230,0,assets/targets/hh_hl_unlink_plinko_0240/img.jpg,assets/targets/hh_hl_unlink_plinko_0240/recording.mp4,hh_hl_unlink_plinko_0240,goal_0,False,maybe,58595b56a3149800011e156e,68ffc55371128ff03ff45265,6900cca76c8c12274e96f8a5,0,False,10,True
16,26337,2,assets/targets/lh_hh_plinko_0002/img.jpg,assets/targets/lh_hh_plinko_0002/recording.mp4,lh_hh_plinko_0002,goal_2,False,definite,58595b56a3149800011e156e,68ffc55371128ff03ff45265,6900cca76c8c12274e96f8a5,2,False,10,True
17,18442,3,assets/fillers/lh_hh_plinko_0000/img.jpg,assets/fillers/lh_hh_plinko_0000/recording.mp4,lh_hh_plinko_0000,goal_4,True,maybe,58595b56a3149800011e156e,68ffc55371128ff03ff45265,6900cca76c8c12274e96f8a5,4,False,5,False
18,19336,1,assets/targets/lh_ll_unlink_plinko_0001/img.jpg,assets/targets/lh_ll_unlink_plinko_0001/recording.mp4,lh_ll_unlink_plinko_0001,goal_1,False,NA,58595b56a3149800011e156e,68ffc55371128ff03ff45265,6900cca76c8c12274e96f8a5,1,False,10,True
19,33798,0,assets/targets/lh_hh_trNM_plinko_0000/img.jpg,assets/targets/lh_hh_trNM_plinko_0000/recording.mp4,lh_hh_trNM_plinko_0000,goal_0,False,definite,58595b56a3149800011e156e,68ffc55371128ff03ff45265,6900cca76c8c12274e96f8a5,0,False,10,True
20,3713,1,assets/fillers/lh_ll_unlink_plinko_0021/img.jpg,assets/fillers/lh_ll_unlink_plinko_0021/recording.mp4,lh_ll_unlink_plinko_0021,goal_1,True,definite,58595b56a3149800011e156e,68ffc55371128ff03ff45265,6900cca76c8c12274e96f8a5,1,False,10,True
21,7830,1,assets/fillers/lh_hh_plinko_0001/img.jpg,assets/fillers/lh_hh_plinko_0001/recording.mp4,lh_hh_plinko_0001,goal_0,True,maybe,58595b56a3149800011e156e,68ffc55371128ff03ff45265,6900cca76c8c12274e96f8a5,0,False,5,False
22,7564,0,assets/targets/hh_hl_unlink_plinko_0393/img.jpg,assets/targets/hh_hl_unlink_plinko_0393/recording.mp4,hh_hl_unlink_plinko_0393,goal_2,False,maybe,58595b56a3149800011e156e,68ffc55371128ff03ff45265,6900cca76c8c12274e96f8a5,2,False,0,False
23,4095,1,assets/targets/lh_ll_unlink_plinko_0002/img.jpg,assets/targets/lh_ll_unlink_plinko_0002/recording.mp4,lh_ll_unlink_plinko_0002,goal_1,False,NA,58595b56a3149800011e156e,68ffc55371128ff03ff45265,6900cca76c8c12274e96f8a5,1,False,10,True
24,19223,4,assets/fillers/lh_hh_trNM_plinko_0001/img.jpg,assets/fillers/lh_hh_trNM_plinko_0001/recording.mp4,lh_hh_trNM_plinko_0001,goal_4,True,NA,58595b56a3149800011e156e,68ffc55371128ff03ff45265,6900cca76c8c12274e96f8a5,4,False,10,True
0,6745,3,assets/fillers/lh_ll_unlink_plinko_0009/img.jpg,assets/fillers/lh_ll_unlink_plinko_0009/recording.mp4,lh_ll_unlink_plinko_0009,goal_3,True,NA,6287a355e0dbfe43e55850b7,68ffc55371128ff03ff45265,6900ce026c8c12274e96f8b6,3,False,10,True
1,7114,1,assets/fillers/lh_ll_unlink_plinko_0021/img.jpg,assets/fillers/lh_ll_unlink_plinko_0021/recording.mp4,lh_ll_unlink_plinko_0021,goal_1,True,definite,6287a355e0dbfe43e55850b7,68ffc55371128ff03ff45265,6900ce026c8c12274e96f8b6,1,False,10,True
2,4507,3,assets/fillers/lh_hh_trNM_plinko_0002/img.jpg,assets/fillers/lh_hh_trNM_plinko_0002/recording.mp4,lh_hh_trNM_plinko_0002,goal_4,True,NA,6287a355e0dbfe43e55850b7,68ffc55371128ff03ff45265,6900ce026c8c12274e96f8b6,4,False,5,False
3,3454,3,assets/targets/lh_ll_unlink_plinko_0000/img.jpg,assets/targets/lh_ll_unlink_plinko_0000/recording.mp4,lh_ll_unlink_plinko_0000,goal_3,False,maybe,6287a355e0dbfe43e55850b7,68ffc55371128ff03ff45265,6900ce026c8c12274e96f8b6,3,False,10,True
4,11466,3,assets/targets/hh_hl_unlink_plinko_0246/img.jpg,assets/targets/hh_hl_unlink_plinko_0246/recording.mp4,hh_hl_unlink_plinko_0246,goal_2,False,maybe,6287a355e0dbfe43e55850b7,68ffc55371128ff03ff45265,6900ce026c8c12274e96f8b6,2,False,5,False
5,4819,1,assets/fillers/lh_hh_plinko_0001/img.jpg,assets/fillers/lh_hh_plinko_0001/recording.mp4,lh_hh_plinko_0001,goal_0,True,maybe,6287a355e0dbfe43e55850b7,68ffc55371128ff03ff45265,6900ce026c8c12274e96f8b6,0,False,5,False
6,2097,4,assets/targets/lh_hh_trNM_plinko_0002/img.jpg,assets/targets/lh_hh_trNM_plinko_0002/recording.mp4,lh_hh_trNM_plinko_0002,goal_4,False,definite,6287a355e0dbfe43e55850b7,68ffc55371128ff03ff45265,6900ce026c8c12274e96f8b6,4,False,10,True
7,9883,2,assets/fillers/lh_hh_trNM_plinko_0001/img.jpg,assets/fillers/lh_hh_trNM_plinko_0001/recording.mp4,lh_hh_trNM_plinko_0001,goal_4,True,NA,6287a355e0dbfe43e55850b7,68ffc55371128ff03ff45265,6900ce026c8c12274e96f8b6,4,False,0,False
8,3433,0,assets/targets/lh_hh_plinko_0000/img.jpg,assets/targets/lh_hh_plinko_0000/recording.mp4,lh_hh_plinko_0000,goal_0,False,NA,6287a355e0dbfe43e55850b7,68ffc55371128ff03ff45265,6900ce026c8c12274e96f8b6,0,False,10,True
9,2983,1,assets/targets/lh_ll_unlink_plinko_0001/img.jpg,assets/targets/lh_ll_unlink_plinko_0001/recording.mp4,lh_ll_unlink_plinko_0001,goal_1,False,NA,6287a355e0dbfe43e55850b7,68ffc55371128ff03ff45265,6900ce026c8c12274e96f8b6,1,False,10,True
10,3332,0,assets/targets/lh_hh_trNM_plinko_0000/img.jpg,assets/targets/lh_hh_trNM_plinko_0000/recording.mp4,lh_hh_trNM_plinko_0000,goal_0,False,definite,6287a355e0dbfe43e55850b7,68ffc55371128ff03ff45265,6900ce026c8c12274e96f8b6,0,False,10,True
11,3141,3,assets/targets/hh_hl_unlink_plinko_0269/img.jpg,assets/targets/hh_hl_unlink_plinko_0269/recording.mp4,hh_hl_unlink_plinko_0269,goal_3,False,maybe,6287a355e0dbfe43e55850b7,68ffc55371128ff03ff45265,6900ce026c8c12274e96f8b6,3,False,10,True
12,4528,4,assets/targets/hh_hl_unlink_plinko_0393/img.jpg,assets/targets/hh_hl_unlink_plinko_0393/recording.mp4,hh_hl_unlink_plinko_0393,goal_2,False,maybe,6287a355e0dbfe43e55850b7,68ffc55371128ff03ff45265,6900ce026c8c12274e96f8b6,2,False,0,False
13,5710,4,assets/fillers/lh_hh_plinko_0000/img.jpg,assets/fillers/lh_hh_plinko_0000/recording.mp4,lh_hh_plinko_0000,goal_4,True,maybe,6287a355e0dbfe43e55850b7,68ffc55371128ff03ff45265,6900ce026c8c12274e96f8b6,4,False,10,True
14,1851,4,assets/targets/lh_hh_plinko_0003/img.jpg,assets/targets/lh_hh_plinko_0003/recording.mp4,lh_hh_plinko_0003,goal_4,False,NA,6287a355e0dbfe43e55850b7,68ffc55371128ff03ff45265,6900ce026c8c12274e96f8b6,4,False,10,True
15,3497,3,assets/targets/lh_hh_plinko_0001/img.jpg,assets/targets/lh_hh_plinko_0001/recording.mp4,lh_hh_plinko_0001,goal_3,False,NA,6287a355e0dbfe43e55850b7,68ffc55371128ff03ff45265,6900ce026c8c12274e96f8b6,3,False,10,True
16,6966,0,assets/targets/hh_hl_unlink_plinko_0202/img.jpg,assets/targets/hh_hl_unlink_plinko_0202/recording.mp4,hh_hl_unlink_plinko_0202,goal_0,False,maybe,6287a355e0dbfe43e55850b7,68ffc55371128ff03ff45265,6900ce026c8c12274e96f8b6,0,False,10,True
17,9013,3,assets/fillers/lh_ll_unlink_plinko_0011/img.jpg,assets/fillers/lh_ll_unlink_plinko_0011/recording.mp4,lh_ll_unlink_plinko_0011,goal_3,True,NA,6287a355e0dbfe43e55850b7,68ffc55371128ff03ff45265,6900ce026c8c12274e96f8b6,3,False,10,True
18,5170,3,assets/fillers/lh_hh_plinko_0002/img.jpg,assets/fillers/lh_hh_plinko_0002/recording.mp4,lh_hh_plinko_0002,goal_3,True,NA,6287a355e0dbfe43e55850b7,68ffc55371128ff03ff45265,6900ce026c8c12274e96f8b6,3,False,10,True
19,3643,1,assets/targets/lh_ll_unlink_plinko_0002/img.jpg,assets/targets/lh_ll_unlink_plinko_0002/recording.mp4,lh_ll_unlink_plinko_0002,goal_1,False,NA,6287a355e0dbfe43e55850b7,68ffc55371128ff03ff45265,6900ce026c8c12274e96f8b6,1,False,10,True
20,3990,3,assets/fillers/lh_ll_unlink_plinko_0017/img.jpg,assets/fillers/lh_ll_unlink_plinko_0017/recording.mp4,lh_ll_unlink_plinko_0017,goal_3,True,NA,6287a355e0dbfe43e55850b7,68ffc55371128ff03ff45265,6900ce026c8c12274e96f8b6,3,False,10,True
21,3721,4,assets/targets/hh_hl_unlink_plinko_0240/img.jpg,assets/targets/hh_hl_unlink_plinko_0240/recording.mp4,hh_hl_unlink_plinko_0240,goal_0,False,maybe,6287a355e0dbfe43e55850b7,68ffc55371128ff03ff45265,6900ce026c8c12274e96f8b6,0,False,0,False
22,2736,2,assets/targets/lh_hh_plinko_0002/img.jpg,assets/targets/lh_hh_plinko_0002/recording.mp4,lh_hh_plinko_0002,goal_2,False,definite,6287a355e0dbfe43e55850b7,68ffc55371128ff03ff45265,6900ce026c8c12274e96f8b6,2,False,10,True
23,2317,2,assets/fillers/catch/img.jpg,assets/fillers/catch/recording.mp4,catch,goal_2,True,NA,6287a355e0dbfe43e55850b7,68ffc55371128ff03ff45265,6900ce026c8c12274e96f8b6,2,False,10,True
24,2204,2,assets/targets/lh_hh_trNM_plinko_0001/img.jpg,assets/targets/lh_hh_trNM_plinko_0001/recording.mp4,lh_hh_trNM_plinko_0001,goal_2,False,NA,6287a355e0dbfe43e55850b7,68ffc55371128ff03ff45265,6900ce026c8c12274e96f8b6,2,False,10,True
0,24629,0,assets/fillers/lh_ll_unlink_plinko_0021/img.jpg,assets/fillers/lh_ll_unlink_plinko_0021/recording.mp4,lh_ll_unlink_plinko_0021,goal_1,True,definite,5fb7dd473afbb1033b491811,68ffc55371128ff03ff45265,6900cac9175fdc53f28f7edb,1,False,5,False
1,14719,4,assets/fillers/lh_hh_trNM_plinko_0001/img.jpg,assets/fillers/lh_hh_trNM_plinko_0001/recording.mp4,lh_hh_trNM_plinko_0001,goal_4,True,NA,5fb7dd473afbb1033b491811,68ffc55371128ff03ff45265,6900cac9175fdc53f28f7edb,4,False,10,True
2,8305,3,assets/fillers/lh_ll_unlink_plinko_0017/img.jpg,assets/fillers/lh_ll_unlink_plinko_0017/recording.mp4,lh_ll_unlink_plinko_0017,goal_3,True,NA,5fb7dd473afbb1033b491811,68ffc55371128ff03ff45265,6900cac9175fdc53f28f7edb,3,False,10,True
3,6713,2,assets/targets/hh_hl_unlink_plinko_0202/img.jpg,assets/targets/hh_hl_unlink_plinko_0202/recording.mp4,hh_hl_unlink_plinko_0202,goal_0,False,maybe,5fb7dd473afbb1033b491811,68ffc55371128ff03ff45265,6900cac9175fdc53f28f7edb,0,False,0,False
4,31033,2,assets/targets/hh_hl_unlink_plinko_0269/img.jpg,assets/targets/hh_hl_unlink_plinko_0269/recording.mp4,hh_hl_unlink_plinko_0269,goal_3,False,maybe,5fb7dd473afbb1033b491811,68ffc55371128ff03ff45265,6900cac9175fdc53f28f7edb,3,False,5,False
5,9311,1,assets/targets/hh_hl_unlink_plinko_0240/img.jpg,assets/targets/hh_hl_unlink_plinko_0240/recording.mp4,hh_hl_unlink_plinko_0240,goal_0,False,maybe,5fb7dd473afbb1033b491811,68ffc55371128ff03ff45265,6900cac9175fdc53f28f7edb,0,False,5,False
6,7775,4,assets/targets/lh_hh_plinko_0003/img.jpg,assets/targets/lh_hh_plinko_0003/recording.mp4,lh_hh_plinko_0003,goal_4,False,NA,5fb7dd473afbb1033b491811,68ffc55371128ff03ff45265,6900cac9175fdc53f28f7edb,4,False,10,True
7,11275,2,assets/targets/lh_hh_plinko_0002/img.jpg,assets/targets/lh_hh_plinko_0002/recording.mp4,lh_hh_plinko_0002,goal_2,False,definite,5fb7dd473afbb1033b491811,68ffc55371128ff03ff45265,6900cac9175fdc53f28f7edb,2,False,10,True
8,6807,2,assets/fillers/catch/img.jpg,assets/fillers/catch/recording.mp4,catch,goal_2,True,NA,5fb7dd473afbb1033b491811,68ffc55371128ff03ff45265,6900cac9175fdc53f28f7edb,2,False,10,True
9,5406,0,assets/targets/lh_hh_plinko_0000/img.jpg,assets/targets/lh_hh_plinko_0000/recording.mp4,lh_hh_plinko_0000,goal_0,False,NA,5fb7dd473afbb1033b491811,68ffc55371128ff03ff45265,6900cac9175fdc53f28f7edb,0,False,10,True
10,7125,3,assets/fillers/lh_hh_trNM_plinko_0002/img.jpg,assets/fillers/lh_hh_trNM_plinko_0002/recording.mp4,lh_hh_trNM_plinko_0002,goal_4,True,NA,5fb7dd473afbb1033b491811,68ffc55371128ff03ff45265,6900cac9175fdc53f28f7edb,4,False,5,False
11,7874,3,assets/fillers/lh_ll_unlink_plinko_0011/img.jpg,assets/fillers/lh_ll_unlink_plinko_0011/recording.mp4,lh_ll_unlink_plinko_0011,goal_3,True,NA,5fb7dd473afbb1033b491811,68ffc55371128ff03ff45265,6900cac9175fdc53f28f7edb,3,False,10,True
12,4435,0,assets/targets/lh_hh_trNM_plinko_0000/img.jpg,assets/targets/lh_hh_trNM_plinko_0000/recording.mp4,lh_hh_trNM_plinko_0000,goal_0,False,definite,5fb7dd473afbb1033b491811,68ffc55371128ff03ff45265,6900cac9175fdc53f28f7edb,0,False,10,True
13,4527,3,assets/targets/lh_ll_unlink_plinko_0000/img.jpg,assets/targets/lh_ll_unlink_plinko_0000/recording.mp4,lh_ll_unlink_plinko_0000,goal_3,False,maybe,5fb7dd473afbb1033b491811,68ffc55371128ff03ff45265,6900cac9175fdc53f28f7edb,3,False,10,True
14,5025,1,assets/fillers/lh_hh_plinko_0001/img.jpg,assets/fillers/lh_hh_plinko_0001/recording.mp4,lh_hh_plinko_0001,goal_0,True,maybe,5fb7dd473afbb1033b491811,68ffc55371128ff03ff45265,6900cac9175fdc53f28f7edb,0,False,5,False
15,6184,2,assets/targets/hh_hl_unlink_plinko_0393/img.jpg,assets/targets/hh_hl_unlink_plinko_0393/recording.mp4,hh_hl_unlink_plinko_0393,goal_2,False,maybe,5fb7dd473afbb1033b491811,68ffc55371128ff03ff45265,6900cac9175fdc53f28f7edb,2,False,10,True
16,6760,3,assets/targets/lh_hh_plinko_0001/img.jpg,assets/targets/lh_hh_plinko_0001/recording.mp4,lh_hh_plinko_0001,goal_3,False,NA,5fb7dd473afbb1033b491811,68ffc55371128ff03ff45265,6900cac9175fdc53f28f7edb,3,False,10,True
17,7057,1,assets/targets/lh_ll_unlink_plinko_0001/img.jpg,assets/targets/lh_ll_unlink_plinko_0001/recording.mp4,lh_ll_unlink_plinko_0001,goal_1,False,NA,5fb7dd473afbb1033b491811,68ffc55371128ff03ff45265,6900cac9175fdc53f28f7edb,1,False,10,True
18,7750,2,assets/targets/lh_hh_trNM_plinko_0001/img.jpg,assets/targets/lh_hh_trNM_plinko_0001/recording.mp4,lh_hh_trNM_plinko_0001,goal_2,False,NA,5fb7dd473afbb1033b491811,68ffc55371128ff03ff45265,6900cac9175fdc53f28f7edb,2,False,10,True
19,12096,1,assets/targets/lh_ll_unlink_plinko_0002/img.jpg,assets/targets/lh_ll_unlink_plinko_0002/recording.mp4,lh_ll_unlink_plinko_0002,goal_1,False,NA,5fb7dd473afbb1033b491811,68ffc55371128ff03ff45265,6900cac9175fdc53f28f7edb,1,False,10,True
20,11308,3,assets/fillers/lh_ll_unlink_plinko_0009/img.jpg,assets/fillers/lh_ll_unlink_plinko_0009/recording.mp4,lh_ll_unlink_plinko_0009,goal_3,True,NA,5fb7dd473afbb1033b491811,68ffc55371128ff03ff45265,6900cac9175fdc53f28f7edb,3,False,10,True
21,16088,0,assets/targets/hh_hl_unlink_plinko_0246/img.jpg,assets/targets/hh_hl_unlink_plinko_0246/recording.mp4,hh_hl_unlink_plinko_0246,goal_2,False,maybe,5fb7dd473afbb1033b491811,68ffc55371128ff03ff45265,6900cac9175fdc53f28f7edb,2,False,0,False
22,8286,3,assets/fillers/lh_hh_plinko_0002/img.jpg,assets/fillers/lh_hh_plinko_0002/recording.mp4,lh_hh_plinko_0002,goal_3,True,NA,5fb7dd473afbb1033b491811,68ffc55371128ff03ff45265,6900cac9175fdc53f28f7edb,3,False,10,True
23,11045,4,assets/fillers/lh_hh_plinko_0000/img.jpg,assets/fillers/lh_hh_plinko_0000/recording.mp4,lh_hh_plinko_0000,goal_4,True,maybe,5fb7dd473afbb1033b491811,68ffc55371128ff03ff45265,6900cac9175fdc53f28f7edb,4,False,10,True
24,2961,4,assets/targets/lh_hh_trNM_plinko_0002/img.jpg,assets/targets/lh_hh_trNM_plinko_0002/recording.mp4,lh_hh_trNM_plinko_0002,goal_4,False,definite,5fb7dd473afbb1033b491811,68ffc55371128ff03ff45265,6900cac9175fdc53f28f7edb,4,False,10,True
0,11720,1,assets/fillers/lh_hh_plinko_0001/img.jpg,assets/fillers/lh_hh_plinko_0001/recording.mp4,lh_hh_plinko_0001,goal_0,True,maybe,62c65cd877b056c782d09fe1,68ffc55371128ff03ff45265,6900ce8141fbfe339574338d,0,False,5,False
1,8380,0,assets/fillers/lh_ll_unlink_plinko_0021/img.jpg,assets/fillers/lh_ll_unlink_plinko_0021/recording.mp4,lh_ll_unlink_plinko_0021,goal_1,True,definite,62c65cd877b056c782d09fe1,68ffc55371128ff03ff45265,6900ce8141fbfe339574338d,1,False,5,False
2,7739,3,assets/fillers/lh_hh_trNM_plinko_0002/img.jpg,assets/fillers/lh_hh_trNM_plinko_0002/recording.mp4,lh_hh_trNM_plinko_0002,goal_4,True,NA,62c65cd877b056c782d09fe1,68ffc55371128ff03ff45265,6900ce8141fbfe339574338d,4,False,5,False
3,3519,2,assets/fillers/catch/img.jpg,assets/fillers/catch/recording.mp4,catch,goal_2,True,NA,62c65cd877b056c782d09fe1,68ffc55371128ff03ff45265,6900ce8141fbfe339574338d,2,False,10,True
4,7413,2,assets/targets/hh_hl_unlink_plinko_0246/img.jpg,assets/targets/hh_hl_unlink_plinko_0246/recording.mp4,hh_hl_unlink_plinko_0246,goal_2,False,maybe,62c65cd877b056c782d09fe1,68ffc55371128ff03ff45265,6900ce8141fbfe339574338d,2,False,10,True
5,8335,4,assets/targets/lh_hh_trNM_plinko_0002/img.jpg,assets/targets/lh_hh_trNM_plinko_0002/recording.mp4,lh_hh_trNM_plinko_0002,goal_4,False,definite,62c65cd877b056c782d09fe1,68ffc55371128ff03ff45265,6900ce8141fbfe339574338d,4,False,10,True
6,8189,4,assets/targets/lh_hh_plinko_0003/img.jpg,assets/targets/lh_hh_plinko_0003/recording.mp4,lh_hh_plinko_0003,goal_4,False,NA,62c65cd877b056c782d09fe1,68ffc55371128ff03ff45265,6900ce8141fbfe339574338d,4,False,10,True
7,11000,1,assets/fillers/lh_ll_unlink_plinko_0009/img.jpg,assets/fillers/lh_ll_unlink_plinko_0009/recording.mp4,lh_ll_unlink_plinko_0009,goal_3,True,NA,62c65cd877b056c782d09fe1,68ffc55371128ff03ff45265,6900ce8141fbfe339574338d,3,False,0,False
8,5117,3,assets/fillers/lh_ll_unlink_plinko_0011/img.jpg,assets/fillers/lh_ll_unlink_plinko_0011/recording.mp4,lh_ll_unlink_plinko_0011,goal_3,True,NA,62c65cd877b056c782d09fe1,68ffc55371128ff03ff45265,6900ce8141fbfe339574338d,3,False,10,True
9,6952,2,assets/targets/hh_hl_unlink_plinko_0393/img.jpg,assets/targets/hh_hl_unlink_plinko_0393/recording.mp4,hh_hl_unlink_plinko_0393,goal_2,False,maybe,62c65cd877b056c782d09fe1,68ffc55371128ff03ff45265,6900ce8141fbfe339574338d,2,False,10,True
10,13566,4,assets/targets/hh_hl_unlink_plinko_0240/img.jpg,assets/targets/hh_hl_unlink_plinko_0240/recording.mp4,hh_hl_unlink_plinko_0240,goal_0,False,maybe,62c65cd877b056c782d09fe1,68ffc55371128ff03ff45265,6900ce8141fbfe339574338d,0,False,0,False
11,9335,3,assets/targets/lh_hh_plinko_0001/img.jpg,assets/targets/lh_hh_plinko_0001/recording.mp4,lh_hh_plinko_0001,goal_3,False,NA,62c65cd877b056c782d09fe1,68ffc55371128ff03ff45265,6900ce8141fbfe339574338d,3,False,10,True
12,7975,0,assets/targets/lh_hh_trNM_plinko_0000/img.jpg,assets/targets/lh_hh_trNM_plinko_0000/recording.mp4,lh_hh_trNM_plinko_0000,goal_0,False,definite,62c65cd877b056c782d09fe1,68ffc55371128ff03ff45265,6900ce8141fbfe339574338d,0,False,10,True
13,12723,4,assets/fillers/lh_hh_trNM_plinko_0001/img.jpg,assets/fillers/lh_hh_trNM_plinko_0001/recording.mp4,lh_hh_trNM_plinko_0001,goal_4,True,NA,62c65cd877b056c782d09fe1,68ffc55371128ff03ff45265,6900ce8141fbfe339574338d,4,False,10,True
14,6901,2,assets/targets/lh_hh_trNM_plinko_0001/img.jpg,assets/targets/lh_hh_trNM_plinko_0001/recording.mp4,lh_hh_trNM_plinko_0001,goal_2,False,NA,62c65cd877b056c782d09fe1,68ffc55371128ff03ff45265,6900ce8141fbfe339574338d,2,False,10,True
15,9660,3,assets/fillers/lh_ll_unlink_plinko_0017/img.jpg,assets/fillers/lh_ll_unlink_plinko_0017/recording.mp4,lh_ll_unlink_plinko_0017,goal_3,True,NA,62c65cd877b056c782d09fe1,68ffc55371128ff03ff45265,6900ce8141fbfe339574338d,3,False,10,True
16,8357,3,assets/fillers/lh_hh_plinko_0002/img.jpg,assets/fillers/lh_hh_plinko_0002/recording.mp4,lh_hh_plinko_0002,goal_3,True,NA,62c65cd877b056c782d09fe1,68ffc55371128ff03ff45265,6900ce8141fbfe339574338d,3,False,10,True
17,4307,3,assets/targets/lh_ll_unlink_plinko_0000/img.jpg,assets/targets/lh_ll_unlink_plinko_0000/recording.mp4,lh_ll_unlink_plinko_0000,goal_3,False,maybe,62c65cd877b056c782d09fe1,68ffc55371128ff03ff45265,6900ce8141fbfe339574338d,3,False,10,True
18,17435,2,assets/targets/hh_hl_unlink_plinko_0202/img.jpg,assets/targets/hh_hl_unlink_plinko_0202/recording.mp4,hh_hl_unlink_plinko_0202,goal_0,False,maybe,62c65cd877b056c782d09fe1,68ffc55371128ff03ff45265,6900ce8141fbfe339574338d,0,False,0,False
19,4240,1,assets/targets/lh_ll_unlink_plinko_0002/img.jpg,assets/targets/lh_ll_unlink_plinko_0002/recording.mp4,lh_ll_unlink_plinko_0002,goal_1,False,NA,62c65cd877b056c782d09fe1,68ffc55371128ff03ff45265,6900ce8141fbfe339574338d,1,False,10,True
20,5455,0,assets/targets/lh_hh_plinko_0000/img.jpg,assets/targets/lh_hh_plinko_0000/recording.mp4,lh_hh_plinko_0000,goal_0,False,NA,62c65cd877b056c782d09fe1,68ffc55371128ff03ff45265,6900ce8141fbfe339574338d,0,False,10,True
21,8560,3,assets/targets/hh_hl_unlink_plinko_0269/img.jpg,assets/targets/hh_hl_unlink_plinko_0269/recording.mp4,hh_hl_unlink_plinko_0269,goal_3,False,maybe,62c65cd877b056c782d09fe1,68ffc55371128ff03ff45265,6900ce8141fbfe339574338d,3,False,10,True
22,4735,1,assets/targets/lh_ll_unlink_plinko_0001/img.jpg,assets/targets/lh_ll_unlink_plinko_0001/recording.mp4,lh_ll_unlink_plinko_0001,goal_1,False,NA,62c65cd877b056c782d09fe1,68ffc55371128ff03ff45265,6900ce8141fbfe339574338d,1,False,10,True
23,7266,2,assets/targets/lh_hh_plinko_0002/img.jpg,assets/targets/lh_hh_plinko_0002/recording.mp4,lh_hh_plinko_0002,goal_2,False,definite,62c65cd877b056c782d09fe1,68ffc55371128ff03ff45265,6900ce8141fbfe339574338d,2,False,10,True
24,7493,4,assets/fillers/lh_hh_plinko_0000/img.jpg,assets/fillers/lh_hh_plinko_0000/recording.mp4,lh_hh_plinko_0000,goal_4,True,maybe,62c65cd877b056c782d09fe1,68ffc55371128ff03ff45265,6900ce8141fbfe339574338d,4,False,10,True
0,1932,1,assets/fillers/catch/img.jpg,assets/fillers/catch/recording.mp4,catch,goal_2,True,NA,6153a464314342ef38c83ef9,68ffc55371128ff03ff45265,6900cf863234fd30dc27a219,2,False,5,False
1,2056,3,assets/fillers/lh_hh_trNM_plinko_0002/img.jpg,assets/fillers/lh_hh_trNM_plinko_0002/recording.mp4,lh_hh_trNM_plinko_0002,goal_4,True,NA,6153a464314342ef38c83ef9,68ffc55371128ff03ff45265,6900cf863234fd30dc27a219,4,False,5,False
2,2052,3,assets/fillers/lh_hh_plinko_0000/img.jpg,assets/fillers/lh_hh_plinko_0000/recording.mp4,lh_hh_plinko_0000,goal_4,True,maybe,6153a464314342ef38c83ef9,68ffc55371128ff03ff45265,6900cf863234fd30dc27a219,4,False,5,False
3,989,1,assets/fillers/lh_hh_plinko_0001/img.jpg,assets/fillers/lh_hh_plinko_0001/recording.mp4,lh_hh_plinko_0001,goal_0,True,maybe,6153a464314342ef38c83ef9,68ffc55371128ff03ff45265,6900cf863234fd30dc27a219,0,False,5,False
4,2617,3,assets/fillers/lh_ll_unlink_plinko_0017/img.jpg,assets/fillers/lh_ll_unlink_plinko_0017/recording.mp4,lh_ll_unlink_plinko_0017,goal_3,True,NA,6153a464314342ef38c83ef9,68ffc55371128ff03ff45265,6900cf863234fd30dc27a219,3,False,10,True
5,2267,1,assets/targets/lh_ll_unlink_plinko_0002/img.jpg,assets/targets/lh_ll_unlink_plinko_0002/recording.mp4,lh_ll_unlink_plinko_0002,goal_1,False,NA,6153a464314342ef38c83ef9,68ffc55371128ff03ff45265,6900cf863234fd30dc27a219,1,False,10,True
6,977,3,assets/fillers/lh_ll_unlink_plinko_0009/img.jpg,assets/fillers/lh_ll_unlink_plinko_0009/recording.mp4,lh_ll_unlink_plinko_0009,goal_3,True,NA,6153a464314342ef38c83ef9,68ffc55371128ff03ff45265,6900cf863234fd30dc27a219,3,False,10,True
7,1870,3,assets/targets/lh_ll_unlink_plinko_0000/img.jpg,assets/targets/lh_ll_unlink_plinko_0000/recording.mp4,lh_ll_unlink_plinko_0000,goal_3,False,maybe,6153a464314342ef38c83ef9,68ffc55371128ff03ff45265,6900cf863234fd30dc27a219,3,False,10,True
8,539,1,assets/targets/hh_hl_unlink_plinko_0240/img.jpg,assets/targets/hh_hl_unlink_plinko_0240/recording.mp4,hh_hl_unlink_plinko_0240,goal_0,False,maybe,6153a464314342ef38c83ef9,68ffc55371128ff03ff45265,6900cf863234fd30dc27a219,0,False,5,False
9,3115,0,assets/targets/hh_hl_unlink_plinko_0202/img.jpg,assets/targets/hh_hl_unlink_plinko_0202/recording.mp4,hh_hl_unlink_plinko_0202,goal_0,False,maybe,6153a464314342ef38c83ef9,68ffc55371128ff03ff45265,6900cf863234fd30dc27a219,0,False,10,True
10,1096,3,assets/fillers/lh_ll_unlink_plinko_0011/img.jpg,assets/fillers/lh_ll_unlink_plinko_0011/recording.mp4,lh_ll_unlink_plinko_0011,goal_3,True,NA,6153a464314342ef38c83ef9,68ffc55371128ff03ff45265,6900cf863234fd30dc27a219,3,False,10,True
11,16253,3,assets/fillers/lh_ll_unlink_plinko_0021/img.jpg,assets/fillers/lh_ll_unlink_plinko_0021/recording.mp4,lh_ll_unlink_plinko_0021,goal_1,True,definite,6153a464314342ef38c83ef9,68ffc55371128ff03ff45265,6900cf863234fd30dc27a219,1,False,0,False
12,1982,1,assets/targets/lh_hh_plinko_0000/img.jpg,assets/targets/lh_hh_plinko_0000/recording.mp4,lh_hh_plinko_0000,goal_0,False,NA,6153a464314342ef38c83ef9,68ffc55371128ff03ff45265,6900cf863234fd30dc27a219,0,False,5,False
13,2438,2,assets/targets/lh_hh_plinko_0002/img.jpg,assets/targets/lh_hh_plinko_0002/recording.mp4,lh_hh_plinko_0002,goal_2,False,definite,6153a464314342ef38c83ef9,68ffc55371128ff03ff45265,6900cf863234fd30dc27a219,2,False,10,True
14,691,1,assets/fillers/lh_hh_plinko_0002/img.jpg,assets/fillers/lh_hh_plinko_0002/recording.mp4,lh_hh_plinko_0002,goal_3,True,NA,6153a464314342ef38c83ef9,68ffc55371128ff03ff45265,6900cf863234fd30dc27a219,3,False,0,False
15,993,3,assets/targets/lh_hh_plinko_0001/img.jpg,assets/targets/lh_hh_plinko_0001/recording.mp4,lh_hh_plinko_0001,goal_3,False,NA,6153a464314342ef38c83ef9,68ffc55371128ff03ff45265,6900cf863234fd30dc27a219,3,False,10,True
16,1298,3,assets/targets/hh_hl_unlink_plinko_0246/img.jpg,assets/targets/hh_hl_unlink_plinko_0246/recording.mp4,hh_hl_unlink_plinko_0246,goal_2,False,maybe,6153a464314342ef38c83ef9,68ffc55371128ff03ff45265,6900cf863234fd30dc27a219,2,False,5,False
17,1878,2,assets/targets/hh_hl_unlink_plinko_0393/img.jpg,assets/targets/hh_hl_unlink_plinko_0393/recording.mp4,hh_hl_unlink_plinko_0393,goal_2,False,maybe,6153a464314342ef38c83ef9,68ffc55371128ff03ff45265,6900cf863234fd30dc27a219,2,False,10,True
18,724,3,assets/targets/lh_ll_unlink_plinko_0001/img.jpg,assets/targets/lh_ll_unlink_plinko_0001/recording.mp4,lh_ll_unlink_plinko_0001,goal_1,False,NA,6153a464314342ef38c83ef9,68ffc55371128ff03ff45265,6900cf863234fd30dc27a219,1,False,0,False
19,3175,3,assets/targets/hh_hl_unlink_plinko_0269/img.jpg,assets/targets/hh_hl_unlink_plinko_0269/recording.mp4,hh_hl_unlink_plinko_0269,goal_3,False,maybe,6153a464314342ef38c83ef9,68ffc55371128ff03ff45265,6900cf863234fd30dc27a219,3,False,10,True
20,1580,2,assets/targets/lh_hh_trNM_plinko_0001/img.jpg,assets/targets/lh_hh_trNM_plinko_0001/recording.mp4,lh_hh_trNM_plinko_0001,goal_2,False,NA,6153a464314342ef38c83ef9,68ffc55371128ff03ff45265,6900cf863234fd30dc27a219,2,False,10,True
21,778,1,assets/targets/lh_hh_trNM_plinko_0002/img.jpg,assets/targets/lh_hh_trNM_plinko_0002/recording.mp4,lh_hh_trNM_plinko_0002,goal_4,False,definite,6153a464314342ef38c83ef9,68ffc55371128ff03ff45265,6900cf863234fd30dc27a219,4,False,0,False
22,2129,0,assets/targets/lh_hh_trNM_plinko_0000/img.jpg,assets/targets/lh_hh_trNM_plinko_0000/recording.mp4,lh_hh_trNM_plinko_0000,goal_0,False,definite,6153a464314342ef38c83ef9,68ffc55371128ff03ff45265,6900cf863234fd30dc27a219,0,False,10,True
23,1582,4,assets/fillers/lh_hh_trNM_plinko_0001/img.jpg,assets/fillers/lh_hh_trNM_plinko_0001/recording.mp4,lh_hh_trNM_plinko_0001,goal_4,True,NA,6153a464314342ef38c83ef9,68ffc55371128ff03ff45265,6900cf863234fd30dc27a219,4,False,10,True
24,1959,4,assets/targets/lh_hh_plinko_0003/img.jpg,assets/targets/lh_hh_plinko_0003/recording.mp4,lh_hh_plinko_0003,goal_4,False,NA,6153a464314342ef38c83ef9,68ffc55371128ff03ff45265,6900cf863234fd30dc27a219,4,False,10,True
0,8833,3,assets/fillers/lh_ll_unlink_plinko_0009/img.jpg,assets/fillers/lh_ll_unlink_plinko_0009/recording.mp4,lh_ll_unlink_plinko_0009,goal_3,True,NA,6723e1f006b4c75bc2b1f43c,68ffc55371128ff03ff45265,6900cedd47083202276ac9cd,3,False,10,True
1,5515,3,assets/fillers/lh_hh_plinko_0002/img.jpg,assets/fillers/lh_hh_plinko_0002/recording.mp4,lh_hh_plinko_0002,goal_3,True,NA,6723e1f006b4c75bc2b1f43c,68ffc55371128ff03ff45265,6900cedd47083202276ac9cd,3,False,10,True
2,6925,4,assets/fillers/lh_hh_trNM_plinko_0001/img.jpg,assets/fillers/lh_hh_trNM_plinko_0001/recording.mp4,lh_hh_trNM_plinko_0001,goal_4,True,NA,6723e1f006b4c75bc2b1f43c,68ffc55371128ff03ff45265,6900cedd47083202276ac9cd,4,False,10,True
3,4005,0,assets/targets/lh_hh_trNM_plinko_0000/img.jpg,assets/targets/lh_hh_trNM_plinko_0000/recording.mp4,lh_hh_trNM_plinko_0000,goal_0,False,definite,6723e1f006b4c75bc2b1f43c,68ffc55371128ff03ff45265,6900cedd47083202276ac9cd,0,False,10,True
4,4569,1,assets/targets/lh_ll_unlink_plinko_0001/img.jpg,assets/targets/lh_ll_unlink_plinko_0001/recording.mp4,lh_ll_unlink_plinko_0001,goal_1,False,NA,6723e1f006b4c75bc2b1f43c,68ffc55371128ff03ff45265,6900cedd47083202276ac9cd,1,False,10,True
5,4757,3,assets/fillers/lh_hh_trNM_plinko_0002/img.jpg,assets/fillers/lh_hh_trNM_plinko_0002/recording.mp4,lh_hh_trNM_plinko_0002,goal_4,True,NA,6723e1f006b4c75bc2b1f43c,68ffc55371128ff03ff45265,6900cedd47083202276ac9cd,4,False,5,False
6,11151,1,assets/targets/hh_hl_unlink_plinko_0269/img.jpg,assets/targets/hh_hl_unlink_plinko_0269/recording.mp4,hh_hl_unlink_plinko_0269,goal_3,False,maybe,6723e1f006b4c75bc2b1f43c,68ffc55371128ff03ff45265,6900cedd47083202276ac9cd,3,False,0,False
7,3750,4,assets/targets/lh_hh_trNM_plinko_0002/img.jpg,assets/targets/lh_hh_trNM_plinko_0002/recording.mp4,lh_hh_trNM_plinko_0002,goal_4,False,definite,6723e1f006b4c75bc2b1f43c,68ffc55371128ff03ff45265,6900cedd47083202276ac9cd,4,False,10,True
8,7484,1,assets/fillers/lh_hh_plinko_0001/img.jpg,assets/fillers/lh_hh_plinko_0001/recording.mp4,lh_hh_plinko_0001,goal_0,True,maybe,6723e1f006b4c75bc2b1f43c,68ffc55371128ff03ff45265,6900cedd47083202276ac9cd,0,False,5,False
9,4014,1,assets/fillers/lh_ll_unlink_plinko_0021/img.jpg,assets/fillers/lh_ll_unlink_plinko_0021/recording.mp4,lh_ll_unlink_plinko_0021,goal_1,True,definite,6723e1f006b4c75bc2b1f43c,68ffc55371128ff03ff45265,6900cedd47083202276ac9cd,1,False,10,True
10,8146,4,assets/fillers/lh_ll_unlink_plinko_0017/img.jpg,assets/fillers/lh_ll_unlink_plinko_0017/recording.mp4,lh_ll_unlink_plinko_0017,goal_3,True,NA,6723e1f006b4c75bc2b1f43c,68ffc55371128ff03ff45265,6900cedd47083202276ac9cd,3,False,5,False
11,4393,3,assets/targets/lh_ll_unlink_plinko_0000/img.jpg,assets/targets/lh_ll_unlink_plinko_0000/recording.mp4,lh_ll_unlink_plinko_0000,goal_3,False,maybe,6723e1f006b4c75bc2b1f43c,68ffc55371128ff03ff45265,6900cedd47083202276ac9cd,3,False,10,True
12,15943,1,assets/targets/hh_hl_unlink_plinko_0240/img.jpg,assets/targets/hh_hl_unlink_plinko_0240/recording.mp4,hh_hl_unlink_plinko_0240,goal_0,False,maybe,6723e1f006b4c75bc2b1f43c,68ffc55371128ff03ff45265,6900cedd47083202276ac9cd,0,False,5,False
13,4449,3,assets/targets/lh_hh_plinko_0001/img.jpg,assets/targets/lh_hh_plinko_0001/recording.mp4,lh_hh_plinko_0001,goal_3,False,NA,6723e1f006b4c75bc2b1f43c,68ffc55371128ff03ff45265,6900cedd47083202276ac9cd,3,False,10,True
14,6006,3,assets/targets/hh_hl_unlink_plinko_0246/img.jpg,assets/targets/hh_hl_unlink_plinko_0246/recording.mp4,hh_hl_unlink_plinko_0246,goal_2,False,maybe,6723e1f006b4c75bc2b1f43c,68ffc55371128ff03ff45265,6900cedd47083202276ac9cd,2,False,5,False
15,4233,0,assets/targets/hh_hl_unlink_plinko_0393/img.jpg,assets/targets/hh_hl_unlink_plinko_0393/recording.mp4,hh_hl_unlink_plinko_0393,goal_2,False,maybe,6723e1f006b4c75bc2b1f43c,68ffc55371128ff03ff45265,6900cedd47083202276ac9cd,2,False,0,False
16,4704,2,assets/targets/lh_hh_trNM_plinko_0001/img.jpg,assets/targets/lh_hh_trNM_plinko_0001/recording.mp4,lh_hh_trNM_plinko_0001,goal_2,False,NA,6723e1f006b4c75bc2b1f43c,68ffc55371128ff03ff45265,6900cedd47083202276ac9cd,2,False,10,True
17,6040,1,assets/targets/lh_ll_unlink_plinko_0002/img.jpg,assets/targets/lh_ll_unlink_plinko_0002/recording.mp4,lh_ll_unlink_plinko_0002,goal_1,False,NA,6723e1f006b4c75bc2b1f43c,68ffc55371128ff03ff45265,6900cedd47083202276ac9cd,1,False,10,True
18,5773,4,assets/targets/lh_hh_plinko_0003/img.jpg,assets/targets/lh_hh_plinko_0003/recording.mp4,lh_hh_plinko_0003,goal_4,False,NA,6723e1f006b4c75bc2b1f43c,68ffc55371128ff03ff45265,6900cedd47083202276ac9cd,4,False,10,True
19,7883,2,assets/fillers/catch/img.jpg,assets/fillers/catch/recording.mp4,catch,goal_2,True,NA,6723e1f006b4c75bc2b1f43c,68ffc55371128ff03ff45265,6900cedd47083202276ac9cd,2,False,10,True
20,7027,3,assets/fillers/lh_ll_unlink_plinko_0011/img.jpg,assets/fillers/lh_ll_unlink_plinko_0011/recording.mp4,lh_ll_unlink_plinko_0011,goal_3,True,NA,6723e1f006b4c75bc2b1f43c,68ffc55371128ff03ff45265,6900cedd47083202276ac9cd,3,False,10,True
21,4206,2,assets/targets/lh_hh_plinko_0002/img.jpg,assets/targets/lh_hh_plinko_0002/recording.mp4,lh_hh_plinko_0002,goal_2,False,definite,6723e1f006b4c75bc2b1f43c,68ffc55371128ff03ff45265,6900cedd47083202276ac9cd,2,False,10,True
22,6824,1,assets/targets/hh_hl_unlink_plinko_0202/img.jpg,assets/targets/hh_hl_unlink_plinko_0202/recording.mp4,hh_hl_unlink_plinko_0202,goal_0,False,maybe,6723e1f006b4c75bc2b1f43c,68ffc55371128ff03ff45265,6900cedd47083202276ac9cd,0,False,5,False
23,9307,4,assets/fillers/lh_hh_plinko_0000/img.jpg,assets/fillers/lh_hh_plinko_0000/recording.mp4,lh_hh_plinko_0000,goal_4,True,maybe,6723e1f006b4c75bc2b1f43c,68ffc55371128ff03ff45265,6900cedd47083202276ac9cd,4,False,10,True
24,5485,0,assets/targets/lh_hh_plinko_0000/img.jpg,assets/targets/lh_hh_plinko_0000/recording.mp4,lh_hh_plinko_0000,goal_0,False,NA,6723e1f006b4c75bc2b1f43c,68ffc55371128ff03ff45265,6900cedd47083202276ac9cd,0,False,10,True
0,6324,3,assets/fillers/lh_hh_trNM_plinko_0002/img.jpg,assets/fillers/lh_hh_trNM_plinko_0002/recording.mp4,lh_hh_trNM_plinko_0002,goal_4,True,NA,5bab56483b5e93000195a1af,68ffc55371128ff03ff45265,6900cdd85ede5d77a65a4ba9,4,False,5,False
1,3461,0,assets/fillers/lh_ll_unlink_plinko_0021/img.jpg,assets/fillers/lh_ll_unlink_plinko_0021/recording.mp4,lh_ll_unlink_plinko_0021,goal_1,True,definite,5bab56483b5e93000195a1af,68ffc55371128ff03ff45265,6900cdd85ede5d77a65a4ba9,1,False,5,False
2,5372,3,assets/fillers/lh_hh_trNM_plinko_0001/img.jpg,assets/fillers/lh_hh_trNM_plinko_0001/recording.mp4,lh_hh_trNM_plinko_0001,goal_4,True,NA,5bab56483b5e93000195a1af,68ffc55371128ff03ff45265,6900cdd85ede5d77a65a4ba9,4,False,5,False
3,5025,3,assets/fillers/lh_ll_unlink_plinko_0011/img.jpg,assets/fillers/lh_ll_unlink_plinko_0011/recording.mp4,lh_ll_unlink_plinko_0011,goal_3,True,NA,5bab56483b5e93000195a1af,68ffc55371128ff03ff45265,6900cdd85ede5d77a65a4ba9,3,False,10,True
4,10374,3,assets/fillers/lh_hh_plinko_0000/img.jpg,assets/fillers/lh_hh_plinko_0000/recording.mp4,lh_hh_plinko_0000,goal_4,True,maybe,5bab56483b5e93000195a1af,68ffc55371128ff03ff45265,6900cdd85ede5d77a65a4ba9,4,False,5,False
5,46937,3,assets/targets/lh_hh_plinko_0001/img.jpg,assets/targets/lh_hh_plinko_0001/recording.mp4,lh_hh_plinko_0001,goal_3,False,NA,5bab56483b5e93000195a1af,68ffc55371128ff03ff45265,6900cdd85ede5d77a65a4ba9,3,False,10,True
6,3649,3,assets/fillers/lh_ll_unlink_plinko_0017/img.jpg,assets/fillers/lh_ll_unlink_plinko_0017/recording.mp4,lh_ll_unlink_plinko_0017,goal_3,True,NA,5bab56483b5e93000195a1af,68ffc55371128ff03ff45265,6900cdd85ede5d77a65a4ba9,3,False,10,True
7,2263,4,assets/targets/lh_hh_plinko_0003/img.jpg,assets/targets/lh_hh_plinko_0003/recording.mp4,lh_hh_plinko_0003,goal_4,False,NA,5bab56483b5e93000195a1af,68ffc55371128ff03ff45265,6900cdd85ede5d77a65a4ba9,4,False,10,True
8,4593,4,assets/targets/hh_hl_unlink_plinko_0240/img.jpg,assets/targets/hh_hl_unlink_plinko_0240/recording.mp4,hh_hl_unlink_plinko_0240,goal_0,False,maybe,5bab56483b5e93000195a1af,68ffc55371128ff03ff45265,6900cdd85ede5d77a65a4ba9,0,False,0,False
9,2509,4,assets/targets/lh_hh_trNM_plinko_0002/img.jpg,assets/targets/lh_hh_trNM_plinko_0002/recording.mp4,lh_hh_trNM_plinko_0002,goal_4,False,definite,5bab56483b5e93000195a1af,68ffc55371128ff03ff45265,6900cdd85ede5d77a65a4ba9,4,False,10,True
10,4471,3,assets/targets/hh_hl_unlink_plinko_0269/img.jpg,assets/targets/hh_hl_unlink_plinko_0269/recording.mp4,hh_hl_unlink_plinko_0269,goal_3,False,maybe,5bab56483b5e93000195a1af,68ffc55371128ff03ff45265,6900cdd85ede5d77a65a4ba9,3,False,10,True
11,3447,3,assets/fillers/lh_ll_unlink_plinko_0009/img.jpg,assets/fillers/lh_ll_unlink_plinko_0009/recording.mp4,lh_ll_unlink_plinko_0009,goal_3,True,NA,5bab56483b5e93000195a1af,68ffc55371128ff03ff45265,6900cdd85ede5d77a65a4ba9,3,False,10,True
12,4403,0,assets/fillers/lh_hh_plinko_0001/img.jpg,assets/fillers/lh_hh_plinko_0001/recording.mp4,lh_hh_plinko_0001,goal_0,True,maybe,5bab56483b5e93000195a1af,68ffc55371128ff03ff45265,6900cdd85ede5d77a65a4ba9,0,False,10,True
13,1877,2,assets/fillers/catch/img.jpg,assets/fillers/catch/recording.mp4,catch,goal_2,True,NA,5bab56483b5e93000195a1af,68ffc55371128ff03ff45265,6900cdd85ede5d77a65a4ba9,2,False,10,True
14,6585,2,assets/targets/lh_hh_plinko_0002/img.jpg,assets/targets/lh_hh_plinko_0002/recording.mp4,lh_hh_plinko_0002,goal_2,False,definite,5bab56483b5e93000195a1af,68ffc55371128ff03ff45265,6900cdd85ede5d77a65a4ba9,2,False,10,True
15,3185,1,assets/targets/lh_ll_unlink_plinko_0001/img.jpg,assets/targets/lh_ll_unlink_plinko_0001/recording.mp4,lh_ll_unlink_plinko_0001,goal_1,False,NA,5bab56483b5e93000195a1af,68ffc55371128ff03ff45265,6900cdd85ede5d77a65a4ba9,1,False,10,True
16,1707,2,assets/targets/lh_hh_trNM_plinko_0001/img.jpg,assets/targets/lh_hh_trNM_plinko_0001/recording.mp4,lh_hh_trNM_plinko_0001,goal_2,False,NA,5bab56483b5e93000195a1af,68ffc55371128ff03ff45265,6900cdd85ede5d77a65a4ba9,2,False,10,True
17,2952,0,assets/targets/lh_hh_plinko_0000/img.jpg,assets/targets/lh_hh_plinko_0000/recording.mp4,lh_hh_plinko_0000,goal_0,False,NA,5bab56483b5e93000195a1af,68ffc55371128ff03ff45265,6900cdd85ede5d77a65a4ba9,0,False,10,True
18,8289,3,assets/targets/hh_hl_unlink_plinko_0246/img.jpg,assets/targets/hh_hl_unlink_plinko_0246/recording.mp4,hh_hl_unlink_plinko_0246,goal_2,False,maybe,5bab56483b5e93000195a1af,68ffc55371128ff03ff45265,6900cdd85ede5d77a65a4ba9,2,False,5,False
19,5540,0,assets/targets/hh_hl_unlink_plinko_0393/img.jpg,assets/targets/hh_hl_unlink_plinko_0393/recording.mp4,hh_hl_unlink_plinko_0393,goal_2,False,maybe,5bab56483b5e93000195a1af,68ffc55371128ff03ff45265,6900cdd85ede5d77a65a4ba9,2,False,0,False
20,6994,3,assets/fillers/lh_hh_plinko_0002/img.jpg,assets/fillers/lh_hh_plinko_0002/recording.mp4,lh_hh_plinko_0002,goal_3,True,NA,5bab56483b5e93000195a1af,68ffc55371128ff03ff45265,6900cdd85ede5d77a65a4ba9,3,False,10,True
21,2114,1,assets/targets/lh_ll_unlink_plinko_0002/img.jpg,assets/targets/lh_ll_unlink_plinko_0002/recording.mp4,lh_ll_unlink_plinko_0002,goal_1,False,NA,5bab56483b5e93000195a1af,68ffc55371128ff03ff45265,6900cdd85ede5d77a65a4ba9,1,False,10,True
22,2585,2,assets/targets/hh_hl_unlink_plinko_0202/img.jpg,assets/targets/hh_hl_unlink_plinko_0202/recording.mp4,hh_hl_unlink_plinko_0202,goal_0,False,maybe,5bab56483b5e93000195a1af,68ffc55371128ff03ff45265,6900cdd85ede5d77a65a4ba9,0,False,0,False
23,2829,3,assets/targets/lh_ll_unlink_plinko_0000/img.jpg,assets/targets/lh_ll_unlink_plinko_0000/recording.mp4,lh_ll_unlink_plinko_0000,goal_3,False,maybe,5bab56483b5e93000195a1af,68ffc55371128ff03ff45265,6900cdd85ede5d77a65a4ba9,3,False,10,True
24,10922,0,assets/targets/lh_hh_trNM_plinko_0000/img.jpg,assets/targets/lh_hh_trNM_plinko_0000/recording.mp4,lh_hh_trNM_plinko_0000,goal_0,False,definite,5bab56483b5e93000195a1af,68ffc55371128ff03ff45265,6900cdd85ede5d77a65a4ba9,0,False,10,True
0,8882,0,assets/fillers/lh_ll_unlink_plinko_0021/img.jpg,assets/fillers/lh_ll_unlink_plinko_0021/recording.mp4,lh_ll_unlink_plinko_0021,goal_1,True,definite,5a2ac13f8e00a0000198649a,68ffc55371128ff03ff45265,6900cb3dc7b6c2e3de3911db,1,False,5,False
1,6990,1,assets/fillers/lh_hh_trNM_plinko_0002/img.jpg,assets/fillers/lh_hh_trNM_plinko_0002/recording.mp4,lh_hh_trNM_plinko_0002,goal_4,True,NA,5a2ac13f8e00a0000198649a,68ffc55371128ff03ff45265,6900cb3dc7b6c2e3de3911db,4,False,0,False
2,5927,1,assets/fillers/lh_ll_unlink_plinko_0017/img.jpg,assets/fillers/lh_ll_unlink_plinko_0017/recording.mp4,lh_ll_unlink_plinko_0017,goal_3,True,NA,5a2ac13f8e00a0000198649a,68ffc55371128ff03ff45265,6900cb3dc7b6c2e3de3911db,3,False,0,False
3,6021,3,assets/targets/hh_hl_unlink_plinko_0202/img.jpg,assets/targets/hh_hl_unlink_plinko_0202/recording.mp4,hh_hl_unlink_plinko_0202,goal_0,False,maybe,5a2ac13f8e00a0000198649a,68ffc55371128ff03ff45265,6900cb3dc7b6c2e3de3911db,0,False,0,False
4,6022,0,assets/fillers/lh_hh_plinko_0001/img.jpg,assets/fillers/lh_hh_plinko_0001/recording.mp4,lh_hh_plinko_0001,goal_0,True,maybe,5a2ac13f8e00a0000198649a,68ffc55371128ff03ff45265,6900cb3dc7b6c2e3de3911db,0,False,10,True
5,5385,3,assets/fillers/lh_ll_unlink_plinko_0011/img.jpg,assets/fillers/lh_ll_unlink_plinko_0011/recording.mp4,lh_ll_unlink_plinko_0011,goal_3,True,NA,5a2ac13f8e00a0000198649a,68ffc55371128ff03ff45265,6900cb3dc7b6c2e3de3911db,3,False,10,True
6,5225,3,assets/targets/lh_hh_plinko_0001/img.jpg,assets/targets/lh_hh_plinko_0001/recording.mp4,lh_hh_plinko_0001,goal_3,False,NA,5a2ac13f8e00a0000198649a,68ffc55371128ff03ff45265,6900cb3dc7b6c2e3de3911db,3,False,10,True
7,8523,2,assets/targets/lh_hh_plinko_0002/img.jpg,assets/targets/lh_hh_plinko_0002/recording.mp4,lh_hh_plinko_0002,goal_2,False,definite,5a2ac13f8e00a0000198649a,68ffc55371128ff03ff45265,6900cb3dc7b6c2e3de3911db,2,False,10,True
8,8865,2,assets/targets/hh_hl_unlink_plinko_0269/img.jpg,assets/targets/hh_hl_unlink_plinko_0269/recording.mp4,hh_hl_unlink_plinko_0269,goal_3,False,maybe,5a2ac13f8e00a0000198649a,68ffc55371128ff03ff45265,6900cb3dc7b6c2e3de3911db,3,False,5,False
9,10496,3,assets/targets/lh_hh_trNM_plinko_0000/img.jpg,assets/targets/lh_hh_trNM_plinko_0000/recording.mp4,lh_hh_trNM_plinko_0000,goal_0,False,definite,5a2ac13f8e00a0000198649a,68ffc55371128ff03ff45265,6900cb3dc7b6c2e3de3911db,0,False,0,False
10,6400,3,assets/targets/lh_ll_unlink_plinko_0000/img.jpg,assets/targets/lh_ll_unlink_plinko_0000/recording.mp4,lh_ll_unlink_plinko_0000,goal_3,False,maybe,5a2ac13f8e00a0000198649a,68ffc55371128ff03ff45265,6900cb3dc7b6c2e3de3911db,3,False,10,True
11,11440,2,assets/fillers/lh_hh_plinko_0000/img.jpg,assets/fillers/lh_hh_plinko_0000/recording.mp4,lh_hh_plinko_0000,goal_4,True,maybe,5a2ac13f8e00a0000198649a,68ffc55371128ff03ff45265,6900cb3dc7b6c2e3de3911db,4,False,0,False
12,8102,4,assets/targets/hh_hl_unlink_plinko_0246/img.jpg,assets/targets/hh_hl_unlink_plinko_0246/recording.mp4,hh_hl_unlink_plinko_0246,goal_2,False,maybe,5a2ac13f8e00a0000198649a,68ffc55371128ff03ff45265,6900cb3dc7b6c2e3de3911db,2,False,0,False
13,4479,1,assets/targets/lh_ll_unlink_plinko_0001/img.jpg,assets/targets/lh_ll_unlink_plinko_0001/recording.mp4,lh_ll_unlink_plinko_0001,goal_1,False,NA,5a2ac13f8e00a0000198649a,68ffc55371128ff03ff45265,6900cb3dc7b6c2e3de3911db,1,False,10,True
14,15192,4,assets/targets/lh_hh_plinko_0003/img.jpg,assets/targets/lh_hh_plinko_0003/recording.mp4,lh_hh_plinko_0003,goal_4,False,NA,5a2ac13f8e00a0000198649a,68ffc55371128ff03ff45265,6900cb3dc7b6c2e3de3911db,4,False,10,True
15,17716,3,assets/targets/lh_hh_trNM_plinko_0001/img.jpg,assets/targets/lh_hh_trNM_plinko_0001/recording.mp4,lh_hh_trNM_plinko_0001,goal_2,False,NA,5a2ac13f8e00a0000198649a,68ffc55371128ff03ff45265,6900cb3dc7b6c2e3de3911db,2,False,5,False
16,12403,0,assets/targets/lh_hh_plinko_0000/img.jpg,assets/targets/lh_hh_plinko_0000/recording.mp4,lh_hh_plinko_0000,goal_0,False,NA,5a2ac13f8e00a0000198649a,68ffc55371128ff03ff45265,6900cb3dc7b6c2e3de3911db,0,False,10,True
17,6740,4,assets/targets/lh_hh_trNM_plinko_0002/img.jpg,assets/targets/lh_hh_trNM_plinko_0002/recording.mp4,lh_hh_trNM_plinko_0002,goal_4,False,definite,5a2ac13f8e00a0000198649a,68ffc55371128ff03ff45265,6900cb3dc7b6c2e3de3911db,4,False,10,True
18,11180,3,assets/fillers/lh_hh_trNM_plinko_0001/img.jpg,assets/fillers/lh_hh_trNM_plinko_0001/recording.mp4,lh_hh_trNM_plinko_0001,goal_4,True,NA,5a2ac13f8e00a0000198649a,68ffc55371128ff03ff45265,6900cb3dc7b6c2e3de3911db,4,False,5,False
19,9091,2,assets/fillers/catch/img.jpg,assets/fillers/catch/recording.mp4,catch,goal_2,True,NA,5a2ac13f8e00a0000198649a,68ffc55371128ff03ff45265,6900cb3dc7b6c2e3de3911db,2,False,10,True
20,18723,3,assets/fillers/lh_ll_unlink_plinko_0009/img.jpg,assets/fillers/lh_ll_unlink_plinko_0009/recording.mp4,lh_ll_unlink_plinko_0009,goal_3,True,NA,5a2ac13f8e00a0000198649a,68ffc55371128ff03ff45265,6900cb3dc7b6c2e3de3911db,3,False,10,True
21,5314,1,assets/targets/lh_ll_unlink_plinko_0002/img.jpg,assets/targets/lh_ll_unlink_plinko_0002/recording.mp4,lh_ll_unlink_plinko_0002,goal_1,False,NA,5a2ac13f8e00a0000198649a,68ffc55371128ff03ff45265,6900cb3dc7b6c2e3de3911db,1,False,10,True
22,21252,4,assets/targets/hh_hl_unlink_plinko_0393/img.jpg,assets/targets/hh_hl_unlink_plinko_0393/recording.mp4,hh_hl_unlink_plinko_0393,goal_2,False,maybe,5a2ac13f8e00a0000198649a,68ffc55371128ff03ff45265,6900cb3dc7b6c2e3de3911db,2,False,0,False
23,5675,0,assets/fillers/lh_hh_plinko_0002/img.jpg,assets/fillers/lh_hh_plinko_0002/recording.mp4,lh_hh_plinko_0002,goal_3,True,NA,5a2ac13f8e00a0000198649a,68ffc55371128ff03ff45265,6900cb3dc7b6c2e3de3911db,3,False,0,False
24,11068,4,assets/targets/hh_hl_unlink_plinko_0240/img.jpg,assets/targets/hh_hl_unlink_plinko_0240/recording.mp4,hh_hl_unlink_plinko_0240,goal_0,False,maybe,5a2ac13f8e00a0000198649a,68ffc55371128ff03ff45265,6900cb3dc7b6c2e3de3911db,0,False,0,False
0,14862,3,assets/fillers/lh_hh_trNM_plinko_0001/img.jpg,assets/fillers/lh_hh_trNM_plinko_0001/recording.mp4,lh_hh_trNM_plinko_0001,goal_4,True,NA,63e69728da28e991114aad46,68ffc55371128ff03ff45265,6900cef1f0c29dac9f9cfefe,4,False,5,False
1,12061,4,assets/fillers/lh_hh_plinko_0000/img.jpg,assets/fillers/lh_hh_plinko_0000/recording.mp4,lh_hh_plinko_0000,goal_4,True,maybe,63e69728da28e991114aad46,68ffc55371128ff03ff45265,6900cef1f0c29dac9f9cfefe,4,False,10,True
2,8724,1,assets/fillers/lh_hh_plinko_0001/img.jpg,assets/fillers/lh_hh_plinko_0001/recording.mp4,lh_hh_plinko_0001,goal_0,True,maybe,63e69728da28e991114aad46,68ffc55371128ff03ff45265,6900cef1f0c29dac9f9cfefe,0,False,5,False
3,5667,2,assets/fillers/lh_ll_unlink_plinko_0009/img.jpg,assets/fillers/lh_ll_unlink_plinko_0009/recording.mp4,lh_ll_unlink_plinko_0009,goal_3,True,NA,63e69728da28e991114aad46,68ffc55371128ff03ff45265,6900cef1f0c29dac9f9cfefe,3,False,5,False
4,6697,4,assets/targets/lh_hh_plinko_0003/img.jpg,assets/targets/lh_hh_plinko_0003/recording.mp4,lh_hh_plinko_0003,goal_4,False,NA,63e69728da28e991114aad46,68ffc55371128ff03ff45265,6900cef1f0c29dac9f9cfefe,4,False,10,True
5,11638,2,assets/fillers/lh_ll_unlink_plinko_0021/img.jpg,assets/fillers/lh_ll_unlink_plinko_0021/recording.mp4,lh_ll_unlink_plinko_0021,goal_1,True,definite,63e69728da28e991114aad46,68ffc55371128ff03ff45265,6900cef1f0c29dac9f9cfefe,1,False,5,False
6,7127,2,assets/targets/hh_hl_unlink_plinko_0202/img.jpg,assets/targets/hh_hl_unlink_plinko_0202/recording.mp4,hh_hl_unlink_plinko_0202,goal_0,False,maybe,63e69728da28e991114aad46,68ffc55371128ff03ff45265,6900cef1f0c29dac9f9cfefe,0,False,0,False
7,28109,1,assets/fillers/lh_ll_unlink_plinko_0011/img.jpg,assets/fillers/lh_ll_unlink_plinko_0011/recording.mp4,lh_ll_unlink_plinko_0011,goal_3,True,NA,63e69728da28e991114aad46,68ffc55371128ff03ff45265,6900cef1f0c29dac9f9cfefe,3,False,0,False
8,5154,0,assets/targets/lh_hh_trNM_plinko_0000/img.jpg,assets/targets/lh_hh_trNM_plinko_0000/recording.mp4,lh_hh_trNM_plinko_0000,goal_0,False,definite,63e69728da28e991114aad46,68ffc55371128ff03ff45265,6900cef1f0c29dac9f9cfefe,0,False,10,True
9,5075,3,assets/targets/lh_hh_plinko_0001/img.jpg,assets/targets/lh_hh_plinko_0001/recording.mp4,lh_hh_plinko_0001,goal_3,False,NA,63e69728da28e991114aad46,68ffc55371128ff03ff45265,6900cef1f0c29dac9f9cfefe,3,False,10,True
10,26809,1,assets/fillers/lh_ll_unlink_plinko_0017/img.jpg,assets/fillers/lh_ll_unlink_plinko_0017/recording.mp4,lh_ll_unlink_plinko_0017,goal_3,True,NA,63e69728da28e991114aad46,68ffc55371128ff03ff45265,6900cef1f0c29dac9f9cfefe,3,False,0,False
11,10812,2,assets/targets/lh_hh_plinko_0002/img.jpg,assets/targets/lh_hh_plinko_0002/recording.mp4,lh_hh_plinko_0002,goal_2,False,definite,63e69728da28e991114aad46,68ffc55371128ff03ff45265,6900cef1f0c29dac9f9cfefe,2,False,10,True
12,8216,0,assets/fillers/lh_hh_plinko_0002/img.jpg,assets/fillers/lh_hh_plinko_0002/recording.mp4,lh_hh_plinko_0002,goal_3,True,NA,63e69728da28e991114aad46,68ffc55371128ff03ff45265,6900cef1f0c29dac9f9cfefe,3,False,0,False
13,7136,1,assets/targets/lh_ll_unlink_plinko_0002/img.jpg,assets/targets/lh_ll_unlink_plinko_0002/recording.mp4,lh_ll_unlink_plinko_0002,goal_1,False,NA,63e69728da28e991114aad46,68ffc55371128ff03ff45265,6900cef1f0c29dac9f9cfefe,1,False,10,True
14,7129,4,assets/targets/hh_hl_unlink_plinko_0240/img.jpg,assets/targets/hh_hl_unlink_plinko_0240/recording.mp4,hh_hl_unlink_plinko_0240,goal_0,False,maybe,63e69728da28e991114aad46,68ffc55371128ff03ff45265,6900cef1f0c29dac9f9cfefe,0,False,0,False
15,10043,1,assets/targets/lh_ll_unlink_plinko_0001/img.jpg,assets/targets/lh_ll_unlink_plinko_0001/recording.mp4,lh_ll_unlink_plinko_0001,goal_1,False,NA,63e69728da28e991114aad46,68ffc55371128ff03ff45265,6900cef1f0c29dac9f9cfefe,1,False,10,True
16,9868,0,assets/targets/lh_hh_plinko_0000/img.jpg,assets/targets/lh_hh_plinko_0000/recording.mp4,lh_hh_plinko_0000,goal_0,False,NA,63e69728da28e991114aad46,68ffc55371128ff03ff45265,6900cef1f0c29dac9f9cfefe,0,False,10,True
17,9064,2,assets/targets/lh_hh_trNM_plinko_0001/img.jpg,assets/targets/lh_hh_trNM_plinko_0001/recording.mp4,lh_hh_trNM_plinko_0001,goal_2,False,NA,63e69728da28e991114aad46,68ffc55371128ff03ff45265,6900cef1f0c29dac9f9cfefe,2,False,10,True
18,14703,3,assets/fillers/lh_hh_trNM_plinko_0002/img.jpg,assets/fillers/lh_hh_trNM_plinko_0002/recording.mp4,lh_hh_trNM_plinko_0002,goal_4,True,NA,63e69728da28e991114aad46,68ffc55371128ff03ff45265,6900cef1f0c29dac9f9cfefe,4,False,5,False
19,3454,2,assets/fillers/catch/img.jpg,assets/fillers/catch/recording.mp4,catch,goal_2,True,NA,63e69728da28e991114aad46,68ffc55371128ff03ff45265,6900cef1f0c29dac9f9cfefe,2,False,10,True
20,9671,0,assets/targets/hh_hl_unlink_plinko_0269/img.jpg,assets/targets/hh_hl_unlink_plinko_0269/recording.mp4,hh_hl_unlink_plinko_0269,goal_3,False,maybe,63e69728da28e991114aad46,68ffc55371128ff03ff45265,6900cef1f0c29dac9f9cfefe,3,False,0,False
21,12903,4,assets/targets/hh_hl_unlink_plinko_0393/img.jpg,assets/targets/hh_hl_unlink_plinko_0393/recording.mp4,hh_hl_unlink_plinko_0393,goal_2,False,maybe,63e69728da28e991114aad46,68ffc55371128ff03ff45265,6900cef1f0c29dac9f9cfefe,2,False,0,False
22,7304,3,assets/targets/lh_ll_unlink_plinko_0000/img.jpg,assets/targets/lh_ll_unlink_plinko_0000/recording.mp4,lh_ll_unlink_plinko_0000,goal_3,False,maybe,63e69728da28e991114aad46,68ffc55371128ff03ff45265,6900cef1f0c29dac9f9cfefe,3,False,10,True
23,13501,2,assets/targets/hh_hl_unlink_plinko_0246/img.jpg,assets/targets/hh_hl_unlink_plinko_0246/recording.mp4,hh_hl_unlink_plinko_0246,goal_2,False,maybe,63e69728da28e991114aad46,68ffc55371128ff03ff45265,6900cef1f0c29dac9f9cfefe,2,False,10,True
24,5957,4,assets/targets/lh_hh_trNM_plinko_0002/img.jpg,assets/targets/lh_hh_trNM_plinko_0002/recording.mp4,lh_hh_trNM_plinko_0002,goal_4,False,definite,63e69728da28e991114aad46,68ffc55371128ff03ff45265,6900cef1f0c29dac9f9cfefe,4,False,10,True
0,9669,2,assets/fillers/lh_hh_trNM_plinko_0001/img.jpg,assets/fillers/lh_hh_trNM_plinko_0001/recording.mp4,lh_hh_trNM_plinko_0001,goal_4,True,NA,672e399c5b4664b34afd23bf,68ffc55371128ff03ff45265,6900cf77ce09bb96fd7b67ae,4,False,0,False
1,5642,0,assets/fillers/lh_hh_plinko_0002/img.jpg,assets/fillers/lh_hh_plinko_0002/recording.mp4,lh_hh_plinko_0002,goal_3,True,NA,672e399c5b4664b34afd23bf,68ffc55371128ff03ff45265,6900cf77ce09bb96fd7b67ae,3,False,0,False
2,5899,1,assets/fillers/lh_hh_plinko_0001/img.jpg,assets/fillers/lh_hh_plinko_0001/recording.mp4,lh_hh_plinko_0001,goal_0,True,maybe,672e399c5b4664b34afd23bf,68ffc55371128ff03ff45265,6900cf77ce09bb96fd7b67ae,0,False,5,False
3,5239,3,assets/fillers/lh_ll_unlink_plinko_0017/img.jpg,assets/fillers/lh_ll_unlink_plinko_0017/recording.mp4,lh_ll_unlink_plinko_0017,goal_3,True,NA,672e399c5b4664b34afd23bf,68ffc55371128ff03ff45265,6900cf77ce09bb96fd7b67ae,3,False,10,True
4,3426,1,assets/targets/lh_ll_unlink_plinko_0002/img.jpg,assets/targets/lh_ll_unlink_plinko_0002/recording.mp4,lh_ll_unlink_plinko_0002,goal_1,False,NA,672e399c5b4664b34afd23bf,68ffc55371128ff03ff45265,6900cf77ce09bb96fd7b67ae,1,False,10,True
5,6601,2,assets/targets/hh_hl_unlink_plinko_0246/img.jpg,assets/targets/hh_hl_unlink_plinko_0246/recording.mp4,hh_hl_unlink_plinko_0246,goal_2,False,maybe,672e399c5b4664b34afd23bf,68ffc55371128ff03ff45265,6900cf77ce09bb96fd7b67ae,2,False,10,True
6,6714,0,assets/targets/lh_hh_plinko_0000/img.jpg,assets/targets/lh_hh_plinko_0000/recording.mp4,lh_hh_plinko_0000,goal_0,False,NA,672e399c5b4664b34afd23bf,68ffc55371128ff03ff45265,6900cf77ce09bb96fd7b67ae,0,False,10,True
7,5005,0,assets/targets/lh_hh_trNM_plinko_0000/img.jpg,assets/targets/lh_hh_trNM_plinko_0000/recording.mp4,lh_hh_trNM_plinko_0000,goal_0,False,definite,672e399c5b4664b34afd23bf,68ffc55371128ff03ff45265,6900cf77ce09bb96fd7b67ae,0,False,10,True
8,7371,3,assets/targets/hh_hl_unlink_plinko_0269/img.jpg,assets/targets/hh_hl_unlink_plinko_0269/recording.mp4,hh_hl_unlink_plinko_0269,goal_3,False,maybe,672e399c5b4664b34afd23bf,68ffc55371128ff03ff45265,6900cf77ce09bb96fd7b67ae,3,False,10,True
9,8633,0,assets/targets/hh_hl_unlink_plinko_0202/img.jpg,assets/targets/hh_hl_unlink_plinko_0202/recording.mp4,hh_hl_unlink_plinko_0202,goal_0,False,maybe,672e399c5b4664b34afd23bf,68ffc55371128ff03ff45265,6900cf77ce09bb96fd7b67ae,0,False,10,True
10,4160,2,assets/targets/hh_hl_unlink_plinko_0393/img.jpg,assets/targets/hh_hl_unlink_plinko_0393/recording.mp4,hh_hl_unlink_plinko_0393,goal_2,False,maybe,672e399c5b4664b34afd23bf,68ffc55371128ff03ff45265,6900cf77ce09bb96fd7b67ae,2,False,10,True
11,6999,0,assets/targets/hh_hl_unlink_plinko_0240/img.jpg,assets/targets/hh_hl_unlink_plinko_0240/recording.mp4,hh_hl_unlink_plinko_0240,goal_0,False,maybe,672e399c5b4664b34afd23bf,68ffc55371128ff03ff45265,6900cf77ce09bb96fd7b67ae,0,False,10,True
12,8198,2,assets/targets/lh_hh_trNM_plinko_0001/img.jpg,assets/targets/lh_hh_trNM_plinko_0001/recording.mp4,lh_hh_trNM_plinko_0001,goal_2,False,NA,672e399c5b4664b34afd23bf,68ffc55371128ff03ff45265,6900cf77ce09bb96fd7b67ae,2,False,10,True
13,5267,3,assets/targets/lh_ll_unlink_plinko_0000/img.jpg,assets/targets/lh_ll_unlink_plinko_0000/recording.mp4,lh_ll_unlink_plinko_0000,goal_3,False,maybe,672e399c5b4664b34afd23bf,68ffc55371128ff03ff45265,6900cf77ce09bb96fd7b67ae,3,False,10,True
14,3709,1,assets/fillers/lh_ll_unlink_plinko_0021/img.jpg,assets/fillers/lh_ll_unlink_plinko_0021/recording.mp4,lh_ll_unlink_plinko_0021,goal_1,True,definite,672e399c5b4664b34afd23bf,68ffc55371128ff03ff45265,6900cf77ce09bb96fd7b67ae,1,False,10,True
15,3109,2,assets/fillers/catch/img.jpg,assets/fillers/catch/recording.mp4,catch,goal_2,True,NA,672e399c5b4664b34afd23bf,68ffc55371128ff03ff45265,6900cf77ce09bb96fd7b67ae,2,False,10,True
16,8066,2,assets/targets/lh_hh_plinko_0002/img.jpg,assets/targets/lh_hh_plinko_0002/recording.mp4,lh_hh_plinko_0002,goal_2,False,definite,672e399c5b4664b34afd23bf,68ffc55371128ff03ff45265,6900cf77ce09bb96fd7b67ae,2,False,10,True
17,8912,4,assets/fillers/lh_hh_plinko_0000/img.jpg,assets/fillers/lh_hh_plinko_0000/recording.mp4,lh_hh_plinko_0000,goal_4,True,maybe,672e399c5b4664b34afd23bf,68ffc55371128ff03ff45265,6900cf77ce09bb96fd7b67ae,4,False,10,True
18,4425,2,assets/fillers/lh_ll_unlink_plinko_0011/img.jpg,assets/fillers/lh_ll_unlink_plinko_0011/recording.mp4,lh_ll_unlink_plinko_0011,goal_3,True,NA,672e399c5b4664b34afd23bf,68ffc55371128ff03ff45265,6900cf77ce09bb96fd7b67ae,3,False,5,False
19,3099,4,assets/targets/lh_hh_trNM_plinko_0002/img.jpg,assets/targets/lh_hh_trNM_plinko_0002/recording.mp4,lh_hh_trNM_plinko_0002,goal_4,False,definite,672e399c5b4664b34afd23bf,68ffc55371128ff03ff45265,6900cf77ce09bb96fd7b67ae,4,False,10,True
20,3226,1,assets/targets/lh_ll_unlink_plinko_0001/img.jpg,assets/targets/lh_ll_unlink_plinko_0001/recording.mp4,lh_ll_unlink_plinko_0001,goal_1,False,NA,672e399c5b4664b34afd23bf,68ffc55371128ff03ff45265,6900cf77ce09bb96fd7b67ae,1,False,10,True
21,2939,3,assets/targets/lh_hh_plinko_0001/img.jpg,assets/targets/lh_hh_plinko_0001/recording.mp4,lh_hh_plinko_0001,goal_3,False,NA,672e399c5b4664b34afd23bf,68ffc55371128ff03ff45265,6900cf77ce09bb96fd7b67ae,3,False,10,True
22,17580,3,assets/fillers/lh_ll_unlink_plinko_0009/img.jpg,assets/fillers/lh_ll_unlink_plinko_0009/recording.mp4,lh_ll_unlink_plinko_0009,goal_3,True,NA,672e399c5b4664b34afd23bf,68ffc55371128ff03ff45265,6900cf77ce09bb96fd7b67ae,3,False,10,True
23,3698,3,assets/fillers/lh_hh_trNM_plinko_0002/img.jpg,assets/fillers/lh_hh_trNM_plinko_0002/recording.mp4,lh_hh_trNM_plinko_0002,goal_4,True,NA,672e399c5b4664b34afd23bf,68ffc55371128ff03ff45265,6900cf77ce09bb96fd7b67ae,4,False,5,False
24,4268,4,assets/targets/lh_hh_plinko_0003/img.jpg,assets/targets/lh_hh_plinko_0003/recording.mp4,lh_hh_plinko_0003,goal_4,False,NA,672e399c5b4664b34afd23bf,68ffc55371128ff03ff45265,6900cf77ce09bb96fd7b67ae,4,False,10,True
0,7848,3,assets/fillers/lh_ll_unlink_plinko_0017/img.jpg,assets/fillers/lh_ll_unlink_plinko_0017/recording.mp4,lh_ll_unlink_plinko_0017,goal_3,True,NA,67e5ebfad8af26b1bb60e460,68ffc55371128ff03ff45265,6900caa6f3e0459ab8bf5f57,3,False,10,True
1,8578,1,assets/fillers/lh_hh_plinko_0001/img.jpg,assets/fillers/lh_hh_plinko_0001/recording.mp4,lh_hh_plinko_0001,goal_0,True,maybe,67e5ebfad8af26b1bb60e460,68ffc55371128ff03ff45265,6900caa6f3e0459ab8bf5f57,0,False,5,False
2,7333,1,assets/fillers/lh_ll_unlink_plinko_0021/img.jpg,assets/fillers/lh_ll_unlink_plinko_0021/recording.mp4,lh_ll_unlink_plinko_0021,goal_1,True,definite,67e5ebfad8af26b1bb60e460,68ffc55371128ff03ff45265,6900caa6f3e0459ab8bf5f57,1,False,10,True
3,9344,3,assets/targets/hh_hl_unlink_plinko_0202/img.jpg,assets/targets/hh_hl_unlink_plinko_0202/recording.mp4,hh_hl_unlink_plinko_0202,goal_0,False,maybe,67e5ebfad8af26b1bb60e460,68ffc55371128ff03ff45265,6900caa6f3e0459ab8bf5f57,0,False,0,False
4,5478,3,assets/fillers/lh_hh_trNM_plinko_0002/img.jpg,assets/fillers/lh_hh_trNM_plinko_0002/recording.mp4,lh_hh_trNM_plinko_0002,goal_4,True,NA,67e5ebfad8af26b1bb60e460,68ffc55371128ff03ff45265,6900caa6f3e0459ab8bf5f57,4,False,5,False
5,7234,3,assets/fillers/lh_ll_unlink_plinko_0011/img.jpg,assets/fillers/lh_ll_unlink_plinko_0011/recording.mp4,lh_ll_unlink_plinko_0011,goal_3,True,NA,67e5ebfad8af26b1bb60e460,68ffc55371128ff03ff45265,6900caa6f3e0459ab8bf5f57,3,False,10,True
6,7469,0,assets/targets/hh_hl_unlink_plinko_0246/img.jpg,assets/targets/hh_hl_unlink_plinko_0246/recording.mp4,hh_hl_unlink_plinko_0246,goal_2,False,maybe,67e5ebfad8af26b1bb60e460,68ffc55371128ff03ff45265,6900caa6f3e0459ab8bf5f57,2,False,0,False
7,23718,4,assets/fillers/lh_hh_trNM_plinko_0001/img.jpg,assets/fillers/lh_hh_trNM_plinko_0001/recording.mp4,lh_hh_trNM_plinko_0001,goal_4,True,NA,67e5ebfad8af26b1bb60e460,68ffc55371128ff03ff45265,6900caa6f3e0459ab8bf5f57,4,False,10,True
8,6786,1,assets/targets/lh_ll_unlink_plinko_0001/img.jpg,assets/targets/lh_ll_unlink_plinko_0001/recording.mp4,lh_ll_unlink_plinko_0001,goal_1,False,NA,67e5ebfad8af26b1bb60e460,68ffc55371128ff03ff45265,6900caa6f3e0459ab8bf5f57,1,False,10,True
9,6614,4,assets/targets/lh_hh_plinko_0003/img.jpg,assets/targets/lh_hh_plinko_0003/recording.mp4,lh_hh_plinko_0003,goal_4,False,NA,67e5ebfad8af26b1bb60e460,68ffc55371128ff03ff45265,6900caa6f3e0459ab8bf5f57,4,False,10,True
10,8865,2,assets/fillers/lh_hh_plinko_0000/img.jpg,assets/fillers/lh_hh_plinko_0000/recording.mp4,lh_hh_plinko_0000,goal_4,True,maybe,67e5ebfad8af26b1bb60e460,68ffc55371128ff03ff45265,6900caa6f3e0459ab8bf5f57,4,False,0,False
11,5733,3,assets/targets/lh_ll_unlink_plinko_0000/img.jpg,assets/targets/lh_ll_unlink_plinko_0000/recording.mp4,lh_ll_unlink_plinko_0000,goal_3,False,maybe,67e5ebfad8af26b1bb60e460,68ffc55371128ff03ff45265,6900caa6f3e0459ab8bf5f57,3,False,10,True
12,6826,2,assets/targets/lh_hh_plinko_0002/img.jpg,assets/targets/lh_hh_plinko_0002/recording.mp4,lh_hh_plinko_0002,goal_2,False,definite,67e5ebfad8af26b1bb60e460,68ffc55371128ff03ff45265,6900caa6f3e0459ab8bf5f57,2,False,10,True
13,5031,3,assets/fillers/lh_ll_unlink_plinko_0009/img.jpg,assets/fillers/lh_ll_unlink_plinko_0009/recording.mp4,lh_ll_unlink_plinko_0009,goal_3,True,NA,67e5ebfad8af26b1bb60e460,68ffc55371128ff03ff45265,6900caa6f3e0459ab8bf5f57,3,False,10,True
14,10518,2,assets/targets/hh_hl_unlink_plinko_0240/img.jpg,assets/targets/hh_hl_unlink_plinko_0240/recording.mp4,hh_hl_unlink_plinko_0240,goal_0,False,maybe,67e5ebfad8af26b1bb60e460,68ffc55371128ff03ff45265,6900caa6f3e0459ab8bf5f57,0,False,0,False
15,5717,1,assets/targets/lh_ll_unlink_plinko_0002/img.jpg,assets/targets/lh_ll_unlink_plinko_0002/recording.mp4,lh_ll_unlink_plinko_0002,goal_1,False,NA,67e5ebfad8af26b1bb60e460,68ffc55371128ff03ff45265,6900caa6f3e0459ab8bf5f57,1,False,10,True
16,5521,4,assets/targets/lh_hh_trNM_plinko_0002/img.jpg,assets/targets/lh_hh_trNM_plinko_0002/recording.mp4,lh_hh_trNM_plinko_0002,goal_4,False,definite,67e5ebfad8af26b1bb60e460,68ffc55371128ff03ff45265,6900caa6f3e0459ab8bf5f57,4,False,10,True
17,10342,4,assets/targets/hh_hl_unlink_plinko_0393/img.jpg,assets/targets/hh_hl_unlink_plinko_0393/recording.mp4,hh_hl_unlink_plinko_0393,goal_2,False,maybe,67e5ebfad8af26b1bb60e460,68ffc55371128ff03ff45265,6900caa6f3e0459ab8bf5f57,2,False,0,False
18,7354,3,assets/targets/hh_hl_unlink_plinko_0269/img.jpg,assets/targets/hh_hl_unlink_plinko_0269/recording.mp4,hh_hl_unlink_plinko_0269,goal_3,False,maybe,67e5ebfad8af26b1bb60e460,68ffc55371128ff03ff45265,6900caa6f3e0459ab8bf5f57,3,False,10,True
19,5654,3,assets/targets/lh_hh_plinko_0001/img.jpg,assets/targets/lh_hh_plinko_0001/recording.mp4,lh_hh_plinko_0001,goal_3,False,NA,67e5ebfad8af26b1bb60e460,68ffc55371128ff03ff45265,6900caa6f3e0459ab8bf5f57,3,False,10,True
20,8015,0,assets/targets/lh_hh_plinko_0000/img.jpg,assets/targets/lh_hh_plinko_0000/recording.mp4,lh_hh_plinko_0000,goal_0,False,NA,67e5ebfad8af26b1bb60e460,68ffc55371128ff03ff45265,6900caa6f3e0459ab8bf5f57,0,False,10,True
21,7921,2,assets/targets/lh_hh_trNM_plinko_0001/img.jpg,assets/targets/lh_hh_trNM_plinko_0001/recording.mp4,lh_hh_trNM_plinko_0001,goal_2,False,NA,67e5ebfad8af26b1bb60e460,68ffc55371128ff03ff45265,6900caa6f3e0459ab8bf5f57,2,False,10,True
22,4355,2,assets/fillers/catch/img.jpg,assets/fillers/catch/recording.mp4,catch,goal_2,True,NA,67e5ebfad8af26b1bb60e460,68ffc55371128ff03ff45265,6900caa6f3e0459ab8bf5f57,2,False,10,True
23,5125,0,assets/targets/lh_hh_trNM_plinko_0000/img.jpg,assets/targets/lh_hh_trNM_plinko_0000/recording.mp4,lh_hh_trNM_plinko_0000,goal_0,False,definite,67e5ebfad8af26b1bb60e460,68ffc55371128ff03ff45265,6900caa6f3e0459ab8bf5f57,0,False,10,True
24,8234,3,assets/fillers/lh_hh_plinko_0002/img.jpg,assets/fillers/lh_hh_plinko_0002/recording.mp4,lh_hh_plinko_0002,goal_3,True,NA,67e5ebfad8af26b1bb60e460,68ffc55371128ff03ff45265,6900caa6f3e0459ab8bf5f57,3,False,10,True
0,54748,3,assets/fillers/lh_ll_unlink_plinko_0017/img.jpg,assets/fillers/lh_ll_unlink_plinko_0017/recording.mp4,lh_ll_unlink_plinko_0017,goal_3,True,NA,6788d82f8ec0422c248b737a,68ffc55371128ff03ff45265,6900cba1c8d3a1c5d8029bdd,3,False,10,True
1,9701,1,assets/fillers/lh_ll_unlink_plinko_0021/img.jpg,assets/fillers/lh_ll_unlink_plinko_0021/recording.mp4,lh_ll_unlink_plinko_0021,goal_1,True,definite,6788d82f8ec0422c248b737a,68ffc55371128ff03ff45265,6900cba1c8d3a1c5d8029bdd,1,False,10,True
2,2812,3,assets/fillers/lh_hh_trNM_plinko_0002/img.jpg,assets/fillers/lh_hh_trNM_plinko_0002/recording.mp4,lh_hh_trNM_plinko_0002,goal_4,True,NA,6788d82f8ec0422c248b737a,68ffc55371128ff03ff45265,6900cba1c8d3a1c5d8029bdd,4,False,5,False
3,1980,1,assets/targets/hh_hl_unlink_plinko_0269/img.jpg,assets/targets/hh_hl_unlink_plinko_0269/recording.mp4,hh_hl_unlink_plinko_0269,goal_3,False,maybe,6788d82f8ec0422c248b737a,68ffc55371128ff03ff45265,6900cba1c8d3a1c5d8029bdd,3,False,0,False
4,3074,0,assets/targets/lh_hh_trNM_plinko_0000/img.jpg,assets/targets/lh_hh_trNM_plinko_0000/recording.mp4,lh_hh_trNM_plinko_0000,goal_0,False,definite,6788d82f8ec0422c248b737a,68ffc55371128ff03ff45265,6900cba1c8d3a1c5d8029bdd,0,False,10,True
5,1103,0,assets/targets/lh_hh_plinko_0001/img.jpg,assets/targets/lh_hh_plinko_0001/recording.mp4,lh_hh_plinko_0001,goal_3,False,NA,6788d82f8ec0422c248b737a,68ffc55371128ff03ff45265,6900cba1c8d3a1c5d8029bdd,3,False,0,False
6,3176,0,assets/targets/lh_hh_plinko_0000/img.jpg,assets/targets/lh_hh_plinko_0000/recording.mp4,lh_hh_plinko_0000,goal_0,False,NA,6788d82f8ec0422c248b737a,68ffc55371128ff03ff45265,6900cba1c8d3a1c5d8029bdd,0,False,10,True
7,7627,3,assets/targets/lh_ll_unlink_plinko_0000/img.jpg,assets/targets/lh_ll_unlink_plinko_0000/recording.mp4,lh_ll_unlink_plinko_0000,goal_3,False,maybe,6788d82f8ec0422c248b737a,68ffc55371128ff03ff45265,6900cba1c8d3a1c5d8029bdd,3,False,10,True
8,2822,2,assets/targets/hh_hl_unlink_plinko_0202/img.jpg,assets/targets/hh_hl_unlink_plinko_0202/recording.mp4,hh_hl_unlink_plinko_0202,goal_0,False,maybe,6788d82f8ec0422c248b737a,68ffc55371128ff03ff45265,6900cba1c8d3a1c5d8029bdd,0,False,0,False
9,4969,2,assets/fillers/catch/img.jpg,assets/fillers/catch/recording.mp4,catch,goal_2,True,NA,6788d82f8ec0422c248b737a,68ffc55371128ff03ff45265,6900cba1c8d3a1c5d8029bdd,2,False,10,True
10,1970,2,assets/targets/lh_hh_trNM_plinko_0001/img.jpg,assets/targets/lh_hh_trNM_plinko_0001/recording.mp4,lh_hh_trNM_plinko_0001,goal_2,False,NA,6788d82f8ec0422c248b737a,68ffc55371128ff03ff45265,6900cba1c8d3a1c5d8029bdd,2,False,10,True
11,7543,4,assets/targets/hh_hl_unlink_plinko_0240/img.jpg,assets/targets/hh_hl_unlink_plinko_0240/recording.mp4,hh_hl_unlink_plinko_0240,goal_0,False,maybe,6788d82f8ec0422c248b737a,68ffc55371128ff03ff45265,6900cba1c8d3a1c5d8029bdd,0,False,0,False
12,5960,2,assets/targets/lh_hh_plinko_0002/img.jpg,assets/targets/lh_hh_plinko_0002/recording.mp4,lh_hh_plinko_0002,goal_2,False,definite,6788d82f8ec0422c248b737a,68ffc55371128ff03ff45265,6900cba1c8d3a1c5d8029bdd,2,False,10,True
13,5432,1,assets/targets/lh_ll_unlink_plinko_0001/img.jpg,assets/targets/lh_ll_unlink_plinko_0001/recording.mp4,lh_ll_unlink_plinko_0001,goal_1,False,NA,6788d82f8ec0422c248b737a,68ffc55371128ff03ff45265,6900cba1c8d3a1c5d8029bdd,1,False,10,True
14,2154,1,assets/targets/lh_ll_unlink_plinko_0002/img.jpg,assets/targets/lh_ll_unlink_plinko_0002/recording.mp4,lh_ll_unlink_plinko_0002,goal_1,False,NA,6788d82f8ec0422c248b737a,68ffc55371128ff03ff45265,6900cba1c8d3a1c5d8029bdd,1,False,10,True
15,5472,2,assets/targets/hh_hl_unlink_plinko_0246/img.jpg,assets/targets/hh_hl_unlink_plinko_0246/recording.mp4,hh_hl_unlink_plinko_0246,goal_2,False,maybe,6788d82f8ec0422c248b737a,68ffc55371128ff03ff45265,6900cba1c8d3a1c5d8029bdd,2,False,10,True
16,4897,1,assets/fillers/lh_hh_plinko_0001/img.jpg,assets/fillers/lh_hh_plinko_0001/recording.mp4,lh_hh_plinko_0001,goal_0,True,maybe,6788d82f8ec0422c248b737a,68ffc55371128ff03ff45265,6900cba1c8d3a1c5d8029bdd,0,False,5,False
17,4650,2,assets/fillers/lh_ll_unlink_plinko_0009/img.jpg,assets/fillers/lh_ll_unlink_plinko_0009/recording.mp4,lh_ll_unlink_plinko_0009,goal_3,True,NA,6788d82f8ec0422c248b737a,68ffc55371128ff03ff45265,6900cba1c8d3a1c5d8029bdd,3,False,5,False
18,5466,3,assets/fillers/lh_hh_plinko_0002/img.jpg,assets/fillers/lh_hh_plinko_0002/recording.mp4,lh_hh_plinko_0002,goal_3,True,NA,6788d82f8ec0422c248b737a,68ffc55371128ff03ff45265,6900cba1c8d3a1c5d8029bdd,3,False,10,True
19,12907,4,assets/fillers/lh_hh_trNM_plinko_0001/img.jpg,assets/fillers/lh_hh_trNM_plinko_0001/recording.mp4,lh_hh_trNM_plinko_0001,goal_4,True,NA,6788d82f8ec0422c248b737a,68ffc55371128ff03ff45265,6900cba1c8d3a1c5d8029bdd,4,False,10,True
20,7735,1,assets/targets/hh_hl_unlink_plinko_0393/img.jpg,assets/targets/hh_hl_unlink_plinko_0393/recording.mp4,hh_hl_unlink_plinko_0393,goal_2,False,maybe,6788d82f8ec0422c248b737a,68ffc55371128ff03ff45265,6900cba1c8d3a1c5d8029bdd,2,False,5,False
21,5619,3,assets/fillers/lh_ll_unlink_plinko_0011/img.jpg,assets/fillers/lh_ll_unlink_plinko_0011/recording.mp4,lh_ll_unlink_plinko_0011,goal_3,True,NA,6788d82f8ec0422c248b737a,68ffc55371128ff03ff45265,6900cba1c8d3a1c5d8029bdd,3,False,10,True
22,4907,4,assets/targets/lh_hh_trNM_plinko_0002/img.jpg,assets/targets/lh_hh_trNM_plinko_0002/recording.mp4,lh_hh_trNM_plinko_0002,goal_4,False,definite,6788d82f8ec0422c248b737a,68ffc55371128ff03ff45265,6900cba1c8d3a1c5d8029bdd,4,False,10,True
23,2641,2,assets/fillers/lh_hh_plinko_0000/img.jpg,assets/fillers/lh_hh_plinko_0000/recording.mp4,lh_hh_plinko_0000,goal_4,True,maybe,6788d82f8ec0422c248b737a,68ffc55371128ff03ff45265,6900cba1c8d3a1c5d8029bdd,4,False,0,False
24,4233,4,assets/targets/lh_hh_plinko_0003/img.jpg,assets/targets/lh_hh_plinko_0003/recording.mp4,lh_hh_plinko_0003,goal_4,False,NA,6788d82f8ec0422c248b737a,68ffc55371128ff03ff45265,6900cba1c8d3a1c5d8029bdd,4,False,10,True
0,9782,3,assets/fillers/lh_hh_plinko_0000/img.jpg,assets/fillers/lh_hh_plinko_0000/recording.mp4,lh_hh_plinko_0000,goal_4,True,maybe,5c0b388b9c7b1100015ab55f,68ffc55371128ff03ff45265,6900cc979e6d0dca848a9706,4,False,5,False
1,5389,4,assets/fillers/lh_hh_trNM_plinko_0001/img.jpg,assets/fillers/lh_hh_trNM_plinko_0001/recording.mp4,lh_hh_trNM_plinko_0001,goal_4,True,NA,5c0b388b9c7b1100015ab55f,68ffc55371128ff03ff45265,6900cc979e6d0dca848a9706,4,False,10,True
2,8061,1,assets/fillers/lh_hh_trNM_plinko_0002/img.jpg,assets/fillers/lh_hh_trNM_plinko_0002/recording.mp4,lh_hh_trNM_plinko_0002,goal_4,True,NA,5c0b388b9c7b1100015ab55f,68ffc55371128ff03ff45265,6900cc979e6d0dca848a9706,4,False,0,False
3,8494,2,assets/fillers/lh_ll_unlink_plinko_0011/img.jpg,assets/fillers/lh_ll_unlink_plinko_0011/recording.mp4,lh_ll_unlink_plinko_0011,goal_3,True,NA,5c0b388b9c7b1100015ab55f,68ffc55371128ff03ff45265,6900cc979e6d0dca848a9706,3,False,5,False
4,7303,3,assets/fillers/lh_ll_unlink_plinko_0009/img.jpg,assets/fillers/lh_ll_unlink_plinko_0009/recording.mp4,lh_ll_unlink_plinko_0009,goal_3,True,NA,5c0b388b9c7b1100015ab55f,68ffc55371128ff03ff45265,6900cc979e6d0dca848a9706,3,False,10,True
5,11213,3,assets/targets/lh_ll_unlink_plinko_0000/img.jpg,assets/targets/lh_ll_unlink_plinko_0000/recording.mp4,lh_ll_unlink_plinko_0000,goal_3,False,maybe,5c0b388b9c7b1100015ab55f,68ffc55371128ff03ff45265,6900cc979e6d0dca848a9706,3,False,10,True
6,8116,4,assets/targets/lh_hh_trNM_plinko_0002/img.jpg,assets/targets/lh_hh_trNM_plinko_0002/recording.mp4,lh_hh_trNM_plinko_0002,goal_4,False,definite,5c0b388b9c7b1100015ab55f,68ffc55371128ff03ff45265,6900cc979e6d0dca848a9706,4,False,10,True
7,13914,0,assets/targets/hh_hl_unlink_plinko_0202/img.jpg,assets/targets/hh_hl_unlink_plinko_0202/recording.mp4,hh_hl_unlink_plinko_0202,goal_0,False,maybe,5c0b388b9c7b1100015ab55f,68ffc55371128ff03ff45265,6900cc979e6d0dca848a9706,0,False,10,True
8,5297,0,assets/targets/lh_hh_trNM_plinko_0000/img.jpg,assets/targets/lh_hh_trNM_plinko_0000/recording.mp4,lh_hh_trNM_plinko_0000,goal_0,False,definite,5c0b388b9c7b1100015ab55f,68ffc55371128ff03ff45265,6900cc979e6d0dca848a9706,0,False,10,True
9,3937,1,assets/fillers/lh_ll_unlink_plinko_0021/img.jpg,assets/fillers/lh_ll_unlink_plinko_0021/recording.mp4,lh_ll_unlink_plinko_0021,goal_1,True,definite,5c0b388b9c7b1100015ab55f,68ffc55371128ff03ff45265,6900cc979e6d0dca848a9706,1,False,10,True
10,15367,3,assets/targets/hh_hl_unlink_plinko_0246/img.jpg,assets/targets/hh_hl_unlink_plinko_0246/recording.mp4,hh_hl_unlink_plinko_0246,goal_2,False,maybe,5c0b388b9c7b1100015ab55f,68ffc55371128ff03ff45265,6900cc979e6d0dca848a9706,2,False,5,False
11,4833,2,assets/targets/lh_hh_trNM_plinko_0001/img.jpg,assets/targets/lh_hh_trNM_plinko_0001/recording.mp4,lh_hh_trNM_plinko_0001,goal_2,False,NA,5c0b388b9c7b1100015ab55f,68ffc55371128ff03ff45265,6900cc979e6d0dca848a9706,2,False,10,True
12,7057,4,assets/targets/lh_hh_plinko_0003/img.jpg,assets/targets/lh_hh_plinko_0003/recording.mp4,lh_hh_plinko_0003,goal_4,False,NA,5c0b388b9c7b1100015ab55f,68ffc55371128ff03ff45265,6900cc979e6d0dca848a9706,4,False,10,True
13,5483,0,assets/targets/lh_hh_plinko_0000/img.jpg,assets/targets/lh_hh_plinko_0000/recording.mp4,lh_hh_plinko_0000,goal_0,False,NA,5c0b388b9c7b1100015ab55f,68ffc55371128ff03ff45265,6900cc979e6d0dca848a9706,0,False,10,True
14,3290,2,assets/fillers/catch/img.jpg,assets/fillers/catch/recording.mp4,catch,goal_2,True,NA,5c0b388b9c7b1100015ab55f,68ffc55371128ff03ff45265,6900cc979e6d0dca848a9706,2,False,10,True
15,5303,2,assets/targets/hh_hl_unlink_plinko_0393/img.jpg,assets/targets/hh_hl_unlink_plinko_0393/recording.mp4,hh_hl_unlink_plinko_0393,goal_2,False,maybe,5c0b388b9c7b1100015ab55f,68ffc55371128ff03ff45265,6900cc979e6d0dca848a9706,2,False,10,True
16,6339,3,assets/fillers/lh_ll_unlink_plinko_0017/img.jpg,assets/fillers/lh_ll_unlink_plinko_0017/recording.mp4,lh_ll_unlink_plinko_0017,goal_3,True,NA,5c0b388b9c7b1100015ab55f,68ffc55371128ff03ff45265,6900cc979e6d0dca848a9706,3,False,10,True
17,9491,3,assets/targets/lh_hh_plinko_0001/img.jpg,assets/targets/lh_hh_plinko_0001/recording.mp4,lh_hh_plinko_0001,goal_3,False,NA,5c0b388b9c7b1100015ab55f,68ffc55371128ff03ff45265,6900cc979e6d0dca848a9706,3,False,10,True
18,6323,4,assets/fillers/lh_hh_plinko_0002/img.jpg,assets/fillers/lh_hh_plinko_0002/recording.mp4,lh_hh_plinko_0002,goal_3,True,NA,5c0b388b9c7b1100015ab55f,68ffc55371128ff03ff45265,6900cc979e6d0dca848a9706,3,False,5,False
19,5257,1,assets/targets/lh_ll_unlink_plinko_0001/img.jpg,assets/targets/lh_ll_unlink_plinko_0001/recording.mp4,lh_ll_unlink_plinko_0001,goal_1,False,NA,5c0b388b9c7b1100015ab55f,68ffc55371128ff03ff45265,6900cc979e6d0dca848a9706,1,False,10,True
20,4130,4,assets/targets/hh_hl_unlink_plinko_0240/img.jpg,assets/targets/hh_hl_unlink_plinko_0240/recording.mp4,hh_hl_unlink_plinko_0240,goal_0,False,maybe,5c0b388b9c7b1100015ab55f,68ffc55371128ff03ff45265,6900cc979e6d0dca848a9706,0,False,0,False
21,8302,1,assets/targets/lh_ll_unlink_plinko_0002/img.jpg,assets/targets/lh_ll_unlink_plinko_0002/recording.mp4,lh_ll_unlink_plinko_0002,goal_1,False,NA,5c0b388b9c7b1100015ab55f,68ffc55371128ff03ff45265,6900cc979e6d0dca848a9706,1,False,10,True
22,8719,4,assets/targets/hh_hl_unlink_plinko_0269/img.jpg,assets/targets/hh_hl_unlink_plinko_0269/recording.mp4,hh_hl_unlink_plinko_0269,goal_3,False,maybe,5c0b388b9c7b1100015ab55f,68ffc55371128ff03ff45265,6900cc979e6d0dca848a9706,3,False,5,False
23,6546,1,assets/fillers/lh_hh_plinko_0001/img.jpg,assets/fillers/lh_hh_plinko_0001/recording.mp4,lh_hh_plinko_0001,goal_0,True,maybe,5c0b388b9c7b1100015ab55f,68ffc55371128ff03ff45265,6900cc979e6d0dca848a9706,0,False,5,False
24,14295,2,assets/targets/lh_hh_plinko_0002/img.jpg,assets/targets/lh_hh_plinko_0002/recording.mp4,lh_hh_plinko_0002,goal_2,False,definite,5c0b388b9c7b1100015ab55f,68ffc55371128ff03ff45265,6900cc979e6d0dca848a9706,2,False,10,True
0,6052,3,assets/fillers/lh_hh_plinko_0002/img.jpg,assets/fillers/lh_hh_plinko_0002/recording.mp4,lh_hh_plinko_0002,goal_3,True,NA,671d7a754bafa85dac6e0683,68ffc55371128ff03ff45265,6900caf488feda9aed291ed2,3,False,10,True
1,6179,0,assets/fillers/lh_ll_unlink_plinko_0017/img.jpg,assets/fillers/lh_ll_unlink_plinko_0017/recording.mp4,lh_ll_unlink_plinko_0017,goal_3,True,NA,671d7a754bafa85dac6e0683,68ffc55371128ff03ff45265,6900caf488feda9aed291ed2,3,False,0,False
2,2639,3,assets/fillers/lh_ll_unlink_plinko_0009/img.jpg,assets/fillers/lh_ll_unlink_plinko_0009/recording.mp4,lh_ll_unlink_plinko_0009,goal_3,True,NA,671d7a754bafa85dac6e0683,68ffc55371128ff03ff45265,6900caf488feda9aed291ed2,3,False,10,True
3,2834,1,assets/fillers/lh_ll_unlink_plinko_0021/img.jpg,assets/fillers/lh_ll_unlink_plinko_0021/recording.mp4,lh_ll_unlink_plinko_0021,goal_1,True,definite,671d7a754bafa85dac6e0683,68ffc55371128ff03ff45265,6900caf488feda9aed291ed2,1,False,10,True
4,34471,1,assets/targets/lh_ll_unlink_plinko_0002/img.jpg,assets/targets/lh_ll_unlink_plinko_0002/recording.mp4,lh_ll_unlink_plinko_0002,goal_1,False,NA,671d7a754bafa85dac6e0683,68ffc55371128ff03ff45265,6900caf488feda9aed291ed2,1,False,10,True
5,31965,0,assets/targets/lh_hh_trNM_plinko_0000/img.jpg,assets/targets/lh_hh_trNM_plinko_0000/recording.mp4,lh_hh_trNM_plinko_0000,goal_0,False,definite,671d7a754bafa85dac6e0683,68ffc55371128ff03ff45265,6900caf488feda9aed291ed2,0,False,10,True
6,13964,2,assets/targets/lh_hh_trNM_plinko_0001/img.jpg,assets/targets/lh_hh_trNM_plinko_0001/recording.mp4,lh_hh_trNM_plinko_0001,goal_2,False,NA,671d7a754bafa85dac6e0683,68ffc55371128ff03ff45265,6900caf488feda9aed291ed2,2,False,10,True
7,3674,3,assets/fillers/lh_hh_plinko_0000/img.jpg,assets/fillers/lh_hh_plinko_0000/recording.mp4,lh_hh_plinko_0000,goal_4,True,maybe,671d7a754bafa85dac6e0683,68ffc55371128ff03ff45265,6900caf488feda9aed291ed2,4,False,5,False
8,5225,2,assets/targets/hh_hl_unlink_plinko_0393/img.jpg,assets/targets/hh_hl_unlink_plinko_0393/recording.mp4,hh_hl_unlink_plinko_0393,goal_2,False,maybe,671d7a754bafa85dac6e0683,68ffc55371128ff03ff45265,6900caf488feda9aed291ed2,2,False,10,True
9,6059,3,assets/targets/lh_hh_plinko_0001/img.jpg,assets/targets/lh_hh_plinko_0001/recording.mp4,lh_hh_plinko_0001,goal_3,False,NA,671d7a754bafa85dac6e0683,68ffc55371128ff03ff45265,6900caf488feda9aed291ed2,3,False,10,True
10,2587,1,assets/targets/hh_hl_unlink_plinko_0202/img.jpg,assets/targets/hh_hl_unlink_plinko_0202/recording.mp4,hh_hl_unlink_plinko_0202,goal_0,False,maybe,671d7a754bafa85dac6e0683,68ffc55371128ff03ff45265,6900caf488feda9aed291ed2,0,False,5,False
11,78482,2,assets/targets/hh_hl_unlink_plinko_0246/img.jpg,assets/targets/hh_hl_unlink_plinko_0246/recording.mp4,hh_hl_unlink_plinko_0246,goal_2,False,maybe,671d7a754bafa85dac6e0683,68ffc55371128ff03ff45265,6900caf488feda9aed291ed2,2,False,10,True
12,80595,3,assets/fillers/lh_ll_unlink_plinko_0011/img.jpg,assets/fillers/lh_ll_unlink_plinko_0011/recording.mp4,lh_ll_unlink_plinko_0011,goal_3,True,NA,671d7a754bafa85dac6e0683,68ffc55371128ff03ff45265,6900caf488feda9aed291ed2,3,False,10,True
13,3225,4,assets/targets/lh_hh_trNM_plinko_0002/img.jpg,assets/targets/lh_hh_trNM_plinko_0002/recording.mp4,lh_hh_trNM_plinko_0002,goal_4,False,definite,671d7a754bafa85dac6e0683,68ffc55371128ff03ff45265,6900caf488feda9aed291ed2,4,False,10,True
14,4184,0,assets/targets/lh_hh_plinko_0000/img.jpg,assets/targets/lh_hh_plinko_0000/recording.mp4,lh_hh_plinko_0000,goal_0,False,NA,671d7a754bafa85dac6e0683,68ffc55371128ff03ff45265,6900caf488feda9aed291ed2,0,False,10,True
15,2758,2,assets/fillers/catch/img.jpg,assets/fillers/catch/recording.mp4,catch,goal_2,True,NA,671d7a754bafa85dac6e0683,68ffc55371128ff03ff45265,6900caf488feda9aed291ed2,2,False,10,True
16,1986,3,assets/targets/lh_ll_unlink_plinko_0000/img.jpg,assets/targets/lh_ll_unlink_plinko_0000/recording.mp4,lh_ll_unlink_plinko_0000,goal_3,False,maybe,671d7a754bafa85dac6e0683,68ffc55371128ff03ff45265,6900caf488feda9aed291ed2,3,False,10,True
17,3329,2,assets/targets/lh_hh_plinko_0002/img.jpg,assets/targets/lh_hh_plinko_0002/recording.mp4,lh_hh_plinko_0002,goal_2,False,definite,671d7a754bafa85dac6e0683,68ffc55371128ff03ff45265,6900caf488feda9aed291ed2,2,False,10,True
18,39188,4,assets/targets/hh_hl_unlink_plinko_0240/img.jpg,assets/targets/hh_hl_unlink_plinko_0240/recording.mp4,hh_hl_unlink_plinko_0240,goal_0,False,maybe,671d7a754bafa85dac6e0683,68ffc55371128ff03ff45265,6900caf488feda9aed291ed2,0,False,0,False
19,2188,3,assets/fillers/lh_hh_trNM_plinko_0002/img.jpg,assets/fillers/lh_hh_trNM_plinko_0002/recording.mp4,lh_hh_trNM_plinko_0002,goal_4,True,NA,671d7a754bafa85dac6e0683,68ffc55371128ff03ff45265,6900caf488feda9aed291ed2,4,False,5,False
20,2423,2,assets/targets/hh_hl_unlink_plinko_0269/img.jpg,assets/targets/hh_hl_unlink_plinko_0269/recording.mp4,hh_hl_unlink_plinko_0269,goal_3,False,maybe,671d7a754bafa85dac6e0683,68ffc55371128ff03ff45265,6900caf488feda9aed291ed2,3,False,5,False
21,2819,4,assets/targets/lh_hh_plinko_0003/img.jpg,assets/targets/lh_hh_plinko_0003/recording.mp4,lh_hh_plinko_0003,goal_4,False,NA,671d7a754bafa85dac6e0683,68ffc55371128ff03ff45265,6900caf488feda9aed291ed2,4,False,10,True
22,2234,3,assets/fillers/lh_hh_plinko_0001/img.jpg,assets/fillers/lh_hh_plinko_0001/recording.mp4,lh_hh_plinko_0001,goal_0,True,maybe,671d7a754bafa85dac6e0683,68ffc55371128ff03ff45265,6900caf488feda9aed291ed2,0,False,0,False
23,2025,1,assets/targets/lh_ll_unlink_plinko_0001/img.jpg,assets/targets/lh_ll_unlink_plinko_0001/recording.mp4,lh_ll_unlink_plinko_0001,goal_1,False,NA,671d7a754bafa85dac6e0683,68ffc55371128ff03ff45265,6900caf488feda9aed291ed2,1,False,10,True
24,2947,4,assets/fillers/lh_hh_trNM_plinko_0001/img.jpg,assets/fillers/lh_hh_trNM_plinko_0001/recording.mp4,lh_hh_trNM_plinko_0001,goal_4,True,NA,671d7a754bafa85dac6e0683,68ffc55371128ff03ff45265,6900caf488feda9aed291ed2,4,False,10,True
0,42839,2,assets/fillers/lh_hh_plinko_0000/img.jpg,assets/fillers/lh_hh_plinko_0000/recording.mp4,lh_hh_plinko_0000,goal_4,True,maybe,65c10d42d5c2debb4d480be6,68ffc55371128ff03ff45265,6900cab1bc1480c6c96c5b76,4,False,0,False
1,5733,2,assets/fillers/catch/img.jpg,assets/fillers/catch/recording.mp4,catch,goal_2,True,NA,65c10d42d5c2debb4d480be6,68ffc55371128ff03ff45265,6900cab1bc1480c6c96c5b76,2,False,10,True
2,13377,3,assets/fillers/lh_hh_trNM_plinko_0002/img.jpg,assets/fillers/lh_hh_trNM_plinko_0002/recording.mp4,lh_hh_trNM_plinko_0002,goal_4,True,NA,65c10d42d5c2debb4d480be6,68ffc55371128ff03ff45265,6900cab1bc1480c6c96c5b76,4,False,5,False
3,6589,3,assets/targets/lh_hh_plinko_0001/img.jpg,assets/targets/lh_hh_plinko_0001/recording.mp4,lh_hh_plinko_0001,goal_3,False,NA,65c10d42d5c2debb4d480be6,68ffc55371128ff03ff45265,6900cab1bc1480c6c96c5b76,3,False,10,True
4,6341,4,assets/fillers/lh_hh_trNM_plinko_0001/img.jpg,assets/fillers/lh_hh_trNM_plinko_0001/recording.mp4,lh_hh_trNM_plinko_0001,goal_4,True,NA,65c10d42d5c2debb4d480be6,68ffc55371128ff03ff45265,6900cab1bc1480c6c96c5b76,4,False,10,True
5,6910,0,assets/targets/lh_hh_trNM_plinko_0000/img.jpg,assets/targets/lh_hh_trNM_plinko_0000/recording.mp4,lh_hh_trNM_plinko_0000,goal_0,False,definite,65c10d42d5c2debb4d480be6,68ffc55371128ff03ff45265,6900cab1bc1480c6c96c5b76,0,False,10,True
6,7892,1,assets/targets/lh_ll_unlink_plinko_0001/img.jpg,assets/targets/lh_ll_unlink_plinko_0001/recording.mp4,lh_ll_unlink_plinko_0001,goal_1,False,NA,65c10d42d5c2debb4d480be6,68ffc55371128ff03ff45265,6900cab1bc1480c6c96c5b76,1,False,10,True
7,4746,4,assets/targets/lh_hh_trNM_plinko_0002/img.jpg,assets/targets/lh_hh_trNM_plinko_0002/recording.mp4,lh_hh_trNM_plinko_0002,goal_4,False,definite,65c10d42d5c2debb4d480be6,68ffc55371128ff03ff45265,6900cab1bc1480c6c96c5b76,4,False,10,True
8,6115,2,assets/targets/hh_hl_unlink_plinko_0393/img.jpg,assets/targets/hh_hl_unlink_plinko_0393/recording.mp4,hh_hl_unlink_plinko_0393,goal_2,False,maybe,65c10d42d5c2debb4d480be6,68ffc55371128ff03ff45265,6900cab1bc1480c6c96c5b76,2,False,10,True
9,3292,1,assets/fillers/lh_ll_unlink_plinko_0021/img.jpg,assets/fillers/lh_ll_unlink_plinko_0021/recording.mp4,lh_ll_unlink_plinko_0021,goal_1,True,definite,65c10d42d5c2debb4d480be6,68ffc55371128ff03ff45265,6900cab1bc1480c6c96c5b76,1,False,10,True
10,17431,2,assets/targets/hh_hl_unlink_plinko_0246/img.jpg,assets/targets/hh_hl_unlink_plinko_0246/recording.mp4,hh_hl_unlink_plinko_0246,goal_2,False,maybe,65c10d42d5c2debb4d480be6,68ffc55371128ff03ff45265,6900cab1bc1480c6c96c5b76,2,False,10,True
11,128616,1,assets/fillers/lh_hh_plinko_0002/img.jpg,assets/fillers/lh_hh_plinko_0002/recording.mp4,lh_hh_plinko_0002,goal_3,True,NA,65c10d42d5c2debb4d480be6,68ffc55371128ff03ff45265,6900cab1bc1480c6c96c5b76,3,False,0,False
12,11551,3,assets/fillers/lh_ll_unlink_plinko_0009/img.jpg,assets/fillers/lh_ll_unlink_plinko_0009/recording.mp4,lh_ll_unlink_plinko_0009,goal_3,True,NA,65c10d42d5c2debb4d480be6,68ffc55371128ff03ff45265,6900cab1bc1480c6c96c5b76,3,False,10,True
13,4166,1,assets/targets/lh_ll_unlink_plinko_0002/img.jpg,assets/targets/lh_ll_unlink_plinko_0002/recording.mp4,lh_ll_unlink_plinko_0002,goal_1,False,NA,65c10d42d5c2debb4d480be6,68ffc55371128ff03ff45265,6900cab1bc1480c6c96c5b76,1,False,10,True
14,8328,1,assets/targets/hh_hl_unlink_plinko_0202/img.jpg,assets/targets/hh_hl_unlink_plinko_0202/recording.mp4,hh_hl_unlink_plinko_0202,goal_0,False,maybe,65c10d42d5c2debb4d480be6,68ffc55371128ff03ff45265,6900cab1bc1480c6c96c5b76,0,False,5,False
15,6395,1,assets/fillers/lh_hh_plinko_0001/img.jpg,assets/fillers/lh_hh_plinko_0001/recording.mp4,lh_hh_plinko_0001,goal_0,True,maybe,65c10d42d5c2debb4d480be6,68ffc55371128ff03ff45265,6900cab1bc1480c6c96c5b76,0,False,5,False
16,3073,3,assets/fillers/lh_ll_unlink_plinko_0011/img.jpg,assets/fillers/lh_ll_unlink_plinko_0011/recording.mp4,lh_ll_unlink_plinko_0011,goal_3,True,NA,65c10d42d5c2debb4d480be6,68ffc55371128ff03ff45265,6900cab1bc1480c6c96c5b76,3,False,10,True
17,2874,2,assets/targets/lh_hh_plinko_0002/img.jpg,assets/targets/lh_hh_plinko_0002/recording.mp4,lh_hh_plinko_0002,goal_2,False,definite,65c10d42d5c2debb4d480be6,68ffc55371128ff03ff45265,6900cab1bc1480c6c96c5b76,2,False,10,True
18,1676,1,assets/targets/hh_hl_unlink_plinko_0269/img.jpg,assets/targets/hh_hl_unlink_plinko_0269/recording.mp4,hh_hl_unlink_plinko_0269,goal_3,False,maybe,65c10d42d5c2debb4d480be6,68ffc55371128ff03ff45265,6900cab1bc1480c6c96c5b76,3,False,0,False
19,10046,3,assets/targets/hh_hl_unlink_plinko_0240/img.jpg,assets/targets/hh_hl_unlink_plinko_0240/recording.mp4,hh_hl_unlink_plinko_0240,goal_0,False,maybe,65c10d42d5c2debb4d480be6,68ffc55371128ff03ff45265,6900cab1bc1480c6c96c5b76,0,False,0,False
20,17006,2,assets/targets/lh_hh_plinko_0003/img.jpg,assets/targets/lh_hh_plinko_0003/recording.mp4,lh_hh_plinko_0003,goal_4,False,NA,65c10d42d5c2debb4d480be6,68ffc55371128ff03ff45265,6900cab1bc1480c6c96c5b76,4,False,0,False
21,10306,0,assets/targets/lh_hh_plinko_0000/img.jpg,assets/targets/lh_hh_plinko_0000/recording.mp4,lh_hh_plinko_0000,goal_0,False,NA,65c10d42d5c2debb4d480be6,68ffc55371128ff03ff45265,6900cab1bc1480c6c96c5b76,0,False,10,True
22,4529,3,assets/fillers/lh_ll_unlink_plinko_0017/img.jpg,assets/fillers/lh_ll_unlink_plinko_0017/recording.mp4,lh_ll_unlink_plinko_0017,goal_3,True,NA,65c10d42d5c2debb4d480be6,68ffc55371128ff03ff45265,6900cab1bc1480c6c96c5b76,3,False,10,True
23,3583,2,assets/targets/lh_hh_trNM_plinko_0001/img.jpg,assets/targets/lh_hh_trNM_plinko_0001/recording.mp4,lh_hh_trNM_plinko_0001,goal_2,False,NA,65c10d42d5c2debb4d480be6,68ffc55371128ff03ff45265,6900cab1bc1480c6c96c5b76,2,False,10,True
24,2450,3,assets/targets/lh_ll_unlink_plinko_0000/img.jpg,assets/targets/lh_ll_unlink_plinko_0000/recording.mp4,lh_ll_unlink_plinko_0000,goal_3,False,maybe,65c10d42d5c2debb4d480be6,68ffc55371128ff03ff45265,6900cab1bc1480c6c96c5b76,3,False,10,True
