trial,rt,response,world,img1_1,img1_2,img2_1,img2_2,recording1_1,recording1_2,recording2_1,recording2_2,sim_x_result1,sim_x_result2,filler,color0_probe_img1,color1_probe_img0,color1_probe_img1,color0_probe_img0,probe_obj,probe_obj_idx,probe_shift_id,worldtype,teleporter_entry_color_idx,teleporter_entry_color,pid,answer,img,counterbalance_id,correct_conf,correct
0,22092,0,0064,assets/targets/0064/img1_1.png,assets/targets/0064/img1_2.png,assets/targets/0064/img2_1.png,assets/targets/0064/img2_2.png,assets/targets/0064/recording1_1.mp4,assets/targets/0064/recording1_2.mp4,assets/targets/0064/recording2_1.mp4,assets/targets/0064/recording2_2.mp4,572.435126403118,233.99006146723664,False,assets/targets/0064/outlinestim_world1_probe2_1_1.png,assets/targets/0064/outlinestim_world2_probe2_1_0.png,assets/targets/0064/outlinestim_world2_probe2_1_1.png,assets/targets/0064/outlinestim_world1_probe2_1_0.png,noteleport_consistent,2,1,1,1,blue,6706711991ae8afb4667b089,0,assets/targets/0064/outlinestim_world2_probe2_1_1.png,1,100,True
1,24446,49,0091,assets/targets/0091/img1_1.png,assets/targets/0091/img1_2.png,assets/targets/0091/img2_1.png,assets/targets/0091/img2_2.png,assets/targets/0091/recording1_1.mp4,assets/targets/0091/recording1_2.mp4,assets/targets/0091/recording2_1.mp4,assets/targets/0091/recording2_2.mp4,360.26329222466995,232.43135081432789,False,assets/targets/0091/outlinestim_world1_probe0_1_1.png,assets/targets/0091/outlinestim_world2_probe0_1_0.png,assets/targets/0091/outlinestim_world2_probe0_1_1.png,assets/targets/0091/outlinestim_world1_probe0_1_0.png,nocol,0,1,1,1,blue,6706711991ae8afb4667b089,0,assets/targets/0091/outlinestim_world2_probe0_1_1.png,1,51,True
2,9078,0,0052,assets/targets/0052/img1_1.png,assets/targets/0052/img1_2.png,assets/targets/0052/img2_1.png,assets/targets/0052/img2_2.png,assets/targets/0052/recording1_1.mp4,assets/targets/0052/recording1_2.mp4,assets/targets/0052/recording2_1.mp4,assets/targets/0052/recording2_2.mp4,570.2567171334038,231.9134273051645,False,assets/targets/0052/outlinestim_world1_probe1_2_1.png,assets/targets/0052/outlinestim_world2_probe1_2_0.png,assets/targets/0052/outlinestim_world2_probe1_2_1.png,assets/targets/0052/outlinestim_world1_probe1_2_0.png,teleport_consistent,1,2,2,1,blue,6706711991ae8afb4667b089,1,assets/targets/0052/outlinestim_world1_probe1_2_0.png,0,0,False
3,5116,0,0045,assets/targets/0045/img1_1.png,assets/targets/0045/img1_2.png,assets/targets/0045/img2_1.png,assets/targets/0045/img2_2.png,assets/targets/0045/recording1_1.mp4,assets/targets/0045/recording1_2.mp4,assets/targets/0045/recording2_1.mp4,assets/targets/0045/recording2_2.mp4,436.6559051772762,257.95950551802974,False,assets/targets/0045/outlinestim_world1_probe1_1_1.png,assets/targets/0045/outlinestim_world2_probe1_1_0.png,assets/targets/0045/outlinestim_world2_probe1_1_1.png,assets/targets/0045/outlinestim_world1_probe1_1_0.png,teleport_consistent,1,1,2,1,blue,6706711991ae8afb4667b089,1,assets/targets/0045/outlinestim_world1_probe1_1_0.png,0,0,False
4,6452,100,0024,assets/targets/0024/img1_1.png,assets/targets/0024/img1_2.png,assets/targets/0024/img2_1.png,assets/targets/0024/img2_2.png,assets/targets/0024/recording1_1.mp4,assets/targets/0024/recording1_2.mp4,assets/targets/0024/recording2_1.mp4,assets/targets/0024/recording2_2.mp4,392.50547349657757,36.17405762242421,False,assets/targets/0024/outlinestim_world1_probe1_1_1.png,assets/targets/0024/outlinestim_world2_probe1_1_0.png,assets/targets/0024/outlinestim_world2_probe1_1_1.png,assets/targets/0024/outlinestim_world1_probe1_1_0.png,teleport_consistent,1,1,2,1,blue,6706711991ae8afb4667b089,1,assets/targets/0024/outlinestim_world1_probe1_1_0.png,0,100,True
5,9378,0,0069,assets/targets/0069/img1_1.png,assets/targets/0069/img1_2.png,assets/targets/0069/img2_1.png,assets/targets/0069/img2_2.png,assets/targets/0069/recording1_1.mp4,assets/targets/0069/recording1_2.mp4,assets/targets/0069/recording2_1.mp4,assets/targets/0069/recording2_2.mp4,45.99293272938177,282.53465008228795,False,assets/targets/0069/outlinestim_world1_probe2_1_1.png,assets/targets/0069/outlinestim_world2_probe2_1_0.png,assets/targets/0069/outlinestim_world2_probe2_1_1.png,assets/targets/0069/outlinestim_world1_probe2_1_0.png,noteleport_consistent,2,1,2,1,blue,6706711991ae8afb4667b089,1,assets/targets/0069/outlinestim_world1_probe2_1_0.png,0,0,False
6,4137,100,0025,assets/targets/0025/img1_1.png,assets/targets/0025/img1_2.png,assets/targets/0025/img2_1.png,assets/targets/0025/img2_2.png,assets/targets/0025/recording1_1.mp4,assets/targets/0025/recording1_2.mp4,assets/targets/0025/recording2_1.mp4,assets/targets/0025/recording2_2.mp4,275.75178627094397,548.0849702817209,False,assets/targets/0025/outlinestim_world1_probe0_1_1.png,assets/targets/0025/outlinestim_world2_probe0_1_0.png,assets/targets/0025/outlinestim_world2_probe0_1_1.png,assets/targets/0025/outlinestim_world1_probe0_1_0.png,nocol,0,1,1,1,blue,6706711991ae8afb4667b089,1,assets/targets/0025/outlinestim_world2_probe0_1_0.png,0,100,True
7,5219,95,0072,assets/targets/0072/img1_1.png,assets/targets/0072/img1_2.png,assets/targets/0072/img2_1.png,assets/targets/0072/img2_2.png,assets/targets/0072/recording1_1.mp4,assets/targets/0072/recording1_2.mp4,assets/targets/0072/recording2_1.mp4,assets/targets/0072/recording2_2.mp4,263.49876924364594,480.2927000755407,False,assets/targets/0072/outlinestim_world1_probe0_2_1.png,assets/targets/0072/outlinestim_world2_probe0_2_0.png,assets/targets/0072/outlinestim_world2_probe0_2_1.png,assets/targets/0072/outlinestim_world1_probe0_2_0.png,nocol,0,2,1,1,blue,6706711991ae8afb4667b089,1,assets/targets/0072/outlinestim_world2_probe0_2_0.png,0,95,True
8,4208,50,0042,assets/targets/0042/img1_1.png,assets/targets/0042/img1_2.png,assets/targets/0042/img2_1.png,assets/targets/0042/img2_2.png,assets/targets/0042/recording1_1.mp4,assets/targets/0042/recording1_2.mp4,assets/targets/0042/recording2_1.mp4,assets/targets/0042/recording2_2.mp4,302.7180979554031,305.896846954325,False,assets/targets/0042/outlinestim_world1_probe0_1_1.png,assets/targets/0042/outlinestim_world2_probe0_1_0.png,assets/targets/0042/outlinestim_world2_probe0_1_1.png,assets/targets/0042/outlinestim_world1_probe0_1_0.png,nocol,0,1,1,1,blue,6706711991ae8afb4667b089,1,assets/targets/0042/outlinestim_world2_probe0_1_0.png,0,50,True
0,20913,100,0045,assets/targets/0045/img1_1.png,assets/targets/0045/img1_2.png,assets/targets/0045/img2_1.png,assets/targets/0045/img2_2.png,assets/targets/0045/recording1_1.mp4,assets/targets/0045/recording1_2.mp4,assets/targets/0045/recording2_1.mp4,assets/targets/0045/recording2_2.mp4,436.6559051772762,257.95950551802974,False,assets/targets/0045/outlinestim_world1_probe1_2_1.png,assets/targets/0045/outlinestim_world2_probe1_2_0.png,assets/targets/0045/outlinestim_world2_probe1_2_1.png,assets/targets/0045/outlinestim_world1_probe1_2_0.png,teleport_consistent,1,2,2,0,brown,6706a3178e68f852ab949092,1,assets/targets/0045/outlinestim_world2_probe1_2_0.png,0,100,True
1,7830,0,0091,assets/targets/0091/img1_1.png,assets/targets/0091/img1_2.png,assets/targets/0091/img2_1.png,assets/targets/0091/img2_2.png,assets/targets/0091/recording1_1.mp4,assets/targets/0091/recording1_2.mp4,assets/targets/0091/recording2_1.mp4,assets/targets/0091/recording2_2.mp4,360.26329222466995,232.43135081432789,False,assets/targets/0091/outlinestim_world1_probe2_2_1.png,assets/targets/0091/outlinestim_world2_probe2_2_0.png,assets/targets/0091/outlinestim_world2_probe2_2_1.png,assets/targets/0091/outlinestim_world1_probe2_2_0.png,noteleport_consistent,2,2,2,0,brown,6706a3178e68f852ab949092,0,assets/targets/0091/outlinestim_world2_probe2_2_1.png,1,100,True
2,5771,0,0042,assets/targets/0042/img1_1.png,assets/targets/0042/img1_2.png,assets/targets/0042/img2_1.png,assets/targets/0042/img2_2.png,assets/targets/0042/recording1_1.mp4,assets/targets/0042/recording1_2.mp4,assets/targets/0042/recording2_1.mp4,assets/targets/0042/recording2_2.mp4,302.7180979554031,305.896846954325,False,assets/targets/0042/outlinestim_world1_probe1_2_1.png,assets/targets/0042/outlinestim_world2_probe1_2_0.png,assets/targets/0042/outlinestim_world2_probe1_2_1.png,assets/targets/0042/outlinestim_world1_probe1_2_0.png,teleport_consistent,1,2,2,0,brown,6706a3178e68f852ab949092,1,assets/targets/0042/outlinestim_world2_probe1_2_0.png,0,0,False
3,5306,0,0072,assets/targets/0072/img1_1.png,assets/targets/0072/img1_2.png,assets/targets/0072/img2_1.png,assets/targets/0072/img2_2.png,assets/targets/0072/recording1_1.mp4,assets/targets/0072/recording1_2.mp4,assets/targets/0072/recording2_1.mp4,assets/targets/0072/recording2_2.mp4,263.49876924364594,480.2927000755407,False,assets/targets/0072/outlinestim_world1_probe2_1_1.png,assets/targets/0072/outlinestim_world2_probe2_1_0.png,assets/targets/0072/outlinestim_world2_probe2_1_1.png,assets/targets/0072/outlinestim_world1_probe2_1_0.png,noteleport_consistent,2,1,2,0,brown,6706a3178e68f852ab949092,0,assets/targets/0072/outlinestim_world2_probe2_1_1.png,1,100,True
4,6959,100,0025,assets/targets/0025/img1_1.png,assets/targets/0025/img1_2.png,assets/targets/0025/img2_1.png,assets/targets/0025/img2_2.png,assets/targets/0025/recording1_1.mp4,assets/targets/0025/recording1_2.mp4,assets/targets/0025/recording2_1.mp4,assets/targets/0025/recording2_2.mp4,275.75178627094397,548.0849702817209,False,assets/targets/0025/outlinestim_world1_probe0_1_1.png,assets/targets/0025/outlinestim_world2_probe0_1_0.png,assets/targets/0025/outlinestim_world2_probe0_1_1.png,assets/targets/0025/outlinestim_world1_probe0_1_0.png,nocol,0,1,2,0,brown,6706a3178e68f852ab949092,1,assets/targets/0025/outlinestim_world2_probe0_1_0.png,0,100,True
5,4822,0,0064,assets/targets/0064/img1_1.png,assets/targets/0064/img1_2.png,assets/targets/0064/img2_1.png,assets/targets/0064/img2_2.png,assets/targets/0064/recording1_1.mp4,assets/targets/0064/recording1_2.mp4,assets/targets/0064/recording2_1.mp4,assets/targets/0064/recording2_2.mp4,572.435126403118,233.99006146723664,False,assets/targets/0064/outlinestim_world1_probe0_2_1.png,assets/targets/0064/outlinestim_world2_probe0_2_0.png,assets/targets/0064/outlinestim_world2_probe0_2_1.png,assets/targets/0064/outlinestim_world1_probe0_2_0.png,nocol,0,2,2,0,brown,6706a3178e68f852ab949092,0,assets/targets/0064/outlinestim_world2_probe0_2_1.png,1,100,True
6,6432,0,0024,assets/targets/0024/img1_1.png,assets/targets/0024/img1_2.png,assets/targets/0024/img2_1.png,assets/targets/0024/img2_2.png,assets/targets/0024/recording1_1.mp4,assets/targets/0024/recording1_2.mp4,assets/targets/0024/recording2_1.mp4,assets/targets/0024/recording2_2.mp4,392.50547349657757,36.17405762242421,False,assets/targets/0024/outlinestim_world1_probe0_1_1.png,assets/targets/0024/outlinestim_world2_probe0_1_0.png,assets/targets/0024/outlinestim_world2_probe0_1_1.png,assets/targets/0024/outlinestim_world1_probe0_1_0.png,nocol,0,1,2,0,brown,6706a3178e68f852ab949092,1,assets/targets/0024/outlinestim_world2_probe0_1_0.png,0,0,False
7,3723,100,0052,assets/targets/0052/img1_1.png,assets/targets/0052/img1_2.png,assets/targets/0052/img2_1.png,assets/targets/0052/img2_2.png,assets/targets/0052/recording1_1.mp4,assets/targets/0052/recording1_2.mp4,assets/targets/0052/recording2_1.mp4,assets/targets/0052/recording2_2.mp4,570.2567171334038,231.9134273051645,False,assets/targets/0052/outlinestim_world1_probe0_2_1.png,assets/targets/0052/outlinestim_world2_probe0_2_0.png,assets/targets/0052/outlinestim_world2_probe0_2_1.png,assets/targets/0052/outlinestim_world1_probe0_2_0.png,nocol,0,2,2,0,brown,6706a3178e68f852ab949092,1,assets/targets/0052/outlinestim_world2_probe0_2_0.png,0,100,True
8,23445,100,0069,assets/targets/0069/img1_1.png,assets/targets/0069/img1_2.png,assets/targets/0069/img2_1.png,assets/targets/0069/img2_2.png,assets/targets/0069/recording1_1.mp4,assets/targets/0069/recording1_2.mp4,assets/targets/0069/recording2_1.mp4,assets/targets/0069/recording2_2.mp4,45.99293272938177,282.53465008228795,False,assets/targets/0069/outlinestim_world1_probe0_2_1.png,assets/targets/0069/outlinestim_world2_probe0_2_0.png,assets/targets/0069/outlinestim_world2_probe0_2_1.png,assets/targets/0069/outlinestim_world1_probe0_2_0.png,nocol,0,2,2,0,brown,6706a3178e68f852ab949092,1,assets/targets/0069/outlinestim_world2_probe0_2_0.png,0,100,True
0,21652,74,0025,assets/targets/0025/img1_1.png,assets/targets/0025/img1_2.png,assets/targets/0025/img2_1.png,assets/targets/0025/img2_2.png,assets/targets/0025/recording1_1.mp4,assets/targets/0025/recording1_2.mp4,assets/targets/0025/recording2_1.mp4,assets/targets/0025/recording2_2.mp4,275.75178627094397,548.0849702817209,False,assets/targets/0025/outlinestim_world1_probe1_1_1.png,assets/targets/0025/outlinestim_world2_probe1_1_0.png,assets/targets/0025/outlinestim_world2_probe1_1_1.png,assets/targets/0025/outlinestim_world1_probe1_1_0.png,teleport_consistent,1,1,1,0,brown,60ba36a23cc2c56419ae0f1e,1,assets/targets/0025/outlinestim_world1_probe1_1_0.png,0,74,True
1,16131,22,0072,assets/targets/0072/img1_1.png,assets/targets/0072/img1_2.png,assets/targets/0072/img2_1.png,assets/targets/0072/img2_2.png,assets/targets/0072/recording1_1.mp4,assets/targets/0072/recording1_2.mp4,assets/targets/0072/recording2_1.mp4,assets/targets/0072/recording2_2.mp4,263.49876924364594,480.2927000755407,False,assets/targets/0072/outlinestim_world1_probe2_2_1.png,assets/targets/0072/outlinestim_world2_probe2_2_0.png,assets/targets/0072/outlinestim_world2_probe2_2_1.png,assets/targets/0072/outlinestim_world1_probe2_2_0.png,noteleport_consistent,2,2,1,0,brown,60ba36a23cc2c56419ae0f1e,0,assets/targets/0072/outlinestim_world1_probe2_2_1.png,1,78,True
2,8069,76,0052,assets/targets/0052/img1_1.png,assets/targets/0052/img1_2.png,assets/targets/0052/img2_1.png,assets/targets/0052/img2_2.png,assets/targets/0052/recording1_1.mp4,assets/targets/0052/recording1_2.mp4,assets/targets/0052/recording2_1.mp4,assets/targets/0052/recording2_2.mp4,570.2567171334038,231.9134273051645,False,assets/targets/0052/outlinestim_world1_probe1_2_1.png,assets/targets/0052/outlinestim_world2_probe1_2_0.png,assets/targets/0052/outlinestim_world2_probe1_2_1.png,assets/targets/0052/outlinestim_world1_probe1_2_0.png,teleport_consistent,1,2,1,0,brown,60ba36a23cc2c56419ae0f1e,1,assets/targets/0052/outlinestim_world1_probe1_2_0.png,0,76,True
3,6412,28,0024,assets/targets/0024/img1_1.png,assets/targets/0024/img1_2.png,assets/targets/0024/img2_1.png,assets/targets/0024/img2_2.png,assets/targets/0024/recording1_1.mp4,assets/targets/0024/recording1_2.mp4,assets/targets/0024/recording2_1.mp4,assets/targets/0024/recording2_2.mp4,392.50547349657757,36.17405762242421,False,assets/targets/0024/outlinestim_world1_probe1_2_1.png,assets/targets/0024/outlinestim_world2_probe1_2_0.png,assets/targets/0024/outlinestim_world2_probe1_2_1.png,assets/targets/0024/outlinestim_world1_probe1_2_0.png,teleport_consistent,1,2,1,0,brown,60ba36a23cc2c56419ae0f1e,0,assets/targets/0024/outlinestim_world1_probe1_2_1.png,1,72,True
4,7048,81,0045,assets/targets/0045/img1_1.png,assets/targets/0045/img1_2.png,assets/targets/0045/img2_1.png,assets/targets/0045/img2_2.png,assets/targets/0045/recording1_1.mp4,assets/targets/0045/recording1_2.mp4,assets/targets/0045/recording2_1.mp4,assets/targets/0045/recording2_2.mp4,436.6559051772762,257.95950551802974,False,assets/targets/0045/outlinestim_world1_probe2_1_1.png,assets/targets/0045/outlinestim_world2_probe2_1_0.png,assets/targets/0045/outlinestim_world2_probe2_1_1.png,assets/targets/0045/outlinestim_world1_probe2_1_0.png,noteleport_consistent,2,1,2,0,brown,60ba36a23cc2c56419ae0f1e,1,assets/targets/0045/outlinestim_world2_probe2_1_0.png,0,81,True
5,6629,24,0064,assets/targets/0064/img1_1.png,assets/targets/0064/img1_2.png,assets/targets/0064/img2_1.png,assets/targets/0064/img2_2.png,assets/targets/0064/recording1_1.mp4,assets/targets/0064/recording1_2.mp4,assets/targets/0064/recording2_1.mp4,assets/targets/0064/recording2_2.mp4,572.435126403118,233.99006146723664,False,assets/targets/0064/outlinestim_world1_probe2_2_1.png,assets/targets/0064/outlinestim_world2_probe2_2_0.png,assets/targets/0064/outlinestim_world2_probe2_2_1.png,assets/targets/0064/outlinestim_world1_probe2_2_0.png,noteleport_consistent,2,2,1,0,brown,60ba36a23cc2c56419ae0f1e,0,assets/targets/0064/outlinestim_world1_probe2_2_1.png,1,76,True
6,6921,73,0069,assets/targets/0069/img1_1.png,assets/targets/0069/img1_2.png,assets/targets/0069/img2_1.png,assets/targets/0069/img2_2.png,assets/targets/0069/recording1_1.mp4,assets/targets/0069/recording1_2.mp4,assets/targets/0069/recording2_1.mp4,assets/targets/0069/recording2_2.mp4,45.99293272938177,282.53465008228795,False,assets/targets/0069/outlinestim_world1_probe2_1_1.png,assets/targets/0069/outlinestim_world2_probe2_1_0.png,assets/targets/0069/outlinestim_world2_probe2_1_1.png,assets/targets/0069/outlinestim_world1_probe2_1_0.png,noteleport_consistent,2,1,1,0,brown,60ba36a23cc2c56419ae0f1e,0,assets/targets/0069/outlinestim_world1_probe2_1_1.png,1,27,False
7,6791,78,0091,assets/targets/0091/img1_1.png,assets/targets/0091/img1_2.png,assets/targets/0091/img2_1.png,assets/targets/0091/img2_2.png,assets/targets/0091/recording1_1.mp4,assets/targets/0091/recording1_2.mp4,assets/targets/0091/recording2_1.mp4,assets/targets/0091/recording2_2.mp4,360.26329222466995,232.43135081432789,False,assets/targets/0091/outlinestim_world1_probe1_2_1.png,assets/targets/0091/outlinestim_world2_probe1_2_0.png,assets/targets/0091/outlinestim_world2_probe1_2_1.png,assets/targets/0091/outlinestim_world1_probe1_2_0.png,teleport_consistent,1,2,1,0,brown,60ba36a23cc2c56419ae0f1e,1,assets/targets/0091/outlinestim_world1_probe1_2_0.png,0,78,True
8,8623,17,0042,assets/targets/0042/img1_1.png,assets/targets/0042/img1_2.png,assets/targets/0042/img2_1.png,assets/targets/0042/img2_2.png,assets/targets/0042/recording1_1.mp4,assets/targets/0042/recording1_2.mp4,assets/targets/0042/recording2_1.mp4,assets/targets/0042/recording2_2.mp4,302.7180979554031,305.896846954325,False,assets/targets/0042/outlinestim_world1_probe1_1_1.png,assets/targets/0042/outlinestim_world2_probe1_1_0.png,assets/targets/0042/outlinestim_world2_probe1_1_1.png,assets/targets/0042/outlinestim_world1_probe1_1_0.png,teleport_consistent,1,1,1,0,brown,60ba36a23cc2c56419ae0f1e,0,assets/targets/0042/outlinestim_world1_probe1_1_1.png,1,83,True
0,60216,84,0069,assets/targets/0069/img1_1.png,assets/targets/0069/img1_2.png,assets/targets/0069/img2_1.png,assets/targets/0069/img2_2.png,assets/targets/0069/recording1_1.mp4,assets/targets/0069/recording1_2.mp4,assets/targets/0069/recording2_1.mp4,assets/targets/0069/recording2_2.mp4,45.99293272938177,282.53465008228795,False,assets/targets/0069/outlinestim_world1_probe1_2_1.png,assets/targets/0069/outlinestim_world2_probe1_2_0.png,assets/targets/0069/outlinestim_world2_probe1_2_1.png,assets/targets/0069/outlinestim_world1_probe1_2_0.png,teleport_consistent,1,2,1,1,blue,5dd8529f332b3480549fd43b,1,assets/targets/0069/outlinestim_world2_probe1_2_0.png,0,84,True
1,9582,50,0045,assets/targets/0045/img1_1.png,assets/targets/0045/img1_2.png,assets/targets/0045/img2_1.png,assets/targets/0045/img2_2.png,assets/targets/0045/recording1_1.mp4,assets/targets/0045/recording1_2.mp4,assets/targets/0045/recording2_1.mp4,assets/targets/0045/recording2_2.mp4,436.6559051772762,257.95950551802974,False,assets/targets/0045/outlinestim_world1_probe0_2_1.png,assets/targets/0045/outlinestim_world2_probe0_2_0.png,assets/targets/0045/outlinestim_world2_probe0_2_1.png,assets/targets/0045/outlinestim_world1_probe0_2_0.png,nocol,0,2,1,1,blue,5dd8529f332b3480549fd43b,0,assets/targets/0045/outlinestim_world2_probe0_2_1.png,1,50,True
2,7266,50,0072,assets/targets/0072/img1_1.png,assets/targets/0072/img1_2.png,assets/targets/0072/img2_1.png,assets/targets/0072/img2_2.png,assets/targets/0072/recording1_1.mp4,assets/targets/0072/recording1_2.mp4,assets/targets/0072/recording2_1.mp4,assets/targets/0072/recording2_2.mp4,263.49876924364594,480.2927000755407,False,assets/targets/0072/outlinestim_world1_probe1_2_1.png,assets/targets/0072/outlinestim_world2_probe1_2_0.png,assets/targets/0072/outlinestim_world2_probe1_2_1.png,assets/targets/0072/outlinestim_world1_probe1_2_0.png,teleport_consistent,1,2,2,1,blue,5dd8529f332b3480549fd43b,1,assets/targets/0072/outlinestim_world1_probe1_2_0.png,0,50,True
3,21638,62,0052,assets/targets/0052/img1_1.png,assets/targets/0052/img1_2.png,assets/targets/0052/img2_1.png,assets/targets/0052/img2_2.png,assets/targets/0052/recording1_1.mp4,assets/targets/0052/recording1_2.mp4,assets/targets/0052/recording2_1.mp4,assets/targets/0052/recording2_2.mp4,570.2567171334038,231.9134273051645,False,assets/targets/0052/outlinestim_world1_probe2_1_1.png,assets/targets/0052/outlinestim_world2_probe2_1_0.png,assets/targets/0052/outlinestim_world2_probe2_1_1.png,assets/targets/0052/outlinestim_world1_probe2_1_0.png,noteleport_consistent,2,1,2,1,blue,5dd8529f332b3480549fd43b,0,assets/targets/0052/outlinestim_world1_probe2_1_1.png,1,38,False
4,13260,50,0042,assets/targets/0042/img1_1.png,assets/targets/0042/img1_2.png,assets/targets/0042/img2_1.png,assets/targets/0042/img2_2.png,assets/targets/0042/recording1_1.mp4,assets/targets/0042/recording1_2.mp4,assets/targets/0042/recording2_1.mp4,assets/targets/0042/recording2_2.mp4,302.7180979554031,305.896846954325,False,assets/targets/0042/outlinestim_world1_probe1_2_1.png,assets/targets/0042/outlinestim_world2_probe1_2_0.png,assets/targets/0042/outlinestim_world2_probe1_2_1.png,assets/targets/0042/outlinestim_world1_probe1_2_0.png,teleport_consistent,1,2,2,1,blue,5dd8529f332b3480549fd43b,1,assets/targets/0042/outlinestim_world1_probe1_2_0.png,0,50,True
5,4184,50,0025,assets/targets/0025/img1_1.png,assets/targets/0025/img1_2.png,assets/targets/0025/img2_1.png,assets/targets/0025/img2_2.png,assets/targets/0025/recording1_1.mp4,assets/targets/0025/recording1_2.mp4,assets/targets/0025/recording2_1.mp4,assets/targets/0025/recording2_2.mp4,275.75178627094397,548.0849702817209,False,assets/targets/0025/outlinestim_world1_probe0_2_1.png,assets/targets/0025/outlinestim_world2_probe0_2_0.png,assets/targets/0025/outlinestim_world2_probe0_2_1.png,assets/targets/0025/outlinestim_world1_probe0_2_0.png,nocol,0,2,1,1,blue,5dd8529f332b3480549fd43b,1,assets/targets/0025/outlinestim_world2_probe0_2_0.png,0,50,True
6,3565,50,0091,assets/targets/0091/img1_1.png,assets/targets/0091/img1_2.png,assets/targets/0091/img2_1.png,assets/targets/0091/img2_2.png,assets/targets/0091/recording1_1.mp4,assets/targets/0091/recording1_2.mp4,assets/targets/0091/recording2_1.mp4,assets/targets/0091/recording2_2.mp4,360.26329222466995,232.43135081432789,False,assets/targets/0091/outlinestim_world1_probe2_1_1.png,assets/targets/0091/outlinestim_world2_probe2_1_0.png,assets/targets/0091/outlinestim_world2_probe2_1_1.png,assets/targets/0091/outlinestim_world1_probe2_1_0.png,noteleport_consistent,2,1,1,1,blue,5dd8529f332b3480549fd43b,0,assets/targets/0091/outlinestim_world2_probe2_1_1.png,1,50,True
7,8485,66,0024,assets/targets/0024/img1_1.png,assets/targets/0024/img1_2.png,assets/targets/0024/img2_1.png,assets/targets/0024/img2_2.png,assets/targets/0024/recording1_1.mp4,assets/targets/0024/recording1_2.mp4,assets/targets/0024/recording2_1.mp4,assets/targets/0024/recording2_2.mp4,392.50547349657757,36.17405762242421,False,assets/targets/0024/outlinestim_world1_probe2_2_1.png,assets/targets/0024/outlinestim_world2_probe2_2_0.png,assets/targets/0024/outlinestim_world2_probe2_2_1.png,assets/targets/0024/outlinestim_world1_probe2_2_0.png,noteleport_consistent,2,2,2,1,blue,5dd8529f332b3480549fd43b,1,assets/targets/0024/outlinestim_world1_probe2_2_0.png,0,66,True
8,6121,50,0064,assets/targets/0064/img1_1.png,assets/targets/0064/img1_2.png,assets/targets/0064/img2_1.png,assets/targets/0064/img2_2.png,assets/targets/0064/recording1_1.mp4,assets/targets/0064/recording1_2.mp4,assets/targets/0064/recording2_1.mp4,assets/targets/0064/recording2_2.mp4,572.435126403118,233.99006146723664,False,assets/targets/0064/outlinestim_world1_probe0_2_1.png,assets/targets/0064/outlinestim_world2_probe0_2_0.png,assets/targets/0064/outlinestim_world2_probe0_2_1.png,assets/targets/0064/outlinestim_world1_probe0_2_0.png,nocol,0,2,2,1,blue,5dd8529f332b3480549fd43b,0,assets/targets/0064/outlinestim_world1_probe0_2_1.png,1,50,True
0,32580,100,0052,assets/targets/0052/img1_1.png,assets/targets/0052/img1_2.png,assets/targets/0052/img2_1.png,assets/targets/0052/img2_2.png,assets/targets/0052/recording1_1.mp4,assets/targets/0052/recording1_2.mp4,assets/targets/0052/recording2_1.mp4,assets/targets/0052/recording2_2.mp4,570.2567171334038,231.9134273051645,False,assets/targets/0052/outlinestim_world1_probe0_2_1.png,assets/targets/0052/outlinestim_world2_probe0_2_0.png,assets/targets/0052/outlinestim_world2_probe0_2_1.png,assets/targets/0052/outlinestim_world1_probe0_2_0.png,nocol,0,2,1,1,blue,667635a0e819fe4b373a9f66,0,assets/targets/0052/outlinestim_world2_probe0_2_1.png,1,0,False
1,5445,48,0024,assets/targets/0024/img1_1.png,assets/targets/0024/img1_2.png,assets/targets/0024/img2_1.png,assets/targets/0024/img2_2.png,assets/targets/0024/recording1_1.mp4,assets/targets/0024/recording1_2.mp4,assets/targets/0024/recording2_1.mp4,assets/targets/0024/recording2_2.mp4,392.50547349657757,36.17405762242421,False,assets/targets/0024/outlinestim_world1_probe0_1_1.png,assets/targets/0024/outlinestim_world2_probe0_1_0.png,assets/targets/0024/outlinestim_world2_probe0_1_1.png,assets/targets/0024/outlinestim_world1_probe0_1_0.png,nocol,0,1,1,1,blue,667635a0e819fe4b373a9f66,0,assets/targets/0024/outlinestim_world2_probe0_1_1.png,1,52,True
2,5908,48,0045,assets/targets/0045/img1_1.png,assets/targets/0045/img1_2.png,assets/targets/0045/img2_1.png,assets/targets/0045/img2_2.png,assets/targets/0045/recording1_1.mp4,assets/targets/0045/recording1_2.mp4,assets/targets/0045/recording2_1.mp4,assets/targets/0045/recording2_2.mp4,436.6559051772762,257.95950551802974,False,assets/targets/0045/outlinestim_world1_probe2_2_1.png,assets/targets/0045/outlinestim_world2_probe2_2_0.png,assets/targets/0045/outlinestim_world2_probe2_2_1.png,assets/targets/0045/outlinestim_world1_probe2_2_0.png,noteleport_consistent,2,2,2,1,blue,667635a0e819fe4b373a9f66,1,assets/targets/0045/outlinestim_world1_probe2_2_0.png,0,48,False
3,4083,35,0069,assets/targets/0069/img1_1.png,assets/targets/0069/img1_2.png,assets/targets/0069/img2_1.png,assets/targets/0069/img2_2.png,assets/targets/0069/recording1_1.mp4,assets/targets/0069/recording1_2.mp4,assets/targets/0069/recording2_1.mp4,assets/targets/0069/recording2_2.mp4,45.99293272938177,282.53465008228795,False,assets/targets/0069/outlinestim_world1_probe1_1_1.png,assets/targets/0069/outlinestim_world2_probe1_1_0.png,assets/targets/0069/outlinestim_world2_probe1_1_1.png,assets/targets/0069/outlinestim_world1_probe1_1_0.png,teleport_consistent,1,1,2,1,blue,667635a0e819fe4b373a9f66,1,assets/targets/0069/outlinestim_world1_probe1_1_0.png,0,35,False
4,5204,48,0064,assets/targets/0064/img1_1.png,assets/targets/0064/img1_2.png,assets/targets/0064/img2_1.png,assets/targets/0064/img2_2.png,assets/targets/0064/recording1_1.mp4,assets/targets/0064/recording1_2.mp4,assets/targets/0064/recording2_1.mp4,assets/targets/0064/recording2_2.mp4,572.435126403118,233.99006146723664,False,assets/targets/0064/outlinestim_world1_probe1_1_1.png,assets/targets/0064/outlinestim_world2_probe1_1_0.png,assets/targets/0064/outlinestim_world2_probe1_1_1.png,assets/targets/0064/outlinestim_world1_probe1_1_0.png,teleport_consistent,1,1,2,1,blue,667635a0e819fe4b373a9f66,0,assets/targets/0064/outlinestim_world1_probe1_1_1.png,1,52,True
5,4103,55,0025,assets/targets/0025/img1_1.png,assets/targets/0025/img1_2.png,assets/targets/0025/img2_1.png,assets/targets/0025/img2_2.png,assets/targets/0025/recording1_1.mp4,assets/targets/0025/recording1_2.mp4,assets/targets/0025/recording2_1.mp4,assets/targets/0025/recording2_2.mp4,275.75178627094397,548.0849702817209,False,assets/targets/0025/outlinestim_world1_probe0_1_1.png,assets/targets/0025/outlinestim_world2_probe0_1_0.png,assets/targets/0025/outlinestim_world2_probe0_1_1.png,assets/targets/0025/outlinestim_world1_probe0_1_0.png,nocol,0,1,2,1,blue,667635a0e819fe4b373a9f66,1,assets/targets/0025/outlinestim_world1_probe0_1_0.png,0,55,True
6,6009,33,0072,assets/targets/0072/img1_1.png,assets/targets/0072/img1_2.png,assets/targets/0072/img2_1.png,assets/targets/0072/img2_2.png,assets/targets/0072/recording1_1.mp4,assets/targets/0072/recording1_2.mp4,assets/targets/0072/recording2_1.mp4,assets/targets/0072/recording2_2.mp4,263.49876924364594,480.2927000755407,False,assets/targets/0072/outlinestim_world1_probe0_2_1.png,assets/targets/0072/outlinestim_world2_probe0_2_0.png,assets/targets/0072/outlinestim_world2_probe0_2_1.png,assets/targets/0072/outlinestim_world1_probe0_2_0.png,nocol,0,2,1,1,blue,667635a0e819fe4b373a9f66,1,assets/targets/0072/outlinestim_world2_probe0_2_0.png,0,33,False
7,2956,41,0091,assets/targets/0091/img1_1.png,assets/targets/0091/img1_2.png,assets/targets/0091/img2_1.png,assets/targets/0091/img2_2.png,assets/targets/0091/recording1_1.mp4,assets/targets/0091/recording1_2.mp4,assets/targets/0091/recording2_1.mp4,assets/targets/0091/recording2_2.mp4,360.26329222466995,232.43135081432789,False,assets/targets/0091/outlinestim_world1_probe1_1_1.png,assets/targets/0091/outlinestim_world2_probe1_1_0.png,assets/targets/0091/outlinestim_world2_probe1_1_1.png,assets/targets/0091/outlinestim_world1_probe1_1_0.png,teleport_consistent,1,1,1,1,blue,667635a0e819fe4b373a9f66,1,assets/targets/0091/outlinestim_world2_probe1_1_0.png,0,41,False
8,3995,48,0042,assets/targets/0042/img1_1.png,assets/targets/0042/img1_2.png,assets/targets/0042/img2_1.png,assets/targets/0042/img2_2.png,assets/targets/0042/recording1_1.mp4,assets/targets/0042/recording1_2.mp4,assets/targets/0042/recording2_1.mp4,assets/targets/0042/recording2_2.mp4,302.7180979554031,305.896846954325,False,assets/targets/0042/outlinestim_world1_probe2_2_1.png,assets/targets/0042/outlinestim_world2_probe2_2_0.png,assets/targets/0042/outlinestim_world2_probe2_2_1.png,assets/targets/0042/outlinestim_world1_probe2_2_0.png,noteleport_consistent,2,2,2,1,blue,667635a0e819fe4b373a9f66,1,assets/targets/0042/outlinestim_world1_probe2_2_0.png,0,48,False
0,53965,100,0025,assets/targets/0025/img1_1.png,assets/targets/0025/img1_2.png,assets/targets/0025/img2_1.png,assets/targets/0025/img2_2.png,assets/targets/0025/recording1_1.mp4,assets/targets/0025/recording1_2.mp4,assets/targets/0025/recording2_1.mp4,assets/targets/0025/recording2_2.mp4,275.75178627094397,548.0849702817209,False,assets/targets/0025/outlinestim_world1_probe2_2_1.png,assets/targets/0025/outlinestim_world2_probe2_2_0.png,assets/targets/0025/outlinestim_world2_probe2_2_1.png,assets/targets/0025/outlinestim_world1_probe2_2_0.png,noteleport_consistent,2,2,2,0,brown,5d3969b6075f5700185d44b3,1,assets/targets/0025/outlinestim_world2_probe2_2_0.png,0,100,True
1,25556,0,0042,assets/targets/0042/img1_1.png,assets/targets/0042/img1_2.png,assets/targets/0042/img2_1.png,assets/targets/0042/img2_2.png,assets/targets/0042/recording1_1.mp4,assets/targets/0042/recording1_2.mp4,assets/targets/0042/recording2_1.mp4,assets/targets/0042/recording2_2.mp4,302.7180979554031,305.896846954325,False,assets/targets/0042/outlinestim_world1_probe2_2_1.png,assets/targets/0042/outlinestim_world2_probe2_2_0.png,assets/targets/0042/outlinestim_world2_probe2_2_1.png,assets/targets/0042/outlinestim_world1_probe2_2_0.png,noteleport_consistent,2,2,2,0,brown,5d3969b6075f5700185d44b3,0,assets/targets/0042/outlinestim_world2_probe2_2_1.png,1,100,True
2,33070,49,0024,assets/targets/0024/img1_1.png,assets/targets/0024/img1_2.png,assets/targets/0024/img2_1.png,assets/targets/0024/img2_2.png,assets/targets/0024/recording1_1.mp4,assets/targets/0024/recording1_2.mp4,assets/targets/0024/recording2_1.mp4,assets/targets/0024/recording2_2.mp4,392.50547349657757,36.17405762242421,False,assets/targets/0024/outlinestim_world1_probe0_1_1.png,assets/targets/0024/outlinestim_world2_probe0_1_0.png,assets/targets/0024/outlinestim_world2_probe0_1_1.png,assets/targets/0024/outlinestim_world1_probe0_1_0.png,nocol,0,1,2,0,brown,5d3969b6075f5700185d44b3,0,assets/targets/0024/outlinestim_world2_probe0_1_1.png,1,51,True
3,24963,50,0064,assets/targets/0064/img1_1.png,assets/targets/0064/img1_2.png,assets/targets/0064/img2_1.png,assets/targets/0064/img2_2.png,assets/targets/0064/recording1_1.mp4,assets/targets/0064/recording1_2.mp4,assets/targets/0064/recording2_1.mp4,assets/targets/0064/recording2_2.mp4,572.435126403118,233.99006146723664,False,assets/targets/0064/outlinestim_world1_probe0_1_1.png,assets/targets/0064/outlinestim_world2_probe0_1_0.png,assets/targets/0064/outlinestim_world2_probe0_1_1.png,assets/targets/0064/outlinestim_world1_probe0_1_0.png,nocol,0,1,1,0,brown,5d3969b6075f5700185d44b3,1,assets/targets/0064/outlinestim_world1_probe0_1_0.png,0,50,True
4,10192,42,0052,assets/targets/0052/img1_1.png,assets/targets/0052/img1_2.png,assets/targets/0052/img2_1.png,assets/targets/0052/img2_2.png,assets/targets/0052/recording1_1.mp4,assets/targets/0052/recording1_2.mp4,assets/targets/0052/recording2_1.mp4,assets/targets/0052/recording2_2.mp4,570.2567171334038,231.9134273051645,False,assets/targets/0052/outlinestim_world1_probe2_2_1.png,assets/targets/0052/outlinestim_world2_probe2_2_0.png,assets/targets/0052/outlinestim_world2_probe2_2_1.png,assets/targets/0052/outlinestim_world1_probe2_2_0.png,noteleport_consistent,2,2,1,0,brown,5d3969b6075f5700185d44b3,0,assets/targets/0052/outlinestim_world1_probe2_2_1.png,1,58,True
5,10615,47,0045,assets/targets/0045/img1_1.png,assets/targets/0045/img1_2.png,assets/targets/0045/img2_1.png,assets/targets/0045/img2_2.png,assets/targets/0045/recording1_1.mp4,assets/targets/0045/recording1_2.mp4,assets/targets/0045/recording2_1.mp4,assets/targets/0045/recording2_2.mp4,436.6559051772762,257.95950551802974,False,assets/targets/0045/outlinestim_world1_probe1_2_1.png,assets/targets/0045/outlinestim_world2_probe1_2_0.png,assets/targets/0045/outlinestim_world2_probe1_2_1.png,assets/targets/0045/outlinestim_world1_probe1_2_0.png,teleport_consistent,1,2,2,0,brown,5d3969b6075f5700185d44b3,0,assets/targets/0045/outlinestim_world2_probe1_2_1.png,1,53,True
6,36375,46,0069,assets/targets/0069/img1_1.png,assets/targets/0069/img1_2.png,assets/targets/0069/img2_1.png,assets/targets/0069/img2_2.png,assets/targets/0069/recording1_1.mp4,assets/targets/0069/recording1_2.mp4,assets/targets/0069/recording2_1.mp4,assets/targets/0069/recording2_2.mp4,45.99293272938177,282.53465008228795,False,assets/targets/0069/outlinestim_world1_probe1_2_1.png,assets/targets/0069/outlinestim_world2_probe1_2_0.png,assets/targets/0069/outlinestim_world2_probe1_2_1.png,assets/targets/0069/outlinestim_world1_probe1_2_0.png,teleport_consistent,1,2,2,0,brown,5d3969b6075f5700185d44b3,0,assets/targets/0069/outlinestim_world2_probe1_2_1.png,1,54,True
7,14921,50,0072,assets/targets/0072/img1_1.png,assets/targets/0072/img1_2.png,assets/targets/0072/img2_1.png,assets/targets/0072/img2_2.png,assets/targets/0072/recording1_1.mp4,assets/targets/0072/recording1_2.mp4,assets/targets/0072/recording2_1.mp4,assets/targets/0072/recording2_2.mp4,263.49876924364594,480.2927000755407,False,assets/targets/0072/outlinestim_world1_probe1_2_1.png,assets/targets/0072/outlinestim_world2_probe1_2_0.png,assets/targets/0072/outlinestim_world2_probe1_2_1.png,assets/targets/0072/outlinestim_world1_probe1_2_0.png,teleport_consistent,1,2,2,0,brown,5d3969b6075f5700185d44b3,1,assets/targets/0072/outlinestim_world2_probe1_2_0.png,0,50,True
8,31898,50,0091,assets/targets/0091/img1_1.png,assets/targets/0091/img1_2.png,assets/targets/0091/img2_1.png,assets/targets/0091/img2_2.png,assets/targets/0091/recording1_1.mp4,assets/targets/0091/recording1_2.mp4,assets/targets/0091/recording2_1.mp4,assets/targets/0091/recording2_2.mp4,360.26329222466995,232.43135081432789,False,assets/targets/0091/outlinestim_world1_probe0_1_1.png,assets/targets/0091/outlinestim_world2_probe0_1_0.png,assets/targets/0091/outlinestim_world2_probe0_1_1.png,assets/targets/0091/outlinestim_world1_probe0_1_0.png,nocol,0,1,2,0,brown,5d3969b6075f5700185d44b3,0,assets/targets/0091/outlinestim_world2_probe0_1_1.png,1,50,True
0,9557,95,0042,assets/targets/0042/img1_1.png,assets/targets/0042/img1_2.png,assets/targets/0042/img2_1.png,assets/targets/0042/img2_2.png,assets/targets/0042/recording1_1.mp4,assets/targets/0042/recording1_2.mp4,assets/targets/0042/recording2_1.mp4,assets/targets/0042/recording2_2.mp4,302.7180979554031,305.896846954325,False,assets/targets/0042/outlinestim_world1_probe2_1_1.png,assets/targets/0042/outlinestim_world2_probe2_1_0.png,assets/targets/0042/outlinestim_world2_probe2_1_1.png,assets/targets/0042/outlinestim_world1_probe2_1_0.png,noteleport_consistent,2,1,1,1,blue,667ac1826ce22f03fab354c3,1,assets/targets/0042/outlinestim_world2_probe2_1_0.png,0,95,True
1,3875,73,0052,assets/targets/0052/img1_1.png,assets/targets/0052/img1_2.png,assets/targets/0052/img2_1.png,assets/targets/0052/img2_2.png,assets/targets/0052/recording1_1.mp4,assets/targets/0052/recording1_2.mp4,assets/targets/0052/recording2_1.mp4,assets/targets/0052/recording2_2.mp4,570.2567171334038,231.9134273051645,False,assets/targets/0052/outlinestim_world1_probe2_2_1.png,assets/targets/0052/outlinestim_world2_probe2_2_0.png,assets/targets/0052/outlinestim_world2_probe2_2_1.png,assets/targets/0052/outlinestim_world1_probe2_2_0.png,noteleport_consistent,2,2,2,1,blue,667ac1826ce22f03fab354c3,1,assets/targets/0052/outlinestim_world1_probe2_2_0.png,0,73,True
2,4393,85,0091,assets/targets/0091/img1_1.png,assets/targets/0091/img1_2.png,assets/targets/0091/img2_1.png,assets/targets/0091/img2_2.png,assets/targets/0091/recording1_1.mp4,assets/targets/0091/recording1_2.mp4,assets/targets/0091/recording2_1.mp4,assets/targets/0091/recording2_2.mp4,360.26329222466995,232.43135081432789,False,assets/targets/0091/outlinestim_world1_probe0_1_1.png,assets/targets/0091/outlinestim_world2_probe0_1_0.png,assets/targets/0091/outlinestim_world2_probe0_1_1.png,assets/targets/0091/outlinestim_world1_probe0_1_0.png,nocol,0,1,1,1,blue,667ac1826ce22f03fab354c3,0,assets/targets/0091/outlinestim_world2_probe0_1_1.png,1,15,False
3,5917,87,0072,assets/targets/0072/img1_1.png,assets/targets/0072/img1_2.png,assets/targets/0072/img2_1.png,assets/targets/0072/img2_2.png,assets/targets/0072/recording1_1.mp4,assets/targets/0072/recording1_2.mp4,assets/targets/0072/recording2_1.mp4,assets/targets/0072/recording2_2.mp4,263.49876924364594,480.2927000755407,False,assets/targets/0072/outlinestim_world1_probe1_2_1.png,assets/targets/0072/outlinestim_world2_probe1_2_0.png,assets/targets/0072/outlinestim_world2_probe1_2_1.png,assets/targets/0072/outlinestim_world1_probe1_2_0.png,teleport_consistent,1,2,2,1,blue,667ac1826ce22f03fab354c3,1,assets/targets/0072/outlinestim_world1_probe1_2_0.png,0,87,True
4,14196,86,0069,assets/targets/0069/img1_1.png,assets/targets/0069/img1_2.png,assets/targets/0069/img2_1.png,assets/targets/0069/img2_2.png,assets/targets/0069/recording1_1.mp4,assets/targets/0069/recording1_2.mp4,assets/targets/0069/recording2_1.mp4,assets/targets/0069/recording2_2.mp4,45.99293272938177,282.53465008228795,False,assets/targets/0069/outlinestim_world1_probe2_2_1.png,assets/targets/0069/outlinestim_world2_probe2_2_0.png,assets/targets/0069/outlinestim_world2_probe2_2_1.png,assets/targets/0069/outlinestim_world1_probe2_2_0.png,noteleport_consistent,2,2,2,1,blue,667ac1826ce22f03fab354c3,1,assets/targets/0069/outlinestim_world1_probe2_2_0.png,0,86,True
5,66429,94,0024,assets/targets/0024/img1_1.png,assets/targets/0024/img1_2.png,assets/targets/0024/img2_1.png,assets/targets/0024/img2_2.png,assets/targets/0024/recording1_1.mp4,assets/targets/0024/recording1_2.mp4,assets/targets/0024/recording2_1.mp4,assets/targets/0024/recording2_2.mp4,392.50547349657757,36.17405762242421,False,assets/targets/0024/outlinestim_world1_probe1_2_1.png,assets/targets/0024/outlinestim_world2_probe1_2_0.png,assets/targets/0024/outlinestim_world2_probe1_2_1.png,assets/targets/0024/outlinestim_world1_probe1_2_0.png,teleport_consistent,1,2,1,1,blue,667ac1826ce22f03fab354c3,1,assets/targets/0024/outlinestim_world2_probe1_2_0.png,0,94,True
6,4087,86,0064,assets/targets/0064/img1_1.png,assets/targets/0064/img1_2.png,assets/targets/0064/img2_1.png,assets/targets/0064/img2_2.png,assets/targets/0064/recording1_1.mp4,assets/targets/0064/recording1_2.mp4,assets/targets/0064/recording2_1.mp4,assets/targets/0064/recording2_2.mp4,572.435126403118,233.99006146723664,False,assets/targets/0064/outlinestim_world1_probe2_1_1.png,assets/targets/0064/outlinestim_world2_probe2_1_0.png,assets/targets/0064/outlinestim_world2_probe2_1_1.png,assets/targets/0064/outlinestim_world1_probe2_1_0.png,noteleport_consistent,2,1,1,1,blue,667ac1826ce22f03fab354c3,0,assets/targets/0064/outlinestim_world2_probe2_1_1.png,1,14,False
7,3867,87,0025,assets/targets/0025/img1_1.png,assets/targets/0025/img1_2.png,assets/targets/0025/img2_1.png,assets/targets/0025/img2_2.png,assets/targets/0025/recording1_1.mp4,assets/targets/0025/recording1_2.mp4,assets/targets/0025/recording2_1.mp4,assets/targets/0025/recording2_2.mp4,275.75178627094397,548.0849702817209,False,assets/targets/0025/outlinestim_world1_probe2_1_1.png,assets/targets/0025/outlinestim_world2_probe2_1_0.png,assets/targets/0025/outlinestim_world2_probe2_1_1.png,assets/targets/0025/outlinestim_world1_probe2_1_0.png,noteleport_consistent,2,1,1,1,blue,667ac1826ce22f03fab354c3,1,assets/targets/0025/outlinestim_world2_probe2_1_0.png,0,87,True
8,3884,87,0045,assets/targets/0045/img1_1.png,assets/targets/0045/img1_2.png,assets/targets/0045/img2_1.png,assets/targets/0045/img2_2.png,assets/targets/0045/recording1_1.mp4,assets/targets/0045/recording1_2.mp4,assets/targets/0045/recording2_1.mp4,assets/targets/0045/recording2_2.mp4,436.6559051772762,257.95950551802974,False,assets/targets/0045/outlinestim_world1_probe2_2_1.png,assets/targets/0045/outlinestim_world2_probe2_2_0.png,assets/targets/0045/outlinestim_world2_probe2_2_1.png,assets/targets/0045/outlinestim_world1_probe2_2_0.png,noteleport_consistent,2,2,1,1,blue,667ac1826ce22f03fab354c3,1,assets/targets/0045/outlinestim_world2_probe2_2_0.png,0,87,True
0,531733,50,0064,assets/targets/0064/img1_1.png,assets/targets/0064/img1_2.png,assets/targets/0064/img2_1.png,assets/targets/0064/img2_2.png,assets/targets/0064/recording1_1.mp4,assets/targets/0064/recording1_2.mp4,assets/targets/0064/recording2_1.mp4,assets/targets/0064/recording2_2.mp4,572.435126403118,233.99006146723664,False,assets/targets/0064/outlinestim_world1_probe0_1_1.png,assets/targets/0064/outlinestim_world2_probe0_1_0.png,assets/targets/0064/outlinestim_world2_probe0_1_1.png,assets/targets/0064/outlinestim_world1_probe0_1_0.png,nocol,0,1,1,0,brown,60ffd9006d901f9d0ff35f48,0,assets/targets/0064/outlinestim_world1_probe0_1_1.png,1,50,True
1,7302,50,0024,assets/targets/0024/img1_1.png,assets/targets/0024/img1_2.png,assets/targets/0024/img2_1.png,assets/targets/0024/img2_2.png,assets/targets/0024/recording1_1.mp4,assets/targets/0024/recording1_2.mp4,assets/targets/0024/recording2_1.mp4,assets/targets/0024/recording2_2.mp4,392.50547349657757,36.17405762242421,False,assets/targets/0024/outlinestim_world1_probe0_2_1.png,assets/targets/0024/outlinestim_world2_probe0_2_0.png,assets/targets/0024/outlinestim_world2_probe0_2_1.png,assets/targets/0024/outlinestim_world1_probe0_2_0.png,nocol,0,2,2,0,brown,60ffd9006d901f9d0ff35f48,1,assets/targets/0024/outlinestim_world2_probe0_2_0.png,0,50,True
2,9686,51,0072,assets/targets/0072/img1_1.png,assets/targets/0072/img1_2.png,assets/targets/0072/img2_1.png,assets/targets/0072/img2_2.png,assets/targets/0072/recording1_1.mp4,assets/targets/0072/recording1_2.mp4,assets/targets/0072/recording2_1.mp4,assets/targets/0072/recording2_2.mp4,263.49876924364594,480.2927000755407,False,assets/targets/0072/outlinestim_world1_probe1_1_1.png,assets/targets/0072/outlinestim_world2_probe1_1_0.png,assets/targets/0072/outlinestim_world2_probe1_1_1.png,assets/targets/0072/outlinestim_world1_probe1_1_0.png,teleport_consistent,1,1,1,0,brown,60ffd9006d901f9d0ff35f48,1,assets/targets/0072/outlinestim_world1_probe1_1_0.png,0,51,True
3,5319,50,0091,assets/targets/0091/img1_1.png,assets/targets/0091/img1_2.png,assets/targets/0091/img2_1.png,assets/targets/0091/img2_2.png,assets/targets/0091/recording1_1.mp4,assets/targets/0091/recording1_2.mp4,assets/targets/0091/recording2_1.mp4,assets/targets/0091/recording2_2.mp4,360.26329222466995,232.43135081432789,False,assets/targets/0091/outlinestim_world1_probe0_2_1.png,assets/targets/0091/outlinestim_world2_probe0_2_0.png,assets/targets/0091/outlinestim_world2_probe0_2_1.png,assets/targets/0091/outlinestim_world1_probe0_2_0.png,nocol,0,2,2,0,brown,60ffd9006d901f9d0ff35f48,0,assets/targets/0091/outlinestim_world2_probe0_2_1.png,1,50,True
4,3997,50,0069,assets/targets/0069/img1_1.png,assets/targets/0069/img1_2.png,assets/targets/0069/img2_1.png,assets/targets/0069/img2_2.png,assets/targets/0069/recording1_1.mp4,assets/targets/0069/recording1_2.mp4,assets/targets/0069/recording2_1.mp4,assets/targets/0069/recording2_2.mp4,45.99293272938177,282.53465008228795,False,assets/targets/0069/outlinestim_world1_probe2_1_1.png,assets/targets/0069/outlinestim_world2_probe2_1_0.png,assets/targets/0069/outlinestim_world2_probe2_1_1.png,assets/targets/0069/outlinestim_world1_probe2_1_0.png,noteleport_consistent,2,1,1,0,brown,60ffd9006d901f9d0ff35f48,1,assets/targets/0069/outlinestim_world1_probe2_1_0.png,0,50,True
5,6289,79,0025,assets/targets/0025/img1_1.png,assets/targets/0025/img1_2.png,assets/targets/0025/img2_1.png,assets/targets/0025/img2_2.png,assets/targets/0025/recording1_1.mp4,assets/targets/0025/recording1_2.mp4,assets/targets/0025/recording2_1.mp4,assets/targets/0025/recording2_2.mp4,275.75178627094397,548.0849702817209,False,assets/targets/0025/outlinestim_world1_probe1_1_1.png,assets/targets/0025/outlinestim_world2_probe1_1_0.png,assets/targets/0025/outlinestim_world2_probe1_1_1.png,assets/targets/0025/outlinestim_world1_probe1_1_0.png,teleport_consistent,1,1,1,0,brown,60ffd9006d901f9d0ff35f48,1,assets/targets/0025/outlinestim_world1_probe1_1_0.png,0,79,True
6,4617,50,0045,assets/targets/0045/img1_1.png,assets/targets/0045/img1_2.png,assets/targets/0045/img2_1.png,assets/targets/0045/img2_2.png,assets/targets/0045/recording1_1.mp4,assets/targets/0045/recording1_2.mp4,assets/targets/0045/recording2_1.mp4,assets/targets/0045/recording2_2.mp4,436.6559051772762,257.95950551802974,False,assets/targets/0045/outlinestim_world1_probe1_1_1.png,assets/targets/0045/outlinestim_world2_probe1_1_0.png,assets/targets/0045/outlinestim_world2_probe1_1_1.png,assets/targets/0045/outlinestim_world1_probe1_1_0.png,teleport_consistent,1,1,2,0,brown,60ffd9006d901f9d0ff35f48,0,assets/targets/0045/outlinestim_world2_probe1_1_1.png,1,50,True
7,3367,50,0052,assets/targets/0052/img1_1.png,assets/targets/0052/img1_2.png,assets/targets/0052/img2_1.png,assets/targets/0052/img2_2.png,assets/targets/0052/recording1_1.mp4,assets/targets/0052/recording1_2.mp4,assets/targets/0052/recording2_1.mp4,assets/targets/0052/recording2_2.mp4,570.2567171334038,231.9134273051645,False,assets/targets/0052/outlinestim_world1_probe2_1_1.png,assets/targets/0052/outlinestim_world2_probe2_1_0.png,assets/targets/0052/outlinestim_world2_probe2_1_1.png,assets/targets/0052/outlinestim_world1_probe2_1_0.png,noteleport_consistent,2,1,1,0,brown,60ffd9006d901f9d0ff35f48,1,assets/targets/0052/outlinestim_world1_probe2_1_0.png,0,50,True
8,54481,51,0042,assets/targets/0042/img1_1.png,assets/targets/0042/img1_2.png,assets/targets/0042/img2_1.png,assets/targets/0042/img2_2.png,assets/targets/0042/recording1_1.mp4,assets/targets/0042/recording1_2.mp4,assets/targets/0042/recording2_1.mp4,assets/targets/0042/recording2_2.mp4,302.7180979554031,305.896846954325,False,assets/targets/0042/outlinestim_world1_probe2_2_1.png,assets/targets/0042/outlinestim_world2_probe2_2_0.png,assets/targets/0042/outlinestim_world2_probe2_2_1.png,assets/targets/0042/outlinestim_world1_probe2_2_0.png,noteleport_consistent,2,2,2,0,brown,60ffd9006d901f9d0ff35f48,1,assets/targets/0042/outlinestim_world2_probe2_2_0.png,0,51,True
0,4809,73,0052,assets/targets/0052/img1_1.png,assets/targets/0052/img1_2.png,assets/targets/0052/img2_1.png,assets/targets/0052/img2_2.png,assets/targets/0052/recording1_1.mp4,assets/targets/0052/recording1_2.mp4,assets/targets/0052/recording2_1.mp4,assets/targets/0052/recording2_2.mp4,570.2567171334038,231.9134273051645,False,assets/targets/0052/outlinestim_world1_probe1_1_1.png,assets/targets/0052/outlinestim_world2_probe1_1_0.png,assets/targets/0052/outlinestim_world2_probe1_1_1.png,assets/targets/0052/outlinestim_world1_probe1_1_0.png,teleport_consistent,1,1,1,1,blue,6636396184346e2371d067ec,0,assets/targets/0052/outlinestim_world2_probe1_1_1.png,1,27,False
1,5617,68,0069,assets/targets/0069/img1_1.png,assets/targets/0069/img1_2.png,assets/targets/0069/img2_1.png,assets/targets/0069/img2_2.png,assets/targets/0069/recording1_1.mp4,assets/targets/0069/recording1_2.mp4,assets/targets/0069/recording2_1.mp4,assets/targets/0069/recording2_2.mp4,45.99293272938177,282.53465008228795,False,assets/targets/0069/outlinestim_world1_probe0_2_1.png,assets/targets/0069/outlinestim_world2_probe0_2_0.png,assets/targets/0069/outlinestim_world2_probe0_2_1.png,assets/targets/0069/outlinestim_world1_probe0_2_0.png,nocol,0,2,1,1,blue,6636396184346e2371d067ec,1,assets/targets/0069/outlinestim_world2_probe0_2_0.png,0,68,True
2,3212,73,0064,assets/targets/0064/img1_1.png,assets/targets/0064/img1_2.png,assets/targets/0064/img2_1.png,assets/targets/0064/img2_2.png,assets/targets/0064/recording1_1.mp4,assets/targets/0064/recording1_2.mp4,assets/targets/0064/recording2_1.mp4,assets/targets/0064/recording2_2.mp4,572.435126403118,233.99006146723664,False,assets/targets/0064/outlinestim_world1_probe1_1_1.png,assets/targets/0064/outlinestim_world2_probe1_1_0.png,assets/targets/0064/outlinestim_world2_probe1_1_1.png,assets/targets/0064/outlinestim_world1_probe1_1_0.png,teleport_consistent,1,1,2,1,blue,6636396184346e2371d067ec,1,assets/targets/0064/outlinestim_world1_probe1_1_0.png,0,73,True
3,4082,64,0024,assets/targets/0024/img1_1.png,assets/targets/0024/img1_2.png,assets/targets/0024/img2_1.png,assets/targets/0024/img2_2.png,assets/targets/0024/recording1_1.mp4,assets/targets/0024/recording1_2.mp4,assets/targets/0024/recording2_1.mp4,assets/targets/0024/recording2_2.mp4,392.50547349657757,36.17405762242421,False,assets/targets/0024/outlinestim_world1_probe2_1_1.png,assets/targets/0024/outlinestim_world2_probe2_1_0.png,assets/targets/0024/outlinestim_world2_probe2_1_1.png,assets/targets/0024/outlinestim_world1_probe2_1_0.png,noteleport_consistent,2,1,1,1,blue,6636396184346e2371d067ec,0,assets/targets/0024/outlinestim_world2_probe2_1_1.png,1,36,False
4,4754,72,0042,assets/targets/0042/img1_1.png,assets/targets/0042/img1_2.png,assets/targets/0042/img2_1.png,assets/targets/0042/img2_2.png,assets/targets/0042/recording1_1.mp4,assets/targets/0042/recording1_2.mp4,assets/targets/0042/recording2_1.mp4,assets/targets/0042/recording2_2.mp4,302.7180979554031,305.896846954325,False,assets/targets/0042/outlinestim_world1_probe2_1_1.png,assets/targets/0042/outlinestim_world2_probe2_1_0.png,assets/targets/0042/outlinestim_world2_probe2_1_1.png,assets/targets/0042/outlinestim_world1_probe2_1_0.png,noteleport_consistent,2,1,2,1,blue,6636396184346e2371d067ec,0,assets/targets/0042/outlinestim_world1_probe2_1_1.png,1,28,False
5,9920,65,0045,assets/targets/0045/img1_1.png,assets/targets/0045/img1_2.png,assets/targets/0045/img2_1.png,assets/targets/0045/img2_2.png,assets/targets/0045/recording1_1.mp4,assets/targets/0045/recording1_2.mp4,assets/targets/0045/recording2_1.mp4,assets/targets/0045/recording2_2.mp4,436.6559051772762,257.95950551802974,False,assets/targets/0045/outlinestim_world1_probe1_2_1.png,assets/targets/0045/outlinestim_world2_probe1_2_0.png,assets/targets/0045/outlinestim_world2_probe1_2_1.png,assets/targets/0045/outlinestim_world1_probe1_2_0.png,teleport_consistent,1,2,1,1,blue,6636396184346e2371d067ec,1,assets/targets/0045/outlinestim_world2_probe1_2_0.png,0,65,True
6,3940,73,0025,assets/targets/0025/img1_1.png,assets/targets/0025/img1_2.png,assets/targets/0025/img2_1.png,assets/targets/0025/img2_2.png,assets/targets/0025/recording1_1.mp4,assets/targets/0025/recording1_2.mp4,assets/targets/0025/recording2_1.mp4,assets/targets/0025/recording2_2.mp4,275.75178627094397,548.0849702817209,False,assets/targets/0025/outlinestim_world1_probe2_2_1.png,assets/targets/0025/outlinestim_world2_probe2_2_0.png,assets/targets/0025/outlinestim_world2_probe2_2_1.png,assets/targets/0025/outlinestim_world1_probe2_2_0.png,noteleport_consistent,2,2,2,1,blue,6636396184346e2371d067ec,1,assets/targets/0025/outlinestim_world1_probe2_2_0.png,0,73,True
7,3788,79,0091,assets/targets/0091/img1_1.png,assets/targets/0091/img1_2.png,assets/targets/0091/img2_1.png,assets/targets/0091/img2_2.png,assets/targets/0091/recording1_1.mp4,assets/targets/0091/recording1_2.mp4,assets/targets/0091/recording2_1.mp4,assets/targets/0091/recording2_2.mp4,360.26329222466995,232.43135081432789,False,assets/targets/0091/outlinestim_world1_probe2_1_1.png,assets/targets/0091/outlinestim_world2_probe2_1_0.png,assets/targets/0091/outlinestim_world2_probe2_1_1.png,assets/targets/0091/outlinestim_world1_probe2_1_0.png,noteleport_consistent,2,1,1,1,blue,6636396184346e2371d067ec,0,assets/targets/0091/outlinestim_world2_probe2_1_1.png,1,21,False
8,5934,77,0072,assets/targets/0072/img1_1.png,assets/targets/0072/img1_2.png,assets/targets/0072/img2_1.png,assets/targets/0072/img2_2.png,assets/targets/0072/recording1_1.mp4,assets/targets/0072/recording1_2.mp4,assets/targets/0072/recording2_1.mp4,assets/targets/0072/recording2_2.mp4,263.49876924364594,480.2927000755407,False,assets/targets/0072/outlinestim_world1_probe0_1_1.png,assets/targets/0072/outlinestim_world2_probe0_1_0.png,assets/targets/0072/outlinestim_world2_probe0_1_1.png,assets/targets/0072/outlinestim_world1_probe0_1_0.png,nocol,0,1,2,1,blue,6636396184346e2371d067ec,1,assets/targets/0072/outlinestim_world1_probe0_1_0.png,0,77,True
0,6829,34,0091,assets/targets/0091/img1_1.png,assets/targets/0091/img1_2.png,assets/targets/0091/img2_1.png,assets/targets/0091/img2_2.png,assets/targets/0091/recording1_1.mp4,assets/targets/0091/recording1_2.mp4,assets/targets/0091/recording2_1.mp4,assets/targets/0091/recording2_2.mp4,360.26329222466995,232.43135081432789,False,assets/targets/0091/outlinestim_world1_probe0_1_1.png,assets/targets/0091/outlinestim_world2_probe0_1_0.png,assets/targets/0091/outlinestim_world2_probe0_1_1.png,assets/targets/0091/outlinestim_world1_probe0_1_0.png,nocol,0,1,1,1,blue,66f2c0c361c52aac65e334b1,1,assets/targets/0091/outlinestim_world2_probe0_1_0.png,0,34,False
1,4547,25,0069,assets/targets/0069/img1_1.png,assets/targets/0069/img1_2.png,assets/targets/0069/img2_1.png,assets/targets/0069/img2_2.png,assets/targets/0069/recording1_1.mp4,assets/targets/0069/recording1_2.mp4,assets/targets/0069/recording2_1.mp4,assets/targets/0069/recording2_2.mp4,45.99293272938177,282.53465008228795,False,assets/targets/0069/outlinestim_world1_probe2_1_1.png,assets/targets/0069/outlinestim_world2_probe2_1_0.png,assets/targets/0069/outlinestim_world2_probe2_1_1.png,assets/targets/0069/outlinestim_world1_probe2_1_0.png,noteleport_consistent,2,1,1,1,blue,66f2c0c361c52aac65e334b1,0,assets/targets/0069/outlinestim_world2_probe2_1_1.png,1,75,True
2,8399,80,0072,assets/targets/0072/img1_1.png,assets/targets/0072/img1_2.png,assets/targets/0072/img2_1.png,assets/targets/0072/img2_2.png,assets/targets/0072/recording1_1.mp4,assets/targets/0072/recording1_2.mp4,assets/targets/0072/recording2_1.mp4,assets/targets/0072/recording2_2.mp4,263.49876924364594,480.2927000755407,False,assets/targets/0072/outlinestim_world1_probe1_1_1.png,assets/targets/0072/outlinestim_world2_probe1_1_0.png,assets/targets/0072/outlinestim_world2_probe1_1_1.png,assets/targets/0072/outlinestim_world1_probe1_1_0.png,teleport_consistent,1,1,2,1,blue,66f2c0c361c52aac65e334b1,1,assets/targets/0072/outlinestim_world1_probe1_1_0.png,0,80,True
3,4037,75,0024,assets/targets/0024/img1_1.png,assets/targets/0024/img1_2.png,assets/targets/0024/img2_1.png,assets/targets/0024/img2_2.png,assets/targets/0024/recording1_1.mp4,assets/targets/0024/recording1_2.mp4,assets/targets/0024/recording2_1.mp4,assets/targets/0024/recording2_2.mp4,392.50547349657757,36.17405762242421,False,assets/targets/0024/outlinestim_world1_probe0_2_1.png,assets/targets/0024/outlinestim_world2_probe0_2_0.png,assets/targets/0024/outlinestim_world2_probe0_2_1.png,assets/targets/0024/outlinestim_world1_probe0_2_0.png,nocol,0,2,1,1,blue,66f2c0c361c52aac65e334b1,1,assets/targets/0024/outlinestim_world2_probe0_2_0.png,0,75,True
4,10910,17,0042,assets/targets/0042/img1_1.png,assets/targets/0042/img1_2.png,assets/targets/0042/img2_1.png,assets/targets/0042/img2_2.png,assets/targets/0042/recording1_1.mp4,assets/targets/0042/recording1_2.mp4,assets/targets/0042/recording2_1.mp4,assets/targets/0042/recording2_2.mp4,302.7180979554031,305.896846954325,False,assets/targets/0042/outlinestim_world1_probe1_1_1.png,assets/targets/0042/outlinestim_world2_probe1_1_0.png,assets/targets/0042/outlinestim_world2_probe1_1_1.png,assets/targets/0042/outlinestim_world1_probe1_1_0.png,teleport_consistent,1,1,2,1,blue,66f2c0c361c52aac65e334b1,0,assets/targets/0042/outlinestim_world1_probe1_1_1.png,1,83,True
5,7976,81,0025,assets/targets/0025/img1_1.png,assets/targets/0025/img1_2.png,assets/targets/0025/img2_1.png,assets/targets/0025/img2_2.png,assets/targets/0025/recording1_1.mp4,assets/targets/0025/recording1_2.mp4,assets/targets/0025/recording2_1.mp4,assets/targets/0025/recording2_2.mp4,275.75178627094397,548.0849702817209,False,assets/targets/0025/outlinestim_world1_probe0_2_1.png,assets/targets/0025/outlinestim_world2_probe0_2_0.png,assets/targets/0025/outlinestim_world2_probe0_2_1.png,assets/targets/0025/outlinestim_world1_probe0_2_0.png,nocol,0,2,2,1,blue,66f2c0c361c52aac65e334b1,0,assets/targets/0025/outlinestim_world1_probe0_2_1.png,1,19,False
6,4433,12,0045,assets/targets/0045/img1_1.png,assets/targets/0045/img1_2.png,assets/targets/0045/img2_1.png,assets/targets/0045/img2_2.png,assets/targets/0045/recording1_1.mp4,assets/targets/0045/recording1_2.mp4,assets/targets/0045/recording2_1.mp4,assets/targets/0045/recording2_2.mp4,436.6559051772762,257.95950551802974,False,assets/targets/0045/outlinestim_world1_probe2_2_1.png,assets/targets/0045/outlinestim_world2_probe2_2_0.png,assets/targets/0045/outlinestim_world2_probe2_2_1.png,assets/targets/0045/outlinestim_world1_probe2_2_0.png,noteleport_consistent,2,2,2,1,blue,66f2c0c361c52aac65e334b1,1,assets/targets/0045/outlinestim_world1_probe2_2_0.png,0,12,False
7,4083,86,0064,assets/targets/0064/img1_1.png,assets/targets/0064/img1_2.png,assets/targets/0064/img2_1.png,assets/targets/0064/img2_2.png,assets/targets/0064/recording1_1.mp4,assets/targets/0064/recording1_2.mp4,assets/targets/0064/recording2_1.mp4,assets/targets/0064/recording2_2.mp4,572.435126403118,233.99006146723664,False,assets/targets/0064/outlinestim_world1_probe1_1_1.png,assets/targets/0064/outlinestim_world2_probe1_1_0.png,assets/targets/0064/outlinestim_world2_probe1_1_1.png,assets/targets/0064/outlinestim_world1_probe1_1_0.png,teleport_consistent,1,1,1,1,blue,66f2c0c361c52aac65e334b1,1,assets/targets/0064/outlinestim_world2_probe1_1_0.png,0,86,True
8,6718,75,0052,assets/targets/0052/img1_1.png,assets/targets/0052/img1_2.png,assets/targets/0052/img2_1.png,assets/targets/0052/img2_2.png,assets/targets/0052/recording1_1.mp4,assets/targets/0052/recording1_2.mp4,assets/targets/0052/recording2_1.mp4,assets/targets/0052/recording2_2.mp4,570.2567171334038,231.9134273051645,False,assets/targets/0052/outlinestim_world1_probe2_2_1.png,assets/targets/0052/outlinestim_world2_probe2_2_0.png,assets/targets/0052/outlinestim_world2_probe2_2_1.png,assets/targets/0052/outlinestim_world1_probe2_2_0.png,noteleport_consistent,2,2,2,1,blue,66f2c0c361c52aac65e334b1,0,assets/targets/0052/outlinestim_world1_probe2_2_1.png,1,25,False
0,33269,27,0069,assets/targets/0069/img1_1.png,assets/targets/0069/img1_2.png,assets/targets/0069/img2_1.png,assets/targets/0069/img2_2.png,assets/targets/0069/recording1_1.mp4,assets/targets/0069/recording1_2.mp4,assets/targets/0069/recording2_1.mp4,assets/targets/0069/recording2_2.mp4,45.99293272938177,282.53465008228795,False,assets/targets/0069/outlinestim_world1_probe2_1_1.png,assets/targets/0069/outlinestim_world2_probe2_1_0.png,assets/targets/0069/outlinestim_world2_probe2_1_1.png,assets/targets/0069/outlinestim_world1_probe2_1_0.png,noteleport_consistent,2,1,1,0,brown,5f2eebd9d21e322a9ed68f09,1,assets/targets/0069/outlinestim_world1_probe2_1_0.png,0,27,False
1,10347,13,0045,assets/targets/0045/img1_1.png,assets/targets/0045/img1_2.png,assets/targets/0045/img2_1.png,assets/targets/0045/img2_2.png,assets/targets/0045/recording1_1.mp4,assets/targets/0045/recording1_2.mp4,assets/targets/0045/recording2_1.mp4,assets/targets/0045/recording2_2.mp4,436.6559051772762,257.95950551802974,False,assets/targets/0045/outlinestim_world1_probe2_2_1.png,assets/targets/0045/outlinestim_world2_probe2_2_0.png,assets/targets/0045/outlinestim_world2_probe2_2_1.png,assets/targets/0045/outlinestim_world1_probe2_2_0.png,noteleport_consistent,2,2,1,0,brown,5f2eebd9d21e322a9ed68f09,0,assets/targets/0045/outlinestim_world1_probe2_2_1.png,1,87,True
2,4448,79,0042,assets/targets/0042/img1_1.png,assets/targets/0042/img1_2.png,assets/targets/0042/img2_1.png,assets/targets/0042/img2_2.png,assets/targets/0042/recording1_1.mp4,assets/targets/0042/recording1_2.mp4,assets/targets/0042/recording2_1.mp4,assets/targets/0042/recording2_2.mp4,302.7180979554031,305.896846954325,False,assets/targets/0042/outlinestim_world1_probe0_1_1.png,assets/targets/0042/outlinestim_world2_probe0_1_0.png,assets/targets/0042/outlinestim_world2_probe0_1_1.png,assets/targets/0042/outlinestim_world1_probe0_1_0.png,nocol,0,1,2,0,brown,5f2eebd9d21e322a9ed68f09,0,assets/targets/0042/outlinestim_world2_probe0_1_1.png,1,21,False
3,4480,71,0091,assets/targets/0091/img1_1.png,assets/targets/0091/img1_2.png,assets/targets/0091/img2_1.png,assets/targets/0091/img2_2.png,assets/targets/0091/recording1_1.mp4,assets/targets/0091/recording1_2.mp4,assets/targets/0091/recording2_1.mp4,assets/targets/0091/recording2_2.mp4,360.26329222466995,232.43135081432789,False,assets/targets/0091/outlinestim_world1_probe0_2_1.png,assets/targets/0091/outlinestim_world2_probe0_2_0.png,assets/targets/0091/outlinestim_world2_probe0_2_1.png,assets/targets/0091/outlinestim_world1_probe0_2_0.png,nocol,0,2,1,0,brown,5f2eebd9d21e322a9ed68f09,1,assets/targets/0091/outlinestim_world1_probe0_2_0.png,0,71,True
4,7047,55,0024,assets/targets/0024/img1_1.png,assets/targets/0024/img1_2.png,assets/targets/0024/img2_1.png,assets/targets/0024/img2_2.png,assets/targets/0024/recording1_1.mp4,assets/targets/0024/recording1_2.mp4,assets/targets/0024/recording2_1.mp4,assets/targets/0024/recording2_2.mp4,392.50547349657757,36.17405762242421,False,assets/targets/0024/outlinestim_world1_probe2_1_1.png,assets/targets/0024/outlinestim_world2_probe2_1_0.png,assets/targets/0024/outlinestim_world2_probe2_1_1.png,assets/targets/0024/outlinestim_world1_probe2_1_0.png,noteleport_consistent,2,1,1,0,brown,5f2eebd9d21e322a9ed68f09,0,assets/targets/0024/outlinestim_world1_probe2_1_1.png,1,45,False
5,3614,76,0072,assets/targets/0072/img1_1.png,assets/targets/0072/img1_2.png,assets/targets/0072/img2_1.png,assets/targets/0072/img2_2.png,assets/targets/0072/recording1_1.mp4,assets/targets/0072/recording1_2.mp4,assets/targets/0072/recording2_1.mp4,assets/targets/0072/recording2_2.mp4,263.49876924364594,480.2927000755407,False,assets/targets/0072/outlinestim_world1_probe0_2_1.png,assets/targets/0072/outlinestim_world2_probe0_2_0.png,assets/targets/0072/outlinestim_world2_probe0_2_1.png,assets/targets/0072/outlinestim_world1_probe0_2_0.png,nocol,0,2,1,0,brown,5f2eebd9d21e322a9ed68f09,1,assets/targets/0072/outlinestim_world1_probe0_2_0.png,0,76,True
6,3545,29,0052,assets/targets/0052/img1_1.png,assets/targets/0052/img1_2.png,assets/targets/0052/img2_1.png,assets/targets/0052/img2_2.png,assets/targets/0052/recording1_1.mp4,assets/targets/0052/recording1_2.mp4,assets/targets/0052/recording2_1.mp4,assets/targets/0052/recording2_2.mp4,570.2567171334038,231.9134273051645,False,assets/targets/0052/outlinestim_world1_probe0_2_1.png,assets/targets/0052/outlinestim_world2_probe0_2_0.png,assets/targets/0052/outlinestim_world2_probe0_2_1.png,assets/targets/0052/outlinestim_world1_probe0_2_0.png,nocol,0,2,2,0,brown,5f2eebd9d21e322a9ed68f09,1,assets/targets/0052/outlinestim_world2_probe0_2_0.png,0,29,False
7,3561,83,0064,assets/targets/0064/img1_1.png,assets/targets/0064/img1_2.png,assets/targets/0064/img2_1.png,assets/targets/0064/img2_2.png,assets/targets/0064/recording1_1.mp4,assets/targets/0064/recording1_2.mp4,assets/targets/0064/recording2_1.mp4,assets/targets/0064/recording2_2.mp4,572.435126403118,233.99006146723664,False,assets/targets/0064/outlinestim_world1_probe1_2_1.png,assets/targets/0064/outlinestim_world2_probe1_2_0.png,assets/targets/0064/outlinestim_world2_probe1_2_1.png,assets/targets/0064/outlinestim_world1_probe1_2_0.png,teleport_consistent,1,2,1,0,brown,5f2eebd9d21e322a9ed68f09,1,assets/targets/0064/outlinestim_world1_probe1_2_0.png,0,83,True
8,8421,17,0025,assets/targets/0025/img1_1.png,assets/targets/0025/img1_2.png,assets/targets/0025/img2_1.png,assets/targets/0025/img2_2.png,assets/targets/0025/recording1_1.mp4,assets/targets/0025/recording1_2.mp4,assets/targets/0025/recording2_1.mp4,assets/targets/0025/recording2_2.mp4,275.75178627094397,548.0849702817209,False,assets/targets/0025/outlinestim_world1_probe0_1_1.png,assets/targets/0025/outlinestim_world2_probe0_1_0.png,assets/targets/0025/outlinestim_world2_probe0_1_1.png,assets/targets/0025/outlinestim_world1_probe0_1_0.png,nocol,0,1,1,0,brown,5f2eebd9d21e322a9ed68f09,0,assets/targets/0025/outlinestim_world1_probe0_1_1.png,1,83,True
0,26069,21,0042,assets/targets/0042/img1_1.png,assets/targets/0042/img1_2.png,assets/targets/0042/img2_1.png,assets/targets/0042/img2_2.png,assets/targets/0042/recording1_1.mp4,assets/targets/0042/recording1_2.mp4,assets/targets/0042/recording2_1.mp4,assets/targets/0042/recording2_2.mp4,302.7180979554031,305.896846954325,False,assets/targets/0042/outlinestim_world1_probe2_2_1.png,assets/targets/0042/outlinestim_world2_probe2_2_0.png,assets/targets/0042/outlinestim_world2_probe2_2_1.png,assets/targets/0042/outlinestim_world1_probe2_2_0.png,noteleport_consistent,2,2,2,0,brown,66cf752c0d40022c4360365e,0,assets/targets/0042/outlinestim_world2_probe2_2_1.png,1,79,True
1,7220,55,0091,assets/targets/0091/img1_1.png,assets/targets/0091/img1_2.png,assets/targets/0091/img2_1.png,assets/targets/0091/img2_2.png,assets/targets/0091/recording1_1.mp4,assets/targets/0091/recording1_2.mp4,assets/targets/0091/recording2_1.mp4,assets/targets/0091/recording2_2.mp4,360.26329222466995,232.43135081432789,False,assets/targets/0091/outlinestim_world1_probe0_2_1.png,assets/targets/0091/outlinestim_world2_probe0_2_0.png,assets/targets/0091/outlinestim_world2_probe0_2_1.png,assets/targets/0091/outlinestim_world1_probe0_2_0.png,nocol,0,2,2,0,brown,66cf752c0d40022c4360365e,0,assets/targets/0091/outlinestim_world2_probe0_2_1.png,1,45,False
2,6255,5,0045,assets/targets/0045/img1_1.png,assets/targets/0045/img1_2.png,assets/targets/0045/img2_1.png,assets/targets/0045/img2_2.png,assets/targets/0045/recording1_1.mp4,assets/targets/0045/recording1_2.mp4,assets/targets/0045/recording2_1.mp4,assets/targets/0045/recording2_2.mp4,436.6559051772762,257.95950551802974,False,assets/targets/0045/outlinestim_world1_probe1_2_1.png,assets/targets/0045/outlinestim_world2_probe1_2_0.png,assets/targets/0045/outlinestim_world2_probe1_2_1.png,assets/targets/0045/outlinestim_world1_probe1_2_0.png,teleport_consistent,1,2,1,0,brown,66cf752c0d40022c4360365e,0,assets/targets/0045/outlinestim_world1_probe1_2_1.png,1,95,True
3,4686,95,0069,assets/targets/0069/img1_1.png,assets/targets/0069/img1_2.png,assets/targets/0069/img2_1.png,assets/targets/0069/img2_2.png,assets/targets/0069/recording1_1.mp4,assets/targets/0069/recording1_2.mp4,assets/targets/0069/recording2_1.mp4,assets/targets/0069/recording2_2.mp4,45.99293272938177,282.53465008228795,False,assets/targets/0069/outlinestim_world1_probe2_2_1.png,assets/targets/0069/outlinestim_world2_probe2_2_0.png,assets/targets/0069/outlinestim_world2_probe2_2_1.png,assets/targets/0069/outlinestim_world1_probe2_2_0.png,noteleport_consistent,2,2,2,0,brown,66cf752c0d40022c4360365e,1,assets/targets/0069/outlinestim_world2_probe2_2_0.png,0,95,True
4,6887,42,0072,assets/targets/0072/img1_1.png,assets/targets/0072/img1_2.png,assets/targets/0072/img2_1.png,assets/targets/0072/img2_2.png,assets/targets/0072/recording1_1.mp4,assets/targets/0072/recording1_2.mp4,assets/targets/0072/recording2_1.mp4,assets/targets/0072/recording2_2.mp4,263.49876924364594,480.2927000755407,False,assets/targets/0072/outlinestim_world1_probe1_1_1.png,assets/targets/0072/outlinestim_world2_probe1_1_0.png,assets/targets/0072/outlinestim_world2_probe1_1_1.png,assets/targets/0072/outlinestim_world1_probe1_1_0.png,teleport_consistent,1,1,2,0,brown,66cf752c0d40022c4360365e,1,assets/targets/0072/outlinestim_world2_probe1_1_0.png,0,42,False
5,3582,52,0024,assets/targets/0024/img1_1.png,assets/targets/0024/img1_2.png,assets/targets/0024/img2_1.png,assets/targets/0024/img2_2.png,assets/targets/0024/recording1_1.mp4,assets/targets/0024/recording1_2.mp4,assets/targets/0024/recording2_1.mp4,assets/targets/0024/recording2_2.mp4,392.50547349657757,36.17405762242421,False,assets/targets/0024/outlinestim_world1_probe2_1_1.png,assets/targets/0024/outlinestim_world2_probe2_1_0.png,assets/targets/0024/outlinestim_world2_probe2_1_1.png,assets/targets/0024/outlinestim_world1_probe2_1_0.png,noteleport_consistent,2,1,1,0,brown,66cf752c0d40022c4360365e,1,assets/targets/0024/outlinestim_world1_probe2_1_0.png,0,52,True
6,4835,8,0064,assets/targets/0064/img1_1.png,assets/targets/0064/img1_2.png,assets/targets/0064/img2_1.png,assets/targets/0064/img2_2.png,assets/targets/0064/recording1_1.mp4,assets/targets/0064/recording1_2.mp4,assets/targets/0064/recording2_1.mp4,assets/targets/0064/recording2_2.mp4,572.435126403118,233.99006146723664,False,assets/targets/0064/outlinestim_world1_probe1_1_1.png,assets/targets/0064/outlinestim_world2_probe1_1_0.png,assets/targets/0064/outlinestim_world2_probe1_1_1.png,assets/targets/0064/outlinestim_world1_probe1_1_0.png,teleport_consistent,1,1,1,0,brown,66cf752c0d40022c4360365e,0,assets/targets/0064/outlinestim_world1_probe1_1_1.png,1,92,True
7,3967,49,0052,assets/targets/0052/img1_1.png,assets/targets/0052/img1_2.png,assets/targets/0052/img2_1.png,assets/targets/0052/img2_2.png,assets/targets/0052/recording1_1.mp4,assets/targets/0052/recording1_2.mp4,assets/targets/0052/recording2_1.mp4,assets/targets/0052/recording2_2.mp4,570.2567171334038,231.9134273051645,False,assets/targets/0052/outlinestim_world1_probe2_2_1.png,assets/targets/0052/outlinestim_world2_probe2_2_0.png,assets/targets/0052/outlinestim_world2_probe2_2_1.png,assets/targets/0052/outlinestim_world1_probe2_2_0.png,noteleport_consistent,2,2,1,0,brown,66cf752c0d40022c4360365e,0,assets/targets/0052/outlinestim_world1_probe2_2_1.png,1,51,True
8,6213,74,0025,assets/targets/0025/img1_1.png,assets/targets/0025/img1_2.png,assets/targets/0025/img2_1.png,assets/targets/0025/img2_2.png,assets/targets/0025/recording1_1.mp4,assets/targets/0025/recording1_2.mp4,assets/targets/0025/recording2_1.mp4,assets/targets/0025/recording2_2.mp4,275.75178627094397,548.0849702817209,False,assets/targets/0025/outlinestim_world1_probe0_1_1.png,assets/targets/0025/outlinestim_world2_probe0_1_0.png,assets/targets/0025/outlinestim_world2_probe0_1_1.png,assets/targets/0025/outlinestim_world1_probe0_1_0.png,nocol,0,1,2,0,brown,66cf752c0d40022c4360365e,1,assets/targets/0025/outlinestim_world2_probe0_1_0.png,0,74,True
0,23066,18,0024,assets/targets/0024/img1_1.png,assets/targets/0024/img1_2.png,assets/targets/0024/img2_1.png,assets/targets/0024/img2_2.png,assets/targets/0024/recording1_1.mp4,assets/targets/0024/recording1_2.mp4,assets/targets/0024/recording2_1.mp4,assets/targets/0024/recording2_2.mp4,392.50547349657757,36.17405762242421,False,assets/targets/0024/outlinestim_world1_probe1_1_1.png,assets/targets/0024/outlinestim_world2_probe1_1_0.png,assets/targets/0024/outlinestim_world2_probe1_1_1.png,assets/targets/0024/outlinestim_world1_probe1_1_0.png,teleport_consistent,1,1,1,0,brown,6025504719183d063dd9239d,0,assets/targets/0024/outlinestim_world1_probe1_1_1.png,1,82,True
1,8093,50,0052,assets/targets/0052/img1_1.png,assets/targets/0052/img1_2.png,assets/targets/0052/img2_1.png,assets/targets/0052/img2_2.png,assets/targets/0052/recording1_1.mp4,assets/targets/0052/recording1_2.mp4,assets/targets/0052/recording2_1.mp4,assets/targets/0052/recording2_2.mp4,570.2567171334038,231.9134273051645,False,assets/targets/0052/outlinestim_world1_probe1_1_1.png,assets/targets/0052/outlinestim_world2_probe1_1_0.png,assets/targets/0052/outlinestim_world2_probe1_1_1.png,assets/targets/0052/outlinestim_world1_probe1_1_0.png,teleport_consistent,1,1,2,0,brown,6025504719183d063dd9239d,0,assets/targets/0052/outlinestim_world2_probe1_1_1.png,1,50,True
2,13165,0,0025,assets/targets/0025/img1_1.png,assets/targets/0025/img1_2.png,assets/targets/0025/img2_1.png,assets/targets/0025/img2_2.png,assets/targets/0025/recording1_1.mp4,assets/targets/0025/recording1_2.mp4,assets/targets/0025/recording2_1.mp4,assets/targets/0025/recording2_2.mp4,275.75178627094397,548.0849702817209,False,assets/targets/0025/outlinestim_world1_probe1_1_1.png,assets/targets/0025/outlinestim_world2_probe1_1_0.png,assets/targets/0025/outlinestim_world2_probe1_1_1.png,assets/targets/0025/outlinestim_world1_probe1_1_0.png,teleport_consistent,1,1,1,0,brown,6025504719183d063dd9239d,0,assets/targets/0025/outlinestim_world1_probe1_1_1.png,1,100,True
3,7578,0,0064,assets/targets/0064/img1_1.png,assets/targets/0064/img1_2.png,assets/targets/0064/img2_1.png,assets/targets/0064/img2_2.png,assets/targets/0064/recording1_1.mp4,assets/targets/0064/recording1_2.mp4,assets/targets/0064/recording2_1.mp4,assets/targets/0064/recording2_2.mp4,572.435126403118,233.99006146723664,False,assets/targets/0064/outlinestim_world1_probe1_2_1.png,assets/targets/0064/outlinestim_world2_probe1_2_0.png,assets/targets/0064/outlinestim_world2_probe1_2_1.png,assets/targets/0064/outlinestim_world1_probe1_2_0.png,teleport_consistent,1,2,1,0,brown,6025504719183d063dd9239d,0,assets/targets/0064/outlinestim_world1_probe1_2_1.png,1,100,True
4,16200,64,0045,assets/targets/0045/img1_1.png,assets/targets/0045/img1_2.png,assets/targets/0045/img2_1.png,assets/targets/0045/img2_2.png,assets/targets/0045/recording1_1.mp4,assets/targets/0045/recording1_2.mp4,assets/targets/0045/recording2_1.mp4,assets/targets/0045/recording2_2.mp4,436.6559051772762,257.95950551802974,False,assets/targets/0045/outlinestim_world1_probe1_2_1.png,assets/targets/0045/outlinestim_world2_probe1_2_0.png,assets/targets/0045/outlinestim_world2_probe1_2_1.png,assets/targets/0045/outlinestim_world1_probe1_2_0.png,teleport_consistent,1,2,2,0,brown,6025504719183d063dd9239d,0,assets/targets/0045/outlinestim_world2_probe1_2_1.png,1,36,False
5,11229,68,0042,assets/targets/0042/img1_1.png,assets/targets/0042/img1_2.png,assets/targets/0042/img2_1.png,assets/targets/0042/img2_2.png,assets/targets/0042/recording1_1.mp4,assets/targets/0042/recording1_2.mp4,assets/targets/0042/recording2_1.mp4,assets/targets/0042/recording2_2.mp4,302.7180979554031,305.896846954325,False,assets/targets/0042/outlinestim_world1_probe0_1_1.png,assets/targets/0042/outlinestim_world2_probe0_1_0.png,assets/targets/0042/outlinestim_world2_probe0_1_1.png,assets/targets/0042/outlinestim_world1_probe0_1_0.png,nocol,0,1,2,0,brown,6025504719183d063dd9239d,1,assets/targets/0042/outlinestim_world2_probe0_1_0.png,0,68,True
6,6217,85,0091,assets/targets/0091/img1_1.png,assets/targets/0091/img1_2.png,assets/targets/0091/img2_1.png,assets/targets/0091/img2_2.png,assets/targets/0091/recording1_1.mp4,assets/targets/0091/recording1_2.mp4,assets/targets/0091/recording2_1.mp4,assets/targets/0091/recording2_2.mp4,360.26329222466995,232.43135081432789,False,assets/targets/0091/outlinestim_world1_probe1_2_1.png,assets/targets/0091/outlinestim_world2_probe1_2_0.png,assets/targets/0091/outlinestim_world2_probe1_2_1.png,assets/targets/0091/outlinestim_world1_probe1_2_0.png,teleport_consistent,1,2,2,0,brown,6025504719183d063dd9239d,1,assets/targets/0091/outlinestim_world2_probe1_2_0.png,0,85,True
7,9118,65,0069,assets/targets/0069/img1_1.png,assets/targets/0069/img1_2.png,assets/targets/0069/img2_1.png,assets/targets/0069/img2_2.png,assets/targets/0069/recording1_1.mp4,assets/targets/0069/recording1_2.mp4,assets/targets/0069/recording2_1.mp4,assets/targets/0069/recording2_2.mp4,45.99293272938177,282.53465008228795,False,assets/targets/0069/outlinestim_world1_probe0_1_1.png,assets/targets/0069/outlinestim_world2_probe0_1_0.png,assets/targets/0069/outlinestim_world2_probe0_1_1.png,assets/targets/0069/outlinestim_world1_probe0_1_0.png,nocol,0,1,2,0,brown,6025504719183d063dd9239d,1,assets/targets/0069/outlinestim_world2_probe0_1_0.png,0,65,True
8,6082,81,0072,assets/targets/0072/img1_1.png,assets/targets/0072/img1_2.png,assets/targets/0072/img2_1.png,assets/targets/0072/img2_2.png,assets/targets/0072/recording1_1.mp4,assets/targets/0072/recording1_2.mp4,assets/targets/0072/recording2_1.mp4,assets/targets/0072/recording2_2.mp4,263.49876924364594,480.2927000755407,False,assets/targets/0072/outlinestim_world1_probe0_2_1.png,assets/targets/0072/outlinestim_world2_probe0_2_0.png,assets/targets/0072/outlinestim_world2_probe0_2_1.png,assets/targets/0072/outlinestim_world1_probe0_2_0.png,nocol,0,2,1,0,brown,6025504719183d063dd9239d,1,assets/targets/0072/outlinestim_world1_probe0_2_0.png,0,81,True
0,15519,0,0069,assets/targets/0069/img1_1.png,assets/targets/0069/img1_2.png,assets/targets/0069/img2_1.png,assets/targets/0069/img2_2.png,assets/targets/0069/recording1_1.mp4,assets/targets/0069/recording1_2.mp4,assets/targets/0069/recording2_1.mp4,assets/targets/0069/recording2_2.mp4,45.99293272938177,282.53465008228795,False,assets/targets/0069/outlinestim_world1_probe2_1_1.png,assets/targets/0069/outlinestim_world2_probe2_1_0.png,assets/targets/0069/outlinestim_world2_probe2_1_1.png,assets/targets/0069/outlinestim_world1_probe2_1_0.png,noteleport_consistent,2,1,2,1,blue,66d3ca25803cec43c2a0afc0,0,assets/targets/0069/outlinestim_world1_probe2_1_1.png,1,100,True
1,11214,50,0091,assets/targets/0091/img1_1.png,assets/targets/0091/img1_2.png,assets/targets/0091/img2_1.png,assets/targets/0091/img2_2.png,assets/targets/0091/recording1_1.mp4,assets/targets/0091/recording1_2.mp4,assets/targets/0091/recording2_1.mp4,assets/targets/0091/recording2_2.mp4,360.26329222466995,232.43135081432789,False,assets/targets/0091/outlinestim_world1_probe2_1_1.png,assets/targets/0091/outlinestim_world2_probe2_1_0.png,assets/targets/0091/outlinestim_world2_probe2_1_1.png,assets/targets/0091/outlinestim_world1_probe2_1_0.png,noteleport_consistent,2,1,1,1,blue,66d3ca25803cec43c2a0afc0,1,assets/targets/0091/outlinestim_world2_probe2_1_0.png,0,50,True
2,6601,51,0024,assets/targets/0024/img1_1.png,assets/targets/0024/img1_2.png,assets/targets/0024/img2_1.png,assets/targets/0024/img2_2.png,assets/targets/0024/recording1_1.mp4,assets/targets/0024/recording1_2.mp4,assets/targets/0024/recording2_1.mp4,assets/targets/0024/recording2_2.mp4,392.50547349657757,36.17405762242421,False,assets/targets/0024/outlinestim_world1_probe0_2_1.png,assets/targets/0024/outlinestim_world2_probe0_2_0.png,assets/targets/0024/outlinestim_world2_probe0_2_1.png,assets/targets/0024/outlinestim_world1_probe0_2_0.png,nocol,0,2,2,1,blue,66d3ca25803cec43c2a0afc0,1,assets/targets/0024/outlinestim_world1_probe0_2_0.png,0,51,True
3,9247,72,0042,assets/targets/0042/img1_1.png,assets/targets/0042/img1_2.png,assets/targets/0042/img2_1.png,assets/targets/0042/img2_2.png,assets/targets/0042/recording1_1.mp4,assets/targets/0042/recording1_2.mp4,assets/targets/0042/recording2_1.mp4,assets/targets/0042/recording2_2.mp4,302.7180979554031,305.896846954325,False,assets/targets/0042/outlinestim_world1_probe0_1_1.png,assets/targets/0042/outlinestim_world2_probe0_1_0.png,assets/targets/0042/outlinestim_world2_probe0_1_1.png,assets/targets/0042/outlinestim_world1_probe0_1_0.png,nocol,0,1,2,1,blue,66d3ca25803cec43c2a0afc0,1,assets/targets/0042/outlinestim_world1_probe0_1_0.png,0,72,True
4,7072,100,0025,assets/targets/0025/img1_1.png,assets/targets/0025/img1_2.png,assets/targets/0025/img2_1.png,assets/targets/0025/img2_2.png,assets/targets/0025/recording1_1.mp4,assets/targets/0025/recording1_2.mp4,assets/targets/0025/recording2_1.mp4,assets/targets/0025/recording2_2.mp4,275.75178627094397,548.0849702817209,False,assets/targets/0025/outlinestim_world1_probe2_2_1.png,assets/targets/0025/outlinestim_world2_probe2_2_0.png,assets/targets/0025/outlinestim_world2_probe2_2_1.png,assets/targets/0025/outlinestim_world1_probe2_2_0.png,noteleport_consistent,2,2,1,1,blue,66d3ca25803cec43c2a0afc0,1,assets/targets/0025/outlinestim_world2_probe2_2_0.png,0,100,True
5,5441,100,0052,assets/targets/0052/img1_1.png,assets/targets/0052/img1_2.png,assets/targets/0052/img2_1.png,assets/targets/0052/img2_2.png,assets/targets/0052/recording1_1.mp4,assets/targets/0052/recording1_2.mp4,assets/targets/0052/recording2_1.mp4,assets/targets/0052/recording2_2.mp4,570.2567171334038,231.9134273051645,False,assets/targets/0052/outlinestim_world1_probe1_1_1.png,assets/targets/0052/outlinestim_world2_probe1_1_0.png,assets/targets/0052/outlinestim_world2_probe1_1_1.png,assets/targets/0052/outlinestim_world1_probe1_1_0.png,teleport_consistent,1,1,1,1,blue,66d3ca25803cec43c2a0afc0,1,assets/targets/0052/outlinestim_world2_probe1_1_0.png,0,100,True
6,6700,100,0045,assets/targets/0045/img1_1.png,assets/targets/0045/img1_2.png,assets/targets/0045/img2_1.png,assets/targets/0045/img2_2.png,assets/targets/0045/recording1_1.mp4,assets/targets/0045/recording1_2.mp4,assets/targets/0045/recording2_1.mp4,assets/targets/0045/recording2_2.mp4,436.6559051772762,257.95950551802974,False,assets/targets/0045/outlinestim_world1_probe2_1_1.png,assets/targets/0045/outlinestim_world2_probe2_1_0.png,assets/targets/0045/outlinestim_world2_probe2_1_1.png,assets/targets/0045/outlinestim_world1_probe2_1_0.png,noteleport_consistent,2,1,2,1,blue,66d3ca25803cec43c2a0afc0,1,assets/targets/0045/outlinestim_world1_probe2_1_0.png,0,100,True
7,8354,100,0072,assets/targets/0072/img1_1.png,assets/targets/0072/img1_2.png,assets/targets/0072/img2_1.png,assets/targets/0072/img2_2.png,assets/targets/0072/recording1_1.mp4,assets/targets/0072/recording1_2.mp4,assets/targets/0072/recording2_1.mp4,assets/targets/0072/recording2_2.mp4,263.49876924364594,480.2927000755407,False,assets/targets/0072/outlinestim_world1_probe1_1_1.png,assets/targets/0072/outlinestim_world2_probe1_1_0.png,assets/targets/0072/outlinestim_world2_probe1_1_1.png,assets/targets/0072/outlinestim_world1_probe1_1_0.png,teleport_consistent,1,1,1,1,blue,66d3ca25803cec43c2a0afc0,1,assets/targets/0072/outlinestim_world2_probe1_1_0.png,0,100,True
8,5054,0,0064,assets/targets/0064/img1_1.png,assets/targets/0064/img1_2.png,assets/targets/0064/img2_1.png,assets/targets/0064/img2_2.png,assets/targets/0064/recording1_1.mp4,assets/targets/0064/recording1_2.mp4,assets/targets/0064/recording2_1.mp4,assets/targets/0064/recording2_2.mp4,572.435126403118,233.99006146723664,False,assets/targets/0064/outlinestim_world1_probe2_1_1.png,assets/targets/0064/outlinestim_world2_probe2_1_0.png,assets/targets/0064/outlinestim_world2_probe2_1_1.png,assets/targets/0064/outlinestim_world1_probe2_1_0.png,noteleport_consistent,2,1,1,1,blue,66d3ca25803cec43c2a0afc0,0,assets/targets/0064/outlinestim_world2_probe2_1_1.png,1,100,True
0,36445,55,0072,assets/targets/0072/img1_1.png,assets/targets/0072/img1_2.png,assets/targets/0072/img2_1.png,assets/targets/0072/img2_2.png,assets/targets/0072/recording1_1.mp4,assets/targets/0072/recording1_2.mp4,assets/targets/0072/recording2_1.mp4,assets/targets/0072/recording2_2.mp4,263.49876924364594,480.2927000755407,False,assets/targets/0072/outlinestim_world1_probe0_2_1.png,assets/targets/0072/outlinestim_world2_probe0_2_0.png,assets/targets/0072/outlinestim_world2_probe0_2_1.png,assets/targets/0072/outlinestim_world1_probe0_2_0.png,nocol,0,2,1,0,brown,666868d7b397e614f21a0baa,1,assets/targets/0072/outlinestim_world1_probe0_2_0.png,0,55,True
1,14560,18,0024,assets/targets/0024/img1_1.png,assets/targets/0024/img1_2.png,assets/targets/0024/img2_1.png,assets/targets/0024/img2_2.png,assets/targets/0024/recording1_1.mp4,assets/targets/0024/recording1_2.mp4,assets/targets/0024/recording2_1.mp4,assets/targets/0024/recording2_2.mp4,392.50547349657757,36.17405762242421,False,assets/targets/0024/outlinestim_world1_probe2_1_1.png,assets/targets/0024/outlinestim_world2_probe2_1_0.png,assets/targets/0024/outlinestim_world2_probe2_1_1.png,assets/targets/0024/outlinestim_world1_probe2_1_0.png,noteleport_consistent,2,1,1,0,brown,666868d7b397e614f21a0baa,0,assets/targets/0024/outlinestim_world1_probe2_1_1.png,1,82,True
2,13436,61,0042,assets/targets/0042/img1_1.png,assets/targets/0042/img1_2.png,assets/targets/0042/img2_1.png,assets/targets/0042/img2_2.png,assets/targets/0042/recording1_1.mp4,assets/targets/0042/recording1_2.mp4,assets/targets/0042/recording2_1.mp4,assets/targets/0042/recording2_2.mp4,302.7180979554031,305.896846954325,False,assets/targets/0042/outlinestim_world1_probe0_1_1.png,assets/targets/0042/outlinestim_world2_probe0_1_0.png,assets/targets/0042/outlinestim_world2_probe0_1_1.png,assets/targets/0042/outlinestim_world1_probe0_1_0.png,nocol,0,1,2,0,brown,666868d7b397e614f21a0baa,0,assets/targets/0042/outlinestim_world2_probe0_1_1.png,1,39,False
3,11519,31,0052,assets/targets/0052/img1_1.png,assets/targets/0052/img1_2.png,assets/targets/0052/img2_1.png,assets/targets/0052/img2_2.png,assets/targets/0052/recording1_1.mp4,assets/targets/0052/recording1_2.mp4,assets/targets/0052/recording2_1.mp4,assets/targets/0052/recording2_2.mp4,570.2567171334038,231.9134273051645,False,assets/targets/0052/outlinestim_world1_probe1_1_1.png,assets/targets/0052/outlinestim_world2_probe1_1_0.png,assets/targets/0052/outlinestim_world2_probe1_1_1.png,assets/targets/0052/outlinestim_world1_probe1_1_0.png,teleport_consistent,1,1,1,0,brown,666868d7b397e614f21a0baa,1,assets/targets/0052/outlinestim_world1_probe1_1_0.png,0,31,False
4,4604,62,0069,assets/targets/0069/img1_1.png,assets/targets/0069/img1_2.png,assets/targets/0069/img2_1.png,assets/targets/0069/img2_2.png,assets/targets/0069/recording1_1.mp4,assets/targets/0069/recording1_2.mp4,assets/targets/0069/recording2_1.mp4,assets/targets/0069/recording2_2.mp4,45.99293272938177,282.53465008228795,False,assets/targets/0069/outlinestim_world1_probe1_1_1.png,assets/targets/0069/outlinestim_world2_probe1_1_0.png,assets/targets/0069/outlinestim_world2_probe1_1_1.png,assets/targets/0069/outlinestim_world1_probe1_1_0.png,teleport_consistent,1,1,1,0,brown,666868d7b397e614f21a0baa,1,assets/targets/0069/outlinestim_world1_probe1_1_0.png,0,62,True
5,7017,53,0025,assets/targets/0025/img1_1.png,assets/targets/0025/img1_2.png,assets/targets/0025/img2_1.png,assets/targets/0025/img2_2.png,assets/targets/0025/recording1_1.mp4,assets/targets/0025/recording1_2.mp4,assets/targets/0025/recording2_1.mp4,assets/targets/0025/recording2_2.mp4,275.75178627094397,548.0849702817209,False,assets/targets/0025/outlinestim_world1_probe0_1_1.png,assets/targets/0025/outlinestim_world2_probe0_1_0.png,assets/targets/0025/outlinestim_world2_probe0_1_1.png,assets/targets/0025/outlinestim_world1_probe0_1_0.png,nocol,0,1,1,0,brown,666868d7b397e614f21a0baa,1,assets/targets/0025/outlinestim_world1_probe0_1_0.png,0,53,True
6,5656,42,0064,assets/targets/0064/img1_1.png,assets/targets/0064/img1_2.png,assets/targets/0064/img2_1.png,assets/targets/0064/img2_2.png,assets/targets/0064/recording1_1.mp4,assets/targets/0064/recording1_2.mp4,assets/targets/0064/recording2_1.mp4,assets/targets/0064/recording2_2.mp4,572.435126403118,233.99006146723664,False,assets/targets/0064/outlinestim_world1_probe1_2_1.png,assets/targets/0064/outlinestim_world2_probe1_2_0.png,assets/targets/0064/outlinestim_world2_probe1_2_1.png,assets/targets/0064/outlinestim_world1_probe1_2_0.png,teleport_consistent,1,2,2,0,brown,666868d7b397e614f21a0baa,0,assets/targets/0064/outlinestim_world2_probe1_2_1.png,1,58,True
7,8187,56,0045,assets/targets/0045/img1_1.png,assets/targets/0045/img1_2.png,assets/targets/0045/img2_1.png,assets/targets/0045/img2_2.png,assets/targets/0045/recording1_1.mp4,assets/targets/0045/recording1_2.mp4,assets/targets/0045/recording2_1.mp4,assets/targets/0045/recording2_2.mp4,436.6559051772762,257.95950551802974,False,assets/targets/0045/outlinestim_world1_probe2_1_1.png,assets/targets/0045/outlinestim_world2_probe2_1_0.png,assets/targets/0045/outlinestim_world2_probe2_1_1.png,assets/targets/0045/outlinestim_world1_probe2_1_0.png,noteleport_consistent,2,1,2,0,brown,666868d7b397e614f21a0baa,1,assets/targets/0045/outlinestim_world2_probe2_1_0.png,0,56,True
8,4271,48,0091,assets/targets/0091/img1_1.png,assets/targets/0091/img1_2.png,assets/targets/0091/img2_1.png,assets/targets/0091/img2_2.png,assets/targets/0091/recording1_1.mp4,assets/targets/0091/recording1_2.mp4,assets/targets/0091/recording2_1.mp4,assets/targets/0091/recording2_2.mp4,360.26329222466995,232.43135081432789,False,assets/targets/0091/outlinestim_world1_probe0_1_1.png,assets/targets/0091/outlinestim_world2_probe0_1_0.png,assets/targets/0091/outlinestim_world2_probe0_1_1.png,assets/targets/0091/outlinestim_world1_probe0_1_0.png,nocol,0,1,1,0,brown,666868d7b397e614f21a0baa,0,assets/targets/0091/outlinestim_world1_probe0_1_1.png,1,52,True
0,29259,66,0069,assets/targets/0069/img1_1.png,assets/targets/0069/img1_2.png,assets/targets/0069/img2_1.png,assets/targets/0069/img2_2.png,assets/targets/0069/recording1_1.mp4,assets/targets/0069/recording1_2.mp4,assets/targets/0069/recording2_1.mp4,assets/targets/0069/recording2_2.mp4,45.99293272938177,282.53465008228795,False,assets/targets/0069/outlinestim_world1_probe0_2_1.png,assets/targets/0069/outlinestim_world2_probe0_2_0.png,assets/targets/0069/outlinestim_world2_probe0_2_1.png,assets/targets/0069/outlinestim_world1_probe0_2_0.png,nocol,0,2,1,0,brown,6680d577ce8b233327b0272e,0,assets/targets/0069/outlinestim_world1_probe0_2_1.png,1,34,False
1,9297,39,0024,assets/targets/0024/img1_1.png,assets/targets/0024/img1_2.png,assets/targets/0024/img2_1.png,assets/targets/0024/img2_2.png,assets/targets/0024/recording1_1.mp4,assets/targets/0024/recording1_2.mp4,assets/targets/0024/recording2_1.mp4,assets/targets/0024/recording2_2.mp4,392.50547349657757,36.17405762242421,False,assets/targets/0024/outlinestim_world1_probe0_2_1.png,assets/targets/0024/outlinestim_world2_probe0_2_0.png,assets/targets/0024/outlinestim_world2_probe0_2_1.png,assets/targets/0024/outlinestim_world1_probe0_2_0.png,nocol,0,2,1,0,brown,6680d577ce8b233327b0272e,0,assets/targets/0024/outlinestim_world1_probe0_2_1.png,1,61,True
2,11646,63,0072,assets/targets/0072/img1_1.png,assets/targets/0072/img1_2.png,assets/targets/0072/img2_1.png,assets/targets/0072/img2_2.png,assets/targets/0072/recording1_1.mp4,assets/targets/0072/recording1_2.mp4,assets/targets/0072/recording2_1.mp4,assets/targets/0072/recording2_2.mp4,263.49876924364594,480.2927000755407,False,assets/targets/0072/outlinestim_world1_probe1_2_1.png,assets/targets/0072/outlinestim_world2_probe1_2_0.png,assets/targets/0072/outlinestim_world2_probe1_2_1.png,assets/targets/0072/outlinestim_world1_probe1_2_0.png,teleport_consistent,1,2,2,0,brown,6680d577ce8b233327b0272e,1,assets/targets/0072/outlinestim_world2_probe1_2_0.png,0,63,True
3,7227,66,0045,assets/targets/0045/img1_1.png,assets/targets/0045/img1_2.png,assets/targets/0045/img2_1.png,assets/targets/0045/img2_2.png,assets/targets/0045/recording1_1.mp4,assets/targets/0045/recording1_2.mp4,assets/targets/0045/recording2_1.mp4,assets/targets/0045/recording2_2.mp4,436.6559051772762,257.95950551802974,False,assets/targets/0045/outlinestim_world1_probe2_1_1.png,assets/targets/0045/outlinestim_world2_probe2_1_0.png,assets/targets/0045/outlinestim_world2_probe2_1_1.png,assets/targets/0045/outlinestim_world1_probe2_1_0.png,noteleport_consistent,2,1,1,0,brown,6680d577ce8b233327b0272e,1,assets/targets/0045/outlinestim_world1_probe2_1_0.png,0,66,True
4,5809,71,0042,assets/targets/0042/img1_1.png,assets/targets/0042/img1_2.png,assets/targets/0042/img2_1.png,assets/targets/0042/img2_2.png,assets/targets/0042/recording1_1.mp4,assets/targets/0042/recording1_2.mp4,assets/targets/0042/recording2_1.mp4,assets/targets/0042/recording2_2.mp4,302.7180979554031,305.896846954325,False,assets/targets/0042/outlinestim_world1_probe1_2_1.png,assets/targets/0042/outlinestim_world2_probe1_2_0.png,assets/targets/0042/outlinestim_world2_probe1_2_1.png,assets/targets/0042/outlinestim_world1_probe1_2_0.png,teleport_consistent,1,2,2,0,brown,6680d577ce8b233327b0272e,1,assets/targets/0042/outlinestim_world2_probe1_2_0.png,0,71,True
5,3673,40,0064,assets/targets/0064/img1_1.png,assets/targets/0064/img1_2.png,assets/targets/0064/img2_1.png,assets/targets/0064/img2_2.png,assets/targets/0064/recording1_1.mp4,assets/targets/0064/recording1_2.mp4,assets/targets/0064/recording2_1.mp4,assets/targets/0064/recording2_2.mp4,572.435126403118,233.99006146723664,False,assets/targets/0064/outlinestim_world1_probe2_2_1.png,assets/targets/0064/outlinestim_world2_probe2_2_0.png,assets/targets/0064/outlinestim_world2_probe2_2_1.png,assets/targets/0064/outlinestim_world1_probe2_2_0.png,noteleport_consistent,2,2,2,0,brown,6680d577ce8b233327b0272e,1,assets/targets/0064/outlinestim_world2_probe2_2_0.png,0,40,False
6,3762,43,0091,assets/targets/0091/img1_1.png,assets/targets/0091/img1_2.png,assets/targets/0091/img2_1.png,assets/targets/0091/img2_2.png,assets/targets/0091/recording1_1.mp4,assets/targets/0091/recording1_2.mp4,assets/targets/0091/recording2_1.mp4,assets/targets/0091/recording2_2.mp4,360.26329222466995,232.43135081432789,False,assets/targets/0091/outlinestim_world1_probe2_2_1.png,assets/targets/0091/outlinestim_world2_probe2_2_0.png,assets/targets/0091/outlinestim_world2_probe2_2_1.png,assets/targets/0091/outlinestim_world1_probe2_2_0.png,noteleport_consistent,2,2,1,0,brown,6680d577ce8b233327b0272e,0,assets/targets/0091/outlinestim_world1_probe2_2_1.png,1,57,True
7,3137,41,0025,assets/targets/0025/img1_1.png,assets/targets/0025/img1_2.png,assets/targets/0025/img2_1.png,assets/targets/0025/img2_2.png,assets/targets/0025/recording1_1.mp4,assets/targets/0025/recording1_2.mp4,assets/targets/0025/recording2_1.mp4,assets/targets/0025/recording2_2.mp4,275.75178627094397,548.0849702817209,False,assets/targets/0025/outlinestim_world1_probe0_1_1.png,assets/targets/0025/outlinestim_world2_probe0_1_0.png,assets/targets/0025/outlinestim_world2_probe0_1_1.png,assets/targets/0025/outlinestim_world1_probe0_1_0.png,nocol,0,1,2,0,brown,6680d577ce8b233327b0272e,1,assets/targets/0025/outlinestim_world2_probe0_1_0.png,0,41,False
8,3312,62,0052,assets/targets/0052/img1_1.png,assets/targets/0052/img1_2.png,assets/targets/0052/img2_1.png,assets/targets/0052/img2_2.png,assets/targets/0052/recording1_1.mp4,assets/targets/0052/recording1_2.mp4,assets/targets/0052/recording2_1.mp4,assets/targets/0052/recording2_2.mp4,570.2567171334038,231.9134273051645,False,assets/targets/0052/outlinestim_world1_probe0_1_1.png,assets/targets/0052/outlinestim_world2_probe0_1_0.png,assets/targets/0052/outlinestim_world2_probe0_1_1.png,assets/targets/0052/outlinestim_world1_probe0_1_0.png,nocol,0,1,1,0,brown,6680d577ce8b233327b0272e,0,assets/targets/0052/outlinestim_world1_probe0_1_1.png,1,38,False
0,44414,59,0025,assets/targets/0025/img1_1.png,assets/targets/0025/img1_2.png,assets/targets/0025/img2_1.png,assets/targets/0025/img2_2.png,assets/targets/0025/recording1_1.mp4,assets/targets/0025/recording1_2.mp4,assets/targets/0025/recording2_1.mp4,assets/targets/0025/recording2_2.mp4,275.75178627094397,548.0849702817209,False,assets/targets/0025/outlinestim_world1_probe0_1_1.png,assets/targets/0025/outlinestim_world2_probe0_1_0.png,assets/targets/0025/outlinestim_world2_probe0_1_1.png,assets/targets/0025/outlinestim_world1_probe0_1_0.png,nocol,0,1,2,1,blue,5d1653de3935ca001b87ff71,1,assets/targets/0025/outlinestim_world1_probe0_1_0.png,0,59,True
1,18185,32,0045,assets/targets/0045/img1_1.png,assets/targets/0045/img1_2.png,assets/targets/0045/img2_1.png,assets/targets/0045/img2_2.png,assets/targets/0045/recording1_1.mp4,assets/targets/0045/recording1_2.mp4,assets/targets/0045/recording2_1.mp4,assets/targets/0045/recording2_2.mp4,436.6559051772762,257.95950551802974,False,assets/targets/0045/outlinestim_world1_probe2_1_1.png,assets/targets/0045/outlinestim_world2_probe2_1_0.png,assets/targets/0045/outlinestim_world2_probe2_1_1.png,assets/targets/0045/outlinestim_world1_probe2_1_0.png,noteleport_consistent,2,1,2,1,blue,5d1653de3935ca001b87ff71,0,assets/targets/0045/outlinestim_world1_probe2_1_1.png,1,68,True
2,18355,55,0091,assets/targets/0091/img1_1.png,assets/targets/0091/img1_2.png,assets/targets/0091/img2_1.png,assets/targets/0091/img2_2.png,assets/targets/0091/recording1_1.mp4,assets/targets/0091/recording1_2.mp4,assets/targets/0091/recording2_1.mp4,assets/targets/0091/recording2_2.mp4,360.26329222466995,232.43135081432789,False,assets/targets/0091/outlinestim_world1_probe2_1_1.png,assets/targets/0091/outlinestim_world2_probe2_1_0.png,assets/targets/0091/outlinestim_world2_probe2_1_1.png,assets/targets/0091/outlinestim_world1_probe2_1_0.png,noteleport_consistent,2,1,1,1,blue,5d1653de3935ca001b87ff71,1,assets/targets/0091/outlinestim_world2_probe2_1_0.png,0,55,True
3,11223,98,0024,assets/targets/0024/img1_1.png,assets/targets/0024/img1_2.png,assets/targets/0024/img2_1.png,assets/targets/0024/img2_2.png,assets/targets/0024/recording1_1.mp4,assets/targets/0024/recording1_2.mp4,assets/targets/0024/recording2_1.mp4,assets/targets/0024/recording2_2.mp4,392.50547349657757,36.17405762242421,False,assets/targets/0024/outlinestim_world1_probe1_1_1.png,assets/targets/0024/outlinestim_world2_probe1_1_0.png,assets/targets/0024/outlinestim_world2_probe1_1_1.png,assets/targets/0024/outlinestim_world1_probe1_1_0.png,teleport_consistent,1,1,1,1,blue,5d1653de3935ca001b87ff71,1,assets/targets/0024/outlinestim_world2_probe1_1_0.png,0,98,True
4,13259,41,0064,assets/targets/0064/img1_1.png,assets/targets/0064/img1_2.png,assets/targets/0064/img2_1.png,assets/targets/0064/img2_2.png,assets/targets/0064/recording1_1.mp4,assets/targets/0064/recording1_2.mp4,assets/targets/0064/recording2_1.mp4,assets/targets/0064/recording2_2.mp4,572.435126403118,233.99006146723664,False,assets/targets/0064/outlinestim_world1_probe0_1_1.png,assets/targets/0064/outlinestim_world2_probe0_1_0.png,assets/targets/0064/outlinestim_world2_probe0_1_1.png,assets/targets/0064/outlinestim_world1_probe0_1_0.png,nocol,0,1,2,1,blue,5d1653de3935ca001b87ff71,0,assets/targets/0064/outlinestim_world1_probe0_1_1.png,1,59,True
5,11562,56,0069,assets/targets/0069/img1_1.png,assets/targets/0069/img1_2.png,assets/targets/0069/img2_1.png,assets/targets/0069/img2_2.png,assets/targets/0069/recording1_1.mp4,assets/targets/0069/recording1_2.mp4,assets/targets/0069/recording2_1.mp4,assets/targets/0069/recording2_2.mp4,45.99293272938177,282.53465008228795,False,assets/targets/0069/outlinestim_world1_probe2_1_1.png,assets/targets/0069/outlinestim_world2_probe2_1_0.png,assets/targets/0069/outlinestim_world2_probe2_1_1.png,assets/targets/0069/outlinestim_world1_probe2_1_0.png,noteleport_consistent,2,1,1,1,blue,5d1653de3935ca001b87ff71,1,assets/targets/0069/outlinestim_world2_probe2_1_0.png,0,56,True
6,11617,25,0072,assets/targets/0072/img1_1.png,assets/targets/0072/img1_2.png,assets/targets/0072/img2_1.png,assets/targets/0072/img2_2.png,assets/targets/0072/recording1_1.mp4,assets/targets/0072/recording1_2.mp4,assets/targets/0072/recording2_1.mp4,assets/targets/0072/recording2_2.mp4,263.49876924364594,480.2927000755407,False,assets/targets/0072/outlinestim_world1_probe1_2_1.png,assets/targets/0072/outlinestim_world2_probe1_2_0.png,assets/targets/0072/outlinestim_world2_probe1_2_1.png,assets/targets/0072/outlinestim_world1_probe1_2_0.png,teleport_consistent,1,2,1,1,blue,5d1653de3935ca001b87ff71,1,assets/targets/0072/outlinestim_world2_probe1_2_0.png,0,25,False
7,13597,57,0052,assets/targets/0052/img1_1.png,assets/targets/0052/img1_2.png,assets/targets/0052/img2_1.png,assets/targets/0052/img2_2.png,assets/targets/0052/recording1_1.mp4,assets/targets/0052/recording1_2.mp4,assets/targets/0052/recording2_1.mp4,assets/targets/0052/recording2_2.mp4,570.2567171334038,231.9134273051645,False,assets/targets/0052/outlinestim_world1_probe0_2_1.png,assets/targets/0052/outlinestim_world2_probe0_2_0.png,assets/targets/0052/outlinestim_world2_probe0_2_1.png,assets/targets/0052/outlinestim_world1_probe0_2_0.png,nocol,0,2,1,1,blue,5d1653de3935ca001b87ff71,1,assets/targets/0052/outlinestim_world2_probe0_2_0.png,0,57,True
8,7974,91,0042,assets/targets/0042/img1_1.png,assets/targets/0042/img1_2.png,assets/targets/0042/img2_1.png,assets/targets/0042/img2_2.png,assets/targets/0042/recording1_1.mp4,assets/targets/0042/recording1_2.mp4,assets/targets/0042/recording2_1.mp4,assets/targets/0042/recording2_2.mp4,302.7180979554031,305.896846954325,False,assets/targets/0042/outlinestim_world1_probe2_1_1.png,assets/targets/0042/outlinestim_world2_probe2_1_0.png,assets/targets/0042/outlinestim_world2_probe2_1_1.png,assets/targets/0042/outlinestim_world1_probe2_1_0.png,noteleport_consistent,2,1,2,1,blue,5d1653de3935ca001b87ff71,1,assets/targets/0042/outlinestim_world1_probe2_1_0.png,0,91,True
0,9950,25,0052,assets/targets/0052/img1_1.png,assets/targets/0052/img1_2.png,assets/targets/0052/img2_1.png,assets/targets/0052/img2_2.png,assets/targets/0052/recording1_1.mp4,assets/targets/0052/recording1_2.mp4,assets/targets/0052/recording2_1.mp4,assets/targets/0052/recording2_2.mp4,570.2567171334038,231.9134273051645,False,assets/targets/0052/outlinestim_world1_probe1_1_1.png,assets/targets/0052/outlinestim_world2_probe1_1_0.png,assets/targets/0052/outlinestim_world2_probe1_1_1.png,assets/targets/0052/outlinestim_world1_probe1_1_0.png,teleport_consistent,1,1,2,0,brown,63e8326b8d067b28655586fb,0,assets/targets/0052/outlinestim_world2_probe1_1_1.png,1,75,True
1,6161,82,0064,assets/targets/0064/img1_1.png,assets/targets/0064/img1_2.png,assets/targets/0064/img2_1.png,assets/targets/0064/img2_2.png,assets/targets/0064/recording1_1.mp4,assets/targets/0064/recording1_2.mp4,assets/targets/0064/recording2_1.mp4,assets/targets/0064/recording2_2.mp4,572.435126403118,233.99006146723664,False,assets/targets/0064/outlinestim_world1_probe1_2_1.png,assets/targets/0064/outlinestim_world2_probe1_2_0.png,assets/targets/0064/outlinestim_world2_probe1_2_1.png,assets/targets/0064/outlinestim_world1_probe1_2_0.png,teleport_consistent,1,2,1,0,brown,63e8326b8d067b28655586fb,1,assets/targets/0064/outlinestim_world1_probe1_2_0.png,0,82,True
2,9833,33,0069,assets/targets/0069/img1_1.png,assets/targets/0069/img1_2.png,assets/targets/0069/img2_1.png,assets/targets/0069/img2_2.png,assets/targets/0069/recording1_1.mp4,assets/targets/0069/recording1_2.mp4,assets/targets/0069/recording2_1.mp4,assets/targets/0069/recording2_2.mp4,45.99293272938177,282.53465008228795,False,assets/targets/0069/outlinestim_world1_probe2_1_1.png,assets/targets/0069/outlinestim_world2_probe2_1_0.png,assets/targets/0069/outlinestim_world2_probe2_1_1.png,assets/targets/0069/outlinestim_world1_probe2_1_0.png,noteleport_consistent,2,1,1,0,brown,63e8326b8d067b28655586fb,1,assets/targets/0069/outlinestim_world1_probe2_1_0.png,0,33,False
3,4933,70,0091,assets/targets/0091/img1_1.png,assets/targets/0091/img1_2.png,assets/targets/0091/img2_1.png,assets/targets/0091/img2_2.png,assets/targets/0091/recording1_1.mp4,assets/targets/0091/recording1_2.mp4,assets/targets/0091/recording2_1.mp4,assets/targets/0091/recording2_2.mp4,360.26329222466995,232.43135081432789,False,assets/targets/0091/outlinestim_world1_probe0_1_1.png,assets/targets/0091/outlinestim_world2_probe0_1_0.png,assets/targets/0091/outlinestim_world2_probe0_1_1.png,assets/targets/0091/outlinestim_world1_probe0_1_0.png,nocol,0,1,1,0,brown,63e8326b8d067b28655586fb,1,assets/targets/0091/outlinestim_world1_probe0_1_0.png,0,70,True
4,4636,39,0042,assets/targets/0042/img1_1.png,assets/targets/0042/img1_2.png,assets/targets/0042/img2_1.png,assets/targets/0042/img2_2.png,assets/targets/0042/recording1_1.mp4,assets/targets/0042/recording1_2.mp4,assets/targets/0042/recording2_1.mp4,assets/targets/0042/recording2_2.mp4,302.7180979554031,305.896846954325,False,assets/targets/0042/outlinestim_world1_probe0_1_1.png,assets/targets/0042/outlinestim_world2_probe0_1_0.png,assets/targets/0042/outlinestim_world2_probe0_1_1.png,assets/targets/0042/outlinestim_world1_probe0_1_0.png,nocol,0,1,1,0,brown,63e8326b8d067b28655586fb,0,assets/targets/0042/outlinestim_world1_probe0_1_1.png,1,61,True
5,5933,19,0072,assets/targets/0072/img1_1.png,assets/targets/0072/img1_2.png,assets/targets/0072/img2_1.png,assets/targets/0072/img2_2.png,assets/targets/0072/recording1_1.mp4,assets/targets/0072/recording1_2.mp4,assets/targets/0072/recording2_1.mp4,assets/targets/0072/recording2_2.mp4,263.49876924364594,480.2927000755407,False,assets/targets/0072/outlinestim_world1_probe2_1_1.png,assets/targets/0072/outlinestim_world2_probe2_1_0.png,assets/targets/0072/outlinestim_world2_probe2_1_1.png,assets/targets/0072/outlinestim_world1_probe2_1_0.png,noteleport_consistent,2,1,2,0,brown,63e8326b8d067b28655586fb,0,assets/targets/0072/outlinestim_world2_probe2_1_1.png,1,81,True
6,4719,66,0025,assets/targets/0025/img1_1.png,assets/targets/0025/img1_2.png,assets/targets/0025/img2_1.png,assets/targets/0025/img2_2.png,assets/targets/0025/recording1_1.mp4,assets/targets/0025/recording1_2.mp4,assets/targets/0025/recording2_1.mp4,assets/targets/0025/recording2_2.mp4,275.75178627094397,548.0849702817209,False,assets/targets/0025/outlinestim_world1_probe2_2_1.png,assets/targets/0025/outlinestim_world2_probe2_2_0.png,assets/targets/0025/outlinestim_world2_probe2_2_1.png,assets/targets/0025/outlinestim_world1_probe2_2_0.png,noteleport_consistent,2,2,2,0,brown,63e8326b8d067b28655586fb,1,assets/targets/0025/outlinestim_world2_probe2_2_0.png,0,66,True
7,3841,37,0045,assets/targets/0045/img1_1.png,assets/targets/0045/img1_2.png,assets/targets/0045/img2_1.png,assets/targets/0045/img2_2.png,assets/targets/0045/recording1_1.mp4,assets/targets/0045/recording1_2.mp4,assets/targets/0045/recording2_1.mp4,assets/targets/0045/recording2_2.mp4,436.6559051772762,257.95950551802974,False,assets/targets/0045/outlinestim_world1_probe1_1_1.png,assets/targets/0045/outlinestim_world2_probe1_1_0.png,assets/targets/0045/outlinestim_world2_probe1_1_1.png,assets/targets/0045/outlinestim_world1_probe1_1_0.png,teleport_consistent,1,1,2,0,brown,63e8326b8d067b28655586fb,0,assets/targets/0045/outlinestim_world2_probe1_1_1.png,1,63,True
8,4672,52,0024,assets/targets/0024/img1_1.png,assets/targets/0024/img1_2.png,assets/targets/0024/img2_1.png,assets/targets/0024/img2_2.png,assets/targets/0024/recording1_1.mp4,assets/targets/0024/recording1_2.mp4,assets/targets/0024/recording2_1.mp4,assets/targets/0024/recording2_2.mp4,392.50547349657757,36.17405762242421,False,assets/targets/0024/outlinestim_world1_probe0_2_1.png,assets/targets/0024/outlinestim_world2_probe0_2_0.png,assets/targets/0024/outlinestim_world2_probe0_2_1.png,assets/targets/0024/outlinestim_world1_probe0_2_0.png,nocol,0,2,2,0,brown,63e8326b8d067b28655586fb,1,assets/targets/0024/outlinestim_world2_probe0_2_0.png,0,52,True
0,55788,23,0072,assets/targets/0072/img1_1.png,assets/targets/0072/img1_2.png,assets/targets/0072/img2_1.png,assets/targets/0072/img2_2.png,assets/targets/0072/recording1_1.mp4,assets/targets/0072/recording1_2.mp4,assets/targets/0072/recording2_1.mp4,assets/targets/0072/recording2_2.mp4,263.49876924364594,480.2927000755407,False,assets/targets/0072/outlinestim_world1_probe1_1_1.png,assets/targets/0072/outlinestim_world2_probe1_1_0.png,assets/targets/0072/outlinestim_world2_probe1_1_1.png,assets/targets/0072/outlinestim_world1_probe1_1_0.png,teleport_consistent,1,1,1,0,brown,62950797c66ad6f3715bb6e6,0,assets/targets/0072/outlinestim_world1_probe1_1_1.png,1,77,True
1,16266,0,0025,assets/targets/0025/img1_1.png,assets/targets/0025/img1_2.png,assets/targets/0025/img2_1.png,assets/targets/0025/img2_2.png,assets/targets/0025/recording1_1.mp4,assets/targets/0025/recording1_2.mp4,assets/targets/0025/recording2_1.mp4,assets/targets/0025/recording2_2.mp4,275.75178627094397,548.0849702817209,False,assets/targets/0025/outlinestim_world1_probe2_1_1.png,assets/targets/0025/outlinestim_world2_probe2_1_0.png,assets/targets/0025/outlinestim_world2_probe2_1_1.png,assets/targets/0025/outlinestim_world1_probe2_1_0.png,noteleport_consistent,2,1,2,0,brown,62950797c66ad6f3715bb6e6,0,assets/targets/0025/outlinestim_world2_probe2_1_1.png,1,100,True
2,6728,93,0045,assets/targets/0045/img1_1.png,assets/targets/0045/img1_2.png,assets/targets/0045/img2_1.png,assets/targets/0045/img2_2.png,assets/targets/0045/recording1_1.mp4,assets/targets/0045/recording1_2.mp4,assets/targets/0045/recording2_1.mp4,assets/targets/0045/recording2_2.mp4,436.6559051772762,257.95950551802974,False,assets/targets/0045/outlinestim_world1_probe0_1_1.png,assets/targets/0045/outlinestim_world2_probe0_1_0.png,assets/targets/0045/outlinestim_world2_probe0_1_1.png,assets/targets/0045/outlinestim_world1_probe0_1_0.png,nocol,0,1,2,0,brown,62950797c66ad6f3715bb6e6,1,assets/targets/0045/outlinestim_world2_probe0_1_0.png,0,93,True
3,10737,16,0091,assets/targets/0091/img1_1.png,assets/targets/0091/img1_2.png,assets/targets/0091/img2_1.png,assets/targets/0091/img2_2.png,assets/targets/0091/recording1_1.mp4,assets/targets/0091/recording1_2.mp4,assets/targets/0091/recording2_1.mp4,assets/targets/0091/recording2_2.mp4,360.26329222466995,232.43135081432789,False,assets/targets/0091/outlinestim_world1_probe1_1_1.png,assets/targets/0091/outlinestim_world2_probe1_1_0.png,assets/targets/0091/outlinestim_world2_probe1_1_1.png,assets/targets/0091/outlinestim_world1_probe1_1_0.png,teleport_consistent,1,1,2,0,brown,62950797c66ad6f3715bb6e6,0,assets/targets/0091/outlinestim_world2_probe1_1_1.png,1,84,True
4,22144,20,0064,assets/targets/0064/img1_1.png,assets/targets/0064/img1_2.png,assets/targets/0064/img2_1.png,assets/targets/0064/img2_2.png,assets/targets/0064/recording1_1.mp4,assets/targets/0064/recording1_2.mp4,assets/targets/0064/recording2_1.mp4,assets/targets/0064/recording2_2.mp4,572.435126403118,233.99006146723664,False,assets/targets/0064/outlinestim_world1_probe1_2_1.png,assets/targets/0064/outlinestim_world2_probe1_2_0.png,assets/targets/0064/outlinestim_world2_probe1_2_1.png,assets/targets/0064/outlinestim_world1_probe1_2_0.png,teleport_consistent,1,2,1,0,brown,62950797c66ad6f3715bb6e6,0,assets/targets/0064/outlinestim_world1_probe1_2_1.png,1,80,True
5,22728,76,0024,assets/targets/0024/img1_1.png,assets/targets/0024/img1_2.png,assets/targets/0024/img2_1.png,assets/targets/0024/img2_2.png,assets/targets/0024/recording1_1.mp4,assets/targets/0024/recording1_2.mp4,assets/targets/0024/recording2_1.mp4,assets/targets/0024/recording2_2.mp4,392.50547349657757,36.17405762242421,False,assets/targets/0024/outlinestim_world1_probe0_2_1.png,assets/targets/0024/outlinestim_world2_probe0_2_0.png,assets/targets/0024/outlinestim_world2_probe0_2_1.png,assets/targets/0024/outlinestim_world1_probe0_2_0.png,nocol,0,2,1,0,brown,62950797c66ad6f3715bb6e6,1,assets/targets/0024/outlinestim_world1_probe0_2_0.png,0,76,True
6,8141,0,0042,assets/targets/0042/img1_1.png,assets/targets/0042/img1_2.png,assets/targets/0042/img2_1.png,assets/targets/0042/img2_2.png,assets/targets/0042/recording1_1.mp4,assets/targets/0042/recording1_2.mp4,assets/targets/0042/recording2_1.mp4,assets/targets/0042/recording2_2.mp4,302.7180979554031,305.896846954325,False,assets/targets/0042/outlinestim_world1_probe1_2_1.png,assets/targets/0042/outlinestim_world2_probe1_2_0.png,assets/targets/0042/outlinestim_world2_probe1_2_1.png,assets/targets/0042/outlinestim_world1_probe1_2_0.png,teleport_consistent,1,2,1,0,brown,62950797c66ad6f3715bb6e6,0,assets/targets/0042/outlinestim_world1_probe1_2_1.png,1,100,True
7,9439,9,0052,assets/targets/0052/img1_1.png,assets/targets/0052/img1_2.png,assets/targets/0052/img2_1.png,assets/targets/0052/img2_2.png,assets/targets/0052/recording1_1.mp4,assets/targets/0052/recording1_2.mp4,assets/targets/0052/recording2_1.mp4,assets/targets/0052/recording2_2.mp4,570.2567171334038,231.9134273051645,False,assets/targets/0052/outlinestim_world1_probe0_1_1.png,assets/targets/0052/outlinestim_world2_probe0_1_0.png,assets/targets/0052/outlinestim_world2_probe0_1_1.png,assets/targets/0052/outlinestim_world1_probe0_1_0.png,nocol,0,1,1,0,brown,62950797c66ad6f3715bb6e6,0,assets/targets/0052/outlinestim_world1_probe0_1_1.png,1,91,True
8,4903,96,0069,assets/targets/0069/img1_1.png,assets/targets/0069/img1_2.png,assets/targets/0069/img2_1.png,assets/targets/0069/img2_2.png,assets/targets/0069/recording1_1.mp4,assets/targets/0069/recording1_2.mp4,assets/targets/0069/recording2_1.mp4,assets/targets/0069/recording2_2.mp4,45.99293272938177,282.53465008228795,False,assets/targets/0069/outlinestim_world1_probe1_2_1.png,assets/targets/0069/outlinestim_world2_probe1_2_0.png,assets/targets/0069/outlinestim_world2_probe1_2_1.png,assets/targets/0069/outlinestim_world1_probe1_2_0.png,teleport_consistent,1,2,1,0,brown,62950797c66ad6f3715bb6e6,0,assets/targets/0069/outlinestim_world1_probe1_2_1.png,1,4,False
0,45036,42,0045,assets/targets/0045/img1_1.png,assets/targets/0045/img1_2.png,assets/targets/0045/img2_1.png,assets/targets/0045/img2_2.png,assets/targets/0045/recording1_1.mp4,assets/targets/0045/recording1_2.mp4,assets/targets/0045/recording2_1.mp4,assets/targets/0045/recording2_2.mp4,436.6559051772762,257.95950551802974,False,assets/targets/0045/outlinestim_world1_probe0_2_1.png,assets/targets/0045/outlinestim_world2_probe0_2_0.png,assets/targets/0045/outlinestim_world2_probe0_2_1.png,assets/targets/0045/outlinestim_world1_probe0_2_0.png,nocol,0,2,1,0,brown,62b35a7d9d9cd966ebcf3ef8,1,assets/targets/0045/outlinestim_world1_probe0_2_0.png,0,42,False
1,13888,0,0052,assets/targets/0052/img1_1.png,assets/targets/0052/img1_2.png,assets/targets/0052/img2_1.png,assets/targets/0052/img2_2.png,assets/targets/0052/recording1_1.mp4,assets/targets/0052/recording1_2.mp4,assets/targets/0052/recording2_1.mp4,assets/targets/0052/recording2_2.mp4,570.2567171334038,231.9134273051645,False,assets/targets/0052/outlinestim_world1_probe1_1_1.png,assets/targets/0052/outlinestim_world2_probe1_1_0.png,assets/targets/0052/outlinestim_world2_probe1_1_1.png,assets/targets/0052/outlinestim_world1_probe1_1_0.png,teleport_consistent,1,1,1,0,brown,62b35a7d9d9cd966ebcf3ef8,0,assets/targets/0052/outlinestim_world1_probe1_1_1.png,1,100,True
2,14309,71,0024,assets/targets/0024/img1_1.png,assets/targets/0024/img1_2.png,assets/targets/0024/img2_1.png,assets/targets/0024/img2_2.png,assets/targets/0024/recording1_1.mp4,assets/targets/0024/recording1_2.mp4,assets/targets/0024/recording2_1.mp4,assets/targets/0024/recording2_2.mp4,392.50547349657757,36.17405762242421,False,assets/targets/0024/outlinestim_world1_probe2_1_1.png,assets/targets/0024/outlinestim_world2_probe2_1_0.png,assets/targets/0024/outlinestim_world2_probe2_1_1.png,assets/targets/0024/outlinestim_world1_probe2_1_0.png,noteleport_consistent,2,1,2,0,brown,62b35a7d9d9cd966ebcf3ef8,1,assets/targets/0024/outlinestim_world2_probe2_1_0.png,0,71,True
3,14353,60,0042,assets/targets/0042/img1_1.png,assets/targets/0042/img1_2.png,assets/targets/0042/img2_1.png,assets/targets/0042/img2_2.png,assets/targets/0042/recording1_1.mp4,assets/targets/0042/recording1_2.mp4,assets/targets/0042/recording2_1.mp4,assets/targets/0042/recording2_2.mp4,302.7180979554031,305.896846954325,False,assets/targets/0042/outlinestim_world1_probe2_2_1.png,assets/targets/0042/outlinestim_world2_probe2_2_0.png,assets/targets/0042/outlinestim_world2_probe2_2_1.png,assets/targets/0042/outlinestim_world1_probe2_2_0.png,noteleport_consistent,2,2,2,0,brown,62b35a7d9d9cd966ebcf3ef8,1,assets/targets/0042/outlinestim_world2_probe2_2_0.png,0,60,True
4,18015,93,0025,assets/targets/0025/img1_1.png,assets/targets/0025/img1_2.png,assets/targets/0025/img2_1.png,assets/targets/0025/img2_2.png,assets/targets/0025/recording1_1.mp4,assets/targets/0025/recording1_2.mp4,assets/targets/0025/recording2_1.mp4,assets/targets/0025/recording2_2.mp4,275.75178627094397,548.0849702817209,False,assets/targets/0025/outlinestim_world1_probe2_1_1.png,assets/targets/0025/outlinestim_world2_probe2_1_0.png,assets/targets/0025/outlinestim_world2_probe2_1_1.png,assets/targets/0025/outlinestim_world1_probe2_1_0.png,noteleport_consistent,2,1,1,0,brown,62b35a7d9d9cd966ebcf3ef8,0,assets/targets/0025/outlinestim_world1_probe2_1_1.png,1,7,False
5,14603,100,0069,assets/targets/0069/img1_1.png,assets/targets/0069/img1_2.png,assets/targets/0069/img2_1.png,assets/targets/0069/img2_2.png,assets/targets/0069/recording1_1.mp4,assets/targets/0069/recording1_2.mp4,assets/targets/0069/recording2_1.mp4,assets/targets/0069/recording2_2.mp4,45.99293272938177,282.53465008228795,False,assets/targets/0069/outlinestim_world1_probe2_1_1.png,assets/targets/0069/outlinestim_world2_probe2_1_0.png,assets/targets/0069/outlinestim_world2_probe2_1_1.png,assets/targets/0069/outlinestim_world1_probe2_1_0.png,noteleport_consistent,2,1,2,0,brown,62b35a7d9d9cd966ebcf3ef8,1,assets/targets/0069/outlinestim_world2_probe2_1_0.png,0,100,True
6,11608,0,0072,assets/targets/0072/img1_1.png,assets/targets/0072/img1_2.png,assets/targets/0072/img2_1.png,assets/targets/0072/img2_2.png,assets/targets/0072/recording1_1.mp4,assets/targets/0072/recording1_2.mp4,assets/targets/0072/recording2_1.mp4,assets/targets/0072/recording2_2.mp4,263.49876924364594,480.2927000755407,False,assets/targets/0072/outlinestim_world1_probe2_2_1.png,assets/targets/0072/outlinestim_world2_probe2_2_0.png,assets/targets/0072/outlinestim_world2_probe2_2_1.png,assets/targets/0072/outlinestim_world1_probe2_2_0.png,noteleport_consistent,2,2,2,0,brown,62b35a7d9d9cd966ebcf3ef8,0,assets/targets/0072/outlinestim_world2_probe2_2_1.png,1,100,True
7,13705,48,0091,assets/targets/0091/img1_1.png,assets/targets/0091/img1_2.png,assets/targets/0091/img2_1.png,assets/targets/0091/img2_2.png,assets/targets/0091/recording1_1.mp4,assets/targets/0091/recording1_2.mp4,assets/targets/0091/recording2_1.mp4,assets/targets/0091/recording2_2.mp4,360.26329222466995,232.43135081432789,False,assets/targets/0091/outlinestim_world1_probe0_2_1.png,assets/targets/0091/outlinestim_world2_probe0_2_0.png,assets/targets/0091/outlinestim_world2_probe0_2_1.png,assets/targets/0091/outlinestim_world1_probe0_2_0.png,nocol,0,2,1,0,brown,62b35a7d9d9cd966ebcf3ef8,1,assets/targets/0091/outlinestim_world1_probe0_2_0.png,0,48,False
8,18954,48,0064,assets/targets/0064/img1_1.png,assets/targets/0064/img1_2.png,assets/targets/0064/img2_1.png,assets/targets/0064/img2_2.png,assets/targets/0064/recording1_1.mp4,assets/targets/0064/recording1_2.mp4,assets/targets/0064/recording2_1.mp4,assets/targets/0064/recording2_2.mp4,572.435126403118,233.99006146723664,False,assets/targets/0064/outlinestim_world1_probe2_1_1.png,assets/targets/0064/outlinestim_world2_probe2_1_0.png,assets/targets/0064/outlinestim_world2_probe2_1_1.png,assets/targets/0064/outlinestim_world1_probe2_1_0.png,noteleport_consistent,2,1,1,0,brown,62b35a7d9d9cd966ebcf3ef8,1,assets/targets/0064/outlinestim_world1_probe2_1_0.png,0,48,False
0,17836,100,0072,assets/targets/0072/img1_1.png,assets/targets/0072/img1_2.png,assets/targets/0072/img2_1.png,assets/targets/0072/img2_2.png,assets/targets/0072/recording1_1.mp4,assets/targets/0072/recording1_2.mp4,assets/targets/0072/recording2_1.mp4,assets/targets/0072/recording2_2.mp4,263.49876924364594,480.2927000755407,False,assets/targets/0072/outlinestim_world1_probe1_2_1.png,assets/targets/0072/outlinestim_world2_probe1_2_0.png,assets/targets/0072/outlinestim_world2_probe1_2_1.png,assets/targets/0072/outlinestim_world1_probe1_2_0.png,teleport_consistent,1,2,1,1,blue,5e164e81502213c397f0cf39,1,assets/targets/0072/outlinestim_world2_probe1_2_0.png,0,100,True
1,8331,50,0025,assets/targets/0025/img1_1.png,assets/targets/0025/img1_2.png,assets/targets/0025/img2_1.png,assets/targets/0025/img2_2.png,assets/targets/0025/recording1_1.mp4,assets/targets/0025/recording1_2.mp4,assets/targets/0025/recording2_1.mp4,assets/targets/0025/recording2_2.mp4,275.75178627094397,548.0849702817209,False,assets/targets/0025/outlinestim_world1_probe1_2_1.png,assets/targets/0025/outlinestim_world2_probe1_2_0.png,assets/targets/0025/outlinestim_world2_probe1_2_1.png,assets/targets/0025/outlinestim_world1_probe1_2_0.png,teleport_consistent,1,2,2,1,blue,5e164e81502213c397f0cf39,1,assets/targets/0025/outlinestim_world1_probe1_2_0.png,0,50,True
2,6913,50,0024,assets/targets/0024/img1_1.png,assets/targets/0024/img1_2.png,assets/targets/0024/img2_1.png,assets/targets/0024/img2_2.png,assets/targets/0024/recording1_1.mp4,assets/targets/0024/recording1_2.mp4,assets/targets/0024/recording2_1.mp4,assets/targets/0024/recording2_2.mp4,392.50547349657757,36.17405762242421,False,assets/targets/0024/outlinestim_world1_probe0_2_1.png,assets/targets/0024/outlinestim_world2_probe0_2_0.png,assets/targets/0024/outlinestim_world2_probe0_2_1.png,assets/targets/0024/outlinestim_world1_probe0_2_0.png,nocol,0,2,2,1,blue,5e164e81502213c397f0cf39,0,assets/targets/0024/outlinestim_world1_probe0_2_1.png,1,50,True
3,9207,4,0042,assets/targets/0042/img1_1.png,assets/targets/0042/img1_2.png,assets/targets/0042/img2_1.png,assets/targets/0042/img2_2.png,assets/targets/0042/recording1_1.mp4,assets/targets/0042/recording1_2.mp4,assets/targets/0042/recording2_1.mp4,assets/targets/0042/recording2_2.mp4,302.7180979554031,305.896846954325,False,assets/targets/0042/outlinestim_world1_probe2_1_1.png,assets/targets/0042/outlinestim_world2_probe2_1_0.png,assets/targets/0042/outlinestim_world2_probe2_1_1.png,assets/targets/0042/outlinestim_world1_probe2_1_0.png,noteleport_consistent,2,1,2,1,blue,5e164e81502213c397f0cf39,0,assets/targets/0042/outlinestim_world1_probe2_1_1.png,1,96,True
4,12822,51,0069,assets/targets/0069/img1_1.png,assets/targets/0069/img1_2.png,assets/targets/0069/img2_1.png,assets/targets/0069/img2_2.png,assets/targets/0069/recording1_1.mp4,assets/targets/0069/recording1_2.mp4,assets/targets/0069/recording2_1.mp4,assets/targets/0069/recording2_2.mp4,45.99293272938177,282.53465008228795,False,assets/targets/0069/outlinestim_world1_probe1_1_1.png,assets/targets/0069/outlinestim_world2_probe1_1_0.png,assets/targets/0069/outlinestim_world2_probe1_1_1.png,assets/targets/0069/outlinestim_world1_probe1_1_0.png,teleport_consistent,1,1,2,1,blue,5e164e81502213c397f0cf39,0,assets/targets/0069/outlinestim_world1_probe1_1_1.png,1,49,False
5,5696,96,0052,assets/targets/0052/img1_1.png,assets/targets/0052/img1_2.png,assets/targets/0052/img2_1.png,assets/targets/0052/img2_2.png,assets/targets/0052/recording1_1.mp4,assets/targets/0052/recording1_2.mp4,assets/targets/0052/recording2_1.mp4,assets/targets/0052/recording2_2.mp4,570.2567171334038,231.9134273051645,False,assets/targets/0052/outlinestim_world1_probe2_1_1.png,assets/targets/0052/outlinestim_world2_probe2_1_0.png,assets/targets/0052/outlinestim_world2_probe2_1_1.png,assets/targets/0052/outlinestim_world1_probe2_1_0.png,noteleport_consistent,2,1,2,1,blue,5e164e81502213c397f0cf39,1,assets/targets/0052/outlinestim_world1_probe2_1_0.png,0,96,True
6,4386,50,0045,assets/targets/0045/img1_1.png,assets/targets/0045/img1_2.png,assets/targets/0045/img2_1.png,assets/targets/0045/img2_2.png,assets/targets/0045/recording1_1.mp4,assets/targets/0045/recording1_2.mp4,assets/targets/0045/recording2_1.mp4,assets/targets/0045/recording2_2.mp4,436.6559051772762,257.95950551802974,False,assets/targets/0045/outlinestim_world1_probe0_2_1.png,assets/targets/0045/outlinestim_world2_probe0_2_0.png,assets/targets/0045/outlinestim_world2_probe0_2_1.png,assets/targets/0045/outlinestim_world1_probe0_2_0.png,nocol,0,2,1,1,blue,5e164e81502213c397f0cf39,0,assets/targets/0045/outlinestim_world2_probe0_2_1.png,1,50,True
7,3431,50,0091,assets/targets/0091/img1_1.png,assets/targets/0091/img1_2.png,assets/targets/0091/img2_1.png,assets/targets/0091/img2_2.png,assets/targets/0091/recording1_1.mp4,assets/targets/0091/recording1_2.mp4,assets/targets/0091/recording2_1.mp4,assets/targets/0091/recording2_2.mp4,360.26329222466995,232.43135081432789,False,assets/targets/0091/outlinestim_world1_probe2_1_1.png,assets/targets/0091/outlinestim_world2_probe2_1_0.png,assets/targets/0091/outlinestim_world2_probe2_1_1.png,assets/targets/0091/outlinestim_world1_probe2_1_0.png,noteleport_consistent,2,1,1,1,blue,5e164e81502213c397f0cf39,1,assets/targets/0091/outlinestim_world2_probe2_1_0.png,0,50,True
8,3194,49,0064,assets/targets/0064/img1_1.png,assets/targets/0064/img1_2.png,assets/targets/0064/img2_1.png,assets/targets/0064/img2_2.png,assets/targets/0064/recording1_1.mp4,assets/targets/0064/recording1_2.mp4,assets/targets/0064/recording2_1.mp4,assets/targets/0064/recording2_2.mp4,572.435126403118,233.99006146723664,False,assets/targets/0064/outlinestim_world1_probe0_1_1.png,assets/targets/0064/outlinestim_world2_probe0_1_0.png,assets/targets/0064/outlinestim_world2_probe0_1_1.png,assets/targets/0064/outlinestim_world1_probe0_1_0.png,nocol,0,1,1,1,blue,5e164e81502213c397f0cf39,0,assets/targets/0064/outlinestim_world2_probe0_1_1.png,1,51,True
0,53249,9,0042,assets/targets/0042/img1_1.png,assets/targets/0042/img1_2.png,assets/targets/0042/img2_1.png,assets/targets/0042/img2_2.png,assets/targets/0042/recording1_1.mp4,assets/targets/0042/recording1_2.mp4,assets/targets/0042/recording2_1.mp4,assets/targets/0042/recording2_2.mp4,302.7180979554031,305.896846954325,False,assets/targets/0042/outlinestim_world1_probe0_1_1.png,assets/targets/0042/outlinestim_world2_probe0_1_0.png,assets/targets/0042/outlinestim_world2_probe0_1_1.png,assets/targets/0042/outlinestim_world1_probe0_1_0.png,nocol,0,1,2,1,blue,6168225aece426c90ad49ff1,1,assets/targets/0042/outlinestim_world1_probe0_1_0.png,0,9,False
1,18782,27,0069,assets/targets/0069/img1_1.png,assets/targets/0069/img1_2.png,assets/targets/0069/img2_1.png,assets/targets/0069/img2_2.png,assets/targets/0069/recording1_1.mp4,assets/targets/0069/recording1_2.mp4,assets/targets/0069/recording2_1.mp4,assets/targets/0069/recording2_2.mp4,45.99293272938177,282.53465008228795,False,assets/targets/0069/outlinestim_world1_probe2_2_1.png,assets/targets/0069/outlinestim_world2_probe2_2_0.png,assets/targets/0069/outlinestim_world2_probe2_2_1.png,assets/targets/0069/outlinestim_world1_probe2_2_0.png,noteleport_consistent,2,2,2,1,blue,6168225aece426c90ad49ff1,0,assets/targets/0069/outlinestim_world1_probe2_2_1.png,1,73,True
2,12933,84,0091,assets/targets/0091/img1_1.png,assets/targets/0091/img1_2.png,assets/targets/0091/img2_1.png,assets/targets/0091/img2_2.png,assets/targets/0091/recording1_1.mp4,assets/targets/0091/recording1_2.mp4,assets/targets/0091/recording2_1.mp4,assets/targets/0091/recording2_2.mp4,360.26329222466995,232.43135081432789,False,assets/targets/0091/outlinestim_world1_probe2_2_1.png,assets/targets/0091/outlinestim_world2_probe2_2_0.png,assets/targets/0091/outlinestim_world2_probe2_2_1.png,assets/targets/0091/outlinestim_world1_probe2_2_0.png,noteleport_consistent,2,2,2,1,blue,6168225aece426c90ad49ff1,1,assets/targets/0091/outlinestim_world1_probe2_2_0.png,0,84,True
3,5366,29,0052,assets/targets/0052/img1_1.png,assets/targets/0052/img1_2.png,assets/targets/0052/img2_1.png,assets/targets/0052/img2_2.png,assets/targets/0052/recording1_1.mp4,assets/targets/0052/recording1_2.mp4,assets/targets/0052/recording2_1.mp4,assets/targets/0052/recording2_2.mp4,570.2567171334038,231.9134273051645,False,assets/targets/0052/outlinestim_world1_probe2_2_1.png,assets/targets/0052/outlinestim_world2_probe2_2_0.png,assets/targets/0052/outlinestim_world2_probe2_2_1.png,assets/targets/0052/outlinestim_world1_probe2_2_0.png,noteleport_consistent,2,2,1,1,blue,6168225aece426c90ad49ff1,1,assets/targets/0052/outlinestim_world2_probe2_2_0.png,0,29,False
4,6909,70,0064,assets/targets/0064/img1_1.png,assets/targets/0064/img1_2.png,assets/targets/0064/img2_1.png,assets/targets/0064/img2_2.png,assets/targets/0064/recording1_1.mp4,assets/targets/0064/recording1_2.mp4,assets/targets/0064/recording2_1.mp4,assets/targets/0064/recording2_2.mp4,572.435126403118,233.99006146723664,False,assets/targets/0064/outlinestim_world1_probe2_2_1.png,assets/targets/0064/outlinestim_world2_probe2_2_0.png,assets/targets/0064/outlinestim_world2_probe2_2_1.png,assets/targets/0064/outlinestim_world1_probe2_2_0.png,noteleport_consistent,2,2,2,1,blue,6168225aece426c90ad49ff1,0,assets/targets/0064/outlinestim_world1_probe2_2_1.png,1,30,False
5,4118,14,0025,assets/targets/0025/img1_1.png,assets/targets/0025/img1_2.png,assets/targets/0025/img2_1.png,assets/targets/0025/img2_2.png,assets/targets/0025/recording1_1.mp4,assets/targets/0025/recording1_2.mp4,assets/targets/0025/recording2_1.mp4,assets/targets/0025/recording2_2.mp4,275.75178627094397,548.0849702817209,False,assets/targets/0025/outlinestim_world1_probe1_1_1.png,assets/targets/0025/outlinestim_world2_probe1_1_0.png,assets/targets/0025/outlinestim_world2_probe1_1_1.png,assets/targets/0025/outlinestim_world1_probe1_1_0.png,teleport_consistent,1,1,1,1,blue,6168225aece426c90ad49ff1,0,assets/targets/0025/outlinestim_world2_probe1_1_1.png,1,86,True
6,4565,80,0024,assets/targets/0024/img1_1.png,assets/targets/0024/img1_2.png,assets/targets/0024/img2_1.png,assets/targets/0024/img2_2.png,assets/targets/0024/recording1_1.mp4,assets/targets/0024/recording1_2.mp4,assets/targets/0024/recording2_1.mp4,assets/targets/0024/recording2_2.mp4,392.50547349657757,36.17405762242421,False,assets/targets/0024/outlinestim_world1_probe1_1_1.png,assets/targets/0024/outlinestim_world2_probe1_1_0.png,assets/targets/0024/outlinestim_world2_probe1_1_1.png,assets/targets/0024/outlinestim_world1_probe1_1_0.png,teleport_consistent,1,1,1,1,blue,6168225aece426c90ad49ff1,0,assets/targets/0024/outlinestim_world2_probe1_1_1.png,1,20,False
7,5013,24,0045,assets/targets/0045/img1_1.png,assets/targets/0045/img1_2.png,assets/targets/0045/img2_1.png,assets/targets/0045/img2_2.png,assets/targets/0045/recording1_1.mp4,assets/targets/0045/recording1_2.mp4,assets/targets/0045/recording2_1.mp4,assets/targets/0045/recording2_2.mp4,436.6559051772762,257.95950551802974,False,assets/targets/0045/outlinestim_world1_probe2_2_1.png,assets/targets/0045/outlinestim_world2_probe2_2_0.png,assets/targets/0045/outlinestim_world2_probe2_2_1.png,assets/targets/0045/outlinestim_world1_probe2_2_0.png,noteleport_consistent,2,2,2,1,blue,6168225aece426c90ad49ff1,0,assets/targets/0045/outlinestim_world1_probe2_2_1.png,1,76,True
8,4998,16,0072,assets/targets/0072/img1_1.png,assets/targets/0072/img1_2.png,assets/targets/0072/img2_1.png,assets/targets/0072/img2_2.png,assets/targets/0072/recording1_1.mp4,assets/targets/0072/recording1_2.mp4,assets/targets/0072/recording2_1.mp4,assets/targets/0072/recording2_2.mp4,263.49876924364594,480.2927000755407,False,assets/targets/0072/outlinestim_world1_probe1_1_1.png,assets/targets/0072/outlinestim_world2_probe1_1_0.png,assets/targets/0072/outlinestim_world2_probe1_1_1.png,assets/targets/0072/outlinestim_world1_probe1_1_0.png,teleport_consistent,1,1,1,1,blue,6168225aece426c90ad49ff1,1,assets/targets/0072/outlinestim_world2_probe1_1_0.png,0,16,False
0,57338,33,0025,assets/targets/0025/img1_1.png,assets/targets/0025/img1_2.png,assets/targets/0025/img2_1.png,assets/targets/0025/img2_2.png,assets/targets/0025/recording1_1.mp4,assets/targets/0025/recording1_2.mp4,assets/targets/0025/recording2_1.mp4,assets/targets/0025/recording2_2.mp4,275.75178627094397,548.0849702817209,False,assets/targets/0025/outlinestim_world1_probe1_2_1.png,assets/targets/0025/outlinestim_world2_probe1_2_0.png,assets/targets/0025/outlinestim_world2_probe1_2_1.png,assets/targets/0025/outlinestim_world1_probe1_2_0.png,teleport_consistent,1,2,1,1,blue,5dec01e809c107301c5e307f,0,assets/targets/0025/outlinestim_world2_probe1_2_1.png,1,67,True
1,12434,49,0072,assets/targets/0072/img1_1.png,assets/targets/0072/img1_2.png,assets/targets/0072/img2_1.png,assets/targets/0072/img2_2.png,assets/targets/0072/recording1_1.mp4,assets/targets/0072/recording1_2.mp4,assets/targets/0072/recording2_1.mp4,assets/targets/0072/recording2_2.mp4,263.49876924364594,480.2927000755407,False,assets/targets/0072/outlinestim_world1_probe0_1_1.png,assets/targets/0072/outlinestim_world2_probe0_1_0.png,assets/targets/0072/outlinestim_world2_probe0_1_1.png,assets/targets/0072/outlinestim_world1_probe0_1_0.png,nocol,0,1,1,1,blue,5dec01e809c107301c5e307f,1,assets/targets/0072/outlinestim_world2_probe0_1_0.png,0,49,False
2,12411,65,0091,assets/targets/0091/img1_1.png,assets/targets/0091/img1_2.png,assets/targets/0091/img2_1.png,assets/targets/0091/img2_2.png,assets/targets/0091/recording1_1.mp4,assets/targets/0091/recording1_2.mp4,assets/targets/0091/recording2_1.mp4,assets/targets/0091/recording2_2.mp4,360.26329222466995,232.43135081432789,False,assets/targets/0091/outlinestim_world1_probe0_1_1.png,assets/targets/0091/outlinestim_world2_probe0_1_0.png,assets/targets/0091/outlinestim_world2_probe0_1_1.png,assets/targets/0091/outlinestim_world1_probe0_1_0.png,nocol,0,1,1,1,blue,5dec01e809c107301c5e307f,1,assets/targets/0091/outlinestim_world2_probe0_1_0.png,0,65,True
3,8347,35,0052,assets/targets/0052/img1_1.png,assets/targets/0052/img1_2.png,assets/targets/0052/img2_1.png,assets/targets/0052/img2_2.png,assets/targets/0052/recording1_1.mp4,assets/targets/0052/recording1_2.mp4,assets/targets/0052/recording2_1.mp4,assets/targets/0052/recording2_2.mp4,570.2567171334038,231.9134273051645,False,assets/targets/0052/outlinestim_world1_probe2_1_1.png,assets/targets/0052/outlinestim_world2_probe2_1_0.png,assets/targets/0052/outlinestim_world2_probe2_1_1.png,assets/targets/0052/outlinestim_world1_probe2_1_0.png,noteleport_consistent,2,1,2,1,blue,5dec01e809c107301c5e307f,1,assets/targets/0052/outlinestim_world1_probe2_1_0.png,0,35,False
4,8261,32,0069,assets/targets/0069/img1_1.png,assets/targets/0069/img1_2.png,assets/targets/0069/img2_1.png,assets/targets/0069/img2_2.png,assets/targets/0069/recording1_1.mp4,assets/targets/0069/recording1_2.mp4,assets/targets/0069/recording2_1.mp4,assets/targets/0069/recording2_2.mp4,45.99293272938177,282.53465008228795,False,assets/targets/0069/outlinestim_world1_probe1_1_1.png,assets/targets/0069/outlinestim_world2_probe1_1_0.png,assets/targets/0069/outlinestim_world2_probe1_1_1.png,assets/targets/0069/outlinestim_world1_probe1_1_0.png,teleport_consistent,1,1,1,1,blue,5dec01e809c107301c5e307f,0,assets/targets/0069/outlinestim_world2_probe1_1_1.png,1,68,True
5,7021,50,0024,assets/targets/0024/img1_1.png,assets/targets/0024/img1_2.png,assets/targets/0024/img2_1.png,assets/targets/0024/img2_2.png,assets/targets/0024/recording1_1.mp4,assets/targets/0024/recording1_2.mp4,assets/targets/0024/recording2_1.mp4,assets/targets/0024/recording2_2.mp4,392.50547349657757,36.17405762242421,False,assets/targets/0024/outlinestim_world1_probe1_2_1.png,assets/targets/0024/outlinestim_world2_probe1_2_0.png,assets/targets/0024/outlinestim_world2_probe1_2_1.png,assets/targets/0024/outlinestim_world1_probe1_2_0.png,teleport_consistent,1,2,2,1,blue,5dec01e809c107301c5e307f,1,assets/targets/0024/outlinestim_world1_probe1_2_0.png,0,50,True
6,7195,51,0042,assets/targets/0042/img1_1.png,assets/targets/0042/img1_2.png,assets/targets/0042/img2_1.png,assets/targets/0042/img2_2.png,assets/targets/0042/recording1_1.mp4,assets/targets/0042/recording1_2.mp4,assets/targets/0042/recording2_1.mp4,assets/targets/0042/recording2_2.mp4,302.7180979554031,305.896846954325,False,assets/targets/0042/outlinestim_world1_probe0_1_1.png,assets/targets/0042/outlinestim_world2_probe0_1_0.png,assets/targets/0042/outlinestim_world2_probe0_1_1.png,assets/targets/0042/outlinestim_world1_probe0_1_0.png,nocol,0,1,1,1,blue,5dec01e809c107301c5e307f,0,assets/targets/0042/outlinestim_world2_probe0_1_1.png,1,49,False
7,10396,69,0045,assets/targets/0045/img1_1.png,assets/targets/0045/img1_2.png,assets/targets/0045/img2_1.png,assets/targets/0045/img2_2.png,assets/targets/0045/recording1_1.mp4,assets/targets/0045/recording1_2.mp4,assets/targets/0045/recording2_1.mp4,assets/targets/0045/recording2_2.mp4,436.6559051772762,257.95950551802974,False,assets/targets/0045/outlinestim_world1_probe1_1_1.png,assets/targets/0045/outlinestim_world2_probe1_1_0.png,assets/targets/0045/outlinestim_world2_probe1_1_1.png,assets/targets/0045/outlinestim_world1_probe1_1_0.png,teleport_consistent,1,1,1,1,blue,5dec01e809c107301c5e307f,1,assets/targets/0045/outlinestim_world2_probe1_1_0.png,0,69,True
8,8123,51,0064,assets/targets/0064/img1_1.png,assets/targets/0064/img1_2.png,assets/targets/0064/img2_1.png,assets/targets/0064/img2_2.png,assets/targets/0064/recording1_1.mp4,assets/targets/0064/recording1_2.mp4,assets/targets/0064/recording2_1.mp4,assets/targets/0064/recording2_2.mp4,572.435126403118,233.99006146723664,False,assets/targets/0064/outlinestim_world1_probe1_2_1.png,assets/targets/0064/outlinestim_world2_probe1_2_0.png,assets/targets/0064/outlinestim_world2_probe1_2_1.png,assets/targets/0064/outlinestim_world1_probe1_2_0.png,teleport_consistent,1,2,2,1,blue,5dec01e809c107301c5e307f,0,assets/targets/0064/outlinestim_world1_probe1_2_1.png,1,49,False
0,34826,3,0064,assets/targets/0064/img1_1.png,assets/targets/0064/img1_2.png,assets/targets/0064/img2_1.png,assets/targets/0064/img2_2.png,assets/targets/0064/recording1_1.mp4,assets/targets/0064/recording1_2.mp4,assets/targets/0064/recording2_1.mp4,assets/targets/0064/recording2_2.mp4,572.435126403118,233.99006146723664,False,assets/targets/0064/outlinestim_world1_probe2_1_1.png,assets/targets/0064/outlinestim_world2_probe2_1_0.png,assets/targets/0064/outlinestim_world2_probe2_1_1.png,assets/targets/0064/outlinestim_world1_probe2_1_0.png,noteleport_consistent,2,1,1,1,blue,66a81975acd2067a9f277c9c,0,assets/targets/0064/outlinestim_world2_probe2_1_1.png,1,97,True
1,66672,100,0025,assets/targets/0025/img1_1.png,assets/targets/0025/img1_2.png,assets/targets/0025/img2_1.png,assets/targets/0025/img2_2.png,assets/targets/0025/recording1_1.mp4,assets/targets/0025/recording1_2.mp4,assets/targets/0025/recording2_1.mp4,assets/targets/0025/recording2_2.mp4,275.75178627094397,548.0849702817209,False,assets/targets/0025/outlinestim_world1_probe1_1_1.png,assets/targets/0025/outlinestim_world2_probe1_1_0.png,assets/targets/0025/outlinestim_world2_probe1_1_1.png,assets/targets/0025/outlinestim_world1_probe1_1_0.png,teleport_consistent,1,1,1,1,blue,66a81975acd2067a9f277c9c,1,assets/targets/0025/outlinestim_world2_probe1_1_0.png,0,100,True
2,9055,0,0024,assets/targets/0024/img1_1.png,assets/targets/0024/img1_2.png,assets/targets/0024/img2_1.png,assets/targets/0024/img2_2.png,assets/targets/0024/recording1_1.mp4,assets/targets/0024/recording1_2.mp4,assets/targets/0024/recording2_1.mp4,assets/targets/0024/recording2_2.mp4,392.50547349657757,36.17405762242421,False,assets/targets/0024/outlinestim_world1_probe2_1_1.png,assets/targets/0024/outlinestim_world2_probe2_1_0.png,assets/targets/0024/outlinestim_world2_probe2_1_1.png,assets/targets/0024/outlinestim_world1_probe2_1_0.png,noteleport_consistent,2,1,2,1,blue,66a81975acd2067a9f277c9c,1,assets/targets/0024/outlinestim_world1_probe2_1_0.png,0,0,False
3,21759,31,0042,assets/targets/0042/img1_1.png,assets/targets/0042/img1_2.png,assets/targets/0042/img2_1.png,assets/targets/0042/img2_2.png,assets/targets/0042/recording1_1.mp4,assets/targets/0042/recording1_2.mp4,assets/targets/0042/recording2_1.mp4,assets/targets/0042/recording2_2.mp4,302.7180979554031,305.896846954325,False,assets/targets/0042/outlinestim_world1_probe0_1_1.png,assets/targets/0042/outlinestim_world2_probe0_1_0.png,assets/targets/0042/outlinestim_world2_probe0_1_1.png,assets/targets/0042/outlinestim_world1_probe0_1_0.png,nocol,0,1,2,1,blue,66a81975acd2067a9f277c9c,0,assets/targets/0042/outlinestim_world1_probe0_1_1.png,1,69,True
4,16334,23,0091,assets/targets/0091/img1_1.png,assets/targets/0091/img1_2.png,assets/targets/0091/img2_1.png,assets/targets/0091/img2_2.png,assets/targets/0091/recording1_1.mp4,assets/targets/0091/recording1_2.mp4,assets/targets/0091/recording2_1.mp4,assets/targets/0091/recording2_2.mp4,360.26329222466995,232.43135081432789,False,assets/targets/0091/outlinestim_world1_probe0_2_1.png,assets/targets/0091/outlinestim_world2_probe0_2_0.png,assets/targets/0091/outlinestim_world2_probe0_2_1.png,assets/targets/0091/outlinestim_world1_probe0_2_0.png,nocol,0,2,2,1,blue,66a81975acd2067a9f277c9c,0,assets/targets/0091/outlinestim_world1_probe0_2_1.png,1,77,True
5,7462,59,0069,assets/targets/0069/img1_1.png,assets/targets/0069/img1_2.png,assets/targets/0069/img2_1.png,assets/targets/0069/img2_2.png,assets/targets/0069/recording1_1.mp4,assets/targets/0069/recording1_2.mp4,assets/targets/0069/recording2_1.mp4,assets/targets/0069/recording2_2.mp4,45.99293272938177,282.53465008228795,False,assets/targets/0069/outlinestim_world1_probe1_1_1.png,assets/targets/0069/outlinestim_world2_probe1_1_0.png,assets/targets/0069/outlinestim_world2_probe1_1_1.png,assets/targets/0069/outlinestim_world1_probe1_1_0.png,teleport_consistent,1,1,1,1,blue,66a81975acd2067a9f277c9c,1,assets/targets/0069/outlinestim_world2_probe1_1_0.png,0,59,True
6,12322,67,0052,assets/targets/0052/img1_1.png,assets/targets/0052/img1_2.png,assets/targets/0052/img2_1.png,assets/targets/0052/img2_2.png,assets/targets/0052/recording1_1.mp4,assets/targets/0052/recording1_2.mp4,assets/targets/0052/recording2_1.mp4,assets/targets/0052/recording2_2.mp4,570.2567171334038,231.9134273051645,False,assets/targets/0052/outlinestim_world1_probe0_1_1.png,assets/targets/0052/outlinestim_world2_probe0_1_0.png,assets/targets/0052/outlinestim_world2_probe0_1_1.png,assets/targets/0052/outlinestim_world1_probe0_1_0.png,nocol,0,1,1,1,blue,66a81975acd2067a9f277c9c,0,assets/targets/0052/outlinestim_world2_probe0_1_1.png,1,33,False
7,3221,72,0045,assets/targets/0045/img1_1.png,assets/targets/0045/img1_2.png,assets/targets/0045/img2_1.png,assets/targets/0045/img2_2.png,assets/targets/0045/recording1_1.mp4,assets/targets/0045/recording1_2.mp4,assets/targets/0045/recording2_1.mp4,assets/targets/0045/recording2_2.mp4,436.6559051772762,257.95950551802974,False,assets/targets/0045/outlinestim_world1_probe1_2_1.png,assets/targets/0045/outlinestim_world2_probe1_2_0.png,assets/targets/0045/outlinestim_world2_probe1_2_1.png,assets/targets/0045/outlinestim_world1_probe1_2_0.png,teleport_consistent,1,2,1,1,blue,66a81975acd2067a9f277c9c,0,assets/targets/0045/outlinestim_world2_probe1_2_1.png,1,28,False
8,3808,64,0072,assets/targets/0072/img1_1.png,assets/targets/0072/img1_2.png,assets/targets/0072/img2_1.png,assets/targets/0072/img2_2.png,assets/targets/0072/recording1_1.mp4,assets/targets/0072/recording1_2.mp4,assets/targets/0072/recording2_1.mp4,assets/targets/0072/recording2_2.mp4,263.49876924364594,480.2927000755407,False,assets/targets/0072/outlinestim_world1_probe0_1_1.png,assets/targets/0072/outlinestim_world2_probe0_1_0.png,assets/targets/0072/outlinestim_world2_probe0_1_1.png,assets/targets/0072/outlinestim_world1_probe0_1_0.png,nocol,0,1,2,1,blue,66a81975acd2067a9f277c9c,1,assets/targets/0072/outlinestim_world1_probe0_1_0.png,0,64,True
0,23843,52,0045,assets/targets/0045/img1_1.png,assets/targets/0045/img1_2.png,assets/targets/0045/img2_1.png,assets/targets/0045/img2_2.png,assets/targets/0045/recording1_1.mp4,assets/targets/0045/recording1_2.mp4,assets/targets/0045/recording2_1.mp4,assets/targets/0045/recording2_2.mp4,436.6559051772762,257.95950551802974,False,assets/targets/0045/outlinestim_world1_probe1_2_1.png,assets/targets/0045/outlinestim_world2_probe1_2_0.png,assets/targets/0045/outlinestim_world2_probe1_2_1.png,assets/targets/0045/outlinestim_world1_probe1_2_0.png,teleport_consistent,1,2,2,1,blue,6073765ad2cf968269c6775f,1,assets/targets/0045/outlinestim_world1_probe1_2_0.png,0,52,True
1,10267,50,0069,assets/targets/0069/img1_1.png,assets/targets/0069/img1_2.png,assets/targets/0069/img2_1.png,assets/targets/0069/img2_2.png,assets/targets/0069/recording1_1.mp4,assets/targets/0069/recording1_2.mp4,assets/targets/0069/recording2_1.mp4,assets/targets/0069/recording2_2.mp4,45.99293272938177,282.53465008228795,False,assets/targets/0069/outlinestim_world1_probe1_1_1.png,assets/targets/0069/outlinestim_world2_probe1_1_0.png,assets/targets/0069/outlinestim_world2_probe1_1_1.png,assets/targets/0069/outlinestim_world1_probe1_1_0.png,teleport_consistent,1,1,1,1,blue,6073765ad2cf968269c6775f,1,assets/targets/0069/outlinestim_world2_probe1_1_0.png,0,50,True
2,14106,0,0072,assets/targets/0072/img1_1.png,assets/targets/0072/img1_2.png,assets/targets/0072/img2_1.png,assets/targets/0072/img2_2.png,assets/targets/0072/recording1_1.mp4,assets/targets/0072/recording1_2.mp4,assets/targets/0072/recording2_1.mp4,assets/targets/0072/recording2_2.mp4,263.49876924364594,480.2927000755407,False,assets/targets/0072/outlinestim_world1_probe1_2_1.png,assets/targets/0072/outlinestim_world2_probe1_2_0.png,assets/targets/0072/outlinestim_world2_probe1_2_1.png,assets/targets/0072/outlinestim_world1_probe1_2_0.png,teleport_consistent,1,2,1,1,blue,6073765ad2cf968269c6775f,1,assets/targets/0072/outlinestim_world2_probe1_2_0.png,0,0,False
3,32653,50,0052,assets/targets/0052/img1_1.png,assets/targets/0052/img1_2.png,assets/targets/0052/img2_1.png,assets/targets/0052/img2_2.png,assets/targets/0052/recording1_1.mp4,assets/targets/0052/recording1_2.mp4,assets/targets/0052/recording2_1.mp4,assets/targets/0052/recording2_2.mp4,570.2567171334038,231.9134273051645,False,assets/targets/0052/outlinestim_world1_probe0_2_1.png,assets/targets/0052/outlinestim_world2_probe0_2_0.png,assets/targets/0052/outlinestim_world2_probe0_2_1.png,assets/targets/0052/outlinestim_world1_probe0_2_0.png,nocol,0,2,1,1,blue,6073765ad2cf968269c6775f,0,assets/targets/0052/outlinestim_world2_probe0_2_1.png,1,50,True
4,6446,50,0042,assets/targets/0042/img1_1.png,assets/targets/0042/img1_2.png,assets/targets/0042/img2_1.png,assets/targets/0042/img2_2.png,assets/targets/0042/recording1_1.mp4,assets/targets/0042/recording1_2.mp4,assets/targets/0042/recording2_1.mp4,assets/targets/0042/recording2_2.mp4,302.7180979554031,305.896846954325,False,assets/targets/0042/outlinestim_world1_probe1_1_1.png,assets/targets/0042/outlinestim_world2_probe1_1_0.png,assets/targets/0042/outlinestim_world2_probe1_1_1.png,assets/targets/0042/outlinestim_world1_probe1_1_0.png,teleport_consistent,1,1,1,1,blue,6073765ad2cf968269c6775f,1,assets/targets/0042/outlinestim_world2_probe1_1_0.png,0,50,True
5,5666,50,0091,assets/targets/0091/img1_1.png,assets/targets/0091/img1_2.png,assets/targets/0091/img2_1.png,assets/targets/0091/img2_2.png,assets/targets/0091/recording1_1.mp4,assets/targets/0091/recording1_2.mp4,assets/targets/0091/recording2_1.mp4,assets/targets/0091/recording2_2.mp4,360.26329222466995,232.43135081432789,False,assets/targets/0091/outlinestim_world1_probe0_1_1.png,assets/targets/0091/outlinestim_world2_probe0_1_0.png,assets/targets/0091/outlinestim_world2_probe0_1_1.png,assets/targets/0091/outlinestim_world1_probe0_1_0.png,nocol,0,1,2,1,blue,6073765ad2cf968269c6775f,1,assets/targets/0091/outlinestim_world1_probe0_1_0.png,0,50,True
6,7926,50,0064,assets/targets/0064/img1_1.png,assets/targets/0064/img1_2.png,assets/targets/0064/img2_1.png,assets/targets/0064/img2_2.png,assets/targets/0064/recording1_1.mp4,assets/targets/0064/recording1_2.mp4,assets/targets/0064/recording2_1.mp4,assets/targets/0064/recording2_2.mp4,572.435126403118,233.99006146723664,False,assets/targets/0064/outlinestim_world1_probe2_2_1.png,assets/targets/0064/outlinestim_world2_probe2_2_0.png,assets/targets/0064/outlinestim_world2_probe2_2_1.png,assets/targets/0064/outlinestim_world1_probe2_2_0.png,noteleport_consistent,2,2,2,1,blue,6073765ad2cf968269c6775f,1,assets/targets/0064/outlinestim_world1_probe2_2_0.png,0,50,True
7,23622,0,0025,assets/targets/0025/img1_1.png,assets/targets/0025/img1_2.png,assets/targets/0025/img2_1.png,assets/targets/0025/img2_2.png,assets/targets/0025/recording1_1.mp4,assets/targets/0025/recording1_2.mp4,assets/targets/0025/recording2_1.mp4,assets/targets/0025/recording2_2.mp4,275.75178627094397,548.0849702817209,False,assets/targets/0025/outlinestim_world1_probe1_1_1.png,assets/targets/0025/outlinestim_world2_probe1_1_0.png,assets/targets/0025/outlinestim_world2_probe1_1_1.png,assets/targets/0025/outlinestim_world1_probe1_1_0.png,teleport_consistent,1,1,1,1,blue,6073765ad2cf968269c6775f,0,assets/targets/0025/outlinestim_world2_probe1_1_1.png,1,100,True
8,8565,50,0024,assets/targets/0024/img1_1.png,assets/targets/0024/img1_2.png,assets/targets/0024/img2_1.png,assets/targets/0024/img2_2.png,assets/targets/0024/recording1_1.mp4,assets/targets/0024/recording1_2.mp4,assets/targets/0024/recording2_1.mp4,assets/targets/0024/recording2_2.mp4,392.50547349657757,36.17405762242421,False,assets/targets/0024/outlinestim_world1_probe2_1_1.png,assets/targets/0024/outlinestim_world2_probe2_1_0.png,assets/targets/0024/outlinestim_world2_probe2_1_1.png,assets/targets/0024/outlinestim_world1_probe2_1_0.png,noteleport_consistent,2,1,2,1,blue,6073765ad2cf968269c6775f,1,assets/targets/0024/outlinestim_world1_probe2_1_0.png,0,50,True
0,87155,4,0024,assets/targets/0024/img1_1.png,assets/targets/0024/img1_2.png,assets/targets/0024/img2_1.png,assets/targets/0024/img2_2.png,assets/targets/0024/recording1_1.mp4,assets/targets/0024/recording1_2.mp4,assets/targets/0024/recording2_1.mp4,assets/targets/0024/recording2_2.mp4,392.50547349657757,36.17405762242421,False,assets/targets/0024/outlinestim_world1_probe0_1_1.png,assets/targets/0024/outlinestim_world2_probe0_1_0.png,assets/targets/0024/outlinestim_world2_probe0_1_1.png,assets/targets/0024/outlinestim_world1_probe0_1_0.png,nocol,0,1,1,0,brown,5d9cb58ee8783f0019c8bd06,0,assets/targets/0024/outlinestim_world1_probe0_1_1.png,1,96,True
1,23858,9,0072,assets/targets/0072/img1_1.png,assets/targets/0072/img1_2.png,assets/targets/0072/img2_1.png,assets/targets/0072/img2_2.png,assets/targets/0072/recording1_1.mp4,assets/targets/0072/recording1_2.mp4,assets/targets/0072/recording2_1.mp4,assets/targets/0072/recording2_2.mp4,263.49876924364594,480.2927000755407,False,assets/targets/0072/outlinestim_world1_probe0_1_1.png,assets/targets/0072/outlinestim_world2_probe0_1_0.png,assets/targets/0072/outlinestim_world2_probe0_1_1.png,assets/targets/0072/outlinestim_world1_probe0_1_0.png,nocol,0,1,2,0,brown,5d9cb58ee8783f0019c8bd06,0,assets/targets/0072/outlinestim_world2_probe0_1_1.png,1,91,True
2,21404,4,0052,assets/targets/0052/img1_1.png,assets/targets/0052/img1_2.png,assets/targets/0052/img2_1.png,assets/targets/0052/img2_2.png,assets/targets/0052/recording1_1.mp4,assets/targets/0052/recording1_2.mp4,assets/targets/0052/recording2_1.mp4,assets/targets/0052/recording2_2.mp4,570.2567171334038,231.9134273051645,False,assets/targets/0052/outlinestim_world1_probe2_2_1.png,assets/targets/0052/outlinestim_world2_probe2_2_0.png,assets/targets/0052/outlinestim_world2_probe2_2_1.png,assets/targets/0052/outlinestim_world1_probe2_2_0.png,noteleport_consistent,2,2,2,0,brown,5d9cb58ee8783f0019c8bd06,0,assets/targets/0052/outlinestim_world2_probe2_2_1.png,1,96,True
3,19034,8,0045,assets/targets/0045/img1_1.png,assets/targets/0045/img1_2.png,assets/targets/0045/img2_1.png,assets/targets/0045/img2_2.png,assets/targets/0045/recording1_1.mp4,assets/targets/0045/recording1_2.mp4,assets/targets/0045/recording2_1.mp4,assets/targets/0045/recording2_2.mp4,436.6559051772762,257.95950551802974,False,assets/targets/0045/outlinestim_world1_probe1_1_1.png,assets/targets/0045/outlinestim_world2_probe1_1_0.png,assets/targets/0045/outlinestim_world2_probe1_1_1.png,assets/targets/0045/outlinestim_world1_probe1_1_0.png,teleport_consistent,1,1,1,0,brown,5d9cb58ee8783f0019c8bd06,0,assets/targets/0045/outlinestim_world1_probe1_1_1.png,1,92,True
4,28556,50,0091,assets/targets/0091/img1_1.png,assets/targets/0091/img1_2.png,assets/targets/0091/img2_1.png,assets/targets/0091/img2_2.png,assets/targets/0091/recording1_1.mp4,assets/targets/0091/recording1_2.mp4,assets/targets/0091/recording2_1.mp4,assets/targets/0091/recording2_2.mp4,360.26329222466995,232.43135081432789,False,assets/targets/0091/outlinestim_world1_probe1_1_1.png,assets/targets/0091/outlinestim_world2_probe1_1_0.png,assets/targets/0091/outlinestim_world2_probe1_1_1.png,assets/targets/0091/outlinestim_world1_probe1_1_0.png,teleport_consistent,1,1,2,0,brown,5d9cb58ee8783f0019c8bd06,1,assets/targets/0091/outlinestim_world2_probe1_1_0.png,0,50,True
5,14244,50,0025,assets/targets/0025/img1_1.png,assets/targets/0025/img1_2.png,assets/targets/0025/img2_1.png,assets/targets/0025/img2_2.png,assets/targets/0025/recording1_1.mp4,assets/targets/0025/recording1_2.mp4,assets/targets/0025/recording2_1.mp4,assets/targets/0025/recording2_2.mp4,275.75178627094397,548.0849702817209,False,assets/targets/0025/outlinestim_world1_probe0_1_1.png,assets/targets/0025/outlinestim_world2_probe0_1_0.png,assets/targets/0025/outlinestim_world2_probe0_1_1.png,assets/targets/0025/outlinestim_world1_probe0_1_0.png,nocol,0,1,2,0,brown,5d9cb58ee8783f0019c8bd06,0,assets/targets/0025/outlinestim_world2_probe0_1_1.png,1,50,True
6,13634,30,0069,assets/targets/0069/img1_1.png,assets/targets/0069/img1_2.png,assets/targets/0069/img2_1.png,assets/targets/0069/img2_2.png,assets/targets/0069/recording1_1.mp4,assets/targets/0069/recording1_2.mp4,assets/targets/0069/recording2_1.mp4,assets/targets/0069/recording2_2.mp4,45.99293272938177,282.53465008228795,False,assets/targets/0069/outlinestim_world1_probe2_2_1.png,assets/targets/0069/outlinestim_world2_probe2_2_0.png,assets/targets/0069/outlinestim_world2_probe2_2_1.png,assets/targets/0069/outlinestim_world1_probe2_2_0.png,noteleport_consistent,2,2,1,0,brown,5d9cb58ee8783f0019c8bd06,0,assets/targets/0069/outlinestim_world1_probe2_2_1.png,1,70,True
7,14102,80,0042,assets/targets/0042/img1_1.png,assets/targets/0042/img1_2.png,assets/targets/0042/img2_1.png,assets/targets/0042/img2_2.png,assets/targets/0042/recording1_1.mp4,assets/targets/0042/recording1_2.mp4,assets/targets/0042/recording2_1.mp4,assets/targets/0042/recording2_2.mp4,302.7180979554031,305.896846954325,False,assets/targets/0042/outlinestim_world1_probe1_2_1.png,assets/targets/0042/outlinestim_world2_probe1_2_0.png,assets/targets/0042/outlinestim_world2_probe1_2_1.png,assets/targets/0042/outlinestim_world1_probe1_2_0.png,teleport_consistent,1,2,2,0,brown,5d9cb58ee8783f0019c8bd06,0,assets/targets/0042/outlinestim_world2_probe1_2_1.png,1,20,False
8,16847,50,0064,assets/targets/0064/img1_1.png,assets/targets/0064/img1_2.png,assets/targets/0064/img2_1.png,assets/targets/0064/img2_2.png,assets/targets/0064/recording1_1.mp4,assets/targets/0064/recording1_2.mp4,assets/targets/0064/recording2_1.mp4,assets/targets/0064/recording2_2.mp4,572.435126403118,233.99006146723664,False,assets/targets/0064/outlinestim_world1_probe1_2_1.png,assets/targets/0064/outlinestim_world2_probe1_2_0.png,assets/targets/0064/outlinestim_world2_probe1_2_1.png,assets/targets/0064/outlinestim_world1_probe1_2_0.png,teleport_consistent,1,2,2,0,brown,5d9cb58ee8783f0019c8bd06,1,assets/targets/0064/outlinestim_world2_probe1_2_0.png,0,50,True
0,24139,69,0042,assets/targets/0042/img1_1.png,assets/targets/0042/img1_2.png,assets/targets/0042/img2_1.png,assets/targets/0042/img2_2.png,assets/targets/0042/recording1_1.mp4,assets/targets/0042/recording1_2.mp4,assets/targets/0042/recording2_1.mp4,assets/targets/0042/recording2_2.mp4,302.7180979554031,305.896846954325,False,assets/targets/0042/outlinestim_world1_probe2_1_1.png,assets/targets/0042/outlinestim_world2_probe2_1_0.png,assets/targets/0042/outlinestim_world2_probe2_1_1.png,assets/targets/0042/outlinestim_world1_probe2_1_0.png,noteleport_consistent,2,1,1,0,brown,66a99d1b90c1a3c68c972253,1,assets/targets/0042/outlinestim_world1_probe2_1_0.png,0,69,True
1,18994,30,0091,assets/targets/0091/img1_1.png,assets/targets/0091/img1_2.png,assets/targets/0091/img2_1.png,assets/targets/0091/img2_2.png,assets/targets/0091/recording1_1.mp4,assets/targets/0091/recording1_2.mp4,assets/targets/0091/recording2_1.mp4,assets/targets/0091/recording2_2.mp4,360.26329222466995,232.43135081432789,False,assets/targets/0091/outlinestim_world1_probe2_1_1.png,assets/targets/0091/outlinestim_world2_probe2_1_0.png,assets/targets/0091/outlinestim_world2_probe2_1_1.png,assets/targets/0091/outlinestim_world1_probe2_1_0.png,noteleport_consistent,2,1,2,0,brown,66a99d1b90c1a3c68c972253,1,assets/targets/0091/outlinestim_world2_probe2_1_0.png,0,30,False
2,13641,19,0064,assets/targets/0064/img1_1.png,assets/targets/0064/img1_2.png,assets/targets/0064/img2_1.png,assets/targets/0064/img2_2.png,assets/targets/0064/recording1_1.mp4,assets/targets/0064/recording1_2.mp4,assets/targets/0064/recording2_1.mp4,assets/targets/0064/recording2_2.mp4,572.435126403118,233.99006146723664,False,assets/targets/0064/outlinestim_world1_probe2_1_1.png,assets/targets/0064/outlinestim_world2_probe2_1_0.png,assets/targets/0064/outlinestim_world2_probe2_1_1.png,assets/targets/0064/outlinestim_world1_probe2_1_0.png,noteleport_consistent,2,1,2,0,brown,66a99d1b90c1a3c68c972253,0,assets/targets/0064/outlinestim_world2_probe2_1_1.png,1,81,True
3,16294,50,0069,assets/targets/0069/img1_1.png,assets/targets/0069/img1_2.png,assets/targets/0069/img2_1.png,assets/targets/0069/img2_2.png,assets/targets/0069/recording1_1.mp4,assets/targets/0069/recording1_2.mp4,assets/targets/0069/recording2_1.mp4,assets/targets/0069/recording2_2.mp4,45.99293272938177,282.53465008228795,False,assets/targets/0069/outlinestim_world1_probe2_2_1.png,assets/targets/0069/outlinestim_world2_probe2_2_0.png,assets/targets/0069/outlinestim_world2_probe2_2_1.png,assets/targets/0069/outlinestim_world1_probe2_2_0.png,noteleport_consistent,2,2,1,0,brown,66a99d1b90c1a3c68c972253,0,assets/targets/0069/outlinestim_world1_probe2_2_1.png,1,50,True
4,4293,50,0045,assets/targets/0045/img1_1.png,assets/targets/0045/img1_2.png,assets/targets/0045/img2_1.png,assets/targets/0045/img2_2.png,assets/targets/0045/recording1_1.mp4,assets/targets/0045/recording1_2.mp4,assets/targets/0045/recording2_1.mp4,assets/targets/0045/recording2_2.mp4,436.6559051772762,257.95950551802974,False,assets/targets/0045/outlinestim_world1_probe0_1_1.png,assets/targets/0045/outlinestim_world2_probe0_1_0.png,assets/targets/0045/outlinestim_world2_probe0_1_1.png,assets/targets/0045/outlinestim_world1_probe0_1_0.png,nocol,0,1,1,0,brown,66a99d1b90c1a3c68c972253,0,assets/targets/0045/outlinestim_world1_probe0_1_1.png,1,50,True
5,5337,50,0024,assets/targets/0024/img1_1.png,assets/targets/0024/img1_2.png,assets/targets/0024/img2_1.png,assets/targets/0024/img2_2.png,assets/targets/0024/recording1_1.mp4,assets/targets/0024/recording1_2.mp4,assets/targets/0024/recording2_1.mp4,assets/targets/0024/recording2_2.mp4,392.50547349657757,36.17405762242421,False,assets/targets/0024/outlinestim_world1_probe0_1_1.png,assets/targets/0024/outlinestim_world2_probe0_1_0.png,assets/targets/0024/outlinestim_world2_probe0_1_1.png,assets/targets/0024/outlinestim_world1_probe0_1_0.png,nocol,0,1,2,0,brown,66a99d1b90c1a3c68c972253,1,assets/targets/0024/outlinestim_world2_probe0_1_0.png,0,50,True
6,7033,50,0025,assets/targets/0025/img1_1.png,assets/targets/0025/img1_2.png,assets/targets/0025/img2_1.png,assets/targets/0025/img2_2.png,assets/targets/0025/recording1_1.mp4,assets/targets/0025/recording1_2.mp4,assets/targets/0025/recording2_1.mp4,assets/targets/0025/recording2_2.mp4,275.75178627094397,548.0849702817209,False,assets/targets/0025/outlinestim_world1_probe2_2_1.png,assets/targets/0025/outlinestim_world2_probe2_2_0.png,assets/targets/0025/outlinestim_world2_probe2_2_1.png,assets/targets/0025/outlinestim_world1_probe2_2_0.png,noteleport_consistent,2,2,1,0,brown,66a99d1b90c1a3c68c972253,1,assets/targets/0025/outlinestim_world1_probe2_2_0.png,0,50,True
7,5600,50,0072,assets/targets/0072/img1_1.png,assets/targets/0072/img1_2.png,assets/targets/0072/img2_1.png,assets/targets/0072/img2_2.png,assets/targets/0072/recording1_1.mp4,assets/targets/0072/recording1_2.mp4,assets/targets/0072/recording2_1.mp4,assets/targets/0072/recording2_2.mp4,263.49876924364594,480.2927000755407,False,assets/targets/0072/outlinestim_world1_probe0_2_1.png,assets/targets/0072/outlinestim_world2_probe0_2_0.png,assets/targets/0072/outlinestim_world2_probe0_2_1.png,assets/targets/0072/outlinestim_world1_probe0_2_0.png,nocol,0,2,1,0,brown,66a99d1b90c1a3c68c972253,0,assets/targets/0072/outlinestim_world1_probe0_2_1.png,1,50,True
8,6025,50,0052,assets/targets/0052/img1_1.png,assets/targets/0052/img1_2.png,assets/targets/0052/img2_1.png,assets/targets/0052/img2_2.png,assets/targets/0052/recording1_1.mp4,assets/targets/0052/recording1_2.mp4,assets/targets/0052/recording2_1.mp4,assets/targets/0052/recording2_2.mp4,570.2567171334038,231.9134273051645,False,assets/targets/0052/outlinestim_world1_probe0_1_1.png,assets/targets/0052/outlinestim_world2_probe0_1_0.png,assets/targets/0052/outlinestim_world2_probe0_1_1.png,assets/targets/0052/outlinestim_world1_probe0_1_0.png,nocol,0,1,1,0,brown,66a99d1b90c1a3c68c972253,0,assets/targets/0052/outlinestim_world1_probe0_1_1.png,1,50,True
0,80814,73,0069,assets/targets/0069/img1_1.png,assets/targets/0069/img1_2.png,assets/targets/0069/img2_1.png,assets/targets/0069/img2_2.png,assets/targets/0069/recording1_1.mp4,assets/targets/0069/recording1_2.mp4,assets/targets/0069/recording2_1.mp4,assets/targets/0069/recording2_2.mp4,45.99293272938177,282.53465008228795,False,assets/targets/0069/outlinestim_world1_probe0_1_1.png,assets/targets/0069/outlinestim_world2_probe0_1_0.png,assets/targets/0069/outlinestim_world2_probe0_1_1.png,assets/targets/0069/outlinestim_world1_probe0_1_0.png,nocol,0,1,2,1,blue,66bea33a7a90daed04a2a7cf,1,assets/targets/0069/outlinestim_world1_probe0_1_0.png,0,73,True
1,57150,14,0091,assets/targets/0091/img1_1.png,assets/targets/0091/img1_2.png,assets/targets/0091/img2_1.png,assets/targets/0091/img2_2.png,assets/targets/0091/recording1_1.mp4,assets/targets/0091/recording1_2.mp4,assets/targets/0091/recording2_1.mp4,assets/targets/0091/recording2_2.mp4,360.26329222466995,232.43135081432789,False,assets/targets/0091/outlinestim_world1_probe0_2_1.png,assets/targets/0091/outlinestim_world2_probe0_2_0.png,assets/targets/0091/outlinestim_world2_probe0_2_1.png,assets/targets/0091/outlinestim_world1_probe0_2_0.png,nocol,0,2,2,1,blue,66bea33a7a90daed04a2a7cf,0,assets/targets/0091/outlinestim_world1_probe0_2_1.png,1,86,True
2,43398,17,0072,assets/targets/0072/img1_1.png,assets/targets/0072/img1_2.png,assets/targets/0072/img2_1.png,assets/targets/0072/img2_2.png,assets/targets/0072/recording1_1.mp4,assets/targets/0072/recording1_2.mp4,assets/targets/0072/recording2_1.mp4,assets/targets/0072/recording2_2.mp4,263.49876924364594,480.2927000755407,False,assets/targets/0072/outlinestim_world1_probe0_2_1.png,assets/targets/0072/outlinestim_world2_probe0_2_0.png,assets/targets/0072/outlinestim_world2_probe0_2_1.png,assets/targets/0072/outlinestim_world1_probe0_2_0.png,nocol,0,2,1,1,blue,66bea33a7a90daed04a2a7cf,1,assets/targets/0072/outlinestim_world2_probe0_2_0.png,0,17,False
3,44757,82,0042,assets/targets/0042/img1_1.png,assets/targets/0042/img1_2.png,assets/targets/0042/img2_1.png,assets/targets/0042/img2_2.png,assets/targets/0042/recording1_1.mp4,assets/targets/0042/recording1_2.mp4,assets/targets/0042/recording2_1.mp4,assets/targets/0042/recording2_2.mp4,302.7180979554031,305.896846954325,False,assets/targets/0042/outlinestim_world1_probe0_1_1.png,assets/targets/0042/outlinestim_world2_probe0_1_0.png,assets/targets/0042/outlinestim_world2_probe0_1_1.png,assets/targets/0042/outlinestim_world1_probe0_1_0.png,nocol,0,1,2,1,blue,66bea33a7a90daed04a2a7cf,0,assets/targets/0042/outlinestim_world1_probe0_1_1.png,1,18,False
4,44682,6,0052,assets/targets/0052/img1_1.png,assets/targets/0052/img1_2.png,assets/targets/0052/img2_1.png,assets/targets/0052/img2_2.png,assets/targets/0052/recording1_1.mp4,assets/targets/0052/recording1_2.mp4,assets/targets/0052/recording2_1.mp4,assets/targets/0052/recording2_2.mp4,570.2567171334038,231.9134273051645,False,assets/targets/0052/outlinestim_world1_probe2_2_1.png,assets/targets/0052/outlinestim_world2_probe2_2_0.png,assets/targets/0052/outlinestim_world2_probe2_2_1.png,assets/targets/0052/outlinestim_world1_probe2_2_0.png,noteleport_consistent,2,2,2,1,blue,66bea33a7a90daed04a2a7cf,0,assets/targets/0052/outlinestim_world1_probe2_2_1.png,1,94,True
5,28480,8,0045,assets/targets/0045/img1_1.png,assets/targets/0045/img1_2.png,assets/targets/0045/img2_1.png,assets/targets/0045/img2_2.png,assets/targets/0045/recording1_1.mp4,assets/targets/0045/recording1_2.mp4,assets/targets/0045/recording2_1.mp4,assets/targets/0045/recording2_2.mp4,436.6559051772762,257.95950551802974,False,assets/targets/0045/outlinestim_world1_probe1_1_1.png,assets/targets/0045/outlinestim_world2_probe1_1_0.png,assets/targets/0045/outlinestim_world2_probe1_1_1.png,assets/targets/0045/outlinestim_world1_probe1_1_0.png,teleport_consistent,1,1,1,1,blue,66bea33a7a90daed04a2a7cf,1,assets/targets/0045/outlinestim_world2_probe1_1_0.png,0,8,False
6,38394,88,0064,assets/targets/0064/img1_1.png,assets/targets/0064/img1_2.png,assets/targets/0064/img2_1.png,assets/targets/0064/img2_2.png,assets/targets/0064/recording1_1.mp4,assets/targets/0064/recording1_2.mp4,assets/targets/0064/recording2_1.mp4,assets/targets/0064/recording2_2.mp4,572.435126403118,233.99006146723664,False,assets/targets/0064/outlinestim_world1_probe0_1_1.png,assets/targets/0064/outlinestim_world2_probe0_1_0.png,assets/targets/0064/outlinestim_world2_probe0_1_1.png,assets/targets/0064/outlinestim_world1_probe0_1_0.png,nocol,0,1,2,1,blue,66bea33a7a90daed04a2a7cf,1,assets/targets/0064/outlinestim_world1_probe0_1_0.png,0,88,True
7,19231,88,0024,assets/targets/0024/img1_1.png,assets/targets/0024/img1_2.png,assets/targets/0024/img2_1.png,assets/targets/0024/img2_2.png,assets/targets/0024/recording1_1.mp4,assets/targets/0024/recording1_2.mp4,assets/targets/0024/recording2_1.mp4,assets/targets/0024/recording2_2.mp4,392.50547349657757,36.17405762242421,False,assets/targets/0024/outlinestim_world1_probe2_1_1.png,assets/targets/0024/outlinestim_world2_probe2_1_0.png,assets/targets/0024/outlinestim_world2_probe2_1_1.png,assets/targets/0024/outlinestim_world1_probe2_1_0.png,noteleport_consistent,2,1,1,1,blue,66bea33a7a90daed04a2a7cf,1,assets/targets/0024/outlinestim_world2_probe2_1_0.png,0,88,True
8,11845,24,0025,assets/targets/0025/img1_1.png,assets/targets/0025/img1_2.png,assets/targets/0025/img2_1.png,assets/targets/0025/img2_2.png,assets/targets/0025/recording1_1.mp4,assets/targets/0025/recording1_2.mp4,assets/targets/0025/recording2_1.mp4,assets/targets/0025/recording2_2.mp4,275.75178627094397,548.0849702817209,False,assets/targets/0025/outlinestim_world1_probe2_1_1.png,assets/targets/0025/outlinestim_world2_probe2_1_0.png,assets/targets/0025/outlinestim_world2_probe2_1_1.png,assets/targets/0025/outlinestim_world1_probe2_1_0.png,noteleport_consistent,2,1,2,1,blue,66bea33a7a90daed04a2a7cf,1,assets/targets/0025/outlinestim_world1_probe2_1_0.png,0,24,False
0,58022,63,0052,assets/targets/0052/img1_1.png,assets/targets/0052/img1_2.png,assets/targets/0052/img2_1.png,assets/targets/0052/img2_2.png,assets/targets/0052/recording1_1.mp4,assets/targets/0052/recording1_2.mp4,assets/targets/0052/recording2_1.mp4,assets/targets/0052/recording2_2.mp4,570.2567171334038,231.9134273051645,False,assets/targets/0052/outlinestim_world1_probe1_1_1.png,assets/targets/0052/outlinestim_world2_probe1_1_0.png,assets/targets/0052/outlinestim_world2_probe1_1_1.png,assets/targets/0052/outlinestim_world1_probe1_1_0.png,teleport_consistent,1,1,2,1,blue,6599f1241661eb4a6cf49de0,1,assets/targets/0052/outlinestim_world1_probe1_1_0.png,0,63,True
1,23382,50,0025,assets/targets/0025/img1_1.png,assets/targets/0025/img1_2.png,assets/targets/0025/img2_1.png,assets/targets/0025/img2_2.png,assets/targets/0025/recording1_1.mp4,assets/targets/0025/recording1_2.mp4,assets/targets/0025/recording2_1.mp4,assets/targets/0025/recording2_2.mp4,275.75178627094397,548.0849702817209,False,assets/targets/0025/outlinestim_world1_probe1_1_1.png,assets/targets/0025/outlinestim_world2_probe1_1_0.png,assets/targets/0025/outlinestim_world2_probe1_1_1.png,assets/targets/0025/outlinestim_world1_probe1_1_0.png,teleport_consistent,1,1,2,1,blue,6599f1241661eb4a6cf49de0,0,assets/targets/0025/outlinestim_world1_probe1_1_1.png,1,50,True
2,16572,70,0024,assets/targets/0024/img1_1.png,assets/targets/0024/img1_2.png,assets/targets/0024/img2_1.png,assets/targets/0024/img2_2.png,assets/targets/0024/recording1_1.mp4,assets/targets/0024/recording1_2.mp4,assets/targets/0024/recording2_1.mp4,assets/targets/0024/recording2_2.mp4,392.50547349657757,36.17405762242421,False,assets/targets/0024/outlinestim_world1_probe0_2_1.png,assets/targets/0024/outlinestim_world2_probe0_2_0.png,assets/targets/0024/outlinestim_world2_probe0_2_1.png,assets/targets/0024/outlinestim_world1_probe0_2_0.png,nocol,0,2,1,1,blue,6599f1241661eb4a6cf49de0,1,assets/targets/0024/outlinestim_world2_probe0_2_0.png,0,70,True
3,21173,54,0042,assets/targets/0042/img1_1.png,assets/targets/0042/img1_2.png,assets/targets/0042/img2_1.png,assets/targets/0042/img2_2.png,assets/targets/0042/recording1_1.mp4,assets/targets/0042/recording1_2.mp4,assets/targets/0042/recording2_1.mp4,assets/targets/0042/recording2_2.mp4,302.7180979554031,305.896846954325,False,assets/targets/0042/outlinestim_world1_probe0_2_1.png,assets/targets/0042/outlinestim_world2_probe0_2_0.png,assets/targets/0042/outlinestim_world2_probe0_2_1.png,assets/targets/0042/outlinestim_world1_probe0_2_0.png,nocol,0,2,1,1,blue,6599f1241661eb4a6cf49de0,1,assets/targets/0042/outlinestim_world2_probe0_2_0.png,0,54,True
4,16794,33,0045,assets/targets/0045/img1_1.png,assets/targets/0045/img1_2.png,assets/targets/0045/img2_1.png,assets/targets/0045/img2_2.png,assets/targets/0045/recording1_1.mp4,assets/targets/0045/recording1_2.mp4,assets/targets/0045/recording2_1.mp4,assets/targets/0045/recording2_2.mp4,436.6559051772762,257.95950551802974,False,assets/targets/0045/outlinestim_world1_probe0_1_1.png,assets/targets/0045/outlinestim_world2_probe0_1_0.png,assets/targets/0045/outlinestim_world2_probe0_1_1.png,assets/targets/0045/outlinestim_world1_probe0_1_0.png,nocol,0,1,1,1,blue,6599f1241661eb4a6cf49de0,0,assets/targets/0045/outlinestim_world2_probe0_1_1.png,1,67,True
5,13971,64,0069,assets/targets/0069/img1_1.png,assets/targets/0069/img1_2.png,assets/targets/0069/img2_1.png,assets/targets/0069/img2_2.png,assets/targets/0069/recording1_1.mp4,assets/targets/0069/recording1_2.mp4,assets/targets/0069/recording2_1.mp4,assets/targets/0069/recording2_2.mp4,45.99293272938177,282.53465008228795,False,assets/targets/0069/outlinestim_world1_probe2_2_1.png,assets/targets/0069/outlinestim_world2_probe2_2_0.png,assets/targets/0069/outlinestim_world2_probe2_2_1.png,assets/targets/0069/outlinestim_world1_probe2_2_0.png,noteleport_consistent,2,2,2,1,blue,6599f1241661eb4a6cf49de0,1,assets/targets/0069/outlinestim_world1_probe2_2_0.png,0,64,True
6,99117,32,0072,assets/targets/0072/img1_1.png,assets/targets/0072/img1_2.png,assets/targets/0072/img2_1.png,assets/targets/0072/img2_2.png,assets/targets/0072/recording1_1.mp4,assets/targets/0072/recording1_2.mp4,assets/targets/0072/recording2_1.mp4,assets/targets/0072/recording2_2.mp4,263.49876924364594,480.2927000755407,False,assets/targets/0072/outlinestim_world1_probe1_2_1.png,assets/targets/0072/outlinestim_world2_probe1_2_0.png,assets/targets/0072/outlinestim_world2_probe1_2_1.png,assets/targets/0072/outlinestim_world1_probe1_2_0.png,teleport_consistent,1,2,1,1,blue,6599f1241661eb4a6cf49de0,1,assets/targets/0072/outlinestim_world2_probe1_2_0.png,0,32,False
7,76543,61,0064,assets/targets/0064/img1_1.png,assets/targets/0064/img1_2.png,assets/targets/0064/img2_1.png,assets/targets/0064/img2_2.png,assets/targets/0064/recording1_1.mp4,assets/targets/0064/recording1_2.mp4,assets/targets/0064/recording2_1.mp4,assets/targets/0064/recording2_2.mp4,572.435126403118,233.99006146723664,False,assets/targets/0064/outlinestim_world1_probe1_2_1.png,assets/targets/0064/outlinestim_world2_probe1_2_0.png,assets/targets/0064/outlinestim_world2_probe1_2_1.png,assets/targets/0064/outlinestim_world1_probe1_2_0.png,teleport_consistent,1,2,2,1,blue,6599f1241661eb4a6cf49de0,1,assets/targets/0064/outlinestim_world1_probe1_2_0.png,0,61,True
8,11211,50,0091,assets/targets/0091/img1_1.png,assets/targets/0091/img1_2.png,assets/targets/0091/img2_1.png,assets/targets/0091/img2_2.png,assets/targets/0091/recording1_1.mp4,assets/targets/0091/recording1_2.mp4,assets/targets/0091/recording2_1.mp4,assets/targets/0091/recording2_2.mp4,360.26329222466995,232.43135081432789,False,assets/targets/0091/outlinestim_world1_probe0_2_1.png,assets/targets/0091/outlinestim_world2_probe0_2_0.png,assets/targets/0091/outlinestim_world2_probe0_2_1.png,assets/targets/0091/outlinestim_world1_probe0_2_0.png,nocol,0,2,2,1,blue,6599f1241661eb4a6cf49de0,0,assets/targets/0091/outlinestim_world1_probe0_2_1.png,1,50,True
0,249449,100,0045,assets/targets/0045/img1_1.png,assets/targets/0045/img1_2.png,assets/targets/0045/img2_1.png,assets/targets/0045/img2_2.png,assets/targets/0045/recording1_1.mp4,assets/targets/0045/recording1_2.mp4,assets/targets/0045/recording2_1.mp4,assets/targets/0045/recording2_2.mp4,436.6559051772762,257.95950551802974,False,assets/targets/0045/outlinestim_world1_probe0_2_1.png,assets/targets/0045/outlinestim_world2_probe0_2_0.png,assets/targets/0045/outlinestim_world2_probe0_2_1.png,assets/targets/0045/outlinestim_world1_probe0_2_0.png,nocol,0,2,1,1,blue,6702ebdec4a64e7153741612,1,assets/targets/0045/outlinestim_world2_probe0_2_0.png,0,100,True
1,13924,0,0024,assets/targets/0024/img1_1.png,assets/targets/0024/img1_2.png,assets/targets/0024/img2_1.png,assets/targets/0024/img2_2.png,assets/targets/0024/recording1_1.mp4,assets/targets/0024/recording1_2.mp4,assets/targets/0024/recording2_1.mp4,assets/targets/0024/recording2_2.mp4,392.50547349657757,36.17405762242421,False,assets/targets/0024/outlinestim_world1_probe1_1_1.png,assets/targets/0024/outlinestim_world2_probe1_1_0.png,assets/targets/0024/outlinestim_world2_probe1_1_1.png,assets/targets/0024/outlinestim_world1_probe1_1_0.png,teleport_consistent,1,1,2,1,blue,6702ebdec4a64e7153741612,0,assets/targets/0024/outlinestim_world1_probe1_1_1.png,1,100,True
2,15555,100,0072,assets/targets/0072/img1_1.png,assets/targets/0072/img1_2.png,assets/targets/0072/img2_1.png,assets/targets/0072/img2_2.png,assets/targets/0072/recording1_1.mp4,assets/targets/0072/recording1_2.mp4,assets/targets/0072/recording2_1.mp4,assets/targets/0072/recording2_2.mp4,263.49876924364594,480.2927000755407,False,assets/targets/0072/outlinestim_world1_probe0_1_1.png,assets/targets/0072/outlinestim_world2_probe0_1_0.png,assets/targets/0072/outlinestim_world2_probe0_1_1.png,assets/targets/0072/outlinestim_world1_probe0_1_0.png,nocol,0,1,2,1,blue,6702ebdec4a64e7153741612,1,assets/targets/0072/outlinestim_world1_probe0_1_0.png,0,100,True
3,15363,0,0069,assets/targets/0069/img1_1.png,assets/targets/0069/img1_2.png,assets/targets/0069/img2_1.png,assets/targets/0069/img2_2.png,assets/targets/0069/recording1_1.mp4,assets/targets/0069/recording1_2.mp4,assets/targets/0069/recording2_1.mp4,assets/targets/0069/recording2_2.mp4,45.99293272938177,282.53465008228795,False,assets/targets/0069/outlinestim_world1_probe1_2_1.png,assets/targets/0069/outlinestim_world2_probe1_2_0.png,assets/targets/0069/outlinestim_world2_probe1_2_1.png,assets/targets/0069/outlinestim_world1_probe1_2_0.png,teleport_consistent,1,2,1,1,blue,6702ebdec4a64e7153741612,0,assets/targets/0069/outlinestim_world2_probe1_2_1.png,1,100,True
4,36863,100,0042,assets/targets/0042/img1_1.png,assets/targets/0042/img1_2.png,assets/targets/0042/img2_1.png,assets/targets/0042/img2_2.png,assets/targets/0042/recording1_1.mp4,assets/targets/0042/recording1_2.mp4,assets/targets/0042/recording2_1.mp4,assets/targets/0042/recording2_2.mp4,302.7180979554031,305.896846954325,False,assets/targets/0042/outlinestim_world1_probe2_1_1.png,assets/targets/0042/outlinestim_world2_probe2_1_0.png,assets/targets/0042/outlinestim_world2_probe2_1_1.png,assets/targets/0042/outlinestim_world1_probe2_1_0.png,noteleport_consistent,2,1,2,1,blue,6702ebdec4a64e7153741612,0,assets/targets/0042/outlinestim_world1_probe2_1_1.png,1,0,False
5,96406,100,0052,assets/targets/0052/img1_1.png,assets/targets/0052/img1_2.png,assets/targets/0052/img2_1.png,assets/targets/0052/img2_2.png,assets/targets/0052/recording1_1.mp4,assets/targets/0052/recording1_2.mp4,assets/targets/0052/recording2_1.mp4,assets/targets/0052/recording2_2.mp4,570.2567171334038,231.9134273051645,False,assets/targets/0052/outlinestim_world1_probe2_1_1.png,assets/targets/0052/outlinestim_world2_probe2_1_0.png,assets/targets/0052/outlinestim_world2_probe2_1_1.png,assets/targets/0052/outlinestim_world1_probe2_1_0.png,noteleport_consistent,2,1,1,1,blue,6702ebdec4a64e7153741612,1,assets/targets/0052/outlinestim_world2_probe2_1_0.png,0,100,True
6,16912,100,0091,assets/targets/0091/img1_1.png,assets/targets/0091/img1_2.png,assets/targets/0091/img2_1.png,assets/targets/0091/img2_2.png,assets/targets/0091/recording1_1.mp4,assets/targets/0091/recording1_2.mp4,assets/targets/0091/recording2_1.mp4,assets/targets/0091/recording2_2.mp4,360.26329222466995,232.43135081432789,False,assets/targets/0091/outlinestim_world1_probe1_1_1.png,assets/targets/0091/outlinestim_world2_probe1_1_0.png,assets/targets/0091/outlinestim_world2_probe1_1_1.png,assets/targets/0091/outlinestim_world1_probe1_1_0.png,teleport_consistent,1,1,2,1,blue,6702ebdec4a64e7153741612,0,assets/targets/0091/outlinestim_world1_probe1_1_1.png,1,0,False
7,79626,100,0064,assets/targets/0064/img1_1.png,assets/targets/0064/img1_2.png,assets/targets/0064/img2_1.png,assets/targets/0064/img2_2.png,assets/targets/0064/recording1_1.mp4,assets/targets/0064/recording1_2.mp4,assets/targets/0064/recording2_1.mp4,assets/targets/0064/recording2_2.mp4,572.435126403118,233.99006146723664,False,assets/targets/0064/outlinestim_world1_probe0_2_1.png,assets/targets/0064/outlinestim_world2_probe0_2_0.png,assets/targets/0064/outlinestim_world2_probe0_2_1.png,assets/targets/0064/outlinestim_world1_probe0_2_0.png,nocol,0,2,2,1,blue,6702ebdec4a64e7153741612,0,assets/targets/0064/outlinestim_world1_probe0_2_1.png,1,0,False
8,5657,100,0025,assets/targets/0025/img1_1.png,assets/targets/0025/img1_2.png,assets/targets/0025/img2_1.png,assets/targets/0025/img2_2.png,assets/targets/0025/recording1_1.mp4,assets/targets/0025/recording1_2.mp4,assets/targets/0025/recording2_1.mp4,assets/targets/0025/recording2_2.mp4,275.75178627094397,548.0849702817209,False,assets/targets/0025/outlinestim_world1_probe0_1_1.png,assets/targets/0025/outlinestim_world2_probe0_1_0.png,assets/targets/0025/outlinestim_world2_probe0_1_1.png,assets/targets/0025/outlinestim_world1_probe0_1_0.png,nocol,0,1,2,1,blue,6702ebdec4a64e7153741612,1,assets/targets/0025/outlinestim_world1_probe0_1_0.png,0,100,True
0,16290,50,0064,assets/targets/0064/img1_1.png,assets/targets/0064/img1_2.png,assets/targets/0064/img2_1.png,assets/targets/0064/img2_2.png,assets/targets/0064/recording1_1.mp4,assets/targets/0064/recording1_2.mp4,assets/targets/0064/recording2_1.mp4,assets/targets/0064/recording2_2.mp4,572.435126403118,233.99006146723664,False,assets/targets/0064/outlinestim_world1_probe0_2_1.png,assets/targets/0064/outlinestim_world2_probe0_2_0.png,assets/targets/0064/outlinestim_world2_probe0_2_1.png,assets/targets/0064/outlinestim_world1_probe0_2_0.png,nocol,0,2,1,0,brown,606e3ddf19540080228e3a0c,1,assets/targets/0064/outlinestim_world1_probe0_2_0.png,0,50,True
1,19211,50,0072,assets/targets/0072/img1_1.png,assets/targets/0072/img1_2.png,assets/targets/0072/img2_1.png,assets/targets/0072/img2_2.png,assets/targets/0072/recording1_1.mp4,assets/targets/0072/recording1_2.mp4,assets/targets/0072/recording2_1.mp4,assets/targets/0072/recording2_2.mp4,263.49876924364594,480.2927000755407,False,assets/targets/0072/outlinestim_world1_probe0_2_1.png,assets/targets/0072/outlinestim_world2_probe0_2_0.png,assets/targets/0072/outlinestim_world2_probe0_2_1.png,assets/targets/0072/outlinestim_world1_probe0_2_0.png,nocol,0,2,1,0,brown,606e3ddf19540080228e3a0c,1,assets/targets/0072/outlinestim_world1_probe0_2_0.png,0,50,True
2,2940,50,0025,assets/targets/0025/img1_1.png,assets/targets/0025/img1_2.png,assets/targets/0025/img2_1.png,assets/targets/0025/img2_2.png,assets/targets/0025/recording1_1.mp4,assets/targets/0025/recording1_2.mp4,assets/targets/0025/recording2_1.mp4,assets/targets/0025/recording2_2.mp4,275.75178627094397,548.0849702817209,False,assets/targets/0025/outlinestim_world1_probe2_1_1.png,assets/targets/0025/outlinestim_world2_probe2_1_0.png,assets/targets/0025/outlinestim_world2_probe2_1_1.png,assets/targets/0025/outlinestim_world1_probe2_1_0.png,noteleport_consistent,2,1,2,0,brown,606e3ddf19540080228e3a0c,1,assets/targets/0025/outlinestim_world2_probe2_1_0.png,0,50,True
3,7525,57,0045,assets/targets/0045/img1_1.png,assets/targets/0045/img1_2.png,assets/targets/0045/img2_1.png,assets/targets/0045/img2_2.png,assets/targets/0045/recording1_1.mp4,assets/targets/0045/recording1_2.mp4,assets/targets/0045/recording2_1.mp4,assets/targets/0045/recording2_2.mp4,436.6559051772762,257.95950551802974,False,assets/targets/0045/outlinestim_world1_probe1_1_1.png,assets/targets/0045/outlinestim_world2_probe1_1_0.png,assets/targets/0045/outlinestim_world2_probe1_1_1.png,assets/targets/0045/outlinestim_world1_probe1_1_0.png,teleport_consistent,1,1,1,0,brown,606e3ddf19540080228e3a0c,1,assets/targets/0045/outlinestim_world1_probe1_1_0.png,0,57,True
4,3391,50,0042,assets/targets/0042/img1_1.png,assets/targets/0042/img1_2.png,assets/targets/0042/img2_1.png,assets/targets/0042/img2_2.png,assets/targets/0042/recording1_1.mp4,assets/targets/0042/recording1_2.mp4,assets/targets/0042/recording2_1.mp4,assets/targets/0042/recording2_2.mp4,302.7180979554031,305.896846954325,False,assets/targets/0042/outlinestim_world1_probe0_1_1.png,assets/targets/0042/outlinestim_world2_probe0_1_0.png,assets/targets/0042/outlinestim_world2_probe0_1_1.png,assets/targets/0042/outlinestim_world1_probe0_1_0.png,nocol,0,1,1,0,brown,606e3ddf19540080228e3a0c,0,assets/targets/0042/outlinestim_world1_probe0_1_1.png,1,50,True
5,5331,50,0069,assets/targets/0069/img1_1.png,assets/targets/0069/img1_2.png,assets/targets/0069/img2_1.png,assets/targets/0069/img2_2.png,assets/targets/0069/recording1_1.mp4,assets/targets/0069/recording1_2.mp4,assets/targets/0069/recording2_1.mp4,assets/targets/0069/recording2_2.mp4,45.99293272938177,282.53465008228795,False,assets/targets/0069/outlinestim_world1_probe0_1_1.png,assets/targets/0069/outlinestim_world2_probe0_1_0.png,assets/targets/0069/outlinestim_world2_probe0_1_1.png,assets/targets/0069/outlinestim_world1_probe0_1_0.png,nocol,0,1,1,0,brown,606e3ddf19540080228e3a0c,1,assets/targets/0069/outlinestim_world1_probe0_1_0.png,0,50,True
6,4469,50,0091,assets/targets/0091/img1_1.png,assets/targets/0091/img1_2.png,assets/targets/0091/img2_1.png,assets/targets/0091/img2_2.png,assets/targets/0091/recording1_1.mp4,assets/targets/0091/recording1_2.mp4,assets/targets/0091/recording2_1.mp4,assets/targets/0091/recording2_2.mp4,360.26329222466995,232.43135081432789,False,assets/targets/0091/outlinestim_world1_probe1_2_1.png,assets/targets/0091/outlinestim_world2_probe1_2_0.png,assets/targets/0091/outlinestim_world2_probe1_2_1.png,assets/targets/0091/outlinestim_world1_probe1_2_0.png,teleport_consistent,1,2,2,0,brown,606e3ddf19540080228e3a0c,1,assets/targets/0091/outlinestim_world2_probe1_2_0.png,0,50,True
7,2469,50,0024,assets/targets/0024/img1_1.png,assets/targets/0024/img1_2.png,assets/targets/0024/img2_1.png,assets/targets/0024/img2_2.png,assets/targets/0024/recording1_1.mp4,assets/targets/0024/recording1_2.mp4,assets/targets/0024/recording2_1.mp4,assets/targets/0024/recording2_2.mp4,392.50547349657757,36.17405762242421,False,assets/targets/0024/outlinestim_world1_probe0_1_1.png,assets/targets/0024/outlinestim_world2_probe0_1_0.png,assets/targets/0024/outlinestim_world2_probe0_1_1.png,assets/targets/0024/outlinestim_world1_probe0_1_0.png,nocol,0,1,2,0,brown,606e3ddf19540080228e3a0c,1,assets/targets/0024/outlinestim_world2_probe0_1_0.png,0,50,True
8,2617,50,0052,assets/targets/0052/img1_1.png,assets/targets/0052/img1_2.png,assets/targets/0052/img2_1.png,assets/targets/0052/img2_2.png,assets/targets/0052/recording1_1.mp4,assets/targets/0052/recording1_2.mp4,assets/targets/0052/recording2_1.mp4,assets/targets/0052/recording2_2.mp4,570.2567171334038,231.9134273051645,False,assets/targets/0052/outlinestim_world1_probe2_1_1.png,assets/targets/0052/outlinestim_world2_probe2_1_0.png,assets/targets/0052/outlinestim_world2_probe2_1_1.png,assets/targets/0052/outlinestim_world1_probe2_1_0.png,noteleport_consistent,2,1,1,0,brown,606e3ddf19540080228e3a0c,1,assets/targets/0052/outlinestim_world1_probe2_1_0.png,0,50,True
0,18382,59,0025,assets/targets/0025/img1_1.png,assets/targets/0025/img1_2.png,assets/targets/0025/img2_1.png,assets/targets/0025/img2_2.png,assets/targets/0025/recording1_1.mp4,assets/targets/0025/recording1_2.mp4,assets/targets/0025/recording2_1.mp4,assets/targets/0025/recording2_2.mp4,275.75178627094397,548.0849702817209,False,assets/targets/0025/outlinestim_world1_probe2_2_1.png,assets/targets/0025/outlinestim_world2_probe2_2_0.png,assets/targets/0025/outlinestim_world2_probe2_2_1.png,assets/targets/0025/outlinestim_world1_probe2_2_0.png,noteleport_consistent,2,2,2,1,blue,66aba865d7b13e3fd67b79e4,1,assets/targets/0025/outlinestim_world1_probe2_2_0.png,0,59,True
1,8879,61,0042,assets/targets/0042/img1_1.png,assets/targets/0042/img1_2.png,assets/targets/0042/img2_1.png,assets/targets/0042/img2_2.png,assets/targets/0042/recording1_1.mp4,assets/targets/0042/recording1_2.mp4,assets/targets/0042/recording2_1.mp4,assets/targets/0042/recording2_2.mp4,302.7180979554031,305.896846954325,False,assets/targets/0042/outlinestim_world1_probe0_1_1.png,assets/targets/0042/outlinestim_world2_probe0_1_0.png,assets/targets/0042/outlinestim_world2_probe0_1_1.png,assets/targets/0042/outlinestim_world1_probe0_1_0.png,nocol,0,1,2,1,blue,66aba865d7b13e3fd67b79e4,0,assets/targets/0042/outlinestim_world1_probe0_1_1.png,1,39,False
2,11054,39,0064,assets/targets/0064/img1_1.png,assets/targets/0064/img1_2.png,assets/targets/0064/img2_1.png,assets/targets/0064/img2_2.png,assets/targets/0064/recording1_1.mp4,assets/targets/0064/recording1_2.mp4,assets/targets/0064/recording2_1.mp4,assets/targets/0064/recording2_2.mp4,572.435126403118,233.99006146723664,False,assets/targets/0064/outlinestim_world1_probe2_2_1.png,assets/targets/0064/outlinestim_world2_probe2_2_0.png,assets/targets/0064/outlinestim_world2_probe2_2_1.png,assets/targets/0064/outlinestim_world1_probe2_2_0.png,noteleport_consistent,2,2,1,1,blue,66aba865d7b13e3fd67b79e4,0,assets/targets/0064/outlinestim_world2_probe2_2_1.png,1,61,True
3,5568,74,0052,assets/targets/0052/img1_1.png,assets/targets/0052/img1_2.png,assets/targets/0052/img2_1.png,assets/targets/0052/img2_2.png,assets/targets/0052/recording1_1.mp4,assets/targets/0052/recording1_2.mp4,assets/targets/0052/recording2_1.mp4,assets/targets/0052/recording2_2.mp4,570.2567171334038,231.9134273051645,False,assets/targets/0052/outlinestim_world1_probe2_1_1.png,assets/targets/0052/outlinestim_world2_probe2_1_0.png,assets/targets/0052/outlinestim_world2_probe2_1_1.png,assets/targets/0052/outlinestim_world1_probe2_1_0.png,noteleport_consistent,2,1,2,1,blue,66aba865d7b13e3fd67b79e4,1,assets/targets/0052/outlinestim_world1_probe2_1_0.png,0,74,True
4,5573,66,0091,assets/targets/0091/img1_1.png,assets/targets/0091/img1_2.png,assets/targets/0091/img2_1.png,assets/targets/0091/img2_2.png,assets/targets/0091/recording1_1.mp4,assets/targets/0091/recording1_2.mp4,assets/targets/0091/recording2_1.mp4,assets/targets/0091/recording2_2.mp4,360.26329222466995,232.43135081432789,False,assets/targets/0091/outlinestim_world1_probe2_1_1.png,assets/targets/0091/outlinestim_world2_probe2_1_0.png,assets/targets/0091/outlinestim_world2_probe2_1_1.png,assets/targets/0091/outlinestim_world1_probe2_1_0.png,noteleport_consistent,2,1,2,1,blue,66aba865d7b13e3fd67b79e4,1,assets/targets/0091/outlinestim_world1_probe2_1_0.png,0,66,True
5,5832,54,0024,assets/targets/0024/img1_1.png,assets/targets/0024/img1_2.png,assets/targets/0024/img2_1.png,assets/targets/0024/img2_2.png,assets/targets/0024/recording1_1.mp4,assets/targets/0024/recording1_2.mp4,assets/targets/0024/recording2_1.mp4,assets/targets/0024/recording2_2.mp4,392.50547349657757,36.17405762242421,False,assets/targets/0024/outlinestim_world1_probe2_2_1.png,assets/targets/0024/outlinestim_world2_probe2_2_0.png,assets/targets/0024/outlinestim_world2_probe2_2_1.png,assets/targets/0024/outlinestim_world1_probe2_2_0.png,noteleport_consistent,2,2,1,1,blue,66aba865d7b13e3fd67b79e4,1,assets/targets/0024/outlinestim_world2_probe2_2_0.png,0,54,True
6,5525,50,0072,assets/targets/0072/img1_1.png,assets/targets/0072/img1_2.png,assets/targets/0072/img2_1.png,assets/targets/0072/img2_2.png,assets/targets/0072/recording1_1.mp4,assets/targets/0072/recording1_2.mp4,assets/targets/0072/recording2_1.mp4,assets/targets/0072/recording2_2.mp4,263.49876924364594,480.2927000755407,False,assets/targets/0072/outlinestim_world1_probe2_2_1.png,assets/targets/0072/outlinestim_world2_probe2_2_0.png,assets/targets/0072/outlinestim_world2_probe2_2_1.png,assets/targets/0072/outlinestim_world1_probe2_2_0.png,noteleport_consistent,2,2,1,1,blue,66aba865d7b13e3fd67b79e4,0,assets/targets/0072/outlinestim_world2_probe2_2_1.png,1,50,True
7,4851,23,0045,assets/targets/0045/img1_1.png,assets/targets/0045/img1_2.png,assets/targets/0045/img2_1.png,assets/targets/0045/img2_2.png,assets/targets/0045/recording1_1.mp4,assets/targets/0045/recording1_2.mp4,assets/targets/0045/recording2_1.mp4,assets/targets/0045/recording2_2.mp4,436.6559051772762,257.95950551802974,False,assets/targets/0045/outlinestim_world1_probe2_2_1.png,assets/targets/0045/outlinestim_world2_probe2_2_0.png,assets/targets/0045/outlinestim_world2_probe2_2_1.png,assets/targets/0045/outlinestim_world1_probe2_2_0.png,noteleport_consistent,2,2,2,1,blue,66aba865d7b13e3fd67b79e4,0,assets/targets/0045/outlinestim_world1_probe2_2_1.png,1,77,True
8,3924,53,0069,assets/targets/0069/img1_1.png,assets/targets/0069/img1_2.png,assets/targets/0069/img2_1.png,assets/targets/0069/img2_2.png,assets/targets/0069/recording1_1.mp4,assets/targets/0069/recording1_2.mp4,assets/targets/0069/recording2_1.mp4,assets/targets/0069/recording2_2.mp4,45.99293272938177,282.53465008228795,False,assets/targets/0069/outlinestim_world1_probe0_1_1.png,assets/targets/0069/outlinestim_world2_probe0_1_0.png,assets/targets/0069/outlinestim_world2_probe0_1_1.png,assets/targets/0069/outlinestim_world1_probe0_1_0.png,nocol,0,1,2,1,blue,66aba865d7b13e3fd67b79e4,0,assets/targets/0069/outlinestim_world1_probe0_1_1.png,1,47,False
0,5881,97,0064,assets/targets/0064/img1_1.png,assets/targets/0064/img1_2.png,assets/targets/0064/img2_1.png,assets/targets/0064/img2_2.png,assets/targets/0064/recording1_1.mp4,assets/targets/0064/recording1_2.mp4,assets/targets/0064/recording2_1.mp4,assets/targets/0064/recording2_2.mp4,572.435126403118,233.99006146723664,False,assets/targets/0064/outlinestim_world1_probe2_2_1.png,assets/targets/0064/outlinestim_world2_probe2_2_0.png,assets/targets/0064/outlinestim_world2_probe2_2_1.png,assets/targets/0064/outlinestim_world1_probe2_2_0.png,noteleport_consistent,2,2,1,1,blue,5ba292385301b80001c71ba2,1,assets/targets/0064/outlinestim_world2_probe2_2_0.png,0,97,True
1,5352,91,0025,assets/targets/0025/img1_1.png,assets/targets/0025/img1_2.png,assets/targets/0025/img2_1.png,assets/targets/0025/img2_2.png,assets/targets/0025/recording1_1.mp4,assets/targets/0025/recording1_2.mp4,assets/targets/0025/recording2_1.mp4,assets/targets/0025/recording2_2.mp4,275.75178627094397,548.0849702817209,False,assets/targets/0025/outlinestim_world1_probe1_1_1.png,assets/targets/0025/outlinestim_world2_probe1_1_0.png,assets/targets/0025/outlinestim_world2_probe1_1_1.png,assets/targets/0025/outlinestim_world1_probe1_1_0.png,teleport_consistent,1,1,2,1,blue,5ba292385301b80001c71ba2,1,assets/targets/0025/outlinestim_world1_probe1_1_0.png,0,91,True
2,8653,90,0024,assets/targets/0024/img1_1.png,assets/targets/0024/img1_2.png,assets/targets/0024/img2_1.png,assets/targets/0024/img2_2.png,assets/targets/0024/recording1_1.mp4,assets/targets/0024/recording1_2.mp4,assets/targets/0024/recording2_1.mp4,assets/targets/0024/recording2_2.mp4,392.50547349657757,36.17405762242421,False,assets/targets/0024/outlinestim_world1_probe1_1_1.png,assets/targets/0024/outlinestim_world2_probe1_1_0.png,assets/targets/0024/outlinestim_world2_probe1_1_1.png,assets/targets/0024/outlinestim_world1_probe1_1_0.png,teleport_consistent,1,1,1,1,blue,5ba292385301b80001c71ba2,1,assets/targets/0024/outlinestim_world2_probe1_1_0.png,0,90,True
3,6967,29,0072,assets/targets/0072/img1_1.png,assets/targets/0072/img1_2.png,assets/targets/0072/img2_1.png,assets/targets/0072/img2_2.png,assets/targets/0072/recording1_1.mp4,assets/targets/0072/recording1_2.mp4,assets/targets/0072/recording2_1.mp4,assets/targets/0072/recording2_2.mp4,263.49876924364594,480.2927000755407,False,assets/targets/0072/outlinestim_world1_probe2_2_1.png,assets/targets/0072/outlinestim_world2_probe2_2_0.png,assets/targets/0072/outlinestim_world2_probe2_2_1.png,assets/targets/0072/outlinestim_world1_probe2_2_0.png,noteleport_consistent,2,2,2,1,blue,5ba292385301b80001c71ba2,1,assets/targets/0072/outlinestim_world1_probe2_2_0.png,0,29,False
4,9080,12,0045,assets/targets/0045/img1_1.png,assets/targets/0045/img1_2.png,assets/targets/0045/img2_1.png,assets/targets/0045/img2_2.png,assets/targets/0045/recording1_1.mp4,assets/targets/0045/recording1_2.mp4,assets/targets/0045/recording2_1.mp4,assets/targets/0045/recording2_2.mp4,436.6559051772762,257.95950551802974,False,assets/targets/0045/outlinestim_world1_probe0_2_1.png,assets/targets/0045/outlinestim_world2_probe0_2_0.png,assets/targets/0045/outlinestim_world2_probe0_2_1.png,assets/targets/0045/outlinestim_world1_probe0_2_0.png,nocol,0,2,2,1,blue,5ba292385301b80001c71ba2,1,assets/targets/0045/outlinestim_world1_probe0_2_0.png,0,12,False
5,9845,35,0091,assets/targets/0091/img1_1.png,assets/targets/0091/img1_2.png,assets/targets/0091/img2_1.png,assets/targets/0091/img2_2.png,assets/targets/0091/recording1_1.mp4,assets/targets/0091/recording1_2.mp4,assets/targets/0091/recording2_1.mp4,assets/targets/0091/recording2_2.mp4,360.26329222466995,232.43135081432789,False,assets/targets/0091/outlinestim_world1_probe1_2_1.png,assets/targets/0091/outlinestim_world2_probe1_2_0.png,assets/targets/0091/outlinestim_world2_probe1_2_1.png,assets/targets/0091/outlinestim_world1_probe1_2_0.png,teleport_consistent,1,2,2,1,blue,5ba292385301b80001c71ba2,0,assets/targets/0091/outlinestim_world1_probe1_2_1.png,1,65,True
6,5870,62,0042,assets/targets/0042/img1_1.png,assets/targets/0042/img1_2.png,assets/targets/0042/img2_1.png,assets/targets/0042/img2_2.png,assets/targets/0042/recording1_1.mp4,assets/targets/0042/recording1_2.mp4,assets/targets/0042/recording2_1.mp4,assets/targets/0042/recording2_2.mp4,302.7180979554031,305.896846954325,False,assets/targets/0042/outlinestim_world1_probe2_1_1.png,assets/targets/0042/outlinestim_world2_probe2_1_0.png,assets/targets/0042/outlinestim_world2_probe2_1_1.png,assets/targets/0042/outlinestim_world1_probe2_1_0.png,noteleport_consistent,2,1,2,1,blue,5ba292385301b80001c71ba2,0,assets/targets/0042/outlinestim_world1_probe2_1_1.png,1,38,False
7,3752,66,0052,assets/targets/0052/img1_1.png,assets/targets/0052/img1_2.png,assets/targets/0052/img2_1.png,assets/targets/0052/img2_2.png,assets/targets/0052/recording1_1.mp4,assets/targets/0052/recording1_2.mp4,assets/targets/0052/recording2_1.mp4,assets/targets/0052/recording2_2.mp4,570.2567171334038,231.9134273051645,False,assets/targets/0052/outlinestim_world1_probe2_1_1.png,assets/targets/0052/outlinestim_world2_probe2_1_0.png,assets/targets/0052/outlinestim_world2_probe2_1_1.png,assets/targets/0052/outlinestim_world1_probe2_1_0.png,noteleport_consistent,2,1,2,1,blue,5ba292385301b80001c71ba2,0,assets/targets/0052/outlinestim_world1_probe2_1_1.png,1,34,False
8,6427,74,0069,assets/targets/0069/img1_1.png,assets/targets/0069/img1_2.png,assets/targets/0069/img2_1.png,assets/targets/0069/img2_2.png,assets/targets/0069/recording1_1.mp4,assets/targets/0069/recording1_2.mp4,assets/targets/0069/recording2_1.mp4,assets/targets/0069/recording2_2.mp4,45.99293272938177,282.53465008228795,False,assets/targets/0069/outlinestim_world1_probe1_2_1.png,assets/targets/0069/outlinestim_world2_probe1_2_0.png,assets/targets/0069/outlinestim_world2_probe1_2_1.png,assets/targets/0069/outlinestim_world1_probe1_2_0.png,teleport_consistent,1,2,1,1,blue,5ba292385301b80001c71ba2,1,assets/targets/0069/outlinestim_world2_probe1_2_0.png,0,74,True
0,22827,27,0072,assets/targets/0072/img1_1.png,assets/targets/0072/img1_2.png,assets/targets/0072/img2_1.png,assets/targets/0072/img2_2.png,assets/targets/0072/recording1_1.mp4,assets/targets/0072/recording1_2.mp4,assets/targets/0072/recording2_1.mp4,assets/targets/0072/recording2_2.mp4,263.49876924364594,480.2927000755407,False,assets/targets/0072/outlinestim_world1_probe2_1_1.png,assets/targets/0072/outlinestim_world2_probe2_1_0.png,assets/targets/0072/outlinestim_world2_probe2_1_1.png,assets/targets/0072/outlinestim_world1_probe2_1_0.png,noteleport_consistent,2,1,1,0,brown,5d63179aa3b94d0001da4bb6,1,assets/targets/0072/outlinestim_world1_probe2_1_0.png,0,27,False
1,13504,63,0069,assets/targets/0069/img1_1.png,assets/targets/0069/img1_2.png,assets/targets/0069/img2_1.png,assets/targets/0069/img2_2.png,assets/targets/0069/recording1_1.mp4,assets/targets/0069/recording1_2.mp4,assets/targets/0069/recording2_1.mp4,assets/targets/0069/recording2_2.mp4,45.99293272938177,282.53465008228795,False,assets/targets/0069/outlinestim_world1_probe0_2_1.png,assets/targets/0069/outlinestim_world2_probe0_2_0.png,assets/targets/0069/outlinestim_world2_probe0_2_1.png,assets/targets/0069/outlinestim_world1_probe0_2_0.png,nocol,0,2,2,0,brown,5d63179aa3b94d0001da4bb6,1,assets/targets/0069/outlinestim_world2_probe0_2_0.png,0,63,True
2,6164,27,0091,assets/targets/0091/img1_1.png,assets/targets/0091/img1_2.png,assets/targets/0091/img2_1.png,assets/targets/0091/img2_2.png,assets/targets/0091/recording1_1.mp4,assets/targets/0091/recording1_2.mp4,assets/targets/0091/recording2_1.mp4,assets/targets/0091/recording2_2.mp4,360.26329222466995,232.43135081432789,False,assets/targets/0091/outlinestim_world1_probe0_1_1.png,assets/targets/0091/outlinestim_world2_probe0_1_0.png,assets/targets/0091/outlinestim_world2_probe0_1_1.png,assets/targets/0091/outlinestim_world1_probe0_1_0.png,nocol,0,1,1,0,brown,5d63179aa3b94d0001da4bb6,0,assets/targets/0091/outlinestim_world1_probe0_1_1.png,1,73,True
3,9555,48,0042,assets/targets/0042/img1_1.png,assets/targets/0042/img1_2.png,assets/targets/0042/img2_1.png,assets/targets/0042/img2_2.png,assets/targets/0042/recording1_1.mp4,assets/targets/0042/recording1_2.mp4,assets/targets/0042/recording2_1.mp4,assets/targets/0042/recording2_2.mp4,302.7180979554031,305.896846954325,False,assets/targets/0042/outlinestim_world1_probe1_1_1.png,assets/targets/0042/outlinestim_world2_probe1_1_0.png,assets/targets/0042/outlinestim_world2_probe1_1_1.png,assets/targets/0042/outlinestim_world1_probe1_1_0.png,teleport_consistent,1,1,1,0,brown,5d63179aa3b94d0001da4bb6,0,assets/targets/0042/outlinestim_world1_probe1_1_1.png,1,52,True
4,4563,66,0045,assets/targets/0045/img1_1.png,assets/targets/0045/img1_2.png,assets/targets/0045/img2_1.png,assets/targets/0045/img2_2.png,assets/targets/0045/recording1_1.mp4,assets/targets/0045/recording1_2.mp4,assets/targets/0045/recording2_1.mp4,assets/targets/0045/recording2_2.mp4,436.6559051772762,257.95950551802974,False,assets/targets/0045/outlinestim_world1_probe1_2_1.png,assets/targets/0045/outlinestim_world2_probe1_2_0.png,assets/targets/0045/outlinestim_world2_probe1_2_1.png,assets/targets/0045/outlinestim_world1_probe1_2_0.png,teleport_consistent,1,2,1,0,brown,5d63179aa3b94d0001da4bb6,0,assets/targets/0045/outlinestim_world1_probe1_2_1.png,1,34,False
5,3548,31,0024,assets/targets/0024/img1_1.png,assets/targets/0024/img1_2.png,assets/targets/0024/img2_1.png,assets/targets/0024/img2_2.png,assets/targets/0024/recording1_1.mp4,assets/targets/0024/recording1_2.mp4,assets/targets/0024/recording2_1.mp4,assets/targets/0024/recording2_2.mp4,392.50547349657757,36.17405762242421,False,assets/targets/0024/outlinestim_world1_probe0_2_1.png,assets/targets/0024/outlinestim_world2_probe0_2_0.png,assets/targets/0024/outlinestim_world2_probe0_2_1.png,assets/targets/0024/outlinestim_world1_probe0_2_0.png,nocol,0,2,1,0,brown,5d63179aa3b94d0001da4bb6,1,assets/targets/0024/outlinestim_world1_probe0_2_0.png,0,31,False
6,4296,43,0064,assets/targets/0064/img1_1.png,assets/targets/0064/img1_2.png,assets/targets/0064/img2_1.png,assets/targets/0064/img2_2.png,assets/targets/0064/recording1_1.mp4,assets/targets/0064/recording1_2.mp4,assets/targets/0064/recording2_1.mp4,assets/targets/0064/recording2_2.mp4,572.435126403118,233.99006146723664,False,assets/targets/0064/outlinestim_world1_probe2_1_1.png,assets/targets/0064/outlinestim_world2_probe2_1_0.png,assets/targets/0064/outlinestim_world2_probe2_1_1.png,assets/targets/0064/outlinestim_world1_probe2_1_0.png,noteleport_consistent,2,1,2,0,brown,5d63179aa3b94d0001da4bb6,1,assets/targets/0064/outlinestim_world2_probe2_1_0.png,0,43,False
7,3698,51,0052,assets/targets/0052/img1_1.png,assets/targets/0052/img1_2.png,assets/targets/0052/img2_1.png,assets/targets/0052/img2_2.png,assets/targets/0052/recording1_1.mp4,assets/targets/0052/recording1_2.mp4,assets/targets/0052/recording2_1.mp4,assets/targets/0052/recording2_2.mp4,570.2567171334038,231.9134273051645,False,assets/targets/0052/outlinestim_world1_probe0_2_1.png,assets/targets/0052/outlinestim_world2_probe0_2_0.png,assets/targets/0052/outlinestim_world2_probe0_2_1.png,assets/targets/0052/outlinestim_world1_probe0_2_0.png,nocol,0,2,1,0,brown,5d63179aa3b94d0001da4bb6,1,assets/targets/0052/outlinestim_world1_probe0_2_0.png,0,51,True
8,3679,42,0025,assets/targets/0025/img1_1.png,assets/targets/0025/img1_2.png,assets/targets/0025/img2_1.png,assets/targets/0025/img2_2.png,assets/targets/0025/recording1_1.mp4,assets/targets/0025/recording1_2.mp4,assets/targets/0025/recording2_1.mp4,assets/targets/0025/recording2_2.mp4,275.75178627094397,548.0849702817209,False,assets/targets/0025/outlinestim_world1_probe0_2_1.png,assets/targets/0025/outlinestim_world2_probe0_2_0.png,assets/targets/0025/outlinestim_world2_probe0_2_1.png,assets/targets/0025/outlinestim_world1_probe0_2_0.png,nocol,0,2,1,0,brown,5d63179aa3b94d0001da4bb6,1,assets/targets/0025/outlinestim_world1_probe0_2_0.png,0,42,False
0,12693,50,0072,assets/targets/0072/img1_1.png,assets/targets/0072/img1_2.png,assets/targets/0072/img2_1.png,assets/targets/0072/img2_2.png,assets/targets/0072/recording1_1.mp4,assets/targets/0072/recording1_2.mp4,assets/targets/0072/recording2_1.mp4,assets/targets/0072/recording2_2.mp4,263.49876924364594,480.2927000755407,False,assets/targets/0072/outlinestim_world1_probe2_2_1.png,assets/targets/0072/outlinestim_world2_probe2_2_0.png,assets/targets/0072/outlinestim_world2_probe2_2_1.png,assets/targets/0072/outlinestim_world1_probe2_2_0.png,noteleport_consistent,2,2,1,0,brown,63d42902a85ae3e7b4920266,1,assets/targets/0072/outlinestim_world1_probe2_2_0.png,0,50,True
1,5040,50,0064,assets/targets/0064/img1_1.png,assets/targets/0064/img1_2.png,assets/targets/0064/img2_1.png,assets/targets/0064/img2_2.png,assets/targets/0064/recording1_1.mp4,assets/targets/0064/recording1_2.mp4,assets/targets/0064/recording2_1.mp4,assets/targets/0064/recording2_2.mp4,572.435126403118,233.99006146723664,False,assets/targets/0064/outlinestim_world1_probe1_1_1.png,assets/targets/0064/outlinestim_world2_probe1_1_0.png,assets/targets/0064/outlinestim_world2_probe1_1_1.png,assets/targets/0064/outlinestim_world1_probe1_1_0.png,teleport_consistent,1,1,1,0,brown,63d42902a85ae3e7b4920266,1,assets/targets/0064/outlinestim_world1_probe1_1_0.png,0,50,True
2,6711,0,0069,assets/targets/0069/img1_1.png,assets/targets/0069/img1_2.png,assets/targets/0069/img2_1.png,assets/targets/0069/img2_2.png,assets/targets/0069/recording1_1.mp4,assets/targets/0069/recording1_2.mp4,assets/targets/0069/recording2_1.mp4,assets/targets/0069/recording2_2.mp4,45.99293272938177,282.53465008228795,False,assets/targets/0069/outlinestim_world1_probe2_1_1.png,assets/targets/0069/outlinestim_world2_probe2_1_0.png,assets/targets/0069/outlinestim_world2_probe2_1_1.png,assets/targets/0069/outlinestim_world1_probe2_1_0.png,noteleport_consistent,2,1,2,0,brown,63d42902a85ae3e7b4920266,0,assets/targets/0069/outlinestim_world2_probe2_1_1.png,1,100,True
3,3429,50,0091,assets/targets/0091/img1_1.png,assets/targets/0091/img1_2.png,assets/targets/0091/img2_1.png,assets/targets/0091/img2_2.png,assets/targets/0091/recording1_1.mp4,assets/targets/0091/recording1_2.mp4,assets/targets/0091/recording2_1.mp4,assets/targets/0091/recording2_2.mp4,360.26329222466995,232.43135081432789,False,assets/targets/0091/outlinestim_world1_probe1_1_1.png,assets/targets/0091/outlinestim_world2_probe1_1_0.png,assets/targets/0091/outlinestim_world2_probe1_1_1.png,assets/targets/0091/outlinestim_world1_probe1_1_0.png,teleport_consistent,1,1,2,0,brown,63d42902a85ae3e7b4920266,1,assets/targets/0091/outlinestim_world2_probe1_1_0.png,0,50,True
4,5756,0,0042,assets/targets/0042/img1_1.png,assets/targets/0042/img1_2.png,assets/targets/0042/img2_1.png,assets/targets/0042/img2_2.png,assets/targets/0042/recording1_1.mp4,assets/targets/0042/recording1_2.mp4,assets/targets/0042/recording2_1.mp4,assets/targets/0042/recording2_2.mp4,302.7180979554031,305.896846954325,False,assets/targets/0042/outlinestim_world1_probe1_1_1.png,assets/targets/0042/outlinestim_world2_probe1_1_0.png,assets/targets/0042/outlinestim_world2_probe1_1_1.png,assets/targets/0042/outlinestim_world1_probe1_1_0.png,teleport_consistent,1,1,1,0,brown,63d42902a85ae3e7b4920266,0,assets/targets/0042/outlinestim_world1_probe1_1_1.png,1,100,True
5,7746,11,0052,assets/targets/0052/img1_1.png,assets/targets/0052/img1_2.png,assets/targets/0052/img2_1.png,assets/targets/0052/img2_2.png,assets/targets/0052/recording1_1.mp4,assets/targets/0052/recording1_2.mp4,assets/targets/0052/recording2_1.mp4,assets/targets/0052/recording2_2.mp4,570.2567171334038,231.9134273051645,False,assets/targets/0052/outlinestim_world1_probe1_1_1.png,assets/targets/0052/outlinestim_world2_probe1_1_0.png,assets/targets/0052/outlinestim_world2_probe1_1_1.png,assets/targets/0052/outlinestim_world1_probe1_1_0.png,teleport_consistent,1,1,1,0,brown,63d42902a85ae3e7b4920266,0,assets/targets/0052/outlinestim_world1_probe1_1_1.png,1,89,True
6,6594,98,0024,assets/targets/0024/img1_1.png,assets/targets/0024/img1_2.png,assets/targets/0024/img2_1.png,assets/targets/0024/img2_2.png,assets/targets/0024/recording1_1.mp4,assets/targets/0024/recording1_2.mp4,assets/targets/0024/recording2_1.mp4,assets/targets/0024/recording2_2.mp4,392.50547349657757,36.17405762242421,False,assets/targets/0024/outlinestim_world1_probe2_2_1.png,assets/targets/0024/outlinestim_world2_probe2_2_0.png,assets/targets/0024/outlinestim_world2_probe2_2_1.png,assets/targets/0024/outlinestim_world1_probe2_2_0.png,noteleport_consistent,2,2,2,0,brown,63d42902a85ae3e7b4920266,1,assets/targets/0024/outlinestim_world2_probe2_2_0.png,0,98,True
7,4102,49,0025,assets/targets/0025/img1_1.png,assets/targets/0025/img1_2.png,assets/targets/0025/img2_1.png,assets/targets/0025/img2_2.png,assets/targets/0025/recording1_1.mp4,assets/targets/0025/recording1_2.mp4,assets/targets/0025/recording2_1.mp4,assets/targets/0025/recording2_2.mp4,275.75178627094397,548.0849702817209,False,assets/targets/0025/outlinestim_world1_probe0_1_1.png,assets/targets/0025/outlinestim_world2_probe0_1_0.png,assets/targets/0025/outlinestim_world2_probe0_1_1.png,assets/targets/0025/outlinestim_world1_probe0_1_0.png,nocol,0,1,1,0,brown,63d42902a85ae3e7b4920266,1,assets/targets/0025/outlinestim_world1_probe0_1_0.png,0,49,False
8,2506,50,0045,assets/targets/0045/img1_1.png,assets/targets/0045/img1_2.png,assets/targets/0045/img2_1.png,assets/targets/0045/img2_2.png,assets/targets/0045/recording1_1.mp4,assets/targets/0045/recording1_2.mp4,assets/targets/0045/recording2_1.mp4,assets/targets/0045/recording2_2.mp4,436.6559051772762,257.95950551802974,False,assets/targets/0045/outlinestim_world1_probe0_2_1.png,assets/targets/0045/outlinestim_world2_probe0_2_0.png,assets/targets/0045/outlinestim_world2_probe0_2_1.png,assets/targets/0045/outlinestim_world1_probe0_2_0.png,nocol,0,2,1,0,brown,63d42902a85ae3e7b4920266,1,assets/targets/0045/outlinestim_world1_probe0_2_0.png,0,50,True
0,28872,0,0072,assets/targets/0072/img1_1.png,assets/targets/0072/img1_2.png,assets/targets/0072/img2_1.png,assets/targets/0072/img2_2.png,assets/targets/0072/recording1_1.mp4,assets/targets/0072/recording1_2.mp4,assets/targets/0072/recording2_1.mp4,assets/targets/0072/recording2_2.mp4,263.49876924364594,480.2927000755407,False,assets/targets/0072/outlinestim_world1_probe1_2_1.png,assets/targets/0072/outlinestim_world2_probe1_2_0.png,assets/targets/0072/outlinestim_world2_probe1_2_1.png,assets/targets/0072/outlinestim_world1_probe1_2_0.png,teleport_consistent,1,2,1,0,brown,66463e513e10c3b57f70e4f0,0,assets/targets/0072/outlinestim_world1_probe1_2_1.png,1,100,True
1,11131,50,0025,assets/targets/0025/img1_1.png,assets/targets/0025/img1_2.png,assets/targets/0025/img2_1.png,assets/targets/0025/img2_2.png,assets/targets/0025/recording1_1.mp4,assets/targets/0025/recording1_2.mp4,assets/targets/0025/recording2_1.mp4,assets/targets/0025/recording2_2.mp4,275.75178627094397,548.0849702817209,False,assets/targets/0025/outlinestim_world1_probe0_1_1.png,assets/targets/0025/outlinestim_world2_probe0_1_0.png,assets/targets/0025/outlinestim_world2_probe0_1_1.png,assets/targets/0025/outlinestim_world1_probe0_1_0.png,nocol,0,1,2,0,brown,66463e513e10c3b57f70e4f0,0,assets/targets/0025/outlinestim_world2_probe0_1_1.png,1,50,True
2,13272,0,0052,assets/targets/0052/img1_1.png,assets/targets/0052/img1_2.png,assets/targets/0052/img2_1.png,assets/targets/0052/img2_2.png,assets/targets/0052/recording1_1.mp4,assets/targets/0052/recording1_2.mp4,assets/targets/0052/recording2_1.mp4,assets/targets/0052/recording2_2.mp4,570.2567171334038,231.9134273051645,False,assets/targets/0052/outlinestim_world1_probe2_2_1.png,assets/targets/0052/outlinestim_world2_probe2_2_0.png,assets/targets/0052/outlinestim_world2_probe2_2_1.png,assets/targets/0052/outlinestim_world1_probe2_2_0.png,noteleport_consistent,2,2,2,0,brown,66463e513e10c3b57f70e4f0,0,assets/targets/0052/outlinestim_world2_probe2_2_1.png,1,100,True
3,9554,100,0069,assets/targets/0069/img1_1.png,assets/targets/0069/img1_2.png,assets/targets/0069/img2_1.png,assets/targets/0069/img2_2.png,assets/targets/0069/recording1_1.mp4,assets/targets/0069/recording1_2.mp4,assets/targets/0069/recording2_1.mp4,assets/targets/0069/recording2_2.mp4,45.99293272938177,282.53465008228795,False,assets/targets/0069/outlinestim_world1_probe1_1_1.png,assets/targets/0069/outlinestim_world2_probe1_1_0.png,assets/targets/0069/outlinestim_world2_probe1_1_1.png,assets/targets/0069/outlinestim_world1_probe1_1_0.png,teleport_consistent,1,1,1,0,brown,66463e513e10c3b57f70e4f0,1,assets/targets/0069/outlinestim_world1_probe1_1_0.png,0,100,True
4,8918,100,0064,assets/targets/0064/img1_1.png,assets/targets/0064/img1_2.png,assets/targets/0064/img2_1.png,assets/targets/0064/img2_2.png,assets/targets/0064/recording1_1.mp4,assets/targets/0064/recording1_2.mp4,assets/targets/0064/recording2_1.mp4,assets/targets/0064/recording2_2.mp4,572.435126403118,233.99006146723664,False,assets/targets/0064/outlinestim_world1_probe2_1_1.png,assets/targets/0064/outlinestim_world2_probe2_1_0.png,assets/targets/0064/outlinestim_world2_probe2_1_1.png,assets/targets/0064/outlinestim_world1_probe2_1_0.png,noteleport_consistent,2,1,2,0,brown,66463e513e10c3b57f70e4f0,1,assets/targets/0064/outlinestim_world2_probe2_1_0.png,0,100,True
5,6265,0,0024,assets/targets/0024/img1_1.png,assets/targets/0024/img1_2.png,assets/targets/0024/img2_1.png,assets/targets/0024/img2_2.png,assets/targets/0024/recording1_1.mp4,assets/targets/0024/recording1_2.mp4,assets/targets/0024/recording2_1.mp4,assets/targets/0024/recording2_2.mp4,392.50547349657757,36.17405762242421,False,assets/targets/0024/outlinestim_world1_probe2_2_1.png,assets/targets/0024/outlinestim_world2_probe2_2_0.png,assets/targets/0024/outlinestim_world2_probe2_2_1.png,assets/targets/0024/outlinestim_world1_probe2_2_0.png,noteleport_consistent,2,2,2,0,brown,66463e513e10c3b57f70e4f0,0,assets/targets/0024/outlinestim_world2_probe2_2_1.png,1,100,True
6,10325,100,0042,assets/targets/0042/img1_1.png,assets/targets/0042/img1_2.png,assets/targets/0042/img2_1.png,assets/targets/0042/img2_2.png,assets/targets/0042/recording1_1.mp4,assets/targets/0042/recording1_2.mp4,assets/targets/0042/recording2_1.mp4,assets/targets/0042/recording2_2.mp4,302.7180979554031,305.896846954325,False,assets/targets/0042/outlinestim_world1_probe2_2_1.png,assets/targets/0042/outlinestim_world2_probe2_2_0.png,assets/targets/0042/outlinestim_world2_probe2_2_1.png,assets/targets/0042/outlinestim_world1_probe2_2_0.png,noteleport_consistent,2,2,1,0,brown,66463e513e10c3b57f70e4f0,1,assets/targets/0042/outlinestim_world1_probe2_2_0.png,0,100,True
7,4568,50,0091,assets/targets/0091/img1_1.png,assets/targets/0091/img1_2.png,assets/targets/0091/img2_1.png,assets/targets/0091/img2_2.png,assets/targets/0091/recording1_1.mp4,assets/targets/0091/recording1_2.mp4,assets/targets/0091/recording2_1.mp4,assets/targets/0091/recording2_2.mp4,360.26329222466995,232.43135081432789,False,assets/targets/0091/outlinestim_world1_probe1_2_1.png,assets/targets/0091/outlinestim_world2_probe1_2_0.png,assets/targets/0091/outlinestim_world2_probe1_2_1.png,assets/targets/0091/outlinestim_world1_probe1_2_0.png,teleport_consistent,1,2,2,0,brown,66463e513e10c3b57f70e4f0,1,assets/targets/0091/outlinestim_world2_probe1_2_0.png,0,50,True
8,4793,51,0045,assets/targets/0045/img1_1.png,assets/targets/0045/img1_2.png,assets/targets/0045/img2_1.png,assets/targets/0045/img2_2.png,assets/targets/0045/recording1_1.mp4,assets/targets/0045/recording1_2.mp4,assets/targets/0045/recording2_1.mp4,assets/targets/0045/recording2_2.mp4,436.6559051772762,257.95950551802974,False,assets/targets/0045/outlinestim_world1_probe0_1_1.png,assets/targets/0045/outlinestim_world2_probe0_1_0.png,assets/targets/0045/outlinestim_world2_probe0_1_1.png,assets/targets/0045/outlinestim_world1_probe0_1_0.png,nocol,0,1,1,0,brown,66463e513e10c3b57f70e4f0,1,assets/targets/0045/outlinestim_world1_probe0_1_0.png,0,51,True
0,27211,57,0064,assets/targets/0064/img1_1.png,assets/targets/0064/img1_2.png,assets/targets/0064/img2_1.png,assets/targets/0064/img2_2.png,assets/targets/0064/recording1_1.mp4,assets/targets/0064/recording1_2.mp4,assets/targets/0064/recording2_1.mp4,assets/targets/0064/recording2_2.mp4,572.435126403118,233.99006146723664,False,assets/targets/0064/outlinestim_world1_probe2_1_1.png,assets/targets/0064/outlinestim_world2_probe2_1_0.png,assets/targets/0064/outlinestim_world2_probe2_1_1.png,assets/targets/0064/outlinestim_world1_probe2_1_0.png,noteleport_consistent,2,1,2,1,blue,664644978e90512d006ed6ec,0,assets/targets/0064/outlinestim_world1_probe2_1_1.png,1,43,False
1,6845,79,0042,assets/targets/0042/img1_1.png,assets/targets/0042/img1_2.png,assets/targets/0042/img2_1.png,assets/targets/0042/img2_2.png,assets/targets/0042/recording1_1.mp4,assets/targets/0042/recording1_2.mp4,assets/targets/0042/recording2_1.mp4,assets/targets/0042/recording2_2.mp4,302.7180979554031,305.896846954325,False,assets/targets/0042/outlinestim_world1_probe2_1_1.png,assets/targets/0042/outlinestim_world2_probe2_1_0.png,assets/targets/0042/outlinestim_world2_probe2_1_1.png,assets/targets/0042/outlinestim_world1_probe2_1_0.png,noteleport_consistent,2,1,1,1,blue,664644978e90512d006ed6ec,1,assets/targets/0042/outlinestim_world2_probe2_1_0.png,0,79,True
2,4774,49,0024,assets/targets/0024/img1_1.png,assets/targets/0024/img1_2.png,assets/targets/0024/img2_1.png,assets/targets/0024/img2_2.png,assets/targets/0024/recording1_1.mp4,assets/targets/0024/recording1_2.mp4,assets/targets/0024/recording2_1.mp4,assets/targets/0024/recording2_2.mp4,392.50547349657757,36.17405762242421,False,assets/targets/0024/outlinestim_world1_probe1_2_1.png,assets/targets/0024/outlinestim_world2_probe1_2_0.png,assets/targets/0024/outlinestim_world2_probe1_2_1.png,assets/targets/0024/outlinestim_world1_probe1_2_0.png,teleport_consistent,1,2,2,1,blue,664644978e90512d006ed6ec,1,assets/targets/0024/outlinestim_world1_probe1_2_0.png,0,49,False
3,4626,43,0045,assets/targets/0045/img1_1.png,assets/targets/0045/img1_2.png,assets/targets/0045/img2_1.png,assets/targets/0045/img2_2.png,assets/targets/0045/recording1_1.mp4,assets/targets/0045/recording1_2.mp4,assets/targets/0045/recording2_1.mp4,assets/targets/0045/recording2_2.mp4,436.6559051772762,257.95950551802974,False,assets/targets/0045/outlinestim_world1_probe1_1_1.png,assets/targets/0045/outlinestim_world2_probe1_1_0.png,assets/targets/0045/outlinestim_world2_probe1_1_1.png,assets/targets/0045/outlinestim_world1_probe1_1_0.png,teleport_consistent,1,1,2,1,blue,664644978e90512d006ed6ec,0,assets/targets/0045/outlinestim_world1_probe1_1_1.png,1,57,True
4,4688,79,0072,assets/targets/0072/img1_1.png,assets/targets/0072/img1_2.png,assets/targets/0072/img2_1.png,assets/targets/0072/img2_2.png,assets/targets/0072/recording1_1.mp4,assets/targets/0072/recording1_2.mp4,assets/targets/0072/recording2_1.mp4,assets/targets/0072/recording2_2.mp4,263.49876924364594,480.2927000755407,False,assets/targets/0072/outlinestim_world1_probe1_1_1.png,assets/targets/0072/outlinestim_world2_probe1_1_0.png,assets/targets/0072/outlinestim_world2_probe1_1_1.png,assets/targets/0072/outlinestim_world1_probe1_1_0.png,teleport_consistent,1,1,2,1,blue,664644978e90512d006ed6ec,0,assets/targets/0072/outlinestim_world1_probe1_1_1.png,1,21,False
5,4647,45,0025,assets/targets/0025/img1_1.png,assets/targets/0025/img1_2.png,assets/targets/0025/img2_1.png,assets/targets/0025/img2_2.png,assets/targets/0025/recording1_1.mp4,assets/targets/0025/recording1_2.mp4,assets/targets/0025/recording2_1.mp4,assets/targets/0025/recording2_2.mp4,275.75178627094397,548.0849702817209,False,assets/targets/0025/outlinestim_world1_probe0_1_1.png,assets/targets/0025/outlinestim_world2_probe0_1_0.png,assets/targets/0025/outlinestim_world2_probe0_1_1.png,assets/targets/0025/outlinestim_world1_probe0_1_0.png,nocol,0,1,1,1,blue,664644978e90512d006ed6ec,1,assets/targets/0025/outlinestim_world2_probe0_1_0.png,0,45,False
6,7222,39,0091,assets/targets/0091/img1_1.png,assets/targets/0091/img1_2.png,assets/targets/0091/img2_1.png,assets/targets/0091/img2_2.png,assets/targets/0091/recording1_1.mp4,assets/targets/0091/recording1_2.mp4,assets/targets/0091/recording2_1.mp4,assets/targets/0091/recording2_2.mp4,360.26329222466995,232.43135081432789,False,assets/targets/0091/outlinestim_world1_probe0_1_1.png,assets/targets/0091/outlinestim_world2_probe0_1_0.png,assets/targets/0091/outlinestim_world2_probe0_1_1.png,assets/targets/0091/outlinestim_world1_probe0_1_0.png,nocol,0,1,1,1,blue,664644978e90512d006ed6ec,1,assets/targets/0091/outlinestim_world2_probe0_1_0.png,0,39,False
7,4949,78,0052,assets/targets/0052/img1_1.png,assets/targets/0052/img1_2.png,assets/targets/0052/img2_1.png,assets/targets/0052/img2_2.png,assets/targets/0052/recording1_1.mp4,assets/targets/0052/recording1_2.mp4,assets/targets/0052/recording2_1.mp4,assets/targets/0052/recording2_2.mp4,570.2567171334038,231.9134273051645,False,assets/targets/0052/outlinestim_world1_probe2_1_1.png,assets/targets/0052/outlinestim_world2_probe2_1_0.png,assets/targets/0052/outlinestim_world2_probe2_1_1.png,assets/targets/0052/outlinestim_world1_probe2_1_0.png,noteleport_consistent,2,1,1,1,blue,664644978e90512d006ed6ec,1,assets/targets/0052/outlinestim_world2_probe2_1_0.png,0,78,True
8,4048,49,0069,assets/targets/0069/img1_1.png,assets/targets/0069/img1_2.png,assets/targets/0069/img2_1.png,assets/targets/0069/img2_2.png,assets/targets/0069/recording1_1.mp4,assets/targets/0069/recording1_2.mp4,assets/targets/0069/recording2_1.mp4,assets/targets/0069/recording2_2.mp4,45.99293272938177,282.53465008228795,False,assets/targets/0069/outlinestim_world1_probe0_1_1.png,assets/targets/0069/outlinestim_world2_probe0_1_0.png,assets/targets/0069/outlinestim_world2_probe0_1_1.png,assets/targets/0069/outlinestim_world1_probe0_1_0.png,nocol,0,1,2,1,blue,664644978e90512d006ed6ec,1,assets/targets/0069/outlinestim_world1_probe0_1_0.png,0,49,False
0,11638,70,0042,assets/targets/0042/img1_1.png,assets/targets/0042/img1_2.png,assets/targets/0042/img2_1.png,assets/targets/0042/img2_2.png,assets/targets/0042/recording1_1.mp4,assets/targets/0042/recording1_2.mp4,assets/targets/0042/recording2_1.mp4,assets/targets/0042/recording2_2.mp4,302.7180979554031,305.896846954325,False,assets/targets/0042/outlinestim_world1_probe1_2_1.png,assets/targets/0042/outlinestim_world2_probe1_2_0.png,assets/targets/0042/outlinestim_world2_probe1_2_1.png,assets/targets/0042/outlinestim_world1_probe1_2_0.png,teleport_consistent,1,2,2,1,blue,66a9d46ff5d39bbede9f2e92,0,assets/targets/0042/outlinestim_world1_probe1_2_1.png,1,30,False
1,2665,74,0072,assets/targets/0072/img1_1.png,assets/targets/0072/img1_2.png,assets/targets/0072/img2_1.png,assets/targets/0072/img2_2.png,assets/targets/0072/recording1_1.mp4,assets/targets/0072/recording1_2.mp4,assets/targets/0072/recording2_1.mp4,assets/targets/0072/recording2_2.mp4,263.49876924364594,480.2927000755407,False,assets/targets/0072/outlinestim_world1_probe1_2_1.png,assets/targets/0072/outlinestim_world2_probe1_2_0.png,assets/targets/0072/outlinestim_world2_probe1_2_1.png,assets/targets/0072/outlinestim_world1_probe1_2_0.png,teleport_consistent,1,2,2,1,blue,66a9d46ff5d39bbede9f2e92,0,assets/targets/0072/outlinestim_world1_probe1_2_1.png,1,26,False
2,4343,72,0069,assets/targets/0069/img1_1.png,assets/targets/0069/img1_2.png,assets/targets/0069/img2_1.png,assets/targets/0069/img2_2.png,assets/targets/0069/recording1_1.mp4,assets/targets/0069/recording1_2.mp4,assets/targets/0069/recording2_1.mp4,assets/targets/0069/recording2_2.mp4,45.99293272938177,282.53465008228795,False,assets/targets/0069/outlinestim_world1_probe0_2_1.png,assets/targets/0069/outlinestim_world2_probe0_2_0.png,assets/targets/0069/outlinestim_world2_probe0_2_1.png,assets/targets/0069/outlinestim_world1_probe0_2_0.png,nocol,0,2,1,1,blue,66a9d46ff5d39bbede9f2e92,0,assets/targets/0069/outlinestim_world2_probe0_2_1.png,1,28,False
3,3157,19,0052,assets/targets/0052/img1_1.png,assets/targets/0052/img1_2.png,assets/targets/0052/img2_1.png,assets/targets/0052/img2_2.png,assets/targets/0052/recording1_1.mp4,assets/targets/0052/recording1_2.mp4,assets/targets/0052/recording2_1.mp4,assets/targets/0052/recording2_2.mp4,570.2567171334038,231.9134273051645,False,assets/targets/0052/outlinestim_world1_probe1_1_1.png,assets/targets/0052/outlinestim_world2_probe1_1_0.png,assets/targets/0052/outlinestim_world2_probe1_1_1.png,assets/targets/0052/outlinestim_world1_probe1_1_0.png,teleport_consistent,1,1,1,1,blue,66a9d46ff5d39bbede9f2e92,0,assets/targets/0052/outlinestim_world2_probe1_1_1.png,1,81,True
4,2922,91,0025,assets/targets/0025/img1_1.png,assets/targets/0025/img1_2.png,assets/targets/0025/img2_1.png,assets/targets/0025/img2_2.png,assets/targets/0025/recording1_1.mp4,assets/targets/0025/recording1_2.mp4,assets/targets/0025/recording2_1.mp4,assets/targets/0025/recording2_2.mp4,275.75178627094397,548.0849702817209,False,assets/targets/0025/outlinestim_world1_probe1_2_1.png,assets/targets/0025/outlinestim_world2_probe1_2_0.png,assets/targets/0025/outlinestim_world2_probe1_2_1.png,assets/targets/0025/outlinestim_world1_probe1_2_0.png,teleport_consistent,1,2,1,1,blue,66a9d46ff5d39bbede9f2e92,1,assets/targets/0025/outlinestim_world2_probe1_2_0.png,0,91,True
5,4196,80,0045,assets/targets/0045/img1_1.png,assets/targets/0045/img1_2.png,assets/targets/0045/img2_1.png,assets/targets/0045/img2_2.png,assets/targets/0045/recording1_1.mp4,assets/targets/0045/recording1_2.mp4,assets/targets/0045/recording2_1.mp4,assets/targets/0045/recording2_2.mp4,436.6559051772762,257.95950551802974,False,assets/targets/0045/outlinestim_world1_probe0_1_1.png,assets/targets/0045/outlinestim_world2_probe0_1_0.png,assets/targets/0045/outlinestim_world2_probe0_1_1.png,assets/targets/0045/outlinestim_world1_probe0_1_0.png,nocol,0,1,2,1,blue,66a9d46ff5d39bbede9f2e92,0,assets/targets/0045/outlinestim_world1_probe0_1_1.png,1,20,False
6,2491,62,0064,assets/targets/0064/img1_1.png,assets/targets/0064/img1_2.png,assets/targets/0064/img2_1.png,assets/targets/0064/img2_2.png,assets/targets/0064/recording1_1.mp4,assets/targets/0064/recording1_2.mp4,assets/targets/0064/recording2_1.mp4,assets/targets/0064/recording2_2.mp4,572.435126403118,233.99006146723664,False,assets/targets/0064/outlinestim_world1_probe1_1_1.png,assets/targets/0064/outlinestim_world2_probe1_1_0.png,assets/targets/0064/outlinestim_world2_probe1_1_1.png,assets/targets/0064/outlinestim_world1_probe1_1_0.png,teleport_consistent,1,1,1,1,blue,66a9d46ff5d39bbede9f2e92,1,assets/targets/0064/outlinestim_world2_probe1_1_0.png,0,62,True
7,2481,79,0024,assets/targets/0024/img1_1.png,assets/targets/0024/img1_2.png,assets/targets/0024/img2_1.png,assets/targets/0024/img2_2.png,assets/targets/0024/recording1_1.mp4,assets/targets/0024/recording1_2.mp4,assets/targets/0024/recording2_1.mp4,assets/targets/0024/recording2_2.mp4,392.50547349657757,36.17405762242421,False,assets/targets/0024/outlinestim_world1_probe2_2_1.png,assets/targets/0024/outlinestim_world2_probe2_2_0.png,assets/targets/0024/outlinestim_world2_probe2_2_1.png,assets/targets/0024/outlinestim_world1_probe2_2_0.png,noteleport_consistent,2,2,1,1,blue,66a9d46ff5d39bbede9f2e92,0,assets/targets/0024/outlinestim_world2_probe2_2_1.png,1,21,False
8,2995,69,0091,assets/targets/0091/img1_1.png,assets/targets/0091/img1_2.png,assets/targets/0091/img2_1.png,assets/targets/0091/img2_2.png,assets/targets/0091/recording1_1.mp4,assets/targets/0091/recording1_2.mp4,assets/targets/0091/recording2_1.mp4,assets/targets/0091/recording2_2.mp4,360.26329222466995,232.43135081432789,False,assets/targets/0091/outlinestim_world1_probe0_2_1.png,assets/targets/0091/outlinestim_world2_probe0_2_0.png,assets/targets/0091/outlinestim_world2_probe0_2_1.png,assets/targets/0091/outlinestim_world1_probe0_2_0.png,nocol,0,2,1,1,blue,66a9d46ff5d39bbede9f2e92,1,assets/targets/0091/outlinestim_world2_probe0_2_0.png,0,69,True
0,38214,73,0069,assets/targets/0069/img1_1.png,assets/targets/0069/img1_2.png,assets/targets/0069/img2_1.png,assets/targets/0069/img2_2.png,assets/targets/0069/recording1_1.mp4,assets/targets/0069/recording1_2.mp4,assets/targets/0069/recording2_1.mp4,assets/targets/0069/recording2_2.mp4,45.99293272938177,282.53465008228795,False,assets/targets/0069/outlinestim_world1_probe2_1_1.png,assets/targets/0069/outlinestim_world2_probe2_1_0.png,assets/targets/0069/outlinestim_world2_probe2_1_1.png,assets/targets/0069/outlinestim_world1_probe2_1_0.png,noteleport_consistent,2,1,2,1,blue,572535bba34b2a001306827c,0,assets/targets/0069/outlinestim_world1_probe2_1_1.png,1,27,False
1,8007,20,0072,assets/targets/0072/img1_1.png,assets/targets/0072/img1_2.png,assets/targets/0072/img2_1.png,assets/targets/0072/img2_2.png,assets/targets/0072/recording1_1.mp4,assets/targets/0072/recording1_2.mp4,assets/targets/0072/recording2_1.mp4,assets/targets/0072/recording2_2.mp4,263.49876924364594,480.2927000755407,False,assets/targets/0072/outlinestim_world1_probe2_2_1.png,assets/targets/0072/outlinestim_world2_probe2_2_0.png,assets/targets/0072/outlinestim_world2_probe2_2_1.png,assets/targets/0072/outlinestim_world1_probe2_2_0.png,noteleport_consistent,2,2,2,1,blue,572535bba34b2a001306827c,0,assets/targets/0072/outlinestim_world1_probe2_2_1.png,1,80,True
2,9075,51,0042,assets/targets/0042/img1_1.png,assets/targets/0042/img1_2.png,assets/targets/0042/img2_1.png,assets/targets/0042/img2_2.png,assets/targets/0042/recording1_1.mp4,assets/targets/0042/recording1_2.mp4,assets/targets/0042/recording2_1.mp4,assets/targets/0042/recording2_2.mp4,302.7180979554031,305.896846954325,False,assets/targets/0042/outlinestim_world1_probe2_1_1.png,assets/targets/0042/outlinestim_world2_probe2_1_0.png,assets/targets/0042/outlinestim_world2_probe2_1_1.png,assets/targets/0042/outlinestim_world1_probe2_1_0.png,noteleport_consistent,2,1,1,1,blue,572535bba34b2a001306827c,1,assets/targets/0042/outlinestim_world2_probe2_1_0.png,0,51,True
3,9649,53,0064,assets/targets/0064/img1_1.png,assets/targets/0064/img1_2.png,assets/targets/0064/img2_1.png,assets/targets/0064/img2_2.png,assets/targets/0064/recording1_1.mp4,assets/targets/0064/recording1_2.mp4,assets/targets/0064/recording2_1.mp4,assets/targets/0064/recording2_2.mp4,572.435126403118,233.99006146723664,False,assets/targets/0064/outlinestim_world1_probe0_2_1.png,assets/targets/0064/outlinestim_world2_probe0_2_0.png,assets/targets/0064/outlinestim_world2_probe0_2_1.png,assets/targets/0064/outlinestim_world1_probe0_2_0.png,nocol,0,2,1,1,blue,572535bba34b2a001306827c,0,assets/targets/0064/outlinestim_world2_probe0_2_1.png,1,47,False
4,14227,84,0091,assets/targets/0091/img1_1.png,assets/targets/0091/img1_2.png,assets/targets/0091/img2_1.png,assets/targets/0091/img2_2.png,assets/targets/0091/recording1_1.mp4,assets/targets/0091/recording1_2.mp4,assets/targets/0091/recording2_1.mp4,assets/targets/0091/recording2_2.mp4,360.26329222466995,232.43135081432789,False,assets/targets/0091/outlinestim_world1_probe0_2_1.png,assets/targets/0091/outlinestim_world2_probe0_2_0.png,assets/targets/0091/outlinestim_world2_probe0_2_1.png,assets/targets/0091/outlinestim_world1_probe0_2_0.png,nocol,0,2,2,1,blue,572535bba34b2a001306827c,0,assets/targets/0091/outlinestim_world1_probe0_2_1.png,1,16,False
5,12026,26,0025,assets/targets/0025/img1_1.png,assets/targets/0025/img1_2.png,assets/targets/0025/img2_1.png,assets/targets/0025/img2_2.png,assets/targets/0025/recording1_1.mp4,assets/targets/0025/recording1_2.mp4,assets/targets/0025/recording2_1.mp4,assets/targets/0025/recording2_2.mp4,275.75178627094397,548.0849702817209,False,assets/targets/0025/outlinestim_world1_probe2_1_1.png,assets/targets/0025/outlinestim_world2_probe2_1_0.png,assets/targets/0025/outlinestim_world2_probe2_1_1.png,assets/targets/0025/outlinestim_world1_probe2_1_0.png,noteleport_consistent,2,1,2,1,blue,572535bba34b2a001306827c,0,assets/targets/0025/outlinestim_world1_probe2_1_1.png,1,74,True
6,16591,49,0052,assets/targets/0052/img1_1.png,assets/targets/0052/img1_2.png,assets/targets/0052/img2_1.png,assets/targets/0052/img2_2.png,assets/targets/0052/recording1_1.mp4,assets/targets/0052/recording1_2.mp4,assets/targets/0052/recording2_1.mp4,assets/targets/0052/recording2_2.mp4,570.2567171334038,231.9134273051645,False,assets/targets/0052/outlinestim_world1_probe0_1_1.png,assets/targets/0052/outlinestim_world2_probe0_1_0.png,assets/targets/0052/outlinestim_world2_probe0_1_1.png,assets/targets/0052/outlinestim_world1_probe0_1_0.png,nocol,0,1,2,1,blue,572535bba34b2a001306827c,1,assets/targets/0052/outlinestim_world1_probe0_1_0.png,0,49,False
7,14633,68,0045,assets/targets/0045/img1_1.png,assets/targets/0045/img1_2.png,assets/targets/0045/img2_1.png,assets/targets/0045/img2_2.png,assets/targets/0045/recording1_1.mp4,assets/targets/0045/recording1_2.mp4,assets/targets/0045/recording2_1.mp4,assets/targets/0045/recording2_2.mp4,436.6559051772762,257.95950551802974,False,assets/targets/0045/outlinestim_world1_probe0_2_1.png,assets/targets/0045/outlinestim_world2_probe0_2_0.png,assets/targets/0045/outlinestim_world2_probe0_2_1.png,assets/targets/0045/outlinestim_world1_probe0_2_0.png,nocol,0,2,2,1,blue,572535bba34b2a001306827c,1,assets/targets/0045/outlinestim_world1_probe0_2_0.png,0,68,True
8,6259,27,0024,assets/targets/0024/img1_1.png,assets/targets/0024/img1_2.png,assets/targets/0024/img2_1.png,assets/targets/0024/img2_2.png,assets/targets/0024/recording1_1.mp4,assets/targets/0024/recording1_2.mp4,assets/targets/0024/recording2_1.mp4,assets/targets/0024/recording2_2.mp4,392.50547349657757,36.17405762242421,False,assets/targets/0024/outlinestim_world1_probe2_1_1.png,assets/targets/0024/outlinestim_world2_probe2_1_0.png,assets/targets/0024/outlinestim_world2_probe2_1_1.png,assets/targets/0024/outlinestim_world1_probe2_1_0.png,noteleport_consistent,2,1,2,1,blue,572535bba34b2a001306827c,1,assets/targets/0024/outlinestim_world1_probe2_1_0.png,0,27,False
0,52601,74,0042,assets/targets/0042/img1_1.png,assets/targets/0042/img1_2.png,assets/targets/0042/img2_1.png,assets/targets/0042/img2_2.png,assets/targets/0042/recording1_1.mp4,assets/targets/0042/recording1_2.mp4,assets/targets/0042/recording2_1.mp4,assets/targets/0042/recording2_2.mp4,302.7180979554031,305.896846954325,False,assets/targets/0042/outlinestim_world1_probe2_1_1.png,assets/targets/0042/outlinestim_world2_probe2_1_0.png,assets/targets/0042/outlinestim_world2_probe2_1_1.png,assets/targets/0042/outlinestim_world1_probe2_1_0.png,noteleport_consistent,2,1,1,0,brown,5d23460ad4c57900192b129c,0,assets/targets/0042/outlinestim_world1_probe2_1_1.png,1,26,False
1,19162,61,0045,assets/targets/0045/img1_1.png,assets/targets/0045/img1_2.png,assets/targets/0045/img2_1.png,assets/targets/0045/img2_2.png,assets/targets/0045/recording1_1.mp4,assets/targets/0045/recording1_2.mp4,assets/targets/0045/recording2_1.mp4,assets/targets/0045/recording2_2.mp4,436.6559051772762,257.95950551802974,False,assets/targets/0045/outlinestim_world1_probe1_2_1.png,assets/targets/0045/outlinestim_world2_probe1_2_0.png,assets/targets/0045/outlinestim_world2_probe1_2_1.png,assets/targets/0045/outlinestim_world1_probe1_2_0.png,teleport_consistent,1,2,2,0,brown,5d23460ad4c57900192b129c,1,assets/targets/0045/outlinestim_world2_probe1_2_0.png,0,61,True
2,9017,16,0052,assets/targets/0052/img1_1.png,assets/targets/0052/img1_2.png,assets/targets/0052/img2_1.png,assets/targets/0052/img2_2.png,assets/targets/0052/recording1_1.mp4,assets/targets/0052/recording1_2.mp4,assets/targets/0052/recording2_1.mp4,assets/targets/0052/recording2_2.mp4,570.2567171334038,231.9134273051645,False,assets/targets/0052/outlinestim_world1_probe2_1_1.png,assets/targets/0052/outlinestim_world2_probe2_1_0.png,assets/targets/0052/outlinestim_world2_probe2_1_1.png,assets/targets/0052/outlinestim_world1_probe2_1_0.png,noteleport_consistent,2,1,1,0,brown,5d23460ad4c57900192b129c,1,assets/targets/0052/outlinestim_world1_probe2_1_0.png,0,16,False
3,10671,89,0072,assets/targets/0072/img1_1.png,assets/targets/0072/img1_2.png,assets/targets/0072/img2_1.png,assets/targets/0072/img2_2.png,assets/targets/0072/recording1_1.mp4,assets/targets/0072/recording1_2.mp4,assets/targets/0072/recording2_1.mp4,assets/targets/0072/recording2_2.mp4,263.49876924364594,480.2927000755407,False,assets/targets/0072/outlinestim_world1_probe1_1_1.png,assets/targets/0072/outlinestim_world2_probe1_1_0.png,assets/targets/0072/outlinestim_world2_probe1_1_1.png,assets/targets/0072/outlinestim_world1_probe1_1_0.png,teleport_consistent,1,1,1,0,brown,5d23460ad4c57900192b129c,1,assets/targets/0072/outlinestim_world1_probe1_1_0.png,0,89,True
4,7043,89,0064,assets/targets/0064/img1_1.png,assets/targets/0064/img1_2.png,assets/targets/0064/img2_1.png,assets/targets/0064/img2_2.png,assets/targets/0064/recording1_1.mp4,assets/targets/0064/recording1_2.mp4,assets/targets/0064/recording2_1.mp4,assets/targets/0064/recording2_2.mp4,572.435126403118,233.99006146723664,False,assets/targets/0064/outlinestim_world1_probe2_2_1.png,assets/targets/0064/outlinestim_world2_probe2_2_0.png,assets/targets/0064/outlinestim_world2_probe2_2_1.png,assets/targets/0064/outlinestim_world1_probe2_2_0.png,noteleport_consistent,2,2,2,0,brown,5d23460ad4c57900192b129c,1,assets/targets/0064/outlinestim_world2_probe2_2_0.png,0,89,True
5,7482,23,0069,assets/targets/0069/img1_1.png,assets/targets/0069/img1_2.png,assets/targets/0069/img2_1.png,assets/targets/0069/img2_2.png,assets/targets/0069/recording1_1.mp4,assets/targets/0069/recording1_2.mp4,assets/targets/0069/recording2_1.mp4,assets/targets/0069/recording2_2.mp4,45.99293272938177,282.53465008228795,False,assets/targets/0069/outlinestim_world1_probe2_1_1.png,assets/targets/0069/outlinestim_world2_probe2_1_0.png,assets/targets/0069/outlinestim_world2_probe2_1_1.png,assets/targets/0069/outlinestim_world1_probe2_1_0.png,noteleport_consistent,2,1,2,0,brown,5d23460ad4c57900192b129c,1,assets/targets/0069/outlinestim_world2_probe2_1_0.png,0,23,False
6,9304,69,0091,assets/targets/0091/img1_1.png,assets/targets/0091/img1_2.png,assets/targets/0091/img2_1.png,assets/targets/0091/img2_2.png,assets/targets/0091/recording1_1.mp4,assets/targets/0091/recording1_2.mp4,assets/targets/0091/recording2_1.mp4,assets/targets/0091/recording2_2.mp4,360.26329222466995,232.43135081432789,False,assets/targets/0091/outlinestim_world1_probe0_1_1.png,assets/targets/0091/outlinestim_world2_probe0_1_0.png,assets/targets/0091/outlinestim_world2_probe0_1_1.png,assets/targets/0091/outlinestim_world1_probe0_1_0.png,nocol,0,1,2,0,brown,5d23460ad4c57900192b129c,1,assets/targets/0091/outlinestim_world2_probe0_1_0.png,0,69,True
7,5995,18,0024,assets/targets/0024/img1_1.png,assets/targets/0024/img1_2.png,assets/targets/0024/img2_1.png,assets/targets/0024/img2_2.png,assets/targets/0024/recording1_1.mp4,assets/targets/0024/recording1_2.mp4,assets/targets/0024/recording2_1.mp4,assets/targets/0024/recording2_2.mp4,392.50547349657757,36.17405762242421,False,assets/targets/0024/outlinestim_world1_probe1_1_1.png,assets/targets/0024/outlinestim_world2_probe1_1_0.png,assets/targets/0024/outlinestim_world2_probe1_1_1.png,assets/targets/0024/outlinestim_world1_probe1_1_0.png,teleport_consistent,1,1,2,0,brown,5d23460ad4c57900192b129c,0,assets/targets/0024/outlinestim_world2_probe1_1_1.png,1,82,True
8,8648,63,0025,assets/targets/0025/img1_1.png,assets/targets/0025/img1_2.png,assets/targets/0025/img2_1.png,assets/targets/0025/img2_2.png,assets/targets/0025/recording1_1.mp4,assets/targets/0025/recording1_2.mp4,assets/targets/0025/recording2_1.mp4,assets/targets/0025/recording2_2.mp4,275.75178627094397,548.0849702817209,False,assets/targets/0025/outlinestim_world1_probe2_2_1.png,assets/targets/0025/outlinestim_world2_probe2_2_0.png,assets/targets/0025/outlinestim_world2_probe2_2_1.png,assets/targets/0025/outlinestim_world1_probe2_2_0.png,noteleport_consistent,2,2,1,0,brown,5d23460ad4c57900192b129c,0,assets/targets/0025/outlinestim_world1_probe2_2_1.png,1,37,False
0,19174,73,0045,assets/targets/0045/img1_1.png,assets/targets/0045/img1_2.png,assets/targets/0045/img2_1.png,assets/targets/0045/img2_2.png,assets/targets/0045/recording1_1.mp4,assets/targets/0045/recording1_2.mp4,assets/targets/0045/recording2_1.mp4,assets/targets/0045/recording2_2.mp4,436.6559051772762,257.95950551802974,False,assets/targets/0045/outlinestim_world1_probe1_2_1.png,assets/targets/0045/outlinestim_world2_probe1_2_0.png,assets/targets/0045/outlinestim_world2_probe1_2_1.png,assets/targets/0045/outlinestim_world1_probe1_2_0.png,teleport_consistent,1,2,2,1,blue,66cd392e838ef435024cc78e,0,assets/targets/0045/outlinestim_world1_probe1_2_1.png,1,27,False
1,9475,50,0072,assets/targets/0072/img1_1.png,assets/targets/0072/img1_2.png,assets/targets/0072/img2_1.png,assets/targets/0072/img2_2.png,assets/targets/0072/recording1_1.mp4,assets/targets/0072/recording1_2.mp4,assets/targets/0072/recording2_1.mp4,assets/targets/0072/recording2_2.mp4,263.49876924364594,480.2927000755407,False,assets/targets/0072/outlinestim_world1_probe2_1_1.png,assets/targets/0072/outlinestim_world2_probe2_1_0.png,assets/targets/0072/outlinestim_world2_probe2_1_1.png,assets/targets/0072/outlinestim_world1_probe2_1_0.png,noteleport_consistent,2,1,2,1,blue,66cd392e838ef435024cc78e,1,assets/targets/0072/outlinestim_world1_probe2_1_0.png,0,50,True
2,6634,18,0025,assets/targets/0025/img1_1.png,assets/targets/0025/img1_2.png,assets/targets/0025/img2_1.png,assets/targets/0025/img2_2.png,assets/targets/0025/recording1_1.mp4,assets/targets/0025/recording1_2.mp4,assets/targets/0025/recording2_1.mp4,assets/targets/0025/recording2_2.mp4,275.75178627094397,548.0849702817209,False,assets/targets/0025/outlinestim_world1_probe1_2_1.png,assets/targets/0025/outlinestim_world2_probe1_2_0.png,assets/targets/0025/outlinestim_world2_probe1_2_1.png,assets/targets/0025/outlinestim_world1_probe1_2_0.png,teleport_consistent,1,2,2,1,blue,66cd392e838ef435024cc78e,1,assets/targets/0025/outlinestim_world1_probe1_2_0.png,0,18,False
3,14466,25,0042,assets/targets/0042/img1_1.png,assets/targets/0042/img1_2.png,assets/targets/0042/img2_1.png,assets/targets/0042/img2_2.png,assets/targets/0042/recording1_1.mp4,assets/targets/0042/recording1_2.mp4,assets/targets/0042/recording2_1.mp4,assets/targets/0042/recording2_2.mp4,302.7180979554031,305.896846954325,False,assets/targets/0042/outlinestim_world1_probe1_1_1.png,assets/targets/0042/outlinestim_world2_probe1_1_0.png,assets/targets/0042/outlinestim_world2_probe1_1_1.png,assets/targets/0042/outlinestim_world1_probe1_1_0.png,teleport_consistent,1,1,2,1,blue,66cd392e838ef435024cc78e,1,assets/targets/0042/outlinestim_world1_probe1_1_0.png,0,25,False
4,6301,22,0091,assets/targets/0091/img1_1.png,assets/targets/0091/img1_2.png,assets/targets/0091/img2_1.png,assets/targets/0091/img2_2.png,assets/targets/0091/recording1_1.mp4,assets/targets/0091/recording1_2.mp4,assets/targets/0091/recording2_1.mp4,assets/targets/0091/recording2_2.mp4,360.26329222466995,232.43135081432789,False,assets/targets/0091/outlinestim_world1_probe2_2_1.png,assets/targets/0091/outlinestim_world2_probe2_2_0.png,assets/targets/0091/outlinestim_world2_probe2_2_1.png,assets/targets/0091/outlinestim_world1_probe2_2_0.png,noteleport_consistent,2,2,1,1,blue,66cd392e838ef435024cc78e,0,assets/targets/0091/outlinestim_world2_probe2_2_1.png,1,78,True
5,8398,79,0024,assets/targets/0024/img1_1.png,assets/targets/0024/img1_2.png,assets/targets/0024/img2_1.png,assets/targets/0024/img2_2.png,assets/targets/0024/recording1_1.mp4,assets/targets/0024/recording1_2.mp4,assets/targets/0024/recording2_1.mp4,assets/targets/0024/recording2_2.mp4,392.50547349657757,36.17405762242421,False,assets/targets/0024/outlinestim_world1_probe2_2_1.png,assets/targets/0024/outlinestim_world2_probe2_2_0.png,assets/targets/0024/outlinestim_world2_probe2_2_1.png,assets/targets/0024/outlinestim_world1_probe2_2_0.png,noteleport_consistent,2,2,2,1,blue,66cd392e838ef435024cc78e,1,assets/targets/0024/outlinestim_world1_probe2_2_0.png,0,79,True
6,6141,16,0064,assets/targets/0064/img1_1.png,assets/targets/0064/img1_2.png,assets/targets/0064/img2_1.png,assets/targets/0064/img2_2.png,assets/targets/0064/recording1_1.mp4,assets/targets/0064/recording1_2.mp4,assets/targets/0064/recording2_1.mp4,assets/targets/0064/recording2_2.mp4,572.435126403118,233.99006146723664,False,assets/targets/0064/outlinestim_world1_probe1_2_1.png,assets/targets/0064/outlinestim_world2_probe1_2_0.png,assets/targets/0064/outlinestim_world2_probe1_2_1.png,assets/targets/0064/outlinestim_world1_probe1_2_0.png,teleport_consistent,1,2,2,1,blue,66cd392e838ef435024cc78e,1,assets/targets/0064/outlinestim_world1_probe1_2_0.png,0,16,False
7,10508,19,0052,assets/targets/0052/img1_1.png,assets/targets/0052/img1_2.png,assets/targets/0052/img2_1.png,assets/targets/0052/img2_2.png,assets/targets/0052/recording1_1.mp4,assets/targets/0052/recording1_2.mp4,assets/targets/0052/recording2_1.mp4,assets/targets/0052/recording2_2.mp4,570.2567171334038,231.9134273051645,False,assets/targets/0052/outlinestim_world1_probe2_2_1.png,assets/targets/0052/outlinestim_world2_probe2_2_0.png,assets/targets/0052/outlinestim_world2_probe2_2_1.png,assets/targets/0052/outlinestim_world1_probe2_2_0.png,noteleport_consistent,2,2,2,1,blue,66cd392e838ef435024cc78e,1,assets/targets/0052/outlinestim_world1_probe2_2_0.png,0,19,False
8,10343,74,0069,assets/targets/0069/img1_1.png,assets/targets/0069/img1_2.png,assets/targets/0069/img2_1.png,assets/targets/0069/img2_2.png,assets/targets/0069/recording1_1.mp4,assets/targets/0069/recording1_2.mp4,assets/targets/0069/recording2_1.mp4,assets/targets/0069/recording2_2.mp4,45.99293272938177,282.53465008228795,False,assets/targets/0069/outlinestim_world1_probe0_1_1.png,assets/targets/0069/outlinestim_world2_probe0_1_0.png,assets/targets/0069/outlinestim_world2_probe0_1_1.png,assets/targets/0069/outlinestim_world1_probe0_1_0.png,nocol,0,1,2,1,blue,66cd392e838ef435024cc78e,1,assets/targets/0069/outlinestim_world1_probe0_1_0.png,0,74,True
0,17779,0,0045,assets/targets/0045/img1_1.png,assets/targets/0045/img1_2.png,assets/targets/0045/img2_1.png,assets/targets/0045/img2_2.png,assets/targets/0045/recording1_1.mp4,assets/targets/0045/recording1_2.mp4,assets/targets/0045/recording2_1.mp4,assets/targets/0045/recording2_2.mp4,436.6559051772762,257.95950551802974,False,assets/targets/0045/outlinestim_world1_probe1_2_1.png,assets/targets/0045/outlinestim_world2_probe1_2_0.png,assets/targets/0045/outlinestim_world2_probe1_2_1.png,assets/targets/0045/outlinestim_world1_probe1_2_0.png,teleport_consistent,1,2,1,0,brown,5b0b77a9d282ff00015b7531,0,assets/targets/0045/outlinestim_world1_probe1_2_1.png,1,100,True
1,50947,49,0064,assets/targets/0064/img1_1.png,assets/targets/0064/img1_2.png,assets/targets/0064/img2_1.png,assets/targets/0064/img2_2.png,assets/targets/0064/recording1_1.mp4,assets/targets/0064/recording1_2.mp4,assets/targets/0064/recording2_1.mp4,assets/targets/0064/recording2_2.mp4,572.435126403118,233.99006146723664,False,assets/targets/0064/outlinestim_world1_probe1_1_1.png,assets/targets/0064/outlinestim_world2_probe1_1_0.png,assets/targets/0064/outlinestim_world2_probe1_1_1.png,assets/targets/0064/outlinestim_world1_probe1_1_0.png,teleport_consistent,1,1,2,0,brown,5b0b77a9d282ff00015b7531,1,assets/targets/0064/outlinestim_world2_probe1_1_0.png,0,49,False
2,41031,49,0069,assets/targets/0069/img1_1.png,assets/targets/0069/img1_2.png,assets/targets/0069/img2_1.png,assets/targets/0069/img2_2.png,assets/targets/0069/recording1_1.mp4,assets/targets/0069/recording1_2.mp4,assets/targets/0069/recording2_1.mp4,assets/targets/0069/recording2_2.mp4,45.99293272938177,282.53465008228795,False,assets/targets/0069/outlinestim_world1_probe1_1_1.png,assets/targets/0069/outlinestim_world2_probe1_1_0.png,assets/targets/0069/outlinestim_world2_probe1_1_1.png,assets/targets/0069/outlinestim_world1_probe1_1_0.png,teleport_consistent,1,1,2,0,brown,5b0b77a9d282ff00015b7531,0,assets/targets/0069/outlinestim_world2_probe1_1_1.png,1,51,True
3,6644,66,0025,assets/targets/0025/img1_1.png,assets/targets/0025/img1_2.png,assets/targets/0025/img2_1.png,assets/targets/0025/img2_2.png,assets/targets/0025/recording1_1.mp4,assets/targets/0025/recording1_2.mp4,assets/targets/0025/recording2_1.mp4,assets/targets/0025/recording2_2.mp4,275.75178627094397,548.0849702817209,False,assets/targets/0025/outlinestim_world1_probe0_1_1.png,assets/targets/0025/outlinestim_world2_probe0_1_0.png,assets/targets/0025/outlinestim_world2_probe0_1_1.png,assets/targets/0025/outlinestim_world1_probe0_1_0.png,nocol,0,1,1,0,brown,5b0b77a9d282ff00015b7531,0,assets/targets/0025/outlinestim_world1_probe0_1_1.png,1,34,False
4,11283,69,0052,assets/targets/0052/img1_1.png,assets/targets/0052/img1_2.png,assets/targets/0052/img2_1.png,assets/targets/0052/img2_2.png,assets/targets/0052/recording1_1.mp4,assets/targets/0052/recording1_2.mp4,assets/targets/0052/recording2_1.mp4,assets/targets/0052/recording2_2.mp4,570.2567171334038,231.9134273051645,False,assets/targets/0052/outlinestim_world1_probe0_1_1.png,assets/targets/0052/outlinestim_world2_probe0_1_0.png,assets/targets/0052/outlinestim_world2_probe0_1_1.png,assets/targets/0052/outlinestim_world1_probe0_1_0.png,nocol,0,1,1,0,brown,5b0b77a9d282ff00015b7531,0,assets/targets/0052/outlinestim_world1_probe0_1_1.png,1,31,False
5,4209,30,0042,assets/targets/0042/img1_1.png,assets/targets/0042/img1_2.png,assets/targets/0042/img2_1.png,assets/targets/0042/img2_2.png,assets/targets/0042/recording1_1.mp4,assets/targets/0042/recording1_2.mp4,assets/targets/0042/recording2_1.mp4,assets/targets/0042/recording2_2.mp4,302.7180979554031,305.896846954325,False,assets/targets/0042/outlinestim_world1_probe0_2_1.png,assets/targets/0042/outlinestim_world2_probe0_2_0.png,assets/targets/0042/outlinestim_world2_probe0_2_1.png,assets/targets/0042/outlinestim_world1_probe0_2_0.png,nocol,0,2,1,0,brown,5b0b77a9d282ff00015b7531,0,assets/targets/0042/outlinestim_world1_probe0_2_1.png,1,70,True
6,4414,50,0024,assets/targets/0024/img1_1.png,assets/targets/0024/img1_2.png,assets/targets/0024/img2_1.png,assets/targets/0024/img2_2.png,assets/targets/0024/recording1_1.mp4,assets/targets/0024/recording1_2.mp4,assets/targets/0024/recording2_1.mp4,assets/targets/0024/recording2_2.mp4,392.50547349657757,36.17405762242421,False,assets/targets/0024/outlinestim_world1_probe1_1_1.png,assets/targets/0024/outlinestim_world2_probe1_1_0.png,assets/targets/0024/outlinestim_world2_probe1_1_1.png,assets/targets/0024/outlinestim_world1_probe1_1_0.png,teleport_consistent,1,1,2,0,brown,5b0b77a9d282ff00015b7531,0,assets/targets/0024/outlinestim_world2_probe1_1_1.png,1,50,True
7,23188,4,0072,assets/targets/0072/img1_1.png,assets/targets/0072/img1_2.png,assets/targets/0072/img2_1.png,assets/targets/0072/img2_2.png,assets/targets/0072/recording1_1.mp4,assets/targets/0072/recording1_2.mp4,assets/targets/0072/recording2_1.mp4,assets/targets/0072/recording2_2.mp4,263.49876924364594,480.2927000755407,False,assets/targets/0072/outlinestim_world1_probe2_1_1.png,assets/targets/0072/outlinestim_world2_probe2_1_0.png,assets/targets/0072/outlinestim_world2_probe2_1_1.png,assets/targets/0072/outlinestim_world1_probe2_1_0.png,noteleport_consistent,2,1,2,0,brown,5b0b77a9d282ff00015b7531,0,assets/targets/0072/outlinestim_world2_probe2_1_1.png,1,96,True
8,38221,61,0091,assets/targets/0091/img1_1.png,assets/targets/0091/img1_2.png,assets/targets/0091/img2_1.png,assets/targets/0091/img2_2.png,assets/targets/0091/recording1_1.mp4,assets/targets/0091/recording1_2.mp4,assets/targets/0091/recording2_1.mp4,assets/targets/0091/recording2_2.mp4,360.26329222466995,232.43135081432789,False,assets/targets/0091/outlinestim_world1_probe2_1_1.png,assets/targets/0091/outlinestim_world2_probe2_1_0.png,assets/targets/0091/outlinestim_world2_probe2_1_1.png,assets/targets/0091/outlinestim_world1_probe2_1_0.png,noteleport_consistent,2,1,2,0,brown,5b0b77a9d282ff00015b7531,1,assets/targets/0091/outlinestim_world2_probe2_1_0.png,0,61,True
0,42909,50,0072,assets/targets/0072/img1_1.png,assets/targets/0072/img1_2.png,assets/targets/0072/img2_1.png,assets/targets/0072/img2_2.png,assets/targets/0072/recording1_1.mp4,assets/targets/0072/recording1_2.mp4,assets/targets/0072/recording2_1.mp4,assets/targets/0072/recording2_2.mp4,263.49876924364594,480.2927000755407,False,assets/targets/0072/outlinestim_world1_probe0_2_1.png,assets/targets/0072/outlinestim_world2_probe0_2_0.png,assets/targets/0072/outlinestim_world2_probe0_2_1.png,assets/targets/0072/outlinestim_world1_probe0_2_0.png,nocol,0,2,2,0,brown,5fc2a5c0ddfca10169395662,0,assets/targets/0072/outlinestim_world2_probe0_2_1.png,1,50,True
1,26500,83,0091,assets/targets/0091/img1_1.png,assets/targets/0091/img1_2.png,assets/targets/0091/img2_1.png,assets/targets/0091/img2_2.png,assets/targets/0091/recording1_1.mp4,assets/targets/0091/recording1_2.mp4,assets/targets/0091/recording2_1.mp4,assets/targets/0091/recording2_2.mp4,360.26329222466995,232.43135081432789,False,assets/targets/0091/outlinestim_world1_probe1_2_1.png,assets/targets/0091/outlinestim_world2_probe1_2_0.png,assets/targets/0091/outlinestim_world2_probe1_2_1.png,assets/targets/0091/outlinestim_world1_probe1_2_0.png,teleport_consistent,1,2,1,0,brown,5fc2a5c0ddfca10169395662,1,assets/targets/0091/outlinestim_world1_probe1_2_0.png,0,83,True
2,10139,49,0024,assets/targets/0024/img1_1.png,assets/targets/0024/img1_2.png,assets/targets/0024/img2_1.png,assets/targets/0024/img2_2.png,assets/targets/0024/recording1_1.mp4,assets/targets/0024/recording1_2.mp4,assets/targets/0024/recording2_1.mp4,assets/targets/0024/recording2_2.mp4,392.50547349657757,36.17405762242421,False,assets/targets/0024/outlinestim_world1_probe0_2_1.png,assets/targets/0024/outlinestim_world2_probe0_2_0.png,assets/targets/0024/outlinestim_world2_probe0_2_1.png,assets/targets/0024/outlinestim_world1_probe0_2_0.png,nocol,0,2,2,0,brown,5fc2a5c0ddfca10169395662,1,assets/targets/0024/outlinestim_world2_probe0_2_0.png,0,49,False
3,31312,29,0042,assets/targets/0042/img1_1.png,assets/targets/0042/img1_2.png,assets/targets/0042/img2_1.png,assets/targets/0042/img2_2.png,assets/targets/0042/recording1_1.mp4,assets/targets/0042/recording1_2.mp4,assets/targets/0042/recording2_1.mp4,assets/targets/0042/recording2_2.mp4,302.7180979554031,305.896846954325,False,assets/targets/0042/outlinestim_world1_probe0_1_1.png,assets/targets/0042/outlinestim_world2_probe0_1_0.png,assets/targets/0042/outlinestim_world2_probe0_1_1.png,assets/targets/0042/outlinestim_world1_probe0_1_0.png,nocol,0,1,1,0,brown,5fc2a5c0ddfca10169395662,1,assets/targets/0042/outlinestim_world1_probe0_1_0.png,0,29,False
4,5867,50,0064,assets/targets/0064/img1_1.png,assets/targets/0064/img1_2.png,assets/targets/0064/img2_1.png,assets/targets/0064/img2_2.png,assets/targets/0064/recording1_1.mp4,assets/targets/0064/recording1_2.mp4,assets/targets/0064/recording2_1.mp4,assets/targets/0064/recording2_2.mp4,572.435126403118,233.99006146723664,False,assets/targets/0064/outlinestim_world1_probe0_2_1.png,assets/targets/0064/outlinestim_world2_probe0_2_0.png,assets/targets/0064/outlinestim_world2_probe0_2_1.png,assets/targets/0064/outlinestim_world1_probe0_2_0.png,nocol,0,2,2,0,brown,5fc2a5c0ddfca10169395662,0,assets/targets/0064/outlinestim_world2_probe0_2_1.png,1,50,True
5,10158,50,0025,assets/targets/0025/img1_1.png,assets/targets/0025/img1_2.png,assets/targets/0025/img2_1.png,assets/targets/0025/img2_2.png,assets/targets/0025/recording1_1.mp4,assets/targets/0025/recording1_2.mp4,assets/targets/0025/recording2_1.mp4,assets/targets/0025/recording2_2.mp4,275.75178627094397,548.0849702817209,False,assets/targets/0025/outlinestim_world1_probe0_1_1.png,assets/targets/0025/outlinestim_world2_probe0_1_0.png,assets/targets/0025/outlinestim_world2_probe0_1_1.png,assets/targets/0025/outlinestim_world1_probe0_1_0.png,nocol,0,1,1,0,brown,5fc2a5c0ddfca10169395662,1,assets/targets/0025/outlinestim_world1_probe0_1_0.png,0,50,True
6,12388,50,0052,assets/targets/0052/img1_1.png,assets/targets/0052/img1_2.png,assets/targets/0052/img2_1.png,assets/targets/0052/img2_2.png,assets/targets/0052/recording1_1.mp4,assets/targets/0052/recording1_2.mp4,assets/targets/0052/recording2_1.mp4,assets/targets/0052/recording2_2.mp4,570.2567171334038,231.9134273051645,False,assets/targets/0052/outlinestim_world1_probe1_1_1.png,assets/targets/0052/outlinestim_world2_probe1_1_0.png,assets/targets/0052/outlinestim_world2_probe1_1_1.png,assets/targets/0052/outlinestim_world1_probe1_1_0.png,teleport_consistent,1,1,2,0,brown,5fc2a5c0ddfca10169395662,0,assets/targets/0052/outlinestim_world2_probe1_1_1.png,1,50,True
7,11184,51,0045,assets/targets/0045/img1_1.png,assets/targets/0045/img1_2.png,assets/targets/0045/img2_1.png,assets/targets/0045/img2_2.png,assets/targets/0045/recording1_1.mp4,assets/targets/0045/recording1_2.mp4,assets/targets/0045/recording2_1.mp4,assets/targets/0045/recording2_2.mp4,436.6559051772762,257.95950551802974,False,assets/targets/0045/outlinestim_world1_probe2_2_1.png,assets/targets/0045/outlinestim_world2_probe2_2_0.png,assets/targets/0045/outlinestim_world2_probe2_2_1.png,assets/targets/0045/outlinestim_world1_probe2_2_0.png,noteleport_consistent,2,2,1,0,brown,5fc2a5c0ddfca10169395662,0,assets/targets/0045/outlinestim_world1_probe2_2_1.png,1,49,False
8,23943,50,0069,assets/targets/0069/img1_1.png,assets/targets/0069/img1_2.png,assets/targets/0069/img2_1.png,assets/targets/0069/img2_2.png,assets/targets/0069/recording1_1.mp4,assets/targets/0069/recording1_2.mp4,assets/targets/0069/recording2_1.mp4,assets/targets/0069/recording2_2.mp4,45.99293272938177,282.53465008228795,False,assets/targets/0069/outlinestim_world1_probe1_1_1.png,assets/targets/0069/outlinestim_world2_probe1_1_0.png,assets/targets/0069/outlinestim_world2_probe1_1_1.png,assets/targets/0069/outlinestim_world1_probe1_1_0.png,teleport_consistent,1,1,1,0,brown,5fc2a5c0ddfca10169395662,0,assets/targets/0069/outlinestim_world1_probe1_1_1.png,1,50,True
0,22334,16,0091,assets/targets/0091/img1_1.png,assets/targets/0091/img1_2.png,assets/targets/0091/img2_1.png,assets/targets/0091/img2_2.png,assets/targets/0091/recording1_1.mp4,assets/targets/0091/recording1_2.mp4,assets/targets/0091/recording2_1.mp4,assets/targets/0091/recording2_2.mp4,360.26329222466995,232.43135081432789,False,assets/targets/0091/outlinestim_world1_probe1_1_1.png,assets/targets/0091/outlinestim_world2_probe1_1_0.png,assets/targets/0091/outlinestim_world2_probe1_1_1.png,assets/targets/0091/outlinestim_world1_probe1_1_0.png,teleport_consistent,1,1,2,1,blue,558bbd56fdf99b2127e1f359,1,assets/targets/0091/outlinestim_world1_probe1_1_0.png,0,16,False
1,7326,51,0064,assets/targets/0064/img1_1.png,assets/targets/0064/img1_2.png,assets/targets/0064/img2_1.png,assets/targets/0064/img2_2.png,assets/targets/0064/recording1_1.mp4,assets/targets/0064/recording1_2.mp4,assets/targets/0064/recording2_1.mp4,assets/targets/0064/recording2_2.mp4,572.435126403118,233.99006146723664,False,assets/targets/0064/outlinestim_world1_probe2_2_1.png,assets/targets/0064/outlinestim_world2_probe2_2_0.png,assets/targets/0064/outlinestim_world2_probe2_2_1.png,assets/targets/0064/outlinestim_world1_probe2_2_0.png,noteleport_consistent,2,2,2,1,blue,558bbd56fdf99b2127e1f359,1,assets/targets/0064/outlinestim_world1_probe2_2_0.png,0,51,True
2,10862,95,0052,assets/targets/0052/img1_1.png,assets/targets/0052/img1_2.png,assets/targets/0052/img2_1.png,assets/targets/0052/img2_2.png,assets/targets/0052/recording1_1.mp4,assets/targets/0052/recording1_2.mp4,assets/targets/0052/recording2_1.mp4,assets/targets/0052/recording2_2.mp4,570.2567171334038,231.9134273051645,False,assets/targets/0052/outlinestim_world1_probe2_1_1.png,assets/targets/0052/outlinestim_world2_probe2_1_0.png,assets/targets/0052/outlinestim_world2_probe2_1_1.png,assets/targets/0052/outlinestim_world1_probe2_1_0.png,noteleport_consistent,2,1,2,1,blue,558bbd56fdf99b2127e1f359,1,assets/targets/0052/outlinestim_world1_probe2_1_0.png,0,95,True
3,6308,50,0072,assets/targets/0072/img1_1.png,assets/targets/0072/img1_2.png,assets/targets/0072/img2_1.png,assets/targets/0072/img2_2.png,assets/targets/0072/recording1_1.mp4,assets/targets/0072/recording1_2.mp4,assets/targets/0072/recording2_1.mp4,assets/targets/0072/recording2_2.mp4,263.49876924364594,480.2927000755407,False,assets/targets/0072/outlinestim_world1_probe1_2_1.png,assets/targets/0072/outlinestim_world2_probe1_2_0.png,assets/targets/0072/outlinestim_world2_probe1_2_1.png,assets/targets/0072/outlinestim_world1_probe1_2_0.png,teleport_consistent,1,2,1,1,blue,558bbd56fdf99b2127e1f359,1,assets/targets/0072/outlinestim_world2_probe1_2_0.png,0,50,True
4,4978,50,0042,assets/targets/0042/img1_1.png,assets/targets/0042/img1_2.png,assets/targets/0042/img2_1.png,assets/targets/0042/img2_2.png,assets/targets/0042/recording1_1.mp4,assets/targets/0042/recording1_2.mp4,assets/targets/0042/recording2_1.mp4,assets/targets/0042/recording2_2.mp4,302.7180979554031,305.896846954325,False,assets/targets/0042/outlinestim_world1_probe0_1_1.png,assets/targets/0042/outlinestim_world2_probe0_1_0.png,assets/targets/0042/outlinestim_world2_probe0_1_1.png,assets/targets/0042/outlinestim_world1_probe0_1_0.png,nocol,0,1,1,1,blue,558bbd56fdf99b2127e1f359,0,assets/targets/0042/outlinestim_world2_probe0_1_1.png,1,50,True
5,4163,50,0025,assets/targets/0025/img1_1.png,assets/targets/0025/img1_2.png,assets/targets/0025/img2_1.png,assets/targets/0025/img2_2.png,assets/targets/0025/recording1_1.mp4,assets/targets/0025/recording1_2.mp4,assets/targets/0025/recording2_1.mp4,assets/targets/0025/recording2_2.mp4,275.75178627094397,548.0849702817209,False,assets/targets/0025/outlinestim_world1_probe0_2_1.png,assets/targets/0025/outlinestim_world2_probe0_2_0.png,assets/targets/0025/outlinestim_world2_probe0_2_1.png,assets/targets/0025/outlinestim_world1_probe0_2_0.png,nocol,0,2,2,1,blue,558bbd56fdf99b2127e1f359,1,assets/targets/0025/outlinestim_world1_probe0_2_0.png,0,50,True
6,4223,50,0069,assets/targets/0069/img1_1.png,assets/targets/0069/img1_2.png,assets/targets/0069/img2_1.png,assets/targets/0069/img2_2.png,assets/targets/0069/recording1_1.mp4,assets/targets/0069/recording1_2.mp4,assets/targets/0069/recording2_1.mp4,assets/targets/0069/recording2_2.mp4,45.99293272938177,282.53465008228795,False,assets/targets/0069/outlinestim_world1_probe0_2_1.png,assets/targets/0069/outlinestim_world2_probe0_2_0.png,assets/targets/0069/outlinestim_world2_probe0_2_1.png,assets/targets/0069/outlinestim_world1_probe0_2_0.png,nocol,0,2,2,1,blue,558bbd56fdf99b2127e1f359,1,assets/targets/0069/outlinestim_world1_probe0_2_0.png,0,50,True
7,10981,13,0024,assets/targets/0024/img1_1.png,assets/targets/0024/img1_2.png,assets/targets/0024/img2_1.png,assets/targets/0024/img2_2.png,assets/targets/0024/recording1_1.mp4,assets/targets/0024/recording1_2.mp4,assets/targets/0024/recording2_1.mp4,assets/targets/0024/recording2_2.mp4,392.50547349657757,36.17405762242421,False,assets/targets/0024/outlinestim_world1_probe2_2_1.png,assets/targets/0024/outlinestim_world2_probe2_2_0.png,assets/targets/0024/outlinestim_world2_probe2_2_1.png,assets/targets/0024/outlinestim_world1_probe2_2_0.png,noteleport_consistent,2,2,2,1,blue,558bbd56fdf99b2127e1f359,0,assets/targets/0024/outlinestim_world1_probe2_2_1.png,1,87,True
8,10023,81,0045,assets/targets/0045/img1_1.png,assets/targets/0045/img1_2.png,assets/targets/0045/img2_1.png,assets/targets/0045/img2_2.png,assets/targets/0045/recording1_1.mp4,assets/targets/0045/recording1_2.mp4,assets/targets/0045/recording2_1.mp4,assets/targets/0045/recording2_2.mp4,436.6559051772762,257.95950551802974,False,assets/targets/0045/outlinestim_world1_probe1_2_1.png,assets/targets/0045/outlinestim_world2_probe1_2_0.png,assets/targets/0045/outlinestim_world2_probe1_2_1.png,assets/targets/0045/outlinestim_world1_probe1_2_0.png,teleport_consistent,1,2,1,1,blue,558bbd56fdf99b2127e1f359,1,assets/targets/0045/outlinestim_world2_probe1_2_0.png,0,81,True
0,75782,65,0024,assets/targets/0024/img1_1.png,assets/targets/0024/img1_2.png,assets/targets/0024/img2_1.png,assets/targets/0024/img2_2.png,assets/targets/0024/recording1_1.mp4,assets/targets/0024/recording1_2.mp4,assets/targets/0024/recording2_1.mp4,assets/targets/0024/recording2_2.mp4,392.50547349657757,36.17405762242421,False,assets/targets/0024/outlinestim_world1_probe2_2_1.png,assets/targets/0024/outlinestim_world2_probe2_2_0.png,assets/targets/0024/outlinestim_world2_probe2_2_1.png,assets/targets/0024/outlinestim_world1_probe2_2_0.png,noteleport_consistent,2,2,2,0,brown,631745e629b21fca01e626d0,0,assets/targets/0024/outlinestim_world2_probe2_2_1.png,1,35,False
1,32713,31,0069,assets/targets/0069/img1_1.png,assets/targets/0069/img1_2.png,assets/targets/0069/img2_1.png,assets/targets/0069/img2_2.png,assets/targets/0069/recording1_1.mp4,assets/targets/0069/recording1_2.mp4,assets/targets/0069/recording2_1.mp4,assets/targets/0069/recording2_2.mp4,45.99293272938177,282.53465008228795,False,assets/targets/0069/outlinestim_world1_probe2_2_1.png,assets/targets/0069/outlinestim_world2_probe2_2_0.png,assets/targets/0069/outlinestim_world2_probe2_2_1.png,assets/targets/0069/outlinestim_world1_probe2_2_0.png,noteleport_consistent,2,2,1,0,brown,631745e629b21fca01e626d0,0,assets/targets/0069/outlinestim_world1_probe2_2_1.png,1,69,True
2,43558,72,0064,assets/targets/0064/img1_1.png,assets/targets/0064/img1_2.png,assets/targets/0064/img2_1.png,assets/targets/0064/img2_2.png,assets/targets/0064/recording1_1.mp4,assets/targets/0064/recording1_2.mp4,assets/targets/0064/recording2_1.mp4,assets/targets/0064/recording2_2.mp4,572.435126403118,233.99006146723664,False,assets/targets/0064/outlinestim_world1_probe0_1_1.png,assets/targets/0064/outlinestim_world2_probe0_1_0.png,assets/targets/0064/outlinestim_world2_probe0_1_1.png,assets/targets/0064/outlinestim_world1_probe0_1_0.png,nocol,0,1,1,0,brown,631745e629b21fca01e626d0,0,assets/targets/0064/outlinestim_world1_probe0_1_1.png,1,28,False
3,5488,66,0045,assets/targets/0045/img1_1.png,assets/targets/0045/img1_2.png,assets/targets/0045/img2_1.png,assets/targets/0045/img2_2.png,assets/targets/0045/recording1_1.mp4,assets/targets/0045/recording1_2.mp4,assets/targets/0045/recording2_1.mp4,assets/targets/0045/recording2_2.mp4,436.6559051772762,257.95950551802974,False,assets/targets/0045/outlinestim_world1_probe0_2_1.png,assets/targets/0045/outlinestim_world2_probe0_2_0.png,assets/targets/0045/outlinestim_world2_probe0_2_1.png,assets/targets/0045/outlinestim_world1_probe0_2_0.png,nocol,0,2,1,0,brown,631745e629b21fca01e626d0,0,assets/targets/0045/outlinestim_world1_probe0_2_1.png,1,34,False
4,3416,25,0025,assets/targets/0025/img1_1.png,assets/targets/0025/img1_2.png,assets/targets/0025/img2_1.png,assets/targets/0025/img2_2.png,assets/targets/0025/recording1_1.mp4,assets/targets/0025/recording1_2.mp4,assets/targets/0025/recording2_1.mp4,assets/targets/0025/recording2_2.mp4,275.75178627094397,548.0849702817209,False,assets/targets/0025/outlinestim_world1_probe1_1_1.png,assets/targets/0025/outlinestim_world2_probe1_1_0.png,assets/targets/0025/outlinestim_world2_probe1_1_1.png,assets/targets/0025/outlinestim_world1_probe1_1_0.png,teleport_consistent,1,1,2,0,brown,631745e629b21fca01e626d0,1,assets/targets/0025/outlinestim_world2_probe1_1_0.png,0,25,False
5,89596,5,0072,assets/targets/0072/img1_1.png,assets/targets/0072/img1_2.png,assets/targets/0072/img2_1.png,assets/targets/0072/img2_2.png,assets/targets/0072/recording1_1.mp4,assets/targets/0072/recording1_2.mp4,assets/targets/0072/recording2_1.mp4,assets/targets/0072/recording2_2.mp4,263.49876924364594,480.2927000755407,False,assets/targets/0072/outlinestim_world1_probe0_2_1.png,assets/targets/0072/outlinestim_world2_probe0_2_0.png,assets/targets/0072/outlinestim_world2_probe0_2_1.png,assets/targets/0072/outlinestim_world1_probe0_2_0.png,nocol,0,2,1,0,brown,631745e629b21fca01e626d0,1,assets/targets/0072/outlinestim_world1_probe0_2_0.png,0,5,False
6,3932,57,0091,assets/targets/0091/img1_1.png,assets/targets/0091/img1_2.png,assets/targets/0091/img2_1.png,assets/targets/0091/img2_2.png,assets/targets/0091/recording1_1.mp4,assets/targets/0091/recording1_2.mp4,assets/targets/0091/recording2_1.mp4,assets/targets/0091/recording2_2.mp4,360.26329222466995,232.43135081432789,False,assets/targets/0091/outlinestim_world1_probe0_2_1.png,assets/targets/0091/outlinestim_world2_probe0_2_0.png,assets/targets/0091/outlinestim_world2_probe0_2_1.png,assets/targets/0091/outlinestim_world1_probe0_2_0.png,nocol,0,2,1,0,brown,631745e629b21fca01e626d0,1,assets/targets/0091/outlinestim_world1_probe0_2_0.png,0,57,True
7,6904,78,0052,assets/targets/0052/img1_1.png,assets/targets/0052/img1_2.png,assets/targets/0052/img2_1.png,assets/targets/0052/img2_2.png,assets/targets/0052/recording1_1.mp4,assets/targets/0052/recording1_2.mp4,assets/targets/0052/recording2_1.mp4,assets/targets/0052/recording2_2.mp4,570.2567171334038,231.9134273051645,False,assets/targets/0052/outlinestim_world1_probe0_2_1.png,assets/targets/0052/outlinestim_world2_probe0_2_0.png,assets/targets/0052/outlinestim_world2_probe0_2_1.png,assets/targets/0052/outlinestim_world1_probe0_2_0.png,nocol,0,2,1,0,brown,631745e629b21fca01e626d0,0,assets/targets/0052/outlinestim_world1_probe0_2_1.png,1,22,False
8,22118,8,0042,assets/targets/0042/img1_1.png,assets/targets/0042/img1_2.png,assets/targets/0042/img2_1.png,assets/targets/0042/img2_2.png,assets/targets/0042/recording1_1.mp4,assets/targets/0042/recording1_2.mp4,assets/targets/0042/recording2_1.mp4,assets/targets/0042/recording2_2.mp4,302.7180979554031,305.896846954325,False,assets/targets/0042/outlinestim_world1_probe1_1_1.png,assets/targets/0042/outlinestim_world2_probe1_1_0.png,assets/targets/0042/outlinestim_world2_probe1_1_1.png,assets/targets/0042/outlinestim_world1_probe1_1_0.png,teleport_consistent,1,1,1,0,brown,631745e629b21fca01e626d0,1,assets/targets/0042/outlinestim_world1_probe1_1_0.png,0,8,False
0,45125,99,0045,assets/targets/0045/img1_1.png,assets/targets/0045/img1_2.png,assets/targets/0045/img2_1.png,assets/targets/0045/img2_2.png,assets/targets/0045/recording1_1.mp4,assets/targets/0045/recording1_2.mp4,assets/targets/0045/recording2_1.mp4,assets/targets/0045/recording2_2.mp4,436.6559051772762,257.95950551802974,False,assets/targets/0045/outlinestim_world1_probe1_2_1.png,assets/targets/0045/outlinestim_world2_probe1_2_0.png,assets/targets/0045/outlinestim_world2_probe1_2_1.png,assets/targets/0045/outlinestim_world1_probe1_2_0.png,teleport_consistent,1,2,1,0,brown,60fd56db5fe37ebeca00bc83,1,assets/targets/0045/outlinestim_world1_probe1_2_0.png,0,99,True
1,39763,5,0069,assets/targets/0069/img1_1.png,assets/targets/0069/img1_2.png,assets/targets/0069/img2_1.png,assets/targets/0069/img2_2.png,assets/targets/0069/recording1_1.mp4,assets/targets/0069/recording1_2.mp4,assets/targets/0069/recording2_1.mp4,assets/targets/0069/recording2_2.mp4,45.99293272938177,282.53465008228795,False,assets/targets/0069/outlinestim_world1_probe1_1_1.png,assets/targets/0069/outlinestim_world2_probe1_1_0.png,assets/targets/0069/outlinestim_world2_probe1_1_1.png,assets/targets/0069/outlinestim_world1_probe1_1_0.png,teleport_consistent,1,1,1,0,brown,60fd56db5fe37ebeca00bc83,0,assets/targets/0069/outlinestim_world1_probe1_1_1.png,1,95,True
2,30299,99,0024,assets/targets/0024/img1_1.png,assets/targets/0024/img1_2.png,assets/targets/0024/img2_1.png,assets/targets/0024/img2_2.png,assets/targets/0024/recording1_1.mp4,assets/targets/0024/recording1_2.mp4,assets/targets/0024/recording2_1.mp4,assets/targets/0024/recording2_2.mp4,392.50547349657757,36.17405762242421,False,assets/targets/0024/outlinestim_world1_probe2_1_1.png,assets/targets/0024/outlinestim_world2_probe2_1_0.png,assets/targets/0024/outlinestim_world2_probe2_1_1.png,assets/targets/0024/outlinestim_world1_probe2_1_0.png,noteleport_consistent,2,1,2,0,brown,60fd56db5fe37ebeca00bc83,1,assets/targets/0024/outlinestim_world2_probe2_1_0.png,0,99,True
3,25638,99,0091,assets/targets/0091/img1_1.png,assets/targets/0091/img1_2.png,assets/targets/0091/img2_1.png,assets/targets/0091/img2_2.png,assets/targets/0091/recording1_1.mp4,assets/targets/0091/recording1_2.mp4,assets/targets/0091/recording2_1.mp4,assets/targets/0091/recording2_2.mp4,360.26329222466995,232.43135081432789,False,assets/targets/0091/outlinestim_world1_probe0_1_1.png,assets/targets/0091/outlinestim_world2_probe0_1_0.png,assets/targets/0091/outlinestim_world2_probe0_1_1.png,assets/targets/0091/outlinestim_world1_probe0_1_0.png,nocol,0,1,2,0,brown,60fd56db5fe37ebeca00bc83,1,assets/targets/0091/outlinestim_world2_probe0_1_0.png,0,99,True
4,27936,100,0052,assets/targets/0052/img1_1.png,assets/targets/0052/img1_2.png,assets/targets/0052/img2_1.png,assets/targets/0052/img2_2.png,assets/targets/0052/recording1_1.mp4,assets/targets/0052/recording1_2.mp4,assets/targets/0052/recording2_1.mp4,assets/targets/0052/recording2_2.mp4,570.2567171334038,231.9134273051645,False,assets/targets/0052/outlinestim_world1_probe0_2_1.png,assets/targets/0052/outlinestim_world2_probe0_2_0.png,assets/targets/0052/outlinestim_world2_probe0_2_1.png,assets/targets/0052/outlinestim_world1_probe0_2_0.png,nocol,0,2,1,0,brown,60fd56db5fe37ebeca00bc83,1,assets/targets/0052/outlinestim_world1_probe0_2_0.png,0,100,True
5,23754,97,0072,assets/targets/0072/img1_1.png,assets/targets/0072/img1_2.png,assets/targets/0072/img2_1.png,assets/targets/0072/img2_2.png,assets/targets/0072/recording1_1.mp4,assets/targets/0072/recording1_2.mp4,assets/targets/0072/recording2_1.mp4,assets/targets/0072/recording2_2.mp4,263.49876924364594,480.2927000755407,False,assets/targets/0072/outlinestim_world1_probe0_1_1.png,assets/targets/0072/outlinestim_world2_probe0_1_0.png,assets/targets/0072/outlinestim_world2_probe0_1_1.png,assets/targets/0072/outlinestim_world1_probe0_1_0.png,nocol,0,1,1,0,brown,60fd56db5fe37ebeca00bc83,1,assets/targets/0072/outlinestim_world1_probe0_1_0.png,0,97,True
6,21373,1,0025,assets/targets/0025/img1_1.png,assets/targets/0025/img1_2.png,assets/targets/0025/img2_1.png,assets/targets/0025/img2_2.png,assets/targets/0025/recording1_1.mp4,assets/targets/0025/recording1_2.mp4,assets/targets/0025/recording2_1.mp4,assets/targets/0025/recording2_2.mp4,275.75178627094397,548.0849702817209,False,assets/targets/0025/outlinestim_world1_probe0_2_1.png,assets/targets/0025/outlinestim_world2_probe0_2_0.png,assets/targets/0025/outlinestim_world2_probe0_2_1.png,assets/targets/0025/outlinestim_world1_probe0_2_0.png,nocol,0,2,1,0,brown,60fd56db5fe37ebeca00bc83,0,assets/targets/0025/outlinestim_world1_probe0_2_1.png,1,99,True
7,20627,97,0064,assets/targets/0064/img1_1.png,assets/targets/0064/img1_2.png,assets/targets/0064/img2_1.png,assets/targets/0064/img2_2.png,assets/targets/0064/recording1_1.mp4,assets/targets/0064/recording1_2.mp4,assets/targets/0064/recording2_1.mp4,assets/targets/0064/recording2_2.mp4,572.435126403118,233.99006146723664,False,assets/targets/0064/outlinestim_world1_probe2_2_1.png,assets/targets/0064/outlinestim_world2_probe2_2_0.png,assets/targets/0064/outlinestim_world2_probe2_2_1.png,assets/targets/0064/outlinestim_world1_probe2_2_0.png,noteleport_consistent,2,2,1,0,brown,60fd56db5fe37ebeca00bc83,1,assets/targets/0064/outlinestim_world1_probe2_2_0.png,0,97,True
8,24185,99,0042,assets/targets/0042/img1_1.png,assets/targets/0042/img1_2.png,assets/targets/0042/img2_1.png,assets/targets/0042/img2_2.png,assets/targets/0042/recording1_1.mp4,assets/targets/0042/recording1_2.mp4,assets/targets/0042/recording2_1.mp4,assets/targets/0042/recording2_2.mp4,302.7180979554031,305.896846954325,False,assets/targets/0042/outlinestim_world1_probe2_2_1.png,assets/targets/0042/outlinestim_world2_probe2_2_0.png,assets/targets/0042/outlinestim_world2_probe2_2_1.png,assets/targets/0042/outlinestim_world1_probe2_2_0.png,noteleport_consistent,2,2,1,0,brown,60fd56db5fe37ebeca00bc83,1,assets/targets/0042/outlinestim_world1_probe2_2_0.png,0,99,True
0,42551,79,0042,assets/targets/0042/img1_1.png,assets/targets/0042/img1_2.png,assets/targets/0042/img2_1.png,assets/targets/0042/img2_2.png,assets/targets/0042/recording1_1.mp4,assets/targets/0042/recording1_2.mp4,assets/targets/0042/recording2_1.mp4,assets/targets/0042/recording2_2.mp4,302.7180979554031,305.896846954325,False,assets/targets/0042/outlinestim_world1_probe1_1_1.png,assets/targets/0042/outlinestim_world2_probe1_1_0.png,assets/targets/0042/outlinestim_world2_probe1_1_1.png,assets/targets/0042/outlinestim_world1_probe1_1_0.png,teleport_consistent,1,1,1,0,brown,5ea72b8aedd4c90da065607c,1,assets/targets/0042/outlinestim_world1_probe1_1_0.png,0,79,True
1,19557,43,0064,assets/targets/0064/img1_1.png,assets/targets/0064/img1_2.png,assets/targets/0064/img2_1.png,assets/targets/0064/img2_2.png,assets/targets/0064/recording1_1.mp4,assets/targets/0064/recording1_2.mp4,assets/targets/0064/recording2_1.mp4,assets/targets/0064/recording2_2.mp4,572.435126403118,233.99006146723664,False,assets/targets/0064/outlinestim_world1_probe1_1_1.png,assets/targets/0064/outlinestim_world2_probe1_1_0.png,assets/targets/0064/outlinestim_world2_probe1_1_1.png,assets/targets/0064/outlinestim_world1_probe1_1_0.png,teleport_consistent,1,1,2,0,brown,5ea72b8aedd4c90da065607c,1,assets/targets/0064/outlinestim_world2_probe1_1_0.png,0,43,False
2,12803,61,0045,assets/targets/0045/img1_1.png,assets/targets/0045/img1_2.png,assets/targets/0045/img2_1.png,assets/targets/0045/img2_2.png,assets/targets/0045/recording1_1.mp4,assets/targets/0045/recording1_2.mp4,assets/targets/0045/recording2_1.mp4,assets/targets/0045/recording2_2.mp4,436.6559051772762,257.95950551802974,False,assets/targets/0045/outlinestim_world1_probe1_2_1.png,assets/targets/0045/outlinestim_world2_probe1_2_0.png,assets/targets/0045/outlinestim_world2_probe1_2_1.png,assets/targets/0045/outlinestim_world1_probe1_2_0.png,teleport_consistent,1,2,2,0,brown,5ea72b8aedd4c90da065607c,0,assets/targets/0045/outlinestim_world2_probe1_2_1.png,1,39,False
3,9753,40,0072,assets/targets/0072/img1_1.png,assets/targets/0072/img1_2.png,assets/targets/0072/img2_1.png,assets/targets/0072/img2_2.png,assets/targets/0072/recording1_1.mp4,assets/targets/0072/recording1_2.mp4,assets/targets/0072/recording2_1.mp4,assets/targets/0072/recording2_2.mp4,263.49876924364594,480.2927000755407,False,assets/targets/0072/outlinestim_world1_probe2_2_1.png,assets/targets/0072/outlinestim_world2_probe2_2_0.png,assets/targets/0072/outlinestim_world2_probe2_2_1.png,assets/targets/0072/outlinestim_world1_probe2_2_0.png,noteleport_consistent,2,2,1,0,brown,5ea72b8aedd4c90da065607c,1,assets/targets/0072/outlinestim_world1_probe2_2_0.png,0,40,False
4,8250,62,0052,assets/targets/0052/img1_1.png,assets/targets/0052/img1_2.png,assets/targets/0052/img2_1.png,assets/targets/0052/img2_2.png,assets/targets/0052/recording1_1.mp4,assets/targets/0052/recording1_2.mp4,assets/targets/0052/recording2_1.mp4,assets/targets/0052/recording2_2.mp4,570.2567171334038,231.9134273051645,False,assets/targets/0052/outlinestim_world1_probe2_1_1.png,assets/targets/0052/outlinestim_world2_probe2_1_0.png,assets/targets/0052/outlinestim_world2_probe2_1_1.png,assets/targets/0052/outlinestim_world1_probe2_1_0.png,noteleport_consistent,2,1,1,0,brown,5ea72b8aedd4c90da065607c,1,assets/targets/0052/outlinestim_world1_probe2_1_0.png,0,62,True
5,7362,40,0091,assets/targets/0091/img1_1.png,assets/targets/0091/img1_2.png,assets/targets/0091/img2_1.png,assets/targets/0091/img2_2.png,assets/targets/0091/recording1_1.mp4,assets/targets/0091/recording1_2.mp4,assets/targets/0091/recording2_1.mp4,assets/targets/0091/recording2_2.mp4,360.26329222466995,232.43135081432789,False,assets/targets/0091/outlinestim_world1_probe0_1_1.png,assets/targets/0091/outlinestim_world2_probe0_1_0.png,assets/targets/0091/outlinestim_world2_probe0_1_1.png,assets/targets/0091/outlinestim_world1_probe0_1_0.png,nocol,0,1,1,0,brown,5ea72b8aedd4c90da065607c,1,assets/targets/0091/outlinestim_world1_probe0_1_0.png,0,40,False
6,6594,59,0024,assets/targets/0024/img1_1.png,assets/targets/0024/img1_2.png,assets/targets/0024/img2_1.png,assets/targets/0024/img2_2.png,assets/targets/0024/recording1_1.mp4,assets/targets/0024/recording1_2.mp4,assets/targets/0024/recording2_1.mp4,assets/targets/0024/recording2_2.mp4,392.50547349657757,36.17405762242421,False,assets/targets/0024/outlinestim_world1_probe0_1_1.png,assets/targets/0024/outlinestim_world2_probe0_1_0.png,assets/targets/0024/outlinestim_world2_probe0_1_1.png,assets/targets/0024/outlinestim_world1_probe0_1_0.png,nocol,0,1,2,0,brown,5ea72b8aedd4c90da065607c,1,assets/targets/0024/outlinestim_world2_probe0_1_0.png,0,59,True
7,8359,43,0069,assets/targets/0069/img1_1.png,assets/targets/0069/img1_2.png,assets/targets/0069/img2_1.png,assets/targets/0069/img2_2.png,assets/targets/0069/recording1_1.mp4,assets/targets/0069/recording1_2.mp4,assets/targets/0069/recording2_1.mp4,assets/targets/0069/recording2_2.mp4,45.99293272938177,282.53465008228795,False,assets/targets/0069/outlinestim_world1_probe1_1_1.png,assets/targets/0069/outlinestim_world2_probe1_1_0.png,assets/targets/0069/outlinestim_world2_probe1_1_1.png,assets/targets/0069/outlinestim_world1_probe1_1_0.png,teleport_consistent,1,1,2,0,brown,5ea72b8aedd4c90da065607c,1,assets/targets/0069/outlinestim_world2_probe1_1_0.png,0,43,False
8,5747,38,0025,assets/targets/0025/img1_1.png,assets/targets/0025/img1_2.png,assets/targets/0025/img2_1.png,assets/targets/0025/img2_2.png,assets/targets/0025/recording1_1.mp4,assets/targets/0025/recording1_2.mp4,assets/targets/0025/recording2_1.mp4,assets/targets/0025/recording2_2.mp4,275.75178627094397,548.0849702817209,False,assets/targets/0025/outlinestim_world1_probe0_1_1.png,assets/targets/0025/outlinestim_world2_probe0_1_0.png,assets/targets/0025/outlinestim_world2_probe0_1_1.png,assets/targets/0025/outlinestim_world1_probe0_1_0.png,nocol,0,1,2,0,brown,5ea72b8aedd4c90da065607c,0,assets/targets/0025/outlinestim_world2_probe0_1_1.png,1,62,True
0,107122,50,0042,assets/targets/0042/img1_1.png,assets/targets/0042/img1_2.png,assets/targets/0042/img2_1.png,assets/targets/0042/img2_2.png,assets/targets/0042/recording1_1.mp4,assets/targets/0042/recording1_2.mp4,assets/targets/0042/recording2_1.mp4,assets/targets/0042/recording2_2.mp4,302.7180979554031,305.896846954325,False,assets/targets/0042/outlinestim_world1_probe0_2_1.png,assets/targets/0042/outlinestim_world2_probe0_2_0.png,assets/targets/0042/outlinestim_world2_probe0_2_1.png,assets/targets/0042/outlinestim_world1_probe0_2_0.png,nocol,0,2,1,0,brown,6643be675817fd2a43298a04,1,assets/targets/0042/outlinestim_world1_probe0_2_0.png,0,50,True
1,8583,51,0052,assets/targets/0052/img1_1.png,assets/targets/0052/img1_2.png,assets/targets/0052/img2_1.png,assets/targets/0052/img2_2.png,assets/targets/0052/recording1_1.mp4,assets/targets/0052/recording1_2.mp4,assets/targets/0052/recording2_1.mp4,assets/targets/0052/recording2_2.mp4,570.2567171334038,231.9134273051645,False,assets/targets/0052/outlinestim_world1_probe0_2_1.png,assets/targets/0052/outlinestim_world2_probe0_2_0.png,assets/targets/0052/outlinestim_world2_probe0_2_1.png,assets/targets/0052/outlinestim_world1_probe0_2_0.png,nocol,0,2,2,0,brown,6643be675817fd2a43298a04,1,assets/targets/0052/outlinestim_world2_probe0_2_0.png,0,51,True
2,3770,51,0091,assets/targets/0091/img1_1.png,assets/targets/0091/img1_2.png,assets/targets/0091/img2_1.png,assets/targets/0091/img2_2.png,assets/targets/0091/recording1_1.mp4,assets/targets/0091/recording1_2.mp4,assets/targets/0091/recording2_1.mp4,assets/targets/0091/recording2_2.mp4,360.26329222466995,232.43135081432789,False,assets/targets/0091/outlinestim_world1_probe2_1_1.png,assets/targets/0091/outlinestim_world2_probe2_1_0.png,assets/targets/0091/outlinestim_world2_probe2_1_1.png,assets/targets/0091/outlinestim_world1_probe2_1_0.png,noteleport_consistent,2,1,1,0,brown,6643be675817fd2a43298a04,1,assets/targets/0091/outlinestim_world1_probe2_1_0.png,0,51,True
3,5385,50,0045,assets/targets/0045/img1_1.png,assets/targets/0045/img1_2.png,assets/targets/0045/img2_1.png,assets/targets/0045/img2_2.png,assets/targets/0045/recording1_1.mp4,assets/targets/0045/recording1_2.mp4,assets/targets/0045/recording2_1.mp4,assets/targets/0045/recording2_2.mp4,436.6559051772762,257.95950551802974,False,assets/targets/0045/outlinestim_world1_probe1_2_1.png,assets/targets/0045/outlinestim_world2_probe1_2_0.png,assets/targets/0045/outlinestim_world2_probe1_2_1.png,assets/targets/0045/outlinestim_world1_probe1_2_0.png,teleport_consistent,1,2,1,0,brown,6643be675817fd2a43298a04,1,assets/targets/0045/outlinestim_world1_probe1_2_0.png,0,50,True
4,2941,51,0024,assets/targets/0024/img1_1.png,assets/targets/0024/img1_2.png,assets/targets/0024/img2_1.png,assets/targets/0024/img2_2.png,assets/targets/0024/recording1_1.mp4,assets/targets/0024/recording1_2.mp4,assets/targets/0024/recording2_1.mp4,assets/targets/0024/recording2_2.mp4,392.50547349657757,36.17405762242421,False,assets/targets/0024/outlinestim_world1_probe2_1_1.png,assets/targets/0024/outlinestim_world2_probe2_1_0.png,assets/targets/0024/outlinestim_world2_probe2_1_1.png,assets/targets/0024/outlinestim_world1_probe2_1_0.png,noteleport_consistent,2,1,1,0,brown,6643be675817fd2a43298a04,0,assets/targets/0024/outlinestim_world1_probe2_1_1.png,1,49,False
5,2610,50,0064,assets/targets/0064/img1_1.png,assets/targets/0064/img1_2.png,assets/targets/0064/img2_1.png,assets/targets/0064/img2_2.png,assets/targets/0064/recording1_1.mp4,assets/targets/0064/recording1_2.mp4,assets/targets/0064/recording2_1.mp4,assets/targets/0064/recording2_2.mp4,572.435126403118,233.99006146723664,False,assets/targets/0064/outlinestim_world1_probe0_1_1.png,assets/targets/0064/outlinestim_world2_probe0_1_0.png,assets/targets/0064/outlinestim_world2_probe0_1_1.png,assets/targets/0064/outlinestim_world1_probe0_1_0.png,nocol,0,1,1,0,brown,6643be675817fd2a43298a04,0,assets/targets/0064/outlinestim_world1_probe0_1_1.png,1,50,True
6,3166,49,0072,assets/targets/0072/img1_1.png,assets/targets/0072/img1_2.png,assets/targets/0072/img2_1.png,assets/targets/0072/img2_2.png,assets/targets/0072/recording1_1.mp4,assets/targets/0072/recording1_2.mp4,assets/targets/0072/recording2_1.mp4,assets/targets/0072/recording2_2.mp4,263.49876924364594,480.2927000755407,False,assets/targets/0072/outlinestim_world1_probe0_2_1.png,assets/targets/0072/outlinestim_world2_probe0_2_0.png,assets/targets/0072/outlinestim_world2_probe0_2_1.png,assets/targets/0072/outlinestim_world1_probe0_2_0.png,nocol,0,2,2,0,brown,6643be675817fd2a43298a04,1,assets/targets/0072/outlinestim_world2_probe0_2_0.png,0,49,False
7,6014,50,0069,assets/targets/0069/img1_1.png,assets/targets/0069/img1_2.png,assets/targets/0069/img2_1.png,assets/targets/0069/img2_2.png,assets/targets/0069/recording1_1.mp4,assets/targets/0069/recording1_2.mp4,assets/targets/0069/recording2_1.mp4,assets/targets/0069/recording2_2.mp4,45.99293272938177,282.53465008228795,False,assets/targets/0069/outlinestim_world1_probe2_1_1.png,assets/targets/0069/outlinestim_world2_probe2_1_0.png,assets/targets/0069/outlinestim_world2_probe2_1_1.png,assets/targets/0069/outlinestim_world1_probe2_1_0.png,noteleport_consistent,2,1,1,0,brown,6643be675817fd2a43298a04,1,assets/targets/0069/outlinestim_world1_probe2_1_0.png,0,50,True
8,3362,50,0025,assets/targets/0025/img1_1.png,assets/targets/0025/img1_2.png,assets/targets/0025/img2_1.png,assets/targets/0025/img2_2.png,assets/targets/0025/recording1_1.mp4,assets/targets/0025/recording1_2.mp4,assets/targets/0025/recording2_1.mp4,assets/targets/0025/recording2_2.mp4,275.75178627094397,548.0849702817209,False,assets/targets/0025/outlinestim_world1_probe1_1_1.png,assets/targets/0025/outlinestim_world2_probe1_1_0.png,assets/targets/0025/outlinestim_world2_probe1_1_1.png,assets/targets/0025/outlinestim_world1_probe1_1_0.png,teleport_consistent,1,1,1,0,brown,6643be675817fd2a43298a04,1,assets/targets/0025/outlinestim_world1_probe1_1_0.png,0,50,True
0,37245,56,0042,assets/targets/0042/img1_1.png,assets/targets/0042/img1_2.png,assets/targets/0042/img2_1.png,assets/targets/0042/img2_2.png,assets/targets/0042/recording1_1.mp4,assets/targets/0042/recording1_2.mp4,assets/targets/0042/recording2_1.mp4,assets/targets/0042/recording2_2.mp4,302.7180979554031,305.896846954325,False,assets/targets/0042/outlinestim_world1_probe0_2_1.png,assets/targets/0042/outlinestim_world2_probe0_2_0.png,assets/targets/0042/outlinestim_world2_probe0_2_1.png,assets/targets/0042/outlinestim_world1_probe0_2_0.png,nocol,0,2,2,1,blue,5de8873243e90d7f894dd8dc,1,assets/targets/0042/outlinestim_world1_probe0_2_0.png,0,56,True
1,10575,47,0045,assets/targets/0045/img1_1.png,assets/targets/0045/img1_2.png,assets/targets/0045/img2_1.png,assets/targets/0045/img2_2.png,assets/targets/0045/recording1_1.mp4,assets/targets/0045/recording1_2.mp4,assets/targets/0045/recording2_1.mp4,assets/targets/0045/recording2_2.mp4,436.6559051772762,257.95950551802974,False,assets/targets/0045/outlinestim_world1_probe1_1_1.png,assets/targets/0045/outlinestim_world2_probe1_1_0.png,assets/targets/0045/outlinestim_world2_probe1_1_1.png,assets/targets/0045/outlinestim_world1_probe1_1_0.png,teleport_consistent,1,1,2,1,blue,5de8873243e90d7f894dd8dc,0,assets/targets/0045/outlinestim_world1_probe1_1_1.png,1,53,True
2,8093,18,0064,assets/targets/0064/img1_1.png,assets/targets/0064/img1_2.png,assets/targets/0064/img2_1.png,assets/targets/0064/img2_2.png,assets/targets/0064/recording1_1.mp4,assets/targets/0064/recording1_2.mp4,assets/targets/0064/recording2_1.mp4,assets/targets/0064/recording2_2.mp4,572.435126403118,233.99006146723664,False,assets/targets/0064/outlinestim_world1_probe1_1_1.png,assets/targets/0064/outlinestim_world2_probe1_1_0.png,assets/targets/0064/outlinestim_world2_probe1_1_1.png,assets/targets/0064/outlinestim_world1_probe1_1_0.png,teleport_consistent,1,1,2,1,blue,5de8873243e90d7f894dd8dc,0,assets/targets/0064/outlinestim_world1_probe1_1_1.png,1,82,True
3,6910,56,0024,assets/targets/0024/img1_1.png,assets/targets/0024/img1_2.png,assets/targets/0024/img2_1.png,assets/targets/0024/img2_2.png,assets/targets/0024/recording1_1.mp4,assets/targets/0024/recording1_2.mp4,assets/targets/0024/recording2_1.mp4,assets/targets/0024/recording2_2.mp4,392.50547349657757,36.17405762242421,False,assets/targets/0024/outlinestim_world1_probe0_2_1.png,assets/targets/0024/outlinestim_world2_probe0_2_0.png,assets/targets/0024/outlinestim_world2_probe0_2_1.png,assets/targets/0024/outlinestim_world1_probe0_2_0.png,nocol,0,2,1,1,blue,5de8873243e90d7f894dd8dc,1,assets/targets/0024/outlinestim_world2_probe0_2_0.png,0,56,True
4,10787,45,0052,assets/targets/0052/img1_1.png,assets/targets/0052/img1_2.png,assets/targets/0052/img2_1.png,assets/targets/0052/img2_2.png,assets/targets/0052/recording1_1.mp4,assets/targets/0052/recording1_2.mp4,assets/targets/0052/recording2_1.mp4,assets/targets/0052/recording2_2.mp4,570.2567171334038,231.9134273051645,False,assets/targets/0052/outlinestim_world1_probe1_1_1.png,assets/targets/0052/outlinestim_world2_probe1_1_0.png,assets/targets/0052/outlinestim_world2_probe1_1_1.png,assets/targets/0052/outlinestim_world1_probe1_1_0.png,teleport_consistent,1,1,2,1,blue,5de8873243e90d7f894dd8dc,0,assets/targets/0052/outlinestim_world1_probe1_1_1.png,1,55,True
5,14233,79,0025,assets/targets/0025/img1_1.png,assets/targets/0025/img1_2.png,assets/targets/0025/img2_1.png,assets/targets/0025/img2_2.png,assets/targets/0025/recording1_1.mp4,assets/targets/0025/recording1_2.mp4,assets/targets/0025/recording2_1.mp4,assets/targets/0025/recording2_2.mp4,275.75178627094397,548.0849702817209,False,assets/targets/0025/outlinestim_world1_probe2_1_1.png,assets/targets/0025/outlinestim_world2_probe2_1_0.png,assets/targets/0025/outlinestim_world2_probe2_1_1.png,assets/targets/0025/outlinestim_world1_probe2_1_0.png,noteleport_consistent,2,1,2,1,blue,5de8873243e90d7f894dd8dc,1,assets/targets/0025/outlinestim_world1_probe2_1_0.png,0,79,True
6,9623,3,0069,assets/targets/0069/img1_1.png,assets/targets/0069/img1_2.png,assets/targets/0069/img2_1.png,assets/targets/0069/img2_2.png,assets/targets/0069/recording1_1.mp4,assets/targets/0069/recording1_2.mp4,assets/targets/0069/recording2_1.mp4,assets/targets/0069/recording2_2.mp4,45.99293272938177,282.53465008228795,False,assets/targets/0069/outlinestim_world1_probe2_2_1.png,assets/targets/0069/outlinestim_world2_probe2_2_0.png,assets/targets/0069/outlinestim_world2_probe2_2_1.png,assets/targets/0069/outlinestim_world1_probe2_2_0.png,noteleport_consistent,2,2,2,1,blue,5de8873243e90d7f894dd8dc,0,assets/targets/0069/outlinestim_world1_probe2_2_1.png,1,97,True
7,11246,45,0091,assets/targets/0091/img1_1.png,assets/targets/0091/img1_2.png,assets/targets/0091/img2_1.png,assets/targets/0091/img2_2.png,assets/targets/0091/recording1_1.mp4,assets/targets/0091/recording1_2.mp4,assets/targets/0091/recording2_1.mp4,assets/targets/0091/recording2_2.mp4,360.26329222466995,232.43135081432789,False,assets/targets/0091/outlinestim_world1_probe1_2_1.png,assets/targets/0091/outlinestim_world2_probe1_2_0.png,assets/targets/0091/outlinestim_world2_probe1_2_1.png,assets/targets/0091/outlinestim_world1_probe1_2_0.png,teleport_consistent,1,2,2,1,blue,5de8873243e90d7f894dd8dc,0,assets/targets/0091/outlinestim_world1_probe1_2_1.png,1,55,True
8,9159,45,0072,assets/targets/0072/img1_1.png,assets/targets/0072/img1_2.png,assets/targets/0072/img2_1.png,assets/targets/0072/img2_2.png,assets/targets/0072/recording1_1.mp4,assets/targets/0072/recording1_2.mp4,assets/targets/0072/recording2_1.mp4,assets/targets/0072/recording2_2.mp4,263.49876924364594,480.2927000755407,False,assets/targets/0072/outlinestim_world1_probe2_1_1.png,assets/targets/0072/outlinestim_world2_probe2_1_0.png,assets/targets/0072/outlinestim_world2_probe2_1_1.png,assets/targets/0072/outlinestim_world1_probe2_1_0.png,noteleport_consistent,2,1,1,1,blue,5de8873243e90d7f894dd8dc,0,assets/targets/0072/outlinestim_world2_probe2_1_1.png,1,55,True
0,50017,78,0052,assets/targets/0052/img1_1.png,assets/targets/0052/img1_2.png,assets/targets/0052/img2_1.png,assets/targets/0052/img2_2.png,assets/targets/0052/recording1_1.mp4,assets/targets/0052/recording1_2.mp4,assets/targets/0052/recording2_1.mp4,assets/targets/0052/recording2_2.mp4,570.2567171334038,231.9134273051645,False,assets/targets/0052/outlinestim_world1_probe0_2_1.png,assets/targets/0052/outlinestim_world2_probe0_2_0.png,assets/targets/0052/outlinestim_world2_probe0_2_1.png,assets/targets/0052/outlinestim_world1_probe0_2_0.png,nocol,0,2,1,1,blue,63614ad9841a7d16ad04512a,1,assets/targets/0052/outlinestim_world2_probe0_2_0.png,0,78,True
1,23520,83,0042,assets/targets/0042/img1_1.png,assets/targets/0042/img1_2.png,assets/targets/0042/img2_1.png,assets/targets/0042/img2_2.png,assets/targets/0042/recording1_1.mp4,assets/targets/0042/recording1_2.mp4,assets/targets/0042/recording2_1.mp4,assets/targets/0042/recording2_2.mp4,302.7180979554031,305.896846954325,False,assets/targets/0042/outlinestim_world1_probe1_2_1.png,assets/targets/0042/outlinestim_world2_probe1_2_0.png,assets/targets/0042/outlinestim_world2_probe1_2_1.png,assets/targets/0042/outlinestim_world1_probe1_2_0.png,teleport_consistent,1,2,2,1,blue,63614ad9841a7d16ad04512a,1,assets/targets/0042/outlinestim_world1_probe1_2_0.png,0,83,True
2,5188,6,0069,assets/targets/0069/img1_1.png,assets/targets/0069/img1_2.png,assets/targets/0069/img2_1.png,assets/targets/0069/img2_2.png,assets/targets/0069/recording1_1.mp4,assets/targets/0069/recording1_2.mp4,assets/targets/0069/recording2_1.mp4,assets/targets/0069/recording2_2.mp4,45.99293272938177,282.53465008228795,False,assets/targets/0069/outlinestim_world1_probe0_2_1.png,assets/targets/0069/outlinestim_world2_probe0_2_0.png,assets/targets/0069/outlinestim_world2_probe0_2_1.png,assets/targets/0069/outlinestim_world1_probe0_2_0.png,nocol,0,2,1,1,blue,63614ad9841a7d16ad04512a,0,assets/targets/0069/outlinestim_world2_probe0_2_1.png,1,94,True
3,5373,100,0025,assets/targets/0025/img1_1.png,assets/targets/0025/img1_2.png,assets/targets/0025/img2_1.png,assets/targets/0025/img2_2.png,assets/targets/0025/recording1_1.mp4,assets/targets/0025/recording1_2.mp4,assets/targets/0025/recording2_1.mp4,assets/targets/0025/recording2_2.mp4,275.75178627094397,548.0849702817209,False,assets/targets/0025/outlinestim_world1_probe0_2_1.png,assets/targets/0025/outlinestim_world2_probe0_2_0.png,assets/targets/0025/outlinestim_world2_probe0_2_1.png,assets/targets/0025/outlinestim_world1_probe0_2_0.png,nocol,0,2,1,1,blue,63614ad9841a7d16ad04512a,1,assets/targets/0025/outlinestim_world2_probe0_2_0.png,0,100,True
4,3698,10,0072,assets/targets/0072/img1_1.png,assets/targets/0072/img1_2.png,assets/targets/0072/img2_1.png,assets/targets/0072/img2_2.png,assets/targets/0072/recording1_1.mp4,assets/targets/0072/recording1_2.mp4,assets/targets/0072/recording2_1.mp4,assets/targets/0072/recording2_2.mp4,263.49876924364594,480.2927000755407,False,assets/targets/0072/outlinestim_world1_probe1_2_1.png,assets/targets/0072/outlinestim_world2_probe1_2_0.png,assets/targets/0072/outlinestim_world2_probe1_2_1.png,assets/targets/0072/outlinestim_world1_probe1_2_0.png,teleport_consistent,1,2,2,1,blue,63614ad9841a7d16ad04512a,0,assets/targets/0072/outlinestim_world1_probe1_2_1.png,1,90,True
5,13561,4,0024,assets/targets/0024/img1_1.png,assets/targets/0024/img1_2.png,assets/targets/0024/img2_1.png,assets/targets/0024/img2_2.png,assets/targets/0024/recording1_1.mp4,assets/targets/0024/recording1_2.mp4,assets/targets/0024/recording2_1.mp4,assets/targets/0024/recording2_2.mp4,392.50547349657757,36.17405762242421,False,assets/targets/0024/outlinestim_world1_probe2_1_1.png,assets/targets/0024/outlinestim_world2_probe2_1_0.png,assets/targets/0024/outlinestim_world2_probe2_1_1.png,assets/targets/0024/outlinestim_world1_probe2_1_0.png,noteleport_consistent,2,1,1,1,blue,63614ad9841a7d16ad04512a,0,assets/targets/0024/outlinestim_world2_probe2_1_1.png,1,96,True
6,3725,92,0045,assets/targets/0045/img1_1.png,assets/targets/0045/img1_2.png,assets/targets/0045/img2_1.png,assets/targets/0045/img2_2.png,assets/targets/0045/recording1_1.mp4,assets/targets/0045/recording1_2.mp4,assets/targets/0045/recording2_1.mp4,assets/targets/0045/recording2_2.mp4,436.6559051772762,257.95950551802974,False,assets/targets/0045/outlinestim_world1_probe1_2_1.png,assets/targets/0045/outlinestim_world2_probe1_2_0.png,assets/targets/0045/outlinestim_world2_probe1_2_1.png,assets/targets/0045/outlinestim_world1_probe1_2_0.png,teleport_consistent,1,2,1,1,blue,63614ad9841a7d16ad04512a,1,assets/targets/0045/outlinestim_world2_probe1_2_0.png,0,92,True
7,6207,0,0064,assets/targets/0064/img1_1.png,assets/targets/0064/img1_2.png,assets/targets/0064/img2_1.png,assets/targets/0064/img2_2.png,assets/targets/0064/recording1_1.mp4,assets/targets/0064/recording1_2.mp4,assets/targets/0064/recording2_1.mp4,assets/targets/0064/recording2_2.mp4,572.435126403118,233.99006146723664,False,assets/targets/0064/outlinestim_world1_probe1_2_1.png,assets/targets/0064/outlinestim_world2_probe1_2_0.png,assets/targets/0064/outlinestim_world2_probe1_2_1.png,assets/targets/0064/outlinestim_world1_probe1_2_0.png,teleport_consistent,1,2,1,1,blue,63614ad9841a7d16ad04512a,0,assets/targets/0064/outlinestim_world2_probe1_2_1.png,1,100,True
8,3267,14,0091,assets/targets/0091/img1_1.png,assets/targets/0091/img1_2.png,assets/targets/0091/img2_1.png,assets/targets/0091/img2_2.png,assets/targets/0091/recording1_1.mp4,assets/targets/0091/recording1_2.mp4,assets/targets/0091/recording2_1.mp4,assets/targets/0091/recording2_2.mp4,360.26329222466995,232.43135081432789,False,assets/targets/0091/outlinestim_world1_probe2_2_1.png,assets/targets/0091/outlinestim_world2_probe2_2_0.png,assets/targets/0091/outlinestim_world2_probe2_2_1.png,assets/targets/0091/outlinestim_world1_probe2_2_0.png,noteleport_consistent,2,2,1,1,blue,63614ad9841a7d16ad04512a,1,assets/targets/0091/outlinestim_world2_probe2_2_0.png,0,14,False
0,3229,68,0072,assets/targets/0072/img1_1.png,assets/targets/0072/img1_2.png,assets/targets/0072/img2_1.png,assets/targets/0072/img2_2.png,assets/targets/0072/recording1_1.mp4,assets/targets/0072/recording1_2.mp4,assets/targets/0072/recording2_1.mp4,assets/targets/0072/recording2_2.mp4,263.49876924364594,480.2927000755407,False,assets/targets/0072/outlinestim_world1_probe1_2_1.png,assets/targets/0072/outlinestim_world2_probe1_2_0.png,assets/targets/0072/outlinestim_world2_probe1_2_1.png,assets/targets/0072/outlinestim_world1_probe1_2_0.png,teleport_consistent,1,2,2,0,brown,634868460f7419e22957fb59,0,assets/targets/0072/outlinestim_world2_probe1_2_1.png,1,32,False
1,2880,34,0052,assets/targets/0052/img1_1.png,assets/targets/0052/img1_2.png,assets/targets/0052/img2_1.png,assets/targets/0052/img2_2.png,assets/targets/0052/recording1_1.mp4,assets/targets/0052/recording1_2.mp4,assets/targets/0052/recording2_1.mp4,assets/targets/0052/recording2_2.mp4,570.2567171334038,231.9134273051645,False,assets/targets/0052/outlinestim_world1_probe2_2_1.png,assets/targets/0052/outlinestim_world2_probe2_2_0.png,assets/targets/0052/outlinestim_world2_probe2_2_1.png,assets/targets/0052/outlinestim_world1_probe2_2_0.png,noteleport_consistent,2,2,2,0,brown,634868460f7419e22957fb59,0,assets/targets/0052/outlinestim_world2_probe2_2_1.png,1,66,True
2,3414,28,0025,assets/targets/0025/img1_1.png,assets/targets/0025/img1_2.png,assets/targets/0025/img2_1.png,assets/targets/0025/img2_2.png,assets/targets/0025/recording1_1.mp4,assets/targets/0025/recording1_2.mp4,assets/targets/0025/recording2_1.mp4,assets/targets/0025/recording2_2.mp4,275.75178627094397,548.0849702817209,False,assets/targets/0025/outlinestim_world1_probe0_2_1.png,assets/targets/0025/outlinestim_world2_probe0_2_0.png,assets/targets/0025/outlinestim_world2_probe0_2_1.png,assets/targets/0025/outlinestim_world1_probe0_2_0.png,nocol,0,2,1,0,brown,634868460f7419e22957fb59,1,assets/targets/0025/outlinestim_world1_probe0_2_0.png,0,28,False
3,2439,42,0069,assets/targets/0069/img1_1.png,assets/targets/0069/img1_2.png,assets/targets/0069/img2_1.png,assets/targets/0069/img2_2.png,assets/targets/0069/recording1_1.mp4,assets/targets/0069/recording1_2.mp4,assets/targets/0069/recording2_1.mp4,assets/targets/0069/recording2_2.mp4,45.99293272938177,282.53465008228795,False,assets/targets/0069/outlinestim_world1_probe2_2_1.png,assets/targets/0069/outlinestim_world2_probe2_2_0.png,assets/targets/0069/outlinestim_world2_probe2_2_1.png,assets/targets/0069/outlinestim_world1_probe2_2_0.png,noteleport_consistent,2,2,2,0,brown,634868460f7419e22957fb59,1,assets/targets/0069/outlinestim_world2_probe2_2_0.png,0,42,False
4,2808,30,0064,assets/targets/0064/img1_1.png,assets/targets/0064/img1_2.png,assets/targets/0064/img2_1.png,assets/targets/0064/img2_2.png,assets/targets/0064/recording1_1.mp4,assets/targets/0064/recording1_2.mp4,assets/targets/0064/recording2_1.mp4,assets/targets/0064/recording2_2.mp4,572.435126403118,233.99006146723664,False,assets/targets/0064/outlinestim_world1_probe1_1_1.png,assets/targets/0064/outlinestim_world2_probe1_1_0.png,assets/targets/0064/outlinestim_world2_probe1_1_1.png,assets/targets/0064/outlinestim_world1_probe1_1_0.png,teleport_consistent,1,1,2,0,brown,634868460f7419e22957fb59,0,assets/targets/0064/outlinestim_world2_probe1_1_1.png,1,70,True
5,3344,62,0042,assets/targets/0042/img1_1.png,assets/targets/0042/img1_2.png,assets/targets/0042/img2_1.png,assets/targets/0042/img2_2.png,assets/targets/0042/recording1_1.mp4,assets/targets/0042/recording1_2.mp4,assets/targets/0042/recording2_1.mp4,assets/targets/0042/recording2_2.mp4,302.7180979554031,305.896846954325,False,assets/targets/0042/outlinestim_world1_probe1_2_1.png,assets/targets/0042/outlinestim_world2_probe1_2_0.png,assets/targets/0042/outlinestim_world2_probe1_2_1.png,assets/targets/0042/outlinestim_world1_probe1_2_0.png,teleport_consistent,1,2,1,0,brown,634868460f7419e22957fb59,1,assets/targets/0042/outlinestim_world1_probe1_2_0.png,0,62,True
6,2315,42,0091,assets/targets/0091/img1_1.png,assets/targets/0091/img1_2.png,assets/targets/0091/img2_1.png,assets/targets/0091/img2_2.png,assets/targets/0091/recording1_1.mp4,assets/targets/0091/recording1_2.mp4,assets/targets/0091/recording2_1.mp4,assets/targets/0091/recording2_2.mp4,360.26329222466995,232.43135081432789,False,assets/targets/0091/outlinestim_world1_probe1_1_1.png,assets/targets/0091/outlinestim_world2_probe1_1_0.png,assets/targets/0091/outlinestim_world2_probe1_1_1.png,assets/targets/0091/outlinestim_world1_probe1_1_0.png,teleport_consistent,1,1,1,0,brown,634868460f7419e22957fb59,0,assets/targets/0091/outlinestim_world1_probe1_1_1.png,1,58,True
7,2241,38,0024,assets/targets/0024/img1_1.png,assets/targets/0024/img1_2.png,assets/targets/0024/img2_1.png,assets/targets/0024/img2_2.png,assets/targets/0024/recording1_1.mp4,assets/targets/0024/recording1_2.mp4,assets/targets/0024/recording2_1.mp4,assets/targets/0024/recording2_2.mp4,392.50547349657757,36.17405762242421,False,assets/targets/0024/outlinestim_world1_probe0_1_1.png,assets/targets/0024/outlinestim_world2_probe0_1_0.png,assets/targets/0024/outlinestim_world2_probe0_1_1.png,assets/targets/0024/outlinestim_world1_probe0_1_0.png,nocol,0,1,2,0,brown,634868460f7419e22957fb59,0,assets/targets/0024/outlinestim_world2_probe0_1_1.png,1,62,True
8,2785,51,0045,assets/targets/0045/img1_1.png,assets/targets/0045/img1_2.png,assets/targets/0045/img2_1.png,assets/targets/0045/img2_2.png,assets/targets/0045/recording1_1.mp4,assets/targets/0045/recording1_2.mp4,assets/targets/0045/recording2_1.mp4,assets/targets/0045/recording2_2.mp4,436.6559051772762,257.95950551802974,False,assets/targets/0045/outlinestim_world1_probe1_1_1.png,assets/targets/0045/outlinestim_world2_probe1_1_0.png,assets/targets/0045/outlinestim_world2_probe1_1_1.png,assets/targets/0045/outlinestim_world1_probe1_1_0.png,teleport_consistent,1,1,1,0,brown,634868460f7419e22957fb59,0,assets/targets/0045/outlinestim_world1_probe1_1_1.png,1,49,False
0,20748,50,0091,assets/targets/0091/img1_1.png,assets/targets/0091/img1_2.png,assets/targets/0091/img2_1.png,assets/targets/0091/img2_2.png,assets/targets/0091/recording1_1.mp4,assets/targets/0091/recording1_2.mp4,assets/targets/0091/recording2_1.mp4,assets/targets/0091/recording2_2.mp4,360.26329222466995,232.43135081432789,False,assets/targets/0091/outlinestim_world1_probe0_1_1.png,assets/targets/0091/outlinestim_world2_probe0_1_0.png,assets/targets/0091/outlinestim_world2_probe0_1_1.png,assets/targets/0091/outlinestim_world1_probe0_1_0.png,nocol,0,1,1,0,brown,656e8efb6e6610ae2d831f07,0,assets/targets/0091/outlinestim_world1_probe0_1_1.png,1,50,True
1,10535,50,0069,assets/targets/0069/img1_1.png,assets/targets/0069/img1_2.png,assets/targets/0069/img2_1.png,assets/targets/0069/img2_2.png,assets/targets/0069/recording1_1.mp4,assets/targets/0069/recording1_2.mp4,assets/targets/0069/recording2_1.mp4,assets/targets/0069/recording2_2.mp4,45.99293272938177,282.53465008228795,False,assets/targets/0069/outlinestim_world1_probe0_2_1.png,assets/targets/0069/outlinestim_world2_probe0_2_0.png,assets/targets/0069/outlinestim_world2_probe0_2_1.png,assets/targets/0069/outlinestim_world1_probe0_2_0.png,nocol,0,2,2,0,brown,656e8efb6e6610ae2d831f07,1,assets/targets/0069/outlinestim_world2_probe0_2_0.png,0,50,True
2,4532,50,0072,assets/targets/0072/img1_1.png,assets/targets/0072/img1_2.png,assets/targets/0072/img2_1.png,assets/targets/0072/img2_2.png,assets/targets/0072/recording1_1.mp4,assets/targets/0072/recording1_2.mp4,assets/targets/0072/recording2_1.mp4,assets/targets/0072/recording2_2.mp4,263.49876924364594,480.2927000755407,False,assets/targets/0072/outlinestim_world1_probe0_1_1.png,assets/targets/0072/outlinestim_world2_probe0_1_0.png,assets/targets/0072/outlinestim_world2_probe0_1_1.png,assets/targets/0072/outlinestim_world1_probe0_1_0.png,nocol,0,1,2,0,brown,656e8efb6e6610ae2d831f07,0,assets/targets/0072/outlinestim_world2_probe0_1_1.png,1,50,True
3,3750,50,0064,assets/targets/0064/img1_1.png,assets/targets/0064/img1_2.png,assets/targets/0064/img2_1.png,assets/targets/0064/img2_2.png,assets/targets/0064/recording1_1.mp4,assets/targets/0064/recording1_2.mp4,assets/targets/0064/recording2_1.mp4,assets/targets/0064/recording2_2.mp4,572.435126403118,233.99006146723664,False,assets/targets/0064/outlinestim_world1_probe0_2_1.png,assets/targets/0064/outlinestim_world2_probe0_2_0.png,assets/targets/0064/outlinestim_world2_probe0_2_1.png,assets/targets/0064/outlinestim_world1_probe0_2_0.png,nocol,0,2,2,0,brown,656e8efb6e6610ae2d831f07,0,assets/targets/0064/outlinestim_world2_probe0_2_1.png,1,50,True
4,2893,50,0045,assets/targets/0045/img1_1.png,assets/targets/0045/img1_2.png,assets/targets/0045/img2_1.png,assets/targets/0045/img2_2.png,assets/targets/0045/recording1_1.mp4,assets/targets/0045/recording1_2.mp4,assets/targets/0045/recording2_1.mp4,assets/targets/0045/recording2_2.mp4,436.6559051772762,257.95950551802974,False,assets/targets/0045/outlinestim_world1_probe0_2_1.png,assets/targets/0045/outlinestim_world2_probe0_2_0.png,assets/targets/0045/outlinestim_world2_probe0_2_1.png,assets/targets/0045/outlinestim_world1_probe0_2_0.png,nocol,0,2,1,0,brown,656e8efb6e6610ae2d831f07,0,assets/targets/0045/outlinestim_world1_probe0_2_1.png,1,50,True
5,3324,50,0052,assets/targets/0052/img1_1.png,assets/targets/0052/img1_2.png,assets/targets/0052/img2_1.png,assets/targets/0052/img2_2.png,assets/targets/0052/recording1_1.mp4,assets/targets/0052/recording1_2.mp4,assets/targets/0052/recording2_1.mp4,assets/targets/0052/recording2_2.mp4,570.2567171334038,231.9134273051645,False,assets/targets/0052/outlinestim_world1_probe1_1_1.png,assets/targets/0052/outlinestim_world2_probe1_1_0.png,assets/targets/0052/outlinestim_world2_probe1_1_1.png,assets/targets/0052/outlinestim_world1_probe1_1_0.png,teleport_consistent,1,1,2,0,brown,656e8efb6e6610ae2d831f07,1,assets/targets/0052/outlinestim_world2_probe1_1_0.png,0,50,True
6,3077,50,0025,assets/targets/0025/img1_1.png,assets/targets/0025/img1_2.png,assets/targets/0025/img2_1.png,assets/targets/0025/img2_2.png,assets/targets/0025/recording1_1.mp4,assets/targets/0025/recording1_2.mp4,assets/targets/0025/recording2_1.mp4,assets/targets/0025/recording2_2.mp4,275.75178627094397,548.0849702817209,False,assets/targets/0025/outlinestim_world1_probe2_2_1.png,assets/targets/0025/outlinestim_world2_probe2_2_0.png,assets/targets/0025/outlinestim_world2_probe2_2_1.png,assets/targets/0025/outlinestim_world1_probe2_2_0.png,noteleport_consistent,2,2,2,0,brown,656e8efb6e6610ae2d831f07,1,assets/targets/0025/outlinestim_world2_probe2_2_0.png,0,50,True
7,2884,50,0024,assets/targets/0024/img1_1.png,assets/targets/0024/img1_2.png,assets/targets/0024/img2_1.png,assets/targets/0024/img2_2.png,assets/targets/0024/recording1_1.mp4,assets/targets/0024/recording1_2.mp4,assets/targets/0024/recording2_1.mp4,assets/targets/0024/recording2_2.mp4,392.50547349657757,36.17405762242421,False,assets/targets/0024/outlinestim_world1_probe2_2_1.png,assets/targets/0024/outlinestim_world2_probe2_2_0.png,assets/targets/0024/outlinestim_world2_probe2_2_1.png,assets/targets/0024/outlinestim_world1_probe2_2_0.png,noteleport_consistent,2,2,2,0,brown,656e8efb6e6610ae2d831f07,1,assets/targets/0024/outlinestim_world2_probe2_2_0.png,0,50,True
8,2862,50,0042,assets/targets/0042/img1_1.png,assets/targets/0042/img1_2.png,assets/targets/0042/img2_1.png,assets/targets/0042/img2_2.png,assets/targets/0042/recording1_1.mp4,assets/targets/0042/recording1_2.mp4,assets/targets/0042/recording2_1.mp4,assets/targets/0042/recording2_2.mp4,302.7180979554031,305.896846954325,False,assets/targets/0042/outlinestim_world1_probe2_1_1.png,assets/targets/0042/outlinestim_world2_probe2_1_0.png,assets/targets/0042/outlinestim_world2_probe2_1_1.png,assets/targets/0042/outlinestim_world1_probe2_1_0.png,noteleport_consistent,2,1,1,0,brown,656e8efb6e6610ae2d831f07,0,assets/targets/0042/outlinestim_world1_probe2_1_1.png,1,50,True
0,20299,91,0052,assets/targets/0052/img1_1.png,assets/targets/0052/img1_2.png,assets/targets/0052/img2_1.png,assets/targets/0052/img2_2.png,assets/targets/0052/recording1_1.mp4,assets/targets/0052/recording1_2.mp4,assets/targets/0052/recording2_1.mp4,assets/targets/0052/recording2_2.mp4,570.2567171334038,231.9134273051645,False,assets/targets/0052/outlinestim_world1_probe1_1_1.png,assets/targets/0052/outlinestim_world2_probe1_1_0.png,assets/targets/0052/outlinestim_world2_probe1_1_1.png,assets/targets/0052/outlinestim_world1_probe1_1_0.png,teleport_consistent,1,1,1,0,brown,66cfcd2639ad0e8ba7f904ab,1,assets/targets/0052/outlinestim_world1_probe1_1_0.png,0,91,True
1,5527,36,0072,assets/targets/0072/img1_1.png,assets/targets/0072/img1_2.png,assets/targets/0072/img2_1.png,assets/targets/0072/img2_2.png,assets/targets/0072/recording1_1.mp4,assets/targets/0072/recording1_2.mp4,assets/targets/0072/recording2_1.mp4,assets/targets/0072/recording2_2.mp4,263.49876924364594,480.2927000755407,False,assets/targets/0072/outlinestim_world1_probe2_2_1.png,assets/targets/0072/outlinestim_world2_probe2_2_0.png,assets/targets/0072/outlinestim_world2_probe2_2_1.png,assets/targets/0072/outlinestim_world1_probe2_2_0.png,noteleport_consistent,2,2,2,0,brown,66cfcd2639ad0e8ba7f904ab,0,assets/targets/0072/outlinestim_world2_probe2_2_1.png,1,64,True
2,4858,0,0091,assets/targets/0091/img1_1.png,assets/targets/0091/img1_2.png,assets/targets/0091/img2_1.png,assets/targets/0091/img2_2.png,assets/targets/0091/recording1_1.mp4,assets/targets/0091/recording1_2.mp4,assets/targets/0091/recording2_1.mp4,assets/targets/0091/recording2_2.mp4,360.26329222466995,232.43135081432789,False,assets/targets/0091/outlinestim_world1_probe2_2_1.png,assets/targets/0091/outlinestim_world2_probe2_2_0.png,assets/targets/0091/outlinestim_world2_probe2_2_1.png,assets/targets/0091/outlinestim_world1_probe2_2_0.png,noteleport_consistent,2,2,2,0,brown,66cfcd2639ad0e8ba7f904ab,0,assets/targets/0091/outlinestim_world2_probe2_2_1.png,1,100,True
3,3773,73,0045,assets/targets/0045/img1_1.png,assets/targets/0045/img1_2.png,assets/targets/0045/img2_1.png,assets/targets/0045/img2_2.png,assets/targets/0045/recording1_1.mp4,assets/targets/0045/recording1_2.mp4,assets/targets/0045/recording2_1.mp4,assets/targets/0045/recording2_2.mp4,436.6559051772762,257.95950551802974,False,assets/targets/0045/outlinestim_world1_probe1_1_1.png,assets/targets/0045/outlinestim_world2_probe1_1_0.png,assets/targets/0045/outlinestim_world2_probe1_1_1.png,assets/targets/0045/outlinestim_world1_probe1_1_0.png,teleport_consistent,1,1,2,0,brown,66cfcd2639ad0e8ba7f904ab,1,assets/targets/0045/outlinestim_world2_probe1_1_0.png,0,73,True
4,7960,39,0042,assets/targets/0042/img1_1.png,assets/targets/0042/img1_2.png,assets/targets/0042/img2_1.png,assets/targets/0042/img2_2.png,assets/targets/0042/recording1_1.mp4,assets/targets/0042/recording1_2.mp4,assets/targets/0042/recording2_1.mp4,assets/targets/0042/recording2_2.mp4,302.7180979554031,305.896846954325,False,assets/targets/0042/outlinestim_world1_probe0_2_1.png,assets/targets/0042/outlinestim_world2_probe0_2_0.png,assets/targets/0042/outlinestim_world2_probe0_2_1.png,assets/targets/0042/outlinestim_world1_probe0_2_0.png,nocol,0,2,2,0,brown,66cfcd2639ad0e8ba7f904ab,0,assets/targets/0042/outlinestim_world2_probe0_2_1.png,1,61,True
5,3087,56,0064,assets/targets/0064/img1_1.png,assets/targets/0064/img1_2.png,assets/targets/0064/img2_1.png,assets/targets/0064/img2_2.png,assets/targets/0064/recording1_1.mp4,assets/targets/0064/recording1_2.mp4,assets/targets/0064/recording2_1.mp4,assets/targets/0064/recording2_2.mp4,572.435126403118,233.99006146723664,False,assets/targets/0064/outlinestim_world1_probe0_1_1.png,assets/targets/0064/outlinestim_world2_probe0_1_0.png,assets/targets/0064/outlinestim_world2_probe0_1_1.png,assets/targets/0064/outlinestim_world1_probe0_1_0.png,nocol,0,1,1,0,brown,66cfcd2639ad0e8ba7f904ab,1,assets/targets/0064/outlinestim_world1_probe0_1_0.png,0,56,True
6,3127,73,0024,assets/targets/0024/img1_1.png,assets/targets/0024/img1_2.png,assets/targets/0024/img2_1.png,assets/targets/0024/img2_2.png,assets/targets/0024/recording1_1.mp4,assets/targets/0024/recording1_2.mp4,assets/targets/0024/recording2_1.mp4,assets/targets/0024/recording2_2.mp4,392.50547349657757,36.17405762242421,False,assets/targets/0024/outlinestim_world1_probe2_1_1.png,assets/targets/0024/outlinestim_world2_probe2_1_0.png,assets/targets/0024/outlinestim_world2_probe2_1_1.png,assets/targets/0024/outlinestim_world1_probe2_1_0.png,noteleport_consistent,2,1,2,0,brown,66cfcd2639ad0e8ba7f904ab,0,assets/targets/0024/outlinestim_world2_probe2_1_1.png,1,27,False
7,4033,61,0025,assets/targets/0025/img1_1.png,assets/targets/0025/img1_2.png,assets/targets/0025/img2_1.png,assets/targets/0025/img2_2.png,assets/targets/0025/recording1_1.mp4,assets/targets/0025/recording1_2.mp4,assets/targets/0025/recording2_1.mp4,assets/targets/0025/recording2_2.mp4,275.75178627094397,548.0849702817209,False,assets/targets/0025/outlinestim_world1_probe0_1_1.png,assets/targets/0025/outlinestim_world2_probe0_1_0.png,assets/targets/0025/outlinestim_world2_probe0_1_1.png,assets/targets/0025/outlinestim_world1_probe0_1_0.png,nocol,0,1,2,0,brown,66cfcd2639ad0e8ba7f904ab,1,assets/targets/0025/outlinestim_world2_probe0_1_0.png,0,61,True
8,4934,39,0069,assets/targets/0069/img1_1.png,assets/targets/0069/img1_2.png,assets/targets/0069/img2_1.png,assets/targets/0069/img2_2.png,assets/targets/0069/recording1_1.mp4,assets/targets/0069/recording1_2.mp4,assets/targets/0069/recording2_1.mp4,assets/targets/0069/recording2_2.mp4,45.99293272938177,282.53465008228795,False,assets/targets/0069/outlinestim_world1_probe0_1_1.png,assets/targets/0069/outlinestim_world2_probe0_1_0.png,assets/targets/0069/outlinestim_world2_probe0_1_1.png,assets/targets/0069/outlinestim_world1_probe0_1_0.png,nocol,0,1,2,0,brown,66cfcd2639ad0e8ba7f904ab,0,assets/targets/0069/outlinestim_world2_probe0_1_1.png,1,61,True
0,25800,50,0091,assets/targets/0091/img1_1.png,assets/targets/0091/img1_2.png,assets/targets/0091/img2_1.png,assets/targets/0091/img2_2.png,assets/targets/0091/recording1_1.mp4,assets/targets/0091/recording1_2.mp4,assets/targets/0091/recording2_1.mp4,assets/targets/0091/recording2_2.mp4,360.26329222466995,232.43135081432789,False,assets/targets/0091/outlinestim_world1_probe1_1_1.png,assets/targets/0091/outlinestim_world2_probe1_1_0.png,assets/targets/0091/outlinestim_world2_probe1_1_1.png,assets/targets/0091/outlinestim_world1_probe1_1_0.png,teleport_consistent,1,1,2,0,brown,66b8ff85ac83b9015c12d02b,1,assets/targets/0091/outlinestim_world2_probe1_1_0.png,0,50,True
1,9058,12,0052,assets/targets/0052/img1_1.png,assets/targets/0052/img1_2.png,assets/targets/0052/img2_1.png,assets/targets/0052/img2_2.png,assets/targets/0052/recording1_1.mp4,assets/targets/0052/recording1_2.mp4,assets/targets/0052/recording2_1.mp4,assets/targets/0052/recording2_2.mp4,570.2567171334038,231.9134273051645,False,assets/targets/0052/outlinestim_world1_probe1_2_1.png,assets/targets/0052/outlinestim_world2_probe1_2_0.png,assets/targets/0052/outlinestim_world2_probe1_2_1.png,assets/targets/0052/outlinestim_world1_probe1_2_0.png,teleport_consistent,1,2,1,0,brown,66b8ff85ac83b9015c12d02b,0,assets/targets/0052/outlinestim_world1_probe1_2_1.png,1,88,True
2,7552,70,0072,assets/targets/0072/img1_1.png,assets/targets/0072/img1_2.png,assets/targets/0072/img2_1.png,assets/targets/0072/img2_2.png,assets/targets/0072/recording1_1.mp4,assets/targets/0072/recording1_2.mp4,assets/targets/0072/recording2_1.mp4,assets/targets/0072/recording2_2.mp4,263.49876924364594,480.2927000755407,False,assets/targets/0072/outlinestim_world1_probe1_1_1.png,assets/targets/0072/outlinestim_world2_probe1_1_0.png,assets/targets/0072/outlinestim_world2_probe1_1_1.png,assets/targets/0072/outlinestim_world1_probe1_1_0.png,teleport_consistent,1,1,2,0,brown,66b8ff85ac83b9015c12d02b,1,assets/targets/0072/outlinestim_world2_probe1_1_0.png,0,70,True
3,6148,3,0069,assets/targets/0069/img1_1.png,assets/targets/0069/img1_2.png,assets/targets/0069/img2_1.png,assets/targets/0069/img2_2.png,assets/targets/0069/recording1_1.mp4,assets/targets/0069/recording1_2.mp4,assets/targets/0069/recording2_1.mp4,assets/targets/0069/recording2_2.mp4,45.99293272938177,282.53465008228795,False,assets/targets/0069/outlinestim_world1_probe1_1_1.png,assets/targets/0069/outlinestim_world2_probe1_1_0.png,assets/targets/0069/outlinestim_world2_probe1_1_1.png,assets/targets/0069/outlinestim_world1_probe1_1_0.png,teleport_consistent,1,1,2,0,brown,66b8ff85ac83b9015c12d02b,0,assets/targets/0069/outlinestim_world2_probe1_1_1.png,1,97,True
4,6021,1,0024,assets/targets/0024/img1_1.png,assets/targets/0024/img1_2.png,assets/targets/0024/img2_1.png,assets/targets/0024/img2_2.png,assets/targets/0024/recording1_1.mp4,assets/targets/0024/recording1_2.mp4,assets/targets/0024/recording2_1.mp4,assets/targets/0024/recording2_2.mp4,392.50547349657757,36.17405762242421,False,assets/targets/0024/outlinestim_world1_probe1_1_1.png,assets/targets/0024/outlinestim_world2_probe1_1_0.png,assets/targets/0024/outlinestim_world2_probe1_1_1.png,assets/targets/0024/outlinestim_world1_probe1_1_0.png,teleport_consistent,1,1,1,0,brown,66b8ff85ac83b9015c12d02b,0,assets/targets/0024/outlinestim_world1_probe1_1_1.png,1,99,True
5,5978,0,0025,assets/targets/0025/img1_1.png,assets/targets/0025/img1_2.png,assets/targets/0025/img2_1.png,assets/targets/0025/img2_2.png,assets/targets/0025/recording1_1.mp4,assets/targets/0025/recording1_2.mp4,assets/targets/0025/recording2_1.mp4,assets/targets/0025/recording2_2.mp4,275.75178627094397,548.0849702817209,False,assets/targets/0025/outlinestim_world1_probe2_1_1.png,assets/targets/0025/outlinestim_world2_probe2_1_0.png,assets/targets/0025/outlinestim_world2_probe2_1_1.png,assets/targets/0025/outlinestim_world1_probe2_1_0.png,noteleport_consistent,2,1,2,0,brown,66b8ff85ac83b9015c12d02b,0,assets/targets/0025/outlinestim_world2_probe2_1_1.png,1,100,True
6,8971,40,0064,assets/targets/0064/img1_1.png,assets/targets/0064/img1_2.png,assets/targets/0064/img2_1.png,assets/targets/0064/img2_2.png,assets/targets/0064/recording1_1.mp4,assets/targets/0064/recording1_2.mp4,assets/targets/0064/recording2_1.mp4,assets/targets/0064/recording2_2.mp4,572.435126403118,233.99006146723664,False,assets/targets/0064/outlinestim_world1_probe1_1_1.png,assets/targets/0064/outlinestim_world2_probe1_1_0.png,assets/targets/0064/outlinestim_world2_probe1_1_1.png,assets/targets/0064/outlinestim_world1_probe1_1_0.png,teleport_consistent,1,1,2,0,brown,66b8ff85ac83b9015c12d02b,0,assets/targets/0064/outlinestim_world2_probe1_1_1.png,1,60,True
7,4864,0,0042,assets/targets/0042/img1_1.png,assets/targets/0042/img1_2.png,assets/targets/0042/img2_1.png,assets/targets/0042/img2_2.png,assets/targets/0042/recording1_1.mp4,assets/targets/0042/recording1_2.mp4,assets/targets/0042/recording2_1.mp4,assets/targets/0042/recording2_2.mp4,302.7180979554031,305.896846954325,False,assets/targets/0042/outlinestim_world1_probe2_2_1.png,assets/targets/0042/outlinestim_world2_probe2_2_0.png,assets/targets/0042/outlinestim_world2_probe2_2_1.png,assets/targets/0042/outlinestim_world1_probe2_2_0.png,noteleport_consistent,2,2,2,0,brown,66b8ff85ac83b9015c12d02b,0,assets/targets/0042/outlinestim_world2_probe2_2_1.png,1,100,True
8,6477,78,0045,assets/targets/0045/img1_1.png,assets/targets/0045/img1_2.png,assets/targets/0045/img2_1.png,assets/targets/0045/img2_2.png,assets/targets/0045/recording1_1.mp4,assets/targets/0045/recording1_2.mp4,assets/targets/0045/recording2_1.mp4,assets/targets/0045/recording2_2.mp4,436.6559051772762,257.95950551802974,False,assets/targets/0045/outlinestim_world1_probe2_1_1.png,assets/targets/0045/outlinestim_world2_probe2_1_0.png,assets/targets/0045/outlinestim_world2_probe2_1_1.png,assets/targets/0045/outlinestim_world1_probe2_1_0.png,noteleport_consistent,2,1,1,0,brown,66b8ff85ac83b9015c12d02b,1,assets/targets/0045/outlinestim_world1_probe2_1_0.png,0,78,True
0,130296,50,0091,assets/targets/0091/img1_1.png,assets/targets/0091/img1_2.png,assets/targets/0091/img2_1.png,assets/targets/0091/img2_2.png,assets/targets/0091/recording1_1.mp4,assets/targets/0091/recording1_2.mp4,assets/targets/0091/recording2_1.mp4,assets/targets/0091/recording2_2.mp4,360.26329222466995,232.43135081432789,False,assets/targets/0091/outlinestim_world1_probe0_1_1.png,assets/targets/0091/outlinestim_world2_probe0_1_0.png,assets/targets/0091/outlinestim_world2_probe0_1_1.png,assets/targets/0091/outlinestim_world1_probe0_1_0.png,nocol,0,1,1,1,blue,649754db1c54fad23e345093,1,assets/targets/0091/outlinestim_world2_probe0_1_0.png,0,50,True
1,9154,50,0045,assets/targets/0045/img1_1.png,assets/targets/0045/img1_2.png,assets/targets/0045/img2_1.png,assets/targets/0045/img2_2.png,assets/targets/0045/recording1_1.mp4,assets/targets/0045/recording1_2.mp4,assets/targets/0045/recording2_1.mp4,assets/targets/0045/recording2_2.mp4,436.6559051772762,257.95950551802974,False,assets/targets/0045/outlinestim_world1_probe2_2_1.png,assets/targets/0045/outlinestim_world2_probe2_2_0.png,assets/targets/0045/outlinestim_world2_probe2_2_1.png,assets/targets/0045/outlinestim_world1_probe2_2_0.png,noteleport_consistent,2,2,1,1,blue,649754db1c54fad23e345093,0,assets/targets/0045/outlinestim_world2_probe2_2_1.png,1,50,True
2,5315,25,0024,assets/targets/0024/img1_1.png,assets/targets/0024/img1_2.png,assets/targets/0024/img2_1.png,assets/targets/0024/img2_2.png,assets/targets/0024/recording1_1.mp4,assets/targets/0024/recording1_2.mp4,assets/targets/0024/recording2_1.mp4,assets/targets/0024/recording2_2.mp4,392.50547349657757,36.17405762242421,False,assets/targets/0024/outlinestim_world1_probe1_1_1.png,assets/targets/0024/outlinestim_world2_probe1_1_0.png,assets/targets/0024/outlinestim_world2_probe1_1_1.png,assets/targets/0024/outlinestim_world1_probe1_1_0.png,teleport_consistent,1,1,1,1,blue,649754db1c54fad23e345093,0,assets/targets/0024/outlinestim_world2_probe1_1_1.png,1,75,True
3,3935,69,0069,assets/targets/0069/img1_1.png,assets/targets/0069/img1_2.png,assets/targets/0069/img2_1.png,assets/targets/0069/img2_2.png,assets/targets/0069/recording1_1.mp4,assets/targets/0069/recording1_2.mp4,assets/targets/0069/recording2_1.mp4,assets/targets/0069/recording2_2.mp4,45.99293272938177,282.53465008228795,False,assets/targets/0069/outlinestim_world1_probe0_1_1.png,assets/targets/0069/outlinestim_world2_probe0_1_0.png,assets/targets/0069/outlinestim_world2_probe0_1_1.png,assets/targets/0069/outlinestim_world1_probe0_1_0.png,nocol,0,1,2,1,blue,649754db1c54fad23e345093,1,assets/targets/0069/outlinestim_world1_probe0_1_0.png,0,69,True
4,5419,36,0064,assets/targets/0064/img1_1.png,assets/targets/0064/img1_2.png,assets/targets/0064/img2_1.png,assets/targets/0064/img2_2.png,assets/targets/0064/recording1_1.mp4,assets/targets/0064/recording1_2.mp4,assets/targets/0064/recording2_1.mp4,assets/targets/0064/recording2_2.mp4,572.435126403118,233.99006146723664,False,assets/targets/0064/outlinestim_world1_probe1_1_1.png,assets/targets/0064/outlinestim_world2_probe1_1_0.png,assets/targets/0064/outlinestim_world2_probe1_1_1.png,assets/targets/0064/outlinestim_world1_probe1_1_0.png,teleport_consistent,1,1,1,1,blue,649754db1c54fad23e345093,0,assets/targets/0064/outlinestim_world2_probe1_1_1.png,1,64,True
5,4187,25,0025,assets/targets/0025/img1_1.png,assets/targets/0025/img1_2.png,assets/targets/0025/img2_1.png,assets/targets/0025/img2_2.png,assets/targets/0025/recording1_1.mp4,assets/targets/0025/recording1_2.mp4,assets/targets/0025/recording2_1.mp4,assets/targets/0025/recording2_2.mp4,275.75178627094397,548.0849702817209,False,assets/targets/0025/outlinestim_world1_probe1_2_1.png,assets/targets/0025/outlinestim_world2_probe1_2_0.png,assets/targets/0025/outlinestim_world2_probe1_2_1.png,assets/targets/0025/outlinestim_world1_probe1_2_0.png,teleport_consistent,1,2,2,1,blue,649754db1c54fad23e345093,1,assets/targets/0025/outlinestim_world1_probe1_2_0.png,0,25,False
6,3758,63,0072,assets/targets/0072/img1_1.png,assets/targets/0072/img1_2.png,assets/targets/0072/img2_1.png,assets/targets/0072/img2_2.png,assets/targets/0072/recording1_1.mp4,assets/targets/0072/recording1_2.mp4,assets/targets/0072/recording2_1.mp4,assets/targets/0072/recording2_2.mp4,263.49876924364594,480.2927000755407,False,assets/targets/0072/outlinestim_world1_probe2_1_1.png,assets/targets/0072/outlinestim_world2_probe2_1_0.png,assets/targets/0072/outlinestim_world2_probe2_1_1.png,assets/targets/0072/outlinestim_world1_probe2_1_0.png,noteleport_consistent,2,1,2,1,blue,649754db1c54fad23e345093,1,assets/targets/0072/outlinestim_world1_probe2_1_0.png,0,63,True
7,2953,65,0042,assets/targets/0042/img1_1.png,assets/targets/0042/img1_2.png,assets/targets/0042/img2_1.png,assets/targets/0042/img2_2.png,assets/targets/0042/recording1_1.mp4,assets/targets/0042/recording1_2.mp4,assets/targets/0042/recording2_1.mp4,assets/targets/0042/recording2_2.mp4,302.7180979554031,305.896846954325,False,assets/targets/0042/outlinestim_world1_probe0_1_1.png,assets/targets/0042/outlinestim_world2_probe0_1_0.png,assets/targets/0042/outlinestim_world2_probe0_1_1.png,assets/targets/0042/outlinestim_world1_probe0_1_0.png,nocol,0,1,1,1,blue,649754db1c54fad23e345093,0,assets/targets/0042/outlinestim_world2_probe0_1_1.png,1,35,False
8,2647,37,0052,assets/targets/0052/img1_1.png,assets/targets/0052/img1_2.png,assets/targets/0052/img2_1.png,assets/targets/0052/img2_2.png,assets/targets/0052/recording1_1.mp4,assets/targets/0052/recording1_2.mp4,assets/targets/0052/recording2_1.mp4,assets/targets/0052/recording2_2.mp4,570.2567171334038,231.9134273051645,False,assets/targets/0052/outlinestim_world1_probe2_2_1.png,assets/targets/0052/outlinestim_world2_probe2_2_0.png,assets/targets/0052/outlinestim_world2_probe2_2_1.png,assets/targets/0052/outlinestim_world1_probe2_2_0.png,noteleport_consistent,2,2,2,1,blue,649754db1c54fad23e345093,1,assets/targets/0052/outlinestim_world1_probe2_2_0.png,0,37,False
0,19991,72,0025,assets/targets/0025/img1_1.png,assets/targets/0025/img1_2.png,assets/targets/0025/img2_1.png,assets/targets/0025/img2_2.png,assets/targets/0025/recording1_1.mp4,assets/targets/0025/recording1_2.mp4,assets/targets/0025/recording2_1.mp4,assets/targets/0025/recording2_2.mp4,275.75178627094397,548.0849702817209,False,assets/targets/0025/outlinestim_world1_probe2_1_1.png,assets/targets/0025/outlinestim_world2_probe2_1_0.png,assets/targets/0025/outlinestim_world2_probe2_1_1.png,assets/targets/0025/outlinestim_world1_probe2_1_0.png,noteleport_consistent,2,1,2,0,brown,66f87e6e2dc45bbe77324f9a,0,assets/targets/0025/outlinestim_world2_probe2_1_1.png,1,28,False
1,26472,27,0024,assets/targets/0024/img1_1.png,assets/targets/0024/img1_2.png,assets/targets/0024/img2_1.png,assets/targets/0024/img2_2.png,assets/targets/0024/recording1_1.mp4,assets/targets/0024/recording1_2.mp4,assets/targets/0024/recording2_1.mp4,assets/targets/0024/recording2_2.mp4,392.50547349657757,36.17405762242421,False,assets/targets/0024/outlinestim_world1_probe0_1_1.png,assets/targets/0024/outlinestim_world2_probe0_1_0.png,assets/targets/0024/outlinestim_world2_probe0_1_1.png,assets/targets/0024/outlinestim_world1_probe0_1_0.png,nocol,0,1,2,0,brown,66f87e6e2dc45bbe77324f9a,1,assets/targets/0024/outlinestim_world2_probe0_1_0.png,0,27,False
2,11399,81,0042,assets/targets/0042/img1_1.png,assets/targets/0042/img1_2.png,assets/targets/0042/img2_1.png,assets/targets/0042/img2_2.png,assets/targets/0042/recording1_1.mp4,assets/targets/0042/recording1_2.mp4,assets/targets/0042/recording2_1.mp4,assets/targets/0042/recording2_2.mp4,302.7180979554031,305.896846954325,False,assets/targets/0042/outlinestim_world1_probe2_2_1.png,assets/targets/0042/outlinestim_world2_probe2_2_0.png,assets/targets/0042/outlinestim_world2_probe2_2_1.png,assets/targets/0042/outlinestim_world1_probe2_2_0.png,noteleport_consistent,2,2,2,0,brown,66f87e6e2dc45bbe77324f9a,1,assets/targets/0042/outlinestim_world2_probe2_2_0.png,0,81,True
3,9724,75,0091,assets/targets/0091/img1_1.png,assets/targets/0091/img1_2.png,assets/targets/0091/img2_1.png,assets/targets/0091/img2_2.png,assets/targets/0091/recording1_1.mp4,assets/targets/0091/recording1_2.mp4,assets/targets/0091/recording2_1.mp4,assets/targets/0091/recording2_2.mp4,360.26329222466995,232.43135081432789,False,assets/targets/0091/outlinestim_world1_probe0_2_1.png,assets/targets/0091/outlinestim_world2_probe0_2_0.png,assets/targets/0091/outlinestim_world2_probe0_2_1.png,assets/targets/0091/outlinestim_world1_probe0_2_0.png,nocol,0,2,2,0,brown,66f87e6e2dc45bbe77324f9a,1,assets/targets/0091/outlinestim_world2_probe0_2_0.png,0,75,True
4,8890,78,0069,assets/targets/0069/img1_1.png,assets/targets/0069/img1_2.png,assets/targets/0069/img2_1.png,assets/targets/0069/img2_2.png,assets/targets/0069/recording1_1.mp4,assets/targets/0069/recording1_2.mp4,assets/targets/0069/recording2_1.mp4,assets/targets/0069/recording2_2.mp4,45.99293272938177,282.53465008228795,False,assets/targets/0069/outlinestim_world1_probe1_2_1.png,assets/targets/0069/outlinestim_world2_probe1_2_0.png,assets/targets/0069/outlinestim_world2_probe1_2_1.png,assets/targets/0069/outlinestim_world1_probe1_2_0.png,teleport_consistent,1,2,2,0,brown,66f87e6e2dc45bbe77324f9a,1,assets/targets/0069/outlinestim_world2_probe1_2_0.png,0,78,True
5,12313,76,0045,assets/targets/0045/img1_1.png,assets/targets/0045/img1_2.png,assets/targets/0045/img2_1.png,assets/targets/0045/img2_2.png,assets/targets/0045/recording1_1.mp4,assets/targets/0045/recording1_2.mp4,assets/targets/0045/recording2_1.mp4,assets/targets/0045/recording2_2.mp4,436.6559051772762,257.95950551802974,False,assets/targets/0045/outlinestim_world1_probe2_2_1.png,assets/targets/0045/outlinestim_world2_probe2_2_0.png,assets/targets/0045/outlinestim_world2_probe2_2_1.png,assets/targets/0045/outlinestim_world1_probe2_2_0.png,noteleport_consistent,2,2,1,0,brown,66f87e6e2dc45bbe77324f9a,0,assets/targets/0045/outlinestim_world1_probe2_2_1.png,1,24,False
6,5553,77,0052,assets/targets/0052/img1_1.png,assets/targets/0052/img1_2.png,assets/targets/0052/img2_1.png,assets/targets/0052/img2_2.png,assets/targets/0052/recording1_1.mp4,assets/targets/0052/recording1_2.mp4,assets/targets/0052/recording2_1.mp4,assets/targets/0052/recording2_2.mp4,570.2567171334038,231.9134273051645,False,assets/targets/0052/outlinestim_world1_probe0_1_1.png,assets/targets/0052/outlinestim_world2_probe0_1_0.png,assets/targets/0052/outlinestim_world2_probe0_1_1.png,assets/targets/0052/outlinestim_world1_probe0_1_0.png,nocol,0,1,2,0,brown,66f87e6e2dc45bbe77324f9a,0,assets/targets/0052/outlinestim_world2_probe0_1_1.png,1,23,False
7,14314,67,0064,assets/targets/0064/img1_1.png,assets/targets/0064/img1_2.png,assets/targets/0064/img2_1.png,assets/targets/0064/img2_2.png,assets/targets/0064/recording1_1.mp4,assets/targets/0064/recording1_2.mp4,assets/targets/0064/recording2_1.mp4,assets/targets/0064/recording2_2.mp4,572.435126403118,233.99006146723664,False,assets/targets/0064/outlinestim_world1_probe2_1_1.png,assets/targets/0064/outlinestim_world2_probe2_1_0.png,assets/targets/0064/outlinestim_world2_probe2_1_1.png,assets/targets/0064/outlinestim_world1_probe2_1_0.png,noteleport_consistent,2,1,1,0,brown,66f87e6e2dc45bbe77324f9a,1,assets/targets/0064/outlinestim_world1_probe2_1_0.png,0,67,True
8,4075,23,0072,assets/targets/0072/img1_1.png,assets/targets/0072/img1_2.png,assets/targets/0072/img2_1.png,assets/targets/0072/img2_2.png,assets/targets/0072/recording1_1.mp4,assets/targets/0072/recording1_2.mp4,assets/targets/0072/recording2_1.mp4,assets/targets/0072/recording2_2.mp4,263.49876924364594,480.2927000755407,False,assets/targets/0072/outlinestim_world1_probe0_1_1.png,assets/targets/0072/outlinestim_world2_probe0_1_0.png,assets/targets/0072/outlinestim_world2_probe0_1_1.png,assets/targets/0072/outlinestim_world1_probe0_1_0.png,nocol,0,1,2,0,brown,66f87e6e2dc45bbe77324f9a,1,assets/targets/0072/outlinestim_world2_probe0_1_0.png,0,23,False
0,23810,49,0025,assets/targets/0025/img1_1.png,assets/targets/0025/img1_2.png,assets/targets/0025/img2_1.png,assets/targets/0025/img2_2.png,assets/targets/0025/recording1_1.mp4,assets/targets/0025/recording1_2.mp4,assets/targets/0025/recording2_1.mp4,assets/targets/0025/recording2_2.mp4,275.75178627094397,548.0849702817209,False,assets/targets/0025/outlinestim_world1_probe0_2_1.png,assets/targets/0025/outlinestim_world2_probe0_2_0.png,assets/targets/0025/outlinestim_world2_probe0_2_1.png,assets/targets/0025/outlinestim_world1_probe0_2_0.png,nocol,0,2,2,1,blue,63614899ad49a91f1ef09067,1,assets/targets/0025/outlinestim_world1_probe0_2_0.png,0,49,False
1,7973,0,0042,assets/targets/0042/img1_1.png,assets/targets/0042/img1_2.png,assets/targets/0042/img2_1.png,assets/targets/0042/img2_2.png,assets/targets/0042/recording1_1.mp4,assets/targets/0042/recording1_2.mp4,assets/targets/0042/recording2_1.mp4,assets/targets/0042/recording2_2.mp4,302.7180979554031,305.896846954325,False,assets/targets/0042/outlinestim_world1_probe2_2_1.png,assets/targets/0042/outlinestim_world2_probe2_2_0.png,assets/targets/0042/outlinestim_world2_probe2_2_1.png,assets/targets/0042/outlinestim_world1_probe2_2_0.png,noteleport_consistent,2,2,2,1,blue,63614899ad49a91f1ef09067,0,assets/targets/0042/outlinestim_world1_probe2_2_1.png,1,100,True
2,9867,99,0072,assets/targets/0072/img1_1.png,assets/targets/0072/img1_2.png,assets/targets/0072/img2_1.png,assets/targets/0072/img2_2.png,assets/targets/0072/recording1_1.mp4,assets/targets/0072/recording1_2.mp4,assets/targets/0072/recording2_1.mp4,assets/targets/0072/recording2_2.mp4,263.49876924364594,480.2927000755407,False,assets/targets/0072/outlinestim_world1_probe2_2_1.png,assets/targets/0072/outlinestim_world2_probe2_2_0.png,assets/targets/0072/outlinestim_world2_probe2_2_1.png,assets/targets/0072/outlinestim_world1_probe2_2_0.png,noteleport_consistent,2,2,2,1,blue,63614899ad49a91f1ef09067,1,assets/targets/0072/outlinestim_world1_probe2_2_0.png,0,99,True
3,7062,50,0045,assets/targets/0045/img1_1.png,assets/targets/0045/img1_2.png,assets/targets/0045/img2_1.png,assets/targets/0045/img2_2.png,assets/targets/0045/recording1_1.mp4,assets/targets/0045/recording1_2.mp4,assets/targets/0045/recording2_1.mp4,assets/targets/0045/recording2_2.mp4,436.6559051772762,257.95950551802974,False,assets/targets/0045/outlinestim_world1_probe0_1_1.png,assets/targets/0045/outlinestim_world2_probe0_1_0.png,assets/targets/0045/outlinestim_world2_probe0_1_1.png,assets/targets/0045/outlinestim_world1_probe0_1_0.png,nocol,0,1,2,1,blue,63614899ad49a91f1ef09067,1,assets/targets/0045/outlinestim_world1_probe0_1_0.png,0,50,True
4,14804,51,0052,assets/targets/0052/img1_1.png,assets/targets/0052/img1_2.png,assets/targets/0052/img2_1.png,assets/targets/0052/img2_2.png,assets/targets/0052/recording1_1.mp4,assets/targets/0052/recording1_2.mp4,assets/targets/0052/recording2_1.mp4,assets/targets/0052/recording2_2.mp4,570.2567171334038,231.9134273051645,False,assets/targets/0052/outlinestim_world1_probe1_1_1.png,assets/targets/0052/outlinestim_world2_probe1_1_0.png,assets/targets/0052/outlinestim_world2_probe1_1_1.png,assets/targets/0052/outlinestim_world1_probe1_1_0.png,teleport_consistent,1,1,2,1,blue,63614899ad49a91f1ef09067,0,assets/targets/0052/outlinestim_world1_probe1_1_1.png,1,49,False
5,6519,63,0064,assets/targets/0064/img1_1.png,assets/targets/0064/img1_2.png,assets/targets/0064/img2_1.png,assets/targets/0064/img2_2.png,assets/targets/0064/recording1_1.mp4,assets/targets/0064/recording1_2.mp4,assets/targets/0064/recording2_1.mp4,assets/targets/0064/recording2_2.mp4,572.435126403118,233.99006146723664,False,assets/targets/0064/outlinestim_world1_probe0_2_1.png,assets/targets/0064/outlinestim_world2_probe0_2_0.png,assets/targets/0064/outlinestim_world2_probe0_2_1.png,assets/targets/0064/outlinestim_world1_probe0_2_0.png,nocol,0,2,2,1,blue,63614899ad49a91f1ef09067,1,assets/targets/0064/outlinestim_world1_probe0_2_0.png,0,63,True
6,4980,47,0091,assets/targets/0091/img1_1.png,assets/targets/0091/img1_2.png,assets/targets/0091/img2_1.png,assets/targets/0091/img2_2.png,assets/targets/0091/recording1_1.mp4,assets/targets/0091/recording1_2.mp4,assets/targets/0091/recording2_1.mp4,assets/targets/0091/recording2_2.mp4,360.26329222466995,232.43135081432789,False,assets/targets/0091/outlinestim_world1_probe0_2_1.png,assets/targets/0091/outlinestim_world2_probe0_2_0.png,assets/targets/0091/outlinestim_world2_probe0_2_1.png,assets/targets/0091/outlinestim_world1_probe0_2_0.png,nocol,0,2,1,1,blue,63614899ad49a91f1ef09067,1,assets/targets/0091/outlinestim_world2_probe0_2_0.png,0,47,False
7,3983,51,0024,assets/targets/0024/img1_1.png,assets/targets/0024/img1_2.png,assets/targets/0024/img2_1.png,assets/targets/0024/img2_2.png,assets/targets/0024/recording1_1.mp4,assets/targets/0024/recording1_2.mp4,assets/targets/0024/recording2_1.mp4,assets/targets/0024/recording2_2.mp4,392.50547349657757,36.17405762242421,False,assets/targets/0024/outlinestim_world1_probe2_1_1.png,assets/targets/0024/outlinestim_world2_probe2_1_0.png,assets/targets/0024/outlinestim_world2_probe2_1_1.png,assets/targets/0024/outlinestim_world1_probe2_1_0.png,noteleport_consistent,2,1,2,1,blue,63614899ad49a91f1ef09067,0,assets/targets/0024/outlinestim_world1_probe2_1_1.png,1,49,False
8,10627,40,0069,assets/targets/0069/img1_1.png,assets/targets/0069/img1_2.png,assets/targets/0069/img2_1.png,assets/targets/0069/img2_2.png,assets/targets/0069/recording1_1.mp4,assets/targets/0069/recording1_2.mp4,assets/targets/0069/recording2_1.mp4,assets/targets/0069/recording2_2.mp4,45.99293272938177,282.53465008228795,False,assets/targets/0069/outlinestim_world1_probe2_1_1.png,assets/targets/0069/outlinestim_world2_probe2_1_0.png,assets/targets/0069/outlinestim_world2_probe2_1_1.png,assets/targets/0069/outlinestim_world1_probe2_1_0.png,noteleport_consistent,2,1,1,1,blue,63614899ad49a91f1ef09067,1,assets/targets/0069/outlinestim_world2_probe2_1_0.png,0,40,False
0,34820,100,0045,assets/targets/0045/img1_1.png,assets/targets/0045/img1_2.png,assets/targets/0045/img2_1.png,assets/targets/0045/img2_2.png,assets/targets/0045/recording1_1.mp4,assets/targets/0045/recording1_2.mp4,assets/targets/0045/recording2_1.mp4,assets/targets/0045/recording2_2.mp4,436.6559051772762,257.95950551802974,False,assets/targets/0045/outlinestim_world1_probe1_1_1.png,assets/targets/0045/outlinestim_world2_probe1_1_0.png,assets/targets/0045/outlinestim_world2_probe1_1_1.png,assets/targets/0045/outlinestim_world1_probe1_1_0.png,teleport_consistent,1,1,2,0,brown,615de5ffd3c522eef3c49556,1,assets/targets/0045/outlinestim_world2_probe1_1_0.png,0,100,True
1,9029,100,0042,assets/targets/0042/img1_1.png,assets/targets/0042/img1_2.png,assets/targets/0042/img2_1.png,assets/targets/0042/img2_2.png,assets/targets/0042/recording1_1.mp4,assets/targets/0042/recording1_2.mp4,assets/targets/0042/recording2_1.mp4,assets/targets/0042/recording2_2.mp4,302.7180979554031,305.896846954325,False,assets/targets/0042/outlinestim_world1_probe0_2_1.png,assets/targets/0042/outlinestim_world2_probe0_2_0.png,assets/targets/0042/outlinestim_world2_probe0_2_1.png,assets/targets/0042/outlinestim_world1_probe0_2_0.png,nocol,0,2,1,0,brown,615de5ffd3c522eef3c49556,0,assets/targets/0042/outlinestim_world1_probe0_2_1.png,1,0,False
2,9748,100,0052,assets/targets/0052/img1_1.png,assets/targets/0052/img1_2.png,assets/targets/0052/img2_1.png,assets/targets/0052/img2_2.png,assets/targets/0052/recording1_1.mp4,assets/targets/0052/recording1_2.mp4,assets/targets/0052/recording2_1.mp4,assets/targets/0052/recording2_2.mp4,570.2567171334038,231.9134273051645,False,assets/targets/0052/outlinestim_world1_probe2_1_1.png,assets/targets/0052/outlinestim_world2_probe2_1_0.png,assets/targets/0052/outlinestim_world2_probe2_1_1.png,assets/targets/0052/outlinestim_world1_probe2_1_0.png,noteleport_consistent,2,1,1,0,brown,615de5ffd3c522eef3c49556,1,assets/targets/0052/outlinestim_world1_probe2_1_0.png,0,100,True
3,14082,100,0091,assets/targets/0091/img1_1.png,assets/targets/0091/img1_2.png,assets/targets/0091/img2_1.png,assets/targets/0091/img2_2.png,assets/targets/0091/recording1_1.mp4,assets/targets/0091/recording1_2.mp4,assets/targets/0091/recording2_1.mp4,assets/targets/0091/recording2_2.mp4,360.26329222466995,232.43135081432789,False,assets/targets/0091/outlinestim_world1_probe1_1_1.png,assets/targets/0091/outlinestim_world2_probe1_1_0.png,assets/targets/0091/outlinestim_world2_probe1_1_1.png,assets/targets/0091/outlinestim_world1_probe1_1_0.png,teleport_consistent,1,1,1,0,brown,615de5ffd3c522eef3c49556,1,assets/targets/0091/outlinestim_world1_probe1_1_0.png,0,100,True
4,7165,0,0064,assets/targets/0064/img1_1.png,assets/targets/0064/img1_2.png,assets/targets/0064/img2_1.png,assets/targets/0064/img2_2.png,assets/targets/0064/recording1_1.mp4,assets/targets/0064/recording1_2.mp4,assets/targets/0064/recording2_1.mp4,assets/targets/0064/recording2_2.mp4,572.435126403118,233.99006146723664,False,assets/targets/0064/outlinestim_world1_probe2_1_1.png,assets/targets/0064/outlinestim_world2_probe2_1_0.png,assets/targets/0064/outlinestim_world2_probe2_1_1.png,assets/targets/0064/outlinestim_world1_probe2_1_0.png,noteleport_consistent,2,1,1,0,brown,615de5ffd3c522eef3c49556,0,assets/targets/0064/outlinestim_world1_probe2_1_1.png,1,100,True
5,4329,100,0024,assets/targets/0024/img1_1.png,assets/targets/0024/img1_2.png,assets/targets/0024/img2_1.png,assets/targets/0024/img2_2.png,assets/targets/0024/recording1_1.mp4,assets/targets/0024/recording1_2.mp4,assets/targets/0024/recording2_1.mp4,assets/targets/0024/recording2_2.mp4,392.50547349657757,36.17405762242421,False,assets/targets/0024/outlinestim_world1_probe0_2_1.png,assets/targets/0024/outlinestim_world2_probe0_2_0.png,assets/targets/0024/outlinestim_world2_probe0_2_1.png,assets/targets/0024/outlinestim_world1_probe0_2_0.png,nocol,0,2,1,0,brown,615de5ffd3c522eef3c49556,1,assets/targets/0024/outlinestim_world1_probe0_2_0.png,0,100,True
6,9807,0,0069,assets/targets/0069/img1_1.png,assets/targets/0069/img1_2.png,assets/targets/0069/img2_1.png,assets/targets/0069/img2_2.png,assets/targets/0069/recording1_1.mp4,assets/targets/0069/recording1_2.mp4,assets/targets/0069/recording2_1.mp4,assets/targets/0069/recording2_2.mp4,45.99293272938177,282.53465008228795,False,assets/targets/0069/outlinestim_world1_probe2_1_1.png,assets/targets/0069/outlinestim_world2_probe2_1_0.png,assets/targets/0069/outlinestim_world2_probe2_1_1.png,assets/targets/0069/outlinestim_world1_probe2_1_0.png,noteleport_consistent,2,1,2,0,brown,615de5ffd3c522eef3c49556,0,assets/targets/0069/outlinestim_world2_probe2_1_1.png,1,100,True
7,5824,100,0025,assets/targets/0025/img1_1.png,assets/targets/0025/img1_2.png,assets/targets/0025/img2_1.png,assets/targets/0025/img2_2.png,assets/targets/0025/recording1_1.mp4,assets/targets/0025/recording1_2.mp4,assets/targets/0025/recording2_1.mp4,assets/targets/0025/recording2_2.mp4,275.75178627094397,548.0849702817209,False,assets/targets/0025/outlinestim_world1_probe1_1_1.png,assets/targets/0025/outlinestim_world2_probe1_1_0.png,assets/targets/0025/outlinestim_world2_probe1_1_1.png,assets/targets/0025/outlinestim_world1_probe1_1_0.png,teleport_consistent,1,1,1,0,brown,615de5ffd3c522eef3c49556,1,assets/targets/0025/outlinestim_world1_probe1_1_0.png,0,100,True
8,5939,0,0072,assets/targets/0072/img1_1.png,assets/targets/0072/img1_2.png,assets/targets/0072/img2_1.png,assets/targets/0072/img2_2.png,assets/targets/0072/recording1_1.mp4,assets/targets/0072/recording1_2.mp4,assets/targets/0072/recording2_1.mp4,assets/targets/0072/recording2_2.mp4,263.49876924364594,480.2927000755407,False,assets/targets/0072/outlinestim_world1_probe1_2_1.png,assets/targets/0072/outlinestim_world2_probe1_2_0.png,assets/targets/0072/outlinestim_world2_probe1_2_1.png,assets/targets/0072/outlinestim_world1_probe1_2_0.png,teleport_consistent,1,2,2,0,brown,615de5ffd3c522eef3c49556,0,assets/targets/0072/outlinestim_world2_probe1_2_1.png,1,100,True
0,29323,86,0024,assets/targets/0024/img1_1.png,assets/targets/0024/img1_2.png,assets/targets/0024/img2_1.png,assets/targets/0024/img2_2.png,assets/targets/0024/recording1_1.mp4,assets/targets/0024/recording1_2.mp4,assets/targets/0024/recording2_1.mp4,assets/targets/0024/recording2_2.mp4,392.50547349657757,36.17405762242421,False,assets/targets/0024/outlinestim_world1_probe2_1_1.png,assets/targets/0024/outlinestim_world2_probe2_1_0.png,assets/targets/0024/outlinestim_world2_probe2_1_1.png,assets/targets/0024/outlinestim_world1_probe2_1_0.png,noteleport_consistent,2,1,1,0,brown,614f6bad672ef7cf5ecfd965,1,assets/targets/0024/outlinestim_world1_probe2_1_0.png,0,86,True
1,13406,20,0072,assets/targets/0072/img1_1.png,assets/targets/0072/img1_2.png,assets/targets/0072/img2_1.png,assets/targets/0072/img2_2.png,assets/targets/0072/recording1_1.mp4,assets/targets/0072/recording1_2.mp4,assets/targets/0072/recording2_1.mp4,assets/targets/0072/recording2_2.mp4,263.49876924364594,480.2927000755407,False,assets/targets/0072/outlinestim_world1_probe1_2_1.png,assets/targets/0072/outlinestim_world2_probe1_2_0.png,assets/targets/0072/outlinestim_world2_probe1_2_1.png,assets/targets/0072/outlinestim_world1_probe1_2_0.png,teleport_consistent,1,2,1,0,brown,614f6bad672ef7cf5ecfd965,1,assets/targets/0072/outlinestim_world1_probe1_2_0.png,0,20,False
2,18702,94,0091,assets/targets/0091/img1_1.png,assets/targets/0091/img1_2.png,assets/targets/0091/img2_1.png,assets/targets/0091/img2_2.png,assets/targets/0091/recording1_1.mp4,assets/targets/0091/recording1_2.mp4,assets/targets/0091/recording2_1.mp4,assets/targets/0091/recording2_2.mp4,360.26329222466995,232.43135081432789,False,assets/targets/0091/outlinestim_world1_probe1_2_1.png,assets/targets/0091/outlinestim_world2_probe1_2_0.png,assets/targets/0091/outlinestim_world2_probe1_2_1.png,assets/targets/0091/outlinestim_world1_probe1_2_0.png,teleport_consistent,1,2,2,0,brown,614f6bad672ef7cf5ecfd965,1,assets/targets/0091/outlinestim_world2_probe1_2_0.png,0,94,True
3,19352,66,0042,assets/targets/0042/img1_1.png,assets/targets/0042/img1_2.png,assets/targets/0042/img2_1.png,assets/targets/0042/img2_2.png,assets/targets/0042/recording1_1.mp4,assets/targets/0042/recording1_2.mp4,assets/targets/0042/recording2_1.mp4,assets/targets/0042/recording2_2.mp4,302.7180979554031,305.896846954325,False,assets/targets/0042/outlinestim_world1_probe0_1_1.png,assets/targets/0042/outlinestim_world2_probe0_1_0.png,assets/targets/0042/outlinestim_world2_probe0_1_1.png,assets/targets/0042/outlinestim_world1_probe0_1_0.png,nocol,0,1,2,0,brown,614f6bad672ef7cf5ecfd965,0,assets/targets/0042/outlinestim_world2_probe0_1_1.png,1,34,False
4,10444,12,0045,assets/targets/0045/img1_1.png,assets/targets/0045/img1_2.png,assets/targets/0045/img2_1.png,assets/targets/0045/img2_2.png,assets/targets/0045/recording1_1.mp4,assets/targets/0045/recording1_2.mp4,assets/targets/0045/recording2_1.mp4,assets/targets/0045/recording2_2.mp4,436.6559051772762,257.95950551802974,False,assets/targets/0045/outlinestim_world1_probe1_1_1.png,assets/targets/0045/outlinestim_world2_probe1_1_0.png,assets/targets/0045/outlinestim_world2_probe1_1_1.png,assets/targets/0045/outlinestim_world1_probe1_1_0.png,teleport_consistent,1,1,1,0,brown,614f6bad672ef7cf5ecfd965,0,assets/targets/0045/outlinestim_world1_probe1_1_1.png,1,88,True
5,14212,15,0069,assets/targets/0069/img1_1.png,assets/targets/0069/img1_2.png,assets/targets/0069/img2_1.png,assets/targets/0069/img2_2.png,assets/targets/0069/recording1_1.mp4,assets/targets/0069/recording1_2.mp4,assets/targets/0069/recording2_1.mp4,assets/targets/0069/recording2_2.mp4,45.99293272938177,282.53465008228795,False,assets/targets/0069/outlinestim_world1_probe2_2_1.png,assets/targets/0069/outlinestim_world2_probe2_2_0.png,assets/targets/0069/outlinestim_world2_probe2_2_1.png,assets/targets/0069/outlinestim_world1_probe2_2_0.png,noteleport_consistent,2,2,2,0,brown,614f6bad672ef7cf5ecfd965,0,assets/targets/0069/outlinestim_world2_probe2_2_1.png,1,85,True
6,11106,50,0025,assets/targets/0025/img1_1.png,assets/targets/0025/img1_2.png,assets/targets/0025/img2_1.png,assets/targets/0025/img2_2.png,assets/targets/0025/recording1_1.mp4,assets/targets/0025/recording1_2.mp4,assets/targets/0025/recording2_1.mp4,assets/targets/0025/recording2_2.mp4,275.75178627094397,548.0849702817209,False,assets/targets/0025/outlinestim_world1_probe0_1_1.png,assets/targets/0025/outlinestim_world2_probe0_1_0.png,assets/targets/0025/outlinestim_world2_probe0_1_1.png,assets/targets/0025/outlinestim_world1_probe0_1_0.png,nocol,0,1,1,0,brown,614f6bad672ef7cf5ecfd965,0,assets/targets/0025/outlinestim_world1_probe0_1_1.png,1,50,True
7,9572,78,0052,assets/targets/0052/img1_1.png,assets/targets/0052/img1_2.png,assets/targets/0052/img2_1.png,assets/targets/0052/img2_2.png,assets/targets/0052/recording1_1.mp4,assets/targets/0052/recording1_2.mp4,assets/targets/0052/recording2_1.mp4,assets/targets/0052/recording2_2.mp4,570.2567171334038,231.9134273051645,False,assets/targets/0052/outlinestim_world1_probe2_2_1.png,assets/targets/0052/outlinestim_world2_probe2_2_0.png,assets/targets/0052/outlinestim_world2_probe2_2_1.png,assets/targets/0052/outlinestim_world1_probe2_2_0.png,noteleport_consistent,2,2,1,0,brown,614f6bad672ef7cf5ecfd965,1,assets/targets/0052/outlinestim_world1_probe2_2_0.png,0,78,True
8,16185,15,0064,assets/targets/0064/img1_1.png,assets/targets/0064/img1_2.png,assets/targets/0064/img2_1.png,assets/targets/0064/img2_2.png,assets/targets/0064/recording1_1.mp4,assets/targets/0064/recording1_2.mp4,assets/targets/0064/recording2_1.mp4,assets/targets/0064/recording2_2.mp4,572.435126403118,233.99006146723664,False,assets/targets/0064/outlinestim_world1_probe2_2_1.png,assets/targets/0064/outlinestim_world2_probe2_2_0.png,assets/targets/0064/outlinestim_world2_probe2_2_1.png,assets/targets/0064/outlinestim_world1_probe2_2_0.png,noteleport_consistent,2,2,1,0,brown,614f6bad672ef7cf5ecfd965,1,assets/targets/0064/outlinestim_world1_probe2_2_0.png,0,15,False
0,32997,15,0052,assets/targets/0052/img1_1.png,assets/targets/0052/img1_2.png,assets/targets/0052/img2_1.png,assets/targets/0052/img2_2.png,assets/targets/0052/recording1_1.mp4,assets/targets/0052/recording1_2.mp4,assets/targets/0052/recording2_1.mp4,assets/targets/0052/recording2_2.mp4,570.2567171334038,231.9134273051645,False,assets/targets/0052/outlinestim_world1_probe1_2_1.png,assets/targets/0052/outlinestim_world2_probe1_2_0.png,assets/targets/0052/outlinestim_world2_probe1_2_1.png,assets/targets/0052/outlinestim_world1_probe1_2_0.png,teleport_consistent,1,2,2,0,brown,5fc540a29f2d2302e30e999d,0,assets/targets/0052/outlinestim_world2_probe1_2_1.png,1,85,True
1,6645,58,0069,assets/targets/0069/img1_1.png,assets/targets/0069/img1_2.png,assets/targets/0069/img2_1.png,assets/targets/0069/img2_2.png,assets/targets/0069/recording1_1.mp4,assets/targets/0069/recording1_2.mp4,assets/targets/0069/recording2_1.mp4,assets/targets/0069/recording2_2.mp4,45.99293272938177,282.53465008228795,False,assets/targets/0069/outlinestim_world1_probe0_2_1.png,assets/targets/0069/outlinestim_world2_probe0_2_0.png,assets/targets/0069/outlinestim_world2_probe0_2_1.png,assets/targets/0069/outlinestim_world1_probe0_2_0.png,nocol,0,2,1,0,brown,5fc540a29f2d2302e30e999d,0,assets/targets/0069/outlinestim_world1_probe0_2_1.png,1,42,False
2,4116,52,0024,assets/targets/0024/img1_1.png,assets/targets/0024/img1_2.png,assets/targets/0024/img2_1.png,assets/targets/0024/img2_2.png,assets/targets/0024/recording1_1.mp4,assets/targets/0024/recording1_2.mp4,assets/targets/0024/recording2_1.mp4,assets/targets/0024/recording2_2.mp4,392.50547349657757,36.17405762242421,False,assets/targets/0024/outlinestim_world1_probe0_1_1.png,assets/targets/0024/outlinestim_world2_probe0_1_0.png,assets/targets/0024/outlinestim_world2_probe0_1_1.png,assets/targets/0024/outlinestim_world1_probe0_1_0.png,nocol,0,1,2,0,brown,5fc540a29f2d2302e30e999d,1,assets/targets/0024/outlinestim_world2_probe0_1_0.png,0,52,True
3,4279,61,0045,assets/targets/0045/img1_1.png,assets/targets/0045/img1_2.png,assets/targets/0045/img2_1.png,assets/targets/0045/img2_2.png,assets/targets/0045/recording1_1.mp4,assets/targets/0045/recording1_2.mp4,assets/targets/0045/recording2_1.mp4,assets/targets/0045/recording2_2.mp4,436.6559051772762,257.95950551802974,False,assets/targets/0045/outlinestim_world1_probe1_1_1.png,assets/targets/0045/outlinestim_world2_probe1_1_0.png,assets/targets/0045/outlinestim_world2_probe1_1_1.png,assets/targets/0045/outlinestim_world1_probe1_1_0.png,teleport_consistent,1,1,2,0,brown,5fc540a29f2d2302e30e999d,1,assets/targets/0045/outlinestim_world2_probe1_1_0.png,0,61,True
4,9920,92,0042,assets/targets/0042/img1_1.png,assets/targets/0042/img1_2.png,assets/targets/0042/img2_1.png,assets/targets/0042/img2_2.png,assets/targets/0042/recording1_1.mp4,assets/targets/0042/recording1_2.mp4,assets/targets/0042/recording2_1.mp4,assets/targets/0042/recording2_2.mp4,302.7180979554031,305.896846954325,False,assets/targets/0042/outlinestim_world1_probe2_2_1.png,assets/targets/0042/outlinestim_world2_probe2_2_0.png,assets/targets/0042/outlinestim_world2_probe2_2_1.png,assets/targets/0042/outlinestim_world1_probe2_2_0.png,noteleport_consistent,2,2,2,0,brown,5fc540a29f2d2302e30e999d,1,assets/targets/0042/outlinestim_world2_probe2_2_0.png,0,92,True
5,6696,61,0091,assets/targets/0091/img1_1.png,assets/targets/0091/img1_2.png,assets/targets/0091/img2_1.png,assets/targets/0091/img2_2.png,assets/targets/0091/recording1_1.mp4,assets/targets/0091/recording1_2.mp4,assets/targets/0091/recording2_1.mp4,assets/targets/0091/recording2_2.mp4,360.26329222466995,232.43135081432789,False,assets/targets/0091/outlinestim_world1_probe0_1_1.png,assets/targets/0091/outlinestim_world2_probe0_1_0.png,assets/targets/0091/outlinestim_world2_probe0_1_1.png,assets/targets/0091/outlinestim_world1_probe0_1_0.png,nocol,0,1,2,0,brown,5fc540a29f2d2302e30e999d,1,assets/targets/0091/outlinestim_world2_probe0_1_0.png,0,61,True
6,5068,93,0064,assets/targets/0064/img1_1.png,assets/targets/0064/img1_2.png,assets/targets/0064/img2_1.png,assets/targets/0064/img2_2.png,assets/targets/0064/recording1_1.mp4,assets/targets/0064/recording1_2.mp4,assets/targets/0064/recording2_1.mp4,assets/targets/0064/recording2_2.mp4,572.435126403118,233.99006146723664,False,assets/targets/0064/outlinestim_world1_probe1_2_1.png,assets/targets/0064/outlinestim_world2_probe1_2_0.png,assets/targets/0064/outlinestim_world2_probe1_2_1.png,assets/targets/0064/outlinestim_world1_probe1_2_0.png,teleport_consistent,1,2,1,0,brown,5fc540a29f2d2302e30e999d,0,assets/targets/0064/outlinestim_world1_probe1_2_1.png,1,7,False
7,4756,49,0072,assets/targets/0072/img1_1.png,assets/targets/0072/img1_2.png,assets/targets/0072/img2_1.png,assets/targets/0072/img2_2.png,assets/targets/0072/recording1_1.mp4,assets/targets/0072/recording1_2.mp4,assets/targets/0072/recording2_1.mp4,assets/targets/0072/recording2_2.mp4,263.49876924364594,480.2927000755407,False,assets/targets/0072/outlinestim_world1_probe2_2_1.png,assets/targets/0072/outlinestim_world2_probe2_2_0.png,assets/targets/0072/outlinestim_world2_probe2_2_1.png,assets/targets/0072/outlinestim_world1_probe2_2_0.png,noteleport_consistent,2,2,1,0,brown,5fc540a29f2d2302e30e999d,1,assets/targets/0072/outlinestim_world1_probe2_2_0.png,0,49,False
8,3844,50,0025,assets/targets/0025/img1_1.png,assets/targets/0025/img1_2.png,assets/targets/0025/img2_1.png,assets/targets/0025/img2_2.png,assets/targets/0025/recording1_1.mp4,assets/targets/0025/recording1_2.mp4,assets/targets/0025/recording2_1.mp4,assets/targets/0025/recording2_2.mp4,275.75178627094397,548.0849702817209,False,assets/targets/0025/outlinestim_world1_probe1_1_1.png,assets/targets/0025/outlinestim_world2_probe1_1_0.png,assets/targets/0025/outlinestim_world2_probe1_1_1.png,assets/targets/0025/outlinestim_world1_probe1_1_0.png,teleport_consistent,1,1,2,0,brown,5fc540a29f2d2302e30e999d,0,assets/targets/0025/outlinestim_world2_probe1_1_1.png,1,50,True
0,32190,11,0091,assets/targets/0091/img1_1.png,assets/targets/0091/img1_2.png,assets/targets/0091/img2_1.png,assets/targets/0091/img2_2.png,assets/targets/0091/recording1_1.mp4,assets/targets/0091/recording1_2.mp4,assets/targets/0091/recording2_1.mp4,assets/targets/0091/recording2_2.mp4,360.26329222466995,232.43135081432789,False,assets/targets/0091/outlinestim_world1_probe1_2_1.png,assets/targets/0091/outlinestim_world2_probe1_2_0.png,assets/targets/0091/outlinestim_world2_probe1_2_1.png,assets/targets/0091/outlinestim_world1_probe1_2_0.png,teleport_consistent,1,2,2,1,blue,656e0dab178ffccdaa47202e,0,assets/targets/0091/outlinestim_world1_probe1_2_1.png,1,89,True
1,16753,78,0064,assets/targets/0064/img1_1.png,assets/targets/0064/img1_2.png,assets/targets/0064/img2_1.png,assets/targets/0064/img2_2.png,assets/targets/0064/recording1_1.mp4,assets/targets/0064/recording1_2.mp4,assets/targets/0064/recording2_1.mp4,assets/targets/0064/recording2_2.mp4,572.435126403118,233.99006146723664,False,assets/targets/0064/outlinestim_world1_probe2_1_1.png,assets/targets/0064/outlinestim_world2_probe2_1_0.png,assets/targets/0064/outlinestim_world2_probe2_1_1.png,assets/targets/0064/outlinestim_world1_probe2_1_0.png,noteleport_consistent,2,1,1,1,blue,656e0dab178ffccdaa47202e,1,assets/targets/0064/outlinestim_world2_probe2_1_0.png,0,78,True
2,13806,94,0024,assets/targets/0024/img1_1.png,assets/targets/0024/img1_2.png,assets/targets/0024/img2_1.png,assets/targets/0024/img2_2.png,assets/targets/0024/recording1_1.mp4,assets/targets/0024/recording1_2.mp4,assets/targets/0024/recording2_1.mp4,assets/targets/0024/recording2_2.mp4,392.50547349657757,36.17405762242421,False,assets/targets/0024/outlinestim_world1_probe2_1_1.png,assets/targets/0024/outlinestim_world2_probe2_1_0.png,assets/targets/0024/outlinestim_world2_probe2_1_1.png,assets/targets/0024/outlinestim_world1_probe2_1_0.png,noteleport_consistent,2,1,2,1,blue,656e0dab178ffccdaa47202e,1,assets/targets/0024/outlinestim_world1_probe2_1_0.png,0,94,True
3,9738,54,0025,assets/targets/0025/img1_1.png,assets/targets/0025/img1_2.png,assets/targets/0025/img2_1.png,assets/targets/0025/img2_2.png,assets/targets/0025/recording1_1.mp4,assets/targets/0025/recording1_2.mp4,assets/targets/0025/recording2_1.mp4,assets/targets/0025/recording2_2.mp4,275.75178627094397,548.0849702817209,False,assets/targets/0025/outlinestim_world1_probe0_1_1.png,assets/targets/0025/outlinestim_world2_probe0_1_0.png,assets/targets/0025/outlinestim_world2_probe0_1_1.png,assets/targets/0025/outlinestim_world1_probe0_1_0.png,nocol,0,1,1,1,blue,656e0dab178ffccdaa47202e,1,assets/targets/0025/outlinestim_world2_probe0_1_0.png,0,54,True
4,9941,45,0072,assets/targets/0072/img1_1.png,assets/targets/0072/img1_2.png,assets/targets/0072/img2_1.png,assets/targets/0072/img2_2.png,assets/targets/0072/recording1_1.mp4,assets/targets/0072/recording1_2.mp4,assets/targets/0072/recording2_1.mp4,assets/targets/0072/recording2_2.mp4,263.49876924364594,480.2927000755407,False,assets/targets/0072/outlinestim_world1_probe1_2_1.png,assets/targets/0072/outlinestim_world2_probe1_2_0.png,assets/targets/0072/outlinestim_world2_probe1_2_1.png,assets/targets/0072/outlinestim_world1_probe1_2_0.png,teleport_consistent,1,2,2,1,blue,656e0dab178ffccdaa47202e,1,assets/targets/0072/outlinestim_world1_probe1_2_0.png,0,45,False
5,10883,98,0045,assets/targets/0045/img1_1.png,assets/targets/0045/img1_2.png,assets/targets/0045/img2_1.png,assets/targets/0045/img2_2.png,assets/targets/0045/recording1_1.mp4,assets/targets/0045/recording1_2.mp4,assets/targets/0045/recording2_1.mp4,assets/targets/0045/recording2_2.mp4,436.6559051772762,257.95950551802974,False,assets/targets/0045/outlinestim_world1_probe1_1_1.png,assets/targets/0045/outlinestim_world2_probe1_1_0.png,assets/targets/0045/outlinestim_world2_probe1_1_1.png,assets/targets/0045/outlinestim_world1_probe1_1_0.png,teleport_consistent,1,1,1,1,blue,656e0dab178ffccdaa47202e,1,assets/targets/0045/outlinestim_world2_probe1_1_0.png,0,98,True
6,14476,8,0042,assets/targets/0042/img1_1.png,assets/targets/0042/img1_2.png,assets/targets/0042/img2_1.png,assets/targets/0042/img2_2.png,assets/targets/0042/recording1_1.mp4,assets/targets/0042/recording1_2.mp4,assets/targets/0042/recording2_1.mp4,assets/targets/0042/recording2_2.mp4,302.7180979554031,305.896846954325,False,assets/targets/0042/outlinestim_world1_probe2_1_1.png,assets/targets/0042/outlinestim_world2_probe2_1_0.png,assets/targets/0042/outlinestim_world2_probe2_1_1.png,assets/targets/0042/outlinestim_world1_probe2_1_0.png,noteleport_consistent,2,1,2,1,blue,656e0dab178ffccdaa47202e,0,assets/targets/0042/outlinestim_world1_probe2_1_1.png,1,92,True
7,10751,90,0052,assets/targets/0052/img1_1.png,assets/targets/0052/img1_2.png,assets/targets/0052/img2_1.png,assets/targets/0052/img2_2.png,assets/targets/0052/recording1_1.mp4,assets/targets/0052/recording1_2.mp4,assets/targets/0052/recording2_1.mp4,assets/targets/0052/recording2_2.mp4,570.2567171334038,231.9134273051645,False,assets/targets/0052/outlinestim_world1_probe2_2_1.png,assets/targets/0052/outlinestim_world2_probe2_2_0.png,assets/targets/0052/outlinestim_world2_probe2_2_1.png,assets/targets/0052/outlinestim_world1_probe2_2_0.png,noteleport_consistent,2,2,2,1,blue,656e0dab178ffccdaa47202e,1,assets/targets/0052/outlinestim_world1_probe2_2_0.png,0,90,True
8,8022,8,0069,assets/targets/0069/img1_1.png,assets/targets/0069/img1_2.png,assets/targets/0069/img2_1.png,assets/targets/0069/img2_2.png,assets/targets/0069/recording1_1.mp4,assets/targets/0069/recording1_2.mp4,assets/targets/0069/recording2_1.mp4,assets/targets/0069/recording2_2.mp4,45.99293272938177,282.53465008228795,False,assets/targets/0069/outlinestim_world1_probe1_1_1.png,assets/targets/0069/outlinestim_world2_probe1_1_0.png,assets/targets/0069/outlinestim_world2_probe1_1_1.png,assets/targets/0069/outlinestim_world1_probe1_1_0.png,teleport_consistent,1,1,1,1,blue,656e0dab178ffccdaa47202e,0,assets/targets/0069/outlinestim_world2_probe1_1_1.png,1,92,True
0,49421,67,0024,assets/targets/0024/img1_1.png,assets/targets/0024/img1_2.png,assets/targets/0024/img2_1.png,assets/targets/0024/img2_2.png,assets/targets/0024/recording1_1.mp4,assets/targets/0024/recording1_2.mp4,assets/targets/0024/recording2_1.mp4,assets/targets/0024/recording2_2.mp4,392.50547349657757,36.17405762242421,False,assets/targets/0024/outlinestim_world1_probe1_2_1.png,assets/targets/0024/outlinestim_world2_probe1_2_0.png,assets/targets/0024/outlinestim_world2_probe1_2_1.png,assets/targets/0024/outlinestim_world1_probe1_2_0.png,teleport_consistent,1,2,2,0,brown,5ee6be54321536000905346a,0,assets/targets/0024/outlinestim_world2_probe1_2_1.png,1,33,False
1,27832,100,0069,assets/targets/0069/img1_1.png,assets/targets/0069/img1_2.png,assets/targets/0069/img2_1.png,assets/targets/0069/img2_2.png,assets/targets/0069/recording1_1.mp4,assets/targets/0069/recording1_2.mp4,assets/targets/0069/recording2_1.mp4,assets/targets/0069/recording2_2.mp4,45.99293272938177,282.53465008228795,False,assets/targets/0069/outlinestim_world1_probe1_2_1.png,assets/targets/0069/outlinestim_world2_probe1_2_0.png,assets/targets/0069/outlinestim_world2_probe1_2_1.png,assets/targets/0069/outlinestim_world1_probe1_2_0.png,teleport_consistent,1,2,1,0,brown,5ee6be54321536000905346a,0,assets/targets/0069/outlinestim_world1_probe1_2_1.png,1,0,False
2,44205,49,0025,assets/targets/0025/img1_1.png,assets/targets/0025/img1_2.png,assets/targets/0025/img2_1.png,assets/targets/0025/img2_2.png,assets/targets/0025/recording1_1.mp4,assets/targets/0025/recording1_2.mp4,assets/targets/0025/recording2_1.mp4,assets/targets/0025/recording2_2.mp4,275.75178627094397,548.0849702817209,False,assets/targets/0025/outlinestim_world1_probe2_2_1.png,assets/targets/0025/outlinestim_world2_probe2_2_0.png,assets/targets/0025/outlinestim_world2_probe2_2_1.png,assets/targets/0025/outlinestim_world1_probe2_2_0.png,noteleport_consistent,2,2,1,0,brown,5ee6be54321536000905346a,1,assets/targets/0025/outlinestim_world1_probe2_2_0.png,0,49,False
3,46941,50,0064,assets/targets/0064/img1_1.png,assets/targets/0064/img1_2.png,assets/targets/0064/img2_1.png,assets/targets/0064/img2_2.png,assets/targets/0064/recording1_1.mp4,assets/targets/0064/recording1_2.mp4,assets/targets/0064/recording2_1.mp4,assets/targets/0064/recording2_2.mp4,572.435126403118,233.99006146723664,False,assets/targets/0064/outlinestim_world1_probe2_2_1.png,assets/targets/0064/outlinestim_world2_probe2_2_0.png,assets/targets/0064/outlinestim_world2_probe2_2_1.png,assets/targets/0064/outlinestim_world1_probe2_2_0.png,noteleport_consistent,2,2,2,0,brown,5ee6be54321536000905346a,1,assets/targets/0064/outlinestim_world2_probe2_2_0.png,0,50,True
4,24386,29,0042,assets/targets/0042/img1_1.png,assets/targets/0042/img1_2.png,assets/targets/0042/img2_1.png,assets/targets/0042/img2_2.png,assets/targets/0042/recording1_1.mp4,assets/targets/0042/recording1_2.mp4,assets/targets/0042/recording2_1.mp4,assets/targets/0042/recording2_2.mp4,302.7180979554031,305.896846954325,False,assets/targets/0042/outlinestim_world1_probe0_1_1.png,assets/targets/0042/outlinestim_world2_probe0_1_0.png,assets/targets/0042/outlinestim_world2_probe0_1_1.png,assets/targets/0042/outlinestim_world1_probe0_1_0.png,nocol,0,1,2,0,brown,5ee6be54321536000905346a,0,assets/targets/0042/outlinestim_world2_probe0_1_1.png,1,71,True
5,13368,100,0091,assets/targets/0091/img1_1.png,assets/targets/0091/img1_2.png,assets/targets/0091/img2_1.png,assets/targets/0091/img2_2.png,assets/targets/0091/recording1_1.mp4,assets/targets/0091/recording1_2.mp4,assets/targets/0091/recording2_1.mp4,assets/targets/0091/recording2_2.mp4,360.26329222466995,232.43135081432789,False,assets/targets/0091/outlinestim_world1_probe1_1_1.png,assets/targets/0091/outlinestim_world2_probe1_1_0.png,assets/targets/0091/outlinestim_world2_probe1_1_1.png,assets/targets/0091/outlinestim_world1_probe1_1_0.png,teleport_consistent,1,1,1,0,brown,5ee6be54321536000905346a,1,assets/targets/0091/outlinestim_world1_probe1_1_0.png,0,100,True
6,10567,0,0052,assets/targets/0052/img1_1.png,assets/targets/0052/img1_2.png,assets/targets/0052/img2_1.png,assets/targets/0052/img2_2.png,assets/targets/0052/recording1_1.mp4,assets/targets/0052/recording1_2.mp4,assets/targets/0052/recording2_1.mp4,assets/targets/0052/recording2_2.mp4,570.2567171334038,231.9134273051645,False,assets/targets/0052/outlinestim_world1_probe1_1_1.png,assets/targets/0052/outlinestim_world2_probe1_1_0.png,assets/targets/0052/outlinestim_world2_probe1_1_1.png,assets/targets/0052/outlinestim_world1_probe1_1_0.png,teleport_consistent,1,1,1,0,brown,5ee6be54321536000905346a,0,assets/targets/0052/outlinestim_world1_probe1_1_1.png,1,100,True
7,29534,41,0045,assets/targets/0045/img1_1.png,assets/targets/0045/img1_2.png,assets/targets/0045/img2_1.png,assets/targets/0045/img2_2.png,assets/targets/0045/recording1_1.mp4,assets/targets/0045/recording1_2.mp4,assets/targets/0045/recording2_1.mp4,assets/targets/0045/recording2_2.mp4,436.6559051772762,257.95950551802974,False,assets/targets/0045/outlinestim_world1_probe1_1_1.png,assets/targets/0045/outlinestim_world2_probe1_1_0.png,assets/targets/0045/outlinestim_world2_probe1_1_1.png,assets/targets/0045/outlinestim_world1_probe1_1_0.png,teleport_consistent,1,1,1,0,brown,5ee6be54321536000905346a,0,assets/targets/0045/outlinestim_world1_probe1_1_1.png,1,59,True
8,25376,50,0072,assets/targets/0072/img1_1.png,assets/targets/0072/img1_2.png,assets/targets/0072/img2_1.png,assets/targets/0072/img2_2.png,assets/targets/0072/recording1_1.mp4,assets/targets/0072/recording1_2.mp4,assets/targets/0072/recording2_1.mp4,assets/targets/0072/recording2_2.mp4,263.49876924364594,480.2927000755407,False,assets/targets/0072/outlinestim_world1_probe2_1_1.png,assets/targets/0072/outlinestim_world2_probe2_1_0.png,assets/targets/0072/outlinestim_world2_probe2_1_1.png,assets/targets/0072/outlinestim_world1_probe2_1_0.png,noteleport_consistent,2,1,1,0,brown,5ee6be54321536000905346a,0,assets/targets/0072/outlinestim_world1_probe2_1_1.png,1,50,True
0,18292,0,0045,assets/targets/0045/img1_1.png,assets/targets/0045/img1_2.png,assets/targets/0045/img2_1.png,assets/targets/0045/img2_2.png,assets/targets/0045/recording1_1.mp4,assets/targets/0045/recording1_2.mp4,assets/targets/0045/recording2_1.mp4,assets/targets/0045/recording2_2.mp4,436.6559051772762,257.95950551802974,False,assets/targets/0045/outlinestim_world1_probe1_1_1.png,assets/targets/0045/outlinestim_world2_probe1_1_0.png,assets/targets/0045/outlinestim_world2_probe1_1_1.png,assets/targets/0045/outlinestim_world1_probe1_1_0.png,teleport_consistent,1,1,1,0,brown,5f467b0a0d1aef037515c8c9,0,assets/targets/0045/outlinestim_world1_probe1_1_1.png,1,100,True
1,5009,45,0025,assets/targets/0025/img1_1.png,assets/targets/0025/img1_2.png,assets/targets/0025/img2_1.png,assets/targets/0025/img2_2.png,assets/targets/0025/recording1_1.mp4,assets/targets/0025/recording1_2.mp4,assets/targets/0025/recording2_1.mp4,assets/targets/0025/recording2_2.mp4,275.75178627094397,548.0849702817209,False,assets/targets/0025/outlinestim_world1_probe2_1_1.png,assets/targets/0025/outlinestim_world2_probe2_1_0.png,assets/targets/0025/outlinestim_world2_probe2_1_1.png,assets/targets/0025/outlinestim_world1_probe2_1_0.png,noteleport_consistent,2,1,1,0,brown,5f467b0a0d1aef037515c8c9,0,assets/targets/0025/outlinestim_world1_probe2_1_1.png,1,55,True
2,5069,45,0024,assets/targets/0024/img1_1.png,assets/targets/0024/img1_2.png,assets/targets/0024/img2_1.png,assets/targets/0024/img2_2.png,assets/targets/0024/recording1_1.mp4,assets/targets/0024/recording1_2.mp4,assets/targets/0024/recording2_1.mp4,assets/targets/0024/recording2_2.mp4,392.50547349657757,36.17405762242421,False,assets/targets/0024/outlinestim_world1_probe1_2_1.png,assets/targets/0024/outlinestim_world2_probe1_2_0.png,assets/targets/0024/outlinestim_world2_probe1_2_1.png,assets/targets/0024/outlinestim_world1_probe1_2_0.png,teleport_consistent,1,2,2,0,brown,5f467b0a0d1aef037515c8c9,0,assets/targets/0024/outlinestim_world2_probe1_2_1.png,1,55,True
3,5629,19,0064,assets/targets/0064/img1_1.png,assets/targets/0064/img1_2.png,assets/targets/0064/img2_1.png,assets/targets/0064/img2_2.png,assets/targets/0064/recording1_1.mp4,assets/targets/0064/recording1_2.mp4,assets/targets/0064/recording2_1.mp4,assets/targets/0064/recording2_2.mp4,572.435126403118,233.99006146723664,False,assets/targets/0064/outlinestim_world1_probe2_2_1.png,assets/targets/0064/outlinestim_world2_probe2_2_0.png,assets/targets/0064/outlinestim_world2_probe2_2_1.png,assets/targets/0064/outlinestim_world1_probe2_2_0.png,noteleport_consistent,2,2,2,0,brown,5f467b0a0d1aef037515c8c9,1,assets/targets/0064/outlinestim_world2_probe2_2_0.png,0,19,False
4,4006,53,0042,assets/targets/0042/img1_1.png,assets/targets/0042/img1_2.png,assets/targets/0042/img2_1.png,assets/targets/0042/img2_2.png,assets/targets/0042/recording1_1.mp4,assets/targets/0042/recording1_2.mp4,assets/targets/0042/recording2_1.mp4,assets/targets/0042/recording2_2.mp4,302.7180979554031,305.896846954325,False,assets/targets/0042/outlinestim_world1_probe0_1_1.png,assets/targets/0042/outlinestim_world2_probe0_1_0.png,assets/targets/0042/outlinestim_world2_probe0_1_1.png,assets/targets/0042/outlinestim_world1_probe0_1_0.png,nocol,0,1,1,0,brown,5f467b0a0d1aef037515c8c9,0,assets/targets/0042/outlinestim_world1_probe0_1_1.png,1,47,False
5,4705,82,0069,assets/targets/0069/img1_1.png,assets/targets/0069/img1_2.png,assets/targets/0069/img2_1.png,assets/targets/0069/img2_2.png,assets/targets/0069/recording1_1.mp4,assets/targets/0069/recording1_2.mp4,assets/targets/0069/recording2_1.mp4,assets/targets/0069/recording2_2.mp4,45.99293272938177,282.53465008228795,False,assets/targets/0069/outlinestim_world1_probe1_1_1.png,assets/targets/0069/outlinestim_world2_probe1_1_0.png,assets/targets/0069/outlinestim_world2_probe1_1_1.png,assets/targets/0069/outlinestim_world1_probe1_1_0.png,teleport_consistent,1,1,1,0,brown,5f467b0a0d1aef037515c8c9,0,assets/targets/0069/outlinestim_world1_probe1_1_1.png,1,18,False
6,5387,86,0091,assets/targets/0091/img1_1.png,assets/targets/0091/img1_2.png,assets/targets/0091/img2_1.png,assets/targets/0091/img2_2.png,assets/targets/0091/recording1_1.mp4,assets/targets/0091/recording1_2.mp4,assets/targets/0091/recording2_1.mp4,assets/targets/0091/recording2_2.mp4,360.26329222466995,232.43135081432789,False,assets/targets/0091/outlinestim_world1_probe2_1_1.png,assets/targets/0091/outlinestim_world2_probe2_1_0.png,assets/targets/0091/outlinestim_world2_probe2_1_1.png,assets/targets/0091/outlinestim_world1_probe2_1_0.png,noteleport_consistent,2,1,2,0,brown,5f467b0a0d1aef037515c8c9,1,assets/targets/0091/outlinestim_world2_probe2_1_0.png,0,86,True
7,3747,56,0072,assets/targets/0072/img1_1.png,assets/targets/0072/img1_2.png,assets/targets/0072/img2_1.png,assets/targets/0072/img2_2.png,assets/targets/0072/recording1_1.mp4,assets/targets/0072/recording1_2.mp4,assets/targets/0072/recording2_1.mp4,assets/targets/0072/recording2_2.mp4,263.49876924364594,480.2927000755407,False,assets/targets/0072/outlinestim_world1_probe0_1_1.png,assets/targets/0072/outlinestim_world2_probe0_1_0.png,assets/targets/0072/outlinestim_world2_probe0_1_1.png,assets/targets/0072/outlinestim_world1_probe0_1_0.png,nocol,0,1,1,0,brown,5f467b0a0d1aef037515c8c9,0,assets/targets/0072/outlinestim_world1_probe0_1_1.png,1,44,False
8,5517,31,0052,assets/targets/0052/img1_1.png,assets/targets/0052/img1_2.png,assets/targets/0052/img2_1.png,assets/targets/0052/img2_2.png,assets/targets/0052/recording1_1.mp4,assets/targets/0052/recording1_2.mp4,assets/targets/0052/recording2_1.mp4,assets/targets/0052/recording2_2.mp4,570.2567171334038,231.9134273051645,False,assets/targets/0052/outlinestim_world1_probe0_1_1.png,assets/targets/0052/outlinestim_world2_probe0_1_0.png,assets/targets/0052/outlinestim_world2_probe0_1_1.png,assets/targets/0052/outlinestim_world1_probe0_1_0.png,nocol,0,1,1,0,brown,5f467b0a0d1aef037515c8c9,1,assets/targets/0052/outlinestim_world1_probe0_1_0.png,0,31,False
0,62476,0,0069,assets/targets/0069/img1_1.png,assets/targets/0069/img1_2.png,assets/targets/0069/img2_1.png,assets/targets/0069/img2_2.png,assets/targets/0069/recording1_1.mp4,assets/targets/0069/recording1_2.mp4,assets/targets/0069/recording2_1.mp4,assets/targets/0069/recording2_2.mp4,45.99293272938177,282.53465008228795,False,assets/targets/0069/outlinestim_world1_probe1_1_1.png,assets/targets/0069/outlinestim_world2_probe1_1_0.png,assets/targets/0069/outlinestim_world2_probe1_1_1.png,assets/targets/0069/outlinestim_world1_probe1_1_0.png,teleport_consistent,1,1,2,1,blue,66d6a224cd7a4df5b641238a,0,assets/targets/0069/outlinestim_world1_probe1_1_1.png,1,100,True
1,17269,30,0024,assets/targets/0024/img1_1.png,assets/targets/0024/img1_2.png,assets/targets/0024/img2_1.png,assets/targets/0024/img2_2.png,assets/targets/0024/recording1_1.mp4,assets/targets/0024/recording1_2.mp4,assets/targets/0024/recording2_1.mp4,assets/targets/0024/recording2_2.mp4,392.50547349657757,36.17405762242421,False,assets/targets/0024/outlinestim_world1_probe0_1_1.png,assets/targets/0024/outlinestim_world2_probe0_1_0.png,assets/targets/0024/outlinestim_world2_probe0_1_1.png,assets/targets/0024/outlinestim_world1_probe0_1_0.png,nocol,0,1,1,1,blue,66d6a224cd7a4df5b641238a,1,assets/targets/0024/outlinestim_world2_probe0_1_0.png,0,30,False
2,25298,0,0072,assets/targets/0072/img1_1.png,assets/targets/0072/img1_2.png,assets/targets/0072/img2_1.png,assets/targets/0072/img2_2.png,assets/targets/0072/recording1_1.mp4,assets/targets/0072/recording1_2.mp4,assets/targets/0072/recording2_1.mp4,assets/targets/0072/recording2_2.mp4,263.49876924364594,480.2927000755407,False,assets/targets/0072/outlinestim_world1_probe2_1_1.png,assets/targets/0072/outlinestim_world2_probe2_1_0.png,assets/targets/0072/outlinestim_world2_probe2_1_1.png,assets/targets/0072/outlinestim_world1_probe2_1_0.png,noteleport_consistent,2,1,2,1,blue,66d6a224cd7a4df5b641238a,0,assets/targets/0072/outlinestim_world1_probe2_1_1.png,1,100,True
3,9763,50,0064,assets/targets/0064/img1_1.png,assets/targets/0064/img1_2.png,assets/targets/0064/img2_1.png,assets/targets/0064/img2_2.png,assets/targets/0064/recording1_1.mp4,assets/targets/0064/recording1_2.mp4,assets/targets/0064/recording2_1.mp4,assets/targets/0064/recording2_2.mp4,572.435126403118,233.99006146723664,False,assets/targets/0064/outlinestim_world1_probe0_1_1.png,assets/targets/0064/outlinestim_world2_probe0_1_0.png,assets/targets/0064/outlinestim_world2_probe0_1_1.png,assets/targets/0064/outlinestim_world1_probe0_1_0.png,nocol,0,1,1,1,blue,66d6a224cd7a4df5b641238a,0,assets/targets/0064/outlinestim_world2_probe0_1_1.png,1,50,True
4,17472,87,0091,assets/targets/0091/img1_1.png,assets/targets/0091/img1_2.png,assets/targets/0091/img2_1.png,assets/targets/0091/img2_2.png,assets/targets/0091/recording1_1.mp4,assets/targets/0091/recording1_2.mp4,assets/targets/0091/recording2_1.mp4,assets/targets/0091/recording2_2.mp4,360.26329222466995,232.43135081432789,False,assets/targets/0091/outlinestim_world1_probe1_1_1.png,assets/targets/0091/outlinestim_world2_probe1_1_0.png,assets/targets/0091/outlinestim_world2_probe1_1_1.png,assets/targets/0091/outlinestim_world1_probe1_1_0.png,teleport_consistent,1,1,2,1,blue,66d6a224cd7a4df5b641238a,1,assets/targets/0091/outlinestim_world1_probe1_1_0.png,0,87,True
5,10850,0,0025,assets/targets/0025/img1_1.png,assets/targets/0025/img1_2.png,assets/targets/0025/img2_1.png,assets/targets/0025/img2_2.png,assets/targets/0025/recording1_1.mp4,assets/targets/0025/recording1_2.mp4,assets/targets/0025/recording2_1.mp4,assets/targets/0025/recording2_2.mp4,275.75178627094397,548.0849702817209,False,assets/targets/0025/outlinestim_world1_probe2_2_1.png,assets/targets/0025/outlinestim_world2_probe2_2_0.png,assets/targets/0025/outlinestim_world2_probe2_2_1.png,assets/targets/0025/outlinestim_world1_probe2_2_0.png,noteleport_consistent,2,2,2,1,blue,66d6a224cd7a4df5b641238a,0,assets/targets/0025/outlinestim_world1_probe2_2_1.png,1,100,True
6,12955,50,0042,assets/targets/0042/img1_1.png,assets/targets/0042/img1_2.png,assets/targets/0042/img2_1.png,assets/targets/0042/img2_2.png,assets/targets/0042/recording1_1.mp4,assets/targets/0042/recording1_2.mp4,assets/targets/0042/recording2_1.mp4,assets/targets/0042/recording2_2.mp4,302.7180979554031,305.896846954325,False,assets/targets/0042/outlinestim_world1_probe1_2_1.png,assets/targets/0042/outlinestim_world2_probe1_2_0.png,assets/targets/0042/outlinestim_world2_probe1_2_1.png,assets/targets/0042/outlinestim_world1_probe1_2_0.png,teleport_consistent,1,2,2,1,blue,66d6a224cd7a4df5b641238a,1,assets/targets/0042/outlinestim_world1_probe1_2_0.png,0,50,True
7,12119,71,0052,assets/targets/0052/img1_1.png,assets/targets/0052/img1_2.png,assets/targets/0052/img2_1.png,assets/targets/0052/img2_2.png,assets/targets/0052/recording1_1.mp4,assets/targets/0052/recording1_2.mp4,assets/targets/0052/recording2_1.mp4,assets/targets/0052/recording2_2.mp4,570.2567171334038,231.9134273051645,False,assets/targets/0052/outlinestim_world1_probe1_1_1.png,assets/targets/0052/outlinestim_world2_probe1_1_0.png,assets/targets/0052/outlinestim_world2_probe1_1_1.png,assets/targets/0052/outlinestim_world1_probe1_1_0.png,teleport_consistent,1,1,2,1,blue,66d6a224cd7a4df5b641238a,1,assets/targets/0052/outlinestim_world1_probe1_1_0.png,0,71,True
8,10731,12,0045,assets/targets/0045/img1_1.png,assets/targets/0045/img1_2.png,assets/targets/0045/img2_1.png,assets/targets/0045/img2_2.png,assets/targets/0045/recording1_1.mp4,assets/targets/0045/recording1_2.mp4,assets/targets/0045/recording2_1.mp4,assets/targets/0045/recording2_2.mp4,436.6559051772762,257.95950551802974,False,assets/targets/0045/outlinestim_world1_probe2_2_1.png,assets/targets/0045/outlinestim_world2_probe2_2_0.png,assets/targets/0045/outlinestim_world2_probe2_2_1.png,assets/targets/0045/outlinestim_world1_probe2_2_0.png,noteleport_consistent,2,2,2,1,blue,66d6a224cd7a4df5b641238a,0,assets/targets/0045/outlinestim_world1_probe2_2_1.png,1,88,True
0,34151,50,0045,assets/targets/0045/img1_1.png,assets/targets/0045/img1_2.png,assets/targets/0045/img2_1.png,assets/targets/0045/img2_2.png,assets/targets/0045/recording1_1.mp4,assets/targets/0045/recording1_2.mp4,assets/targets/0045/recording2_1.mp4,assets/targets/0045/recording2_2.mp4,436.6559051772762,257.95950551802974,False,assets/targets/0045/outlinestim_world1_probe0_1_1.png,assets/targets/0045/outlinestim_world2_probe0_1_0.png,assets/targets/0045/outlinestim_world2_probe0_1_1.png,assets/targets/0045/outlinestim_world1_probe0_1_0.png,nocol,0,1,1,1,blue,66b7e11722f415fad0f8eb6f,1,assets/targets/0045/outlinestim_world2_probe0_1_0.png,0,50,True
1,4919,50,0042,assets/targets/0042/img1_1.png,assets/targets/0042/img1_2.png,assets/targets/0042/img2_1.png,assets/targets/0042/img2_2.png,assets/targets/0042/recording1_1.mp4,assets/targets/0042/recording1_2.mp4,assets/targets/0042/recording2_1.mp4,assets/targets/0042/recording2_2.mp4,302.7180979554031,305.896846954325,False,assets/targets/0042/outlinestim_world1_probe2_2_1.png,assets/targets/0042/outlinestim_world2_probe2_2_0.png,assets/targets/0042/outlinestim_world2_probe2_2_1.png,assets/targets/0042/outlinestim_world1_probe2_2_0.png,noteleport_consistent,2,2,1,1,blue,66b7e11722f415fad0f8eb6f,1,assets/targets/0042/outlinestim_world2_probe2_2_0.png,0,50,True
2,43917,100,0069,assets/targets/0069/img1_1.png,assets/targets/0069/img1_2.png,assets/targets/0069/img2_1.png,assets/targets/0069/img2_2.png,assets/targets/0069/recording1_1.mp4,assets/targets/0069/recording1_2.mp4,assets/targets/0069/recording2_1.mp4,assets/targets/0069/recording2_2.mp4,45.99293272938177,282.53465008228795,False,assets/targets/0069/outlinestim_world1_probe0_1_1.png,assets/targets/0069/outlinestim_world2_probe0_1_0.png,assets/targets/0069/outlinestim_world2_probe0_1_1.png,assets/targets/0069/outlinestim_world1_probe0_1_0.png,nocol,0,1,2,1,blue,66b7e11722f415fad0f8eb6f,1,assets/targets/0069/outlinestim_world1_probe0_1_0.png,0,100,True
3,12379,0,0052,assets/targets/0052/img1_1.png,assets/targets/0052/img1_2.png,assets/targets/0052/img2_1.png,assets/targets/0052/img2_2.png,assets/targets/0052/recording1_1.mp4,assets/targets/0052/recording1_2.mp4,assets/targets/0052/recording2_1.mp4,assets/targets/0052/recording2_2.mp4,570.2567171334038,231.9134273051645,False,assets/targets/0052/outlinestim_world1_probe2_2_1.png,assets/targets/0052/outlinestim_world2_probe2_2_0.png,assets/targets/0052/outlinestim_world2_probe2_2_1.png,assets/targets/0052/outlinestim_world1_probe2_2_0.png,noteleport_consistent,2,2,2,1,blue,66b7e11722f415fad0f8eb6f,1,assets/targets/0052/outlinestim_world1_probe2_2_0.png,0,0,False
4,17484,49,0072,assets/targets/0072/img1_1.png,assets/targets/0072/img1_2.png,assets/targets/0072/img2_1.png,assets/targets/0072/img2_2.png,assets/targets/0072/recording1_1.mp4,assets/targets/0072/recording1_2.mp4,assets/targets/0072/recording2_1.mp4,assets/targets/0072/recording2_2.mp4,263.49876924364594,480.2927000755407,False,assets/targets/0072/outlinestim_world1_probe0_2_1.png,assets/targets/0072/outlinestim_world2_probe0_2_0.png,assets/targets/0072/outlinestim_world2_probe0_2_1.png,assets/targets/0072/outlinestim_world1_probe0_2_0.png,nocol,0,2,1,1,blue,66b7e11722f415fad0f8eb6f,1,assets/targets/0072/outlinestim_world2_probe0_2_0.png,0,49,False
5,7441,50,0091,assets/targets/0091/img1_1.png,assets/targets/0091/img1_2.png,assets/targets/0091/img2_1.png,assets/targets/0091/img2_2.png,assets/targets/0091/recording1_1.mp4,assets/targets/0091/recording1_2.mp4,assets/targets/0091/recording2_1.mp4,assets/targets/0091/recording2_2.mp4,360.26329222466995,232.43135081432789,False,assets/targets/0091/outlinestim_world1_probe1_2_1.png,assets/targets/0091/outlinestim_world2_probe1_2_0.png,assets/targets/0091/outlinestim_world2_probe1_2_1.png,assets/targets/0091/outlinestim_world1_probe1_2_0.png,teleport_consistent,1,2,2,1,blue,66b7e11722f415fad0f8eb6f,0,assets/targets/0091/outlinestim_world1_probe1_2_1.png,1,50,True
6,7651,51,0025,assets/targets/0025/img1_1.png,assets/targets/0025/img1_2.png,assets/targets/0025/img2_1.png,assets/targets/0025/img2_2.png,assets/targets/0025/recording1_1.mp4,assets/targets/0025/recording1_2.mp4,assets/targets/0025/recording2_1.mp4,assets/targets/0025/recording2_2.mp4,275.75178627094397,548.0849702817209,False,assets/targets/0025/outlinestim_world1_probe2_2_1.png,assets/targets/0025/outlinestim_world2_probe2_2_0.png,assets/targets/0025/outlinestim_world2_probe2_2_1.png,assets/targets/0025/outlinestim_world1_probe2_2_0.png,noteleport_consistent,2,2,2,1,blue,66b7e11722f415fad0f8eb6f,0,assets/targets/0025/outlinestim_world1_probe2_2_1.png,1,49,False
7,9681,51,0024,assets/targets/0024/img1_1.png,assets/targets/0024/img1_2.png,assets/targets/0024/img2_1.png,assets/targets/0024/img2_2.png,assets/targets/0024/recording1_1.mp4,assets/targets/0024/recording1_2.mp4,assets/targets/0024/recording2_1.mp4,assets/targets/0024/recording2_2.mp4,392.50547349657757,36.17405762242421,False,assets/targets/0024/outlinestim_world1_probe1_2_1.png,assets/targets/0024/outlinestim_world2_probe1_2_0.png,assets/targets/0024/outlinestim_world2_probe1_2_1.png,assets/targets/0024/outlinestim_world1_probe1_2_0.png,teleport_consistent,1,2,2,1,blue,66b7e11722f415fad0f8eb6f,0,assets/targets/0024/outlinestim_world1_probe1_2_1.png,1,49,False
8,5462,50,0064,assets/targets/0064/img1_1.png,assets/targets/0064/img1_2.png,assets/targets/0064/img2_1.png,assets/targets/0064/img2_2.png,assets/targets/0064/recording1_1.mp4,assets/targets/0064/recording1_2.mp4,assets/targets/0064/recording2_1.mp4,assets/targets/0064/recording2_2.mp4,572.435126403118,233.99006146723664,False,assets/targets/0064/outlinestim_world1_probe1_2_1.png,assets/targets/0064/outlinestim_world2_probe1_2_0.png,assets/targets/0064/outlinestim_world2_probe1_2_1.png,assets/targets/0064/outlinestim_world1_probe1_2_0.png,teleport_consistent,1,2,1,1,blue,66b7e11722f415fad0f8eb6f,1,assets/targets/0064/outlinestim_world2_probe1_2_0.png,0,50,True
0,96310,85,0069,assets/targets/0069/img1_1.png,assets/targets/0069/img1_2.png,assets/targets/0069/img2_1.png,assets/targets/0069/img2_2.png,assets/targets/0069/recording1_1.mp4,assets/targets/0069/recording1_2.mp4,assets/targets/0069/recording2_1.mp4,assets/targets/0069/recording2_2.mp4,45.99293272938177,282.53465008228795,False,assets/targets/0069/outlinestim_world1_probe2_2_1.png,assets/targets/0069/outlinestim_world2_probe2_2_0.png,assets/targets/0069/outlinestim_world2_probe2_2_1.png,assets/targets/0069/outlinestim_world1_probe2_2_0.png,noteleport_consistent,2,2,1,0,brown,66b105e5472a7853291e7259,1,assets/targets/0069/outlinestim_world1_probe2_2_0.png,0,85,True
1,13300,0,0091,assets/targets/0091/img1_1.png,assets/targets/0091/img1_2.png,assets/targets/0091/img2_1.png,assets/targets/0091/img2_2.png,assets/targets/0091/recording1_1.mp4,assets/targets/0091/recording1_2.mp4,assets/targets/0091/recording2_1.mp4,assets/targets/0091/recording2_2.mp4,360.26329222466995,232.43135081432789,False,assets/targets/0091/outlinestim_world1_probe2_1_1.png,assets/targets/0091/outlinestim_world2_probe2_1_0.png,assets/targets/0091/outlinestim_world2_probe2_1_1.png,assets/targets/0091/outlinestim_world1_probe2_1_0.png,noteleport_consistent,2,1,1,0,brown,66b105e5472a7853291e7259,0,assets/targets/0091/outlinestim_world1_probe2_1_1.png,1,100,True
2,10495,84,0052,assets/targets/0052/img1_1.png,assets/targets/0052/img1_2.png,assets/targets/0052/img2_1.png,assets/targets/0052/img2_2.png,assets/targets/0052/recording1_1.mp4,assets/targets/0052/recording1_2.mp4,assets/targets/0052/recording2_1.mp4,assets/targets/0052/recording2_2.mp4,570.2567171334038,231.9134273051645,False,assets/targets/0052/outlinestim_world1_probe2_1_1.png,assets/targets/0052/outlinestim_world2_probe2_1_0.png,assets/targets/0052/outlinestim_world2_probe2_1_1.png,assets/targets/0052/outlinestim_world1_probe2_1_0.png,noteleport_consistent,2,1,1,0,brown,66b105e5472a7853291e7259,1,assets/targets/0052/outlinestim_world1_probe2_1_0.png,0,84,True
3,9692,85,0064,assets/targets/0064/img1_1.png,assets/targets/0064/img1_2.png,assets/targets/0064/img2_1.png,assets/targets/0064/img2_2.png,assets/targets/0064/recording1_1.mp4,assets/targets/0064/recording1_2.mp4,assets/targets/0064/recording2_1.mp4,assets/targets/0064/recording2_2.mp4,572.435126403118,233.99006146723664,False,assets/targets/0064/outlinestim_world1_probe2_1_1.png,assets/targets/0064/outlinestim_world2_probe2_1_0.png,assets/targets/0064/outlinestim_world2_probe2_1_1.png,assets/targets/0064/outlinestim_world1_probe2_1_0.png,noteleport_consistent,2,1,1,0,brown,66b105e5472a7853291e7259,1,assets/targets/0064/outlinestim_world1_probe2_1_0.png,0,85,True
4,14833,2,0072,assets/targets/0072/img1_1.png,assets/targets/0072/img1_2.png,assets/targets/0072/img2_1.png,assets/targets/0072/img2_2.png,assets/targets/0072/recording1_1.mp4,assets/targets/0072/recording1_2.mp4,assets/targets/0072/recording2_1.mp4,assets/targets/0072/recording2_2.mp4,263.49876924364594,480.2927000755407,False,assets/targets/0072/outlinestim_world1_probe0_2_1.png,assets/targets/0072/outlinestim_world2_probe0_2_0.png,assets/targets/0072/outlinestim_world2_probe0_2_1.png,assets/targets/0072/outlinestim_world1_probe0_2_0.png,nocol,0,2,2,0,brown,66b105e5472a7853291e7259,1,assets/targets/0072/outlinestim_world2_probe0_2_0.png,0,2,False
5,9555,17,0045,assets/targets/0045/img1_1.png,assets/targets/0045/img1_2.png,assets/targets/0045/img2_1.png,assets/targets/0045/img2_2.png,assets/targets/0045/recording1_1.mp4,assets/targets/0045/recording1_2.mp4,assets/targets/0045/recording2_1.mp4,assets/targets/0045/recording2_2.mp4,436.6559051772762,257.95950551802974,False,assets/targets/0045/outlinestim_world1_probe2_1_1.png,assets/targets/0045/outlinestim_world2_probe2_1_0.png,assets/targets/0045/outlinestim_world2_probe2_1_1.png,assets/targets/0045/outlinestim_world1_probe2_1_0.png,noteleport_consistent,2,1,1,0,brown,66b105e5472a7853291e7259,0,assets/targets/0045/outlinestim_world1_probe2_1_1.png,1,83,True
6,9678,97,0024,assets/targets/0024/img1_1.png,assets/targets/0024/img1_2.png,assets/targets/0024/img2_1.png,assets/targets/0024/img2_2.png,assets/targets/0024/recording1_1.mp4,assets/targets/0024/recording1_2.mp4,assets/targets/0024/recording2_1.mp4,assets/targets/0024/recording2_2.mp4,392.50547349657757,36.17405762242421,False,assets/targets/0024/outlinestim_world1_probe0_1_1.png,assets/targets/0024/outlinestim_world2_probe0_1_0.png,assets/targets/0024/outlinestim_world2_probe0_1_1.png,assets/targets/0024/outlinestim_world1_probe0_1_0.png,nocol,0,1,1,0,brown,66b105e5472a7853291e7259,0,assets/targets/0024/outlinestim_world1_probe0_1_1.png,1,3,False
7,9389,0,0042,assets/targets/0042/img1_1.png,assets/targets/0042/img1_2.png,assets/targets/0042/img2_1.png,assets/targets/0042/img2_2.png,assets/targets/0042/recording1_1.mp4,assets/targets/0042/recording1_2.mp4,assets/targets/0042/recording2_1.mp4,assets/targets/0042/recording2_2.mp4,302.7180979554031,305.896846954325,False,assets/targets/0042/outlinestim_world1_probe2_2_1.png,assets/targets/0042/outlinestim_world2_probe2_2_0.png,assets/targets/0042/outlinestim_world2_probe2_2_1.png,assets/targets/0042/outlinestim_world1_probe2_2_0.png,noteleport_consistent,2,2,1,0,brown,66b105e5472a7853291e7259,1,assets/targets/0042/outlinestim_world1_probe2_2_0.png,0,0,False
8,7478,98,0025,assets/targets/0025/img1_1.png,assets/targets/0025/img1_2.png,assets/targets/0025/img2_1.png,assets/targets/0025/img2_2.png,assets/targets/0025/recording1_1.mp4,assets/targets/0025/recording1_2.mp4,assets/targets/0025/recording2_1.mp4,assets/targets/0025/recording2_2.mp4,275.75178627094397,548.0849702817209,False,assets/targets/0025/outlinestim_world1_probe2_2_1.png,assets/targets/0025/outlinestim_world2_probe2_2_0.png,assets/targets/0025/outlinestim_world2_probe2_2_1.png,assets/targets/0025/outlinestim_world1_probe2_2_0.png,noteleport_consistent,2,2,2,0,brown,66b105e5472a7853291e7259,0,assets/targets/0025/outlinestim_world2_probe2_2_1.png,1,2,False
0,46588,84,0072,assets/targets/0072/img1_1.png,assets/targets/0072/img1_2.png,assets/targets/0072/img2_1.png,assets/targets/0072/img2_2.png,assets/targets/0072/recording1_1.mp4,assets/targets/0072/recording1_2.mp4,assets/targets/0072/recording2_1.mp4,assets/targets/0072/recording2_2.mp4,263.49876924364594,480.2927000755407,False,assets/targets/0072/outlinestim_world1_probe0_1_1.png,assets/targets/0072/outlinestim_world2_probe0_1_0.png,assets/targets/0072/outlinestim_world2_probe0_1_1.png,assets/targets/0072/outlinestim_world1_probe0_1_0.png,nocol,0,1,2,1,blue,66f492d034ef9f9cb9db7db6,0,assets/targets/0072/outlinestim_world1_probe0_1_1.png,1,16,False
1,19534,78,0069,assets/targets/0069/img1_1.png,assets/targets/0069/img1_2.png,assets/targets/0069/img2_1.png,assets/targets/0069/img2_2.png,assets/targets/0069/recording1_1.mp4,assets/targets/0069/recording1_2.mp4,assets/targets/0069/recording2_1.mp4,assets/targets/0069/recording2_2.mp4,45.99293272938177,282.53465008228795,False,assets/targets/0069/outlinestim_world1_probe2_1_1.png,assets/targets/0069/outlinestim_world2_probe2_1_0.png,assets/targets/0069/outlinestim_world2_probe2_1_1.png,assets/targets/0069/outlinestim_world1_probe2_1_0.png,noteleport_consistent,2,1,2,1,blue,66f492d034ef9f9cb9db7db6,0,assets/targets/0069/outlinestim_world1_probe2_1_1.png,1,22,False
2,8987,18,0025,assets/targets/0025/img1_1.png,assets/targets/0025/img1_2.png,assets/targets/0025/img2_1.png,assets/targets/0025/img2_2.png,assets/targets/0025/recording1_1.mp4,assets/targets/0025/recording1_2.mp4,assets/targets/0025/recording2_1.mp4,assets/targets/0025/recording2_2.mp4,275.75178627094397,548.0849702817209,False,assets/targets/0025/outlinestim_world1_probe1_2_1.png,assets/targets/0025/outlinestim_world2_probe1_2_0.png,assets/targets/0025/outlinestim_world2_probe1_2_1.png,assets/targets/0025/outlinestim_world1_probe1_2_0.png,teleport_consistent,1,2,2,1,blue,66f492d034ef9f9cb9db7db6,0,assets/targets/0025/outlinestim_world1_probe1_2_1.png,1,82,True
3,13283,80,0064,assets/targets/0064/img1_1.png,assets/targets/0064/img1_2.png,assets/targets/0064/img2_1.png,assets/targets/0064/img2_2.png,assets/targets/0064/recording1_1.mp4,assets/targets/0064/recording1_2.mp4,assets/targets/0064/recording2_1.mp4,assets/targets/0064/recording2_2.mp4,572.435126403118,233.99006146723664,False,assets/targets/0064/outlinestim_world1_probe0_1_1.png,assets/targets/0064/outlinestim_world2_probe0_1_0.png,assets/targets/0064/outlinestim_world2_probe0_1_1.png,assets/targets/0064/outlinestim_world1_probe0_1_0.png,nocol,0,1,2,1,blue,66f492d034ef9f9cb9db7db6,1,assets/targets/0064/outlinestim_world1_probe0_1_0.png,0,80,True
4,20757,16,0052,assets/targets/0052/img1_1.png,assets/targets/0052/img1_2.png,assets/targets/0052/img2_1.png,assets/targets/0052/img2_2.png,assets/targets/0052/recording1_1.mp4,assets/targets/0052/recording1_2.mp4,assets/targets/0052/recording2_1.mp4,assets/targets/0052/recording2_2.mp4,570.2567171334038,231.9134273051645,False,assets/targets/0052/outlinestim_world1_probe2_1_1.png,assets/targets/0052/outlinestim_world2_probe2_1_0.png,assets/targets/0052/outlinestim_world2_probe2_1_1.png,assets/targets/0052/outlinestim_world1_probe2_1_0.png,noteleport_consistent,2,1,2,1,blue,66f492d034ef9f9cb9db7db6,1,assets/targets/0052/outlinestim_world1_probe2_1_0.png,0,16,False
5,4849,83,0024,assets/targets/0024/img1_1.png,assets/targets/0024/img1_2.png,assets/targets/0024/img2_1.png,assets/targets/0024/img2_2.png,assets/targets/0024/recording1_1.mp4,assets/targets/0024/recording1_2.mp4,assets/targets/0024/recording2_1.mp4,assets/targets/0024/recording2_2.mp4,392.50547349657757,36.17405762242421,False,assets/targets/0024/outlinestim_world1_probe0_1_1.png,assets/targets/0024/outlinestim_world2_probe0_1_0.png,assets/targets/0024/outlinestim_world2_probe0_1_1.png,assets/targets/0024/outlinestim_world1_probe0_1_0.png,nocol,0,1,2,1,blue,66f492d034ef9f9cb9db7db6,0,assets/targets/0024/outlinestim_world1_probe0_1_1.png,1,17,False
6,14173,16,0045,assets/targets/0045/img1_1.png,assets/targets/0045/img1_2.png,assets/targets/0045/img2_1.png,assets/targets/0045/img2_2.png,assets/targets/0045/recording1_1.mp4,assets/targets/0045/recording1_2.mp4,assets/targets/0045/recording2_1.mp4,assets/targets/0045/recording2_2.mp4,436.6559051772762,257.95950551802974,False,assets/targets/0045/outlinestim_world1_probe1_2_1.png,assets/targets/0045/outlinestim_world2_probe1_2_0.png,assets/targets/0045/outlinestim_world2_probe1_2_1.png,assets/targets/0045/outlinestim_world1_probe1_2_0.png,teleport_consistent,1,2,1,1,blue,66f492d034ef9f9cb9db7db6,0,assets/targets/0045/outlinestim_world2_probe1_2_1.png,1,84,True
7,8026,14,0091,assets/targets/0091/img1_1.png,assets/targets/0091/img1_2.png,assets/targets/0091/img2_1.png,assets/targets/0091/img2_2.png,assets/targets/0091/recording1_1.mp4,assets/targets/0091/recording1_2.mp4,assets/targets/0091/recording2_1.mp4,assets/targets/0091/recording2_2.mp4,360.26329222466995,232.43135081432789,False,assets/targets/0091/outlinestim_world1_probe1_2_1.png,assets/targets/0091/outlinestim_world2_probe1_2_0.png,assets/targets/0091/outlinestim_world2_probe1_2_1.png,assets/targets/0091/outlinestim_world1_probe1_2_0.png,teleport_consistent,1,2,1,1,blue,66f492d034ef9f9cb9db7db6,1,assets/targets/0091/outlinestim_world2_probe1_2_0.png,0,14,False
8,8558,86,0042,assets/targets/0042/img1_1.png,assets/targets/0042/img1_2.png,assets/targets/0042/img2_1.png,assets/targets/0042/img2_2.png,assets/targets/0042/recording1_1.mp4,assets/targets/0042/recording1_2.mp4,assets/targets/0042/recording2_1.mp4,assets/targets/0042/recording2_2.mp4,302.7180979554031,305.896846954325,False,assets/targets/0042/outlinestim_world1_probe1_2_1.png,assets/targets/0042/outlinestim_world2_probe1_2_0.png,assets/targets/0042/outlinestim_world2_probe1_2_1.png,assets/targets/0042/outlinestim_world1_probe1_2_0.png,teleport_consistent,1,2,1,1,blue,66f492d034ef9f9cb9db7db6,0,assets/targets/0042/outlinestim_world2_probe1_2_1.png,1,14,False
0,37504,87,0091,assets/targets/0091/img1_1.png,assets/targets/0091/img1_2.png,assets/targets/0091/img2_1.png,assets/targets/0091/img2_2.png,assets/targets/0091/recording1_1.mp4,assets/targets/0091/recording1_2.mp4,assets/targets/0091/recording2_1.mp4,assets/targets/0091/recording2_2.mp4,360.26329222466995,232.43135081432789,False,assets/targets/0091/outlinestim_world1_probe1_1_1.png,assets/targets/0091/outlinestim_world2_probe1_1_0.png,assets/targets/0091/outlinestim_world2_probe1_1_1.png,assets/targets/0091/outlinestim_world1_probe1_1_0.png,teleport_consistent,1,1,1,1,blue,5e121701dc79bd8a1a22ca99,1,assets/targets/0091/outlinestim_world2_probe1_1_0.png,0,87,True
1,25600,28,0064,assets/targets/0064/img1_1.png,assets/targets/0064/img1_2.png,assets/targets/0064/img2_1.png,assets/targets/0064/img2_2.png,assets/targets/0064/recording1_1.mp4,assets/targets/0064/recording1_2.mp4,assets/targets/0064/recording2_1.mp4,assets/targets/0064/recording2_2.mp4,572.435126403118,233.99006146723664,False,assets/targets/0064/outlinestim_world1_probe1_2_1.png,assets/targets/0064/outlinestim_world2_probe1_2_0.png,assets/targets/0064/outlinestim_world2_probe1_2_1.png,assets/targets/0064/outlinestim_world1_probe1_2_0.png,teleport_consistent,1,2,2,1,blue,5e121701dc79bd8a1a22ca99,0,assets/targets/0064/outlinestim_world1_probe1_2_1.png,1,72,True
2,9585,74,0072,assets/targets/0072/img1_1.png,assets/targets/0072/img1_2.png,assets/targets/0072/img2_1.png,assets/targets/0072/img2_2.png,assets/targets/0072/recording1_1.mp4,assets/targets/0072/recording1_2.mp4,assets/targets/0072/recording2_1.mp4,assets/targets/0072/recording2_2.mp4,263.49876924364594,480.2927000755407,False,assets/targets/0072/outlinestim_world1_probe0_2_1.png,assets/targets/0072/outlinestim_world2_probe0_2_0.png,assets/targets/0072/outlinestim_world2_probe0_2_1.png,assets/targets/0072/outlinestim_world1_probe0_2_0.png,nocol,0,2,2,1,blue,5e121701dc79bd8a1a22ca99,1,assets/targets/0072/outlinestim_world1_probe0_2_0.png,0,74,True
3,13293,100,0052,assets/targets/0052/img1_1.png,assets/targets/0052/img1_2.png,assets/targets/0052/img2_1.png,assets/targets/0052/img2_2.png,assets/targets/0052/recording1_1.mp4,assets/targets/0052/recording1_2.mp4,assets/targets/0052/recording2_1.mp4,assets/targets/0052/recording2_2.mp4,570.2567171334038,231.9134273051645,False,assets/targets/0052/outlinestim_world1_probe1_2_1.png,assets/targets/0052/outlinestim_world2_probe1_2_0.png,assets/targets/0052/outlinestim_world2_probe1_2_1.png,assets/targets/0052/outlinestim_world1_probe1_2_0.png,teleport_consistent,1,2,2,1,blue,5e121701dc79bd8a1a22ca99,1,assets/targets/0052/outlinestim_world1_probe1_2_0.png,0,100,True
4,15917,99,0045,assets/targets/0045/img1_1.png,assets/targets/0045/img1_2.png,assets/targets/0045/img2_1.png,assets/targets/0045/img2_2.png,assets/targets/0045/recording1_1.mp4,assets/targets/0045/recording1_2.mp4,assets/targets/0045/recording2_1.mp4,assets/targets/0045/recording2_2.mp4,436.6559051772762,257.95950551802974,False,assets/targets/0045/outlinestim_world1_probe2_1_1.png,assets/targets/0045/outlinestim_world2_probe2_1_0.png,assets/targets/0045/outlinestim_world2_probe2_1_1.png,assets/targets/0045/outlinestim_world1_probe2_1_0.png,noteleport_consistent,2,1,1,1,blue,5e121701dc79bd8a1a22ca99,1,assets/targets/0045/outlinestim_world2_probe2_1_0.png,0,99,True
5,11942,0,0042,assets/targets/0042/img1_1.png,assets/targets/0042/img1_2.png,assets/targets/0042/img2_1.png,assets/targets/0042/img2_2.png,assets/targets/0042/recording1_1.mp4,assets/targets/0042/recording1_2.mp4,assets/targets/0042/recording2_1.mp4,assets/targets/0042/recording2_2.mp4,302.7180979554031,305.896846954325,False,assets/targets/0042/outlinestim_world1_probe1_1_1.png,assets/targets/0042/outlinestim_world2_probe1_1_0.png,assets/targets/0042/outlinestim_world2_probe1_1_1.png,assets/targets/0042/outlinestim_world1_probe1_1_0.png,teleport_consistent,1,1,1,1,blue,5e121701dc79bd8a1a22ca99,0,assets/targets/0042/outlinestim_world2_probe1_1_1.png,1,100,True
6,11225,100,0025,assets/targets/0025/img1_1.png,assets/targets/0025/img1_2.png,assets/targets/0025/img2_1.png,assets/targets/0025/img2_2.png,assets/targets/0025/recording1_1.mp4,assets/targets/0025/recording1_2.mp4,assets/targets/0025/recording2_1.mp4,assets/targets/0025/recording2_2.mp4,275.75178627094397,548.0849702817209,False,assets/targets/0025/outlinestim_world1_probe1_2_1.png,assets/targets/0025/outlinestim_world2_probe1_2_0.png,assets/targets/0025/outlinestim_world2_probe1_2_1.png,assets/targets/0025/outlinestim_world1_probe1_2_0.png,teleport_consistent,1,2,1,1,blue,5e121701dc79bd8a1a22ca99,0,assets/targets/0025/outlinestim_world2_probe1_2_1.png,1,0,False
7,14751,36,0069,assets/targets/0069/img1_1.png,assets/targets/0069/img1_2.png,assets/targets/0069/img2_1.png,assets/targets/0069/img2_2.png,assets/targets/0069/recording1_1.mp4,assets/targets/0069/recording1_2.mp4,assets/targets/0069/recording2_1.mp4,assets/targets/0069/recording2_2.mp4,45.99293272938177,282.53465008228795,False,assets/targets/0069/outlinestim_world1_probe2_1_1.png,assets/targets/0069/outlinestim_world2_probe2_1_0.png,assets/targets/0069/outlinestim_world2_probe2_1_1.png,assets/targets/0069/outlinestim_world1_probe2_1_0.png,noteleport_consistent,2,1,2,1,blue,5e121701dc79bd8a1a22ca99,0,assets/targets/0069/outlinestim_world1_probe2_1_1.png,1,64,True
8,20571,97,0024,assets/targets/0024/img1_1.png,assets/targets/0024/img1_2.png,assets/targets/0024/img2_1.png,assets/targets/0024/img2_2.png,assets/targets/0024/recording1_1.mp4,assets/targets/0024/recording1_2.mp4,assets/targets/0024/recording2_1.mp4,assets/targets/0024/recording2_2.mp4,392.50547349657757,36.17405762242421,False,assets/targets/0024/outlinestim_world1_probe0_1_1.png,assets/targets/0024/outlinestim_world2_probe0_1_0.png,assets/targets/0024/outlinestim_world2_probe0_1_1.png,assets/targets/0024/outlinestim_world1_probe0_1_0.png,nocol,0,1,2,1,blue,5e121701dc79bd8a1a22ca99,1,assets/targets/0024/outlinestim_world1_probe0_1_0.png,0,97,True
0,56890,79,0042,assets/targets/0042/img1_1.png,assets/targets/0042/img1_2.png,assets/targets/0042/img2_1.png,assets/targets/0042/img2_2.png,assets/targets/0042/recording1_1.mp4,assets/targets/0042/recording1_2.mp4,assets/targets/0042/recording2_1.mp4,assets/targets/0042/recording2_2.mp4,302.7180979554031,305.896846954325,False,assets/targets/0042/outlinestim_world1_probe1_1_1.png,assets/targets/0042/outlinestim_world2_probe1_1_0.png,assets/targets/0042/outlinestim_world2_probe1_1_1.png,assets/targets/0042/outlinestim_world1_probe1_1_0.png,teleport_consistent,1,1,2,0,brown,6690464404e2d3a5271a608d,1,assets/targets/0042/outlinestim_world2_probe1_1_0.png,0,79,True
1,14886,87,0072,assets/targets/0072/img1_1.png,assets/targets/0072/img1_2.png,assets/targets/0072/img2_1.png,assets/targets/0072/img2_2.png,assets/targets/0072/recording1_1.mp4,assets/targets/0072/recording1_2.mp4,assets/targets/0072/recording2_1.mp4,assets/targets/0072/recording2_2.mp4,263.49876924364594,480.2927000755407,False,assets/targets/0072/outlinestim_world1_probe2_2_1.png,assets/targets/0072/outlinestim_world2_probe2_2_0.png,assets/targets/0072/outlinestim_world2_probe2_2_1.png,assets/targets/0072/outlinestim_world1_probe2_2_0.png,noteleport_consistent,2,2,2,0,brown,6690464404e2d3a5271a608d,0,assets/targets/0072/outlinestim_world2_probe2_2_1.png,1,13,False
2,9961,84,0064,assets/targets/0064/img1_1.png,assets/targets/0064/img1_2.png,assets/targets/0064/img2_1.png,assets/targets/0064/img2_2.png,assets/targets/0064/recording1_1.mp4,assets/targets/0064/recording1_2.mp4,assets/targets/0064/recording2_1.mp4,assets/targets/0064/recording2_2.mp4,572.435126403118,233.99006146723664,False,assets/targets/0064/outlinestim_world1_probe0_2_1.png,assets/targets/0064/outlinestim_world2_probe0_2_0.png,assets/targets/0064/outlinestim_world2_probe0_2_1.png,assets/targets/0064/outlinestim_world1_probe0_2_0.png,nocol,0,2,2,0,brown,6690464404e2d3a5271a608d,1,assets/targets/0064/outlinestim_world2_probe0_2_0.png,0,84,True
3,11522,83,0052,assets/targets/0052/img1_1.png,assets/targets/0052/img1_2.png,assets/targets/0052/img2_1.png,assets/targets/0052/img2_2.png,assets/targets/0052/recording1_1.mp4,assets/targets/0052/recording1_2.mp4,assets/targets/0052/recording2_1.mp4,assets/targets/0052/recording2_2.mp4,570.2567171334038,231.9134273051645,False,assets/targets/0052/outlinestim_world1_probe0_2_1.png,assets/targets/0052/outlinestim_world2_probe0_2_0.png,assets/targets/0052/outlinestim_world2_probe0_2_1.png,assets/targets/0052/outlinestim_world1_probe0_2_0.png,nocol,0,2,1,0,brown,6690464404e2d3a5271a608d,0,assets/targets/0052/outlinestim_world1_probe0_2_1.png,1,17,False
4,17454,100,0045,assets/targets/0045/img1_1.png,assets/targets/0045/img1_2.png,assets/targets/0045/img2_1.png,assets/targets/0045/img2_2.png,assets/targets/0045/recording1_1.mp4,assets/targets/0045/recording1_2.mp4,assets/targets/0045/recording2_1.mp4,assets/targets/0045/recording2_2.mp4,436.6559051772762,257.95950551802974,False,assets/targets/0045/outlinestim_world1_probe2_2_1.png,assets/targets/0045/outlinestim_world2_probe2_2_0.png,assets/targets/0045/outlinestim_world2_probe2_2_1.png,assets/targets/0045/outlinestim_world1_probe2_2_0.png,noteleport_consistent,2,2,2,0,brown,6690464404e2d3a5271a608d,1,assets/targets/0045/outlinestim_world2_probe2_2_0.png,0,100,True
5,14426,100,0025,assets/targets/0025/img1_1.png,assets/targets/0025/img1_2.png,assets/targets/0025/img2_1.png,assets/targets/0025/img2_2.png,assets/targets/0025/recording1_1.mp4,assets/targets/0025/recording1_2.mp4,assets/targets/0025/recording2_1.mp4,assets/targets/0025/recording2_2.mp4,275.75178627094397,548.0849702817209,False,assets/targets/0025/outlinestim_world1_probe2_2_1.png,assets/targets/0025/outlinestim_world2_probe2_2_0.png,assets/targets/0025/outlinestim_world2_probe2_2_1.png,assets/targets/0025/outlinestim_world1_probe2_2_0.png,noteleport_consistent,2,2,1,0,brown,6690464404e2d3a5271a608d,1,assets/targets/0025/outlinestim_world1_probe2_2_0.png,0,100,True
6,12464,100,0024,assets/targets/0024/img1_1.png,assets/targets/0024/img1_2.png,assets/targets/0024/img2_1.png,assets/targets/0024/img2_2.png,assets/targets/0024/recording1_1.mp4,assets/targets/0024/recording1_2.mp4,assets/targets/0024/recording2_1.mp4,assets/targets/0024/recording2_2.mp4,392.50547349657757,36.17405762242421,False,assets/targets/0024/outlinestim_world1_probe1_2_1.png,assets/targets/0024/outlinestim_world2_probe1_2_0.png,assets/targets/0024/outlinestim_world2_probe1_2_1.png,assets/targets/0024/outlinestim_world1_probe1_2_0.png,teleport_consistent,1,2,2,0,brown,6690464404e2d3a5271a608d,1,assets/targets/0024/outlinestim_world2_probe1_2_0.png,0,100,True
7,15296,0,0091,assets/targets/0091/img1_1.png,assets/targets/0091/img1_2.png,assets/targets/0091/img2_1.png,assets/targets/0091/img2_2.png,assets/targets/0091/recording1_1.mp4,assets/targets/0091/recording1_2.mp4,assets/targets/0091/recording2_1.mp4,assets/targets/0091/recording2_2.mp4,360.26329222466995,232.43135081432789,False,assets/targets/0091/outlinestim_world1_probe0_1_1.png,assets/targets/0091/outlinestim_world2_probe0_1_0.png,assets/targets/0091/outlinestim_world2_probe0_1_1.png,assets/targets/0091/outlinestim_world1_probe0_1_0.png,nocol,0,1,1,0,brown,6690464404e2d3a5271a608d,0,assets/targets/0091/outlinestim_world1_probe0_1_1.png,1,100,True
8,12872,0,0069,assets/targets/0069/img1_1.png,assets/targets/0069/img1_2.png,assets/targets/0069/img2_1.png,assets/targets/0069/img2_2.png,assets/targets/0069/recording1_1.mp4,assets/targets/0069/recording1_2.mp4,assets/targets/0069/recording2_1.mp4,assets/targets/0069/recording2_2.mp4,45.99293272938177,282.53465008228795,False,assets/targets/0069/outlinestim_world1_probe0_2_1.png,assets/targets/0069/outlinestim_world2_probe0_2_0.png,assets/targets/0069/outlinestim_world2_probe0_2_1.png,assets/targets/0069/outlinestim_world1_probe0_2_0.png,nocol,0,2,2,0,brown,6690464404e2d3a5271a608d,0,assets/targets/0069/outlinestim_world2_probe0_2_1.png,1,100,True
0,44003,14,0024,assets/targets/0024/img1_1.png,assets/targets/0024/img1_2.png,assets/targets/0024/img2_1.png,assets/targets/0024/img2_2.png,assets/targets/0024/recording1_1.mp4,assets/targets/0024/recording1_2.mp4,assets/targets/0024/recording2_1.mp4,assets/targets/0024/recording2_2.mp4,392.50547349657757,36.17405762242421,False,assets/targets/0024/outlinestim_world1_probe2_1_1.png,assets/targets/0024/outlinestim_world2_probe2_1_0.png,assets/targets/0024/outlinestim_world2_probe2_1_1.png,assets/targets/0024/outlinestim_world1_probe2_1_0.png,noteleport_consistent,2,1,2,0,brown,66d0a11f443c12ab3a1b9a4f,0,assets/targets/0024/outlinestim_world2_probe2_1_1.png,1,86,True
1,24663,93,0052,assets/targets/0052/img1_1.png,assets/targets/0052/img1_2.png,assets/targets/0052/img2_1.png,assets/targets/0052/img2_2.png,assets/targets/0052/recording1_1.mp4,assets/targets/0052/recording1_2.mp4,assets/targets/0052/recording2_1.mp4,assets/targets/0052/recording2_2.mp4,570.2567171334038,231.9134273051645,False,assets/targets/0052/outlinestim_world1_probe2_1_1.png,assets/targets/0052/outlinestim_world2_probe2_1_0.png,assets/targets/0052/outlinestim_world2_probe2_1_1.png,assets/targets/0052/outlinestim_world1_probe2_1_0.png,noteleport_consistent,2,1,2,0,brown,66d0a11f443c12ab3a1b9a4f,1,assets/targets/0052/outlinestim_world2_probe2_1_0.png,0,93,True
2,8952,100,0025,assets/targets/0025/img1_1.png,assets/targets/0025/img1_2.png,assets/targets/0025/img2_1.png,assets/targets/0025/img2_2.png,assets/targets/0025/recording1_1.mp4,assets/targets/0025/recording1_2.mp4,assets/targets/0025/recording2_1.mp4,assets/targets/0025/recording2_2.mp4,275.75178627094397,548.0849702817209,False,assets/targets/0025/outlinestim_world1_probe2_2_1.png,assets/targets/0025/outlinestim_world2_probe2_2_0.png,assets/targets/0025/outlinestim_world2_probe2_2_1.png,assets/targets/0025/outlinestim_world1_probe2_2_0.png,noteleport_consistent,2,2,1,0,brown,66d0a11f443c12ab3a1b9a4f,1,assets/targets/0025/outlinestim_world1_probe2_2_0.png,0,100,True
3,8413,0,0064,assets/targets/0064/img1_1.png,assets/targets/0064/img1_2.png,assets/targets/0064/img2_1.png,assets/targets/0064/img2_2.png,assets/targets/0064/recording1_1.mp4,assets/targets/0064/recording1_2.mp4,assets/targets/0064/recording2_1.mp4,assets/targets/0064/recording2_2.mp4,572.435126403118,233.99006146723664,False,assets/targets/0064/outlinestim_world1_probe2_1_1.png,assets/targets/0064/outlinestim_world2_probe2_1_0.png,assets/targets/0064/outlinestim_world2_probe2_1_1.png,assets/targets/0064/outlinestim_world1_probe2_1_0.png,noteleport_consistent,2,1,1,0,brown,66d0a11f443c12ab3a1b9a4f,0,assets/targets/0064/outlinestim_world1_probe2_1_1.png,1,100,True
4,10231,100,0042,assets/targets/0042/img1_1.png,assets/targets/0042/img1_2.png,assets/targets/0042/img2_1.png,assets/targets/0042/img2_2.png,assets/targets/0042/recording1_1.mp4,assets/targets/0042/recording1_2.mp4,assets/targets/0042/recording2_1.mp4,assets/targets/0042/recording2_2.mp4,302.7180979554031,305.896846954325,False,assets/targets/0042/outlinestim_world1_probe1_1_1.png,assets/targets/0042/outlinestim_world2_probe1_1_0.png,assets/targets/0042/outlinestim_world2_probe1_1_1.png,assets/targets/0042/outlinestim_world1_probe1_1_0.png,teleport_consistent,1,1,1,0,brown,66d0a11f443c12ab3a1b9a4f,1,assets/targets/0042/outlinestim_world1_probe1_1_0.png,0,100,True
5,10603,100,0069,assets/targets/0069/img1_1.png,assets/targets/0069/img1_2.png,assets/targets/0069/img2_1.png,assets/targets/0069/img2_2.png,assets/targets/0069/recording1_1.mp4,assets/targets/0069/recording1_2.mp4,assets/targets/0069/recording2_1.mp4,assets/targets/0069/recording2_2.mp4,45.99293272938177,282.53465008228795,False,assets/targets/0069/outlinestim_world1_probe1_1_1.png,assets/targets/0069/outlinestim_world2_probe1_1_0.png,assets/targets/0069/outlinestim_world2_probe1_1_1.png,assets/targets/0069/outlinestim_world1_probe1_1_0.png,teleport_consistent,1,1,1,0,brown,66d0a11f443c12ab3a1b9a4f,1,assets/targets/0069/outlinestim_world1_probe1_1_0.png,0,100,True
6,14954,29,0072,assets/targets/0072/img1_1.png,assets/targets/0072/img1_2.png,assets/targets/0072/img2_1.png,assets/targets/0072/img2_2.png,assets/targets/0072/recording1_1.mp4,assets/targets/0072/recording1_2.mp4,assets/targets/0072/recording2_1.mp4,assets/targets/0072/recording2_2.mp4,263.49876924364594,480.2927000755407,False,assets/targets/0072/outlinestim_world1_probe0_2_1.png,assets/targets/0072/outlinestim_world2_probe0_2_0.png,assets/targets/0072/outlinestim_world2_probe0_2_1.png,assets/targets/0072/outlinestim_world1_probe0_2_0.png,nocol,0,2,2,0,brown,66d0a11f443c12ab3a1b9a4f,0,assets/targets/0072/outlinestim_world2_probe0_2_1.png,1,71,True
7,13821,17,0091,assets/targets/0091/img1_1.png,assets/targets/0091/img1_2.png,assets/targets/0091/img2_1.png,assets/targets/0091/img2_2.png,assets/targets/0091/recording1_1.mp4,assets/targets/0091/recording1_2.mp4,assets/targets/0091/recording2_1.mp4,assets/targets/0091/recording2_2.mp4,360.26329222466995,232.43135081432789,False,assets/targets/0091/outlinestim_world1_probe0_1_1.png,assets/targets/0091/outlinestim_world2_probe0_1_0.png,assets/targets/0091/outlinestim_world2_probe0_1_1.png,assets/targets/0091/outlinestim_world1_probe0_1_0.png,nocol,0,1,1,0,brown,66d0a11f443c12ab3a1b9a4f,0,assets/targets/0091/outlinestim_world1_probe0_1_1.png,1,83,True
8,10774,100,0045,assets/targets/0045/img1_1.png,assets/targets/0045/img1_2.png,assets/targets/0045/img2_1.png,assets/targets/0045/img2_2.png,assets/targets/0045/recording1_1.mp4,assets/targets/0045/recording1_2.mp4,assets/targets/0045/recording2_1.mp4,assets/targets/0045/recording2_2.mp4,436.6559051772762,257.95950551802974,False,assets/targets/0045/outlinestim_world1_probe2_1_1.png,assets/targets/0045/outlinestim_world2_probe2_1_0.png,assets/targets/0045/outlinestim_world2_probe2_1_1.png,assets/targets/0045/outlinestim_world1_probe2_1_0.png,noteleport_consistent,2,1,2,0,brown,66d0a11f443c12ab3a1b9a4f,1,assets/targets/0045/outlinestim_world2_probe2_1_0.png,0,100,True
0,14569,6,0064,assets/targets/0064/img1_1.png,assets/targets/0064/img1_2.png,assets/targets/0064/img2_1.png,assets/targets/0064/img2_2.png,assets/targets/0064/recording1_1.mp4,assets/targets/0064/recording1_2.mp4,assets/targets/0064/recording2_1.mp4,assets/targets/0064/recording2_2.mp4,572.435126403118,233.99006146723664,False,assets/targets/0064/outlinestim_world1_probe1_2_1.png,assets/targets/0064/outlinestim_world2_probe1_2_0.png,assets/targets/0064/outlinestim_world2_probe1_2_1.png,assets/targets/0064/outlinestim_world1_probe1_2_0.png,teleport_consistent,1,2,1,0,brown,6685cec5c360283099e5bb29,1,assets/targets/0064/outlinestim_world1_probe1_2_0.png,0,6,False
1,5983,1,0042,assets/targets/0042/img1_1.png,assets/targets/0042/img1_2.png,assets/targets/0042/img2_1.png,assets/targets/0042/img2_2.png,assets/targets/0042/recording1_1.mp4,assets/targets/0042/recording1_2.mp4,assets/targets/0042/recording2_1.mp4,assets/targets/0042/recording2_2.mp4,302.7180979554031,305.896846954325,False,assets/targets/0042/outlinestim_world1_probe2_2_1.png,assets/targets/0042/outlinestim_world2_probe2_2_0.png,assets/targets/0042/outlinestim_world2_probe2_2_1.png,assets/targets/0042/outlinestim_world1_probe2_2_0.png,noteleport_consistent,2,2,2,0,brown,6685cec5c360283099e5bb29,0,assets/targets/0042/outlinestim_world2_probe2_2_1.png,1,99,True
2,6999,81,0069,assets/targets/0069/img1_1.png,assets/targets/0069/img1_2.png,assets/targets/0069/img2_1.png,assets/targets/0069/img2_2.png,assets/targets/0069/recording1_1.mp4,assets/targets/0069/recording1_2.mp4,assets/targets/0069/recording2_1.mp4,assets/targets/0069/recording2_2.mp4,45.99293272938177,282.53465008228795,False,assets/targets/0069/outlinestim_world1_probe1_1_1.png,assets/targets/0069/outlinestim_world2_probe1_1_0.png,assets/targets/0069/outlinestim_world2_probe1_1_1.png,assets/targets/0069/outlinestim_world1_probe1_1_0.png,teleport_consistent,1,1,2,0,brown,6685cec5c360283099e5bb29,1,assets/targets/0069/outlinestim_world2_probe1_1_0.png,0,81,True
3,5502,65,0072,assets/targets/0072/img1_1.png,assets/targets/0072/img1_2.png,assets/targets/0072/img2_1.png,assets/targets/0072/img2_2.png,assets/targets/0072/recording1_1.mp4,assets/targets/0072/recording1_2.mp4,assets/targets/0072/recording2_1.mp4,assets/targets/0072/recording2_2.mp4,263.49876924364594,480.2927000755407,False,assets/targets/0072/outlinestim_world1_probe2_1_1.png,assets/targets/0072/outlinestim_world2_probe2_1_0.png,assets/targets/0072/outlinestim_world2_probe2_1_1.png,assets/targets/0072/outlinestim_world1_probe2_1_0.png,noteleport_consistent,2,1,1,0,brown,6685cec5c360283099e5bb29,1,assets/targets/0072/outlinestim_world1_probe2_1_0.png,0,65,True
4,6602,84,0025,assets/targets/0025/img1_1.png,assets/targets/0025/img1_2.png,assets/targets/0025/img2_1.png,assets/targets/0025/img2_2.png,assets/targets/0025/recording1_1.mp4,assets/targets/0025/recording1_2.mp4,assets/targets/0025/recording2_1.mp4,assets/targets/0025/recording2_2.mp4,275.75178627094397,548.0849702817209,False,assets/targets/0025/outlinestim_world1_probe0_2_1.png,assets/targets/0025/outlinestim_world2_probe0_2_0.png,assets/targets/0025/outlinestim_world2_probe0_2_1.png,assets/targets/0025/outlinestim_world1_probe0_2_0.png,nocol,0,2,2,0,brown,6685cec5c360283099e5bb29,0,assets/targets/0025/outlinestim_world2_probe0_2_1.png,1,16,False
5,4807,20,0091,assets/targets/0091/img1_1.png,assets/targets/0091/img1_2.png,assets/targets/0091/img2_1.png,assets/targets/0091/img2_2.png,assets/targets/0091/recording1_1.mp4,assets/targets/0091/recording1_2.mp4,assets/targets/0091/recording2_1.mp4,assets/targets/0091/recording2_2.mp4,360.26329222466995,232.43135081432789,False,assets/targets/0091/outlinestim_world1_probe0_1_1.png,assets/targets/0091/outlinestim_world2_probe0_1_0.png,assets/targets/0091/outlinestim_world2_probe0_1_1.png,assets/targets/0091/outlinestim_world1_probe0_1_0.png,nocol,0,1,2,0,brown,6685cec5c360283099e5bb29,0,assets/targets/0091/outlinestim_world2_probe0_1_1.png,1,80,True
6,10248,55,0024,assets/targets/0024/img1_1.png,assets/targets/0024/img1_2.png,assets/targets/0024/img2_1.png,assets/targets/0024/img2_2.png,assets/targets/0024/recording1_1.mp4,assets/targets/0024/recording1_2.mp4,assets/targets/0024/recording2_1.mp4,assets/targets/0024/recording2_2.mp4,392.50547349657757,36.17405762242421,False,assets/targets/0024/outlinestim_world1_probe1_2_1.png,assets/targets/0024/outlinestim_world2_probe1_2_0.png,assets/targets/0024/outlinestim_world2_probe1_2_1.png,assets/targets/0024/outlinestim_world1_probe1_2_0.png,teleport_consistent,1,2,1,0,brown,6685cec5c360283099e5bb29,1,assets/targets/0024/outlinestim_world1_probe1_2_0.png,0,55,True
7,6345,68,0045,assets/targets/0045/img1_1.png,assets/targets/0045/img1_2.png,assets/targets/0045/img2_1.png,assets/targets/0045/img2_2.png,assets/targets/0045/recording1_1.mp4,assets/targets/0045/recording1_2.mp4,assets/targets/0045/recording2_1.mp4,assets/targets/0045/recording2_2.mp4,436.6559051772762,257.95950551802974,False,assets/targets/0045/outlinestim_world1_probe2_1_1.png,assets/targets/0045/outlinestim_world2_probe2_1_0.png,assets/targets/0045/outlinestim_world2_probe2_1_1.png,assets/targets/0045/outlinestim_world1_probe2_1_0.png,noteleport_consistent,2,1,1,0,brown,6685cec5c360283099e5bb29,0,assets/targets/0045/outlinestim_world1_probe2_1_1.png,1,32,False
8,3938,66,0052,assets/targets/0052/img1_1.png,assets/targets/0052/img1_2.png,assets/targets/0052/img2_1.png,assets/targets/0052/img2_2.png,assets/targets/0052/recording1_1.mp4,assets/targets/0052/recording1_2.mp4,assets/targets/0052/recording2_1.mp4,assets/targets/0052/recording2_2.mp4,570.2567171334038,231.9134273051645,False,assets/targets/0052/outlinestim_world1_probe2_1_1.png,assets/targets/0052/outlinestim_world2_probe2_1_0.png,assets/targets/0052/outlinestim_world2_probe2_1_1.png,assets/targets/0052/outlinestim_world1_probe2_1_0.png,noteleport_consistent,2,1,1,0,brown,6685cec5c360283099e5bb29,0,assets/targets/0052/outlinestim_world1_probe2_1_1.png,1,34,False
0,73015,51,0091,assets/targets/0091/img1_1.png,assets/targets/0091/img1_2.png,assets/targets/0091/img2_1.png,assets/targets/0091/img2_2.png,assets/targets/0091/recording1_1.mp4,assets/targets/0091/recording1_2.mp4,assets/targets/0091/recording2_1.mp4,assets/targets/0091/recording2_2.mp4,360.26329222466995,232.43135081432789,False,assets/targets/0091/outlinestim_world1_probe2_1_1.png,assets/targets/0091/outlinestim_world2_probe2_1_0.png,assets/targets/0091/outlinestim_world2_probe2_1_1.png,assets/targets/0091/outlinestim_world1_probe2_1_0.png,noteleport_consistent,2,1,1,1,blue,66a03625788fece5584ab9ba,0,assets/targets/0091/outlinestim_world2_probe2_1_1.png,1,49,False
1,31969,0,0064,assets/targets/0064/img1_1.png,assets/targets/0064/img1_2.png,assets/targets/0064/img2_1.png,assets/targets/0064/img2_2.png,assets/targets/0064/recording1_1.mp4,assets/targets/0064/recording1_2.mp4,assets/targets/0064/recording2_1.mp4,assets/targets/0064/recording2_2.mp4,572.435126403118,233.99006146723664,False,assets/targets/0064/outlinestim_world1_probe2_1_1.png,assets/targets/0064/outlinestim_world2_probe2_1_0.png,assets/targets/0064/outlinestim_world2_probe2_1_1.png,assets/targets/0064/outlinestim_world1_probe2_1_0.png,noteleport_consistent,2,1,2,1,blue,66a03625788fece5584ab9ba,0,assets/targets/0064/outlinestim_world1_probe2_1_1.png,1,100,True
2,25911,0,0052,assets/targets/0052/img1_1.png,assets/targets/0052/img1_2.png,assets/targets/0052/img2_1.png,assets/targets/0052/img2_2.png,assets/targets/0052/recording1_1.mp4,assets/targets/0052/recording1_2.mp4,assets/targets/0052/recording2_1.mp4,assets/targets/0052/recording2_2.mp4,570.2567171334038,231.9134273051645,False,assets/targets/0052/outlinestim_world1_probe1_1_1.png,assets/targets/0052/outlinestim_world2_probe1_1_0.png,assets/targets/0052/outlinestim_world2_probe1_1_1.png,assets/targets/0052/outlinestim_world1_probe1_1_0.png,teleport_consistent,1,1,1,1,blue,66a03625788fece5584ab9ba,0,assets/targets/0052/outlinestim_world2_probe1_1_1.png,1,100,True
3,44646,100,0045,assets/targets/0045/img1_1.png,assets/targets/0045/img1_2.png,assets/targets/0045/img2_1.png,assets/targets/0045/img2_2.png,assets/targets/0045/recording1_1.mp4,assets/targets/0045/recording1_2.mp4,assets/targets/0045/recording2_1.mp4,assets/targets/0045/recording2_2.mp4,436.6559051772762,257.95950551802974,False,assets/targets/0045/outlinestim_world1_probe1_1_1.png,assets/targets/0045/outlinestim_world2_probe1_1_0.png,assets/targets/0045/outlinestim_world2_probe1_1_1.png,assets/targets/0045/outlinestim_world1_probe1_1_0.png,teleport_consistent,1,1,1,1,blue,66a03625788fece5584ab9ba,1,assets/targets/0045/outlinestim_world2_probe1_1_0.png,0,100,True
4,24472,0,0072,assets/targets/0072/img1_1.png,assets/targets/0072/img1_2.png,assets/targets/0072/img2_1.png,assets/targets/0072/img2_2.png,assets/targets/0072/recording1_1.mp4,assets/targets/0072/recording1_2.mp4,assets/targets/0072/recording2_1.mp4,assets/targets/0072/recording2_2.mp4,263.49876924364594,480.2927000755407,False,assets/targets/0072/outlinestim_world1_probe2_1_1.png,assets/targets/0072/outlinestim_world2_probe2_1_0.png,assets/targets/0072/outlinestim_world2_probe2_1_1.png,assets/targets/0072/outlinestim_world1_probe2_1_0.png,noteleport_consistent,2,1,1,1,blue,66a03625788fece5584ab9ba,0,assets/targets/0072/outlinestim_world2_probe2_1_1.png,1,100,True
5,25535,100,0042,assets/targets/0042/img1_1.png,assets/targets/0042/img1_2.png,assets/targets/0042/img2_1.png,assets/targets/0042/img2_2.png,assets/targets/0042/recording1_1.mp4,assets/targets/0042/recording1_2.mp4,assets/targets/0042/recording2_1.mp4,assets/targets/0042/recording2_2.mp4,302.7180979554031,305.896846954325,False,assets/targets/0042/outlinestim_world1_probe1_2_1.png,assets/targets/0042/outlinestim_world2_probe1_2_0.png,assets/targets/0042/outlinestim_world2_probe1_2_1.png,assets/targets/0042/outlinestim_world1_probe1_2_0.png,teleport_consistent,1,2,2,1,blue,66a03625788fece5584ab9ba,1,assets/targets/0042/outlinestim_world1_probe1_2_0.png,0,100,True
6,20541,0,0024,assets/targets/0024/img1_1.png,assets/targets/0024/img1_2.png,assets/targets/0024/img2_1.png,assets/targets/0024/img2_2.png,assets/targets/0024/recording1_1.mp4,assets/targets/0024/recording1_2.mp4,assets/targets/0024/recording2_1.mp4,assets/targets/0024/recording2_2.mp4,392.50547349657757,36.17405762242421,False,assets/targets/0024/outlinestim_world1_probe1_1_1.png,assets/targets/0024/outlinestim_world2_probe1_1_0.png,assets/targets/0024/outlinestim_world2_probe1_1_1.png,assets/targets/0024/outlinestim_world1_probe1_1_0.png,teleport_consistent,1,1,1,1,blue,66a03625788fece5584ab9ba,0,assets/targets/0024/outlinestim_world2_probe1_1_1.png,1,100,True
7,36388,0,0069,assets/targets/0069/img1_1.png,assets/targets/0069/img1_2.png,assets/targets/0069/img2_1.png,assets/targets/0069/img2_2.png,assets/targets/0069/recording1_1.mp4,assets/targets/0069/recording1_2.mp4,assets/targets/0069/recording2_1.mp4,assets/targets/0069/recording2_2.mp4,45.99293272938177,282.53465008228795,False,assets/targets/0069/outlinestim_world1_probe1_1_1.png,assets/targets/0069/outlinestim_world2_probe1_1_0.png,assets/targets/0069/outlinestim_world2_probe1_1_1.png,assets/targets/0069/outlinestim_world1_probe1_1_0.png,teleport_consistent,1,1,2,1,blue,66a03625788fece5584ab9ba,0,assets/targets/0069/outlinestim_world1_probe1_1_1.png,1,100,True
8,21813,100,0025,assets/targets/0025/img1_1.png,assets/targets/0025/img1_2.png,assets/targets/0025/img2_1.png,assets/targets/0025/img2_2.png,assets/targets/0025/recording1_1.mp4,assets/targets/0025/recording1_2.mp4,assets/targets/0025/recording2_1.mp4,assets/targets/0025/recording2_2.mp4,275.75178627094397,548.0849702817209,False,assets/targets/0025/outlinestim_world1_probe2_1_1.png,assets/targets/0025/outlinestim_world2_probe2_1_0.png,assets/targets/0025/outlinestim_world2_probe2_1_1.png,assets/targets/0025/outlinestim_world1_probe2_1_0.png,noteleport_consistent,2,1,2,1,blue,66a03625788fece5584ab9ba,1,assets/targets/0025/outlinestim_world1_probe2_1_0.png,0,100,True
0,79707,50,0091,assets/targets/0091/img1_1.png,assets/targets/0091/img1_2.png,assets/targets/0091/img2_1.png,assets/targets/0091/img2_2.png,assets/targets/0091/recording1_1.mp4,assets/targets/0091/recording1_2.mp4,assets/targets/0091/recording2_1.mp4,assets/targets/0091/recording2_2.mp4,360.26329222466995,232.43135081432789,False,assets/targets/0091/outlinestim_world1_probe1_1_1.png,assets/targets/0091/outlinestim_world2_probe1_1_0.png,assets/targets/0091/outlinestim_world2_probe1_1_1.png,assets/targets/0091/outlinestim_world1_probe1_1_0.png,teleport_consistent,1,1,2,1,blue,66d7f142d8ae72ff201a7f46,0,assets/targets/0091/outlinestim_world1_probe1_1_1.png,1,50,True
1,34548,100,0069,assets/targets/0069/img1_1.png,assets/targets/0069/img1_2.png,assets/targets/0069/img2_1.png,assets/targets/0069/img2_2.png,assets/targets/0069/recording1_1.mp4,assets/targets/0069/recording1_2.mp4,assets/targets/0069/recording2_1.mp4,assets/targets/0069/recording2_2.mp4,45.99293272938177,282.53465008228795,False,assets/targets/0069/outlinestim_world1_probe0_2_1.png,assets/targets/0069/outlinestim_world2_probe0_2_0.png,assets/targets/0069/outlinestim_world2_probe0_2_1.png,assets/targets/0069/outlinestim_world1_probe0_2_0.png,nocol,0,2,2,1,blue,66d7f142d8ae72ff201a7f46,1,assets/targets/0069/outlinestim_world1_probe0_2_0.png,0,100,True
2,38502,100,0045,assets/targets/0045/img1_1.png,assets/targets/0045/img1_2.png,assets/targets/0045/img2_1.png,assets/targets/0045/img2_2.png,assets/targets/0045/recording1_1.mp4,assets/targets/0045/recording1_2.mp4,assets/targets/0045/recording2_1.mp4,assets/targets/0045/recording2_2.mp4,436.6559051772762,257.95950551802974,False,assets/targets/0045/outlinestim_world1_probe1_1_1.png,assets/targets/0045/outlinestim_world2_probe1_1_0.png,assets/targets/0045/outlinestim_world2_probe1_1_1.png,assets/targets/0045/outlinestim_world1_probe1_1_0.png,teleport_consistent,1,1,2,1,blue,66d7f142d8ae72ff201a7f46,1,assets/targets/0045/outlinestim_world1_probe1_1_0.png,0,100,True
3,20082,0,0052,assets/targets/0052/img1_1.png,assets/targets/0052/img1_2.png,assets/targets/0052/img2_1.png,assets/targets/0052/img2_2.png,assets/targets/0052/recording1_1.mp4,assets/targets/0052/recording1_2.mp4,assets/targets/0052/recording2_1.mp4,assets/targets/0052/recording2_2.mp4,570.2567171334038,231.9134273051645,False,assets/targets/0052/outlinestim_world1_probe2_2_1.png,assets/targets/0052/outlinestim_world2_probe2_2_0.png,assets/targets/0052/outlinestim_world2_probe2_2_1.png,assets/targets/0052/outlinestim_world1_probe2_2_0.png,noteleport_consistent,2,2,1,1,blue,66d7f142d8ae72ff201a7f46,1,assets/targets/0052/outlinestim_world2_probe2_2_0.png,0,0,False
4,16288,0,0025,assets/targets/0025/img1_1.png,assets/targets/0025/img1_2.png,assets/targets/0025/img2_1.png,assets/targets/0025/img2_2.png,assets/targets/0025/recording1_1.mp4,assets/targets/0025/recording1_2.mp4,assets/targets/0025/recording2_1.mp4,assets/targets/0025/recording2_2.mp4,275.75178627094397,548.0849702817209,False,assets/targets/0025/outlinestim_world1_probe1_1_1.png,assets/targets/0025/outlinestim_world2_probe1_1_0.png,assets/targets/0025/outlinestim_world2_probe1_1_1.png,assets/targets/0025/outlinestim_world1_probe1_1_0.png,teleport_consistent,1,1,2,1,blue,66d7f142d8ae72ff201a7f46,0,assets/targets/0025/outlinestim_world1_probe1_1_1.png,1,100,True
5,35650,56,0042,assets/targets/0042/img1_1.png,assets/targets/0042/img1_2.png,assets/targets/0042/img2_1.png,assets/targets/0042/img2_2.png,assets/targets/0042/recording1_1.mp4,assets/targets/0042/recording1_2.mp4,assets/targets/0042/recording2_1.mp4,assets/targets/0042/recording2_2.mp4,302.7180979554031,305.896846954325,False,assets/targets/0042/outlinestim_world1_probe2_2_1.png,assets/targets/0042/outlinestim_world2_probe2_2_0.png,assets/targets/0042/outlinestim_world2_probe2_2_1.png,assets/targets/0042/outlinestim_world1_probe2_2_0.png,noteleport_consistent,2,2,1,1,blue,66d7f142d8ae72ff201a7f46,0,assets/targets/0042/outlinestim_world2_probe2_2_1.png,1,44,False
6,10474,100,0024,assets/targets/0024/img1_1.png,assets/targets/0024/img1_2.png,assets/targets/0024/img2_1.png,assets/targets/0024/img2_2.png,assets/targets/0024/recording1_1.mp4,assets/targets/0024/recording1_2.mp4,assets/targets/0024/recording2_1.mp4,assets/targets/0024/recording2_2.mp4,392.50547349657757,36.17405762242421,False,assets/targets/0024/outlinestim_world1_probe0_2_1.png,assets/targets/0024/outlinestim_world2_probe0_2_0.png,assets/targets/0024/outlinestim_world2_probe0_2_1.png,assets/targets/0024/outlinestim_world1_probe0_2_0.png,nocol,0,2,2,1,blue,66d7f142d8ae72ff201a7f46,0,assets/targets/0024/outlinestim_world1_probe0_2_1.png,1,0,False
7,10983,100,0072,assets/targets/0072/img1_1.png,assets/targets/0072/img1_2.png,assets/targets/0072/img2_1.png,assets/targets/0072/img2_2.png,assets/targets/0072/recording1_1.mp4,assets/targets/0072/recording1_2.mp4,assets/targets/0072/recording2_1.mp4,assets/targets/0072/recording2_2.mp4,263.49876924364594,480.2927000755407,False,assets/targets/0072/outlinestim_world1_probe2_1_1.png,assets/targets/0072/outlinestim_world2_probe2_1_0.png,assets/targets/0072/outlinestim_world2_probe2_1_1.png,assets/targets/0072/outlinestim_world1_probe2_1_0.png,noteleport_consistent,2,1,2,1,blue,66d7f142d8ae72ff201a7f46,0,assets/targets/0072/outlinestim_world1_probe2_1_1.png,1,0,False
8,16169,50,0064,assets/targets/0064/img1_1.png,assets/targets/0064/img1_2.png,assets/targets/0064/img2_1.png,assets/targets/0064/img2_2.png,assets/targets/0064/recording1_1.mp4,assets/targets/0064/recording1_2.mp4,assets/targets/0064/recording2_1.mp4,assets/targets/0064/recording2_2.mp4,572.435126403118,233.99006146723664,False,assets/targets/0064/outlinestim_world1_probe2_1_1.png,assets/targets/0064/outlinestim_world2_probe2_1_0.png,assets/targets/0064/outlinestim_world2_probe2_1_1.png,assets/targets/0064/outlinestim_world1_probe2_1_0.png,noteleport_consistent,2,1,2,1,blue,66d7f142d8ae72ff201a7f46,0,assets/targets/0064/outlinestim_world1_probe2_1_1.png,1,50,True
0,67756,85,0024,assets/targets/0024/img1_1.png,assets/targets/0024/img1_2.png,assets/targets/0024/img2_1.png,assets/targets/0024/img2_2.png,assets/targets/0024/recording1_1.mp4,assets/targets/0024/recording1_2.mp4,assets/targets/0024/recording2_1.mp4,assets/targets/0024/recording2_2.mp4,392.50547349657757,36.17405762242421,False,assets/targets/0024/outlinestim_world1_probe0_2_1.png,assets/targets/0024/outlinestim_world2_probe0_2_0.png,assets/targets/0024/outlinestim_world2_probe0_2_1.png,assets/targets/0024/outlinestim_world1_probe0_2_0.png,nocol,0,2,1,1,blue,66b291dd6446b8f2ee477d8e,1,assets/targets/0024/outlinestim_world2_probe0_2_0.png,0,85,True
1,8014,19,0069,assets/targets/0069/img1_1.png,assets/targets/0069/img1_2.png,assets/targets/0069/img2_1.png,assets/targets/0069/img2_2.png,assets/targets/0069/recording1_1.mp4,assets/targets/0069/recording1_2.mp4,assets/targets/0069/recording2_1.mp4,assets/targets/0069/recording2_2.mp4,45.99293272938177,282.53465008228795,False,assets/targets/0069/outlinestim_world1_probe2_2_1.png,assets/targets/0069/outlinestim_world2_probe2_2_0.png,assets/targets/0069/outlinestim_world2_probe2_2_1.png,assets/targets/0069/outlinestim_world1_probe2_2_0.png,noteleport_consistent,2,2,2,1,blue,66b291dd6446b8f2ee477d8e,1,assets/targets/0069/outlinestim_world1_probe2_2_0.png,0,19,False
2,6394,19,0052,assets/targets/0052/img1_1.png,assets/targets/0052/img1_2.png,assets/targets/0052/img2_1.png,assets/targets/0052/img2_2.png,assets/targets/0052/recording1_1.mp4,assets/targets/0052/recording1_2.mp4,assets/targets/0052/recording2_1.mp4,assets/targets/0052/recording2_2.mp4,570.2567171334038,231.9134273051645,False,assets/targets/0052/outlinestim_world1_probe2_2_1.png,assets/targets/0052/outlinestim_world2_probe2_2_0.png,assets/targets/0052/outlinestim_world2_probe2_2_1.png,assets/targets/0052/outlinestim_world1_probe2_2_0.png,noteleport_consistent,2,2,1,1,blue,66b291dd6446b8f2ee477d8e,1,assets/targets/0052/outlinestim_world2_probe2_2_0.png,0,19,False
3,4501,77,0025,assets/targets/0025/img1_1.png,assets/targets/0025/img1_2.png,assets/targets/0025/img2_1.png,assets/targets/0025/img2_2.png,assets/targets/0025/recording1_1.mp4,assets/targets/0025/recording1_2.mp4,assets/targets/0025/recording2_1.mp4,assets/targets/0025/recording2_2.mp4,275.75178627094397,548.0849702817209,False,assets/targets/0025/outlinestim_world1_probe2_1_1.png,assets/targets/0025/outlinestim_world2_probe2_1_0.png,assets/targets/0025/outlinestim_world2_probe2_1_1.png,assets/targets/0025/outlinestim_world1_probe2_1_0.png,noteleport_consistent,2,1,1,1,blue,66b291dd6446b8f2ee477d8e,0,assets/targets/0025/outlinestim_world2_probe2_1_1.png,1,23,False
4,3873,16,0072,assets/targets/0072/img1_1.png,assets/targets/0072/img1_2.png,assets/targets/0072/img2_1.png,assets/targets/0072/img2_2.png,assets/targets/0072/recording1_1.mp4,assets/targets/0072/recording1_2.mp4,assets/targets/0072/recording2_1.mp4,assets/targets/0072/recording2_2.mp4,263.49876924364594,480.2927000755407,False,assets/targets/0072/outlinestim_world1_probe1_2_1.png,assets/targets/0072/outlinestim_world2_probe1_2_0.png,assets/targets/0072/outlinestim_world2_probe1_2_1.png,assets/targets/0072/outlinestim_world1_probe1_2_0.png,teleport_consistent,1,2,2,1,blue,66b291dd6446b8f2ee477d8e,1,assets/targets/0072/outlinestim_world1_probe1_2_0.png,0,16,False
5,5119,20,0045,assets/targets/0045/img1_1.png,assets/targets/0045/img1_2.png,assets/targets/0045/img2_1.png,assets/targets/0045/img2_2.png,assets/targets/0045/recording1_1.mp4,assets/targets/0045/recording1_2.mp4,assets/targets/0045/recording2_1.mp4,assets/targets/0045/recording2_2.mp4,436.6559051772762,257.95950551802974,False,assets/targets/0045/outlinestim_world1_probe2_1_1.png,assets/targets/0045/outlinestim_world2_probe2_1_0.png,assets/targets/0045/outlinestim_world2_probe2_1_1.png,assets/targets/0045/outlinestim_world1_probe2_1_0.png,noteleport_consistent,2,1,1,1,blue,66b291dd6446b8f2ee477d8e,0,assets/targets/0045/outlinestim_world2_probe2_1_1.png,1,80,True
6,4068,85,0042,assets/targets/0042/img1_1.png,assets/targets/0042/img1_2.png,assets/targets/0042/img2_1.png,assets/targets/0042/img2_2.png,assets/targets/0042/recording1_1.mp4,assets/targets/0042/recording1_2.mp4,assets/targets/0042/recording2_1.mp4,assets/targets/0042/recording2_2.mp4,302.7180979554031,305.896846954325,False,assets/targets/0042/outlinestim_world1_probe0_2_1.png,assets/targets/0042/outlinestim_world2_probe0_2_0.png,assets/targets/0042/outlinestim_world2_probe0_2_1.png,assets/targets/0042/outlinestim_world1_probe0_2_0.png,nocol,0,2,2,1,blue,66b291dd6446b8f2ee477d8e,1,assets/targets/0042/outlinestim_world1_probe0_2_0.png,0,85,True
7,3559,17,0091,assets/targets/0091/img1_1.png,assets/targets/0091/img1_2.png,assets/targets/0091/img2_1.png,assets/targets/0091/img2_2.png,assets/targets/0091/recording1_1.mp4,assets/targets/0091/recording1_2.mp4,assets/targets/0091/recording2_1.mp4,assets/targets/0091/recording2_2.mp4,360.26329222466995,232.43135081432789,False,assets/targets/0091/outlinestim_world1_probe0_1_1.png,assets/targets/0091/outlinestim_world2_probe0_1_0.png,assets/targets/0091/outlinestim_world2_probe0_1_1.png,assets/targets/0091/outlinestim_world1_probe0_1_0.png,nocol,0,1,1,1,blue,66b291dd6446b8f2ee477d8e,0,assets/targets/0091/outlinestim_world2_probe0_1_1.png,1,83,True
8,5509,12,0064,assets/targets/0064/img1_1.png,assets/targets/0064/img1_2.png,assets/targets/0064/img2_1.png,assets/targets/0064/img2_2.png,assets/targets/0064/recording1_1.mp4,assets/targets/0064/recording1_2.mp4,assets/targets/0064/recording2_1.mp4,assets/targets/0064/recording2_2.mp4,572.435126403118,233.99006146723664,False,assets/targets/0064/outlinestim_world1_probe2_1_1.png,assets/targets/0064/outlinestim_world2_probe2_1_0.png,assets/targets/0064/outlinestim_world2_probe2_1_1.png,assets/targets/0064/outlinestim_world1_probe2_1_0.png,noteleport_consistent,2,1,2,1,blue,66b291dd6446b8f2ee477d8e,1,assets/targets/0064/outlinestim_world1_probe2_1_0.png,0,12,False
0,89944,0,0052,assets/targets/0052/img1_1.png,assets/targets/0052/img1_2.png,assets/targets/0052/img2_1.png,assets/targets/0052/img2_2.png,assets/targets/0052/recording1_1.mp4,assets/targets/0052/recording1_2.mp4,assets/targets/0052/recording2_1.mp4,assets/targets/0052/recording2_2.mp4,570.2567171334038,231.9134273051645,False,assets/targets/0052/outlinestim_world1_probe1_2_1.png,assets/targets/0052/outlinestim_world2_probe1_2_0.png,assets/targets/0052/outlinestim_world2_probe1_2_1.png,assets/targets/0052/outlinestim_world1_probe1_2_0.png,teleport_consistent,1,2,1,0,brown,667859f6dcaa63af2cecc312,0,assets/targets/0052/outlinestim_world1_probe1_2_1.png,1,100,True
1,37616,100,0091,assets/targets/0091/img1_1.png,assets/targets/0091/img1_2.png,assets/targets/0091/img2_1.png,assets/targets/0091/img2_2.png,assets/targets/0091/recording1_1.mp4,assets/targets/0091/recording1_2.mp4,assets/targets/0091/recording2_1.mp4,assets/targets/0091/recording2_2.mp4,360.26329222466995,232.43135081432789,False,assets/targets/0091/outlinestim_world1_probe0_2_1.png,assets/targets/0091/outlinestim_world2_probe0_2_0.png,assets/targets/0091/outlinestim_world2_probe0_2_1.png,assets/targets/0091/outlinestim_world1_probe0_2_0.png,nocol,0,2,2,0,brown,667859f6dcaa63af2cecc312,0,assets/targets/0091/outlinestim_world2_probe0_2_1.png,1,0,False
2,23242,0,0042,assets/targets/0042/img1_1.png,assets/targets/0042/img1_2.png,assets/targets/0042/img2_1.png,assets/targets/0042/img2_2.png,assets/targets/0042/recording1_1.mp4,assets/targets/0042/recording1_2.mp4,assets/targets/0042/recording2_1.mp4,assets/targets/0042/recording2_2.mp4,302.7180979554031,305.896846954325,False,assets/targets/0042/outlinestim_world1_probe0_1_1.png,assets/targets/0042/outlinestim_world2_probe0_1_0.png,assets/targets/0042/outlinestim_world2_probe0_1_1.png,assets/targets/0042/outlinestim_world1_probe0_1_0.png,nocol,0,1,1,0,brown,667859f6dcaa63af2cecc312,1,assets/targets/0042/outlinestim_world1_probe0_1_0.png,0,0,False
3,97612,0,0025,assets/targets/0025/img1_1.png,assets/targets/0025/img1_2.png,assets/targets/0025/img2_1.png,assets/targets/0025/img2_2.png,assets/targets/0025/recording1_1.mp4,assets/targets/0025/recording1_2.mp4,assets/targets/0025/recording2_1.mp4,assets/targets/0025/recording2_2.mp4,275.75178627094397,548.0849702817209,False,assets/targets/0025/outlinestim_world1_probe0_1_1.png,assets/targets/0025/outlinestim_world2_probe0_1_0.png,assets/targets/0025/outlinestim_world2_probe0_1_1.png,assets/targets/0025/outlinestim_world1_probe0_1_0.png,nocol,0,1,2,0,brown,667859f6dcaa63af2cecc312,0,assets/targets/0025/outlinestim_world2_probe0_1_1.png,1,100,True
4,13573,100,0045,assets/targets/0045/img1_1.png,assets/targets/0045/img1_2.png,assets/targets/0045/img2_1.png,assets/targets/0045/img2_2.png,assets/targets/0045/recording1_1.mp4,assets/targets/0045/recording1_2.mp4,assets/targets/0045/recording2_1.mp4,assets/targets/0045/recording2_2.mp4,436.6559051772762,257.95950551802974,False,assets/targets/0045/outlinestim_world1_probe0_2_1.png,assets/targets/0045/outlinestim_world2_probe0_2_0.png,assets/targets/0045/outlinestim_world2_probe0_2_1.png,assets/targets/0045/outlinestim_world1_probe0_2_0.png,nocol,0,2,1,0,brown,667859f6dcaa63af2cecc312,0,assets/targets/0045/outlinestim_world1_probe0_2_1.png,1,0,False
5,21705,100,0064,assets/targets/0064/img1_1.png,assets/targets/0064/img1_2.png,assets/targets/0064/img2_1.png,assets/targets/0064/img2_2.png,assets/targets/0064/recording1_1.mp4,assets/targets/0064/recording1_2.mp4,assets/targets/0064/recording2_1.mp4,assets/targets/0064/recording2_2.mp4,572.435126403118,233.99006146723664,False,assets/targets/0064/outlinestim_world1_probe2_1_1.png,assets/targets/0064/outlinestim_world2_probe2_1_0.png,assets/targets/0064/outlinestim_world2_probe2_1_1.png,assets/targets/0064/outlinestim_world1_probe2_1_0.png,noteleport_consistent,2,1,2,0,brown,667859f6dcaa63af2cecc312,1,assets/targets/0064/outlinestim_world2_probe2_1_0.png,0,100,True
6,16173,100,0024,assets/targets/0024/img1_1.png,assets/targets/0024/img1_2.png,assets/targets/0024/img2_1.png,assets/targets/0024/img2_2.png,assets/targets/0024/recording1_1.mp4,assets/targets/0024/recording1_2.mp4,assets/targets/0024/recording2_1.mp4,assets/targets/0024/recording2_2.mp4,392.50547349657757,36.17405762242421,False,assets/targets/0024/outlinestim_world1_probe1_1_1.png,assets/targets/0024/outlinestim_world2_probe1_1_0.png,assets/targets/0024/outlinestim_world2_probe1_1_1.png,assets/targets/0024/outlinestim_world1_probe1_1_0.png,teleport_consistent,1,1,1,0,brown,667859f6dcaa63af2cecc312,1,assets/targets/0024/outlinestim_world1_probe1_1_0.png,0,100,True
7,16598,100,0069,assets/targets/0069/img1_1.png,assets/targets/0069/img1_2.png,assets/targets/0069/img2_1.png,assets/targets/0069/img2_2.png,assets/targets/0069/recording1_1.mp4,assets/targets/0069/recording1_2.mp4,assets/targets/0069/recording2_1.mp4,assets/targets/0069/recording2_2.mp4,45.99293272938177,282.53465008228795,False,assets/targets/0069/outlinestim_world1_probe2_1_1.png,assets/targets/0069/outlinestim_world2_probe2_1_0.png,assets/targets/0069/outlinestim_world2_probe2_1_1.png,assets/targets/0069/outlinestim_world1_probe2_1_0.png,noteleport_consistent,2,1,1,0,brown,667859f6dcaa63af2cecc312,1,assets/targets/0069/outlinestim_world1_probe2_1_0.png,0,100,True
8,153628,100,0072,assets/targets/0072/img1_1.png,assets/targets/0072/img1_2.png,assets/targets/0072/img2_1.png,assets/targets/0072/img2_2.png,assets/targets/0072/recording1_1.mp4,assets/targets/0072/recording1_2.mp4,assets/targets/0072/recording2_1.mp4,assets/targets/0072/recording2_2.mp4,263.49876924364594,480.2927000755407,False,assets/targets/0072/outlinestim_world1_probe0_2_1.png,assets/targets/0072/outlinestim_world2_probe0_2_0.png,assets/targets/0072/outlinestim_world2_probe0_2_1.png,assets/targets/0072/outlinestim_world1_probe0_2_0.png,nocol,0,2,1,0,brown,667859f6dcaa63af2cecc312,0,assets/targets/0072/outlinestim_world1_probe0_2_1.png,1,0,False
0,17201,50,0069,assets/targets/0069/img1_1.png,assets/targets/0069/img1_2.png,assets/targets/0069/img2_1.png,assets/targets/0069/img2_2.png,assets/targets/0069/recording1_1.mp4,assets/targets/0069/recording1_2.mp4,assets/targets/0069/recording2_1.mp4,assets/targets/0069/recording2_2.mp4,45.99293272938177,282.53465008228795,False,assets/targets/0069/outlinestim_world1_probe1_1_1.png,assets/targets/0069/outlinestim_world2_probe1_1_0.png,assets/targets/0069/outlinestim_world2_probe1_1_1.png,assets/targets/0069/outlinestim_world1_probe1_1_0.png,teleport_consistent,1,1,2,1,blue,66ccdfaee9ee00c604629b06,0,assets/targets/0069/outlinestim_world1_probe1_1_1.png,1,50,True
1,7151,71,0052,assets/targets/0052/img1_1.png,assets/targets/0052/img1_2.png,assets/targets/0052/img2_1.png,assets/targets/0052/img2_2.png,assets/targets/0052/recording1_1.mp4,assets/targets/0052/recording1_2.mp4,assets/targets/0052/recording2_1.mp4,assets/targets/0052/recording2_2.mp4,570.2567171334038,231.9134273051645,False,assets/targets/0052/outlinestim_world1_probe2_1_1.png,assets/targets/0052/outlinestim_world2_probe2_1_0.png,assets/targets/0052/outlinestim_world2_probe2_1_1.png,assets/targets/0052/outlinestim_world1_probe2_1_0.png,noteleport_consistent,2,1,1,1,blue,66ccdfaee9ee00c604629b06,1,assets/targets/0052/outlinestim_world2_probe2_1_0.png,0,71,True
2,4807,30,0072,assets/targets/0072/img1_1.png,assets/targets/0072/img1_2.png,assets/targets/0072/img2_1.png,assets/targets/0072/img2_2.png,assets/targets/0072/recording1_1.mp4,assets/targets/0072/recording1_2.mp4,assets/targets/0072/recording2_1.mp4,assets/targets/0072/recording2_2.mp4,263.49876924364594,480.2927000755407,False,assets/targets/0072/outlinestim_world1_probe0_2_1.png,assets/targets/0072/outlinestim_world2_probe0_2_0.png,assets/targets/0072/outlinestim_world2_probe0_2_1.png,assets/targets/0072/outlinestim_world1_probe0_2_0.png,nocol,0,2,1,1,blue,66ccdfaee9ee00c604629b06,0,assets/targets/0072/outlinestim_world2_probe0_2_1.png,1,70,True
3,4411,67,0064,assets/targets/0064/img1_1.png,assets/targets/0064/img1_2.png,assets/targets/0064/img2_1.png,assets/targets/0064/img2_2.png,assets/targets/0064/recording1_1.mp4,assets/targets/0064/recording1_2.mp4,assets/targets/0064/recording2_1.mp4,assets/targets/0064/recording2_2.mp4,572.435126403118,233.99006146723664,False,assets/targets/0064/outlinestim_world1_probe0_2_1.png,assets/targets/0064/outlinestim_world2_probe0_2_0.png,assets/targets/0064/outlinestim_world2_probe0_2_1.png,assets/targets/0064/outlinestim_world1_probe0_2_0.png,nocol,0,2,1,1,blue,66ccdfaee9ee00c604629b06,1,assets/targets/0064/outlinestim_world2_probe0_2_0.png,0,67,True
4,4010,34,0045,assets/targets/0045/img1_1.png,assets/targets/0045/img1_2.png,assets/targets/0045/img2_1.png,assets/targets/0045/img2_2.png,assets/targets/0045/recording1_1.mp4,assets/targets/0045/recording1_2.mp4,assets/targets/0045/recording2_1.mp4,assets/targets/0045/recording2_2.mp4,436.6559051772762,257.95950551802974,False,assets/targets/0045/outlinestim_world1_probe0_1_1.png,assets/targets/0045/outlinestim_world2_probe0_1_0.png,assets/targets/0045/outlinestim_world2_probe0_1_1.png,assets/targets/0045/outlinestim_world1_probe0_1_0.png,nocol,0,1,2,1,blue,66ccdfaee9ee00c604629b06,0,assets/targets/0045/outlinestim_world1_probe0_1_1.png,1,66,True
5,4824,65,0042,assets/targets/0042/img1_1.png,assets/targets/0042/img1_2.png,assets/targets/0042/img2_1.png,assets/targets/0042/img2_2.png,assets/targets/0042/recording1_1.mp4,assets/targets/0042/recording1_2.mp4,assets/targets/0042/recording2_1.mp4,assets/targets/0042/recording2_2.mp4,302.7180979554031,305.896846954325,False,assets/targets/0042/outlinestim_world1_probe1_2_1.png,assets/targets/0042/outlinestim_world2_probe1_2_0.png,assets/targets/0042/outlinestim_world2_probe1_2_1.png,assets/targets/0042/outlinestim_world1_probe1_2_0.png,teleport_consistent,1,2,2,1,blue,66ccdfaee9ee00c604629b06,1,assets/targets/0042/outlinestim_world1_probe1_2_0.png,0,65,True
6,3581,47,0024,assets/targets/0024/img1_1.png,assets/targets/0024/img1_2.png,assets/targets/0024/img2_1.png,assets/targets/0024/img2_2.png,assets/targets/0024/recording1_1.mp4,assets/targets/0024/recording1_2.mp4,assets/targets/0024/recording2_1.mp4,assets/targets/0024/recording2_2.mp4,392.50547349657757,36.17405762242421,False,assets/targets/0024/outlinestim_world1_probe0_1_1.png,assets/targets/0024/outlinestim_world2_probe0_1_0.png,assets/targets/0024/outlinestim_world2_probe0_1_1.png,assets/targets/0024/outlinestim_world1_probe0_1_0.png,nocol,0,1,2,1,blue,66ccdfaee9ee00c604629b06,0,assets/targets/0024/outlinestim_world1_probe0_1_1.png,1,53,True
7,2891,50,0025,assets/targets/0025/img1_1.png,assets/targets/0025/img1_2.png,assets/targets/0025/img2_1.png,assets/targets/0025/img2_2.png,assets/targets/0025/recording1_1.mp4,assets/targets/0025/recording1_2.mp4,assets/targets/0025/recording2_1.mp4,assets/targets/0025/recording2_2.mp4,275.75178627094397,548.0849702817209,False,assets/targets/0025/outlinestim_world1_probe0_2_1.png,assets/targets/0025/outlinestim_world2_probe0_2_0.png,assets/targets/0025/outlinestim_world2_probe0_2_1.png,assets/targets/0025/outlinestim_world1_probe0_2_0.png,nocol,0,2,1,1,blue,66ccdfaee9ee00c604629b06,1,assets/targets/0025/outlinestim_world2_probe0_2_0.png,0,50,True
8,2784,67,0091,assets/targets/0091/img1_1.png,assets/targets/0091/img1_2.png,assets/targets/0091/img2_1.png,assets/targets/0091/img2_2.png,assets/targets/0091/recording1_1.mp4,assets/targets/0091/recording1_2.mp4,assets/targets/0091/recording2_1.mp4,assets/targets/0091/recording2_2.mp4,360.26329222466995,232.43135081432789,False,assets/targets/0091/outlinestim_world1_probe1_2_1.png,assets/targets/0091/outlinestim_world2_probe1_2_0.png,assets/targets/0091/outlinestim_world2_probe1_2_1.png,assets/targets/0091/outlinestim_world1_probe1_2_0.png,teleport_consistent,1,2,2,1,blue,66ccdfaee9ee00c604629b06,0,assets/targets/0091/outlinestim_world1_probe1_2_1.png,1,33,False
0,26318,18,0091,assets/targets/0091/img1_1.png,assets/targets/0091/img1_2.png,assets/targets/0091/img2_1.png,assets/targets/0091/img2_2.png,assets/targets/0091/recording1_1.mp4,assets/targets/0091/recording1_2.mp4,assets/targets/0091/recording2_1.mp4,assets/targets/0091/recording2_2.mp4,360.26329222466995,232.43135081432789,False,assets/targets/0091/outlinestim_world1_probe1_1_1.png,assets/targets/0091/outlinestim_world2_probe1_1_0.png,assets/targets/0091/outlinestim_world2_probe1_1_1.png,assets/targets/0091/outlinestim_world1_probe1_1_0.png,teleport_consistent,1,1,1,0,brown,5dd01213f83c9f102a98ce84,1,assets/targets/0091/outlinestim_world1_probe1_1_0.png,0,18,False
1,6843,50,0045,assets/targets/0045/img1_1.png,assets/targets/0045/img1_2.png,assets/targets/0045/img2_1.png,assets/targets/0045/img2_2.png,assets/targets/0045/recording1_1.mp4,assets/targets/0045/recording1_2.mp4,assets/targets/0045/recording2_1.mp4,assets/targets/0045/recording2_2.mp4,436.6559051772762,257.95950551802974,False,assets/targets/0045/outlinestim_world1_probe0_2_1.png,assets/targets/0045/outlinestim_world2_probe0_2_0.png,assets/targets/0045/outlinestim_world2_probe0_2_1.png,assets/targets/0045/outlinestim_world1_probe0_2_0.png,nocol,0,2,2,0,brown,5dd01213f83c9f102a98ce84,1,assets/targets/0045/outlinestim_world2_probe0_2_0.png,0,50,True
2,4443,51,0024,assets/targets/0024/img1_1.png,assets/targets/0024/img1_2.png,assets/targets/0024/img2_1.png,assets/targets/0024/img2_2.png,assets/targets/0024/recording1_1.mp4,assets/targets/0024/recording1_2.mp4,assets/targets/0024/recording2_1.mp4,assets/targets/0024/recording2_2.mp4,392.50547349657757,36.17405762242421,False,assets/targets/0024/outlinestim_world1_probe1_1_1.png,assets/targets/0024/outlinestim_world2_probe1_1_0.png,assets/targets/0024/outlinestim_world2_probe1_1_1.png,assets/targets/0024/outlinestim_world1_probe1_1_0.png,teleport_consistent,1,1,2,0,brown,5dd01213f83c9f102a98ce84,1,assets/targets/0024/outlinestim_world2_probe1_1_0.png,0,51,True
3,3075,50,0064,assets/targets/0064/img1_1.png,assets/targets/0064/img1_2.png,assets/targets/0064/img2_1.png,assets/targets/0064/img2_2.png,assets/targets/0064/recording1_1.mp4,assets/targets/0064/recording1_2.mp4,assets/targets/0064/recording2_1.mp4,assets/targets/0064/recording2_2.mp4,572.435126403118,233.99006146723664,False,assets/targets/0064/outlinestim_world1_probe0_1_1.png,assets/targets/0064/outlinestim_world2_probe0_1_0.png,assets/targets/0064/outlinestim_world2_probe0_1_1.png,assets/targets/0064/outlinestim_world1_probe0_1_0.png,nocol,0,1,2,0,brown,5dd01213f83c9f102a98ce84,0,assets/targets/0064/outlinestim_world2_probe0_1_1.png,1,50,True
4,8887,99,0042,assets/targets/0042/img1_1.png,assets/targets/0042/img1_2.png,assets/targets/0042/img2_1.png,assets/targets/0042/img2_2.png,assets/targets/0042/recording1_1.mp4,assets/targets/0042/recording1_2.mp4,assets/targets/0042/recording2_1.mp4,assets/targets/0042/recording2_2.mp4,302.7180979554031,305.896846954325,False,assets/targets/0042/outlinestim_world1_probe2_1_1.png,assets/targets/0042/outlinestim_world2_probe2_1_0.png,assets/targets/0042/outlinestim_world2_probe2_1_1.png,assets/targets/0042/outlinestim_world1_probe2_1_0.png,noteleport_consistent,2,1,2,0,brown,5dd01213f83c9f102a98ce84,1,assets/targets/0042/outlinestim_world2_probe2_1_0.png,0,99,True
5,5477,50,0069,assets/targets/0069/img1_1.png,assets/targets/0069/img1_2.png,assets/targets/0069/img2_1.png,assets/targets/0069/img2_2.png,assets/targets/0069/recording1_1.mp4,assets/targets/0069/recording1_2.mp4,assets/targets/0069/recording2_1.mp4,assets/targets/0069/recording2_2.mp4,45.99293272938177,282.53465008228795,False,assets/targets/0069/outlinestim_world1_probe2_2_1.png,assets/targets/0069/outlinestim_world2_probe2_2_0.png,assets/targets/0069/outlinestim_world2_probe2_2_1.png,assets/targets/0069/outlinestim_world1_probe2_2_0.png,noteleport_consistent,2,2,1,0,brown,5dd01213f83c9f102a98ce84,1,assets/targets/0069/outlinestim_world1_probe2_2_0.png,0,50,True
6,3859,50,0072,assets/targets/0072/img1_1.png,assets/targets/0072/img1_2.png,assets/targets/0072/img2_1.png,assets/targets/0072/img2_2.png,assets/targets/0072/recording1_1.mp4,assets/targets/0072/recording1_2.mp4,assets/targets/0072/recording2_1.mp4,assets/targets/0072/recording2_2.mp4,263.49876924364594,480.2927000755407,False,assets/targets/0072/outlinestim_world1_probe0_1_1.png,assets/targets/0072/outlinestim_world2_probe0_1_0.png,assets/targets/0072/outlinestim_world2_probe0_1_1.png,assets/targets/0072/outlinestim_world1_probe0_1_0.png,nocol,0,1,1,0,brown,5dd01213f83c9f102a98ce84,1,assets/targets/0072/outlinestim_world1_probe0_1_0.png,0,50,True
7,2291,50,0052,assets/targets/0052/img1_1.png,assets/targets/0052/img1_2.png,assets/targets/0052/img2_1.png,assets/targets/0052/img2_2.png,assets/targets/0052/recording1_1.mp4,assets/targets/0052/recording1_2.mp4,assets/targets/0052/recording2_1.mp4,assets/targets/0052/recording2_2.mp4,570.2567171334038,231.9134273051645,False,assets/targets/0052/outlinestim_world1_probe1_2_1.png,assets/targets/0052/outlinestim_world2_probe1_2_0.png,assets/targets/0052/outlinestim_world2_probe1_2_1.png,assets/targets/0052/outlinestim_world1_probe1_2_0.png,teleport_consistent,1,2,2,0,brown,5dd01213f83c9f102a98ce84,0,assets/targets/0052/outlinestim_world2_probe1_2_1.png,1,50,True
8,8070,97,0025,assets/targets/0025/img1_1.png,assets/targets/0025/img1_2.png,assets/targets/0025/img2_1.png,assets/targets/0025/img2_2.png,assets/targets/0025/recording1_1.mp4,assets/targets/0025/recording1_2.mp4,assets/targets/0025/recording2_1.mp4,assets/targets/0025/recording2_2.mp4,275.75178627094397,548.0849702817209,False,assets/targets/0025/outlinestim_world1_probe1_1_1.png,assets/targets/0025/outlinestim_world2_probe1_1_0.png,assets/targets/0025/outlinestim_world2_probe1_1_1.png,assets/targets/0025/outlinestim_world1_probe1_1_0.png,teleport_consistent,1,1,1,0,brown,5dd01213f83c9f102a98ce84,1,assets/targets/0025/outlinestim_world1_probe1_1_0.png,0,97,True
0,17446,50,0091,assets/targets/0091/img1_1.png,assets/targets/0091/img1_2.png,assets/targets/0091/img2_1.png,assets/targets/0091/img2_2.png,assets/targets/0091/recording1_1.mp4,assets/targets/0091/recording1_2.mp4,assets/targets/0091/recording2_1.mp4,assets/targets/0091/recording2_2.mp4,360.26329222466995,232.43135081432789,False,assets/targets/0091/outlinestim_world1_probe1_1_1.png,assets/targets/0091/outlinestim_world2_probe1_1_0.png,assets/targets/0091/outlinestim_world2_probe1_1_1.png,assets/targets/0091/outlinestim_world1_probe1_1_0.png,teleport_consistent,1,1,2,0,brown,614895cb03b189f771ad1267,0,assets/targets/0091/outlinestim_world2_probe1_1_1.png,1,50,True
1,6237,26,0052,assets/targets/0052/img1_1.png,assets/targets/0052/img1_2.png,assets/targets/0052/img2_1.png,assets/targets/0052/img2_2.png,assets/targets/0052/recording1_1.mp4,assets/targets/0052/recording1_2.mp4,assets/targets/0052/recording2_1.mp4,assets/targets/0052/recording2_2.mp4,570.2567171334038,231.9134273051645,False,assets/targets/0052/outlinestim_world1_probe2_2_1.png,assets/targets/0052/outlinestim_world2_probe2_2_0.png,assets/targets/0052/outlinestim_world2_probe2_2_1.png,assets/targets/0052/outlinestim_world1_probe2_2_0.png,noteleport_consistent,2,2,1,0,brown,614895cb03b189f771ad1267,0,assets/targets/0052/outlinestim_world1_probe2_2_1.png,1,74,True
2,3603,50,0024,assets/targets/0024/img1_1.png,assets/targets/0024/img1_2.png,assets/targets/0024/img2_1.png,assets/targets/0024/img2_2.png,assets/targets/0024/recording1_1.mp4,assets/targets/0024/recording1_2.mp4,assets/targets/0024/recording2_1.mp4,assets/targets/0024/recording2_2.mp4,392.50547349657757,36.17405762242421,False,assets/targets/0024/outlinestim_world1_probe0_1_1.png,assets/targets/0024/outlinestim_world2_probe0_1_0.png,assets/targets/0024/outlinestim_world2_probe0_1_1.png,assets/targets/0024/outlinestim_world1_probe0_1_0.png,nocol,0,1,1,0,brown,614895cb03b189f771ad1267,1,assets/targets/0024/outlinestim_world1_probe0_1_0.png,0,50,True
3,3218,66,0064,assets/targets/0064/img1_1.png,assets/targets/0064/img1_2.png,assets/targets/0064/img2_1.png,assets/targets/0064/img2_2.png,assets/targets/0064/recording1_1.mp4,assets/targets/0064/recording1_2.mp4,assets/targets/0064/recording2_1.mp4,assets/targets/0064/recording2_2.mp4,572.435126403118,233.99006146723664,False,assets/targets/0064/outlinestim_world1_probe2_2_1.png,assets/targets/0064/outlinestim_world2_probe2_2_0.png,assets/targets/0064/outlinestim_world2_probe2_2_1.png,assets/targets/0064/outlinestim_world1_probe2_2_0.png,noteleport_consistent,2,2,1,0,brown,614895cb03b189f771ad1267,0,assets/targets/0064/outlinestim_world1_probe2_2_1.png,1,34,False
4,7164,34,0045,assets/targets/0045/img1_1.png,assets/targets/0045/img1_2.png,assets/targets/0045/img2_1.png,assets/targets/0045/img2_2.png,assets/targets/0045/recording1_1.mp4,assets/targets/0045/recording1_2.mp4,assets/targets/0045/recording2_1.mp4,assets/targets/0045/recording2_2.mp4,436.6559051772762,257.95950551802974,False,assets/targets/0045/outlinestim_world1_probe1_1_1.png,assets/targets/0045/outlinestim_world2_probe1_1_0.png,assets/targets/0045/outlinestim_world2_probe1_1_1.png,assets/targets/0045/outlinestim_world1_probe1_1_0.png,teleport_consistent,1,1,2,0,brown,614895cb03b189f771ad1267,1,assets/targets/0045/outlinestim_world2_probe1_1_0.png,0,34,False
5,6673,62,0025,assets/targets/0025/img1_1.png,assets/targets/0025/img1_2.png,assets/targets/0025/img2_1.png,assets/targets/0025/img2_2.png,assets/targets/0025/recording1_1.mp4,assets/targets/0025/recording1_2.mp4,assets/targets/0025/recording2_1.mp4,assets/targets/0025/recording2_2.mp4,275.75178627094397,548.0849702817209,False,assets/targets/0025/outlinestim_world1_probe0_2_1.png,assets/targets/0025/outlinestim_world2_probe0_2_0.png,assets/targets/0025/outlinestim_world2_probe0_2_1.png,assets/targets/0025/outlinestim_world1_probe0_2_0.png,nocol,0,2,1,0,brown,614895cb03b189f771ad1267,1,assets/targets/0025/outlinestim_world1_probe0_2_0.png,0,62,True
6,3186,37,0042,assets/targets/0042/img1_1.png,assets/targets/0042/img1_2.png,assets/targets/0042/img2_1.png,assets/targets/0042/img2_2.png,assets/targets/0042/recording1_1.mp4,assets/targets/0042/recording1_2.mp4,assets/targets/0042/recording2_1.mp4,assets/targets/0042/recording2_2.mp4,302.7180979554031,305.896846954325,False,assets/targets/0042/outlinestim_world1_probe2_2_1.png,assets/targets/0042/outlinestim_world2_probe2_2_0.png,assets/targets/0042/outlinestim_world2_probe2_2_1.png,assets/targets/0042/outlinestim_world1_probe2_2_0.png,noteleport_consistent,2,2,1,0,brown,614895cb03b189f771ad1267,0,assets/targets/0042/outlinestim_world1_probe2_2_1.png,1,63,True
7,2917,27,0069,assets/targets/0069/img1_1.png,assets/targets/0069/img1_2.png,assets/targets/0069/img2_1.png,assets/targets/0069/img2_2.png,assets/targets/0069/recording1_1.mp4,assets/targets/0069/recording1_2.mp4,assets/targets/0069/recording2_1.mp4,assets/targets/0069/recording2_2.mp4,45.99293272938177,282.53465008228795,False,assets/targets/0069/outlinestim_world1_probe0_2_1.png,assets/targets/0069/outlinestim_world2_probe0_2_0.png,assets/targets/0069/outlinestim_world2_probe0_2_1.png,assets/targets/0069/outlinestim_world1_probe0_2_0.png,nocol,0,2,2,0,brown,614895cb03b189f771ad1267,0,assets/targets/0069/outlinestim_world2_probe0_2_1.png,1,73,True
8,2673,50,0072,assets/targets/0072/img1_1.png,assets/targets/0072/img1_2.png,assets/targets/0072/img2_1.png,assets/targets/0072/img2_2.png,assets/targets/0072/recording1_1.mp4,assets/targets/0072/recording1_2.mp4,assets/targets/0072/recording2_1.mp4,assets/targets/0072/recording2_2.mp4,263.49876924364594,480.2927000755407,False,assets/targets/0072/outlinestim_world1_probe1_1_1.png,assets/targets/0072/outlinestim_world2_probe1_1_0.png,assets/targets/0072/outlinestim_world2_probe1_1_1.png,assets/targets/0072/outlinestim_world1_probe1_1_0.png,teleport_consistent,1,1,1,0,brown,614895cb03b189f771ad1267,1,assets/targets/0072/outlinestim_world1_probe1_1_0.png,0,50,True
0,19618,69,0069,assets/targets/0069/img1_1.png,assets/targets/0069/img1_2.png,assets/targets/0069/img2_1.png,assets/targets/0069/img2_2.png,assets/targets/0069/recording1_1.mp4,assets/targets/0069/recording1_2.mp4,assets/targets/0069/recording2_1.mp4,assets/targets/0069/recording2_2.mp4,45.99293272938177,282.53465008228795,False,assets/targets/0069/outlinestim_world1_probe2_1_1.png,assets/targets/0069/outlinestim_world2_probe2_1_0.png,assets/targets/0069/outlinestim_world2_probe2_1_1.png,assets/targets/0069/outlinestim_world1_probe2_1_0.png,noteleport_consistent,2,1,1,0,brown,66799662d6513151e840c6af,1,assets/targets/0069/outlinestim_world1_probe2_1_0.png,0,69,True
1,8839,85,0025,assets/targets/0025/img1_1.png,assets/targets/0025/img1_2.png,assets/targets/0025/img2_1.png,assets/targets/0025/img2_2.png,assets/targets/0025/recording1_1.mp4,assets/targets/0025/recording1_2.mp4,assets/targets/0025/recording2_1.mp4,assets/targets/0025/recording2_2.mp4,275.75178627094397,548.0849702817209,False,assets/targets/0025/outlinestim_world1_probe2_2_1.png,assets/targets/0025/outlinestim_world2_probe2_2_0.png,assets/targets/0025/outlinestim_world2_probe2_2_1.png,assets/targets/0025/outlinestim_world1_probe2_2_0.png,noteleport_consistent,2,2,1,0,brown,66799662d6513151e840c6af,0,assets/targets/0025/outlinestim_world1_probe2_2_1.png,1,15,False
2,5736,88,0091,assets/targets/0091/img1_1.png,assets/targets/0091/img1_2.png,assets/targets/0091/img2_1.png,assets/targets/0091/img2_2.png,assets/targets/0091/recording1_1.mp4,assets/targets/0091/recording1_2.mp4,assets/targets/0091/recording2_1.mp4,assets/targets/0091/recording2_2.mp4,360.26329222466995,232.43135081432789,False,assets/targets/0091/outlinestim_world1_probe0_1_1.png,assets/targets/0091/outlinestim_world2_probe0_1_0.png,assets/targets/0091/outlinestim_world2_probe0_1_1.png,assets/targets/0091/outlinestim_world1_probe0_1_0.png,nocol,0,1,2,0,brown,66799662d6513151e840c6af,0,assets/targets/0091/outlinestim_world2_probe0_1_1.png,1,12,False
3,12299,17,0064,assets/targets/0064/img1_1.png,assets/targets/0064/img1_2.png,assets/targets/0064/img2_1.png,assets/targets/0064/img2_2.png,assets/targets/0064/recording1_1.mp4,assets/targets/0064/recording1_2.mp4,assets/targets/0064/recording2_1.mp4,assets/targets/0064/recording2_2.mp4,572.435126403118,233.99006146723664,False,assets/targets/0064/outlinestim_world1_probe2_2_1.png,assets/targets/0064/outlinestim_world2_probe2_2_0.png,assets/targets/0064/outlinestim_world2_probe2_2_1.png,assets/targets/0064/outlinestim_world1_probe2_2_0.png,noteleport_consistent,2,2,2,0,brown,66799662d6513151e840c6af,0,assets/targets/0064/outlinestim_world2_probe2_2_1.png,1,83,True
4,7380,100,0045,assets/targets/0045/img1_1.png,assets/targets/0045/img1_2.png,assets/targets/0045/img2_1.png,assets/targets/0045/img2_2.png,assets/targets/0045/recording1_1.mp4,assets/targets/0045/recording1_2.mp4,assets/targets/0045/recording2_1.mp4,assets/targets/0045/recording2_2.mp4,436.6559051772762,257.95950551802974,False,assets/targets/0045/outlinestim_world1_probe1_2_1.png,assets/targets/0045/outlinestim_world2_probe1_2_0.png,assets/targets/0045/outlinestim_world2_probe1_2_1.png,assets/targets/0045/outlinestim_world1_probe1_2_0.png,teleport_consistent,1,2,1,0,brown,66799662d6513151e840c6af,1,assets/targets/0045/outlinestim_world1_probe1_2_0.png,0,100,True
5,15433,100,0042,assets/targets/0042/img1_1.png,assets/targets/0042/img1_2.png,assets/targets/0042/img2_1.png,assets/targets/0042/img2_2.png,assets/targets/0042/recording1_1.mp4,assets/targets/0042/recording1_2.mp4,assets/targets/0042/recording2_1.mp4,assets/targets/0042/recording2_2.mp4,302.7180979554031,305.896846954325,False,assets/targets/0042/outlinestim_world1_probe2_1_1.png,assets/targets/0042/outlinestim_world2_probe2_1_0.png,assets/targets/0042/outlinestim_world2_probe2_1_1.png,assets/targets/0042/outlinestim_world1_probe2_1_0.png,noteleport_consistent,2,1,2,0,brown,66799662d6513151e840c6af,1,assets/targets/0042/outlinestim_world2_probe2_1_0.png,0,100,True
6,6774,100,0024,assets/targets/0024/img1_1.png,assets/targets/0024/img1_2.png,assets/targets/0024/img2_1.png,assets/targets/0024/img2_2.png,assets/targets/0024/recording1_1.mp4,assets/targets/0024/recording1_2.mp4,assets/targets/0024/recording2_1.mp4,assets/targets/0024/recording2_2.mp4,392.50547349657757,36.17405762242421,False,assets/targets/0024/outlinestim_world1_probe1_1_1.png,assets/targets/0024/outlinestim_world2_probe1_1_0.png,assets/targets/0024/outlinestim_world2_probe1_1_1.png,assets/targets/0024/outlinestim_world1_probe1_1_0.png,teleport_consistent,1,1,1,0,brown,66799662d6513151e840c6af,1,assets/targets/0024/outlinestim_world1_probe1_1_0.png,0,100,True
7,6721,100,0052,assets/targets/0052/img1_1.png,assets/targets/0052/img1_2.png,assets/targets/0052/img2_1.png,assets/targets/0052/img2_2.png,assets/targets/0052/recording1_1.mp4,assets/targets/0052/recording1_2.mp4,assets/targets/0052/recording2_1.mp4,assets/targets/0052/recording2_2.mp4,570.2567171334038,231.9134273051645,False,assets/targets/0052/outlinestim_world1_probe2_1_1.png,assets/targets/0052/outlinestim_world2_probe2_1_0.png,assets/targets/0052/outlinestim_world2_probe2_1_1.png,assets/targets/0052/outlinestim_world1_probe2_1_0.png,noteleport_consistent,2,1,2,0,brown,66799662d6513151e840c6af,1,assets/targets/0052/outlinestim_world2_probe2_1_0.png,0,100,True
8,14393,79,0072,assets/targets/0072/img1_1.png,assets/targets/0072/img1_2.png,assets/targets/0072/img2_1.png,assets/targets/0072/img2_2.png,assets/targets/0072/recording1_1.mp4,assets/targets/0072/recording1_2.mp4,assets/targets/0072/recording2_1.mp4,assets/targets/0072/recording2_2.mp4,263.49876924364594,480.2927000755407,False,assets/targets/0072/outlinestim_world1_probe1_2_1.png,assets/targets/0072/outlinestim_world2_probe1_2_0.png,assets/targets/0072/outlinestim_world2_probe1_2_1.png,assets/targets/0072/outlinestim_world1_probe1_2_0.png,teleport_consistent,1,2,2,0,brown,66799662d6513151e840c6af,0,assets/targets/0072/outlinestim_world2_probe1_2_1.png,1,21,False
0,32607,50,0072,assets/targets/0072/img1_1.png,assets/targets/0072/img1_2.png,assets/targets/0072/img2_1.png,assets/targets/0072/img2_2.png,assets/targets/0072/recording1_1.mp4,assets/targets/0072/recording1_2.mp4,assets/targets/0072/recording2_1.mp4,assets/targets/0072/recording2_2.mp4,263.49876924364594,480.2927000755407,False,assets/targets/0072/outlinestim_world1_probe0_2_1.png,assets/targets/0072/outlinestim_world2_probe0_2_0.png,assets/targets/0072/outlinestim_world2_probe0_2_1.png,assets/targets/0072/outlinestim_world1_probe0_2_0.png,nocol,0,2,2,0,brown,5fc7a6aaa7646c0009521161,0,assets/targets/0072/outlinestim_world2_probe0_2_1.png,1,50,True
1,5600,50,0042,assets/targets/0042/img1_1.png,assets/targets/0042/img1_2.png,assets/targets/0042/img2_1.png,assets/targets/0042/img2_2.png,assets/targets/0042/recording1_1.mp4,assets/targets/0042/recording1_2.mp4,assets/targets/0042/recording2_1.mp4,assets/targets/0042/recording2_2.mp4,302.7180979554031,305.896846954325,False,assets/targets/0042/outlinestim_world1_probe0_1_1.png,assets/targets/0042/outlinestim_world2_probe0_1_0.png,assets/targets/0042/outlinestim_world2_probe0_1_1.png,assets/targets/0042/outlinestim_world1_probe0_1_0.png,nocol,0,1,2,0,brown,5fc7a6aaa7646c0009521161,0,assets/targets/0042/outlinestim_world2_probe0_1_1.png,1,50,True
2,6508,28,0091,assets/targets/0091/img1_1.png,assets/targets/0091/img1_2.png,assets/targets/0091/img2_1.png,assets/targets/0091/img2_2.png,assets/targets/0091/recording1_1.mp4,assets/targets/0091/recording1_2.mp4,assets/targets/0091/recording2_1.mp4,assets/targets/0091/recording2_2.mp4,360.26329222466995,232.43135081432789,False,assets/targets/0091/outlinestim_world1_probe0_1_1.png,assets/targets/0091/outlinestim_world2_probe0_1_0.png,assets/targets/0091/outlinestim_world2_probe0_1_1.png,assets/targets/0091/outlinestim_world1_probe0_1_0.png,nocol,0,1,1,0,brown,5fc7a6aaa7646c0009521161,1,assets/targets/0091/outlinestim_world1_probe0_1_0.png,0,28,False
3,9297,0,0069,assets/targets/0069/img1_1.png,assets/targets/0069/img1_2.png,assets/targets/0069/img2_1.png,assets/targets/0069/img2_2.png,assets/targets/0069/recording1_1.mp4,assets/targets/0069/recording1_2.mp4,assets/targets/0069/recording2_1.mp4,assets/targets/0069/recording2_2.mp4,45.99293272938177,282.53465008228795,False,assets/targets/0069/outlinestim_world1_probe2_1_1.png,assets/targets/0069/outlinestim_world2_probe2_1_0.png,assets/targets/0069/outlinestim_world2_probe2_1_1.png,assets/targets/0069/outlinestim_world1_probe2_1_0.png,noteleport_consistent,2,1,2,0,brown,5fc7a6aaa7646c0009521161,0,assets/targets/0069/outlinestim_world2_probe2_1_1.png,1,100,True
4,9332,0,0025,assets/targets/0025/img1_1.png,assets/targets/0025/img1_2.png,assets/targets/0025/img2_1.png,assets/targets/0025/img2_2.png,assets/targets/0025/recording1_1.mp4,assets/targets/0025/recording1_2.mp4,assets/targets/0025/recording2_1.mp4,assets/targets/0025/recording2_2.mp4,275.75178627094397,548.0849702817209,False,assets/targets/0025/outlinestim_world1_probe2_2_1.png,assets/targets/0025/outlinestim_world2_probe2_2_0.png,assets/targets/0025/outlinestim_world2_probe2_2_1.png,assets/targets/0025/outlinestim_world1_probe2_2_0.png,noteleport_consistent,2,2,1,0,brown,5fc7a6aaa7646c0009521161,0,assets/targets/0025/outlinestim_world1_probe2_2_1.png,1,100,True
5,5141,90,0024,assets/targets/0024/img1_1.png,assets/targets/0024/img1_2.png,assets/targets/0024/img2_1.png,assets/targets/0024/img2_2.png,assets/targets/0024/recording1_1.mp4,assets/targets/0024/recording1_2.mp4,assets/targets/0024/recording2_1.mp4,assets/targets/0024/recording2_2.mp4,392.50547349657757,36.17405762242421,False,assets/targets/0024/outlinestim_world1_probe2_1_1.png,assets/targets/0024/outlinestim_world2_probe2_1_0.png,assets/targets/0024/outlinestim_world2_probe2_1_1.png,assets/targets/0024/outlinestim_world1_probe2_1_0.png,noteleport_consistent,2,1,1,0,brown,5fc7a6aaa7646c0009521161,1,assets/targets/0024/outlinestim_world1_probe2_1_0.png,0,90,True
6,5650,50,0052,assets/targets/0052/img1_1.png,assets/targets/0052/img1_2.png,assets/targets/0052/img2_1.png,assets/targets/0052/img2_2.png,assets/targets/0052/recording1_1.mp4,assets/targets/0052/recording1_2.mp4,assets/targets/0052/recording2_1.mp4,assets/targets/0052/recording2_2.mp4,570.2567171334038,231.9134273051645,False,assets/targets/0052/outlinestim_world1_probe1_1_1.png,assets/targets/0052/outlinestim_world2_probe1_1_0.png,assets/targets/0052/outlinestim_world2_probe1_1_1.png,assets/targets/0052/outlinestim_world1_probe1_1_0.png,teleport_consistent,1,1,1,0,brown,5fc7a6aaa7646c0009521161,0,assets/targets/0052/outlinestim_world1_probe1_1_1.png,1,50,True
7,7642,100,0064,assets/targets/0064/img1_1.png,assets/targets/0064/img1_2.png,assets/targets/0064/img2_1.png,assets/targets/0064/img2_2.png,assets/targets/0064/recording1_1.mp4,assets/targets/0064/recording1_2.mp4,assets/targets/0064/recording2_1.mp4,assets/targets/0064/recording2_2.mp4,572.435126403118,233.99006146723664,False,assets/targets/0064/outlinestim_world1_probe2_2_1.png,assets/targets/0064/outlinestim_world2_probe2_2_0.png,assets/targets/0064/outlinestim_world2_probe2_2_1.png,assets/targets/0064/outlinestim_world1_probe2_2_0.png,noteleport_consistent,2,2,2,0,brown,5fc7a6aaa7646c0009521161,1,assets/targets/0064/outlinestim_world2_probe2_2_0.png,0,100,True
8,4388,51,0045,assets/targets/0045/img1_1.png,assets/targets/0045/img1_2.png,assets/targets/0045/img2_1.png,assets/targets/0045/img2_2.png,assets/targets/0045/recording1_1.mp4,assets/targets/0045/recording1_2.mp4,assets/targets/0045/recording2_1.mp4,assets/targets/0045/recording2_2.mp4,436.6559051772762,257.95950551802974,False,assets/targets/0045/outlinestim_world1_probe0_2_1.png,assets/targets/0045/outlinestim_world2_probe0_2_0.png,assets/targets/0045/outlinestim_world2_probe0_2_1.png,assets/targets/0045/outlinestim_world1_probe0_2_0.png,nocol,0,2,2,0,brown,5fc7a6aaa7646c0009521161,0,assets/targets/0045/outlinestim_world2_probe0_2_1.png,1,49,False
0,26305,75,0042,assets/targets/0042/img1_1.png,assets/targets/0042/img1_2.png,assets/targets/0042/img2_1.png,assets/targets/0042/img2_2.png,assets/targets/0042/recording1_1.mp4,assets/targets/0042/recording1_2.mp4,assets/targets/0042/recording2_1.mp4,assets/targets/0042/recording2_2.mp4,302.7180979554031,305.896846954325,False,assets/targets/0042/outlinestim_world1_probe2_1_1.png,assets/targets/0042/outlinestim_world2_probe2_1_0.png,assets/targets/0042/outlinestim_world2_probe2_1_1.png,assets/targets/0042/outlinestim_world1_probe2_1_0.png,noteleport_consistent,2,1,2,0,brown,66a0546b92a6ce30ea377c9b,0,assets/targets/0042/outlinestim_world2_probe2_1_1.png,1,25,False
1,19769,50,0052,assets/targets/0052/img1_1.png,assets/targets/0052/img1_2.png,assets/targets/0052/img2_1.png,assets/targets/0052/img2_2.png,assets/targets/0052/recording1_1.mp4,assets/targets/0052/recording1_2.mp4,assets/targets/0052/recording2_1.mp4,assets/targets/0052/recording2_2.mp4,570.2567171334038,231.9134273051645,False,assets/targets/0052/outlinestim_world1_probe1_1_1.png,assets/targets/0052/outlinestim_world2_probe1_1_0.png,assets/targets/0052/outlinestim_world2_probe1_1_1.png,assets/targets/0052/outlinestim_world1_probe1_1_0.png,teleport_consistent,1,1,2,0,brown,66a0546b92a6ce30ea377c9b,1,assets/targets/0052/outlinestim_world2_probe1_1_0.png,0,50,True
2,9091,59,0091,assets/targets/0091/img1_1.png,assets/targets/0091/img1_2.png,assets/targets/0091/img2_1.png,assets/targets/0091/img2_2.png,assets/targets/0091/recording1_1.mp4,assets/targets/0091/recording1_2.mp4,assets/targets/0091/recording2_1.mp4,assets/targets/0091/recording2_2.mp4,360.26329222466995,232.43135081432789,False,assets/targets/0091/outlinestim_world1_probe1_1_1.png,assets/targets/0091/outlinestim_world2_probe1_1_0.png,assets/targets/0091/outlinestim_world2_probe1_1_1.png,assets/targets/0091/outlinestim_world1_probe1_1_0.png,teleport_consistent,1,1,1,0,brown,66a0546b92a6ce30ea377c9b,1,assets/targets/0091/outlinestim_world1_probe1_1_0.png,0,59,True
3,6760,47,0025,assets/targets/0025/img1_1.png,assets/targets/0025/img1_2.png,assets/targets/0025/img2_1.png,assets/targets/0025/img2_2.png,assets/targets/0025/recording1_1.mp4,assets/targets/0025/recording1_2.mp4,assets/targets/0025/recording2_1.mp4,assets/targets/0025/recording2_2.mp4,275.75178627094397,548.0849702817209,False,assets/targets/0025/outlinestim_world1_probe0_2_1.png,assets/targets/0025/outlinestim_world2_probe0_2_0.png,assets/targets/0025/outlinestim_world2_probe0_2_1.png,assets/targets/0025/outlinestim_world1_probe0_2_0.png,nocol,0,2,2,0,brown,66a0546b92a6ce30ea377c9b,0,assets/targets/0025/outlinestim_world2_probe0_2_1.png,1,53,True
4,10526,44,0072,assets/targets/0072/img1_1.png,assets/targets/0072/img1_2.png,assets/targets/0072/img2_1.png,assets/targets/0072/img2_2.png,assets/targets/0072/recording1_1.mp4,assets/targets/0072/recording1_2.mp4,assets/targets/0072/recording2_1.mp4,assets/targets/0072/recording2_2.mp4,263.49876924364594,480.2927000755407,False,assets/targets/0072/outlinestim_world1_probe2_2_1.png,assets/targets/0072/outlinestim_world2_probe2_2_0.png,assets/targets/0072/outlinestim_world2_probe2_2_1.png,assets/targets/0072/outlinestim_world1_probe2_2_0.png,noteleport_consistent,2,2,2,0,brown,66a0546b92a6ce30ea377c9b,0,assets/targets/0072/outlinestim_world2_probe2_2_1.png,1,56,True
5,6808,53,0064,assets/targets/0064/img1_1.png,assets/targets/0064/img1_2.png,assets/targets/0064/img2_1.png,assets/targets/0064/img2_2.png,assets/targets/0064/recording1_1.mp4,assets/targets/0064/recording1_2.mp4,assets/targets/0064/recording2_1.mp4,assets/targets/0064/recording2_2.mp4,572.435126403118,233.99006146723664,False,assets/targets/0064/outlinestim_world1_probe2_2_1.png,assets/targets/0064/outlinestim_world2_probe2_2_0.png,assets/targets/0064/outlinestim_world2_probe2_2_1.png,assets/targets/0064/outlinestim_world1_probe2_2_0.png,noteleport_consistent,2,2,2,0,brown,66a0546b92a6ce30ea377c9b,0,assets/targets/0064/outlinestim_world2_probe2_2_1.png,1,47,False
6,7739,50,0069,assets/targets/0069/img1_1.png,assets/targets/0069/img1_2.png,assets/targets/0069/img2_1.png,assets/targets/0069/img2_2.png,assets/targets/0069/recording1_1.mp4,assets/targets/0069/recording1_2.mp4,assets/targets/0069/recording2_1.mp4,assets/targets/0069/recording2_2.mp4,45.99293272938177,282.53465008228795,False,assets/targets/0069/outlinestim_world1_probe2_2_1.png,assets/targets/0069/outlinestim_world2_probe2_2_0.png,assets/targets/0069/outlinestim_world2_probe2_2_1.png,assets/targets/0069/outlinestim_world1_probe2_2_0.png,noteleport_consistent,2,2,1,0,brown,66a0546b92a6ce30ea377c9b,0,assets/targets/0069/outlinestim_world1_probe2_2_1.png,1,50,True
7,7967,50,0024,assets/targets/0024/img1_1.png,assets/targets/0024/img1_2.png,assets/targets/0024/img2_1.png,assets/targets/0024/img2_2.png,assets/targets/0024/recording1_1.mp4,assets/targets/0024/recording1_2.mp4,assets/targets/0024/recording2_1.mp4,assets/targets/0024/recording2_2.mp4,392.50547349657757,36.17405762242421,False,assets/targets/0024/outlinestim_world1_probe0_1_1.png,assets/targets/0024/outlinestim_world2_probe0_1_0.png,assets/targets/0024/outlinestim_world2_probe0_1_1.png,assets/targets/0024/outlinestim_world1_probe0_1_0.png,nocol,0,1,2,0,brown,66a0546b92a6ce30ea377c9b,0,assets/targets/0024/outlinestim_world2_probe0_1_1.png,1,50,True
8,8097,42,0045,assets/targets/0045/img1_1.png,assets/targets/0045/img1_2.png,assets/targets/0045/img2_1.png,assets/targets/0045/img2_2.png,assets/targets/0045/recording1_1.mp4,assets/targets/0045/recording1_2.mp4,assets/targets/0045/recording2_1.mp4,assets/targets/0045/recording2_2.mp4,436.6559051772762,257.95950551802974,False,assets/targets/0045/outlinestim_world1_probe2_1_1.png,assets/targets/0045/outlinestim_world2_probe2_1_0.png,assets/targets/0045/outlinestim_world2_probe2_1_1.png,assets/targets/0045/outlinestim_world1_probe2_1_0.png,noteleport_consistent,2,1,2,0,brown,66a0546b92a6ce30ea377c9b,0,assets/targets/0045/outlinestim_world2_probe2_1_1.png,1,58,True
0,32194,66,0072,assets/targets/0072/img1_1.png,assets/targets/0072/img1_2.png,assets/targets/0072/img2_1.png,assets/targets/0072/img2_2.png,assets/targets/0072/recording1_1.mp4,assets/targets/0072/recording1_2.mp4,assets/targets/0072/recording2_1.mp4,assets/targets/0072/recording2_2.mp4,263.49876924364594,480.2927000755407,False,assets/targets/0072/outlinestim_world1_probe2_1_1.png,assets/targets/0072/outlinestim_world2_probe2_1_0.png,assets/targets/0072/outlinestim_world2_probe2_1_1.png,assets/targets/0072/outlinestim_world1_probe2_1_0.png,noteleport_consistent,2,1,2,0,brown,62cd43d66c2dd7ae9ab53ae7,1,assets/targets/0072/outlinestim_world2_probe2_1_0.png,0,66,True
1,29283,43,0045,assets/targets/0045/img1_1.png,assets/targets/0045/img1_2.png,assets/targets/0045/img2_1.png,assets/targets/0045/img2_2.png,assets/targets/0045/recording1_1.mp4,assets/targets/0045/recording1_2.mp4,assets/targets/0045/recording2_1.mp4,assets/targets/0045/recording2_2.mp4,436.6559051772762,257.95950551802974,False,assets/targets/0045/outlinestim_world1_probe0_1_1.png,assets/targets/0045/outlinestim_world2_probe0_1_0.png,assets/targets/0045/outlinestim_world2_probe0_1_1.png,assets/targets/0045/outlinestim_world1_probe0_1_0.png,nocol,0,1,2,0,brown,62cd43d66c2dd7ae9ab53ae7,0,assets/targets/0045/outlinestim_world2_probe0_1_1.png,1,57,True
2,14066,79,0091,assets/targets/0091/img1_1.png,assets/targets/0091/img1_2.png,assets/targets/0091/img2_1.png,assets/targets/0091/img2_2.png,assets/targets/0091/recording1_1.mp4,assets/targets/0091/recording1_2.mp4,assets/targets/0091/recording2_1.mp4,assets/targets/0091/recording2_2.mp4,360.26329222466995,232.43135081432789,False,assets/targets/0091/outlinestim_world1_probe2_2_1.png,assets/targets/0091/outlinestim_world2_probe2_2_0.png,assets/targets/0091/outlinestim_world2_probe2_2_1.png,assets/targets/0091/outlinestim_world1_probe2_2_0.png,noteleport_consistent,2,2,2,0,brown,62cd43d66c2dd7ae9ab53ae7,1,assets/targets/0091/outlinestim_world2_probe2_2_0.png,0,79,True
3,8333,0,0042,assets/targets/0042/img1_1.png,assets/targets/0042/img1_2.png,assets/targets/0042/img2_1.png,assets/targets/0042/img2_2.png,assets/targets/0042/recording1_1.mp4,assets/targets/0042/recording1_2.mp4,assets/targets/0042/recording2_1.mp4,assets/targets/0042/recording2_2.mp4,302.7180979554031,305.896846954325,False,assets/targets/0042/outlinestim_world1_probe1_2_1.png,assets/targets/0042/outlinestim_world2_probe1_2_0.png,assets/targets/0042/outlinestim_world2_probe1_2_1.png,assets/targets/0042/outlinestim_world1_probe1_2_0.png,teleport_consistent,1,2,1,0,brown,62cd43d66c2dd7ae9ab53ae7,0,assets/targets/0042/outlinestim_world1_probe1_2_1.png,1,100,True
4,10096,58,0069,assets/targets/0069/img1_1.png,assets/targets/0069/img1_2.png,assets/targets/0069/img2_1.png,assets/targets/0069/img2_2.png,assets/targets/0069/recording1_1.mp4,assets/targets/0069/recording1_2.mp4,assets/targets/0069/recording2_1.mp4,assets/targets/0069/recording2_2.mp4,45.99293272938177,282.53465008228795,False,assets/targets/0069/outlinestim_world1_probe0_1_1.png,assets/targets/0069/outlinestim_world2_probe0_1_0.png,assets/targets/0069/outlinestim_world2_probe0_1_1.png,assets/targets/0069/outlinestim_world1_probe0_1_0.png,nocol,0,1,1,0,brown,62cd43d66c2dd7ae9ab53ae7,1,assets/targets/0069/outlinestim_world1_probe0_1_0.png,0,58,True
5,11578,100,0024,assets/targets/0024/img1_1.png,assets/targets/0024/img1_2.png,assets/targets/0024/img2_1.png,assets/targets/0024/img2_2.png,assets/targets/0024/recording1_1.mp4,assets/targets/0024/recording1_2.mp4,assets/targets/0024/recording2_1.mp4,assets/targets/0024/recording2_2.mp4,392.50547349657757,36.17405762242421,False,assets/targets/0024/outlinestim_world1_probe2_2_1.png,assets/targets/0024/outlinestim_world2_probe2_2_0.png,assets/targets/0024/outlinestim_world2_probe2_2_1.png,assets/targets/0024/outlinestim_world1_probe2_2_0.png,noteleport_consistent,2,2,2,0,brown,62cd43d66c2dd7ae9ab53ae7,1,assets/targets/0024/outlinestim_world2_probe2_2_0.png,0,100,True
6,8645,100,0052,assets/targets/0052/img1_1.png,assets/targets/0052/img1_2.png,assets/targets/0052/img2_1.png,assets/targets/0052/img2_2.png,assets/targets/0052/recording1_1.mp4,assets/targets/0052/recording1_2.mp4,assets/targets/0052/recording2_1.mp4,assets/targets/0052/recording2_2.mp4,570.2567171334038,231.9134273051645,False,assets/targets/0052/outlinestim_world1_probe2_2_1.png,assets/targets/0052/outlinestim_world2_probe2_2_0.png,assets/targets/0052/outlinestim_world2_probe2_2_1.png,assets/targets/0052/outlinestim_world1_probe2_2_0.png,noteleport_consistent,2,2,2,0,brown,62cd43d66c2dd7ae9ab53ae7,1,assets/targets/0052/outlinestim_world2_probe2_2_0.png,0,100,True
7,7367,24,0025,assets/targets/0025/img1_1.png,assets/targets/0025/img1_2.png,assets/targets/0025/img2_1.png,assets/targets/0025/img2_2.png,assets/targets/0025/recording1_1.mp4,assets/targets/0025/recording1_2.mp4,assets/targets/0025/recording2_1.mp4,assets/targets/0025/recording2_2.mp4,275.75178627094397,548.0849702817209,False,assets/targets/0025/outlinestim_world1_probe2_1_1.png,assets/targets/0025/outlinestim_world2_probe2_1_0.png,assets/targets/0025/outlinestim_world2_probe2_1_1.png,assets/targets/0025/outlinestim_world1_probe2_1_0.png,noteleport_consistent,2,1,1,0,brown,62cd43d66c2dd7ae9ab53ae7,0,assets/targets/0025/outlinestim_world1_probe2_1_1.png,1,76,True
8,9096,76,0064,assets/targets/0064/img1_1.png,assets/targets/0064/img1_2.png,assets/targets/0064/img2_1.png,assets/targets/0064/img2_2.png,assets/targets/0064/recording1_1.mp4,assets/targets/0064/recording1_2.mp4,assets/targets/0064/recording2_1.mp4,assets/targets/0064/recording2_2.mp4,572.435126403118,233.99006146723664,False,assets/targets/0064/outlinestim_world1_probe2_2_1.png,assets/targets/0064/outlinestim_world2_probe2_2_0.png,assets/targets/0064/outlinestim_world2_probe2_2_1.png,assets/targets/0064/outlinestim_world1_probe2_2_0.png,noteleport_consistent,2,2,1,0,brown,62cd43d66c2dd7ae9ab53ae7,1,assets/targets/0064/outlinestim_world1_probe2_2_0.png,0,76,True
0,35437,37,0091,assets/targets/0091/img1_1.png,assets/targets/0091/img1_2.png,assets/targets/0091/img2_1.png,assets/targets/0091/img2_2.png,assets/targets/0091/recording1_1.mp4,assets/targets/0091/recording1_2.mp4,assets/targets/0091/recording2_1.mp4,assets/targets/0091/recording2_2.mp4,360.26329222466995,232.43135081432789,False,assets/targets/0091/outlinestim_world1_probe0_2_1.png,assets/targets/0091/outlinestim_world2_probe0_2_0.png,assets/targets/0091/outlinestim_world2_probe0_2_1.png,assets/targets/0091/outlinestim_world1_probe0_2_0.png,nocol,0,2,1,1,blue,66cbc2627559d53c0e3e4ac4,1,assets/targets/0091/outlinestim_world2_probe0_2_0.png,0,37,False
1,16997,40,0025,assets/targets/0025/img1_1.png,assets/targets/0025/img1_2.png,assets/targets/0025/img2_1.png,assets/targets/0025/img2_2.png,assets/targets/0025/recording1_1.mp4,assets/targets/0025/recording1_2.mp4,assets/targets/0025/recording2_1.mp4,assets/targets/0025/recording2_2.mp4,275.75178627094397,548.0849702817209,False,assets/targets/0025/outlinestim_world1_probe0_1_1.png,assets/targets/0025/outlinestim_world2_probe0_1_0.png,assets/targets/0025/outlinestim_world2_probe0_1_1.png,assets/targets/0025/outlinestim_world1_probe0_1_0.png,nocol,0,1,1,1,blue,66cbc2627559d53c0e3e4ac4,0,assets/targets/0025/outlinestim_world2_probe0_1_1.png,1,60,True
2,7602,47,0072,assets/targets/0072/img1_1.png,assets/targets/0072/img1_2.png,assets/targets/0072/img2_1.png,assets/targets/0072/img2_2.png,assets/targets/0072/recording1_1.mp4,assets/targets/0072/recording1_2.mp4,assets/targets/0072/recording2_1.mp4,assets/targets/0072/recording2_2.mp4,263.49876924364594,480.2927000755407,False,assets/targets/0072/outlinestim_world1_probe2_2_1.png,assets/targets/0072/outlinestim_world2_probe2_2_0.png,assets/targets/0072/outlinestim_world2_probe2_2_1.png,assets/targets/0072/outlinestim_world1_probe2_2_0.png,noteleport_consistent,2,2,2,1,blue,66cbc2627559d53c0e3e4ac4,1,assets/targets/0072/outlinestim_world1_probe2_2_0.png,0,47,False
3,4693,58,0045,assets/targets/0045/img1_1.png,assets/targets/0045/img1_2.png,assets/targets/0045/img2_1.png,assets/targets/0045/img2_2.png,assets/targets/0045/recording1_1.mp4,assets/targets/0045/recording1_2.mp4,assets/targets/0045/recording2_1.mp4,assets/targets/0045/recording2_2.mp4,436.6559051772762,257.95950551802974,False,assets/targets/0045/outlinestim_world1_probe0_1_1.png,assets/targets/0045/outlinestim_world2_probe0_1_0.png,assets/targets/0045/outlinestim_world2_probe0_1_1.png,assets/targets/0045/outlinestim_world1_probe0_1_0.png,nocol,0,1,1,1,blue,66cbc2627559d53c0e3e4ac4,0,assets/targets/0045/outlinestim_world2_probe0_1_1.png,1,42,False
4,4757,63,0064,assets/targets/0064/img1_1.png,assets/targets/0064/img1_2.png,assets/targets/0064/img2_1.png,assets/targets/0064/img2_2.png,assets/targets/0064/recording1_1.mp4,assets/targets/0064/recording1_2.mp4,assets/targets/0064/recording2_1.mp4,assets/targets/0064/recording2_2.mp4,572.435126403118,233.99006146723664,False,assets/targets/0064/outlinestim_world1_probe0_1_1.png,assets/targets/0064/outlinestim_world2_probe0_1_0.png,assets/targets/0064/outlinestim_world2_probe0_1_1.png,assets/targets/0064/outlinestim_world1_probe0_1_0.png,nocol,0,1,2,1,blue,66cbc2627559d53c0e3e4ac4,1,assets/targets/0064/outlinestim_world1_probe0_1_0.png,0,63,True
5,4071,58,0069,assets/targets/0069/img1_1.png,assets/targets/0069/img1_2.png,assets/targets/0069/img2_1.png,assets/targets/0069/img2_2.png,assets/targets/0069/recording1_1.mp4,assets/targets/0069/recording1_2.mp4,assets/targets/0069/recording2_1.mp4,assets/targets/0069/recording2_2.mp4,45.99293272938177,282.53465008228795,False,assets/targets/0069/outlinestim_world1_probe1_2_1.png,assets/targets/0069/outlinestim_world2_probe1_2_0.png,assets/targets/0069/outlinestim_world2_probe1_2_1.png,assets/targets/0069/outlinestim_world1_probe1_2_0.png,teleport_consistent,1,2,2,1,blue,66cbc2627559d53c0e3e4ac4,1,assets/targets/0069/outlinestim_world1_probe1_2_0.png,0,58,True
6,5878,40,0042,assets/targets/0042/img1_1.png,assets/targets/0042/img1_2.png,assets/targets/0042/img2_1.png,assets/targets/0042/img2_2.png,assets/targets/0042/recording1_1.mp4,assets/targets/0042/recording1_2.mp4,assets/targets/0042/recording2_1.mp4,assets/targets/0042/recording2_2.mp4,302.7180979554031,305.896846954325,False,assets/targets/0042/outlinestim_world1_probe2_2_1.png,assets/targets/0042/outlinestim_world2_probe2_2_0.png,assets/targets/0042/outlinestim_world2_probe2_2_1.png,assets/targets/0042/outlinestim_world1_probe2_2_0.png,noteleport_consistent,2,2,1,1,blue,66cbc2627559d53c0e3e4ac4,0,assets/targets/0042/outlinestim_world2_probe2_2_1.png,1,60,True
7,6413,53,0052,assets/targets/0052/img1_1.png,assets/targets/0052/img1_2.png,assets/targets/0052/img2_1.png,assets/targets/0052/img2_2.png,assets/targets/0052/recording1_1.mp4,assets/targets/0052/recording1_2.mp4,assets/targets/0052/recording2_1.mp4,assets/targets/0052/recording2_2.mp4,570.2567171334038,231.9134273051645,False,assets/targets/0052/outlinestim_world1_probe2_2_1.png,assets/targets/0052/outlinestim_world2_probe2_2_0.png,assets/targets/0052/outlinestim_world2_probe2_2_1.png,assets/targets/0052/outlinestim_world1_probe2_2_0.png,noteleport_consistent,2,2,2,1,blue,66cbc2627559d53c0e3e4ac4,0,assets/targets/0052/outlinestim_world1_probe2_2_1.png,1,47,False
8,4045,44,0024,assets/targets/0024/img1_1.png,assets/targets/0024/img1_2.png,assets/targets/0024/img2_1.png,assets/targets/0024/img2_2.png,assets/targets/0024/recording1_1.mp4,assets/targets/0024/recording1_2.mp4,assets/targets/0024/recording2_1.mp4,assets/targets/0024/recording2_2.mp4,392.50547349657757,36.17405762242421,False,assets/targets/0024/outlinestim_world1_probe1_1_1.png,assets/targets/0024/outlinestim_world2_probe1_1_0.png,assets/targets/0024/outlinestim_world2_probe1_1_1.png,assets/targets/0024/outlinestim_world1_probe1_1_0.png,teleport_consistent,1,1,2,1,blue,66cbc2627559d53c0e3e4ac4,0,assets/targets/0024/outlinestim_world1_probe1_1_1.png,1,56,True
0,27373,24,0045,assets/targets/0045/img1_1.png,assets/targets/0045/img1_2.png,assets/targets/0045/img2_1.png,assets/targets/0045/img2_2.png,assets/targets/0045/recording1_1.mp4,assets/targets/0045/recording1_2.mp4,assets/targets/0045/recording2_1.mp4,assets/targets/0045/recording2_2.mp4,436.6559051772762,257.95950551802974,False,assets/targets/0045/outlinestim_world1_probe2_2_1.png,assets/targets/0045/outlinestim_world2_probe2_2_0.png,assets/targets/0045/outlinestim_world2_probe2_2_1.png,assets/targets/0045/outlinestim_world1_probe2_2_0.png,noteleport_consistent,2,2,2,1,blue,62e0532289a4e5d9fedadde1,0,assets/targets/0045/outlinestim_world1_probe2_2_1.png,1,76,True
1,8613,50,0091,assets/targets/0091/img1_1.png,assets/targets/0091/img1_2.png,assets/targets/0091/img2_1.png,assets/targets/0091/img2_2.png,assets/targets/0091/recording1_1.mp4,assets/targets/0091/recording1_2.mp4,assets/targets/0091/recording2_1.mp4,assets/targets/0091/recording2_2.mp4,360.26329222466995,232.43135081432789,False,assets/targets/0091/outlinestim_world1_probe2_2_1.png,assets/targets/0091/outlinestim_world2_probe2_2_0.png,assets/targets/0091/outlinestim_world2_probe2_2_1.png,assets/targets/0091/outlinestim_world1_probe2_2_0.png,noteleport_consistent,2,2,1,1,blue,62e0532289a4e5d9fedadde1,0,assets/targets/0091/outlinestim_world2_probe2_2_1.png,1,50,True
2,7992,26,0042,assets/targets/0042/img1_1.png,assets/targets/0042/img1_2.png,assets/targets/0042/img2_1.png,assets/targets/0042/img2_2.png,assets/targets/0042/recording1_1.mp4,assets/targets/0042/recording1_2.mp4,assets/targets/0042/recording2_1.mp4,assets/targets/0042/recording2_2.mp4,302.7180979554031,305.896846954325,False,assets/targets/0042/outlinestim_world1_probe0_1_1.png,assets/targets/0042/outlinestim_world2_probe0_1_0.png,assets/targets/0042/outlinestim_world2_probe0_1_1.png,assets/targets/0042/outlinestim_world1_probe0_1_0.png,nocol,0,1,1,1,blue,62e0532289a4e5d9fedadde1,1,assets/targets/0042/outlinestim_world2_probe0_1_0.png,0,26,False
3,8549,17,0069,assets/targets/0069/img1_1.png,assets/targets/0069/img1_2.png,assets/targets/0069/img2_1.png,assets/targets/0069/img2_2.png,assets/targets/0069/recording1_1.mp4,assets/targets/0069/recording1_2.mp4,assets/targets/0069/recording2_1.mp4,assets/targets/0069/recording2_2.mp4,45.99293272938177,282.53465008228795,False,assets/targets/0069/outlinestim_world1_probe0_1_1.png,assets/targets/0069/outlinestim_world2_probe0_1_0.png,assets/targets/0069/outlinestim_world2_probe0_1_1.png,assets/targets/0069/outlinestim_world1_probe0_1_0.png,nocol,0,1,1,1,blue,62e0532289a4e5d9fedadde1,0,assets/targets/0069/outlinestim_world2_probe0_1_1.png,1,83,True
4,9207,86,0052,assets/targets/0052/img1_1.png,assets/targets/0052/img1_2.png,assets/targets/0052/img2_1.png,assets/targets/0052/img2_2.png,assets/targets/0052/recording1_1.mp4,assets/targets/0052/recording1_2.mp4,assets/targets/0052/recording2_1.mp4,assets/targets/0052/recording2_2.mp4,570.2567171334038,231.9134273051645,False,assets/targets/0052/outlinestim_world1_probe1_2_1.png,assets/targets/0052/outlinestim_world2_probe1_2_0.png,assets/targets/0052/outlinestim_world2_probe1_2_1.png,assets/targets/0052/outlinestim_world1_probe1_2_0.png,teleport_consistent,1,2,1,1,blue,62e0532289a4e5d9fedadde1,1,assets/targets/0052/outlinestim_world2_probe1_2_0.png,0,86,True
5,10566,10,0064,assets/targets/0064/img1_1.png,assets/targets/0064/img1_2.png,assets/targets/0064/img2_1.png,assets/targets/0064/img2_2.png,assets/targets/0064/recording1_1.mp4,assets/targets/0064/recording1_2.mp4,assets/targets/0064/recording2_1.mp4,assets/targets/0064/recording2_2.mp4,572.435126403118,233.99006146723664,False,assets/targets/0064/outlinestim_world1_probe1_2_1.png,assets/targets/0064/outlinestim_world2_probe1_2_0.png,assets/targets/0064/outlinestim_world2_probe1_2_1.png,assets/targets/0064/outlinestim_world1_probe1_2_0.png,teleport_consistent,1,2,1,1,blue,62e0532289a4e5d9fedadde1,0,assets/targets/0064/outlinestim_world2_probe1_2_1.png,1,90,True
6,6343,70,0072,assets/targets/0072/img1_1.png,assets/targets/0072/img1_2.png,assets/targets/0072/img2_1.png,assets/targets/0072/img2_2.png,assets/targets/0072/recording1_1.mp4,assets/targets/0072/recording1_2.mp4,assets/targets/0072/recording2_1.mp4,assets/targets/0072/recording2_2.mp4,263.49876924364594,480.2927000755407,False,assets/targets/0072/outlinestim_world1_probe0_1_1.png,assets/targets/0072/outlinestim_world2_probe0_1_0.png,assets/targets/0072/outlinestim_world2_probe0_1_1.png,assets/targets/0072/outlinestim_world1_probe0_1_0.png,nocol,0,1,2,1,blue,62e0532289a4e5d9fedadde1,0,assets/targets/0072/outlinestim_world1_probe0_1_1.png,1,30,False
7,8191,0,0025,assets/targets/0025/img1_1.png,assets/targets/0025/img1_2.png,assets/targets/0025/img2_1.png,assets/targets/0025/img2_2.png,assets/targets/0025/recording1_1.mp4,assets/targets/0025/recording1_2.mp4,assets/targets/0025/recording2_1.mp4,assets/targets/0025/recording2_2.mp4,275.75178627094397,548.0849702817209,False,assets/targets/0025/outlinestim_world1_probe2_2_1.png,assets/targets/0025/outlinestim_world2_probe2_2_0.png,assets/targets/0025/outlinestim_world2_probe2_2_1.png,assets/targets/0025/outlinestim_world1_probe2_2_0.png,noteleport_consistent,2,2,2,1,blue,62e0532289a4e5d9fedadde1,0,assets/targets/0025/outlinestim_world1_probe2_2_1.png,1,100,True
8,7295,40,0024,assets/targets/0024/img1_1.png,assets/targets/0024/img1_2.png,assets/targets/0024/img2_1.png,assets/targets/0024/img2_2.png,assets/targets/0024/recording1_1.mp4,assets/targets/0024/recording1_2.mp4,assets/targets/0024/recording2_1.mp4,assets/targets/0024/recording2_2.mp4,392.50547349657757,36.17405762242421,False,assets/targets/0024/outlinestim_world1_probe0_1_1.png,assets/targets/0024/outlinestim_world2_probe0_1_0.png,assets/targets/0024/outlinestim_world2_probe0_1_1.png,assets/targets/0024/outlinestim_world1_probe0_1_0.png,nocol,0,1,2,1,blue,62e0532289a4e5d9fedadde1,1,assets/targets/0024/outlinestim_world1_probe0_1_0.png,0,40,False
0,25309,100,0045,assets/targets/0045/img1_1.png,assets/targets/0045/img1_2.png,assets/targets/0045/img2_1.png,assets/targets/0045/img2_2.png,assets/targets/0045/recording1_1.mp4,assets/targets/0045/recording1_2.mp4,assets/targets/0045/recording2_1.mp4,assets/targets/0045/recording2_2.mp4,436.6559051772762,257.95950551802974,False,assets/targets/0045/outlinestim_world1_probe1_1_1.png,assets/targets/0045/outlinestim_world2_probe1_1_0.png,assets/targets/0045/outlinestim_world2_probe1_1_1.png,assets/targets/0045/outlinestim_world1_probe1_1_0.png,teleport_consistent,1,1,1,1,blue,63f82a4ff43ec144ca3622a8,1,assets/targets/0045/outlinestim_world2_probe1_1_0.png,0,100,True
1,15483,100,0042,assets/targets/0042/img1_1.png,assets/targets/0042/img1_2.png,assets/targets/0042/img2_1.png,assets/targets/0042/img2_2.png,assets/targets/0042/recording1_1.mp4,assets/targets/0042/recording1_2.mp4,assets/targets/0042/recording2_1.mp4,assets/targets/0042/recording2_2.mp4,302.7180979554031,305.896846954325,False,assets/targets/0042/outlinestim_world1_probe0_1_1.png,assets/targets/0042/outlinestim_world2_probe0_1_0.png,assets/targets/0042/outlinestim_world2_probe0_1_1.png,assets/targets/0042/outlinestim_world1_probe0_1_0.png,nocol,0,1,2,1,blue,63f82a4ff43ec144ca3622a8,1,assets/targets/0042/outlinestim_world1_probe0_1_0.png,0,100,True
2,10983,0,0025,assets/targets/0025/img1_1.png,assets/targets/0025/img1_2.png,assets/targets/0025/img2_1.png,assets/targets/0025/img2_2.png,assets/targets/0025/recording1_1.mp4,assets/targets/0025/recording1_2.mp4,assets/targets/0025/recording2_1.mp4,assets/targets/0025/recording2_2.mp4,275.75178627094397,548.0849702817209,False,assets/targets/0025/outlinestim_world1_probe0_1_1.png,assets/targets/0025/outlinestim_world2_probe0_1_0.png,assets/targets/0025/outlinestim_world2_probe0_1_1.png,assets/targets/0025/outlinestim_world1_probe0_1_0.png,nocol,0,1,2,1,blue,63f82a4ff43ec144ca3622a8,1,assets/targets/0025/outlinestim_world1_probe0_1_0.png,0,0,False
3,14908,100,0052,assets/targets/0052/img1_1.png,assets/targets/0052/img1_2.png,assets/targets/0052/img2_1.png,assets/targets/0052/img2_2.png,assets/targets/0052/recording1_1.mp4,assets/targets/0052/recording1_2.mp4,assets/targets/0052/recording2_1.mp4,assets/targets/0052/recording2_2.mp4,570.2567171334038,231.9134273051645,False,assets/targets/0052/outlinestim_world1_probe2_1_1.png,assets/targets/0052/outlinestim_world2_probe2_1_0.png,assets/targets/0052/outlinestim_world2_probe2_1_1.png,assets/targets/0052/outlinestim_world1_probe2_1_0.png,noteleport_consistent,2,1,1,1,blue,63f82a4ff43ec144ca3622a8,1,assets/targets/0052/outlinestim_world2_probe2_1_0.png,0,100,True
4,7967,0,0064,assets/targets/0064/img1_1.png,assets/targets/0064/img1_2.png,assets/targets/0064/img2_1.png,assets/targets/0064/img2_2.png,assets/targets/0064/recording1_1.mp4,assets/targets/0064/recording1_2.mp4,assets/targets/0064/recording2_1.mp4,assets/targets/0064/recording2_2.mp4,572.435126403118,233.99006146723664,False,assets/targets/0064/outlinestim_world1_probe0_2_1.png,assets/targets/0064/outlinestim_world2_probe0_2_0.png,assets/targets/0064/outlinestim_world2_probe0_2_1.png,assets/targets/0064/outlinestim_world1_probe0_2_0.png,nocol,0,2,1,1,blue,63f82a4ff43ec144ca3622a8,1,assets/targets/0064/outlinestim_world2_probe0_2_0.png,0,0,False
5,6033,100,0072,assets/targets/0072/img1_1.png,assets/targets/0072/img1_2.png,assets/targets/0072/img2_1.png,assets/targets/0072/img2_2.png,assets/targets/0072/recording1_1.mp4,assets/targets/0072/recording1_2.mp4,assets/targets/0072/recording2_1.mp4,assets/targets/0072/recording2_2.mp4,263.49876924364594,480.2927000755407,False,assets/targets/0072/outlinestim_world1_probe1_1_1.png,assets/targets/0072/outlinestim_world2_probe1_1_0.png,assets/targets/0072/outlinestim_world2_probe1_1_1.png,assets/targets/0072/outlinestim_world1_probe1_1_0.png,teleport_consistent,1,1,1,1,blue,63f82a4ff43ec144ca3622a8,0,assets/targets/0072/outlinestim_world2_probe1_1_1.png,1,0,False
6,12966,0,0024,assets/targets/0024/img1_1.png,assets/targets/0024/img1_2.png,assets/targets/0024/img2_1.png,assets/targets/0024/img2_2.png,assets/targets/0024/recording1_1.mp4,assets/targets/0024/recording1_2.mp4,assets/targets/0024/recording2_1.mp4,assets/targets/0024/recording2_2.mp4,392.50547349657757,36.17405762242421,False,assets/targets/0024/outlinestim_world1_probe2_1_1.png,assets/targets/0024/outlinestim_world2_probe2_1_0.png,assets/targets/0024/outlinestim_world2_probe2_1_1.png,assets/targets/0024/outlinestim_world1_probe2_1_0.png,noteleport_consistent,2,1,1,1,blue,63f82a4ff43ec144ca3622a8,0,assets/targets/0024/outlinestim_world2_probe2_1_1.png,1,100,True
7,14652,0,0069,assets/targets/0069/img1_1.png,assets/targets/0069/img1_2.png,assets/targets/0069/img2_1.png,assets/targets/0069/img2_2.png,assets/targets/0069/recording1_1.mp4,assets/targets/0069/recording1_2.mp4,assets/targets/0069/recording2_1.mp4,assets/targets/0069/recording2_2.mp4,45.99293272938177,282.53465008228795,False,assets/targets/0069/outlinestim_world1_probe0_1_1.png,assets/targets/0069/outlinestim_world2_probe0_1_0.png,assets/targets/0069/outlinestim_world2_probe0_1_1.png,assets/targets/0069/outlinestim_world1_probe0_1_0.png,nocol,0,1,2,1,blue,63f82a4ff43ec144ca3622a8,0,assets/targets/0069/outlinestim_world1_probe0_1_1.png,1,100,True
8,8964,100,0091,assets/targets/0091/img1_1.png,assets/targets/0091/img1_2.png,assets/targets/0091/img2_1.png,assets/targets/0091/img2_2.png,assets/targets/0091/recording1_1.mp4,assets/targets/0091/recording1_2.mp4,assets/targets/0091/recording2_1.mp4,assets/targets/0091/recording2_2.mp4,360.26329222466995,232.43135081432789,False,assets/targets/0091/outlinestim_world1_probe2_2_1.png,assets/targets/0091/outlinestim_world2_probe2_2_0.png,assets/targets/0091/outlinestim_world2_probe2_2_1.png,assets/targets/0091/outlinestim_world1_probe2_2_0.png,noteleport_consistent,2,2,2,1,blue,63f82a4ff43ec144ca3622a8,1,assets/targets/0091/outlinestim_world1_probe2_2_0.png,0,100,True
0,44195,80,0064,assets/targets/0064/img1_1.png,assets/targets/0064/img1_2.png,assets/targets/0064/img2_1.png,assets/targets/0064/img2_2.png,assets/targets/0064/recording1_1.mp4,assets/targets/0064/recording1_2.mp4,assets/targets/0064/recording2_1.mp4,assets/targets/0064/recording2_2.mp4,572.435126403118,233.99006146723664,False,assets/targets/0064/outlinestim_world1_probe2_2_1.png,assets/targets/0064/outlinestim_world2_probe2_2_0.png,assets/targets/0064/outlinestim_world2_probe2_2_1.png,assets/targets/0064/outlinestim_world1_probe2_2_0.png,noteleport_consistent,2,2,2,1,blue,5632410fca59f6000b795a70,1,assets/targets/0064/outlinestim_world1_probe2_2_0.png,0,80,True
1,12190,75,0024,assets/targets/0024/img1_1.png,assets/targets/0024/img1_2.png,assets/targets/0024/img2_1.png,assets/targets/0024/img2_2.png,assets/targets/0024/recording1_1.mp4,assets/targets/0024/recording1_2.mp4,assets/targets/0024/recording2_1.mp4,assets/targets/0024/recording2_2.mp4,392.50547349657757,36.17405762242421,False,assets/targets/0024/outlinestim_world1_probe1_1_1.png,assets/targets/0024/outlinestim_world2_probe1_1_0.png,assets/targets/0024/outlinestim_world2_probe1_1_1.png,assets/targets/0024/outlinestim_world1_probe1_1_0.png,teleport_consistent,1,1,1,1,blue,5632410fca59f6000b795a70,1,assets/targets/0024/outlinestim_world2_probe1_1_0.png,0,75,True
2,5928,50,0091,assets/targets/0091/img1_1.png,assets/targets/0091/img1_2.png,assets/targets/0091/img2_1.png,assets/targets/0091/img2_2.png,assets/targets/0091/recording1_1.mp4,assets/targets/0091/recording1_2.mp4,assets/targets/0091/recording2_1.mp4,assets/targets/0091/recording2_2.mp4,360.26329222466995,232.43135081432789,False,assets/targets/0091/outlinestim_world1_probe1_1_1.png,assets/targets/0091/outlinestim_world2_probe1_1_0.png,assets/targets/0091/outlinestim_world2_probe1_1_1.png,assets/targets/0091/outlinestim_world1_probe1_1_0.png,teleport_consistent,1,1,2,1,blue,5632410fca59f6000b795a70,0,assets/targets/0091/outlinestim_world1_probe1_1_1.png,1,50,True
3,6318,31,0025,assets/targets/0025/img1_1.png,assets/targets/0025/img1_2.png,assets/targets/0025/img2_1.png,assets/targets/0025/img2_2.png,assets/targets/0025/recording1_1.mp4,assets/targets/0025/recording1_2.mp4,assets/targets/0025/recording2_1.mp4,assets/targets/0025/recording2_2.mp4,275.75178627094397,548.0849702817209,False,assets/targets/0025/outlinestim_world1_probe0_2_1.png,assets/targets/0025/outlinestim_world2_probe0_2_0.png,assets/targets/0025/outlinestim_world2_probe0_2_1.png,assets/targets/0025/outlinestim_world1_probe0_2_0.png,nocol,0,2,2,1,blue,5632410fca59f6000b795a70,0,assets/targets/0025/outlinestim_world1_probe0_2_1.png,1,69,True
4,9308,22,0052,assets/targets/0052/img1_1.png,assets/targets/0052/img1_2.png,assets/targets/0052/img2_1.png,assets/targets/0052/img2_2.png,assets/targets/0052/recording1_1.mp4,assets/targets/0052/recording1_2.mp4,assets/targets/0052/recording2_1.mp4,assets/targets/0052/recording2_2.mp4,570.2567171334038,231.9134273051645,False,assets/targets/0052/outlinestim_world1_probe1_1_1.png,assets/targets/0052/outlinestim_world2_probe1_1_0.png,assets/targets/0052/outlinestim_world2_probe1_1_1.png,assets/targets/0052/outlinestim_world1_probe1_1_0.png,teleport_consistent,1,1,1,1,blue,5632410fca59f6000b795a70,1,assets/targets/0052/outlinestim_world2_probe1_1_0.png,0,22,False
5,5705,74,0072,assets/targets/0072/img1_1.png,assets/targets/0072/img1_2.png,assets/targets/0072/img2_1.png,assets/targets/0072/img2_2.png,assets/targets/0072/recording1_1.mp4,assets/targets/0072/recording1_2.mp4,assets/targets/0072/recording2_1.mp4,assets/targets/0072/recording2_2.mp4,263.49876924364594,480.2927000755407,False,assets/targets/0072/outlinestim_world1_probe1_2_1.png,assets/targets/0072/outlinestim_world2_probe1_2_0.png,assets/targets/0072/outlinestim_world2_probe1_2_1.png,assets/targets/0072/outlinestim_world1_probe1_2_0.png,teleport_consistent,1,2,2,1,blue,5632410fca59f6000b795a70,0,assets/targets/0072/outlinestim_world1_probe1_2_1.png,1,26,False
6,6316,35,0069,assets/targets/0069/img1_1.png,assets/targets/0069/img1_2.png,assets/targets/0069/img2_1.png,assets/targets/0069/img2_2.png,assets/targets/0069/recording1_1.mp4,assets/targets/0069/recording1_2.mp4,assets/targets/0069/recording2_1.mp4,assets/targets/0069/recording2_2.mp4,45.99293272938177,282.53465008228795,False,assets/targets/0069/outlinestim_world1_probe2_1_1.png,assets/targets/0069/outlinestim_world2_probe2_1_0.png,assets/targets/0069/outlinestim_world2_probe2_1_1.png,assets/targets/0069/outlinestim_world1_probe2_1_0.png,noteleport_consistent,2,1,1,1,blue,5632410fca59f6000b795a70,0,assets/targets/0069/outlinestim_world2_probe2_1_1.png,1,65,True
7,7467,51,0045,assets/targets/0045/img1_1.png,assets/targets/0045/img1_2.png,assets/targets/0045/img2_1.png,assets/targets/0045/img2_2.png,assets/targets/0045/recording1_1.mp4,assets/targets/0045/recording1_2.mp4,assets/targets/0045/recording2_1.mp4,assets/targets/0045/recording2_2.mp4,436.6559051772762,257.95950551802974,False,assets/targets/0045/outlinestim_world1_probe1_2_1.png,assets/targets/0045/outlinestim_world2_probe1_2_0.png,assets/targets/0045/outlinestim_world2_probe1_2_1.png,assets/targets/0045/outlinestim_world1_probe1_2_0.png,teleport_consistent,1,2,2,1,blue,5632410fca59f6000b795a70,0,assets/targets/0045/outlinestim_world1_probe1_2_1.png,1,49,False
8,34772,12,0042,assets/targets/0042/img1_1.png,assets/targets/0042/img1_2.png,assets/targets/0042/img2_1.png,assets/targets/0042/img2_2.png,assets/targets/0042/recording1_1.mp4,assets/targets/0042/recording1_2.mp4,assets/targets/0042/recording2_1.mp4,assets/targets/0042/recording2_2.mp4,302.7180979554031,305.896846954325,False,assets/targets/0042/outlinestim_world1_probe1_2_1.png,assets/targets/0042/outlinestim_world2_probe1_2_0.png,assets/targets/0042/outlinestim_world2_probe1_2_1.png,assets/targets/0042/outlinestim_world1_probe1_2_0.png,teleport_consistent,1,2,1,1,blue,5632410fca59f6000b795a70,0,assets/targets/0042/outlinestim_world2_probe1_2_1.png,1,88,True
0,25888,15,0024,assets/targets/0024/img1_1.png,assets/targets/0024/img1_2.png,assets/targets/0024/img2_1.png,assets/targets/0024/img2_2.png,assets/targets/0024/recording1_1.mp4,assets/targets/0024/recording1_2.mp4,assets/targets/0024/recording2_1.mp4,assets/targets/0024/recording2_2.mp4,392.50547349657757,36.17405762242421,False,assets/targets/0024/outlinestim_world1_probe2_2_1.png,assets/targets/0024/outlinestim_world2_probe2_2_0.png,assets/targets/0024/outlinestim_world2_probe2_2_1.png,assets/targets/0024/outlinestim_world1_probe2_2_0.png,noteleport_consistent,2,2,1,0,brown,5ea89d0c5a0a9c12978f8263,0,assets/targets/0024/outlinestim_world1_probe2_2_1.png,1,85,True
1,10604,19,0025,assets/targets/0025/img1_1.png,assets/targets/0025/img1_2.png,assets/targets/0025/img2_1.png,assets/targets/0025/img2_2.png,assets/targets/0025/recording1_1.mp4,assets/targets/0025/recording1_2.mp4,assets/targets/0025/recording2_1.mp4,assets/targets/0025/recording2_2.mp4,275.75178627094397,548.0849702817209,False,assets/targets/0025/outlinestim_world1_probe2_2_1.png,assets/targets/0025/outlinestim_world2_probe2_2_0.png,assets/targets/0025/outlinestim_world2_probe2_2_1.png,assets/targets/0025/outlinestim_world1_probe2_2_0.png,noteleport_consistent,2,2,2,0,brown,5ea89d0c5a0a9c12978f8263,0,assets/targets/0025/outlinestim_world2_probe2_2_1.png,1,81,True
2,6696,50,0072,assets/targets/0072/img1_1.png,assets/targets/0072/img1_2.png,assets/targets/0072/img2_1.png,assets/targets/0072/img2_2.png,assets/targets/0072/recording1_1.mp4,assets/targets/0072/recording1_2.mp4,assets/targets/0072/recording2_1.mp4,assets/targets/0072/recording2_2.mp4,263.49876924364594,480.2927000755407,False,assets/targets/0072/outlinestim_world1_probe1_2_1.png,assets/targets/0072/outlinestim_world2_probe1_2_0.png,assets/targets/0072/outlinestim_world2_probe1_2_1.png,assets/targets/0072/outlinestim_world1_probe1_2_0.png,teleport_consistent,1,2,2,0,brown,5ea89d0c5a0a9c12978f8263,1,assets/targets/0072/outlinestim_world2_probe1_2_0.png,0,50,True
3,5873,50,0052,assets/targets/0052/img1_1.png,assets/targets/0052/img1_2.png,assets/targets/0052/img2_1.png,assets/targets/0052/img2_2.png,assets/targets/0052/recording1_1.mp4,assets/targets/0052/recording1_2.mp4,assets/targets/0052/recording2_1.mp4,assets/targets/0052/recording2_2.mp4,570.2567171334038,231.9134273051645,False,assets/targets/0052/outlinestim_world1_probe0_2_1.png,assets/targets/0052/outlinestim_world2_probe0_2_0.png,assets/targets/0052/outlinestim_world2_probe0_2_1.png,assets/targets/0052/outlinestim_world1_probe0_2_0.png,nocol,0,2,1,0,brown,5ea89d0c5a0a9c12978f8263,1,assets/targets/0052/outlinestim_world1_probe0_2_0.png,0,50,True
4,18788,30,0064,assets/targets/0064/img1_1.png,assets/targets/0064/img1_2.png,assets/targets/0064/img2_1.png,assets/targets/0064/img2_2.png,assets/targets/0064/recording1_1.mp4,assets/targets/0064/recording1_2.mp4,assets/targets/0064/recording2_1.mp4,assets/targets/0064/recording2_2.mp4,572.435126403118,233.99006146723664,False,assets/targets/0064/outlinestim_world1_probe0_2_1.png,assets/targets/0064/outlinestim_world2_probe0_2_0.png,assets/targets/0064/outlinestim_world2_probe0_2_1.png,assets/targets/0064/outlinestim_world1_probe0_2_0.png,nocol,0,2,1,0,brown,5ea89d0c5a0a9c12978f8263,0,assets/targets/0064/outlinestim_world1_probe0_2_1.png,1,70,True
5,8528,100,0069,assets/targets/0069/img1_1.png,assets/targets/0069/img1_2.png,assets/targets/0069/img2_1.png,assets/targets/0069/img2_2.png,assets/targets/0069/recording1_1.mp4,assets/targets/0069/recording1_2.mp4,assets/targets/0069/recording2_1.mp4,assets/targets/0069/recording2_2.mp4,45.99293272938177,282.53465008228795,False,assets/targets/0069/outlinestim_world1_probe2_1_1.png,assets/targets/0069/outlinestim_world2_probe2_1_0.png,assets/targets/0069/outlinestim_world2_probe2_1_1.png,assets/targets/0069/outlinestim_world1_probe2_1_0.png,noteleport_consistent,2,1,2,0,brown,5ea89d0c5a0a9c12978f8263,1,assets/targets/0069/outlinestim_world2_probe2_1_0.png,0,100,True
6,4148,50,0042,assets/targets/0042/img1_1.png,assets/targets/0042/img1_2.png,assets/targets/0042/img2_1.png,assets/targets/0042/img2_2.png,assets/targets/0042/recording1_1.mp4,assets/targets/0042/recording1_2.mp4,assets/targets/0042/recording2_1.mp4,assets/targets/0042/recording2_2.mp4,302.7180979554031,305.896846954325,False,assets/targets/0042/outlinestim_world1_probe1_1_1.png,assets/targets/0042/outlinestim_world2_probe1_1_0.png,assets/targets/0042/outlinestim_world2_probe1_1_1.png,assets/targets/0042/outlinestim_world1_probe1_1_0.png,teleport_consistent,1,1,2,0,brown,5ea89d0c5a0a9c12978f8263,1,assets/targets/0042/outlinestim_world2_probe1_1_0.png,0,50,True
7,4185,71,0091,assets/targets/0091/img1_1.png,assets/targets/0091/img1_2.png,assets/targets/0091/img2_1.png,assets/targets/0091/img2_2.png,assets/targets/0091/recording1_1.mp4,assets/targets/0091/recording1_2.mp4,assets/targets/0091/recording2_1.mp4,assets/targets/0091/recording2_2.mp4,360.26329222466995,232.43135081432789,False,assets/targets/0091/outlinestim_world1_probe2_2_1.png,assets/targets/0091/outlinestim_world2_probe2_2_0.png,assets/targets/0091/outlinestim_world2_probe2_2_1.png,assets/targets/0091/outlinestim_world1_probe2_2_0.png,noteleport_consistent,2,2,2,0,brown,5ea89d0c5a0a9c12978f8263,1,assets/targets/0091/outlinestim_world2_probe2_2_0.png,0,71,True
8,4135,32,0045,assets/targets/0045/img1_1.png,assets/targets/0045/img1_2.png,assets/targets/0045/img2_1.png,assets/targets/0045/img2_2.png,assets/targets/0045/recording1_1.mp4,assets/targets/0045/recording1_2.mp4,assets/targets/0045/recording2_1.mp4,assets/targets/0045/recording2_2.mp4,436.6559051772762,257.95950551802974,False,assets/targets/0045/outlinestim_world1_probe2_1_1.png,assets/targets/0045/outlinestim_world2_probe2_1_0.png,assets/targets/0045/outlinestim_world2_probe2_1_1.png,assets/targets/0045/outlinestim_world1_probe2_1_0.png,noteleport_consistent,2,1,1,0,brown,5ea89d0c5a0a9c12978f8263,0,assets/targets/0045/outlinestim_world1_probe2_1_1.png,1,68,True
0,62785,20,0091,assets/targets/0091/img1_1.png,assets/targets/0091/img1_2.png,assets/targets/0091/img2_1.png,assets/targets/0091/img2_2.png,assets/targets/0091/recording1_1.mp4,assets/targets/0091/recording1_2.mp4,assets/targets/0091/recording2_1.mp4,assets/targets/0091/recording2_2.mp4,360.26329222466995,232.43135081432789,False,assets/targets/0091/outlinestim_world1_probe0_1_1.png,assets/targets/0091/outlinestim_world2_probe0_1_0.png,assets/targets/0091/outlinestim_world2_probe0_1_1.png,assets/targets/0091/outlinestim_world1_probe0_1_0.png,nocol,0,1,2,1,blue,63d4409d5b0e57d3d3a3819d,0,assets/targets/0091/outlinestim_world1_probe0_1_1.png,1,80,True
1,24953,0,0052,assets/targets/0052/img1_1.png,assets/targets/0052/img1_2.png,assets/targets/0052/img2_1.png,assets/targets/0052/img2_2.png,assets/targets/0052/recording1_1.mp4,assets/targets/0052/recording1_2.mp4,assets/targets/0052/recording2_1.mp4,assets/targets/0052/recording2_2.mp4,570.2567171334038,231.9134273051645,False,assets/targets/0052/outlinestim_world1_probe2_1_1.png,assets/targets/0052/outlinestim_world2_probe2_1_0.png,assets/targets/0052/outlinestim_world2_probe2_1_1.png,assets/targets/0052/outlinestim_world1_probe2_1_0.png,noteleport_consistent,2,1,1,1,blue,63d4409d5b0e57d3d3a3819d,0,assets/targets/0052/outlinestim_world2_probe2_1_1.png,1,100,True
2,26329,0,0025,assets/targets/0025/img1_1.png,assets/targets/0025/img1_2.png,assets/targets/0025/img2_1.png,assets/targets/0025/img2_2.png,assets/targets/0025/recording1_1.mp4,assets/targets/0025/recording1_2.mp4,assets/targets/0025/recording2_1.mp4,assets/targets/0025/recording2_2.mp4,275.75178627094397,548.0849702817209,False,assets/targets/0025/outlinestim_world1_probe0_2_1.png,assets/targets/0025/outlinestim_world2_probe0_2_0.png,assets/targets/0025/outlinestim_world2_probe0_2_1.png,assets/targets/0025/outlinestim_world1_probe0_2_0.png,nocol,0,2,1,1,blue,63d4409d5b0e57d3d3a3819d,0,assets/targets/0025/outlinestim_world2_probe0_2_1.png,1,100,True
3,21831,0,0064,assets/targets/0064/img1_1.png,assets/targets/0064/img1_2.png,assets/targets/0064/img2_1.png,assets/targets/0064/img2_2.png,assets/targets/0064/recording1_1.mp4,assets/targets/0064/recording1_2.mp4,assets/targets/0064/recording2_1.mp4,assets/targets/0064/recording2_2.mp4,572.435126403118,233.99006146723664,False,assets/targets/0064/outlinestim_world1_probe0_1_1.png,assets/targets/0064/outlinestim_world2_probe0_1_0.png,assets/targets/0064/outlinestim_world2_probe0_1_1.png,assets/targets/0064/outlinestim_world1_probe0_1_0.png,nocol,0,1,1,1,blue,63d4409d5b0e57d3d3a3819d,0,assets/targets/0064/outlinestim_world2_probe0_1_1.png,1,100,True
4,23487,0,0069,assets/targets/0069/img1_1.png,assets/targets/0069/img1_2.png,assets/targets/0069/img2_1.png,assets/targets/0069/img2_2.png,assets/targets/0069/recording1_1.mp4,assets/targets/0069/recording1_2.mp4,assets/targets/0069/recording2_1.mp4,assets/targets/0069/recording2_2.mp4,45.99293272938177,282.53465008228795,False,assets/targets/0069/outlinestim_world1_probe2_2_1.png,assets/targets/0069/outlinestim_world2_probe2_2_0.png,assets/targets/0069/outlinestim_world2_probe2_2_1.png,assets/targets/0069/outlinestim_world1_probe2_2_0.png,noteleport_consistent,2,2,1,1,blue,63d4409d5b0e57d3d3a3819d,0,assets/targets/0069/outlinestim_world2_probe2_2_1.png,1,100,True
5,13535,100,0072,assets/targets/0072/img1_1.png,assets/targets/0072/img1_2.png,assets/targets/0072/img2_1.png,assets/targets/0072/img2_2.png,assets/targets/0072/recording1_1.mp4,assets/targets/0072/recording1_2.mp4,assets/targets/0072/recording2_1.mp4,assets/targets/0072/recording2_2.mp4,263.49876924364594,480.2927000755407,False,assets/targets/0072/outlinestim_world1_probe2_1_1.png,assets/targets/0072/outlinestim_world2_probe2_1_0.png,assets/targets/0072/outlinestim_world2_probe2_1_1.png,assets/targets/0072/outlinestim_world1_probe2_1_0.png,noteleport_consistent,2,1,2,1,blue,63d4409d5b0e57d3d3a3819d,1,assets/targets/0072/outlinestim_world1_probe2_1_0.png,0,100,True
6,19538,100,0042,assets/targets/0042/img1_1.png,assets/targets/0042/img1_2.png,assets/targets/0042/img2_1.png,assets/targets/0042/img2_2.png,assets/targets/0042/recording1_1.mp4,assets/targets/0042/recording1_2.mp4,assets/targets/0042/recording2_1.mp4,assets/targets/0042/recording2_2.mp4,302.7180979554031,305.896846954325,False,assets/targets/0042/outlinestim_world1_probe0_1_1.png,assets/targets/0042/outlinestim_world2_probe0_1_0.png,assets/targets/0042/outlinestim_world2_probe0_1_1.png,assets/targets/0042/outlinestim_world1_probe0_1_0.png,nocol,0,1,1,1,blue,63d4409d5b0e57d3d3a3819d,1,assets/targets/0042/outlinestim_world2_probe0_1_0.png,0,100,True
7,13112,0,0024,assets/targets/0024/img1_1.png,assets/targets/0024/img1_2.png,assets/targets/0024/img2_1.png,assets/targets/0024/img2_2.png,assets/targets/0024/recording1_1.mp4,assets/targets/0024/recording1_2.mp4,assets/targets/0024/recording2_1.mp4,assets/targets/0024/recording2_2.mp4,392.50547349657757,36.17405762242421,False,assets/targets/0024/outlinestim_world1_probe0_2_1.png,assets/targets/0024/outlinestim_world2_probe0_2_0.png,assets/targets/0024/outlinestim_world2_probe0_2_1.png,assets/targets/0024/outlinestim_world1_probe0_2_0.png,nocol,0,2,1,1,blue,63d4409d5b0e57d3d3a3819d,0,assets/targets/0024/outlinestim_world2_probe0_2_1.png,1,100,True
8,14499,100,0045,assets/targets/0045/img1_1.png,assets/targets/0045/img1_2.png,assets/targets/0045/img2_1.png,assets/targets/0045/img2_2.png,assets/targets/0045/recording1_1.mp4,assets/targets/0045/recording1_2.mp4,assets/targets/0045/recording2_1.mp4,assets/targets/0045/recording2_2.mp4,436.6559051772762,257.95950551802974,False,assets/targets/0045/outlinestim_world1_probe0_1_1.png,assets/targets/0045/outlinestim_world2_probe0_1_0.png,assets/targets/0045/outlinestim_world2_probe0_1_1.png,assets/targets/0045/outlinestim_world1_probe0_1_0.png,nocol,0,1,2,1,blue,63d4409d5b0e57d3d3a3819d,1,assets/targets/0045/outlinestim_world1_probe0_1_0.png,0,100,True
0,33008,2,0045,assets/targets/0045/img1_1.png,assets/targets/0045/img1_2.png,assets/targets/0045/img2_1.png,assets/targets/0045/img2_2.png,assets/targets/0045/recording1_1.mp4,assets/targets/0045/recording1_2.mp4,assets/targets/0045/recording2_1.mp4,assets/targets/0045/recording2_2.mp4,436.6559051772762,257.95950551802974,False,assets/targets/0045/outlinestim_world1_probe2_2_1.png,assets/targets/0045/outlinestim_world2_probe2_2_0.png,assets/targets/0045/outlinestim_world2_probe2_2_1.png,assets/targets/0045/outlinestim_world1_probe2_2_0.png,noteleport_consistent,2,2,1,1,blue,66492b46ca139ec22508f92e,1,assets/targets/0045/outlinestim_world2_probe2_2_0.png,0,2,False
1,19688,100,0024,assets/targets/0024/img1_1.png,assets/targets/0024/img1_2.png,assets/targets/0024/img2_1.png,assets/targets/0024/img2_2.png,assets/targets/0024/recording1_1.mp4,assets/targets/0024/recording1_2.mp4,assets/targets/0024/recording2_1.mp4,assets/targets/0024/recording2_2.mp4,392.50547349657757,36.17405762242421,False,assets/targets/0024/outlinestim_world1_probe2_2_1.png,assets/targets/0024/outlinestim_world2_probe2_2_0.png,assets/targets/0024/outlinestim_world2_probe2_2_1.png,assets/targets/0024/outlinestim_world1_probe2_2_0.png,noteleport_consistent,2,2,2,1,blue,66492b46ca139ec22508f92e,1,assets/targets/0024/outlinestim_world1_probe2_2_0.png,0,100,True
2,7045,5,0025,assets/targets/0025/img1_1.png,assets/targets/0025/img1_2.png,assets/targets/0025/img2_1.png,assets/targets/0025/img2_2.png,assets/targets/0025/recording1_1.mp4,assets/targets/0025/recording1_2.mp4,assets/targets/0025/recording2_1.mp4,assets/targets/0025/recording2_2.mp4,275.75178627094397,548.0849702817209,False,assets/targets/0025/outlinestim_world1_probe0_1_1.png,assets/targets/0025/outlinestim_world2_probe0_1_0.png,assets/targets/0025/outlinestim_world2_probe0_1_1.png,assets/targets/0025/outlinestim_world1_probe0_1_0.png,nocol,0,1,1,1,blue,66492b46ca139ec22508f92e,1,assets/targets/0025/outlinestim_world2_probe0_1_0.png,0,5,False
3,19564,88,0064,assets/targets/0064/img1_1.png,assets/targets/0064/img1_2.png,assets/targets/0064/img2_1.png,assets/targets/0064/img2_2.png,assets/targets/0064/recording1_1.mp4,assets/targets/0064/recording1_2.mp4,assets/targets/0064/recording2_1.mp4,assets/targets/0064/recording2_2.mp4,572.435126403118,233.99006146723664,False,assets/targets/0064/outlinestim_world1_probe1_1_1.png,assets/targets/0064/outlinestim_world2_probe1_1_0.png,assets/targets/0064/outlinestim_world2_probe1_1_1.png,assets/targets/0064/outlinestim_world1_probe1_1_0.png,teleport_consistent,1,1,2,1,blue,66492b46ca139ec22508f92e,0,assets/targets/0064/outlinestim_world1_probe1_1_1.png,1,12,False
4,9478,97,0052,assets/targets/0052/img1_1.png,assets/targets/0052/img1_2.png,assets/targets/0052/img2_1.png,assets/targets/0052/img2_2.png,assets/targets/0052/recording1_1.mp4,assets/targets/0052/recording1_2.mp4,assets/targets/0052/recording2_1.mp4,assets/targets/0052/recording2_2.mp4,570.2567171334038,231.9134273051645,False,assets/targets/0052/outlinestim_world1_probe1_2_1.png,assets/targets/0052/outlinestim_world2_probe1_2_0.png,assets/targets/0052/outlinestim_world2_probe1_2_1.png,assets/targets/0052/outlinestim_world1_probe1_2_0.png,teleport_consistent,1,2,2,1,blue,66492b46ca139ec22508f92e,1,assets/targets/0052/outlinestim_world1_probe1_2_0.png,0,97,True
5,27653,99,0091,assets/targets/0091/img1_1.png,assets/targets/0091/img1_2.png,assets/targets/0091/img2_1.png,assets/targets/0091/img2_2.png,assets/targets/0091/recording1_1.mp4,assets/targets/0091/recording1_2.mp4,assets/targets/0091/recording2_1.mp4,assets/targets/0091/recording2_2.mp4,360.26329222466995,232.43135081432789,False,assets/targets/0091/outlinestim_world1_probe0_1_1.png,assets/targets/0091/outlinestim_world2_probe0_1_0.png,assets/targets/0091/outlinestim_world2_probe0_1_1.png,assets/targets/0091/outlinestim_world1_probe0_1_0.png,nocol,0,1,2,1,blue,66492b46ca139ec22508f92e,1,assets/targets/0091/outlinestim_world1_probe0_1_0.png,0,99,True
6,9151,18,0042,assets/targets/0042/img1_1.png,assets/targets/0042/img1_2.png,assets/targets/0042/img2_1.png,assets/targets/0042/img2_2.png,assets/targets/0042/recording1_1.mp4,assets/targets/0042/recording1_2.mp4,assets/targets/0042/recording2_1.mp4,assets/targets/0042/recording2_2.mp4,302.7180979554031,305.896846954325,False,assets/targets/0042/outlinestim_world1_probe1_2_1.png,assets/targets/0042/outlinestim_world2_probe1_2_0.png,assets/targets/0042/outlinestim_world2_probe1_2_1.png,assets/targets/0042/outlinestim_world1_probe1_2_0.png,teleport_consistent,1,2,2,1,blue,66492b46ca139ec22508f92e,1,assets/targets/0042/outlinestim_world1_probe1_2_0.png,0,18,False
7,14131,0,0069,assets/targets/0069/img1_1.png,assets/targets/0069/img1_2.png,assets/targets/0069/img2_1.png,assets/targets/0069/img2_2.png,assets/targets/0069/recording1_1.mp4,assets/targets/0069/recording1_2.mp4,assets/targets/0069/recording2_1.mp4,assets/targets/0069/recording2_2.mp4,45.99293272938177,282.53465008228795,False,assets/targets/0069/outlinestim_world1_probe1_2_1.png,assets/targets/0069/outlinestim_world2_probe1_2_0.png,assets/targets/0069/outlinestim_world2_probe1_2_1.png,assets/targets/0069/outlinestim_world1_probe1_2_0.png,teleport_consistent,1,2,1,1,blue,66492b46ca139ec22508f92e,0,assets/targets/0069/outlinestim_world2_probe1_2_1.png,1,100,True
8,9655,79,0072,assets/targets/0072/img1_1.png,assets/targets/0072/img1_2.png,assets/targets/0072/img2_1.png,assets/targets/0072/img2_2.png,assets/targets/0072/recording1_1.mp4,assets/targets/0072/recording1_2.mp4,assets/targets/0072/recording2_1.mp4,assets/targets/0072/recording2_2.mp4,263.49876924364594,480.2927000755407,False,assets/targets/0072/outlinestim_world1_probe1_1_1.png,assets/targets/0072/outlinestim_world2_probe1_1_0.png,assets/targets/0072/outlinestim_world2_probe1_1_1.png,assets/targets/0072/outlinestim_world1_probe1_1_0.png,teleport_consistent,1,1,1,1,blue,66492b46ca139ec22508f92e,1,assets/targets/0072/outlinestim_world2_probe1_1_0.png,0,79,True
0,40504,61,0024,assets/targets/0024/img1_1.png,assets/targets/0024/img1_2.png,assets/targets/0024/img2_1.png,assets/targets/0024/img2_2.png,assets/targets/0024/recording1_1.mp4,assets/targets/0024/recording1_2.mp4,assets/targets/0024/recording2_1.mp4,assets/targets/0024/recording2_2.mp4,392.50547349657757,36.17405762242421,False,assets/targets/0024/outlinestim_world1_probe0_1_1.png,assets/targets/0024/outlinestim_world2_probe0_1_0.png,assets/targets/0024/outlinestim_world2_probe0_1_1.png,assets/targets/0024/outlinestim_world1_probe0_1_0.png,nocol,0,1,1,0,brown,665738965d37cff4340330e5,1,assets/targets/0024/outlinestim_world1_probe0_1_0.png,0,61,True
1,7574,44,0042,assets/targets/0042/img1_1.png,assets/targets/0042/img1_2.png,assets/targets/0042/img2_1.png,assets/targets/0042/img2_2.png,assets/targets/0042/recording1_1.mp4,assets/targets/0042/recording1_2.mp4,assets/targets/0042/recording2_1.mp4,assets/targets/0042/recording2_2.mp4,302.7180979554031,305.896846954325,False,assets/targets/0042/outlinestim_world1_probe0_2_1.png,assets/targets/0042/outlinestim_world2_probe0_2_0.png,assets/targets/0042/outlinestim_world2_probe0_2_1.png,assets/targets/0042/outlinestim_world1_probe0_2_0.png,nocol,0,2,2,0,brown,665738965d37cff4340330e5,0,assets/targets/0042/outlinestim_world2_probe0_2_1.png,1,56,True
2,6074,54,0045,assets/targets/0045/img1_1.png,assets/targets/0045/img1_2.png,assets/targets/0045/img2_1.png,assets/targets/0045/img2_2.png,assets/targets/0045/recording1_1.mp4,assets/targets/0045/recording1_2.mp4,assets/targets/0045/recording2_1.mp4,assets/targets/0045/recording2_2.mp4,436.6559051772762,257.95950551802974,False,assets/targets/0045/outlinestim_world1_probe1_1_1.png,assets/targets/0045/outlinestim_world2_probe1_1_0.png,assets/targets/0045/outlinestim_world2_probe1_1_1.png,assets/targets/0045/outlinestim_world1_probe1_1_0.png,teleport_consistent,1,1,2,0,brown,665738965d37cff4340330e5,1,assets/targets/0045/outlinestim_world2_probe1_1_0.png,0,54,True
3,5368,57,0069,assets/targets/0069/img1_1.png,assets/targets/0069/img1_2.png,assets/targets/0069/img2_1.png,assets/targets/0069/img2_2.png,assets/targets/0069/recording1_1.mp4,assets/targets/0069/recording1_2.mp4,assets/targets/0069/recording2_1.mp4,assets/targets/0069/recording2_2.mp4,45.99293272938177,282.53465008228795,False,assets/targets/0069/outlinestim_world1_probe1_2_1.png,assets/targets/0069/outlinestim_world2_probe1_2_0.png,assets/targets/0069/outlinestim_world2_probe1_2_1.png,assets/targets/0069/outlinestim_world1_probe1_2_0.png,teleport_consistent,1,2,1,0,brown,665738965d37cff4340330e5,0,assets/targets/0069/outlinestim_world1_probe1_2_1.png,1,43,False
4,5004,41,0091,assets/targets/0091/img1_1.png,assets/targets/0091/img1_2.png,assets/targets/0091/img2_1.png,assets/targets/0091/img2_2.png,assets/targets/0091/recording1_1.mp4,assets/targets/0091/recording1_2.mp4,assets/targets/0091/recording2_1.mp4,assets/targets/0091/recording2_2.mp4,360.26329222466995,232.43135081432789,False,assets/targets/0091/outlinestim_world1_probe2_1_1.png,assets/targets/0091/outlinestim_world2_probe2_1_0.png,assets/targets/0091/outlinestim_world2_probe2_1_1.png,assets/targets/0091/outlinestim_world1_probe2_1_0.png,noteleport_consistent,2,1,1,0,brown,665738965d37cff4340330e5,0,assets/targets/0091/outlinestim_world1_probe2_1_1.png,1,59,True
5,3853,57,0072,assets/targets/0072/img1_1.png,assets/targets/0072/img1_2.png,assets/targets/0072/img2_1.png,assets/targets/0072/img2_2.png,assets/targets/0072/recording1_1.mp4,assets/targets/0072/recording1_2.mp4,assets/targets/0072/recording2_1.mp4,assets/targets/0072/recording2_2.mp4,263.49876924364594,480.2927000755407,False,assets/targets/0072/outlinestim_world1_probe0_1_1.png,assets/targets/0072/outlinestim_world2_probe0_1_0.png,assets/targets/0072/outlinestim_world2_probe0_1_1.png,assets/targets/0072/outlinestim_world1_probe0_1_0.png,nocol,0,1,1,0,brown,665738965d37cff4340330e5,1,assets/targets/0072/outlinestim_world1_probe0_1_0.png,0,57,True
6,4256,45,0064,assets/targets/0064/img1_1.png,assets/targets/0064/img1_2.png,assets/targets/0064/img2_1.png,assets/targets/0064/img2_2.png,assets/targets/0064/recording1_1.mp4,assets/targets/0064/recording1_2.mp4,assets/targets/0064/recording2_1.mp4,assets/targets/0064/recording2_2.mp4,572.435126403118,233.99006146723664,False,assets/targets/0064/outlinestim_world1_probe2_2_1.png,assets/targets/0064/outlinestim_world2_probe2_2_0.png,assets/targets/0064/outlinestim_world2_probe2_2_1.png,assets/targets/0064/outlinestim_world1_probe2_2_0.png,noteleport_consistent,2,2,2,0,brown,665738965d37cff4340330e5,0,assets/targets/0064/outlinestim_world2_probe2_2_1.png,1,55,True
7,5711,57,0052,assets/targets/0052/img1_1.png,assets/targets/0052/img1_2.png,assets/targets/0052/img2_1.png,assets/targets/0052/img2_2.png,assets/targets/0052/recording1_1.mp4,assets/targets/0052/recording1_2.mp4,assets/targets/0052/recording2_1.mp4,assets/targets/0052/recording2_2.mp4,570.2567171334038,231.9134273051645,False,assets/targets/0052/outlinestim_world1_probe1_2_1.png,assets/targets/0052/outlinestim_world2_probe1_2_0.png,assets/targets/0052/outlinestim_world2_probe1_2_1.png,assets/targets/0052/outlinestim_world1_probe1_2_0.png,teleport_consistent,1,2,1,0,brown,665738965d37cff4340330e5,1,assets/targets/0052/outlinestim_world1_probe1_2_0.png,0,57,True
8,44209,53,0025,assets/targets/0025/img1_1.png,assets/targets/0025/img1_2.png,assets/targets/0025/img2_1.png,assets/targets/0025/img2_2.png,assets/targets/0025/recording1_1.mp4,assets/targets/0025/recording1_2.mp4,assets/targets/0025/recording2_1.mp4,assets/targets/0025/recording2_2.mp4,275.75178627094397,548.0849702817209,False,assets/targets/0025/outlinestim_world1_probe2_1_1.png,assets/targets/0025/outlinestim_world2_probe2_1_0.png,assets/targets/0025/outlinestim_world2_probe2_1_1.png,assets/targets/0025/outlinestim_world1_probe2_1_0.png,noteleport_consistent,2,1,2,0,brown,665738965d37cff4340330e5,1,assets/targets/0025/outlinestim_world2_probe2_1_0.png,0,53,True
0,48647,93,0072,assets/targets/0072/img1_1.png,assets/targets/0072/img1_2.png,assets/targets/0072/img2_1.png,assets/targets/0072/img2_2.png,assets/targets/0072/recording1_1.mp4,assets/targets/0072/recording1_2.mp4,assets/targets/0072/recording2_1.mp4,assets/targets/0072/recording2_2.mp4,263.49876924364594,480.2927000755407,False,assets/targets/0072/outlinestim_world1_probe2_1_1.png,assets/targets/0072/outlinestim_world2_probe2_1_0.png,assets/targets/0072/outlinestim_world2_probe2_1_1.png,assets/targets/0072/outlinestim_world1_probe2_1_0.png,noteleport_consistent,2,1,1,0,brown,66d8756e02481db4bcdd0769,0,assets/targets/0072/outlinestim_world1_probe2_1_1.png,1,7,False
1,7214,14,0045,assets/targets/0045/img1_1.png,assets/targets/0045/img1_2.png,assets/targets/0045/img2_1.png,assets/targets/0045/img2_2.png,assets/targets/0045/recording1_1.mp4,assets/targets/0045/recording1_2.mp4,assets/targets/0045/recording2_1.mp4,assets/targets/0045/recording2_2.mp4,436.6559051772762,257.95950551802974,False,assets/targets/0045/outlinestim_world1_probe0_2_1.png,assets/targets/0045/outlinestim_world2_probe0_2_0.png,assets/targets/0045/outlinestim_world2_probe0_2_1.png,assets/targets/0045/outlinestim_world1_probe0_2_0.png,nocol,0,2,1,0,brown,66d8756e02481db4bcdd0769,1,assets/targets/0045/outlinestim_world1_probe0_2_0.png,0,14,False
2,5277,88,0091,assets/targets/0091/img1_1.png,assets/targets/0091/img1_2.png,assets/targets/0091/img2_1.png,assets/targets/0091/img2_2.png,assets/targets/0091/recording1_1.mp4,assets/targets/0091/recording1_2.mp4,assets/targets/0091/recording2_1.mp4,assets/targets/0091/recording2_2.mp4,360.26329222466995,232.43135081432789,False,assets/targets/0091/outlinestim_world1_probe1_2_1.png,assets/targets/0091/outlinestim_world2_probe1_2_0.png,assets/targets/0091/outlinestim_world2_probe1_2_1.png,assets/targets/0091/outlinestim_world1_probe1_2_0.png,teleport_consistent,1,2,2,0,brown,66d8756e02481db4bcdd0769,0,assets/targets/0091/outlinestim_world2_probe1_2_1.png,1,12,False
3,8040,94,0052,assets/targets/0052/img1_1.png,assets/targets/0052/img1_2.png,assets/targets/0052/img2_1.png,assets/targets/0052/img2_2.png,assets/targets/0052/recording1_1.mp4,assets/targets/0052/recording1_2.mp4,assets/targets/0052/recording2_1.mp4,assets/targets/0052/recording2_2.mp4,570.2567171334038,231.9134273051645,False,assets/targets/0052/outlinestim_world1_probe1_1_1.png,assets/targets/0052/outlinestim_world2_probe1_1_0.png,assets/targets/0052/outlinestim_world2_probe1_1_1.png,assets/targets/0052/outlinestim_world1_probe1_1_0.png,teleport_consistent,1,1,1,0,brown,66d8756e02481db4bcdd0769,1,assets/targets/0052/outlinestim_world1_probe1_1_0.png,0,94,True
4,6945,94,0042,assets/targets/0042/img1_1.png,assets/targets/0042/img1_2.png,assets/targets/0042/img2_1.png,assets/targets/0042/img2_2.png,assets/targets/0042/recording1_1.mp4,assets/targets/0042/recording1_2.mp4,assets/targets/0042/recording2_1.mp4,assets/targets/0042/recording2_2.mp4,302.7180979554031,305.896846954325,False,assets/targets/0042/outlinestim_world1_probe1_2_1.png,assets/targets/0042/outlinestim_world2_probe1_2_0.png,assets/targets/0042/outlinestim_world2_probe1_2_1.png,assets/targets/0042/outlinestim_world1_probe1_2_0.png,teleport_consistent,1,2,2,0,brown,66d8756e02481db4bcdd0769,1,assets/targets/0042/outlinestim_world2_probe1_2_0.png,0,94,True
5,9703,5,0025,assets/targets/0025/img1_1.png,assets/targets/0025/img1_2.png,assets/targets/0025/img2_1.png,assets/targets/0025/img2_2.png,assets/targets/0025/recording1_1.mp4,assets/targets/0025/recording1_2.mp4,assets/targets/0025/recording2_1.mp4,assets/targets/0025/recording2_2.mp4,275.75178627094397,548.0849702817209,False,assets/targets/0025/outlinestim_world1_probe1_1_1.png,assets/targets/0025/outlinestim_world2_probe1_1_0.png,assets/targets/0025/outlinestim_world2_probe1_1_1.png,assets/targets/0025/outlinestim_world1_probe1_1_0.png,teleport_consistent,1,1,1,0,brown,66d8756e02481db4bcdd0769,1,assets/targets/0025/outlinestim_world1_probe1_1_0.png,0,5,False
6,6927,89,0064,assets/targets/0064/img1_1.png,assets/targets/0064/img1_2.png,assets/targets/0064/img2_1.png,assets/targets/0064/img2_2.png,assets/targets/0064/recording1_1.mp4,assets/targets/0064/recording1_2.mp4,assets/targets/0064/recording2_1.mp4,assets/targets/0064/recording2_2.mp4,572.435126403118,233.99006146723664,False,assets/targets/0064/outlinestim_world1_probe2_1_1.png,assets/targets/0064/outlinestim_world2_probe2_1_0.png,assets/targets/0064/outlinestim_world2_probe2_1_1.png,assets/targets/0064/outlinestim_world1_probe2_1_0.png,noteleport_consistent,2,1,2,0,brown,66d8756e02481db4bcdd0769,0,assets/targets/0064/outlinestim_world2_probe2_1_1.png,1,11,False
7,5664,94,0024,assets/targets/0024/img1_1.png,assets/targets/0024/img1_2.png,assets/targets/0024/img2_1.png,assets/targets/0024/img2_2.png,assets/targets/0024/recording1_1.mp4,assets/targets/0024/recording1_2.mp4,assets/targets/0024/recording2_1.mp4,assets/targets/0024/recording2_2.mp4,392.50547349657757,36.17405762242421,False,assets/targets/0024/outlinestim_world1_probe1_1_1.png,assets/targets/0024/outlinestim_world2_probe1_1_0.png,assets/targets/0024/outlinestim_world2_probe1_1_1.png,assets/targets/0024/outlinestim_world1_probe1_1_0.png,teleport_consistent,1,1,2,0,brown,66d8756e02481db4bcdd0769,1,assets/targets/0024/outlinestim_world2_probe1_1_0.png,0,94,True
8,11012,95,0069,assets/targets/0069/img1_1.png,assets/targets/0069/img1_2.png,assets/targets/0069/img2_1.png,assets/targets/0069/img2_2.png,assets/targets/0069/recording1_1.mp4,assets/targets/0069/recording1_2.mp4,assets/targets/0069/recording2_1.mp4,assets/targets/0069/recording2_2.mp4,45.99293272938177,282.53465008228795,False,assets/targets/0069/outlinestim_world1_probe2_2_1.png,assets/targets/0069/outlinestim_world2_probe2_2_0.png,assets/targets/0069/outlinestim_world2_probe2_2_1.png,assets/targets/0069/outlinestim_world1_probe2_2_0.png,noteleport_consistent,2,2,2,0,brown,66d8756e02481db4bcdd0769,0,assets/targets/0069/outlinestim_world2_probe2_2_1.png,1,5,False
0,27810,49,0025,assets/targets/0025/img1_1.png,assets/targets/0025/img1_2.png,assets/targets/0025/img2_1.png,assets/targets/0025/img2_2.png,assets/targets/0025/recording1_1.mp4,assets/targets/0025/recording1_2.mp4,assets/targets/0025/recording2_1.mp4,assets/targets/0025/recording2_2.mp4,275.75178627094397,548.0849702817209,False,assets/targets/0025/outlinestim_world1_probe0_1_1.png,assets/targets/0025/outlinestim_world2_probe0_1_0.png,assets/targets/0025/outlinestim_world2_probe0_1_1.png,assets/targets/0025/outlinestim_world1_probe0_1_0.png,nocol,0,1,1,0,brown,612fa6644526903f736cf925,0,assets/targets/0025/outlinestim_world1_probe0_1_1.png,1,51,True
1,19309,14,0042,assets/targets/0042/img1_1.png,assets/targets/0042/img1_2.png,assets/targets/0042/img2_1.png,assets/targets/0042/img2_2.png,assets/targets/0042/recording1_1.mp4,assets/targets/0042/recording1_2.mp4,assets/targets/0042/recording2_1.mp4,assets/targets/0042/recording2_2.mp4,302.7180979554031,305.896846954325,False,assets/targets/0042/outlinestim_world1_probe1_1_1.png,assets/targets/0042/outlinestim_world2_probe1_1_0.png,assets/targets/0042/outlinestim_world2_probe1_1_1.png,assets/targets/0042/outlinestim_world1_probe1_1_0.png,teleport_consistent,1,1,2,0,brown,612fa6644526903f736cf925,1,assets/targets/0042/outlinestim_world2_probe1_1_0.png,0,14,False
2,10634,62,0091,assets/targets/0091/img1_1.png,assets/targets/0091/img1_2.png,assets/targets/0091/img2_1.png,assets/targets/0091/img2_2.png,assets/targets/0091/recording1_1.mp4,assets/targets/0091/recording1_2.mp4,assets/targets/0091/recording2_1.mp4,assets/targets/0091/recording2_2.mp4,360.26329222466995,232.43135081432789,False,assets/targets/0091/outlinestim_world1_probe2_2_1.png,assets/targets/0091/outlinestim_world2_probe2_2_0.png,assets/targets/0091/outlinestim_world2_probe2_2_1.png,assets/targets/0091/outlinestim_world1_probe2_2_0.png,noteleport_consistent,2,2,1,0,brown,612fa6644526903f736cf925,0,assets/targets/0091/outlinestim_world1_probe2_2_1.png,1,38,False
3,14125,21,0045,assets/targets/0045/img1_1.png,assets/targets/0045/img1_2.png,assets/targets/0045/img2_1.png,assets/targets/0045/img2_2.png,assets/targets/0045/recording1_1.mp4,assets/targets/0045/recording1_2.mp4,assets/targets/0045/recording2_1.mp4,assets/targets/0045/recording2_2.mp4,436.6559051772762,257.95950551802974,False,assets/targets/0045/outlinestim_world1_probe1_2_1.png,assets/targets/0045/outlinestim_world2_probe1_2_0.png,assets/targets/0045/outlinestim_world2_probe1_2_1.png,assets/targets/0045/outlinestim_world1_probe1_2_0.png,teleport_consistent,1,2,1,0,brown,612fa6644526903f736cf925,0,assets/targets/0045/outlinestim_world1_probe1_2_1.png,1,79,True
4,12763,44,0072,assets/targets/0072/img1_1.png,assets/targets/0072/img1_2.png,assets/targets/0072/img2_1.png,assets/targets/0072/img2_2.png,assets/targets/0072/recording1_1.mp4,assets/targets/0072/recording1_2.mp4,assets/targets/0072/recording2_1.mp4,assets/targets/0072/recording2_2.mp4,263.49876924364594,480.2927000755407,False,assets/targets/0072/outlinestim_world1_probe0_2_1.png,assets/targets/0072/outlinestim_world2_probe0_2_0.png,assets/targets/0072/outlinestim_world2_probe0_2_1.png,assets/targets/0072/outlinestim_world1_probe0_2_0.png,nocol,0,2,1,0,brown,612fa6644526903f736cf925,1,assets/targets/0072/outlinestim_world1_probe0_2_0.png,0,44,False
5,8099,71,0064,assets/targets/0064/img1_1.png,assets/targets/0064/img1_2.png,assets/targets/0064/img2_1.png,assets/targets/0064/img2_2.png,assets/targets/0064/recording1_1.mp4,assets/targets/0064/recording1_2.mp4,assets/targets/0064/recording2_1.mp4,assets/targets/0064/recording2_2.mp4,572.435126403118,233.99006146723664,False,assets/targets/0064/outlinestim_world1_probe2_2_1.png,assets/targets/0064/outlinestim_world2_probe2_2_0.png,assets/targets/0064/outlinestim_world2_probe2_2_1.png,assets/targets/0064/outlinestim_world1_probe2_2_0.png,noteleport_consistent,2,2,1,0,brown,612fa6644526903f736cf925,0,assets/targets/0064/outlinestim_world1_probe2_2_1.png,1,29,False
6,7609,45,0069,assets/targets/0069/img1_1.png,assets/targets/0069/img1_2.png,assets/targets/0069/img2_1.png,assets/targets/0069/img2_2.png,assets/targets/0069/recording1_1.mp4,assets/targets/0069/recording1_2.mp4,assets/targets/0069/recording2_1.mp4,assets/targets/0069/recording2_2.mp4,45.99293272938177,282.53465008228795,False,assets/targets/0069/outlinestim_world1_probe2_2_1.png,assets/targets/0069/outlinestim_world2_probe2_2_0.png,assets/targets/0069/outlinestim_world2_probe2_2_1.png,assets/targets/0069/outlinestim_world1_probe2_2_0.png,noteleport_consistent,2,2,1,0,brown,612fa6644526903f736cf925,1,assets/targets/0069/outlinestim_world1_probe2_2_0.png,0,45,False
7,6859,64,0024,assets/targets/0024/img1_1.png,assets/targets/0024/img1_2.png,assets/targets/0024/img2_1.png,assets/targets/0024/img2_2.png,assets/targets/0024/recording1_1.mp4,assets/targets/0024/recording1_2.mp4,assets/targets/0024/recording2_1.mp4,assets/targets/0024/recording2_2.mp4,392.50547349657757,36.17405762242421,False,assets/targets/0024/outlinestim_world1_probe2_2_1.png,assets/targets/0024/outlinestim_world2_probe2_2_0.png,assets/targets/0024/outlinestim_world2_probe2_2_1.png,assets/targets/0024/outlinestim_world1_probe2_2_0.png,noteleport_consistent,2,2,1,0,brown,612fa6644526903f736cf925,0,assets/targets/0024/outlinestim_world1_probe2_2_1.png,1,36,False
8,7332,41,0052,assets/targets/0052/img1_1.png,assets/targets/0052/img1_2.png,assets/targets/0052/img2_1.png,assets/targets/0052/img2_2.png,assets/targets/0052/recording1_1.mp4,assets/targets/0052/recording1_2.mp4,assets/targets/0052/recording2_1.mp4,assets/targets/0052/recording2_2.mp4,570.2567171334038,231.9134273051645,False,assets/targets/0052/outlinestim_world1_probe2_2_1.png,assets/targets/0052/outlinestim_world2_probe2_2_0.png,assets/targets/0052/outlinestim_world2_probe2_2_1.png,assets/targets/0052/outlinestim_world1_probe2_2_0.png,noteleport_consistent,2,2,2,0,brown,612fa6644526903f736cf925,1,assets/targets/0052/outlinestim_world2_probe2_2_0.png,0,41,False
0,63922,79,0069,assets/targets/0069/img1_1.png,assets/targets/0069/img1_2.png,assets/targets/0069/img2_1.png,assets/targets/0069/img2_2.png,assets/targets/0069/recording1_1.mp4,assets/targets/0069/recording1_2.mp4,assets/targets/0069/recording2_1.mp4,assets/targets/0069/recording2_2.mp4,45.99293272938177,282.53465008228795,False,assets/targets/0069/outlinestim_world1_probe0_1_1.png,assets/targets/0069/outlinestim_world2_probe0_1_0.png,assets/targets/0069/outlinestim_world2_probe0_1_1.png,assets/targets/0069/outlinestim_world1_probe0_1_0.png,nocol,0,1,1,0,brown,655f9ea49fc6093808094bff,0,assets/targets/0069/outlinestim_world1_probe0_1_1.png,1,21,False
1,10134,50,0072,assets/targets/0072/img1_1.png,assets/targets/0072/img1_2.png,assets/targets/0072/img2_1.png,assets/targets/0072/img2_2.png,assets/targets/0072/recording1_1.mp4,assets/targets/0072/recording1_2.mp4,assets/targets/0072/recording2_1.mp4,assets/targets/0072/recording2_2.mp4,263.49876924364594,480.2927000755407,False,assets/targets/0072/outlinestim_world1_probe0_1_1.png,assets/targets/0072/outlinestim_world2_probe0_1_0.png,assets/targets/0072/outlinestim_world2_probe0_1_1.png,assets/targets/0072/outlinestim_world1_probe0_1_0.png,nocol,0,1,1,0,brown,655f9ea49fc6093808094bff,0,assets/targets/0072/outlinestim_world1_probe0_1_1.png,1,50,True
2,23231,16,0064,assets/targets/0064/img1_1.png,assets/targets/0064/img1_2.png,assets/targets/0064/img2_1.png,assets/targets/0064/img2_2.png,assets/targets/0064/recording1_1.mp4,assets/targets/0064/recording1_2.mp4,assets/targets/0064/recording2_1.mp4,assets/targets/0064/recording2_2.mp4,572.435126403118,233.99006146723664,False,assets/targets/0064/outlinestim_world1_probe0_2_1.png,assets/targets/0064/outlinestim_world2_probe0_2_0.png,assets/targets/0064/outlinestim_world2_probe0_2_1.png,assets/targets/0064/outlinestim_world1_probe0_2_0.png,nocol,0,2,2,0,brown,655f9ea49fc6093808094bff,0,assets/targets/0064/outlinestim_world2_probe0_2_1.png,1,84,True
3,17732,32,0052,assets/targets/0052/img1_1.png,assets/targets/0052/img1_2.png,assets/targets/0052/img2_1.png,assets/targets/0052/img2_2.png,assets/targets/0052/recording1_1.mp4,assets/targets/0052/recording1_2.mp4,assets/targets/0052/recording2_1.mp4,assets/targets/0052/recording2_2.mp4,570.2567171334038,231.9134273051645,False,assets/targets/0052/outlinestim_world1_probe0_2_1.png,assets/targets/0052/outlinestim_world2_probe0_2_0.png,assets/targets/0052/outlinestim_world2_probe0_2_1.png,assets/targets/0052/outlinestim_world1_probe0_2_0.png,nocol,0,2,1,0,brown,655f9ea49fc6093808094bff,1,assets/targets/0052/outlinestim_world1_probe0_2_0.png,0,32,False
4,9920,100,0042,assets/targets/0042/img1_1.png,assets/targets/0042/img1_2.png,assets/targets/0042/img2_1.png,assets/targets/0042/img2_2.png,assets/targets/0042/recording1_1.mp4,assets/targets/0042/recording1_2.mp4,assets/targets/0042/recording2_1.mp4,assets/targets/0042/recording2_2.mp4,302.7180979554031,305.896846954325,False,assets/targets/0042/outlinestim_world1_probe1_2_1.png,assets/targets/0042/outlinestim_world2_probe1_2_0.png,assets/targets/0042/outlinestim_world2_probe1_2_1.png,assets/targets/0042/outlinestim_world1_probe1_2_0.png,teleport_consistent,1,2,1,0,brown,655f9ea49fc6093808094bff,1,assets/targets/0042/outlinestim_world1_probe1_2_0.png,0,100,True
5,27380,84,0045,assets/targets/0045/img1_1.png,assets/targets/0045/img1_2.png,assets/targets/0045/img2_1.png,assets/targets/0045/img2_2.png,assets/targets/0045/recording1_1.mp4,assets/targets/0045/recording1_2.mp4,assets/targets/0045/recording2_1.mp4,assets/targets/0045/recording2_2.mp4,436.6559051772762,257.95950551802974,False,assets/targets/0045/outlinestim_world1_probe0_2_1.png,assets/targets/0045/outlinestim_world2_probe0_2_0.png,assets/targets/0045/outlinestim_world2_probe0_2_1.png,assets/targets/0045/outlinestim_world1_probe0_2_0.png,nocol,0,2,1,0,brown,655f9ea49fc6093808094bff,1,assets/targets/0045/outlinestim_world1_probe0_2_0.png,0,84,True
6,7358,50,0091,assets/targets/0091/img1_1.png,assets/targets/0091/img1_2.png,assets/targets/0091/img2_1.png,assets/targets/0091/img2_2.png,assets/targets/0091/recording1_1.mp4,assets/targets/0091/recording1_2.mp4,assets/targets/0091/recording2_1.mp4,assets/targets/0091/recording2_2.mp4,360.26329222466995,232.43135081432789,False,assets/targets/0091/outlinestim_world1_probe0_2_1.png,assets/targets/0091/outlinestim_world2_probe0_2_0.png,assets/targets/0091/outlinestim_world2_probe0_2_1.png,assets/targets/0091/outlinestim_world1_probe0_2_0.png,nocol,0,2,1,0,brown,655f9ea49fc6093808094bff,0,assets/targets/0091/outlinestim_world1_probe0_2_1.png,1,50,True
7,7927,18,0025,assets/targets/0025/img1_1.png,assets/targets/0025/img1_2.png,assets/targets/0025/img2_1.png,assets/targets/0025/img2_2.png,assets/targets/0025/recording1_1.mp4,assets/targets/0025/recording1_2.mp4,assets/targets/0025/recording2_1.mp4,assets/targets/0025/recording2_2.mp4,275.75178627094397,548.0849702817209,False,assets/targets/0025/outlinestim_world1_probe1_2_1.png,assets/targets/0025/outlinestim_world2_probe1_2_0.png,assets/targets/0025/outlinestim_world2_probe1_2_1.png,assets/targets/0025/outlinestim_world1_probe1_2_0.png,teleport_consistent,1,2,2,0,brown,655f9ea49fc6093808094bff,0,assets/targets/0025/outlinestim_world2_probe1_2_1.png,1,82,True
8,11999,0,0024,assets/targets/0024/img1_1.png,assets/targets/0024/img1_2.png,assets/targets/0024/img2_1.png,assets/targets/0024/img2_2.png,assets/targets/0024/recording1_1.mp4,assets/targets/0024/recording1_2.mp4,assets/targets/0024/recording2_1.mp4,assets/targets/0024/recording2_2.mp4,392.50547349657757,36.17405762242421,False,assets/targets/0024/outlinestim_world1_probe1_1_1.png,assets/targets/0024/outlinestim_world2_probe1_1_0.png,assets/targets/0024/outlinestim_world2_probe1_1_1.png,assets/targets/0024/outlinestim_world1_probe1_1_0.png,teleport_consistent,1,1,1,0,brown,655f9ea49fc6093808094bff,0,assets/targets/0024/outlinestim_world1_probe1_1_1.png,1,100,True
0,11718,62,0072,assets/targets/0072/img1_1.png,assets/targets/0072/img1_2.png,assets/targets/0072/img2_1.png,assets/targets/0072/img2_2.png,assets/targets/0072/recording1_1.mp4,assets/targets/0072/recording1_2.mp4,assets/targets/0072/recording2_1.mp4,assets/targets/0072/recording2_2.mp4,263.49876924364594,480.2927000755407,False,assets/targets/0072/outlinestim_world1_probe0_1_1.png,assets/targets/0072/outlinestim_world2_probe0_1_0.png,assets/targets/0072/outlinestim_world2_probe0_1_1.png,assets/targets/0072/outlinestim_world1_probe0_1_0.png,nocol,0,1,2,1,blue,6539204539fa1cc8a5f183e5,0,assets/targets/0072/outlinestim_world1_probe0_1_1.png,1,38,False
1,6813,22,0069,assets/targets/0069/img1_1.png,assets/targets/0069/img1_2.png,assets/targets/0069/img2_1.png,assets/targets/0069/img2_2.png,assets/targets/0069/recording1_1.mp4,assets/targets/0069/recording1_2.mp4,assets/targets/0069/recording2_1.mp4,assets/targets/0069/recording2_2.mp4,45.99293272938177,282.53465008228795,False,assets/targets/0069/outlinestim_world1_probe2_2_1.png,assets/targets/0069/outlinestim_world2_probe2_2_0.png,assets/targets/0069/outlinestim_world2_probe2_2_1.png,assets/targets/0069/outlinestim_world1_probe2_2_0.png,noteleport_consistent,2,2,2,1,blue,6539204539fa1cc8a5f183e5,0,assets/targets/0069/outlinestim_world1_probe2_2_1.png,1,78,True
2,4720,74,0064,assets/targets/0064/img1_1.png,assets/targets/0064/img1_2.png,assets/targets/0064/img2_1.png,assets/targets/0064/img2_2.png,assets/targets/0064/recording1_1.mp4,assets/targets/0064/recording1_2.mp4,assets/targets/0064/recording2_1.mp4,assets/targets/0064/recording2_2.mp4,572.435126403118,233.99006146723664,False,assets/targets/0064/outlinestim_world1_probe0_2_1.png,assets/targets/0064/outlinestim_world2_probe0_2_0.png,assets/targets/0064/outlinestim_world2_probe0_2_1.png,assets/targets/0064/outlinestim_world1_probe0_2_0.png,nocol,0,2,1,1,blue,6539204539fa1cc8a5f183e5,1,assets/targets/0064/outlinestim_world2_probe0_2_0.png,0,74,True
3,4003,86,0024,assets/targets/0024/img1_1.png,assets/targets/0024/img1_2.png,assets/targets/0024/img2_1.png,assets/targets/0024/img2_2.png,assets/targets/0024/recording1_1.mp4,assets/targets/0024/recording1_2.mp4,assets/targets/0024/recording2_1.mp4,assets/targets/0024/recording2_2.mp4,392.50547349657757,36.17405762242421,False,assets/targets/0024/outlinestim_world1_probe0_1_1.png,assets/targets/0024/outlinestim_world2_probe0_1_0.png,assets/targets/0024/outlinestim_world2_probe0_1_1.png,assets/targets/0024/outlinestim_world1_probe0_1_0.png,nocol,0,1,1,1,blue,6539204539fa1cc8a5f183e5,0,assets/targets/0024/outlinestim_world2_probe0_1_1.png,1,14,False
4,3746,79,0045,assets/targets/0045/img1_1.png,assets/targets/0045/img1_2.png,assets/targets/0045/img2_1.png,assets/targets/0045/img2_2.png,assets/targets/0045/recording1_1.mp4,assets/targets/0045/recording1_2.mp4,assets/targets/0045/recording2_1.mp4,assets/targets/0045/recording2_2.mp4,436.6559051772762,257.95950551802974,False,assets/targets/0045/outlinestim_world1_probe1_1_1.png,assets/targets/0045/outlinestim_world2_probe1_1_0.png,assets/targets/0045/outlinestim_world2_probe1_1_1.png,assets/targets/0045/outlinestim_world1_probe1_1_0.png,teleport_consistent,1,1,1,1,blue,6539204539fa1cc8a5f183e5,0,assets/targets/0045/outlinestim_world2_probe1_1_1.png,1,21,False
5,5115,37,0091,assets/targets/0091/img1_1.png,assets/targets/0091/img1_2.png,assets/targets/0091/img2_1.png,assets/targets/0091/img2_2.png,assets/targets/0091/recording1_1.mp4,assets/targets/0091/recording1_2.mp4,assets/targets/0091/recording2_1.mp4,assets/targets/0091/recording2_2.mp4,360.26329222466995,232.43135081432789,False,assets/targets/0091/outlinestim_world1_probe0_1_1.png,assets/targets/0091/outlinestim_world2_probe0_1_0.png,assets/targets/0091/outlinestim_world2_probe0_1_1.png,assets/targets/0091/outlinestim_world1_probe0_1_0.png,nocol,0,1,2,1,blue,6539204539fa1cc8a5f183e5,1,assets/targets/0091/outlinestim_world1_probe0_1_0.png,0,37,False
6,3975,28,0042,assets/targets/0042/img1_1.png,assets/targets/0042/img1_2.png,assets/targets/0042/img2_1.png,assets/targets/0042/img2_2.png,assets/targets/0042/recording1_1.mp4,assets/targets/0042/recording1_2.mp4,assets/targets/0042/recording2_1.mp4,assets/targets/0042/recording2_2.mp4,302.7180979554031,305.896846954325,False,assets/targets/0042/outlinestim_world1_probe2_2_1.png,assets/targets/0042/outlinestim_world2_probe2_2_0.png,assets/targets/0042/outlinestim_world2_probe2_2_1.png,assets/targets/0042/outlinestim_world1_probe2_2_0.png,noteleport_consistent,2,2,1,1,blue,6539204539fa1cc8a5f183e5,0,assets/targets/0042/outlinestim_world2_probe2_2_1.png,1,72,True
7,3995,24,0052,assets/targets/0052/img1_1.png,assets/targets/0052/img1_2.png,assets/targets/0052/img2_1.png,assets/targets/0052/img2_2.png,assets/targets/0052/recording1_1.mp4,assets/targets/0052/recording1_2.mp4,assets/targets/0052/recording2_1.mp4,assets/targets/0052/recording2_2.mp4,570.2567171334038,231.9134273051645,False,assets/targets/0052/outlinestim_world1_probe1_1_1.png,assets/targets/0052/outlinestim_world2_probe1_1_0.png,assets/targets/0052/outlinestim_world2_probe1_1_1.png,assets/targets/0052/outlinestim_world1_probe1_1_0.png,teleport_consistent,1,1,2,1,blue,6539204539fa1cc8a5f183e5,1,assets/targets/0052/outlinestim_world1_probe1_1_0.png,0,24,False
8,3844,9,0025,assets/targets/0025/img1_1.png,assets/targets/0025/img1_2.png,assets/targets/0025/img2_1.png,assets/targets/0025/img2_2.png,assets/targets/0025/recording1_1.mp4,assets/targets/0025/recording1_2.mp4,assets/targets/0025/recording2_1.mp4,assets/targets/0025/recording2_2.mp4,275.75178627094397,548.0849702817209,False,assets/targets/0025/outlinestim_world1_probe2_1_1.png,assets/targets/0025/outlinestim_world2_probe2_1_0.png,assets/targets/0025/outlinestim_world2_probe2_1_1.png,assets/targets/0025/outlinestim_world1_probe2_1_0.png,noteleport_consistent,2,1,1,1,blue,6539204539fa1cc8a5f183e5,0,assets/targets/0025/outlinestim_world2_probe2_1_1.png,1,91,True
0,93224,50,0045,assets/targets/0045/img1_1.png,assets/targets/0045/img1_2.png,assets/targets/0045/img2_1.png,assets/targets/0045/img2_2.png,assets/targets/0045/recording1_1.mp4,assets/targets/0045/recording1_2.mp4,assets/targets/0045/recording2_1.mp4,assets/targets/0045/recording2_2.mp4,436.6559051772762,257.95950551802974,False,assets/targets/0045/outlinestim_world1_probe2_2_1.png,assets/targets/0045/outlinestim_world2_probe2_2_0.png,assets/targets/0045/outlinestim_world2_probe2_2_1.png,assets/targets/0045/outlinestim_world1_probe2_2_0.png,noteleport_consistent,2,2,2,0,brown,66ba28b5dafb767a188da37e,0,assets/targets/0045/outlinestim_world2_probe2_2_1.png,1,50,True
1,51348,94,0042,assets/targets/0042/img1_1.png,assets/targets/0042/img1_2.png,assets/targets/0042/img2_1.png,assets/targets/0042/img2_2.png,assets/targets/0042/recording1_1.mp4,assets/targets/0042/recording1_2.mp4,assets/targets/0042/recording2_1.mp4,assets/targets/0042/recording2_2.mp4,302.7180979554031,305.896846954325,False,assets/targets/0042/outlinestim_world1_probe0_1_1.png,assets/targets/0042/outlinestim_world2_probe0_1_0.png,assets/targets/0042/outlinestim_world2_probe0_1_1.png,assets/targets/0042/outlinestim_world1_probe0_1_0.png,nocol,0,1,1,0,brown,66ba28b5dafb767a188da37e,1,assets/targets/0042/outlinestim_world1_probe0_1_0.png,0,94,True
2,37708,100,0024,assets/targets/0024/img1_1.png,assets/targets/0024/img1_2.png,assets/targets/0024/img2_1.png,assets/targets/0024/img2_2.png,assets/targets/0024/recording1_1.mp4,assets/targets/0024/recording1_2.mp4,assets/targets/0024/recording2_1.mp4,assets/targets/0024/recording2_2.mp4,392.50547349657757,36.17405762242421,False,assets/targets/0024/outlinestim_world1_probe2_1_1.png,assets/targets/0024/outlinestim_world2_probe2_1_0.png,assets/targets/0024/outlinestim_world2_probe2_1_1.png,assets/targets/0024/outlinestim_world1_probe2_1_0.png,noteleport_consistent,2,1,2,0,brown,66ba28b5dafb767a188da37e,1,assets/targets/0024/outlinestim_world2_probe2_1_0.png,0,100,True
3,15694,0,0052,assets/targets/0052/img1_1.png,assets/targets/0052/img1_2.png,assets/targets/0052/img2_1.png,assets/targets/0052/img2_2.png,assets/targets/0052/recording1_1.mp4,assets/targets/0052/recording1_2.mp4,assets/targets/0052/recording2_1.mp4,assets/targets/0052/recording2_2.mp4,570.2567171334038,231.9134273051645,False,assets/targets/0052/outlinestim_world1_probe0_1_1.png,assets/targets/0052/outlinestim_world2_probe0_1_0.png,assets/targets/0052/outlinestim_world2_probe0_1_1.png,assets/targets/0052/outlinestim_world1_probe0_1_0.png,nocol,0,1,1,0,brown,66ba28b5dafb767a188da37e,0,assets/targets/0052/outlinestim_world1_probe0_1_1.png,1,100,True
4,13385,100,0072,assets/targets/0072/img1_1.png,assets/targets/0072/img1_2.png,assets/targets/0072/img2_1.png,assets/targets/0072/img2_2.png,assets/targets/0072/recording1_1.mp4,assets/targets/0072/recording1_2.mp4,assets/targets/0072/recording2_1.mp4,assets/targets/0072/recording2_2.mp4,263.49876924364594,480.2927000755407,False,assets/targets/0072/outlinestim_world1_probe2_2_1.png,assets/targets/0072/outlinestim_world2_probe2_2_0.png,assets/targets/0072/outlinestim_world2_probe2_2_1.png,assets/targets/0072/outlinestim_world1_probe2_2_0.png,noteleport_consistent,2,2,1,0,brown,66ba28b5dafb767a188da37e,1,assets/targets/0072/outlinestim_world1_probe2_2_0.png,0,100,True
5,11905,0,0091,assets/targets/0091/img1_1.png,assets/targets/0091/img1_2.png,assets/targets/0091/img2_1.png,assets/targets/0091/img2_2.png,assets/targets/0091/recording1_1.mp4,assets/targets/0091/recording1_2.mp4,assets/targets/0091/recording2_1.mp4,assets/targets/0091/recording2_2.mp4,360.26329222466995,232.43135081432789,False,assets/targets/0091/outlinestim_world1_probe2_2_1.png,assets/targets/0091/outlinestim_world2_probe2_2_0.png,assets/targets/0091/outlinestim_world2_probe2_2_1.png,assets/targets/0091/outlinestim_world1_probe2_2_0.png,noteleport_consistent,2,2,2,0,brown,66ba28b5dafb767a188da37e,0,assets/targets/0091/outlinestim_world2_probe2_2_1.png,1,100,True
6,10605,100,0025,assets/targets/0025/img1_1.png,assets/targets/0025/img1_2.png,assets/targets/0025/img2_1.png,assets/targets/0025/img2_2.png,assets/targets/0025/recording1_1.mp4,assets/targets/0025/recording1_2.mp4,assets/targets/0025/recording2_1.mp4,assets/targets/0025/recording2_2.mp4,275.75178627094397,548.0849702817209,False,assets/targets/0025/outlinestim_world1_probe0_2_1.png,assets/targets/0025/outlinestim_world2_probe0_2_0.png,assets/targets/0025/outlinestim_world2_probe0_2_1.png,assets/targets/0025/outlinestim_world1_probe0_2_0.png,nocol,0,2,1,0,brown,66ba28b5dafb767a188da37e,1,assets/targets/0025/outlinestim_world1_probe0_2_0.png,0,100,True
7,9249,0,0069,assets/targets/0069/img1_1.png,assets/targets/0069/img1_2.png,assets/targets/0069/img2_1.png,assets/targets/0069/img2_2.png,assets/targets/0069/recording1_1.mp4,assets/targets/0069/recording1_2.mp4,assets/targets/0069/recording2_1.mp4,assets/targets/0069/recording2_2.mp4,45.99293272938177,282.53465008228795,False,assets/targets/0069/outlinestim_world1_probe0_2_1.png,assets/targets/0069/outlinestim_world2_probe0_2_0.png,assets/targets/0069/outlinestim_world2_probe0_2_1.png,assets/targets/0069/outlinestim_world1_probe0_2_0.png,nocol,0,2,1,0,brown,66ba28b5dafb767a188da37e,0,assets/targets/0069/outlinestim_world1_probe0_2_1.png,1,100,True
8,12525,100,0064,assets/targets/0064/img1_1.png,assets/targets/0064/img1_2.png,assets/targets/0064/img2_1.png,assets/targets/0064/img2_2.png,assets/targets/0064/recording1_1.mp4,assets/targets/0064/recording1_2.mp4,assets/targets/0064/recording2_1.mp4,assets/targets/0064/recording2_2.mp4,572.435126403118,233.99006146723664,False,assets/targets/0064/outlinestim_world1_probe1_1_1.png,assets/targets/0064/outlinestim_world2_probe1_1_0.png,assets/targets/0064/outlinestim_world2_probe1_1_1.png,assets/targets/0064/outlinestim_world1_probe1_1_0.png,teleport_consistent,1,1,1,0,brown,66ba28b5dafb767a188da37e,1,assets/targets/0064/outlinestim_world1_probe1_1_0.png,0,100,True
0,53684,100,0042,assets/targets/0042/img1_1.png,assets/targets/0042/img1_2.png,assets/targets/0042/img2_1.png,assets/targets/0042/img2_2.png,assets/targets/0042/recording1_1.mp4,assets/targets/0042/recording1_2.mp4,assets/targets/0042/recording2_1.mp4,assets/targets/0042/recording2_2.mp4,302.7180979554031,305.896846954325,False,assets/targets/0042/outlinestim_world1_probe2_2_1.png,assets/targets/0042/outlinestim_world2_probe2_2_0.png,assets/targets/0042/outlinestim_world2_probe2_2_1.png,assets/targets/0042/outlinestim_world1_probe2_2_0.png,noteleport_consistent,2,2,1,0,brown,66da38dc1d5b9365584508ca,1,assets/targets/0042/outlinestim_world1_probe2_2_0.png,0,100,True
1,18416,0,0072,assets/targets/0072/img1_1.png,assets/targets/0072/img1_2.png,assets/targets/0072/img2_1.png,assets/targets/0072/img2_2.png,assets/targets/0072/recording1_1.mp4,assets/targets/0072/recording1_2.mp4,assets/targets/0072/recording2_1.mp4,assets/targets/0072/recording2_2.mp4,263.49876924364594,480.2927000755407,False,assets/targets/0072/outlinestim_world1_probe2_1_1.png,assets/targets/0072/outlinestim_world2_probe2_1_0.png,assets/targets/0072/outlinestim_world2_probe2_1_1.png,assets/targets/0072/outlinestim_world1_probe2_1_0.png,noteleport_consistent,2,1,1,0,brown,66da38dc1d5b9365584508ca,0,assets/targets/0072/outlinestim_world1_probe2_1_1.png,1,100,True
2,31059,0,0069,assets/targets/0069/img1_1.png,assets/targets/0069/img1_2.png,assets/targets/0069/img2_1.png,assets/targets/0069/img2_2.png,assets/targets/0069/recording1_1.mp4,assets/targets/0069/recording1_2.mp4,assets/targets/0069/recording2_1.mp4,assets/targets/0069/recording2_2.mp4,45.99293272938177,282.53465008228795,False,assets/targets/0069/outlinestim_world1_probe0_2_1.png,assets/targets/0069/outlinestim_world2_probe0_2_0.png,assets/targets/0069/outlinestim_world2_probe0_2_1.png,assets/targets/0069/outlinestim_world1_probe0_2_0.png,nocol,0,2,2,0,brown,66da38dc1d5b9365584508ca,1,assets/targets/0069/outlinestim_world2_probe0_2_0.png,0,0,False
3,16867,0,0045,assets/targets/0045/img1_1.png,assets/targets/0045/img1_2.png,assets/targets/0045/img2_1.png,assets/targets/0045/img2_2.png,assets/targets/0045/recording1_1.mp4,assets/targets/0045/recording1_2.mp4,assets/targets/0045/recording2_1.mp4,assets/targets/0045/recording2_2.mp4,436.6559051772762,257.95950551802974,False,assets/targets/0045/outlinestim_world1_probe2_1_1.png,assets/targets/0045/outlinestim_world2_probe2_1_0.png,assets/targets/0045/outlinestim_world2_probe2_1_1.png,assets/targets/0045/outlinestim_world1_probe2_1_0.png,noteleport_consistent,2,1,2,0,brown,66da38dc1d5b9365584508ca,0,assets/targets/0045/outlinestim_world2_probe2_1_1.png,1,100,True
4,18412,100,0091,assets/targets/0091/img1_1.png,assets/targets/0091/img1_2.png,assets/targets/0091/img2_1.png,assets/targets/0091/img2_2.png,assets/targets/0091/recording1_1.mp4,assets/targets/0091/recording1_2.mp4,assets/targets/0091/recording2_1.mp4,assets/targets/0091/recording2_2.mp4,360.26329222466995,232.43135081432789,False,assets/targets/0091/outlinestim_world1_probe0_1_1.png,assets/targets/0091/outlinestim_world2_probe0_1_0.png,assets/targets/0091/outlinestim_world2_probe0_1_1.png,assets/targets/0091/outlinestim_world1_probe0_1_0.png,nocol,0,1,2,0,brown,66da38dc1d5b9365584508ca,1,assets/targets/0091/outlinestim_world2_probe0_1_0.png,0,100,True
5,13412,100,0025,assets/targets/0025/img1_1.png,assets/targets/0025/img1_2.png,assets/targets/0025/img2_1.png,assets/targets/0025/img2_2.png,assets/targets/0025/recording1_1.mp4,assets/targets/0025/recording1_2.mp4,assets/targets/0025/recording2_1.mp4,assets/targets/0025/recording2_2.mp4,275.75178627094397,548.0849702817209,False,assets/targets/0025/outlinestim_world1_probe2_1_1.png,assets/targets/0025/outlinestim_world2_probe2_1_0.png,assets/targets/0025/outlinestim_world2_probe2_1_1.png,assets/targets/0025/outlinestim_world1_probe2_1_0.png,noteleport_consistent,2,1,1,0,brown,66da38dc1d5b9365584508ca,1,assets/targets/0025/outlinestim_world1_probe2_1_0.png,0,100,True
6,21005,0,0064,assets/targets/0064/img1_1.png,assets/targets/0064/img1_2.png,assets/targets/0064/img2_1.png,assets/targets/0064/img2_2.png,assets/targets/0064/recording1_1.mp4,assets/targets/0064/recording1_2.mp4,assets/targets/0064/recording2_1.mp4,assets/targets/0064/recording2_2.mp4,572.435126403118,233.99006146723664,False,assets/targets/0064/outlinestim_world1_probe2_2_1.png,assets/targets/0064/outlinestim_world2_probe2_2_0.png,assets/targets/0064/outlinestim_world2_probe2_2_1.png,assets/targets/0064/outlinestim_world1_probe2_2_0.png,noteleport_consistent,2,2,1,0,brown,66da38dc1d5b9365584508ca,0,assets/targets/0064/outlinestim_world1_probe2_2_1.png,1,100,True
7,24233,0,0052,assets/targets/0052/img1_1.png,assets/targets/0052/img1_2.png,assets/targets/0052/img2_1.png,assets/targets/0052/img2_2.png,assets/targets/0052/recording1_1.mp4,assets/targets/0052/recording1_2.mp4,assets/targets/0052/recording2_1.mp4,assets/targets/0052/recording2_2.mp4,570.2567171334038,231.9134273051645,False,assets/targets/0052/outlinestim_world1_probe1_1_1.png,assets/targets/0052/outlinestim_world2_probe1_1_0.png,assets/targets/0052/outlinestim_world2_probe1_1_1.png,assets/targets/0052/outlinestim_world1_probe1_1_0.png,teleport_consistent,1,1,1,0,brown,66da38dc1d5b9365584508ca,0,assets/targets/0052/outlinestim_world1_probe1_1_1.png,1,100,True
8,15566,100,0024,assets/targets/0024/img1_1.png,assets/targets/0024/img1_2.png,assets/targets/0024/img2_1.png,assets/targets/0024/img2_2.png,assets/targets/0024/recording1_1.mp4,assets/targets/0024/recording1_2.mp4,assets/targets/0024/recording2_1.mp4,assets/targets/0024/recording2_2.mp4,392.50547349657757,36.17405762242421,False,assets/targets/0024/outlinestim_world1_probe1_1_1.png,assets/targets/0024/outlinestim_world2_probe1_1_0.png,assets/targets/0024/outlinestim_world2_probe1_1_1.png,assets/targets/0024/outlinestim_world1_probe1_1_0.png,teleport_consistent,1,1,1,0,brown,66da38dc1d5b9365584508ca,1,assets/targets/0024/outlinestim_world1_probe1_1_0.png,0,100,True
0,362882,50,0024,assets/targets/0024/img1_1.png,assets/targets/0024/img1_2.png,assets/targets/0024/img2_1.png,assets/targets/0024/img2_2.png,assets/targets/0024/recording1_1.mp4,assets/targets/0024/recording1_2.mp4,assets/targets/0024/recording2_1.mp4,assets/targets/0024/recording2_2.mp4,392.50547349657757,36.17405762242421,False,assets/targets/0024/outlinestim_world1_probe0_1_1.png,assets/targets/0024/outlinestim_world2_probe0_1_0.png,assets/targets/0024/outlinestim_world2_probe0_1_1.png,assets/targets/0024/outlinestim_world1_probe0_1_0.png,nocol,0,1,2,1,blue,668a6f07c623b9b9500b962f,1,assets/targets/0024/outlinestim_world1_probe0_1_0.png,0,50,True
1,24568,70,0069,assets/targets/0069/img1_1.png,assets/targets/0069/img1_2.png,assets/targets/0069/img2_1.png,assets/targets/0069/img2_2.png,assets/targets/0069/recording1_1.mp4,assets/targets/0069/recording1_2.mp4,assets/targets/0069/recording2_1.mp4,assets/targets/0069/recording2_2.mp4,45.99293272938177,282.53465008228795,False,assets/targets/0069/outlinestim_world1_probe0_1_1.png,assets/targets/0069/outlinestim_world2_probe0_1_0.png,assets/targets/0069/outlinestim_world2_probe0_1_1.png,assets/targets/0069/outlinestim_world1_probe0_1_0.png,nocol,0,1,2,1,blue,668a6f07c623b9b9500b962f,1,assets/targets/0069/outlinestim_world1_probe0_1_0.png,0,70,True
2,16425,69,0064,assets/targets/0064/img1_1.png,assets/targets/0064/img1_2.png,assets/targets/0064/img2_1.png,assets/targets/0064/img2_2.png,assets/targets/0064/recording1_1.mp4,assets/targets/0064/recording1_2.mp4,assets/targets/0064/recording2_1.mp4,assets/targets/0064/recording2_2.mp4,572.435126403118,233.99006146723664,False,assets/targets/0064/outlinestim_world1_probe0_1_1.png,assets/targets/0064/outlinestim_world2_probe0_1_0.png,assets/targets/0064/outlinestim_world2_probe0_1_1.png,assets/targets/0064/outlinestim_world1_probe0_1_0.png,nocol,0,1,2,1,blue,668a6f07c623b9b9500b962f,1,assets/targets/0064/outlinestim_world1_probe0_1_0.png,0,69,True
3,33015,9,0091,assets/targets/0091/img1_1.png,assets/targets/0091/img1_2.png,assets/targets/0091/img2_1.png,assets/targets/0091/img2_2.png,assets/targets/0091/recording1_1.mp4,assets/targets/0091/recording1_2.mp4,assets/targets/0091/recording2_1.mp4,assets/targets/0091/recording2_2.mp4,360.26329222466995,232.43135081432789,False,assets/targets/0091/outlinestim_world1_probe2_1_1.png,assets/targets/0091/outlinestim_world2_probe2_1_0.png,assets/targets/0091/outlinestim_world2_probe2_1_1.png,assets/targets/0091/outlinestim_world1_probe2_1_0.png,noteleport_consistent,2,1,2,1,blue,668a6f07c623b9b9500b962f,0,assets/targets/0091/outlinestim_world1_probe2_1_1.png,1,91,True
4,14049,24,0052,assets/targets/0052/img1_1.png,assets/targets/0052/img1_2.png,assets/targets/0052/img2_1.png,assets/targets/0052/img2_2.png,assets/targets/0052/recording1_1.mp4,assets/targets/0052/recording1_2.mp4,assets/targets/0052/recording2_1.mp4,assets/targets/0052/recording2_2.mp4,570.2567171334038,231.9134273051645,False,assets/targets/0052/outlinestim_world1_probe1_2_1.png,assets/targets/0052/outlinestim_world2_probe1_2_0.png,assets/targets/0052/outlinestim_world2_probe1_2_1.png,assets/targets/0052/outlinestim_world1_probe1_2_0.png,teleport_consistent,1,2,2,1,blue,668a6f07c623b9b9500b962f,0,assets/targets/0052/outlinestim_world1_probe1_2_1.png,1,76,True
5,10638,19,0072,assets/targets/0072/img1_1.png,assets/targets/0072/img1_2.png,assets/targets/0072/img2_1.png,assets/targets/0072/img2_2.png,assets/targets/0072/recording1_1.mp4,assets/targets/0072/recording1_2.mp4,assets/targets/0072/recording2_1.mp4,assets/targets/0072/recording2_2.mp4,263.49876924364594,480.2927000755407,False,assets/targets/0072/outlinestim_world1_probe2_2_1.png,assets/targets/0072/outlinestim_world2_probe2_2_0.png,assets/targets/0072/outlinestim_world2_probe2_2_1.png,assets/targets/0072/outlinestim_world1_probe2_2_0.png,noteleport_consistent,2,2,1,1,blue,668a6f07c623b9b9500b962f,1,assets/targets/0072/outlinestim_world2_probe2_2_0.png,0,19,False
6,7456,16,0025,assets/targets/0025/img1_1.png,assets/targets/0025/img1_2.png,assets/targets/0025/img2_1.png,assets/targets/0025/img2_2.png,assets/targets/0025/recording1_1.mp4,assets/targets/0025/recording1_2.mp4,assets/targets/0025/recording2_1.mp4,assets/targets/0025/recording2_2.mp4,275.75178627094397,548.0849702817209,False,assets/targets/0025/outlinestim_world1_probe0_1_1.png,assets/targets/0025/outlinestim_world2_probe0_1_0.png,assets/targets/0025/outlinestim_world2_probe0_1_1.png,assets/targets/0025/outlinestim_world1_probe0_1_0.png,nocol,0,1,2,1,blue,668a6f07c623b9b9500b962f,0,assets/targets/0025/outlinestim_world1_probe0_1_1.png,1,84,True
7,9045,80,0045,assets/targets/0045/img1_1.png,assets/targets/0045/img1_2.png,assets/targets/0045/img2_1.png,assets/targets/0045/img2_2.png,assets/targets/0045/recording1_1.mp4,assets/targets/0045/recording1_2.mp4,assets/targets/0045/recording2_1.mp4,assets/targets/0045/recording2_2.mp4,436.6559051772762,257.95950551802974,False,assets/targets/0045/outlinestim_world1_probe2_1_1.png,assets/targets/0045/outlinestim_world2_probe2_1_0.png,assets/targets/0045/outlinestim_world2_probe2_1_1.png,assets/targets/0045/outlinestim_world1_probe2_1_0.png,noteleport_consistent,2,1,2,1,blue,668a6f07c623b9b9500b962f,1,assets/targets/0045/outlinestim_world1_probe2_1_0.png,0,80,True
8,24763,100,0042,assets/targets/0042/img1_1.png,assets/targets/0042/img1_2.png,assets/targets/0042/img2_1.png,assets/targets/0042/img2_2.png,assets/targets/0042/recording1_1.mp4,assets/targets/0042/recording1_2.mp4,assets/targets/0042/recording2_1.mp4,assets/targets/0042/recording2_2.mp4,302.7180979554031,305.896846954325,False,assets/targets/0042/outlinestim_world1_probe0_1_1.png,assets/targets/0042/outlinestim_world2_probe0_1_0.png,assets/targets/0042/outlinestim_world2_probe0_1_1.png,assets/targets/0042/outlinestim_world1_probe0_1_0.png,nocol,0,1,1,1,blue,668a6f07c623b9b9500b962f,1,assets/targets/0042/outlinestim_world2_probe0_1_0.png,0,100,True
0,99760,100,0024,assets/targets/0024/img1_1.png,assets/targets/0024/img1_2.png,assets/targets/0024/img2_1.png,assets/targets/0024/img2_2.png,assets/targets/0024/recording1_1.mp4,assets/targets/0024/recording1_2.mp4,assets/targets/0024/recording2_1.mp4,assets/targets/0024/recording2_2.mp4,392.50547349657757,36.17405762242421,False,assets/targets/0024/outlinestim_world1_probe2_1_1.png,assets/targets/0024/outlinestim_world2_probe2_1_0.png,assets/targets/0024/outlinestim_world2_probe2_1_1.png,assets/targets/0024/outlinestim_world1_probe2_1_0.png,noteleport_consistent,2,1,1,1,blue,636900dbc65a1b361be8e82f,1,assets/targets/0024/outlinestim_world2_probe2_1_0.png,0,100,True
1,10011,3,0069,assets/targets/0069/img1_1.png,assets/targets/0069/img1_2.png,assets/targets/0069/img2_1.png,assets/targets/0069/img2_2.png,assets/targets/0069/recording1_1.mp4,assets/targets/0069/recording1_2.mp4,assets/targets/0069/recording2_1.mp4,assets/targets/0069/recording2_2.mp4,45.99293272938177,282.53465008228795,False,assets/targets/0069/outlinestim_world1_probe0_1_1.png,assets/targets/0069/outlinestim_world2_probe0_1_0.png,assets/targets/0069/outlinestim_world2_probe0_1_1.png,assets/targets/0069/outlinestim_world1_probe0_1_0.png,nocol,0,1,1,1,blue,636900dbc65a1b361be8e82f,0,assets/targets/0069/outlinestim_world2_probe0_1_1.png,1,97,True
2,5524,100,0052,assets/targets/0052/img1_1.png,assets/targets/0052/img1_2.png,assets/targets/0052/img2_1.png,assets/targets/0052/img2_2.png,assets/targets/0052/recording1_1.mp4,assets/targets/0052/recording1_2.mp4,assets/targets/0052/recording2_1.mp4,assets/targets/0052/recording2_2.mp4,570.2567171334038,231.9134273051645,False,assets/targets/0052/outlinestim_world1_probe1_1_1.png,assets/targets/0052/outlinestim_world2_probe1_1_0.png,assets/targets/0052/outlinestim_world2_probe1_1_1.png,assets/targets/0052/outlinestim_world1_probe1_1_0.png,teleport_consistent,1,1,1,1,blue,636900dbc65a1b361be8e82f,1,assets/targets/0052/outlinestim_world2_probe1_1_0.png,0,100,True
3,4702,81,0042,assets/targets/0042/img1_1.png,assets/targets/0042/img1_2.png,assets/targets/0042/img2_1.png,assets/targets/0042/img2_2.png,assets/targets/0042/recording1_1.mp4,assets/targets/0042/recording1_2.mp4,assets/targets/0042/recording2_1.mp4,assets/targets/0042/recording2_2.mp4,302.7180979554031,305.896846954325,False,assets/targets/0042/outlinestim_world1_probe1_2_1.png,assets/targets/0042/outlinestim_world2_probe1_2_0.png,assets/targets/0042/outlinestim_world2_probe1_2_1.png,assets/targets/0042/outlinestim_world1_probe1_2_0.png,teleport_consistent,1,2,1,1,blue,636900dbc65a1b361be8e82f,0,assets/targets/0042/outlinestim_world2_probe1_2_1.png,1,19,False
4,16003,12,0091,assets/targets/0091/img1_1.png,assets/targets/0091/img1_2.png,assets/targets/0091/img2_1.png,assets/targets/0091/img2_2.png,assets/targets/0091/recording1_1.mp4,assets/targets/0091/recording1_2.mp4,assets/targets/0091/recording2_1.mp4,assets/targets/0091/recording2_2.mp4,360.26329222466995,232.43135081432789,False,assets/targets/0091/outlinestim_world1_probe2_2_1.png,assets/targets/0091/outlinestim_world2_probe2_2_0.png,assets/targets/0091/outlinestim_world2_probe2_2_1.png,assets/targets/0091/outlinestim_world1_probe2_2_0.png,noteleport_consistent,2,2,2,1,blue,636900dbc65a1b361be8e82f,1,assets/targets/0091/outlinestim_world1_probe2_2_0.png,0,12,False
5,6822,100,0072,assets/targets/0072/img1_1.png,assets/targets/0072/img1_2.png,assets/targets/0072/img2_1.png,assets/targets/0072/img2_2.png,assets/targets/0072/recording1_1.mp4,assets/targets/0072/recording1_2.mp4,assets/targets/0072/recording2_1.mp4,assets/targets/0072/recording2_2.mp4,263.49876924364594,480.2927000755407,False,assets/targets/0072/outlinestim_world1_probe0_2_1.png,assets/targets/0072/outlinestim_world2_probe0_2_0.png,assets/targets/0072/outlinestim_world2_probe0_2_1.png,assets/targets/0072/outlinestim_world1_probe0_2_0.png,nocol,0,2,1,1,blue,636900dbc65a1b361be8e82f,0,assets/targets/0072/outlinestim_world2_probe0_2_1.png,1,0,False
6,4906,100,0045,assets/targets/0045/img1_1.png,assets/targets/0045/img1_2.png,assets/targets/0045/img2_1.png,assets/targets/0045/img2_2.png,assets/targets/0045/recording1_1.mp4,assets/targets/0045/recording1_2.mp4,assets/targets/0045/recording2_1.mp4,assets/targets/0045/recording2_2.mp4,436.6559051772762,257.95950551802974,False,assets/targets/0045/outlinestim_world1_probe1_2_1.png,assets/targets/0045/outlinestim_world2_probe1_2_0.png,assets/targets/0045/outlinestim_world2_probe1_2_1.png,assets/targets/0045/outlinestim_world1_probe1_2_0.png,teleport_consistent,1,2,1,1,blue,636900dbc65a1b361be8e82f,1,assets/targets/0045/outlinestim_world2_probe1_2_0.png,0,100,True
7,5093,2,0064,assets/targets/0064/img1_1.png,assets/targets/0064/img1_2.png,assets/targets/0064/img2_1.png,assets/targets/0064/img2_2.png,assets/targets/0064/recording1_1.mp4,assets/targets/0064/recording1_2.mp4,assets/targets/0064/recording2_1.mp4,assets/targets/0064/recording2_2.mp4,572.435126403118,233.99006146723664,False,assets/targets/0064/outlinestim_world1_probe0_2_1.png,assets/targets/0064/outlinestim_world2_probe0_2_0.png,assets/targets/0064/outlinestim_world2_probe0_2_1.png,assets/targets/0064/outlinestim_world1_probe0_2_0.png,nocol,0,2,1,1,blue,636900dbc65a1b361be8e82f,0,assets/targets/0064/outlinestim_world2_probe0_2_1.png,1,98,True
8,13970,100,0025,assets/targets/0025/img1_1.png,assets/targets/0025/img1_2.png,assets/targets/0025/img2_1.png,assets/targets/0025/img2_2.png,assets/targets/0025/recording1_1.mp4,assets/targets/0025/recording1_2.mp4,assets/targets/0025/recording2_1.mp4,assets/targets/0025/recording2_2.mp4,275.75178627094397,548.0849702817209,False,assets/targets/0025/outlinestim_world1_probe2_2_1.png,assets/targets/0025/outlinestim_world2_probe2_2_0.png,assets/targets/0025/outlinestim_world2_probe2_2_1.png,assets/targets/0025/outlinestim_world1_probe2_2_0.png,noteleport_consistent,2,2,2,1,blue,636900dbc65a1b361be8e82f,1,assets/targets/0025/outlinestim_world1_probe2_2_0.png,0,100,True
0,28645,0,0025,assets/targets/0025/img1_1.png,assets/targets/0025/img1_2.png,assets/targets/0025/img2_1.png,assets/targets/0025/img2_2.png,assets/targets/0025/recording1_1.mp4,assets/targets/0025/recording1_2.mp4,assets/targets/0025/recording2_1.mp4,assets/targets/0025/recording2_2.mp4,275.75178627094397,548.0849702817209,False,assets/targets/0025/outlinestim_world1_probe2_1_1.png,assets/targets/0025/outlinestim_world2_probe2_1_0.png,assets/targets/0025/outlinestim_world2_probe2_1_1.png,assets/targets/0025/outlinestim_world1_probe2_1_0.png,noteleport_consistent,2,1,1,1,blue,663a7af013938e6bbfb065d5,0,assets/targets/0025/outlinestim_world2_probe2_1_1.png,1,100,True
1,6966,100,0042,assets/targets/0042/img1_1.png,assets/targets/0042/img1_2.png,assets/targets/0042/img2_1.png,assets/targets/0042/img2_2.png,assets/targets/0042/recording1_1.mp4,assets/targets/0042/recording1_2.mp4,assets/targets/0042/recording2_1.mp4,assets/targets/0042/recording2_2.mp4,302.7180979554031,305.896846954325,False,assets/targets/0042/outlinestim_world1_probe1_2_1.png,assets/targets/0042/outlinestim_world2_probe1_2_0.png,assets/targets/0042/outlinestim_world2_probe1_2_1.png,assets/targets/0042/outlinestim_world1_probe1_2_0.png,teleport_consistent,1,2,1,1,blue,663a7af013938e6bbfb065d5,1,assets/targets/0042/outlinestim_world2_probe1_2_0.png,0,100,True
2,10778,0,0024,assets/targets/0024/img1_1.png,assets/targets/0024/img1_2.png,assets/targets/0024/img2_1.png,assets/targets/0024/img2_2.png,assets/targets/0024/recording1_1.mp4,assets/targets/0024/recording1_2.mp4,assets/targets/0024/recording2_1.mp4,assets/targets/0024/recording2_2.mp4,392.50547349657757,36.17405762242421,False,assets/targets/0024/outlinestim_world1_probe0_2_1.png,assets/targets/0024/outlinestim_world2_probe0_2_0.png,assets/targets/0024/outlinestim_world2_probe0_2_1.png,assets/targets/0024/outlinestim_world1_probe0_2_0.png,nocol,0,2,1,1,blue,663a7af013938e6bbfb065d5,1,assets/targets/0024/outlinestim_world2_probe0_2_0.png,0,0,False
3,9723,79,0064,assets/targets/0064/img1_1.png,assets/targets/0064/img1_2.png,assets/targets/0064/img2_1.png,assets/targets/0064/img2_2.png,assets/targets/0064/recording1_1.mp4,assets/targets/0064/recording1_2.mp4,assets/targets/0064/recording2_1.mp4,assets/targets/0064/recording2_2.mp4,572.435126403118,233.99006146723664,False,assets/targets/0064/outlinestim_world1_probe2_2_1.png,assets/targets/0064/outlinestim_world2_probe2_2_0.png,assets/targets/0064/outlinestim_world2_probe2_2_1.png,assets/targets/0064/outlinestim_world1_probe2_2_0.png,noteleport_consistent,2,2,1,1,blue,663a7af013938e6bbfb065d5,0,assets/targets/0064/outlinestim_world2_probe2_2_1.png,1,21,False
4,6487,41,0045,assets/targets/0045/img1_1.png,assets/targets/0045/img1_2.png,assets/targets/0045/img2_1.png,assets/targets/0045/img2_2.png,assets/targets/0045/recording1_1.mp4,assets/targets/0045/recording1_2.mp4,assets/targets/0045/recording2_1.mp4,assets/targets/0045/recording2_2.mp4,436.6559051772762,257.95950551802974,False,assets/targets/0045/outlinestim_world1_probe2_2_1.png,assets/targets/0045/outlinestim_world2_probe2_2_0.png,assets/targets/0045/outlinestim_world2_probe2_2_1.png,assets/targets/0045/outlinestim_world1_probe2_2_0.png,noteleport_consistent,2,2,1,1,blue,663a7af013938e6bbfb065d5,1,assets/targets/0045/outlinestim_world2_probe2_2_0.png,0,41,False
5,4142,62,0069,assets/targets/0069/img1_1.png,assets/targets/0069/img1_2.png,assets/targets/0069/img2_1.png,assets/targets/0069/img2_2.png,assets/targets/0069/recording1_1.mp4,assets/targets/0069/recording1_2.mp4,assets/targets/0069/recording2_1.mp4,assets/targets/0069/recording2_2.mp4,45.99293272938177,282.53465008228795,False,assets/targets/0069/outlinestim_world1_probe0_2_1.png,assets/targets/0069/outlinestim_world2_probe0_2_0.png,assets/targets/0069/outlinestim_world2_probe0_2_1.png,assets/targets/0069/outlinestim_world1_probe0_2_0.png,nocol,0,2,1,1,blue,663a7af013938e6bbfb065d5,0,assets/targets/0069/outlinestim_world2_probe0_2_1.png,1,38,False
6,7585,46,0072,assets/targets/0072/img1_1.png,assets/targets/0072/img1_2.png,assets/targets/0072/img2_1.png,assets/targets/0072/img2_2.png,assets/targets/0072/recording1_1.mp4,assets/targets/0072/recording1_2.mp4,assets/targets/0072/recording2_1.mp4,assets/targets/0072/recording2_2.mp4,263.49876924364594,480.2927000755407,False,assets/targets/0072/outlinestim_world1_probe2_2_1.png,assets/targets/0072/outlinestim_world2_probe2_2_0.png,assets/targets/0072/outlinestim_world2_probe2_2_1.png,assets/targets/0072/outlinestim_world1_probe2_2_0.png,noteleport_consistent,2,2,1,1,blue,663a7af013938e6bbfb065d5,1,assets/targets/0072/outlinestim_world2_probe2_2_0.png,0,46,False
7,62519,56,0091,assets/targets/0091/img1_1.png,assets/targets/0091/img1_2.png,assets/targets/0091/img2_1.png,assets/targets/0091/img2_2.png,assets/targets/0091/recording1_1.mp4,assets/targets/0091/recording1_2.mp4,assets/targets/0091/recording2_1.mp4,assets/targets/0091/recording2_2.mp4,360.26329222466995,232.43135081432789,False,assets/targets/0091/outlinestim_world1_probe1_1_1.png,assets/targets/0091/outlinestim_world2_probe1_1_0.png,assets/targets/0091/outlinestim_world2_probe1_1_1.png,assets/targets/0091/outlinestim_world1_probe1_1_0.png,teleport_consistent,1,1,2,1,blue,663a7af013938e6bbfb065d5,1,assets/targets/0091/outlinestim_world1_probe1_1_0.png,0,56,True
8,5088,0,0052,assets/targets/0052/img1_1.png,assets/targets/0052/img1_2.png,assets/targets/0052/img2_1.png,assets/targets/0052/img2_2.png,assets/targets/0052/recording1_1.mp4,assets/targets/0052/recording1_2.mp4,assets/targets/0052/recording2_1.mp4,assets/targets/0052/recording2_2.mp4,570.2567171334038,231.9134273051645,False,assets/targets/0052/outlinestim_world1_probe2_2_1.png,assets/targets/0052/outlinestim_world2_probe2_2_0.png,assets/targets/0052/outlinestim_world2_probe2_2_1.png,assets/targets/0052/outlinestim_world1_probe2_2_0.png,noteleport_consistent,2,2,2,1,blue,663a7af013938e6bbfb065d5,1,assets/targets/0052/outlinestim_world1_probe2_2_0.png,0,0,False
