alpha_d,alpha_h,decay,r2
0.0,-1.0,0.09999999999999999,0.49621683241914016
0.0,-1.0,0.11849068510006666,0.46885723505298377
0.0,-1.0,0.1404004245548316,0.49805570037045727
0.0,-1.0,0.16636142493842218,0.5086285879342922
0.0,-1.0,0.1971227921517696,0.5440131344336531
0.0,-1.0,0.23357214690901223,0.5507310754170471
0.0,-1.0,0.2767612370754227,0.5698487225054578
0.0,-1.0,0.32793628590208806,0.5598394974110441
0.0,-1.0,0.3885739518570975,0.6071306179178184
0.0,-1.0,0.460423937675878,0.6124818184656773
0.0,-1.0,0.5455594781168519,0.6737015081670974
0.0,-1.0,0.646437163249006,0.6807193299182722
0.0,-1.0,0.7659678234751834,0.7211507246304826
0.0,-1.0,0.907600521681814,0.7218711902533281
0.0,-1.0,1.0754220761125606,0.7491381046867261
0.0,-1.0,1.2742749857031335,0.7371094277785417
0.0,-1.0,1.5098971606184193,0.6937447456073179
0.0,-1.0,1.789087489923219,0.6961318492382346
0.0,-1.0,2.1199020238496082,0.6766049825802047
0.0,-1.0,2.51188643150958,0.6524492239195839
0.0,-0.736842105263158,0.09999999999999999,0.5334665864241509
0.0,-0.736842105263158,0.11849068510006666,0.575935618992119
0.0,-0.736842105263158,0.1404004245548316,0.5914561949145432
0.0,-0.736842105263158,0.16636142493842218,0.5587291840218627
0.0,-0.736842105263158,0.1971227921517696,0.5707129913040629
0.0,-0.736842105263158,0.23357214690901223,0.5631492126589627
0.0,-0.736842105263158,0.2767612370754227,0.6220539093328643
0.0,-0.736842105263158,0.32793628590208806,0.6676684075211786
0.0,-0.736842105263158,0.3885739518570975,0.6974457457874838
0.0,-0.736842105263158,0.460423937675878,0.6944454808005889
0.0,-0.736842105263158,0.5455594781168519,0.7192243273209742
0.0,-0.736842105263158,0.646437163249006,0.7505507391712269
0.0,-0.736842105263158,0.7659678234751834,0.7651798543322202
0.0,-0.736842105263158,0.907600521681814,0.7688418545084088
0.0,-0.736842105263158,1.0754220761125606,0.7672754764920026
0.0,-0.736842105263158,1.2742749857031335,0.7529677995383645
0.0,-0.736842105263158,1.5098971606184193,0.7252525941270138
0.0,-0.736842105263158,1.789087489923219,0.7009766082737487
0.0,-0.736842105263158,2.1199020238496082,0.6816721981096953
0.0,-0.736842105263158,2.51188643150958,0.650069693942757
0.0,-0.4736842105263158,0.09999999999999999,0.6710001806255385
0.0,-0.4736842105263158,0.11849068510006666,0.676960576523048
0.0,-0.4736842105263158,0.1404004245548316,0.7033802881361781
0.0,-0.4736842105263158,0.16636142493842218,0.6969500368369008
0.0,-0.4736842105263158,0.1971227921517696,0.7016948198395913
0.0,-0.4736842105263158,0.23357214690901223,0.7446402886070532
0.0,-0.4736842105263158,0.2767612370754227,0.7716188097026339
0.0,-0.4736842105263158,0.32793628590208806,0.7805466179967243
0.0,-0.4736842105263158,0.3885739518570975,0.778565763857253
0.0,-0.4736842105263158,0.460423937675878,0.7970854301411557
0.0,-0.4736842105263158,0.5455594781168519,0.8311332162370723
0.0,-0.4736842105263158,0.646437163249006,0.8293553680798894
0.0,-0.4736842105263158,0.7659678234751834,0.8196896863002768
0.0,-0.4736842105263158,0.907600521681814,0.8206963135428326
0.0,-0.4736842105263158,1.0754220761125606,0.8067567161166416
0.0,-0.4736842105263158,1.2742749857031335,0.7948033091083125
0.0,-0.4736842105263158,1.5098971606184193,0.7510202167841977
0.0,-0.4736842105263158,1.789087489923219,0.7214245361357347
0.0,-0.4736842105263158,2.1199020238496082,0.6974854952568539
0.0,-0.4736842105263158,2.51188643150958,0.6445124159246365
0.0,-0.21052631578947367,0.09999999999999999,0.8407405320907579
0.0,-0.21052631578947367,0.11849068510006666,0.8301919906542582
0.0,-0.21052631578947367,0.1404004245548316,0.8465521740012697
0.0,-0.21052631578947367,0.16636142493842218,0.8544269758399012
0.0,-0.21052631578947367,0.1971227921517696,0.8618569828702439
0.0,-0.21052631578947367,0.23357214690901223,0.8582982781574918
0.0,-0.21052631578947367,0.2767612370754227,0.888826598925411
0.0,-0.21052631578947367,0.32793628590208806,0.8838533904444088
0.0,-0.21052631578947367,0.3885739518570975,0.884953364317685
0.0,-0.21052631578947367,0.460423937675878,0.8963500907768023
0.0,-0.21052631578947367,0.5455594781168519,0.8821657511183559
0.0,-0.21052631578947367,0.646437163249006,0.8861642841197458
0.0,-0.21052631578947367,0.7659678234751834,0.8681445027482316
0.0,-0.21052631578947367,0.907600521681814,0.825383229543938
0.0,-0.21052631578947367,1.0754220761125606,0.7978974925376822
0.0,-0.21052631578947367,1.2742749857031335,0.7749021098980488
0.0,-0.21052631578947367,1.5098971606184193,0.7354527232479121
0.0,-0.21052631578947367,1.789087489923219,0.6979427030991386
0.0,-0.21052631578947367,2.1199020238496082,0.6585945625624076
0.0,-0.21052631578947367,2.51188643150958,0.6329225926532764
0.0,0.05263157894736836,0.09999999999999999,0.7942718843583879
0.0,0.05263157894736836,0.11849068510006666,0.807683137335118
0.0,0.05263157894736836,0.1404004245548316,0.8085493021752009
0.0,0.05263157894736836,0.16636142493842218,0.8254480812479068
0.0,0.05263157894736836,0.1971227921517696,0.8205438174375189
0.0,0.05263157894736836,0.23357214690901223,0.8548697387506387
0.0,0.05263157894736836,0.2767612370754227,0.8713869751491002
0.0,0.05263157894736836,0.32793628590208806,0.8653311758358784
0.0,0.05263157894736836,0.3885739518570975,0.889181307046801
0.0,0.05263157894736836,0.460423937675878,0.8869835804501428
0.0,0.05263157894736836,0.5455594781168519,0.8862108470432433
0.0,0.05263157894736836,0.646437163249006,0.8772817738848865
0.0,0.05263157894736836,0.7659678234751834,0.8512643728083767
0.0,0.05263157894736836,0.907600521681814,0.8282255395514964
0.0,0.05263157894736836,1.0754220761125606,0.8077615009796579
0.0,0.05263157894736836,1.2742749857031335,0.7726912687289456
0.0,0.05263157894736836,1.5098971606184193,0.7260369704302542
0.0,0.05263157894736836,1.789087489923219,0.6970840058701306
0.0,0.05263157894736836,2.1199020238496082,0.6588567572259321
0.0,0.05263157894736836,2.51188643150958,0.6338172663506526
0.0,0.3157894736842104,0.09999999999999999,0.7887281468607467
0.0,0.3157894736842104,0.11849068510006666,0.7791322294612062
0.0,0.3157894736842104,0.1404004245548316,0.7649221399746394
0.0,0.3157894736842104,0.16636142493842218,0.8013652635771552
0.0,0.3157894736842104,0.1971227921517696,0.8004609954891678
0.0,0.3157894736842104,0.23357214690901223,0.8074592372843262
0.0,0.3157894736842104,0.2767612370754227,0.8307334920315484
0.0,0.3157894736842104,0.32793628590208806,0.846671783835443
0.0,0.3157894736842104,0.3885739518570975,0.8563480530048236
0.0,0.3157894736842104,0.460423937675878,0.8487988528607978
0.0,0.3157894736842104,0.5455594781168519,0.865608049378185
0.0,0.3157894736842104,0.646437163249006,0.8475149438037362
0.0,0.3157894736842104,0.7659678234751834,0.8386890374033461
0.0,0.3157894736842104,0.907600521681814,0.8155512267485873
0.0,0.3157894736842104,1.0754220761125606,0.785996539578007
0.0,0.3157894736842104,1.2742749857031335,0.7633023087926663
0.0,0.3157894736842104,1.5098971606184193,0.7202988742239008
0.0,0.3157894736842104,1.789087489923219,0.6918903787661195
0.0,0.3157894736842104,2.1199020238496082,0.6548194379332773
0.0,0.3157894736842104,2.51188643150958,0.6232912416477063
0.0,0.5789473684210527,0.09999999999999999,0.7429922982558376
0.0,0.5789473684210527,0.11849068510006666,0.7268677269409094
0.0,0.5789473684210527,0.1404004245548316,0.758080443322412
0.0,0.5789473684210527,0.16636142493842218,0.7730159127475319
0.0,0.5789473684210527,0.1971227921517696,0.7800263208196347
0.0,0.5789473684210527,0.23357214690901223,0.8025441389536482
0.0,0.5789473684210527,0.2767612370754227,0.770241960710278
0.0,0.5789473684210527,0.32793628590208806,0.8113630637759439
0.0,0.5789473684210527,0.3885739518570975,0.8021700278042996
0.0,0.5789473684210527,0.460423937675878,0.8246809377427212
0.0,0.5789473684210527,0.5455594781168519,0.8232940288796368
0.0,0.5789473684210527,0.646437163249006,0.821871273217018
0.0,0.5789473684210527,0.7659678234751834,0.8205304659256073
0.0,0.5789473684210527,0.907600521681814,0.7959656319729376
0.0,0.5789473684210527,1.0754220761125606,0.7724197565247907
0.0,0.5789473684210527,1.2742749857031335,0.7473342377492987
0.0,0.5789473684210527,1.5098971606184193,0.7080056277339779
0.0,0.5789473684210527,1.789087489923219,0.6772825999638833
0.0,0.5789473684210527,2.1199020238496082,0.6412473958997811
0.0,0.5789473684210527,2.51188643150958,0.6190084911065875
0.0,0.8421052631578947,0.09999999999999999,0.7193431801786363
0.0,0.8421052631578947,0.11849068510006666,0.7112265017733453
0.0,0.8421052631578947,0.1404004245548316,0.74959217529716
0.0,0.8421052631578947,0.16636142493842218,0.7502693481633259
0.0,0.8421052631578947,0.1971227921517696,0.7551504764307055
0.0,0.8421052631578947,0.23357214690901223,0.7529257752953937
0.0,0.8421052631578947,0.2767612370754227,0.7595085751760726
0.0,0.8421052631578947,0.32793628590208806,0.7846762887383874
0.0,0.8421052631578947,0.3885739518570975,0.8043309493667141
0.0,0.8421052631578947,0.460423937675878,0.79156989410513
0.0,0.8421052631578947,0.5455594781168519,0.793207139298741
0.0,0.8421052631578947,0.646437163249006,0.7943530695235633
0.0,0.8421052631578947,0.7659678234751834,0.7850770017774944
0.0,0.8421052631578947,0.907600521681814,0.7710421152818804
0.0,0.8421052631578947,1.0754220761125606,0.7568484239470938
0.0,0.8421052631578947,1.2742749857031335,0.7255762785867499
0.0,0.8421052631578947,1.5098971606184193,0.7016884396026448
0.0,0.8421052631578947,1.789087489923219,0.6692489829364962
0.0,0.8421052631578947,2.1199020238496082,0.6381183593851343
0.0,0.8421052631578947,2.51188643150958,0.6122829179414847
0.0,1.1052631578947367,0.09999999999999999,0.6921568066101547
0.0,1.1052631578947367,0.11849068510006666,0.7147108878108814
0.0,1.1052631578947367,0.1404004245548316,0.6942605526496617
0.0,1.1052631578947367,0.16636142493842218,0.7422837679033993
0.0,1.1052631578947367,0.1971227921517696,0.730961431036407
0.0,1.1052631578947367,0.23357214690901223,0.7523189018284252
0.0,1.1052631578947367,0.2767612370754227,0.7620574672773219
0.0,1.1052631578947367,0.32793628590208806,0.7629470166140542
0.0,1.1052631578947367,0.3885739518570975,0.7983745561521893
0.0,1.1052631578947367,0.460423937675878,0.7901965135842418
0.0,1.1052631578947367,0.5455594781168519,0.7798109204917201
0.0,1.1052631578947367,0.646437163249006,0.7683680429103139
0.0,1.1052631578947367,0.7659678234751834,0.7827444100014653
0.0,1.1052631578947367,0.907600521681814,0.7567712044697014
0.0,1.1052631578947367,1.0754220761125606,0.7472967613984488
0.0,1.1052631578947367,1.2742749857031335,0.7263952243446959
0.0,1.1052631578947367,1.5098971606184193,0.6935685255284949
0.0,1.1052631578947367,1.789087489923219,0.6649792102480336
0.0,1.1052631578947367,2.1199020238496082,0.631481570150114
0.0,1.1052631578947367,2.51188643150958,0.6097053429537393
0.0,1.3684210526315788,0.09999999999999999,0.6797886754767951
0.0,1.3684210526315788,0.11849068510006666,0.6883800569235765
0.0,1.3684210526315788,0.1404004245548316,0.6961219202090109
0.0,1.3684210526315788,0.16636142493842218,0.7041485422559876
0.0,1.3684210526315788,0.1971227921517696,0.7385146554962806
0.0,1.3684210526315788,0.23357214690901223,0.7511642909705254
0.0,1.3684210526315788,0.2767612370754227,0.7357594465571099
0.0,1.3684210526315788,0.32793628590208806,0.7522008792480248
0.0,1.3684210526315788,0.3885739518570975,0.7703589028658414
0.0,1.3684210526315788,0.460423937675878,0.7659176325021182
0.0,1.3684210526315788,0.5455594781168519,0.7963900845763137
0.0,1.3684210526315788,0.646437163249006,0.7676109924877789
0.0,1.3684210526315788,0.7659678234751834,0.7848715407662524
0.0,1.3684210526315788,0.907600521681814,0.7598619816640674
0.0,1.3684210526315788,1.0754220761125606,0.7331771487118368
0.0,1.3684210526315788,1.2742749857031335,0.7190415494163661
0.0,1.3684210526315788,1.5098971606184193,0.6887112877656678
0.0,1.3684210526315788,1.789087489923219,0.6559065419995231
0.0,1.3684210526315788,2.1199020238496082,0.6335507786080877
0.0,1.3684210526315788,2.51188643150958,0.6067362458515421
0.0,1.6315789473684208,0.09999999999999999,0.676901032543386
0.0,1.6315789473684208,0.11849068510006666,0.6783753142575949
0.0,1.6315789473684208,0.1404004245548316,0.7038098383681616
0.0,1.6315789473684208,0.16636142493842218,0.7163631336887205
0.0,1.6315789473684208,0.1971227921517696,0.7116336574801526
0.0,1.6315789473684208,0.23357214690901223,0.7178138123206893
0.0,1.6315789473684208,0.2767612370754227,0.7290557380877868
0.0,1.6315789473684208,0.32793628590208806,0.7375670061595818
0.0,1.6315789473684208,0.3885739518570975,0.7359985758208559
0.0,1.6315789473684208,0.460423937675878,0.7682382575839897
0.0,1.6315789473684208,0.5455594781168519,0.7699302504095658
0.0,1.6315789473684208,0.646437163249006,0.767026371297449
0.0,1.6315789473684208,0.7659678234751834,0.7594829181611314
0.0,1.6315789473684208,0.907600521681814,0.7502062521910609
0.0,1.6315789473684208,1.0754220761125606,0.7394763287643962
0.0,1.6315789473684208,1.2742749857031335,0.7051523390886903
0.0,1.6315789473684208,1.5098971606184193,0.6898739421698573
0.0,1.6315789473684208,1.789087489923219,0.6589157020200647
0.0,1.6315789473684208,2.1199020238496082,0.6289412376042922
0.0,1.6315789473684208,2.51188643150958,0.6103098788252643
0.0,1.8947368421052628,0.09999999999999999,0.6670497089542694
0.0,1.8947368421052628,0.11849068510006666,0.6909097433129666
0.0,1.8947368421052628,0.1404004245548316,0.6860530061640371
0.0,1.8947368421052628,0.16636142493842218,0.6757567430435926
0.0,1.8947368421052628,0.1971227921517696,0.7023517225949437
0.0,1.8947368421052628,0.23357214690901223,0.7294763704702916
0.0,1.8947368421052628,0.2767612370754227,0.7248623098184332
0.0,1.8947368421052628,0.32793628590208806,0.7532518646328813
0.0,1.8947368421052628,0.3885739518570975,0.7481485873049892
0.0,1.8947368421052628,0.460423937675878,0.7526816924811474
0.0,1.8947368421052628,0.5455594781168519,0.7616476915328698
0.0,1.8947368421052628,0.646437163249006,0.7586076096095411
0.0,1.8947368421052628,0.7659678234751834,0.7677309262339668
0.0,1.8947368421052628,0.907600521681814,0.7471192136965864
0.0,1.8947368421052628,1.0754220761125606,0.730779296529125
0.0,1.8947368421052628,1.2742749857031335,0.7080208277160306
0.0,1.8947368421052628,1.5098971606184193,0.6823720836523866
0.0,1.8947368421052628,1.789087489923219,0.6573636163639235
0.0,1.8947368421052628,2.1199020238496082,0.6332200530797197
0.0,1.8947368421052628,2.51188643150958,0.6007427223418336
0.0,2.1578947368421053,0.09999999999999999,0.689381069764184
0.0,2.1578947368421053,0.11849068510006666,0.6998518250763668
0.0,2.1578947368421053,0.1404004245548316,0.6976384990583075
0.0,2.1578947368421053,0.16636142493842218,0.7093783276076775
0.0,2.1578947368421053,0.1971227921517696,0.6910418004814627
0.0,2.1578947368421053,0.23357214690901223,0.7455803078353926
0.0,2.1578947368421053,0.2767612370754227,0.7206124567386133
0.0,2.1578947368421053,0.32793628590208806,0.7352311608584275
0.0,2.1578947368421053,0.3885739518570975,0.7536839072722045
0.0,2.1578947368421053,0.460423937675878,0.754527619699375
0.0,2.1578947368421053,0.5455594781168519,0.7622123648712117
0.0,2.1578947368421053,0.646437163249006,0.7578522265299753
0.0,2.1578947368421053,0.7659678234751834,0.765985884587811
0.0,2.1578947368421053,0.907600521681814,0.7460933319118139
0.0,2.1578947368421053,1.0754220761125606,0.7331333693037863
0.0,2.1578947368421053,1.2742749857031335,0.7122827921649496
0.0,2.1578947368421053,1.5098971606184193,0.6811891282071051
0.0,2.1578947368421053,1.789087489923219,0.6579582647054896
0.0,2.1578947368421053,2.1199020238496082,0.6296231642580825
0.0,2.1578947368421053,2.51188643150958,0.6052622490021823
0.0,2.4210526315789473,0.09999999999999999,0.6673600528225649
0.0,2.4210526315789473,0.11849068510006666,0.6503505153787513
0.0,2.4210526315789473,0.1404004245548316,0.6856390628523783
0.0,2.4210526315789473,0.16636142493842218,0.6976585264781915
0.0,2.4210526315789473,0.1971227921517696,0.702518197189454
0.0,2.4210526315789473,0.23357214690901223,0.708212573126586
0.0,2.4210526315789473,0.2767612370754227,0.7253381295216728
0.0,2.4210526315789473,0.32793628590208806,0.7215961727217515
0.0,2.4210526315789473,0.3885739518570975,0.7373691044597231
0.0,2.4210526315789473,0.460423937675878,0.7691556197582031
0.0,2.4210526315789473,0.5455594781168519,0.7549197244751615
0.0,2.4210526315789473,0.646437163249006,0.7578731213672044
0.0,2.4210526315789473,0.7659678234751834,0.753086633416783
0.0,2.4210526315789473,0.907600521681814,0.7394872873763215
0.0,2.4210526315789473,1.0754220761125606,0.7319407116846982
0.0,2.4210526315789473,1.2742749857031335,0.7066081516008075
0.0,2.4210526315789473,1.5098971606184193,0.683806648727731
0.0,2.4210526315789473,1.789087489923219,0.6583043696607316
0.0,2.4210526315789473,2.1199020238496082,0.6287027748640903
0.0,2.4210526315789473,2.51188643150958,0.6073060757038722
0.0,2.6842105263157894,0.09999999999999999,0.6568321880575242
0.0,2.6842105263157894,0.11849068510006666,0.6913888673376675
0.0,2.6842105263157894,0.1404004245548316,0.6704469710105864
0.0,2.6842105263157894,0.16636142493842218,0.6928860016652564
0.0,2.6842105263157894,0.1971227921517696,0.6940006528756935
0.0,2.6842105263157894,0.23357214690901223,0.7213356238265116
0.0,2.6842105263157894,0.2767612370754227,0.7328787135737185
0.0,2.6842105263157894,0.32793628590208806,0.7252831987652957
0.0,2.6842105263157894,0.3885739518570975,0.7449172468343015
0.0,2.6842105263157894,0.460423937675878,0.7482378873451028
0.0,2.6842105263157894,0.5455594781168519,0.7654019240363751
0.0,2.6842105263157894,0.646437163249006,0.7462042387880404
0.0,2.6842105263157894,0.7659678234751834,0.7542331029961477
0.0,2.6842105263157894,0.907600521681814,0.7400967476166765
0.0,2.6842105263157894,1.0754220761125606,0.7323134827046442
0.0,2.6842105263157894,1.2742749857031335,0.7134011387023205
0.0,2.6842105263157894,1.5098971606184193,0.6873421062811655
0.0,2.6842105263157894,1.789087489923219,0.6503669242696416
0.0,2.6842105263157894,2.1199020238496082,0.6286542054047766
0.0,2.6842105263157894,2.51188643150958,0.6074943437397137
0.0,2.9473684210526314,0.09999999999999999,0.6504066267208062
0.0,2.9473684210526314,0.11849068510006666,0.6700985179204016
0.0,2.9473684210526314,0.1404004245548316,0.7039010279869252
0.0,2.9473684210526314,0.16636142493842218,0.6841617010954346
0.0,2.9473684210526314,0.1971227921517696,0.6974149604804906
0.0,2.9473684210526314,0.23357214690901223,0.6951196239623266
0.0,2.9473684210526314,0.2767612370754227,0.7118948209404371
0.0,2.9473684210526314,0.32793628590208806,0.7380818006813235
0.0,2.9473684210526314,0.3885739518570975,0.75861411562091
0.0,2.9473684210526314,0.460423937675878,0.7606140394254733
0.0,2.9473684210526314,0.5455594781168519,0.7618422439525231
0.0,2.9473684210526314,0.646437163249006,0.762824070492397
0.0,2.9473684210526314,0.7659678234751834,0.7642382408093014
0.0,2.9473684210526314,0.907600521681814,0.7437949002863592
0.0,2.9473684210526314,1.0754220761125606,0.7241506105976255
0.0,2.9473684210526314,1.2742749857031335,0.7096249121047429
0.0,2.9473684210526314,1.5098971606184193,0.676051346703317
0.0,2.9473684210526314,1.789087489923219,0.6565007605764765
0.0,2.9473684210526314,2.1199020238496082,0.6290487182536484
0.0,2.9473684210526314,2.51188643150958,0.6020194252029247
0.0,3.2105263157894735,0.09999999999999999,0.6601053917042613
0.0,3.2105263157894735,0.11849068510006666,0.6727737293423334
0.0,3.2105263157894735,0.1404004245548316,0.6810345030875656
0.0,3.2105263157894735,0.16636142493842218,0.6853958189619004
0.0,3.2105263157894735,0.1971227921517696,0.6935486207264745
0.0,3.2105263157894735,0.23357214690901223,0.7329256551540291
0.0,3.2105263157894735,0.2767612370754227,0.723759981730905
0.0,3.2105263157894735,0.32793628590208806,0.7418766090494606
0.0,3.2105263157894735,0.3885739518570975,0.7662749104083527
0.0,3.2105263157894735,0.460423937675878,0.7553376318774235
0.0,3.2105263157894735,0.5455594781168519,0.749534195556208
0.0,3.2105263157894735,0.646437163249006,0.7441727403915528
0.0,3.2105263157894735,0.7659678234751834,0.745081796532225
0.0,3.2105263157894735,0.907600521681814,0.7442092065294689
0.0,3.2105263157894735,1.0754220761125606,0.7222904185638048
0.0,3.2105263157894735,1.2742749857031335,0.7078455006350436
0.0,3.2105263157894735,1.5098971606184193,0.6831650305307758
0.0,3.2105263157894735,1.789087489923219,0.6583901980367056
0.0,3.2105263157894735,2.1199020238496082,0.6316853670810292
0.0,3.2105263157894735,2.51188643150958,0.602254429222948
0.0,3.473684210526316,0.09999999999999999,0.6805072033638869
0.0,3.473684210526316,0.11849068510006666,0.6583000565062492
0.0,3.473684210526316,0.1404004245548316,0.68118995830196
0.0,3.473684210526316,0.16636142493842218,0.6970211698925988
0.0,3.473684210526316,0.1971227921517696,0.6948592305023272
0.0,3.473684210526316,0.23357214690901223,0.6941379395350108
0.0,3.473684210526316,0.2767612370754227,0.737142279336235
0.0,3.473684210526316,0.32793628590208806,0.7236664854215062
0.0,3.473684210526316,0.3885739518570975,0.7205821033031525
0.0,3.473684210526316,0.460423937675878,0.7432442795672392
0.0,3.473684210526316,0.5455594781168519,0.7557849973316628
0.0,3.473684210526316,0.646437163249006,0.7583287685952909
0.0,3.473684210526316,0.7659678234751834,0.7525240827297838
0.0,3.473684210526316,0.907600521681814,0.7501026530865004
0.0,3.473684210526316,1.0754220761125606,0.7287617087213274
0.0,3.473684210526316,1.2742749857031335,0.7108423982051562
0.0,3.473684210526316,1.5098971606184193,0.688235454148936
0.0,3.473684210526316,1.789087489923219,0.6566068737082452
0.0,3.473684210526316,2.1199020238496082,0.6307932795159059
0.0,3.473684210526316,2.51188643150958,0.6059992616865271
0.0,3.7368421052631575,0.09999999999999999,0.66546384118916
0.0,3.7368421052631575,0.11849068510006666,0.6908269947200412
0.0,3.7368421052631575,0.1404004245548316,0.7022691439767266
0.0,3.7368421052631575,0.16636142493842218,0.6826689628061332
0.0,3.7368421052631575,0.1971227921517696,0.70997037928172
0.0,3.7368421052631575,0.23357214690901223,0.702887027069117
0.0,3.7368421052631575,0.2767612370754227,0.7164303532406752
0.0,3.7368421052631575,0.32793628590208806,0.7306969771896981
0.0,3.7368421052631575,0.3885739518570975,0.7570882605936751
0.0,3.7368421052631575,0.460423937675878,0.7481678710221105
0.0,3.7368421052631575,0.5455594781168519,0.7470151785494731
0.0,3.7368421052631575,0.646437163249006,0.752299336029774
0.0,3.7368421052631575,0.7659678234751834,0.7618505659611832
0.0,3.7368421052631575,0.907600521681814,0.7529632502299763
0.0,3.7368421052631575,1.0754220761125606,0.7227434539459241
0.0,3.7368421052631575,1.2742749857031335,0.6982144603389637
0.0,3.7368421052631575,1.5098971606184193,0.6806855991323534
0.0,3.7368421052631575,1.789087489923219,0.6519573353509674
0.0,3.7368421052631575,2.1199020238496082,0.6287375119470279
0.0,3.7368421052631575,2.51188643150958,0.6031671446371156
0.0,4.0,0.09999999999999999,0.6568030032803941
0.0,4.0,0.11849068510006666,0.6875058338243487
0.0,4.0,0.1404004245548316,0.6666372717628626
0.0,4.0,0.16636142493842218,0.6930853323784688
0.0,4.0,0.1971227921517696,0.6907048395756186
0.0,4.0,0.23357214690901223,0.7107643291703145
0.0,4.0,0.2767612370754227,0.7346915858240284
0.0,4.0,0.32793628590208806,0.7121941276203907
0.0,4.0,0.3885739518570975,0.7401964717536678
0.0,4.0,0.460423937675878,0.7345735875953721
0.0,4.0,0.5455594781168519,0.7557258142002521
0.0,4.0,0.646437163249006,0.7446376899956865
0.0,4.0,0.7659678234751834,0.7477623893564305
0.0,4.0,0.907600521681814,0.7423852581160366
0.0,4.0,1.0754220761125606,0.7238169495083695
0.0,4.0,1.2742749857031335,0.7031954700247899
0.0,4.0,1.5098971606184193,0.6812686655589243
0.0,4.0,1.789087489923219,0.6563872230202099
0.0,4.0,2.1199020238496082,0.6330469525890577
0.0,4.0,2.51188643150958,0.6041594714501757
0.21052631578947367,-1.0,0.09999999999999999,0.6222808617655569
0.21052631578947367,-1.0,0.11849068510006666,0.6140280249278668
0.21052631578947367,-1.0,0.1404004245548316,0.6459432666301007
0.21052631578947367,-1.0,0.16636142493842218,0.641312120859173
0.21052631578947367,-1.0,0.1971227921517696,0.6756324929142647
0.21052631578947367,-1.0,0.23357214690901223,0.666380928838888
0.21052631578947367,-1.0,0.2767612370754227,0.6716307137616863
0.21052631578947367,-1.0,0.32793628590208806,0.6971653931421097
0.21052631578947367,-1.0,0.3885739518570975,0.7121850272644701
0.21052631578947367,-1.0,0.460423937675878,0.7029980574551052
0.21052631578947367,-1.0,0.5455594781168519,0.7381328844635402
0.21052631578947367,-1.0,0.646437163249006,0.7259946561934747
0.21052631578947367,-1.0,0.7659678234751834,0.7151468203826491
0.21052631578947367,-1.0,0.907600521681814,0.7200909067012619
0.21052631578947367,-1.0,1.0754220761125606,0.7145051433591367
0.21052631578947367,-1.0,1.2742749857031335,0.693436863837896
0.21052631578947367,-1.0,1.5098971606184193,0.661580518712516
0.21052631578947367,-1.0,1.789087489923219,0.6370614768356222
0.21052631578947367,-1.0,2.1199020238496082,0.6302908109526206
0.21052631578947367,-1.0,2.51188643150958,0.6055600044704698
0.21052631578947367,-0.736842105263158,0.09999999999999999,0.7175396563463862
0.21052631578947367,-0.736842105263158,0.11849068510006666,0.6793549843576696
0.21052631578947367,-0.736842105263158,0.1404004245548316,0.7036068751190709
0.21052631578947367,-0.736842105263158,0.16636142493842218,0.7126401709006626
0.21052631578947367,-0.736842105263158,0.1971227921517696,0.7107882066188557
0.21052631578947367,-0.736842105263158,0.23357214690901223,0.7168134595701801
0.21052631578947367,-0.736842105263158,0.2767612370754227,0.7486643429125025
0.21052631578947367,-0.736842105263158,0.32793628590208806,0.7399324633256463
0.21052631578947367,-0.736842105263158,0.3885739518570975,0.7545294009975433
0.21052631578947367,-0.736842105263158,0.460423937675878,0.7673543204095291
0.21052631578947367,-0.736842105263158,0.5455594781168519,0.7424380009795309
0.21052631578947367,-0.736842105263158,0.646437163249006,0.7711173185948142
0.21052631578947367,-0.736842105263158,0.7659678234751834,0.7585559115063615
0.21052631578947367,-0.736842105263158,0.907600521681814,0.7563212123336706
0.21052631578947367,-0.736842105263158,1.0754220761125606,0.727823817924935
0.21052631578947367,-0.736842105263158,1.2742749857031335,0.7135287762597179
0.21052631578947367,-0.736842105263158,1.5098971606184193,0.6731536667830139
0.21052631578947367,-0.736842105263158,1.789087489923219,0.6521372388517285
0.21052631578947367,-0.736842105263158,2.1199020238496082,0.6318773673245863
0.21052631578947367,-0.736842105263158,2.51188643150958,0.6078213605666143
0.21052631578947367,-0.4736842105263158,0.09999999999999999,0.7683226344035448
0.21052631578947367,-0.4736842105263158,0.11849068510006666,0.7572532907895843
0.21052631578947367,-0.4736842105263158,0.1404004245548316,0.7854024183738814
0.21052631578947367,-0.4736842105263158,0.16636142493842218,0.8074658034428139
0.21052631578947367,-0.4736842105263158,0.1971227921517696,0.7994592360620062
0.21052631578947367,-0.4736842105263158,0.23357214690901223,0.8193480632950171
0.21052631578947367,-0.4736842105263158,0.2767612370754227,0.8243579160878537
0.21052631578947367,-0.4736842105263158,0.32793628590208806,0.8305058380591073
0.21052631578947367,-0.4736842105263158,0.3885739518570975,0.8319644629888236
0.21052631578947367,-0.4736842105263158,0.460423937675878,0.8284275949897951
0.21052631578947367,-0.4736842105263158,0.5455594781168519,0.8428713138146864
0.21052631578947367,-0.4736842105263158,0.646437163249006,0.802623004879896
0.21052631578947367,-0.4736842105263158,0.7659678234751834,0.7834520459458936
0.21052631578947367,-0.4736842105263158,0.907600521681814,0.786508981473155
0.21052631578947367,-0.4736842105263158,1.0754220761125606,0.7528384702437435
0.21052631578947367,-0.4736842105263158,1.2742749857031335,0.7273153249167902
0.21052631578947367,-0.4736842105263158,1.5098971606184193,0.6989644433658281
0.21052631578947367,-0.4736842105263158,1.789087489923219,0.6664840412682527
0.21052631578947367,-0.4736842105263158,2.1199020238496082,0.6331929221281855
0.21052631578947367,-0.4736842105263158,2.51188643150958,0.6143400539725479
0.21052631578947367,-0.21052631578947367,0.09999999999999999,0.8465518510206118
0.21052631578947367,-0.21052631578947367,0.11849068510006666,0.8685939849845573
0.21052631578947367,-0.21052631578947367,0.1404004245548316,0.8578662723970457
0.21052631578947367,-0.21052631578947367,0.16636142493842218,0.8653943680900446
0.21052631578947367,-0.21052631578947367,0.1971227921517696,0.8458420847245036
0.21052631578947367,-0.21052631578947367,0.23357214690901223,0.8817047788171294
0.21052631578947367,-0.21052631578947367,0.2767612370754227,0.8812313531099908
0.21052631578947367,-0.21052631578947367,0.32793628590208806,0.8911537654296593
0.21052631578947367,-0.21052631578947367,0.3885739518570975,0.8897060431480703
0.21052631578947367,-0.21052631578947367,0.460423937675878,0.8837664175156443
0.21052631578947367,-0.21052631578947367,0.5455594781168519,0.8568381964399736
0.21052631578947367,-0.21052631578947367,0.646437163249006,0.8429591535280642
0.21052631578947367,-0.21052631578947367,0.7659678234751834,0.8398129161168818
0.21052631578947367,-0.21052631578947367,0.907600521681814,0.8110654441746101
0.21052631578947367,-0.21052631578947367,1.0754220761125606,0.7819688972806016
0.21052631578947367,-0.21052631578947367,1.2742749857031335,0.7386650177151574
0.21052631578947367,-0.21052631578947367,1.5098971606184193,0.6997238462045103
0.21052631578947367,-0.21052631578947367,1.789087489923219,0.6773195044916894
0.21052631578947367,-0.21052631578947367,2.1199020238496082,0.6467390614684724
0.21052631578947367,-0.21052631578947367,2.51188643150958,0.6103586527977667
0.21052631578947367,0.05263157894736836,0.09999999999999999,0.8246485842002812
0.21052631578947367,0.05263157894736836,0.11849068510006666,0.8592527681631835
0.21052631578947367,0.05263157894736836,0.1404004245548316,0.8621346942167942
0.21052631578947367,0.05263157894736836,0.16636142493842218,0.8571390847631373
0.21052631578947367,0.05263157894736836,0.1971227921517696,0.880686814555652
0.21052631578947367,0.05263157894736836,0.23357214690901223,0.8855343858532606
0.21052631578947367,0.05263157894736836,0.2767612370754227,0.8820357119971977
0.21052631578947367,0.05263157894736836,0.32793628590208806,0.8846466101995142
0.21052631578947367,0.05263157894736836,0.3885739518570975,0.8997435578592361
0.21052631578947367,0.05263157894736836,0.460423937675878,0.896118030005369
0.21052631578947367,0.05263157894736836,0.5455594781168519,0.8982407499886798
0.21052631578947367,0.05263157894736836,0.646437163249006,0.8715606550082191
0.21052631578947367,0.05263157894736836,0.7659678234751834,0.8509828762055662
0.21052631578947367,0.05263157894736836,0.907600521681814,0.8233691942870855
0.21052631578947367,0.05263157894736836,1.0754220761125606,0.794230553508847
0.21052631578947367,0.05263157894736836,1.2742749857031335,0.7625894302227979
0.21052631578947367,0.05263157894736836,1.5098971606184193,0.7299973899990482
0.21052631578947367,0.05263157894736836,1.789087489923219,0.6918542717248104
0.21052631578947367,0.05263157894736836,2.1199020238496082,0.6517717877331712
0.21052631578947367,0.05263157894736836,2.51188643150958,0.6221201720491332
0.21052631578947367,0.3157894736842104,0.09999999999999999,0.7896463713641965
0.21052631578947367,0.3157894736842104,0.11849068510006666,0.8098675606719685
0.21052631578947367,0.3157894736842104,0.1404004245548316,0.8129249213508527
0.21052631578947367,0.3157894736842104,0.16636142493842218,0.8291970293297746
0.21052631578947367,0.3157894736842104,0.1971227921517696,0.8436982805071387
0.21052631578947367,0.3157894736842104,0.23357214690901223,0.849210075366824
0.21052631578947367,0.3157894736842104,0.2767612370754227,0.8698629103221507
0.21052631578947367,0.3157894736842104,0.32793628590208806,0.868168694002107
0.21052631578947367,0.3157894736842104,0.3885739518570975,0.870374359505463
0.21052631578947367,0.3157894736842104,0.460423937675878,0.8606698380602047
0.21052631578947367,0.3157894736842104,0.5455594781168519,0.8836798587403497
0.21052631578947367,0.3157894736842104,0.646437163249006,0.8682441102248376
0.21052631578947367,0.3157894736842104,0.7659678234751834,0.8466650227449277
0.21052631578947367,0.3157894736842104,0.907600521681814,0.8432267903634532
0.21052631578947367,0.3157894736842104,1.0754220761125606,0.8018826828804181
0.21052631578947367,0.3157894736842104,1.2742749857031335,0.7766878043520153
0.21052631578947367,0.3157894736842104,1.5098971606184193,0.7319243652061644
0.21052631578947367,0.3157894736842104,1.789087489923219,0.6959367622022179
0.21052631578947367,0.3157894736842104,2.1199020238496082,0.6650128931546226
0.21052631578947367,0.3157894736842104,2.51188643150958,0.6255997914351075
0.21052631578947367,0.5789473684210527,0.09999999999999999,0.7749149797981805
0.21052631578947367,0.5789473684210527,0.11849068510006666,0.7773108713417667
0.21052631578947367,0.5789473684210527,0.1404004245548316,0.7713120681520114
0.21052631578947367,0.5789473684210527,0.16636142493842218,0.7982461000245786
0.21052631578947367,0.5789473684210527,0.1971227921517696,0.8128179924563103
0.21052631578947367,0.5789473684210527,0.23357214690901223,0.8096060431525473
0.21052631578947367,0.5789473684210527,0.2767612370754227,0.8154356621349748
0.21052631578947367,0.5789473684210527,0.32793628590208806,0.8429282358455003
0.21052631578947367,0.5789473684210527,0.3885739518570975,0.8495694961706642
0.21052631578947367,0.5789473684210527,0.460423937675878,0.8483472602740973
0.21052631578947367,0.5789473684210527,0.5455594781168519,0.8666381984422677
0.21052631578947367,0.5789473684210527,0.646437163249006,0.8450133022800772
0.21052631578947367,0.5789473684210527,0.7659678234751834,0.8327459356088328
0.21052631578947367,0.5789473684210527,0.907600521681814,0.811769249245621
0.21052631578947367,0.5789473684210527,1.0754220761125606,0.797304703593793
0.21052631578947367,0.5789473684210527,1.2742749857031335,0.7581676474344413
0.21052631578947367,0.5789473684210527,1.5098971606184193,0.7318903341678982
0.21052631578947367,0.5789473684210527,1.789087489923219,0.6904912877135708
0.21052631578947367,0.5789473684210527,2.1199020238496082,0.6626562790145277
0.21052631578947367,0.5789473684210527,2.51188643150958,0.6229491374724669
0.21052631578947367,0.8421052631578947,0.09999999999999999,0.7547632426318474
0.21052631578947367,0.8421052631578947,0.11849068510006666,0.7510020214476111
0.21052631578947367,0.8421052631578947,0.1404004245548316,0.7429025400100285
0.21052631578947367,0.8421052631578947,0.16636142493842218,0.7564885895343686
0.21052631578947367,0.8421052631578947,0.1971227921517696,0.780946537851467
0.21052631578947367,0.8421052631578947,0.23357214690901223,0.7520205872699124
0.21052631578947367,0.8421052631578947,0.2767612370754227,0.7963009485957877
0.21052631578947367,0.8421052631578947,0.32793628590208806,0.7812242922362627
0.21052631578947367,0.8421052631578947,0.3885739518570975,0.8012757472298422
0.21052631578947367,0.8421052631578947,0.460423937675878,0.8275423070232183
0.21052631578947367,0.8421052631578947,0.5455594781168519,0.8304738192779556
0.21052631578947367,0.8421052631578947,0.646437163249006,0.8152896560623443
0.21052631578947367,0.8421052631578947,0.7659678234751834,0.8178497634970003
0.21052631578947367,0.8421052631578947,0.907600521681814,0.7899149846176766
0.21052631578947367,0.8421052631578947,1.0754220761125606,0.7732488890667395
0.21052631578947367,0.8421052631578947,1.2742749857031335,0.7453234510216832
0.21052631578947367,0.8421052631578947,1.5098971606184193,0.715689279583617
0.21052631578947367,0.8421052631578947,1.789087489923219,0.6867734833506066
0.21052631578947367,0.8421052631578947,2.1199020238496082,0.648574714319199
0.21052631578947367,0.8421052631578947,2.51188643150958,0.6190530879772178
0.21052631578947367,1.1052631578947367,0.09999999999999999,0.7291889479868064
0.21052631578947367,1.1052631578947367,0.11849068510006666,0.6993401547790936
0.21052631578947367,1.1052631578947367,0.1404004245548316,0.725474227621821
0.21052631578947367,1.1052631578947367,0.16636142493842218,0.7208337089601585
0.21052631578947367,1.1052631578947367,0.1971227921517696,0.7424683302423946
0.21052631578947367,1.1052631578947367,0.23357214690901223,0.7386335522989421
0.21052631578947367,1.1052631578947367,0.2767612370754227,0.7426478943399567
0.21052631578947367,1.1052631578947367,0.32793628590208806,0.7737713553342327
0.21052631578947367,1.1052631578947367,0.3885739518570975,0.7612091185790729
0.21052631578947367,1.1052631578947367,0.460423937675878,0.8054500407266688
0.21052631578947367,1.1052631578947367,0.5455594781168519,0.7984546877675571
0.21052631578947367,1.1052631578947367,0.646437163249006,0.7968957084964123
0.21052631578947367,1.1052631578947367,0.7659678234751834,0.7851332836574276
0.21052631578947367,1.1052631578947367,0.907600521681814,0.7831525232763537
0.21052631578947367,1.1052631578947367,1.0754220761125606,0.7562487933622766
0.21052631578947367,1.1052631578947367,1.2742749857031335,0.7293542017185423
0.21052631578947367,1.1052631578947367,1.5098971606184193,0.7041309981739504
0.21052631578947367,1.1052631578947367,1.789087489923219,0.6726255635000791
0.21052631578947367,1.1052631578947367,2.1199020238496082,0.6408929081751633
0.21052631578947367,1.1052631578947367,2.51188643150958,0.611587862598042
0.21052631578947367,1.3684210526315788,0.09999999999999999,0.7164499825397981
0.21052631578947367,1.3684210526315788,0.11849068510006666,0.6812502188659513
0.21052631578947367,1.3684210526315788,0.1404004245548316,0.7090629088795953
0.21052631578947367,1.3684210526315788,0.16636142493842218,0.7026289600608925
0.21052631578947367,1.3684210526315788,0.1971227921517696,0.7195368038368118
0.21052631578947367,1.3684210526315788,0.23357214690901223,0.7162310413240137
0.21052631578947367,1.3684210526315788,0.2767612370754227,0.7509086388386944
0.21052631578947367,1.3684210526315788,0.32793628590208806,0.7402393856076691
0.21052631578947367,1.3684210526315788,0.3885739518570975,0.7518058934793029
0.21052631578947367,1.3684210526315788,0.460423937675878,0.7721346100837326
0.21052631578947367,1.3684210526315788,0.5455594781168519,0.7674433893250715
0.21052631578947367,1.3684210526315788,0.646437163249006,0.7687693279209797
0.21052631578947367,1.3684210526315788,0.7659678234751834,0.7758933860297452
0.21052631578947367,1.3684210526315788,0.907600521681814,0.7533367331645263
0.21052631578947367,1.3684210526315788,1.0754220761125606,0.7392658425566978
0.21052631578947367,1.3684210526315788,1.2742749857031335,0.7263475086045318
0.21052631578947367,1.3684210526315788,1.5098971606184193,0.6938786603505571
0.21052631578947367,1.3684210526315788,1.789087489923219,0.6662453469922237
0.21052631578947367,1.3684210526315788,2.1199020238496082,0.6357517942623134
0.21052631578947367,1.3684210526315788,2.51188643150958,0.6075315495406121
0.21052631578947367,1.6315789473684208,0.09999999999999999,0.6974572172573716
0.21052631578947367,1.6315789473684208,0.11849068510006666,0.6679009248596879
0.21052631578947367,1.6315789473684208,0.1404004245548316,0.7056860509789211
0.21052631578947367,1.6315789473684208,0.16636142493842218,0.728192744891261
0.21052631578947367,1.6315789473684208,0.1971227921517696,0.693546405601852
0.21052631578947367,1.6315789473684208,0.23357214690901223,0.748856349416118
0.21052631578947367,1.6315789473684208,0.2767612370754227,0.7279733641471112
0.21052631578947367,1.6315789473684208,0.32793628590208806,0.7471868866962817
0.21052631578947367,1.6315789473684208,0.3885739518570975,0.7474662640246024
0.21052631578947367,1.6315789473684208,0.460423937675878,0.7609373500027085
0.21052631578947367,1.6315789473684208,0.5455594781168519,0.7728161935051382
0.21052631578947367,1.6315789473684208,0.646437163249006,0.7529833704267754
0.21052631578947367,1.6315789473684208,0.7659678234751834,0.7667471241445953
0.21052631578947367,1.6315789473684208,0.907600521681814,0.7504719846036205
0.21052631578947367,1.6315789473684208,1.0754220761125606,0.7458770811774916
0.21052631578947367,1.6315789473684208,1.2742749857031335,0.7100664144453038
0.21052631578947367,1.6315789473684208,1.5098971606184193,0.6869762532705854
0.21052631578947367,1.6315789473684208,1.789087489923219,0.6642313510016753
0.21052631578947367,1.6315789473684208,2.1199020238496082,0.634609083483617
0.21052631578947367,1.6315789473684208,2.51188643150958,0.608362587864617
0.21052631578947367,1.8947368421052628,0.09999999999999999,0.6809746436383053
0.21052631578947367,1.8947368421052628,0.11849068510006666,0.6649240068272592
0.21052631578947367,1.8947368421052628,0.1404004245548316,0.6964546859082812
0.21052631578947367,1.8947368421052628,0.16636142493842218,0.6865325450003006
0.21052631578947367,1.8947368421052628,0.1971227921517696,0.7013981323747626
0.21052631578947367,1.8947368421052628,0.23357214690901223,0.7270128050842607
0.21052631578947367,1.8947368421052628,0.2767612370754227,0.7011322698255121
0.21052631578947367,1.8947368421052628,0.32793628590208806,0.7454237859251668
0.21052631578947367,1.8947368421052628,0.3885739518570975,0.7452878689741331
0.21052631578947367,1.8947368421052628,0.460423937675878,0.7455314756468036
0.21052631578947367,1.8947368421052628,0.5455594781168519,0.7611629589114499
0.21052631578947367,1.8947368421052628,0.646437163249006,0.7718496616132432
0.21052631578947367,1.8947368421052628,0.7659678234751834,0.7647155429718524
0.21052631578947367,1.8947368421052628,0.907600521681814,0.7403800488537404
0.21052631578947367,1.8947368421052628,1.0754220761125606,0.7216887837387604
0.21052631578947367,1.8947368421052628,1.2742749857031335,0.7006729284153767
0.21052631578947367,1.8947368421052628,1.5098971606184193,0.6821543442008974
0.21052631578947367,1.8947368421052628,1.789087489923219,0.6538170190577831
0.21052631578947367,1.8947368421052628,2.1199020238496082,0.6334083335030344
0.21052631578947367,1.8947368421052628,2.51188643150958,0.6029896549088066
0.21052631578947367,2.1578947368421053,0.09999999999999999,0.6715763581213585
0.21052631578947367,2.1578947368421053,0.11849068510006666,0.6360840398823029
0.21052631578947367,2.1578947368421053,0.1404004245548316,0.7045210689042999
0.21052631578947367,2.1578947368421053,0.16636142493842218,0.6949058588505754
0.21052631578947367,2.1578947368421053,0.1971227921517696,0.7028516952899756
0.21052631578947367,2.1578947368421053,0.23357214690901223,0.6979334458751987
0.21052631578947367,2.1578947368421053,0.2767612370754227,0.7309380653459382
0.21052631578947367,2.1578947368421053,0.32793628590208806,0.7203241176114653
0.21052631578947367,2.1578947368421053,0.3885739518570975,0.7277084102644192
0.21052631578947367,2.1578947368421053,0.460423937675878,0.7582825371960105
0.21052631578947367,2.1578947368421053,0.5455594781168519,0.7492857301792806
0.21052631578947367,2.1578947368421053,0.646437163249006,0.7387770514315336
0.21052631578947367,2.1578947368421053,0.7659678234751834,0.7526169517160269
0.21052631578947367,2.1578947368421053,0.907600521681814,0.7347695686470356
0.21052631578947367,2.1578947368421053,1.0754220761125606,0.7235613537938486
0.21052631578947367,2.1578947368421053,1.2742749857031335,0.7100041558765845
0.21052631578947367,2.1578947368421053,1.5098971606184193,0.683745511143624
0.21052631578947367,2.1578947368421053,1.789087489923219,0.6537499278852961
0.21052631578947367,2.1578947368421053,2.1199020238496082,0.6318044585136899
0.21052631578947367,2.1578947368421053,2.51188643150958,0.6035467326237482
0.21052631578947367,2.4210526315789473,0.09999999999999999,0.6720693762670452
0.21052631578947367,2.4210526315789473,0.11849068510006666,0.6603436980669377
0.21052631578947367,2.4210526315789473,0.1404004245548316,0.6617948064384589
0.21052631578947367,2.4210526315789473,0.16636142493842218,0.6954756479892364
0.21052631578947367,2.4210526315789473,0.1971227921517696,0.7063655066648961
0.21052631578947367,2.4210526315789473,0.23357214690901223,0.7118061144930383
0.21052631578947367,2.4210526315789473,0.2767612370754227,0.7031192218060436
0.21052631578947367,2.4210526315789473,0.32793628590208806,0.7343945023685671
0.21052631578947367,2.4210526315789473,0.3885739518570975,0.7286291170753397
0.21052631578947367,2.4210526315789473,0.460423937675878,0.7370453910851875
0.21052631578947367,2.4210526315789473,0.5455594781168519,0.7489994416584613
0.21052631578947367,2.4210526315789473,0.646437163249006,0.7556140767632497
0.21052631578947367,2.4210526315789473,0.7659678234751834,0.7420522145368054
0.21052631578947367,2.4210526315789473,0.907600521681814,0.7305336641106932
0.21052631578947367,2.4210526315789473,1.0754220761125606,0.7171999987317174
0.21052631578947367,2.4210526315789473,1.2742749857031335,0.7003066380125987
0.21052631578947367,2.4210526315789473,1.5098971606184193,0.6811261080445266
0.21052631578947367,2.4210526315789473,1.789087489923219,0.6513515112087241
0.21052631578947367,2.4210526315789473,2.1199020238496082,0.6273791000875181
0.21052631578947367,2.4210526315789473,2.51188643150958,0.6046375300793088
0.21052631578947367,2.6842105263157894,0.09999999999999999,0.6757791724562051
0.21052631578947367,2.6842105263157894,0.11849068510006666,0.6615820250789232
0.21052631578947367,2.6842105263157894,0.1404004245548316,0.662959497487503
0.21052631578947367,2.6842105263157894,0.16636142493842218,0.6811322074633673
0.21052631578947367,2.6842105263157894,0.1971227921517696,0.6748938380224289
0.21052631578947367,2.6842105263157894,0.23357214690901223,0.6913652046088483
0.21052631578947367,2.6842105263157894,0.2767612370754227,0.7314630992238578
0.21052631578947367,2.6842105263157894,0.32793628590208806,0.7432977596988752
0.21052631578947367,2.6842105263157894,0.3885739518570975,0.7300832440382764
0.21052631578947367,2.6842105263157894,0.460423937675878,0.7368619156691836
0.21052631578947367,2.6842105263157894,0.5455594781168519,0.7640201626188746
0.21052631578947367,2.6842105263157894,0.646437163249006,0.745468443290465
0.21052631578947367,2.6842105263157894,0.7659678234751834,0.7396576848088042
0.21052631578947367,2.6842105263157894,0.907600521681814,0.7319395785435551
0.21052631578947367,2.6842105263157894,1.0754220761125606,0.7258957978168826
0.21052631578947367,2.6842105263157894,1.2742749857031335,0.7022391351838424
0.21052631578947367,2.6842105263157894,1.5098971606184193,0.6785393628289362
0.21052631578947367,2.6842105263157894,1.789087489923219,0.6513171631685918
0.21052631578947367,2.6842105263157894,2.1199020238496082,0.62818002273837
0.21052631578947367,2.6842105263157894,2.51188643150958,0.6054457717039147
0.21052631578947367,2.9473684210526314,0.09999999999999999,0.6597912309065694
0.21052631578947367,2.9473684210526314,0.11849068510006666,0.692995138779185
0.21052631578947367,2.9473684210526314,0.1404004245548316,0.6725459223498038
0.21052631578947367,2.9473684210526314,0.16636142493842218,0.6774878988890716
0.21052631578947367,2.9473684210526314,0.1971227921517696,0.6844192688037264
0.21052631578947367,2.9473684210526314,0.23357214690901223,0.6987241794838779
0.21052631578947367,2.9473684210526314,0.2767612370754227,0.7115745353095332
0.21052631578947367,2.9473684210526314,0.32793628590208806,0.7110094907124334
0.21052631578947367,2.9473684210526314,0.3885739518570975,0.7434492258679966
0.21052631578947367,2.9473684210526314,0.460423937675878,0.7351144750442292
0.21052631578947367,2.9473684210526314,0.5455594781168519,0.7440035835127599
0.21052631578947367,2.9473684210526314,0.646437163249006,0.7368212099661443
0.21052631578947367,2.9473684210526314,0.7659678234751834,0.7484677953040154
0.21052631578947367,2.9473684210526314,0.907600521681814,0.7435374957457908
0.21052631578947367,2.9473684210526314,1.0754220761125606,0.7181415990691304
0.21052631578947367,2.9473684210526314,1.2742749857031335,0.7087325336512806
0.21052631578947367,2.9473684210526314,1.5098971606184193,0.6820353758725591
0.21052631578947367,2.9473684210526314,1.789087489923219,0.6526884562921691
0.21052631578947367,2.9473684210526314,2.1199020238496082,0.6306551602769208
0.21052631578947367,2.9473684210526314,2.51188643150958,0.6023702458937883
0.21052631578947367,3.2105263157894735,0.09999999999999999,0.6584471250798182
0.21052631578947367,3.2105263157894735,0.11849068510006666,0.683815078485429
0.21052631578947367,3.2105263157894735,0.1404004245548316,0.6782708928835065
0.21052631578947367,3.2105263157894735,0.16636142493842218,0.6793913627515514
0.21052631578947367,3.2105263157894735,0.1971227921517696,0.7051068409491483
0.21052631578947367,3.2105263157894735,0.23357214690901223,0.7059242013564095
0.21052631578947367,3.2105263157894735,0.2767612370754227,0.7086242815565376
0.21052631578947367,3.2105263157894735,0.32793628590208806,0.716023120085359
0.21052631578947367,3.2105263157894735,0.3885739518570975,0.737633077066265
0.21052631578947367,3.2105263157894735,0.460423937675878,0.7314571593230801
0.21052631578947367,3.2105263157894735,0.5455594781168519,0.7548167623463243
0.21052631578947367,3.2105263157894735,0.646437163249006,0.7422928678129339
0.21052631578947367,3.2105263157894735,0.7659678234751834,0.7325972581128175
0.21052631578947367,3.2105263157894735,0.907600521681814,0.7327931266534119
0.21052631578947367,3.2105263157894735,1.0754220761125606,0.7195670294840841
0.21052631578947367,3.2105263157894735,1.2742749857031335,0.6971603834533054
0.21052631578947367,3.2105263157894735,1.5098971606184193,0.6798615897403054
0.21052631578947367,3.2105263157894735,1.789087489923219,0.6507503505961313
0.21052631578947367,3.2105263157894735,2.1199020238496082,0.6278518135242525
0.21052631578947367,3.2105263157894735,2.51188643150958,0.6010200879120994
0.21052631578947367,3.473684210526316,0.09999999999999999,0.6674341298080407
0.21052631578947367,3.473684210526316,0.11849068510006666,0.6426819216540282
0.21052631578947367,3.473684210526316,0.1404004245548316,0.6443058781382771
0.21052631578947367,3.473684210526316,0.16636142493842218,0.6732581769386152
0.21052631578947367,3.473684210526316,0.1971227921517696,0.686145821332993
0.21052631578947367,3.473684210526316,0.23357214690901223,0.7206894292511565
0.21052631578947367,3.473684210526316,0.2767612370754227,0.7112113241247726
0.21052631578947367,3.473684210526316,0.32793628590208806,0.7186764516922718
0.21052631578947367,3.473684210526316,0.3885739518570975,0.7259083987224771
0.21052631578947367,3.473684210526316,0.460423937675878,0.740390378352134
0.21052631578947367,3.473684210526316,0.5455594781168519,0.7440172445665086
0.21052631578947367,3.473684210526316,0.646437163249006,0.757310003047424
0.21052631578947367,3.473684210526316,0.7659678234751834,0.7407573626491633
0.21052631578947367,3.473684210526316,0.907600521681814,0.7195481853438607
0.21052631578947367,3.473684210526316,1.0754220761125606,0.7245872400724966
0.21052631578947367,3.473684210526316,1.2742749857031335,0.6990219727377939
0.21052631578947367,3.473684210526316,1.5098971606184193,0.6729837943137162
0.21052631578947367,3.473684210526316,1.789087489923219,0.6522550313789214
0.21052631578947367,3.473684210526316,2.1199020238496082,0.6281943051382313
0.21052631578947367,3.473684210526316,2.51188643150958,0.6028756898273482
0.21052631578947367,3.7368421052631575,0.09999999999999999,0.6740023697150179
0.21052631578947367,3.7368421052631575,0.11849068510006666,0.6825284611506793
0.21052631578947367,3.7368421052631575,0.1404004245548316,0.6609051260094221
0.21052631578947367,3.7368421052631575,0.16636142493842218,0.6762589114682959
0.21052631578947367,3.7368421052631575,0.1971227921517696,0.7036533627027565
0.21052631578947367,3.7368421052631575,0.23357214690901223,0.6820290141578899
0.21052631578947367,3.7368421052631575,0.2767612370754227,0.7160932937999229
0.21052631578947367,3.7368421052631575,0.32793628590208806,0.7220558949226366
0.21052631578947367,3.7368421052631575,0.3885739518570975,0.7385712366140659
0.21052631578947367,3.7368421052631575,0.460423937675878,0.7356700766019606
0.21052631578947367,3.7368421052631575,0.5455594781168519,0.7426767113092545
0.21052631578947367,3.7368421052631575,0.646437163249006,0.7424627853839983
0.21052631578947367,3.7368421052631575,0.7659678234751834,0.7351513094499283
0.21052631578947367,3.7368421052631575,0.907600521681814,0.7350049570472718
0.21052631578947367,3.7368421052631575,1.0754220761125606,0.7252278752344656
0.21052631578947367,3.7368421052631575,1.2742749857031335,0.6974852748526057
0.21052631578947367,3.7368421052631575,1.5098971606184193,0.6757242410469393
0.21052631578947367,3.7368421052631575,1.789087489923219,0.6520193718662103
0.21052631578947367,3.7368421052631575,2.1199020238496082,0.6227358566197662
0.21052631578947367,3.7368421052631575,2.51188643150958,0.6017893508045888
0.21052631578947367,4.0,0.09999999999999999,0.6673142563235804
0.21052631578947367,4.0,0.11849068510006666,0.6659956301049504
0.21052631578947367,4.0,0.1404004245548316,0.6669226786355236
0.21052631578947367,4.0,0.16636142493842218,0.6853086816456517
0.21052631578947367,4.0,0.1971227921517696,0.6900708191427639
0.21052631578947367,4.0,0.23357214690901223,0.7045797693349041
0.21052631578947367,4.0,0.2767612370754227,0.7332486596406385
0.21052631578947367,4.0,0.32793628590208806,0.7293283746567446
0.21052631578947367,4.0,0.3885739518570975,0.7321887091129016
0.21052631578947367,4.0,0.460423937675878,0.7201937105847911
0.21052631578947367,4.0,0.5455594781168519,0.7470952057084945
0.21052631578947367,4.0,0.646437163249006,0.7519628722186605
0.21052631578947367,4.0,0.7659678234751834,0.7346694141943585
0.21052631578947367,4.0,0.907600521681814,0.7327539205864125
0.21052631578947367,4.0,1.0754220761125606,0.7166762502968518
0.21052631578947367,4.0,1.2742749857031335,0.6967111700928561
0.21052631578947367,4.0,1.5098971606184193,0.6745294056779292
0.21052631578947367,4.0,1.789087489923219,0.6516747546351607
0.21052631578947367,4.0,2.1199020238496082,0.6277500901264641
0.21052631578947367,4.0,2.51188643150958,0.6021065058834482
0.42105263157894735,-1.0,0.09999999999999999,0.6752080821287163
0.42105263157894735,-1.0,0.11849068510006666,0.6801873466990834
0.42105263157894735,-1.0,0.1404004245548316,0.6786754247392907
0.42105263157894735,-1.0,0.16636142493842218,0.6963327841443069
0.42105263157894735,-1.0,0.1971227921517696,0.711712979858736
0.42105263157894735,-1.0,0.23357214690901223,0.7023384398324336
0.42105263157894735,-1.0,0.2767612370754227,0.7289416451011956
0.42105263157894735,-1.0,0.32793628590208806,0.7539747498094845
0.42105263157894735,-1.0,0.3885739518570975,0.7449395780816325
0.42105263157894735,-1.0,0.460423937675878,0.7294559832926762
0.42105263157894735,-1.0,0.5455594781168519,0.7311735309812836
0.42105263157894735,-1.0,0.646437163249006,0.7426153051819255
0.42105263157894735,-1.0,0.7659678234751834,0.7291923608480638
0.42105263157894735,-1.0,0.907600521681814,0.710188448795741
0.42105263157894735,-1.0,1.0754220761125606,0.6919629326040755
0.42105263157894735,-1.0,1.2742749857031335,0.6846600691918964
0.42105263157894735,-1.0,1.5098971606184193,0.6529189690993591
0.42105263157894735,-1.0,1.789087489923219,0.6387916016856872
0.42105263157894735,-1.0,2.1199020238496082,0.6079622578543968
0.42105263157894735,-1.0,2.51188643150958,0.5863107753445866
0.42105263157894735,-0.736842105263158,0.09999999999999999,0.6816288805784193
0.42105263157894735,-0.736842105263158,0.11849068510006666,0.7140727877456581
0.42105263157894735,-0.736842105263158,0.1404004245548316,0.7146858804598377
0.42105263157894735,-0.736842105263158,0.16636142493842218,0.7146602006110735
0.42105263157894735,-0.736842105263158,0.1971227921517696,0.7366334020231796
0.42105263157894735,-0.736842105263158,0.23357214690901223,0.7436390499286026
0.42105263157894735,-0.736842105263158,0.2767612370754227,0.7629796982290311
0.42105263157894735,-0.736842105263158,0.32793628590208806,0.7807649476743868
0.42105263157894735,-0.736842105263158,0.3885739518570975,0.7685148282436418
0.42105263157894735,-0.736842105263158,0.460423937675878,0.7689127786355985
0.42105263157894735,-0.736842105263158,0.5455594781168519,0.764633899577534
0.42105263157894735,-0.736842105263158,0.646437163249006,0.7627951986440111
0.42105263157894735,-0.736842105263158,0.7659678234751834,0.7488143874431956
0.42105263157894735,-0.736842105263158,0.907600521681814,0.7337495633353127
0.42105263157894735,-0.736842105263158,1.0754220761125606,0.7073573193275974
0.42105263157894735,-0.736842105263158,1.2742749857031335,0.6758110295471953
0.42105263157894735,-0.736842105263158,1.5098971606184193,0.6503166728579821
0.42105263157894735,-0.736842105263158,1.789087489923219,0.6241839042178398
0.42105263157894735,-0.736842105263158,2.1199020238496082,0.6061043991677696
0.42105263157894735,-0.736842105263158,2.51188643150958,0.595108177742797
0.42105263157894735,-0.4736842105263158,0.09999999999999999,0.7497638169168372
0.42105263157894735,-0.4736842105263158,0.11849068510006666,0.770345493960574
0.42105263157894735,-0.4736842105263158,0.1404004245548316,0.763640648619976
0.42105263157894735,-0.4736842105263158,0.16636142493842218,0.7777376362917945
0.42105263157894735,-0.4736842105263158,0.1971227921517696,0.7890379489907179
0.42105263157894735,-0.4736842105263158,0.23357214690901223,0.8004163999355538
0.42105263157894735,-0.4736842105263158,0.2767612370754227,0.7864646361944425
0.42105263157894735,-0.4736842105263158,0.32793628590208806,0.8158875193543887
0.42105263157894735,-0.4736842105263158,0.3885739518570975,0.8029409277973008
0.42105263157894735,-0.4736842105263158,0.460423937675878,0.8022877221084506
0.42105263157894735,-0.4736842105263158,0.5455594781168519,0.7832803808003241
0.42105263157894735,-0.4736842105263158,0.646437163249006,0.7829920996837576
0.42105263157894735,-0.4736842105263158,0.7659678234751834,0.7584843675329802
0.42105263157894735,-0.4736842105263158,0.907600521681814,0.7437839193504105
0.42105263157894735,-0.4736842105263158,1.0754220761125606,0.716290548750536
0.42105263157894735,-0.4736842105263158,1.2742749857031335,0.6869896059332287
0.42105263157894735,-0.4736842105263158,1.5098971606184193,0.669102075882807
0.42105263157894735,-0.4736842105263158,1.789087489923219,0.6400573891034728
0.42105263157894735,-0.4736842105263158,2.1199020238496082,0.6133375203453056
0.42105263157894735,-0.4736842105263158,2.51188643150958,0.5922982527679621
0.42105263157894735,-0.21052631578947367,0.09999999999999999,0.7964380548478199
0.42105263157894735,-0.21052631578947367,0.11849068510006666,0.8206115513389183
0.42105263157894735,-0.21052631578947367,0.1404004245548316,0.814639311632424
0.42105263157894735,-0.21052631578947367,0.16636142493842218,0.8302058488798394
0.42105263157894735,-0.21052631578947367,0.1971227921517696,0.8187590126344283
0.42105263157894735,-0.21052631578947367,0.23357214690901223,0.833154789094762
0.42105263157894735,-0.21052631578947367,0.2767612370754227,0.8418087481969264
0.42105263157894735,-0.21052631578947367,0.32793628590208806,0.8350232726828651
0.42105263157894735,-0.21052631578947367,0.3885739518570975,0.8285239964821765
0.42105263157894735,-0.21052631578947367,0.460423937675878,0.8380370887785964
0.42105263157894735,-0.21052631578947367,0.5455594781168519,0.832917612387435
0.42105263157894735,-0.21052631578947367,0.646437163249006,0.8050628307179438
0.42105263157894735,-0.21052631578947367,0.7659678234751834,0.7836151945453032
0.42105263157894735,-0.21052631578947367,0.907600521681814,0.7695198154097296
0.42105263157894735,-0.21052631578947367,1.0754220761125606,0.739500985800704
0.42105263157894735,-0.21052631578947367,1.2742749857031335,0.714786707190978
0.42105263157894735,-0.21052631578947367,1.5098971606184193,0.6797288450525698
0.42105263157894735,-0.21052631578947367,1.789087489923219,0.6534247766295753
0.42105263157894735,-0.21052631578947367,2.1199020238496082,0.6264419176300712
0.42105263157894735,-0.21052631578947367,2.51188643150958,0.6011070906144251
0.42105263157894735,0.05263157894736836,0.09999999999999999,0.8234385947770575
0.42105263157894735,0.05263157894736836,0.11849068510006666,0.841313404814103
0.42105263157894735,0.05263157894736836,0.1404004245548316,0.8484056000456988
0.42105263157894735,0.05263157894736836,0.16636142493842218,0.85045232311917
0.42105263157894735,0.05263157894736836,0.1971227921517696,0.8695831003798665
0.42105263157894735,0.05263157894736836,0.23357214690901223,0.8510864700906005
0.42105263157894735,0.05263157894736836,0.2767612370754227,0.8645592660048801
0.42105263157894735,0.05263157894736836,0.32793628590208806,0.8707456603959032
0.42105263157894735,0.05263157894736836,0.3885739518570975,0.8677903630775193
0.42105263157894735,0.05263157894736836,0.460423937675878,0.8707340996935423
0.42105263157894735,0.05263157894736836,0.5455594781168519,0.8558209622726133
0.42105263157894735,0.05263157894736836,0.646437163249006,0.8415519733863118
0.42105263157894735,0.05263157894736836,0.7659678234751834,0.831750741783531
0.42105263157894735,0.05263157894736836,0.907600521681814,0.7996504053293843
0.42105263157894735,0.05263157894736836,1.0754220761125606,0.7665302557468663
0.42105263157894735,0.05263157894736836,1.2742749857031335,0.7366611876082818
0.42105263157894735,0.05263157894736836,1.5098971606184193,0.697629721460846
0.42105263157894735,0.05263157894736836,1.789087489923219,0.6651952759617898
0.42105263157894735,0.05263157894736836,2.1199020238496082,0.6317570766717331
0.42105263157894735,0.05263157894736836,2.51188643150958,0.6102896046689987
0.42105263157894735,0.3157894736842104,0.09999999999999999,0.8310183218682089
0.42105263157894735,0.3157894736842104,0.11849068510006666,0.8381273660205032
0.42105263157894735,0.3157894736842104,0.1404004245548316,0.8352770452936821
0.42105263157894735,0.3157894736842104,0.16636142493842218,0.8443177300423934
0.42105263157894735,0.3157894736842104,0.1971227921517696,0.8586907136451444
0.42105263157894735,0.3157894736842104,0.23357214690901223,0.8582779673144179
0.42105263157894735,0.3157894736842104,0.2767612370754227,0.8695762263702956
0.42105263157894735,0.3157894736842104,0.32793628590208806,0.8771018020734811
0.42105263157894735,0.3157894736842104,0.3885739518570975,0.888978909769345
0.42105263157894735,0.3157894736842104,0.460423937675878,0.8836663207976585
0.42105263157894735,0.3157894736842104,0.5455594781168519,0.8729909679640917
0.42105263157894735,0.3157894736842104,0.646437163249006,0.8673233529772868
0.42105263157894735,0.3157894736842104,0.7659678234751834,0.8455034760393891
0.42105263157894735,0.3157894736842104,0.907600521681814,0.8287547531305186
0.42105263157894735,0.3157894736842104,1.0754220761125606,0.7953115930462679
0.42105263157894735,0.3157894736842104,1.2742749857031335,0.7633295056511761
0.42105263157894735,0.3157894736842104,1.5098971606184193,0.7119832294639457
0.42105263157894735,0.3157894736842104,1.789087489923219,0.6897838376440945
0.42105263157894735,0.3157894736842104,2.1199020238496082,0.6488274820035599
0.42105263157894735,0.3157894736842104,2.51188643150958,0.6189418348859559
0.42105263157894735,0.5789473684210527,0.09999999999999999,0.7924895522701233
0.42105263157894735,0.5789473684210527,0.11849068510006666,0.8074711650368296
0.42105263157894735,0.5789473684210527,0.1404004245548316,0.8001409459419409
0.42105263157894735,0.5789473684210527,0.16636142493842218,0.8301749610218178
0.42105263157894735,0.5789473684210527,0.1971227921517696,0.8302203715126785
0.42105263157894735,0.5789473684210527,0.23357214690901223,0.8363467997427533
0.42105263157894735,0.5789473684210527,0.2767612370754227,0.8503240768467047
0.42105263157894735,0.5789473684210527,0.32793628590208806,0.8635074387562854
0.42105263157894735,0.5789473684210527,0.3885739518570975,0.8725942651867632
0.42105263157894735,0.5789473684210527,0.460423937675878,0.8659274726559435
0.42105263157894735,0.5789473684210527,0.5455594781168519,0.8792449007128554
0.42105263157894735,0.5789473684210527,0.646437163249006,0.8737092505296633
0.42105263157894735,0.5789473684210527,0.7659678234751834,0.8562318616107649
0.42105263157894735,0.5789473684210527,0.907600521681814,0.8321827551077737
0.42105263157894735,0.5789473684210527,1.0754220761125606,0.8103464025230191
0.42105263157894735,0.5789473684210527,1.2742749857031335,0.7733195255778412
0.42105263157894735,0.5789473684210527,1.5098971606184193,0.7357198836089449
0.42105263157894735,0.5789473684210527,1.789087489923219,0.6956028882368519
0.42105263157894735,0.5789473684210527,2.1199020238496082,0.6607598547841617
0.42105263157894735,0.5789473684210527,2.51188643150958,0.6284391164529162
0.42105263157894735,0.8421052631578947,0.09999999999999999,0.7611151597928045
0.42105263157894735,0.8421052631578947,0.11849068510006666,0.7852364116085669
0.42105263157894735,0.8421052631578947,0.1404004245548316,0.7807342682808442
0.42105263157894735,0.8421052631578947,0.16636142493842218,0.7915552908847395
0.42105263157894735,0.8421052631578947,0.1971227921517696,0.8043835493249398
0.42105263157894735,0.8421052631578947,0.23357214690901223,0.7929706371101927
0.42105263157894735,0.8421052631578947,0.2767612370754227,0.836165168824847
0.42105263157894735,0.8421052631578947,0.32793628590208806,0.8218977954034015
0.42105263157894735,0.8421052631578947,0.3885739518570975,0.8352218049045044
0.42105263157894735,0.8421052631578947,0.460423937675878,0.8490890744169776
0.42105263157894735,0.8421052631578947,0.5455594781168519,0.8495739627001482
0.42105263157894735,0.8421052631578947,0.646437163249006,0.8504803662861099
0.42105263157894735,0.8421052631578947,0.7659678234751834,0.8403803892773902
0.42105263157894735,0.8421052631578947,0.907600521681814,0.8226328211041817
0.42105263157894735,0.8421052631578947,1.0754220761125606,0.7936500081372821
0.42105263157894735,0.8421052631578947,1.2742749857031335,0.7671235656146222
0.42105263157894735,0.8421052631578947,1.5098971606184193,0.7263448607785972
0.42105263157894735,0.8421052631578947,1.789087489923219,0.6824861216179822
0.42105263157894735,0.8421052631578947,2.1199020238496082,0.6539382816102025
0.42105263157894735,0.8421052631578947,2.51188643150958,0.626774236777044
0.42105263157894735,1.1052631578947367,0.09999999999999999,0.7460643733817386
0.42105263157894735,1.1052631578947367,0.11849068510006666,0.7407812655453222
0.42105263157894735,1.1052631578947367,0.1404004245548316,0.7522447609690308
0.42105263157894735,1.1052631578947367,0.16636142493842218,0.7597363708347102
0.42105263157894735,1.1052631578947367,0.1971227921517696,0.796880015613688
0.42105263157894735,1.1052631578947367,0.23357214690901223,0.8006672777682821
0.42105263157894735,1.1052631578947367,0.2767612370754227,0.7904458317407146
0.42105263157894735,1.1052631578947367,0.32793628590208806,0.8086494369442907
0.42105263157894735,1.1052631578947367,0.3885739518570975,0.8206699426456754
0.42105263157894735,1.1052631578947367,0.460423937675878,0.8153673795096273
0.42105263157894735,1.1052631578947367,0.5455594781168519,0.8204041078712828
0.42105263157894735,1.1052631578947367,0.646437163249006,0.8342721219905581
0.42105263157894735,1.1052631578947367,0.7659678234751834,0.8152709118796759
0.42105263157894735,1.1052631578947367,0.907600521681814,0.7948061209244432
0.42105263157894735,1.1052631578947367,1.0754220761125606,0.7874768666744577
0.42105263157894735,1.1052631578947367,1.2742749857031335,0.7419461926985542
0.42105263157894735,1.1052631578947367,1.5098971606184193,0.7140198598802829
0.42105263157894735,1.1052631578947367,1.789087489923219,0.6812445231790386
0.42105263157894735,1.1052631578947367,2.1199020238496082,0.6479182573965355
0.42105263157894735,1.1052631578947367,2.51188643150958,0.6187190663454497
0.42105263157894735,1.3684210526315788,0.09999999999999999,0.7054345345104222
0.42105263157894735,1.3684210526315788,0.11849068510006666,0.6937931333688766
0.42105263157894735,1.3684210526315788,0.1404004245548316,0.7120210796249733
0.42105263157894735,1.3684210526315788,0.16636142493842218,0.7382961778512062
0.42105263157894735,1.3684210526315788,0.1971227921517696,0.7266379922647109
0.42105263157894735,1.3684210526315788,0.23357214690901223,0.7482316876046969
0.42105263157894735,1.3684210526315788,0.2767612370754227,0.7474356126784383
0.42105263157894735,1.3684210526315788,0.32793628590208806,0.7731499956982183
0.42105263157894735,1.3684210526315788,0.3885739518570975,0.772066554258867
0.42105263157894735,1.3684210526315788,0.460423937675878,0.7873146895857888
0.42105263157894735,1.3684210526315788,0.5455594781168519,0.7840882475103801
0.42105263157894735,1.3684210526315788,0.646437163249006,0.7843029012103553
0.42105263157894735,1.3684210526315788,0.7659678234751834,0.7905613331594054
0.42105263157894735,1.3684210526315788,0.907600521681814,0.7731269651424251
0.42105263157894735,1.3684210526315788,1.0754220761125606,0.7542634503425254
0.42105263157894735,1.3684210526315788,1.2742749857031335,0.7366519555399704
0.42105263157894735,1.3684210526315788,1.5098971606184193,0.7069889360387086
0.42105263157894735,1.3684210526315788,1.789087489923219,0.6726533586586945
0.42105263157894735,1.3684210526315788,2.1199020238496082,0.6392270699625254
0.42105263157894735,1.3684210526315788,2.51188643150958,0.6161475340124302
0.42105263157894735,1.6315789473684208,0.09999999999999999,0.6973283698797151
0.42105263157894735,1.6315789473684208,0.11849068510006666,0.701576183260515
0.42105263157894735,1.6315789473684208,0.1404004245548316,0.7207265564494071
0.42105263157894735,1.6315789473684208,0.16636142493842218,0.7131744293250576
0.42105263157894735,1.6315789473684208,0.1971227921517696,0.7096337990626338
0.42105263157894735,1.6315789473684208,0.23357214690901223,0.7272132269820606
0.42105263157894735,1.6315789473684208,0.2767612370754227,0.7506972249362242
0.42105263157894735,1.6315789473684208,0.32793628590208806,0.7466319584235426
0.42105263157894735,1.6315789473684208,0.3885739518570975,0.7624339528098247
0.42105263157894735,1.6315789473684208,0.460423937675878,0.7454359706551384
0.42105263157894735,1.6315789473684208,0.5455594781168519,0.7929783763871061
0.42105263157894735,1.6315789473684208,0.646437163249006,0.7691831609498627
0.42105263157894735,1.6315789473684208,0.7659678234751834,0.7855252850651901
0.42105263157894735,1.6315789473684208,0.907600521681814,0.7552965253194418
0.42105263157894735,1.6315789473684208,1.0754220761125606,0.736468346415649
0.42105263157894735,1.6315789473684208,1.2742749857031335,0.7130414293604647
0.42105263157894735,1.6315789473684208,1.5098971606184193,0.6997725100339579
0.42105263157894735,1.6315789473684208,1.789087489923219,0.6685003383123415
0.42105263157894735,1.6315789473684208,2.1199020238496082,0.6392076703291136
0.42105263157894735,1.6315789473684208,2.51188643150958,0.609234700235552
0.42105263157894735,1.8947368421052628,0.09999999999999999,0.6530794682102883
0.42105263157894735,1.8947368421052628,0.11849068510006666,0.6574611747303395
0.42105263157894735,1.8947368421052628,0.1404004245548316,0.683983193910313
0.42105263157894735,1.8947368421052628,0.16636142493842218,0.6905817436751336
0.42105263157894735,1.8947368421052628,0.1971227921517696,0.6983618912705128
0.42105263157894735,1.8947368421052628,0.23357214690901223,0.7180007100758359
0.42105263157894735,1.8947368421052628,0.2767612370754227,0.7312533763582655
0.42105263157894735,1.8947368421052628,0.32793628590208806,0.714649567975875
0.42105263157894735,1.8947368421052628,0.3885739518570975,0.7485414207935817
0.42105263157894735,1.8947368421052628,0.460423937675878,0.7444201095219477
0.42105263157894735,1.8947368421052628,0.5455594781168519,0.7631846930397502
0.42105263157894735,1.8947368421052628,0.646437163249006,0.7744718439859997
0.42105263157894735,1.8947368421052628,0.7659678234751834,0.7547805358125756
0.42105263157894735,1.8947368421052628,0.907600521681814,0.7499539767523312
0.42105263157894735,1.8947368421052628,1.0754220761125606,0.7462750846323499
0.42105263157894735,1.8947368421052628,1.2742749857031335,0.713613734513021
0.42105263157894735,1.8947368421052628,1.5098971606184193,0.6889419311502469
0.42105263157894735,1.8947368421052628,1.789087489923219,0.6605573247276552
0.42105263157894735,1.8947368421052628,2.1199020238496082,0.633362751226889
0.42105263157894735,1.8947368421052628,2.51188643150958,0.6073458298409167
0.42105263157894735,2.1578947368421053,0.09999999999999999,0.6543691475015632
0.42105263157894735,2.1578947368421053,0.11849068510006666,0.6723447936326074
0.42105263157894735,2.1578947368421053,0.1404004245548316,0.6678904550981931
0.42105263157894735,2.1578947368421053,0.16636142493842218,0.6874241580899554
0.42105263157894735,2.1578947368421053,0.1971227921517696,0.7053421020378183
0.42105263157894735,2.1578947368421053,0.23357214690901223,0.7093533333432366
0.42105263157894735,2.1578947368421053,0.2767612370754227,0.731165926658951
0.42105263157894735,2.1578947368421053,0.32793628590208806,0.7073428668090674
0.42105263157894735,2.1578947368421053,0.3885739518570975,0.7459094646511081
0.42105263157894735,2.1578947368421053,0.460423937675878,0.7494980261281274
0.42105263157894735,2.1578947368421053,0.5455594781168519,0.7483457652875379
0.42105263157894735,2.1578947368421053,0.646437163249006,0.7528302032174563
0.42105263157894735,2.1578947368421053,0.7659678234751834,0.740918834567315
0.42105263157894735,2.1578947368421053,0.907600521681814,0.743514879635532
0.42105263157894735,2.1578947368421053,1.0754220761125606,0.7323801475647748
0.42105263157894735,2.1578947368421053,1.2742749857031335,0.7030907704403847
0.42105263157894735,2.1578947368421053,1.5098971606184193,0.6850902106966592
0.42105263157894735,2.1578947368421053,1.789087489923219,0.6530860809475924
0.42105263157894735,2.1578947368421053,2.1199020238496082,0.625468333595242
0.42105263157894735,2.1578947368421053,2.51188643150958,0.6063460554755083
0.42105263157894735,2.4210526315789473,0.09999999999999999,0.6359065511221638
0.42105263157894735,2.4210526315789473,0.11849068510006666,0.668619312583329
0.42105263157894735,2.4210526315789473,0.1404004245548316,0.6704663504988354
0.42105263157894735,2.4210526315789473,0.16636142493842218,0.6645261261106095
0.42105263157894735,2.4210526315789473,0.1971227921517696,0.6860767524276203
0.42105263157894735,2.4210526315789473,0.23357214690901223,0.7005145594531051
0.42105263157894735,2.4210526315789473,0.2767612370754227,0.704020380761273
0.42105263157894735,2.4210526315789473,0.32793628590208806,0.7402881909476092
0.42105263157894735,2.4210526315789473,0.3885739518570975,0.7283233365325809
0.42105263157894735,2.4210526315789473,0.460423937675878,0.7512383710527278
0.42105263157894735,2.4210526315789473,0.5455594781168519,0.7428316247640384
0.42105263157894735,2.4210526315789473,0.646437163249006,0.7257175010232182
0.42105263157894735,2.4210526315789473,0.7659678234751834,0.7470547145863766
0.42105263157894735,2.4210526315789473,0.907600521681814,0.7473355284090567
0.42105263157894735,2.4210526315789473,1.0754220761125606,0.7183493900471039
0.42105263157894735,2.4210526315789473,1.2742749857031335,0.7070571960987948
0.42105263157894735,2.4210526315789473,1.5098971606184193,0.6782320058430676
0.42105263157894735,2.4210526315789473,1.789087489923219,0.6515342479143519
0.42105263157894735,2.4210526315789473,2.1199020238496082,0.6272271771991216
0.42105263157894735,2.4210526315789473,2.51188643150958,0.6027418583777248
0.42105263157894735,2.6842105263157894,0.09999999999999999,0.6578478653412955
0.42105263157894735,2.6842105263157894,0.11849068510006666,0.6922780116555524
0.42105263157894735,2.6842105263157894,0.1404004245548316,0.6756046456175243
0.42105263157894735,2.6842105263157894,0.16636142493842218,0.683110372339072
0.42105263157894735,2.6842105263157894,0.1971227921517696,0.6704644510706449
0.42105263157894735,2.6842105263157894,0.23357214690901223,0.6910945919665814
0.42105263157894735,2.6842105263157894,0.2767612370754227,0.7258453826470299
0.42105263157894735,2.6842105263157894,0.32793628590208806,0.7311301108814613
0.42105263157894735,2.6842105263157894,0.3885739518570975,0.7059597224200509
0.42105263157894735,2.6842105263157894,0.460423937675878,0.7317796931196479
0.42105263157894735,2.6842105263157894,0.5455594781168519,0.7298696030086026
0.42105263157894735,2.6842105263157894,0.646437163249006,0.7471229180832333
0.42105263157894735,2.6842105263157894,0.7659678234751834,0.7435446481939599
0.42105263157894735,2.6842105263157894,0.907600521681814,0.7345360595342916
0.42105263157894735,2.6842105263157894,1.0754220761125606,0.7202304957339527
0.42105263157894735,2.6842105263157894,1.2742749857031335,0.7070512223695284
0.42105263157894735,2.6842105263157894,1.5098971606184193,0.6722219001489271
0.42105263157894735,2.6842105263157894,1.789087489923219,0.6524089779729434
0.42105263157894735,2.6842105263157894,2.1199020238496082,0.6279525955356113
0.42105263157894735,2.6842105263157894,2.51188643150958,0.6049425946219222
0.42105263157894735,2.9473684210526314,0.09999999999999999,0.6661410132392609
0.42105263157894735,2.9473684210526314,0.11849068510006666,0.6953323992528229
0.42105263157894735,2.9473684210526314,0.1404004245548316,0.6861244243371856
0.42105263157894735,2.9473684210526314,0.16636142493842218,0.6727008456637174
0.42105263157894735,2.9473684210526314,0.1971227921517696,0.6868689328055295
0.42105263157894735,2.9473684210526314,0.23357214690901223,0.7050700902167485
0.42105263157894735,2.9473684210526314,0.2767612370754227,0.7216819507651723
0.42105263157894735,2.9473684210526314,0.32793628590208806,0.7193739666547447
0.42105263157894735,2.9473684210526314,0.3885739518570975,0.7141689885326422
0.42105263157894735,2.9473684210526314,0.460423937675878,0.7425366737414388
0.42105263157894735,2.9473684210526314,0.5455594781168519,0.7396794047056456
0.42105263157894735,2.9473684210526314,0.646437163249006,0.7295692036280497
0.42105263157894735,2.9473684210526314,0.7659678234751834,0.7439849334454236
0.42105263157894735,2.9473684210526314,0.907600521681814,0.7434203382191183
0.42105263157894735,2.9473684210526314,1.0754220761125606,0.7237027490064832
0.42105263157894735,2.9473684210526314,1.2742749857031335,0.7055817456564679
0.42105263157894735,2.9473684210526314,1.5098971606184193,0.6799014540394561
0.42105263157894735,2.9473684210526314,1.789087489923219,0.6567017233985984
0.42105263157894735,2.9473684210526314,2.1199020238496082,0.6284010668269693
0.42105263157894735,2.9473684210526314,2.51188643150958,0.6023851366196107
0.42105263157894735,3.2105263157894735,0.09999999999999999,0.6556159532679632
0.42105263157894735,3.2105263157894735,0.11849068510006666,0.655520295670875
0.42105263157894735,3.2105263157894735,0.1404004245548316,0.6665888246075228
0.42105263157894735,3.2105263157894735,0.16636142493842218,0.6735360406034577
0.42105263157894735,3.2105263157894735,0.1971227921517696,0.6989462094355208
0.42105263157894735,3.2105263157894735,0.23357214690901223,0.6990758790283093
0.42105263157894735,3.2105263157894735,0.2767612370754227,0.7130066765271648
0.42105263157894735,3.2105263157894735,0.32793628590208806,0.7353026285794296
0.42105263157894735,3.2105263157894735,0.3885739518570975,0.7246360944864684
0.42105263157894735,3.2105263157894735,0.460423937675878,0.7351757587800013
0.42105263157894735,3.2105263157894735,0.5455594781168519,0.7343247740641061
0.42105263157894735,3.2105263157894735,0.646437163249006,0.7480252815197058
0.42105263157894735,3.2105263157894735,0.7659678234751834,0.7339669579231519
0.42105263157894735,3.2105263157894735,0.907600521681814,0.7366830060154016
0.42105263157894735,3.2105263157894735,1.0754220761125606,0.7122562496272076
0.42105263157894735,3.2105263157894735,1.2742749857031335,0.6950564387319977
0.42105263157894735,3.2105263157894735,1.5098971606184193,0.6691858967166652
0.42105263157894735,3.2105263157894735,1.789087489923219,0.6492175741727955
0.42105263157894735,3.2105263157894735,2.1199020238496082,0.624382345400882
0.42105263157894735,3.2105263157894735,2.51188643150958,0.6008092695437484
0.42105263157894735,3.473684210526316,0.09999999999999999,0.6718697293101292
0.42105263157894735,3.473684210526316,0.11849068510006666,0.667936476402547
0.42105263157894735,3.473684210526316,0.1404004245548316,0.6339650763963305
0.42105263157894735,3.473684210526316,0.16636142493842218,0.6661131539758528
0.42105263157894735,3.473684210526316,0.1971227921517696,0.7020376775716439
0.42105263157894735,3.473684210526316,0.23357214690901223,0.69080074938339
0.42105263157894735,3.473684210526316,0.2767612370754227,0.693225834843607
0.42105263157894735,3.473684210526316,0.32793628590208806,0.7055392816300192
0.42105263157894735,3.473684210526316,0.3885739518570975,0.7186582284395534
0.42105263157894735,3.473684210526316,0.460423937675878,0.7268943917414985
0.42105263157894735,3.473684210526316,0.5455594781168519,0.7385880559426699
0.42105263157894735,3.473684210526316,0.646437163249006,0.7330420943377504
0.42105263157894735,3.473684210526316,0.7659678234751834,0.741857992385861
0.42105263157894735,3.473684210526316,0.907600521681814,0.7218153136178816
0.42105263157894735,3.473684210526316,1.0754220761125606,0.7164931071730725
0.42105263157894735,3.473684210526316,1.2742749857031335,0.7018685057798779
0.42105263157894735,3.473684210526316,1.5098971606184193,0.6804011047422596
0.42105263157894735,3.473684210526316,1.789087489923219,0.6487130636355065
0.42105263157894735,3.473684210526316,2.1199020238496082,0.6248824852812431
0.42105263157894735,3.473684210526316,2.51188643150958,0.6009550498549786
0.42105263157894735,3.7368421052631575,0.09999999999999999,0.6472507152464883
0.42105263157894735,3.7368421052631575,0.11849068510006666,0.6562247830477891
0.42105263157894735,3.7368421052631575,0.1404004245548316,0.6599088573594115
0.42105263157894735,3.7368421052631575,0.16636142493842218,0.663685186275061
0.42105263157894735,3.7368421052631575,0.1971227921517696,0.6885767560157119
0.42105263157894735,3.7368421052631575,0.23357214690901223,0.6969925354080536
0.42105263157894735,3.7368421052631575,0.2767612370754227,0.6850253185519862
0.42105263157894735,3.7368421052631575,0.32793628590208806,0.7016151849259364
0.42105263157894735,3.7368421052631575,0.3885739518570975,0.7249174519939494
0.42105263157894735,3.7368421052631575,0.460423937675878,0.7279490831371802
0.42105263157894735,3.7368421052631575,0.5455594781168519,0.7365244110061607
0.42105263157894735,3.7368421052631575,0.646437163249006,0.737200313471506
0.42105263157894735,3.7368421052631575,0.7659678234751834,0.7256548857456154
0.42105263157894735,3.7368421052631575,0.907600521681814,0.7345662464233494
0.42105263157894735,3.7368421052631575,1.0754220761125606,0.7143532566561384
0.42105263157894735,3.7368421052631575,1.2742749857031335,0.6969441070923703
0.42105263157894735,3.7368421052631575,1.5098971606184193,0.6711583400217129
0.42105263157894735,3.7368421052631575,1.789087489923219,0.6481337703289681
0.42105263157894735,3.7368421052631575,2.1199020238496082,0.6238111621438106
0.42105263157894735,3.7368421052631575,2.51188643150958,0.6010936186036
0.42105263157894735,4.0,0.09999999999999999,0.6311216053243784
0.42105263157894735,4.0,0.11849068510006666,0.6414302386895129
0.42105263157894735,4.0,0.1404004245548316,0.6621465170056268
0.42105263157894735,4.0,0.16636142493842218,0.6593921202971145
0.42105263157894735,4.0,0.1971227921517696,0.6790677943499595
0.42105263157894735,4.0,0.23357214690901223,0.6932391844775152
0.42105263157894735,4.0,0.2767612370754227,0.6932293962492477
0.42105263157894735,4.0,0.32793628590208806,0.707210732105614
0.42105263157894735,4.0,0.3885739518570975,0.7204217362186798
0.42105263157894735,4.0,0.460423937675878,0.7281963136578515
0.42105263157894735,4.0,0.5455594781168519,0.7264626728600875
0.42105263157894735,4.0,0.646437163249006,0.7212825529457956
0.42105263157894735,4.0,0.7659678234751834,0.7342328991967276
0.42105263157894735,4.0,0.907600521681814,0.7254269566332228
0.42105263157894735,4.0,1.0754220761125606,0.715330846354491
0.42105263157894735,4.0,1.2742749857031335,0.6905978596678674
0.42105263157894735,4.0,1.5098971606184193,0.6728994113056634
0.42105263157894735,4.0,1.789087489923219,0.6447693226181814
0.42105263157894735,4.0,2.1199020238496082,0.6259977530112145
0.42105263157894735,4.0,2.51188643150958,0.6020675954318424
0.631578947368421,-1.0,0.09999999999999999,0.6839276458328588
0.631578947368421,-1.0,0.11849068510006666,0.6865043271191098
0.631578947368421,-1.0,0.1404004245548316,0.7008249646118109
0.631578947368421,-1.0,0.16636142493842218,0.7164696790646516
0.631578947368421,-1.0,0.1971227921517696,0.692992107855654
0.631578947368421,-1.0,0.23357214690901223,0.7003126389837036
0.631578947368421,-1.0,0.2767612370754227,0.7358491974797186
0.631578947368421,-1.0,0.32793628590208806,0.7341029054086868
0.631578947368421,-1.0,0.3885739518570975,0.7408216549553065
0.631578947368421,-1.0,0.460423937675878,0.7250031058192691
0.631578947368421,-1.0,0.5455594781168519,0.7435920749530492
0.631578947368421,-1.0,0.646437163249006,0.7319013613738872
0.631578947368421,-1.0,0.7659678234751834,0.7176748849982587
0.631578947368421,-1.0,0.907600521681814,0.6851022443646878
0.631578947368421,-1.0,1.0754220761125606,0.6796901708208803
0.631578947368421,-1.0,1.2742749857031335,0.6579037022766642
0.631578947368421,-1.0,1.5098971606184193,0.6416216010398038
0.631578947368421,-1.0,1.789087489923219,0.610688176654657
0.631578947368421,-1.0,2.1199020238496082,0.5909786694358268
0.631578947368421,-1.0,2.51188643150958,0.5725344381015822
0.631578947368421,-0.736842105263158,0.09999999999999999,0.6999633099867283
0.631578947368421,-0.736842105263158,0.11849068510006666,0.7074779711793857
0.631578947368421,-0.736842105263158,0.1404004245548316,0.7447267770151861
0.631578947368421,-0.736842105263158,0.16636142493842218,0.7569795007033526
0.631578947368421,-0.736842105263158,0.1971227921517696,0.7313271540645585
0.631578947368421,-0.736842105263158,0.23357214690901223,0.7295125603076357
0.631578947368421,-0.736842105263158,0.2767612370754227,0.7262459362804983
0.631578947368421,-0.736842105263158,0.32793628590208806,0.7522010525918884
0.631578947368421,-0.736842105263158,0.3885739518570975,0.7533638455807363
0.631578947368421,-0.736842105263158,0.460423937675878,0.7664912882623085
0.631578947368421,-0.736842105263158,0.5455594781168519,0.7504378434847437
0.631578947368421,-0.736842105263158,0.646437163249006,0.7264371306593825
0.631578947368421,-0.736842105263158,0.7659678234751834,0.7278569351298839
0.631578947368421,-0.736842105263158,0.907600521681814,0.7163469004055747
0.631578947368421,-0.736842105263158,1.0754220761125606,0.6827925627915997
0.631578947368421,-0.736842105263158,1.2742749857031335,0.6785038648540673
0.631578947368421,-0.736842105263158,1.5098971606184193,0.6361753322042623
0.631578947368421,-0.736842105263158,1.789087489923219,0.6187717598784502
0.631578947368421,-0.736842105263158,2.1199020238496082,0.5926038048943416
0.631578947368421,-0.736842105263158,2.51188643150958,0.5796626944900736
0.631578947368421,-0.4736842105263158,0.09999999999999999,0.7508168716482571
0.631578947368421,-0.4736842105263158,0.11849068510006666,0.74921938847958
0.631578947368421,-0.4736842105263158,0.1404004245548316,0.7602756862087577
0.631578947368421,-0.4736842105263158,0.16636142493842218,0.7454034070979112
0.631578947368421,-0.4736842105263158,0.1971227921517696,0.7598993488130891
0.631578947368421,-0.4736842105263158,0.23357214690901223,0.7872003233346895
0.631578947368421,-0.4736842105263158,0.2767612370754227,0.7464617560719271
0.631578947368421,-0.4736842105263158,0.32793628590208806,0.7746746018067701
0.631578947368421,-0.4736842105263158,0.3885739518570975,0.7646685416099335
0.631578947368421,-0.4736842105263158,0.460423937675878,0.7560340787534049
0.631578947368421,-0.4736842105263158,0.5455594781168519,0.7736576496816142
0.631578947368421,-0.4736842105263158,0.646437163249006,0.758657320625137
0.631578947368421,-0.4736842105263158,0.7659678234751834,0.7305176459002581
0.631578947368421,-0.4736842105263158,0.907600521681814,0.7289727688000633
0.631578947368421,-0.4736842105263158,1.0754220761125606,0.7054259261892769
0.631578947368421,-0.4736842105263158,1.2742749857031335,0.678957521117315
0.631578947368421,-0.4736842105263158,1.5098971606184193,0.6493529904243629
0.631578947368421,-0.4736842105263158,1.789087489923219,0.6228859089530653
0.631578947368421,-0.4736842105263158,2.1199020238496082,0.5966756213864347
0.631578947368421,-0.4736842105263158,2.51188643150958,0.5788147281988767
0.631578947368421,-0.21052631578947367,0.09999999999999999,0.7660389547628544
0.631578947368421,-0.21052631578947367,0.11849068510006666,0.7460945289142795
0.631578947368421,-0.21052631578947367,0.1404004245548316,0.7726461792717714
0.631578947368421,-0.21052631578947367,0.16636142493842218,0.7600340157680795
0.631578947368421,-0.21052631578947367,0.1971227921517696,0.7805368740323129
0.631578947368421,-0.21052631578947367,0.23357214690901223,0.8025698259866829
0.631578947368421,-0.21052631578947367,0.2767612370754227,0.7972809251436707
0.631578947368421,-0.21052631578947367,0.32793628590208806,0.8020537682477503
0.631578947368421,-0.21052631578947367,0.3885739518570975,0.8071260413101721
0.631578947368421,-0.21052631578947367,0.460423937675878,0.7938046812429329
0.631578947368421,-0.21052631578947367,0.5455594781168519,0.7914618737065298
0.631578947368421,-0.21052631578947367,0.646437163249006,0.7806462960130157
0.631578947368421,-0.21052631578947367,0.7659678234751834,0.74544381281427
0.631578947368421,-0.21052631578947367,0.907600521681814,0.7245147299640726
0.631578947368421,-0.21052631578947367,1.0754220761125606,0.7072720167937877
0.631578947368421,-0.21052631578947367,1.2742749857031335,0.6881418951248548
0.631578947368421,-0.21052631578947367,1.5098971606184193,0.6539642442476133
0.631578947368421,-0.21052631578947367,1.789087489923219,0.6214493498289387
0.631578947368421,-0.21052631578947367,2.1199020238496082,0.6095609026109406
0.631578947368421,-0.21052631578947367,2.51188643150958,0.5799031296381141
0.631578947368421,0.05263157894736836,0.09999999999999999,0.7745086418173429
0.631578947368421,0.05263157894736836,0.11849068510006666,0.7833893689110648
0.631578947368421,0.05263157894736836,0.1404004245548316,0.7963455713927694
0.631578947368421,0.05263157894736836,0.16636142493842218,0.8037321401443853
0.631578947368421,0.05263157894736836,0.1971227921517696,0.8071008177794727
0.631578947368421,0.05263157894736836,0.23357214690901223,0.804682386044224
0.631578947368421,0.05263157894736836,0.2767612370754227,0.8221281685358414
0.631578947368421,0.05263157894736836,0.32793628590208806,0.8262252364200114
0.631578947368421,0.05263157894736836,0.3885739518570975,0.8236968810461205
0.631578947368421,0.05263157894736836,0.460423937675878,0.8139961921168113
0.631578947368421,0.05263157894736836,0.5455594781168519,0.8188364214852171
0.631578947368421,0.05263157894736836,0.646437163249006,0.8062478303881798
0.631578947368421,0.05263157894736836,0.7659678234751834,0.7854599571083706
0.631578947368421,0.05263157894736836,0.907600521681814,0.7647369205433117
0.631578947368421,0.05263157894736836,1.0754220761125606,0.7445791305068761
0.631578947368421,0.05263157894736836,1.2742749857031335,0.7014584693353032
0.631578947368421,0.05263157894736836,1.5098971606184193,0.6702546190655188
0.631578947368421,0.05263157894736836,1.789087489923219,0.6407916848159039
0.631578947368421,0.05263157894736836,2.1199020238496082,0.6139889398294543
0.631578947368421,0.05263157894736836,2.51188643150958,0.5948721645415204
0.631578947368421,0.3157894736842104,0.09999999999999999,0.8137310644611593
0.631578947368421,0.3157894736842104,0.11849068510006666,0.8282657880407226
0.631578947368421,0.3157894736842104,0.1404004245548316,0.8313485489236883
0.631578947368421,0.3157894736842104,0.16636142493842218,0.8317938768550664
0.631578947368421,0.3157894736842104,0.1971227921517696,0.8564295929332711
0.631578947368421,0.3157894736842104,0.23357214690901223,0.8464338766907777
0.631578947368421,0.3157894736842104,0.2767612370754227,0.8593766568066461
0.631578947368421,0.3157894736842104,0.32793628590208806,0.8575517523457014
0.631578947368421,0.3157894736842104,0.3885739518570975,0.8639295051243514
0.631578947368421,0.3157894736842104,0.460423937675878,0.8605257376589797
0.631578947368421,0.3157894736842104,0.5455594781168519,0.8468635234237749
0.631578947368421,0.3157894736842104,0.646437163249006,0.8402996407889278
0.631578947368421,0.3157894736842104,0.7659678234751834,0.8124004550870688
0.631578947368421,0.3157894736842104,0.907600521681814,0.7844639647740013
0.631578947368421,0.3157894736842104,1.0754220761125606,0.7725083876817399
0.631578947368421,0.3157894736842104,1.2742749857031335,0.7333466434242658
0.631578947368421,0.3157894736842104,1.5098971606184193,0.6953515216261825
0.631578947368421,0.3157894736842104,1.789087489923219,0.664593563629027
0.631578947368421,0.3157894736842104,2.1199020238496082,0.6237636913425301
0.631578947368421,0.3157894736842104,2.51188643150958,0.6028299067540555
0.631578947368421,0.5789473684210527,0.09999999999999999,0.7912324950955414
0.631578947368421,0.5789473684210527,0.11849068510006666,0.8186984055205795
0.631578947368421,0.5789473684210527,0.1404004245548316,0.8192942340815877
0.631578947368421,0.5789473684210527,0.16636142493842218,0.8204273532812797
0.631578947368421,0.5789473684210527,0.1971227921517696,0.8439284279669507
0.631578947368421,0.5789473684210527,0.23357214690901223,0.8542842442971782
0.631578947368421,0.5789473684210527,0.2767612370754227,0.856125790029888
0.631578947368421,0.5789473684210527,0.32793628590208806,0.8717458669141376
0.631578947368421,0.5789473684210527,0.3885739518570975,0.8764801441919735
0.631578947368421,0.5789473684210527,0.460423937675878,0.8742204844292883
0.631578947368421,0.5789473684210527,0.5455594781168519,0.8796217950747831
0.631578947368421,0.5789473684210527,0.646437163249006,0.86090010376621
0.631578947368421,0.5789473684210527,0.7659678234751834,0.8602078681306468
0.631578947368421,0.5789473684210527,0.907600521681814,0.8241828433359459
0.631578947368421,0.5789473684210527,1.0754220761125606,0.7984942448149619
0.631578947368421,0.5789473684210527,1.2742749857031335,0.7605411337719336
0.631578947368421,0.5789473684210527,1.5098971606184193,0.7210152027346711
0.631578947368421,0.5789473684210527,1.789087489923219,0.6894815565703277
0.631578947368421,0.5789473684210527,2.1199020238496082,0.651545951896769
0.631578947368421,0.5789473684210527,2.51188643150958,0.623395914685054
0.631578947368421,0.8421052631578947,0.09999999999999999,0.7839073567171722
0.631578947368421,0.8421052631578947,0.11849068510006666,0.7819507567313856
0.631578947368421,0.8421052631578947,0.1404004245548316,0.8109694472341684
0.631578947368421,0.8421052631578947,0.16636142493842218,0.8011824719373699
0.631578947368421,0.8421052631578947,0.1971227921517696,0.8306957875133997
0.631578947368421,0.8421052631578947,0.23357214690901223,0.8390766685947817
0.631578947368421,0.8421052631578947,0.2767612370754227,0.8453160943282001
0.631578947368421,0.8421052631578947,0.32793628590208806,0.8602623406632953
0.631578947368421,0.8421052631578947,0.3885739518570975,0.8614456021709145
0.631578947368421,0.8421052631578947,0.460423937675878,0.8719283147328858
0.631578947368421,0.8421052631578947,0.5455594781168519,0.870646758549631
0.631578947368421,0.8421052631578947,0.646437163249006,0.8667454636140014
0.631578947368421,0.8421052631578947,0.7659678234751834,0.8532780122171556
0.631578947368421,0.8421052631578947,0.907600521681814,0.8339536475513224
0.631578947368421,0.8421052631578947,1.0754220761125606,0.8111052550199019
0.631578947368421,0.8421052631578947,1.2742749857031335,0.7766224826014131
0.631578947368421,0.8421052631578947,1.5098971606184193,0.7433005598708745
0.631578947368421,0.8421052631578947,1.789087489923219,0.6992334114075174
0.631578947368421,0.8421052631578947,2.1199020238496082,0.6691778964153786
0.631578947368421,0.8421052631578947,2.51188643150958,0.6310621478673949
0.631578947368421,1.1052631578947367,0.09999999999999999,0.7797157032549998
0.631578947368421,1.1052631578947367,0.11849068510006666,0.7636198830246105
0.631578947368421,1.1052631578947367,0.1404004245548316,0.7913442968642416
0.631578947368421,1.1052631578947367,0.16636142493842218,0.7854953338447244
0.631578947368421,1.1052631578947367,0.1971227921517696,0.7874513648721123
0.631578947368421,1.1052631578947367,0.23357214690901223,0.8016420765636699
0.631578947368421,1.1052631578947367,0.2767612370754227,0.8196496989706885
0.631578947368421,1.1052631578947367,0.32793628590208806,0.8425294151379829
0.631578947368421,1.1052631578947367,0.3885739518570975,0.8486488628504151
0.631578947368421,1.1052631578947367,0.460423937675878,0.8474639057892122
0.631578947368421,1.1052631578947367,0.5455594781168519,0.8548257751871129
0.631578947368421,1.1052631578947367,0.646437163249006,0.8488582210741672
0.631578947368421,1.1052631578947367,0.7659678234751834,0.8382502464196053
0.631578947368421,1.1052631578947367,0.907600521681814,0.8212678101841127
0.631578947368421,1.1052631578947367,1.0754220761125606,0.793232341107876
0.631578947368421,1.1052631578947367,1.2742749857031335,0.7624941986101714
0.631578947368421,1.1052631578947367,1.5098971606184193,0.7235377934564382
0.631578947368421,1.1052631578947367,1.789087489923219,0.6978921577627386
0.631578947368421,1.1052631578947367,2.1199020238496082,0.6586831800667938
0.631578947368421,1.1052631578947367,2.51188643150958,0.6284370089325223
0.631578947368421,1.3684210526315788,0.09999999999999999,0.7238582569785617
0.631578947368421,1.3684210526315788,0.11849068510006666,0.7526145410498635
0.631578947368421,1.3684210526315788,0.1404004245548316,0.7356897757566345
0.631578947368421,1.3684210526315788,0.16636142493842218,0.7772305711443795
0.631578947368421,1.3684210526315788,0.1971227921517696,0.7688350071255107
0.631578947368421,1.3684210526315788,0.23357214690901223,0.7973167336971188
0.631578947368421,1.3684210526315788,0.2767612370754227,0.7848827210787703
0.631578947368421,1.3684210526315788,0.32793628590208806,0.8048143436050722
0.631578947368421,1.3684210526315788,0.3885739518570975,0.8019034145682205
0.631578947368421,1.3684210526315788,0.460423937675878,0.8249851441744619
0.631578947368421,1.3684210526315788,0.5455594781168519,0.823882870166057
0.631578947368421,1.3684210526315788,0.646437163249006,0.8218627635917275
0.631578947368421,1.3684210526315788,0.7659678234751834,0.8192844805243618
0.631578947368421,1.3684210526315788,0.907600521681814,0.8007126691392875
0.631578947368421,1.3684210526315788,1.0754220761125606,0.777869521147525
0.631578947368421,1.3684210526315788,1.2742749857031335,0.7472730440141068
0.631578947368421,1.3684210526315788,1.5098971606184193,0.7111721370352585
0.631578947368421,1.3684210526315788,1.789087489923219,0.6837281925811873
0.631578947368421,1.3684210526315788,2.1199020238496082,0.6525006536338893
0.631578947368421,1.3684210526315788,2.51188643150958,0.6237141709223567
0.631578947368421,1.6315789473684208,0.09999999999999999,0.7162829822474379
0.631578947368421,1.6315789473684208,0.11849068510006666,0.7328255801611154
0.631578947368421,1.6315789473684208,0.1404004245548316,0.7374108177811239
0.631578947368421,1.6315789473684208,0.16636142493842218,0.7258450719397025
0.631578947368421,1.6315789473684208,0.1971227921517696,0.7641646652903533
0.631578947368421,1.6315789473684208,0.23357214690901223,0.7594648580781583
0.631578947368421,1.6315789473684208,0.2767612370754227,0.7633727307953996
0.631578947368421,1.6315789473684208,0.32793628590208806,0.7759630732230525
0.631578947368421,1.6315789473684208,0.3885739518570975,0.784844075062351
0.631578947368421,1.6315789473684208,0.460423937675878,0.8012456392693448
0.631578947368421,1.6315789473684208,0.5455594781168519,0.7897903874521517
0.631578947368421,1.6315789473684208,0.646437163249006,0.7960519379527077
0.631578947368421,1.6315789473684208,0.7659678234751834,0.786241936882069
0.631578947368421,1.6315789473684208,0.907600521681814,0.7773526776888623
0.631578947368421,1.6315789473684208,1.0754220761125606,0.7519893749142548
0.631578947368421,1.6315789473684208,1.2742749857031335,0.7273601056044308
0.631578947368421,1.6315789473684208,1.5098971606184193,0.7050931343089042
0.631578947368421,1.6315789473684208,1.789087489923219,0.6718655116740314
0.631578947368421,1.6315789473684208,2.1199020238496082,0.6485857127950363
0.631578947368421,1.6315789473684208,2.51188643150958,0.6176784505108349
0.631578947368421,1.8947368421052628,0.09999999999999999,0.7006021687136714
0.631578947368421,1.8947368421052628,0.11849068510006666,0.6981492895908675
0.631578947368421,1.8947368421052628,0.1404004245548316,0.70540463542257
0.631578947368421,1.8947368421052628,0.16636142493842218,0.7175565473755556
0.631578947368421,1.8947368421052628,0.1971227921517696,0.710601299771172
0.631578947368421,1.8947368421052628,0.23357214690901223,0.7373335014425296
0.631578947368421,1.8947368421052628,0.2767612370754227,0.7561040797305705
0.631578947368421,1.8947368421052628,0.32793628590208806,0.7671023101671472
0.631578947368421,1.8947368421052628,0.3885739518570975,0.7578547677508248
0.631578947368421,1.8947368421052628,0.460423937675878,0.7536416885498447
0.631578947368421,1.8947368421052628,0.5455594781168519,0.7623450282166403
0.631578947368421,1.8947368421052628,0.646437163249006,0.7826419220156376
0.631578947368421,1.8947368421052628,0.7659678234751834,0.7675647916326523
0.631578947368421,1.8947368421052628,0.907600521681814,0.7625931188539525
0.631578947368421,1.8947368421052628,1.0754220761125606,0.7486831139367257
0.631578947368421,1.8947368421052628,1.2742749857031335,0.7266710762126597
0.631578947368421,1.8947368421052628,1.5098971606184193,0.69608252865392
0.631578947368421,1.8947368421052628,1.789087489923219,0.6650521710202276
0.631578947368421,1.8947368421052628,2.1199020238496082,0.6362740017459471
0.631578947368421,1.8947368421052628,2.51188643150958,0.6089454192363738
0.631578947368421,2.1578947368421053,0.09999999999999999,0.6817282639017365
0.631578947368421,2.1578947368421053,0.11849068510006666,0.665059143395944
0.631578947368421,2.1578947368421053,0.1404004245548316,0.7088199197516428
0.631578947368421,2.1578947368421053,0.16636142493842218,0.708193821563533
0.631578947368421,2.1578947368421053,0.1971227921517696,0.6923303330356512
0.631578947368421,2.1578947368421053,0.23357214690901223,0.7022738330598388
0.631578947368421,2.1578947368421053,0.2767612370754227,0.7234894505641606
0.631578947368421,2.1578947368421053,0.32793628590208806,0.7434195199031305
0.631578947368421,2.1578947368421053,0.3885739518570975,0.7465040246948734
0.631578947368421,2.1578947368421053,0.460423937675878,0.7632620063686992
0.631578947368421,2.1578947368421053,0.5455594781168519,0.7502748430841477
0.631578947368421,2.1578947368421053,0.646437163249006,0.7656249823224072
0.631578947368421,2.1578947368421053,0.7659678234751834,0.7634739176414658
0.631578947368421,2.1578947368421053,0.907600521681814,0.7440162186645195
0.631578947368421,2.1578947368421053,1.0754220761125606,0.7227385003586503
0.631578947368421,2.1578947368421053,1.2742749857031335,0.7028359733238642
0.631578947368421,2.1578947368421053,1.5098971606184193,0.687924099762061
0.631578947368421,2.1578947368421053,1.789087489923219,0.6605101285785204
0.631578947368421,2.1578947368421053,2.1199020238496082,0.6322430630163975
0.631578947368421,2.1578947368421053,2.51188643150958,0.61048095415782
0.631578947368421,2.4210526315789473,0.09999999999999999,0.6693326740869415
0.631578947368421,2.4210526315789473,0.11849068510006666,0.6791697545822019
0.631578947368421,2.4210526315789473,0.1404004245548316,0.7003987257756811
0.631578947368421,2.4210526315789473,0.16636142493842218,0.6820305068859428
0.631578947368421,2.4210526315789473,0.1971227921517696,0.6891952372080754
0.631578947368421,2.4210526315789473,0.23357214690901223,0.7197568964339507
0.631578947368421,2.4210526315789473,0.2767612370754227,0.7344773380972102
0.631578947368421,2.4210526315789473,0.32793628590208806,0.724700861017268
0.631578947368421,2.4210526315789473,0.3885739518570975,0.7451816095407893
0.631578947368421,2.4210526315789473,0.460423937675878,0.7486941083142266
0.631578947368421,2.4210526315789473,0.5455594781168519,0.7673749369936498
0.631578947368421,2.4210526315789473,0.646437163249006,0.7595211644157446
0.631578947368421,2.4210526315789473,0.7659678234751834,0.7557126943132947
0.631578947368421,2.4210526315789473,0.907600521681814,0.7385398875484261
0.631578947368421,2.4210526315789473,1.0754220761125606,0.7302118442048032
0.631578947368421,2.4210526315789473,1.2742749857031335,0.7013001310015324
0.631578947368421,2.4210526315789473,1.5098971606184193,0.6839608624383491
0.631578947368421,2.4210526315789473,1.789087489923219,0.6521213080919539
0.631578947368421,2.4210526315789473,2.1199020238496082,0.6326538910741694
0.631578947368421,2.4210526315789473,2.51188643150958,0.6030106271224388
0.631578947368421,2.6842105263157894,0.09999999999999999,0.6547433111727037
0.631578947368421,2.6842105263157894,0.11849068510006666,0.6586723821946382
0.631578947368421,2.6842105263157894,0.1404004245548316,0.6690927694060341
0.631578947368421,2.6842105263157894,0.16636142493842218,0.6774562187835368
0.631578947368421,2.6842105263157894,0.1971227921517696,0.6920709301894714
0.631578947368421,2.6842105263157894,0.23357214690901223,0.667566632362188
0.631578947368421,2.6842105263157894,0.2767612370754227,0.6969726072270834
0.631578947368421,2.6842105263157894,0.32793628590208806,0.7269940948188722
0.631578947368421,2.6842105263157894,0.3885739518570975,0.7171545719988136
0.631578947368421,2.6842105263157894,0.460423937675878,0.7382049509251641
0.631578947368421,2.6842105263157894,0.5455594781168519,0.7302472883599959
0.631578947368421,2.6842105263157894,0.646437163249006,0.7394631023110063
0.631578947368421,2.6842105263157894,0.7659678234751834,0.7396856683444009
0.631578947368421,2.6842105263157894,0.907600521681814,0.7327124719351483
0.631578947368421,2.6842105263157894,1.0754220761125606,0.7249191618725556
0.631578947368421,2.6842105263157894,1.2742749857031335,0.7114381203387887
0.631578947368421,2.6842105263157894,1.5098971606184193,0.6811802003129741
0.631578947368421,2.6842105263157894,1.789087489923219,0.6534025059538007
0.631578947368421,2.6842105263157894,2.1199020238496082,0.620278039800098
0.631578947368421,2.6842105263157894,2.51188643150958,0.6041372781549288
0.631578947368421,2.9473684210526314,0.09999999999999999,0.6803149955272291
0.631578947368421,2.9473684210526314,0.11849068510006666,0.6534079533178964
0.631578947368421,2.9473684210526314,0.1404004245548316,0.6332542420866598
0.631578947368421,2.9473684210526314,0.16636142493842218,0.653131058177189
0.631578947368421,2.9473684210526314,0.1971227921517696,0.6608471785576515
0.631578947368421,2.9473684210526314,0.23357214690901223,0.6791559418755186
0.631578947368421,2.9473684210526314,0.2767612370754227,0.7009969027942464
0.631578947368421,2.9473684210526314,0.32793628590208806,0.7197883050528269
0.631578947368421,2.9473684210526314,0.3885739518570975,0.721261718179961
0.631578947368421,2.9473684210526314,0.460423937675878,0.7369324763351296
0.631578947368421,2.9473684210526314,0.5455594781168519,0.7434227084179512
0.631578947368421,2.9473684210526314,0.646437163249006,0.74975598876627
0.631578947368421,2.9473684210526314,0.7659678234751834,0.7459331016736083
0.631578947368421,2.9473684210526314,0.907600521681814,0.7376540415769804
0.631578947368421,2.9473684210526314,1.0754220761125606,0.7205976825662087
0.631578947368421,2.9473684210526314,1.2742749857031335,0.6993142445461238
0.631578947368421,2.9473684210526314,1.5098971606184193,0.6790770716830545
0.631578947368421,2.9473684210526314,1.789087489923219,0.6457362595821746
0.631578947368421,2.9473684210526314,2.1199020238496082,0.6268389779786162
0.631578947368421,2.9473684210526314,2.51188643150958,0.6011722361166354
0.631578947368421,3.2105263157894735,0.09999999999999999,0.6595000261365888
0.631578947368421,3.2105263157894735,0.11849068510006666,0.6550403628985939
0.631578947368421,3.2105263157894735,0.1404004245548316,0.6577814584711372
0.631578947368421,3.2105263157894735,0.16636142493842218,0.6676682338788337
0.631578947368421,3.2105263157894735,0.1971227921517696,0.6687560420664554
0.631578947368421,3.2105263157894735,0.23357214690901223,0.6852531732346703
0.631578947368421,3.2105263157894735,0.2767612370754227,0.6876167521071852
0.631578947368421,3.2105263157894735,0.32793628590208806,0.6993136394827029
0.631578947368421,3.2105263157894735,0.3885739518570975,0.7042338098524041
0.631578947368421,3.2105263157894735,0.460423937675878,0.7175315270888544
0.631578947368421,3.2105263157894735,0.5455594781168519,0.7299388652363604
0.631578947368421,3.2105263157894735,0.646437163249006,0.7543387922722197
0.631578947368421,3.2105263157894735,0.7659678234751834,0.7414453543555158
0.631578947368421,3.2105263157894735,0.907600521681814,0.7263827880198787
0.631578947368421,3.2105263157894735,1.0754220761125606,0.7177365776687122
0.631578947368421,3.2105263157894735,1.2742749857031335,0.6998320902689843
0.631578947368421,3.2105263157894735,1.5098971606184193,0.6784641189359675
0.631578947368421,3.2105263157894735,1.789087489923219,0.6505246856087596
0.631578947368421,3.2105263157894735,2.1199020238496082,0.6259504375038812
0.631578947368421,3.2105263157894735,2.51188643150958,0.6016805896914452
0.631578947368421,3.473684210526316,0.09999999999999999,0.64167609561587
0.631578947368421,3.473684210526316,0.11849068510006666,0.6583999783393989
0.631578947368421,3.473684210526316,0.1404004245548316,0.6584763439904654
0.631578947368421,3.473684210526316,0.16636142493842218,0.6588511714494992
0.631578947368421,3.473684210526316,0.1971227921517696,0.6754970082924208
0.631578947368421,3.473684210526316,0.23357214690901223,0.7048012893627164
0.631578947368421,3.473684210526316,0.2767612370754227,0.7133392637472726
0.631578947368421,3.473684210526316,0.32793628590208806,0.7035259838208064
0.631578947368421,3.473684210526316,0.3885739518570975,0.7250078718022439
0.631578947368421,3.473684210526316,0.460423937675878,0.724856120598959
0.631578947368421,3.473684210526316,0.5455594781168519,0.736046679474672
0.631578947368421,3.473684210526316,0.646437163249006,0.7387188114733179
0.631578947368421,3.473684210526316,0.7659678234751834,0.7498124682520966
0.631578947368421,3.473684210526316,0.907600521681814,0.7228976012289802
0.631578947368421,3.473684210526316,1.0754220761125606,0.7029974371663983
0.631578947368421,3.473684210526316,1.2742749857031335,0.6963772156951994
0.631578947368421,3.473684210526316,1.5098971606184193,0.6685598014142438
0.631578947368421,3.473684210526316,1.789087489923219,0.6455810969557206
0.631578947368421,3.473684210526316,2.1199020238496082,0.6245160987189633
0.631578947368421,3.473684210526316,2.51188643150958,0.6006102544343315
0.631578947368421,3.7368421052631575,0.09999999999999999,0.6640543706062952
0.631578947368421,3.7368421052631575,0.11849068510006666,0.6490138326381406
0.631578947368421,3.7368421052631575,0.1404004245548316,0.6440504850340646
0.631578947368421,3.7368421052631575,0.16636142493842218,0.6670997339401905
0.631578947368421,3.7368421052631575,0.1971227921517696,0.6912355054398706
0.631578947368421,3.7368421052631575,0.23357214690901223,0.6606884378628869
0.631578947368421,3.7368421052631575,0.2767612370754227,0.6916006809117977
0.631578947368421,3.7368421052631575,0.32793628590208806,0.6942569998684744
0.631578947368421,3.7368421052631575,0.3885739518570975,0.7093993698960044
0.631578947368421,3.7368421052631575,0.460423937675878,0.7304905962822152
0.631578947368421,3.7368421052631575,0.5455594781168519,0.7286955459587289
0.631578947368421,3.7368421052631575,0.646437163249006,0.7288497827254535
0.631578947368421,3.7368421052631575,0.7659678234751834,0.735878500307754
0.631578947368421,3.7368421052631575,0.907600521681814,0.7208266738494727
0.631578947368421,3.7368421052631575,1.0754220761125606,0.7014590219032355
0.631578947368421,3.7368421052631575,1.2742749857031335,0.6922975384682172
0.631578947368421,3.7368421052631575,1.5098971606184193,0.6705831818091528
0.631578947368421,3.7368421052631575,1.789087489923219,0.6486284010939934
0.631578947368421,3.7368421052631575,2.1199020238496082,0.6206915467441066
0.631578947368421,3.7368421052631575,2.51188643150958,0.5984047747207086
0.631578947368421,4.0,0.09999999999999999,0.6278959936548918
0.631578947368421,4.0,0.11849068510006666,0.6380538740801737
0.631578947368421,4.0,0.1404004245548316,0.6435392179800975
0.631578947368421,4.0,0.16636142493842218,0.6524154398364683
0.631578947368421,4.0,0.1971227921517696,0.6677286795497456
0.631578947368421,4.0,0.23357214690901223,0.6801436602763833
0.631578947368421,4.0,0.2767612370754227,0.704952985950033
0.631578947368421,4.0,0.32793628590208806,0.6955294228783971
0.631578947368421,4.0,0.3885739518570975,0.7291509281411899
0.631578947368421,4.0,0.460423937675878,0.718481395722886
0.631578947368421,4.0,0.5455594781168519,0.7204066044763854
0.631578947368421,4.0,0.646437163249006,0.7288642655740428
0.631578947368421,4.0,0.7659678234751834,0.7345746771709926
0.631578947368421,4.0,0.907600521681814,0.7198391178200091
0.631578947368421,4.0,1.0754220761125606,0.7151145924440659
0.631578947368421,4.0,1.2742749857031335,0.6917857751379731
0.631578947368421,4.0,1.5098971606184193,0.6762477698310912
0.631578947368421,4.0,1.789087489923219,0.6484095274106078
0.631578947368421,4.0,2.1199020238496082,0.6237842724966963
0.631578947368421,4.0,2.51188643150958,0.5997097832274506
0.8421052631578947,-1.0,0.09999999999999999,0.6655569839631212
0.8421052631578947,-1.0,0.11849068510006666,0.67956671922909
0.8421052631578947,-1.0,0.1404004245548316,0.6883550937010238
0.8421052631578947,-1.0,0.16636142493842218,0.6952901982000138
0.8421052631578947,-1.0,0.1971227921517696,0.7123005160828016
0.8421052631578947,-1.0,0.23357214690901223,0.7124775508763393
0.8421052631578947,-1.0,0.2767612370754227,0.7322716936155236
0.8421052631578947,-1.0,0.32793628590208806,0.6982042178525042
0.8421052631578947,-1.0,0.3885739518570975,0.7270501781343205
0.8421052631578947,-1.0,0.460423937675878,0.7518484942701915
0.8421052631578947,-1.0,0.5455594781168519,0.7503462850324815
0.8421052631578947,-1.0,0.646437163249006,0.7099711246923467
0.8421052631578947,-1.0,0.7659678234751834,0.6994916945786157
0.8421052631578947,-1.0,0.907600521681814,0.6891411320978846
0.8421052631578947,-1.0,1.0754220761125606,0.6870235010773679
0.8421052631578947,-1.0,1.2742749857031335,0.6480811209322763
0.8421052631578947,-1.0,1.5098971606184193,0.6342864746372056
0.8421052631578947,-1.0,1.789087489923219,0.600854629634619
0.8421052631578947,-1.0,2.1199020238496082,0.5827130206335929
0.8421052631578947,-1.0,2.51188643150958,0.5693136742605465
0.8421052631578947,-0.736842105263158,0.09999999999999999,0.6737918222454138
0.8421052631578947,-0.736842105263158,0.11849068510006666,0.7183675175586165
0.8421052631578947,-0.736842105263158,0.1404004245548316,0.6955525237017726
0.8421052631578947,-0.736842105263158,0.16636142493842218,0.7069318195171946
0.8421052631578947,-0.736842105263158,0.1971227921517696,0.7027416022945996
0.8421052631578947,-0.736842105263158,0.23357214690901223,0.7527336641921978
0.8421052631578947,-0.736842105263158,0.2767612370754227,0.7175180389942145
0.8421052631578947,-0.736842105263158,0.32793628590208806,0.7447004291036032
0.8421052631578947,-0.736842105263158,0.3885739518570975,0.7368122190606495
0.8421052631578947,-0.736842105263158,0.460423937675878,0.7253881168091094
0.8421052631578947,-0.736842105263158,0.5455594781168519,0.7178841375404228
0.8421052631578947,-0.736842105263158,0.646437163249006,0.7395169525171784
0.8421052631578947,-0.736842105263158,0.7659678234751834,0.7337197194424506
0.8421052631578947,-0.736842105263158,0.907600521681814,0.678459970847717
0.8421052631578947,-0.736842105263158,1.0754220761125606,0.6746244531614364
0.8421052631578947,-0.736842105263158,1.2742749857031335,0.6465161502667672
0.8421052631578947,-0.736842105263158,1.5098971606184193,0.6273794600888308
0.8421052631578947,-0.736842105263158,1.789087489923219,0.6046942991196123
0.8421052631578947,-0.736842105263158,2.1199020238496082,0.5818646221791665
0.8421052631578947,-0.736842105263158,2.51188643150958,0.5659040276889367
0.8421052631578947,-0.4736842105263158,0.09999999999999999,0.7038323287664258
0.8421052631578947,-0.4736842105263158,0.11849068510006666,0.7079902338794903
0.8421052631578947,-0.4736842105263158,0.1404004245548316,0.7087753059877705
0.8421052631578947,-0.4736842105263158,0.16636142493842218,0.7454260590105121
0.8421052631578947,-0.4736842105263158,0.1971227921517696,0.7095733159386733
0.8421052631578947,-0.4736842105263158,0.23357214690901223,0.7326978716702208
0.8421052631578947,-0.4736842105263158,0.2767612370754227,0.7315258693475386
0.8421052631578947,-0.4736842105263158,0.32793628590208806,0.7522882012424125
0.8421052631578947,-0.4736842105263158,0.3885739518570975,0.7580515748525368
0.8421052631578947,-0.4736842105263158,0.460423937675878,0.7498832962137824
0.8421052631578947,-0.4736842105263158,0.5455594781168519,0.734375515858923
0.8421052631578947,-0.4736842105263158,0.646437163249006,0.7339224409794185
0.8421052631578947,-0.4736842105263158,0.7659678234751834,0.716839213747562
0.8421052631578947,-0.4736842105263158,0.907600521681814,0.6966322529957388
0.8421052631578947,-0.4736842105263158,1.0754220761125606,0.6813735186403818
0.8421052631578947,-0.4736842105263158,1.2742749857031335,0.6450976124259983
0.8421052631578947,-0.4736842105263158,1.5098971606184193,0.6272175067738686
0.8421052631578947,-0.4736842105263158,1.789087489923219,0.6190936267204271
0.8421052631578947,-0.4736842105263158,2.1199020238496082,0.5894321574667499
0.8421052631578947,-0.4736842105263158,2.51188643150958,0.5723172247503582
0.8421052631578947,-0.21052631578947367,0.09999999999999999,0.7048065107680734
0.8421052631578947,-0.21052631578947367,0.11849068510006666,0.7142541661208591
0.8421052631578947,-0.21052631578947367,0.1404004245548316,0.6777887254405901
0.8421052631578947,-0.21052631578947367,0.16636142493842218,0.7281514403536722
0.8421052631578947,-0.21052631578947367,0.1971227921517696,0.7436772695310865
0.8421052631578947,-0.21052631578947367,0.23357214690901223,0.7472012810683072
0.8421052631578947,-0.21052631578947367,0.2767612370754227,0.7603458208544506
0.8421052631578947,-0.21052631578947367,0.32793628590208806,0.7615466317824878
0.8421052631578947,-0.21052631578947367,0.3885739518570975,0.7581875200636525
0.8421052631578947,-0.21052631578947367,0.460423937675878,0.7676853505324209
0.8421052631578947,-0.21052631578947367,0.5455594781168519,0.7707021106043568
0.8421052631578947,-0.21052631578947367,0.646437163249006,0.747860385915869
0.8421052631578947,-0.21052631578947367,0.7659678234751834,0.7318900068119193
0.8421052631578947,-0.21052631578947367,0.907600521681814,0.7139678651548302
0.8421052631578947,-0.21052631578947367,1.0754220761125606,0.6871427727335057
0.8421052631578947,-0.21052631578947367,1.2742749857031335,0.6780035043955408
0.8421052631578947,-0.21052631578947367,1.5098971606184193,0.6382164522181255
0.8421052631578947,-0.21052631578947367,1.789087489923219,0.6123284139905883
0.8421052631578947,-0.21052631578947367,2.1199020238496082,0.5866676955092931
0.8421052631578947,-0.21052631578947367,2.51188643150958,0.5734480423392421
0.8421052631578947,0.05263157894736836,0.09999999999999999,0.7428085976524595
0.8421052631578947,0.05263157894736836,0.11849068510006666,0.746985745482432
0.8421052631578947,0.05263157894736836,0.1404004245548316,0.7433234112062413
0.8421052631578947,0.05263157894736836,0.16636142493842218,0.764085399545819
0.8421052631578947,0.05263157894736836,0.1971227921517696,0.7753919462516514
0.8421052631578947,0.05263157894736836,0.23357214690901223,0.7669111805271113
0.8421052631578947,0.05263157894736836,0.2767612370754227,0.7614488075723571
0.8421052631578947,0.05263157894736836,0.32793628590208806,0.775387765755799
0.8421052631578947,0.05263157894736836,0.3885739518570975,0.7738133306367904
0.8421052631578947,0.05263157894736836,0.460423937675878,0.791040764995539
0.8421052631578947,0.05263157894736836,0.5455594781168519,0.774618129023044
0.8421052631578947,0.05263157894736836,0.646437163249006,0.7727047461770906
0.8421052631578947,0.05263157894736836,0.7659678234751834,0.7421708420969534
0.8421052631578947,0.05263157894736836,0.907600521681814,0.7283181145300016
0.8421052631578947,0.05263157894736836,1.0754220761125606,0.6909960210636965
0.8421052631578947,0.05263157894736836,1.2742749857031335,0.6768676432790223
0.8421052631578947,0.05263157894736836,1.5098971606184193,0.6510065603835589
0.8421052631578947,0.05263157894736836,1.789087489923219,0.6244129707252251
0.8421052631578947,0.05263157894736836,2.1199020238496082,0.5979836776346501
0.8421052631578947,0.05263157894736836,2.51188643150958,0.5754589108318005
0.8421052631578947,0.3157894736842104,0.09999999999999999,0.777795829992751
0.8421052631578947,0.3157894736842104,0.11849068510006666,0.792373925027476
0.8421052631578947,0.3157894736842104,0.1404004245548316,0.8047767757178538
0.8421052631578947,0.3157894736842104,0.16636142493842218,0.8113567598818898
0.8421052631578947,0.3157894736842104,0.1971227921517696,0.8119549231912669
0.8421052631578947,0.3157894736842104,0.23357214690901223,0.8097883109358798
0.8421052631578947,0.3157894736842104,0.2767612370754227,0.829744057763924
0.8421052631578947,0.3157894736842104,0.32793628590208806,0.8257609818462358
0.8421052631578947,0.3157894736842104,0.3885739518570975,0.8183446524113774
0.8421052631578947,0.3157894736842104,0.460423937675878,0.8067556862774339
0.8421052631578947,0.3157894736842104,0.5455594781168519,0.8223390678287611
0.8421052631578947,0.3157894736842104,0.646437163249006,0.7891304516775196
0.8421052631578947,0.3157894736842104,0.7659678234751834,0.7766614112854067
0.8421052631578947,0.3157894736842104,0.907600521681814,0.7527201610106657
0.8421052631578947,0.3157894736842104,1.0754220761125606,0.7284523496215918
0.8421052631578947,0.3157894736842104,1.2742749857031335,0.6978562274492565
0.8421052631578947,0.3157894736842104,1.5098971606184193,0.6636651232594102
0.8421052631578947,0.3157894736842104,1.789087489923219,0.638424364822489
0.8421052631578947,0.3157894736842104,2.1199020238496082,0.612800203359463
0.8421052631578947,0.3157894736842104,2.51188643150958,0.5940470190236774
0.8421052631578947,0.5789473684210527,0.09999999999999999,0.8273410617110589
0.8421052631578947,0.5789473684210527,0.11849068510006666,0.8158763941708598
0.8421052631578947,0.5789473684210527,0.1404004245548316,0.8241599080499294
0.8421052631578947,0.5789473684210527,0.16636142493842218,0.827710755683224
0.8421052631578947,0.5789473684210527,0.1971227921517696,0.8423670091280587
0.8421052631578947,0.5789473684210527,0.23357214690901223,0.8404148874919385
0.8421052631578947,0.5789473684210527,0.2767612370754227,0.8515083327498166
0.8421052631578947,0.5789473684210527,0.32793628590208806,0.8576012101848605
0.8421052631578947,0.5789473684210527,0.3885739518570975,0.8721645682775188
0.8421052631578947,0.5789473684210527,0.460423937675878,0.8629270098261008
0.8421052631578947,0.5789473684210527,0.5455594781168519,0.8602463228427639
0.8421052631578947,0.5789473684210527,0.646437163249006,0.8495686923269659
0.8421052631578947,0.5789473684210527,0.7659678234751834,0.8100415546518108
0.8421052631578947,0.5789473684210527,0.907600521681814,0.791881975319385
0.8421052631578947,0.5789473684210527,1.0754220761125606,0.7670371825097347
0.8421052631578947,0.5789473684210527,1.2742749857031335,0.7391750513751321
0.8421052631578947,0.5789473684210527,1.5098971606184193,0.696701132958869
0.8421052631578947,0.5789473684210527,1.789087489923219,0.6648222984265589
0.8421052631578947,0.5789473684210527,2.1199020238496082,0.6341094330934263
0.8421052631578947,0.5789473684210527,2.51188643150958,0.6049740110074358
0.8421052631578947,0.8421052631578947,0.09999999999999999,0.783664971924382
0.8421052631578947,0.8421052631578947,0.11849068510006666,0.8185259283949531
0.8421052631578947,0.8421052631578947,0.1404004245548316,0.8103641431527157
0.8421052631578947,0.8421052631578947,0.16636142493842218,0.8289105334440534
0.8421052631578947,0.8421052631578947,0.1971227921517696,0.8384872181733599
0.8421052631578947,0.8421052631578947,0.23357214690901223,0.839660422863334
0.8421052631578947,0.8421052631578947,0.2767612370754227,0.8548495196102088
0.8421052631578947,0.8421052631578947,0.32793628590208806,0.8733173096201766
0.8421052631578947,0.8421052631578947,0.3885739518570975,0.8722610448131058
0.8421052631578947,0.8421052631578947,0.460423937675878,0.8777415682247052
0.8421052631578947,0.8421052631578947,0.5455594781168519,0.8827310865874687
0.8421052631578947,0.8421052631578947,0.646437163249006,0.8621566342696383
0.8421052631578947,0.8421052631578947,0.7659678234751834,0.8533219164794155
0.8421052631578947,0.8421052631578947,0.907600521681814,0.8327450115742231
0.8421052631578947,0.8421052631578947,1.0754220761125606,0.797714979962649
0.8421052631578947,0.8421052631578947,1.2742749857031335,0.7710743899057734
0.8421052631578947,0.8421052631578947,1.5098971606184193,0.7284135071897031
0.8421052631578947,0.8421052631578947,1.789087489923219,0.6961391367590304
0.8421052631578947,0.8421052631578947,2.1199020238496082,0.6588620320615666
0.8421052631578947,0.8421052631578947,2.51188643150958,0.6217314714513441
0.8421052631578947,1.1052631578947367,0.09999999999999999,0.7756723931121605
0.8421052631578947,1.1052631578947367,0.11849068510006666,0.79114948140673
0.8421052631578947,1.1052631578947367,0.1404004245548316,0.7974295533969131
0.8421052631578947,1.1052631578947367,0.16636142493842218,0.8124320563451314
0.8421052631578947,1.1052631578947367,0.1971227921517696,0.8175906173424992
0.8421052631578947,1.1052631578947367,0.23357214690901223,0.8278961810858383
0.8421052631578947,1.1052631578947367,0.2767612370754227,0.8428815092026811
0.8421052631578947,1.1052631578947367,0.32793628590208806,0.8597554965964883
0.8421052631578947,1.1052631578947367,0.3885739518570975,0.8572111136550039
0.8421052631578947,1.1052631578947367,0.460423937675878,0.8698617940600877
0.8421052631578947,1.1052631578947367,0.5455594781168519,0.8661448265091167
0.8421052631578947,1.1052631578947367,0.646437163249006,0.8607727710820353
0.8421052631578947,1.1052631578947367,0.7659678234751834,0.8547052543176143
0.8421052631578947,1.1052631578947367,0.907600521681814,0.8424067746571617
0.8421052631578947,1.1052631578947367,1.0754220761125606,0.8062969097620684
0.8421052631578947,1.1052631578947367,1.2742749857031335,0.7761819529837028
0.8421052631578947,1.1052631578947367,1.5098971606184193,0.7362959360914667
0.8421052631578947,1.1052631578947367,1.789087489923219,0.7043818045949154
0.8421052631578947,1.1052631578947367,2.1199020238496082,0.6673774843412548
0.8421052631578947,1.1052631578947367,2.51188643150958,0.630063890357664
0.8421052631578947,1.3684210526315788,0.09999999999999999,0.7641913448816469
0.8421052631578947,1.3684210526315788,0.11849068510006666,0.7662205234991049
0.8421052631578947,1.3684210526315788,0.1404004245548316,0.7883330757000659
0.8421052631578947,1.3684210526315788,0.16636142493842218,0.7916617358557232
0.8421052631578947,1.3684210526315788,0.1971227921517696,0.804351471980521
0.8421052631578947,1.3684210526315788,0.23357214690901223,0.8185927014763161
0.8421052631578947,1.3684210526315788,0.2767612370754227,0.8247453800470798
0.8421052631578947,1.3684210526315788,0.32793628590208806,0.8194910697963831
0.8421052631578947,1.3684210526315788,0.3885739518570975,0.8462376139871549
0.8421052631578947,1.3684210526315788,0.460423937675878,0.8455896898965164
0.8421052631578947,1.3684210526315788,0.5455594781168519,0.8479073836964913
0.8421052631578947,1.3684210526315788,0.646437163249006,0.8445920527936471
0.8421052631578947,1.3684210526315788,0.7659678234751834,0.8321993964047755
0.8421052631578947,1.3684210526315788,0.907600521681814,0.8151842372738585
0.8421052631578947,1.3684210526315788,1.0754220761125606,0.7939211156186792
0.8421052631578947,1.3684210526315788,1.2742749857031335,0.7712944345890906
0.8421052631578947,1.3684210526315788,1.5098971606184193,0.7393717481405025
0.8421052631578947,1.3684210526315788,1.789087489923219,0.6981015968454926
0.8421052631578947,1.3684210526315788,2.1199020238496082,0.660856395619166
0.8421052631578947,1.3684210526315788,2.51188643150958,0.62874412524223
0.8421052631578947,1.6315789473684208,0.09999999999999999,0.7416113576795026
0.8421052631578947,1.6315789473684208,0.11849068510006666,0.7436661313751823
0.8421052631578947,1.6315789473684208,0.1404004245548316,0.7481506909824912
0.8421052631578947,1.6315789473684208,0.16636142493842218,0.7560810151758391
0.8421052631578947,1.6315789473684208,0.1971227921517696,0.765367488524225
0.8421052631578947,1.6315789473684208,0.23357214690901223,0.7896042460862498
0.8421052631578947,1.6315789473684208,0.2767612370754227,0.7893437530786168
0.8421052631578947,1.6315789473684208,0.32793628590208806,0.7993957057849834
0.8421052631578947,1.6315789473684208,0.3885739518570975,0.8078918424912632
0.8421052631578947,1.6315789473684208,0.460423937675878,0.8248111439861782
0.8421052631578947,1.6315789473684208,0.5455594781168519,0.8291106105864687
0.8421052631578947,1.6315789473684208,0.646437163249006,0.816583312377125
0.8421052631578947,1.6315789473684208,0.7659678234751834,0.8204675830833739
0.8421052631578947,1.6315789473684208,0.907600521681814,0.8060048979041824
0.8421052631578947,1.6315789473684208,1.0754220761125606,0.7691176066615174
0.8421052631578947,1.6315789473684208,1.2742749857031335,0.7395447466013488
0.8421052631578947,1.6315789473684208,1.5098971606184193,0.7142327474084128
0.8421052631578947,1.6315789473684208,1.789087489923219,0.6856335002042402
0.8421052631578947,1.6315789473684208,2.1199020238496082,0.6531244754539892
0.8421052631578947,1.6315789473684208,2.51188643150958,0.6227634770406411
0.8421052631578947,1.8947368421052628,0.09999999999999999,0.7345127893048752
0.8421052631578947,1.8947368421052628,0.11849068510006666,0.7597433992605581
0.8421052631578947,1.8947368421052628,0.1404004245548316,0.7274982674532537
0.8421052631578947,1.8947368421052628,0.16636142493842218,0.764171664881801
0.8421052631578947,1.8947368421052628,0.1971227921517696,0.7508208291950031
0.8421052631578947,1.8947368421052628,0.23357214690901223,0.7666953235217489
0.8421052631578947,1.8947368421052628,0.2767612370754227,0.7813611330319796
0.8421052631578947,1.8947368421052628,0.32793628590208806,0.7693713601294961
0.8421052631578947,1.8947368421052628,0.3885739518570975,0.778950919660652
0.8421052631578947,1.8947368421052628,0.460423937675878,0.7900886610873209
0.8421052631578947,1.8947368421052628,0.5455594781168519,0.7963472475797674
0.8421052631578947,1.8947368421052628,0.646437163249006,0.8133752221155427
0.8421052631578947,1.8947368421052628,0.7659678234751834,0.7903118003718875
0.8421052631578947,1.8947368421052628,0.907600521681814,0.7729110148828597
0.8421052631578947,1.8947368421052628,1.0754220761125606,0.7659258826217229
0.8421052631578947,1.8947368421052628,1.2742749857031335,0.7361680903785395
0.8421052631578947,1.8947368421052628,1.5098971606184193,0.7077285049912335
0.8421052631578947,1.8947368421052628,1.789087489923219,0.6805554721249785
0.8421052631578947,1.8947368421052628,2.1199020238496082,0.6473966084332539
0.8421052631578947,1.8947368421052628,2.51188643150958,0.6208831563144364
0.8421052631578947,2.1578947368421053,0.09999999999999999,0.7142445885709798
0.8421052631578947,2.1578947368421053,0.11849068510006666,0.7123171575524873
0.8421052631578947,2.1578947368421053,0.1404004245548316,0.7141605066914765
0.8421052631578947,2.1578947368421053,0.16636142493842218,0.7090954653271313
0.8421052631578947,2.1578947368421053,0.1971227921517696,0.7205442858236806
0.8421052631578947,2.1578947368421053,0.23357214690901223,0.7479023710511016
0.8421052631578947,2.1578947368421053,0.2767612370754227,0.7564312059884866
0.8421052631578947,2.1578947368421053,0.32793628590208806,0.7685113813520184
0.8421052631578947,2.1578947368421053,0.3885739518570975,0.7618486249914094
0.8421052631578947,2.1578947368421053,0.460423937675878,0.7681826025102769
0.8421052631578947,2.1578947368421053,0.5455594781168519,0.7681623714482843
0.8421052631578947,2.1578947368421053,0.646437163249006,0.7653732011923476
0.8421052631578947,2.1578947368421053,0.7659678234751834,0.7687934335513498
0.8421052631578947,2.1578947368421053,0.907600521681814,0.7638569497075244
0.8421052631578947,2.1578947368421053,1.0754220761125606,0.7405628430905287
0.8421052631578947,2.1578947368421053,1.2742749857031335,0.7241976943093049
0.8421052631578947,2.1578947368421053,1.5098971606184193,0.6982720384075131
0.8421052631578947,2.1578947368421053,1.789087489923219,0.6711147208864108
0.8421052631578947,2.1578947368421053,2.1199020238496082,0.6380070108636231
0.8421052631578947,2.1578947368421053,2.51188643150958,0.6097836512205067
0.8421052631578947,2.4210526315789473,0.09999999999999999,0.653077653465651
0.8421052631578947,2.4210526315789473,0.11849068510006666,0.6834530968073292
0.8421052631578947,2.4210526315789473,0.1404004245548316,0.6987444741341988
0.8421052631578947,2.4210526315789473,0.16636142493842218,0.7215676614091884
0.8421052631578947,2.4210526315789473,0.1971227921517696,0.7172163315948052
0.8421052631578947,2.4210526315789473,0.23357214690901223,0.7034175219706758
0.8421052631578947,2.4210526315789473,0.2767612370754227,0.7455087166271283
0.8421052631578947,2.4210526315789473,0.32793628590208806,0.7403777255482116
0.8421052631578947,2.4210526315789473,0.3885739518570975,0.7649779205870145
0.8421052631578947,2.4210526315789473,0.460423937675878,0.740406910339683
0.8421052631578947,2.4210526315789473,0.5455594781168519,0.7692245810188048
0.8421052631578947,2.4210526315789473,0.646437163249006,0.7664944952640957
0.8421052631578947,2.4210526315789473,0.7659678234751834,0.7453836384063153
0.8421052631578947,2.4210526315789473,0.907600521681814,0.7509655718338732
0.8421052631578947,2.4210526315789473,1.0754220761125606,0.7344723913328011
0.8421052631578947,2.4210526315789473,1.2742749857031335,0.7095678259217202
0.8421052631578947,2.4210526315789473,1.5098971606184193,0.6930874560896287
0.8421052631578947,2.4210526315789473,1.789087489923219,0.6624579222267191
0.8421052631578947,2.4210526315789473,2.1199020238496082,0.6360270251950947
0.8421052631578947,2.4210526315789473,2.51188643150958,0.6069685858443777
0.8421052631578947,2.6842105263157894,0.09999999999999999,0.6805507380746981
0.8421052631578947,2.6842105263157894,0.11849068510006666,0.6626789301267918
0.8421052631578947,2.6842105263157894,0.1404004245548316,0.6984850641742149
0.8421052631578947,2.6842105263157894,0.16636142493842218,0.6909111262954302
0.8421052631578947,2.6842105263157894,0.1971227921517696,0.690396098114904
0.8421052631578947,2.6842105263157894,0.23357214690901223,0.7036867879833274
0.8421052631578947,2.6842105263157894,0.2767612370754227,0.7105663600687423
0.8421052631578947,2.6842105263157894,0.32793628590208806,0.7358831163045618
0.8421052631578947,2.6842105263157894,0.3885739518570975,0.7312986309565315
0.8421052631578947,2.6842105263157894,0.460423937675878,0.7507356463811105
0.8421052631578947,2.6842105263157894,0.5455594781168519,0.7542895698918012
0.8421052631578947,2.6842105263157894,0.646437163249006,0.7583635464419551
0.8421052631578947,2.6842105263157894,0.7659678234751834,0.755051687736563
0.8421052631578947,2.6842105263157894,0.907600521681814,0.7381022981518708
0.8421052631578947,2.6842105263157894,1.0754220761125606,0.7301163262182646
0.8421052631578947,2.6842105263157894,1.2742749857031335,0.7070304798498772
0.8421052631578947,2.6842105263157894,1.5098971606184193,0.6855657145315288
0.8421052631578947,2.6842105263157894,1.789087489923219,0.6557245141211303
0.8421052631578947,2.6842105263157894,2.1199020238496082,0.6299266486219162
0.8421052631578947,2.6842105263157894,2.51188643150958,0.6058847232532408
0.8421052631578947,2.9473684210526314,0.09999999999999999,0.6581641063123792
0.8421052631578947,2.9473684210526314,0.11849068510006666,0.6752226566776968
0.8421052631578947,2.9473684210526314,0.1404004245548316,0.682322301794184
0.8421052631578947,2.9473684210526314,0.16636142493842218,0.6603013973192386
0.8421052631578947,2.9473684210526314,0.1971227921517696,0.6747711090693269
0.8421052631578947,2.9473684210526314,0.23357214690901223,0.6802224528709264
0.8421052631578947,2.9473684210526314,0.2767612370754227,0.6979546158059372
0.8421052631578947,2.9473684210526314,0.32793628590208806,0.7239407757020799
0.8421052631578947,2.9473684210526314,0.3885739518570975,0.7291413647819223
0.8421052631578947,2.9473684210526314,0.460423937675878,0.7398211469958477
0.8421052631578947,2.9473684210526314,0.5455594781168519,0.7470299139107143
0.8421052631578947,2.9473684210526314,0.646437163249006,0.7362425018422424
0.8421052631578947,2.9473684210526314,0.7659678234751834,0.7368928572843275
0.8421052631578947,2.9473684210526314,0.907600521681814,0.7389022066892629
0.8421052631578947,2.9473684210526314,1.0754220761125606,0.7262533434185177
0.8421052631578947,2.9473684210526314,1.2742749857031335,0.697293716132097
0.8421052631578947,2.9473684210526314,1.5098971606184193,0.6741376848157611
0.8421052631578947,2.9473684210526314,1.789087489923219,0.6564273825970076
0.8421052631578947,2.9473684210526314,2.1199020238496082,0.6265370010327271
0.8421052631578947,2.9473684210526314,2.51188643150958,0.6038599546559418
0.8421052631578947,3.2105263157894735,0.09999999999999999,0.6425110803878901
0.8421052631578947,3.2105263157894735,0.11849068510006666,0.6747999417691652
0.8421052631578947,3.2105263157894735,0.1404004245548316,0.6712972707340447
0.8421052631578947,3.2105263157894735,0.16636142493842218,0.6800082805653312
0.8421052631578947,3.2105263157894735,0.1971227921517696,0.6927211059613679
0.8421052631578947,3.2105263157894735,0.23357214690901223,0.6997117799932315
0.8421052631578947,3.2105263157894735,0.2767612370754227,0.6762386126961355
0.8421052631578947,3.2105263157894735,0.32793628590208806,0.7078675658751253
0.8421052631578947,3.2105263157894735,0.3885739518570975,0.7343264549515436
0.8421052631578947,3.2105263157894735,0.460423937675878,0.7353534495307312
0.8421052631578947,3.2105263157894735,0.5455594781168519,0.7401196937150801
0.8421052631578947,3.2105263157894735,0.646437163249006,0.7393082346868435
0.8421052631578947,3.2105263157894735,0.7659678234751834,0.7454578000021813
0.8421052631578947,3.2105263157894735,0.907600521681814,0.7317174324119163
0.8421052631578947,3.2105263157894735,1.0754220761125606,0.7140380858976066
0.8421052631578947,3.2105263157894735,1.2742749857031335,0.700537410988489
0.8421052631578947,3.2105263157894735,1.5098971606184193,0.678838769171714
0.8421052631578947,3.2105263157894735,1.789087489923219,0.6513216897904004
0.8421052631578947,3.2105263157894735,2.1199020238496082,0.6257480197586498
0.8421052631578947,3.2105263157894735,2.51188643150958,0.5998636645566393
0.8421052631578947,3.473684210526316,0.09999999999999999,0.6282202986084346
0.8421052631578947,3.473684210526316,0.11849068510006666,0.6490091797891216
0.8421052631578947,3.473684210526316,0.1404004245548316,0.649130206425855
0.8421052631578947,3.473684210526316,0.16636142493842218,0.6761545645601045
0.8421052631578947,3.473684210526316,0.1971227921517696,0.6721494110071243
0.8421052631578947,3.473684210526316,0.23357214690901223,0.7104255478806241
0.8421052631578947,3.473684210526316,0.2767612370754227,0.7023874229164516
0.8421052631578947,3.473684210526316,0.32793628590208806,0.7173563915991681
0.8421052631578947,3.473684210526316,0.3885739518570975,0.7163509118734808
0.8421052631578947,3.473684210526316,0.460423937675878,0.7319066082029979
0.8421052631578947,3.473684210526316,0.5455594781168519,0.7306165239084347
0.8421052631578947,3.473684210526316,0.646437163249006,0.7500368819098229
0.8421052631578947,3.473684210526316,0.7659678234751834,0.7463108489026514
0.8421052631578947,3.473684210526316,0.907600521681814,0.7260552898029453
0.8421052631578947,3.473684210526316,1.0754220761125606,0.7079844662170199
0.8421052631578947,3.473684210526316,1.2742749857031335,0.7053195155190325
0.8421052631578947,3.473684210526316,1.5098971606184193,0.6727441053850738
0.8421052631578947,3.473684210526316,1.789087489923219,0.6508191837384816
0.8421052631578947,3.473684210526316,2.1199020238496082,0.624656102978899
0.8421052631578947,3.473684210526316,2.51188643150958,0.6020913808312869
0.8421052631578947,3.7368421052631575,0.09999999999999999,0.6211553727143145
0.8421052631578947,3.7368421052631575,0.11849068510006666,0.6514317800291016
0.8421052631578947,3.7368421052631575,0.1404004245548316,0.6683694139818961
0.8421052631578947,3.7368421052631575,0.16636142493842218,0.6889249159785614
0.8421052631578947,3.7368421052631575,0.1971227921517696,0.6769363257363539
0.8421052631578947,3.7368421052631575,0.23357214690901223,0.6733970590199558
0.8421052631578947,3.7368421052631575,0.2767612370754227,0.6949259263683328
0.8421052631578947,3.7368421052631575,0.32793628590208806,0.7093313152060411
0.8421052631578947,3.7368421052631575,0.3885739518570975,0.7111856521128234
0.8421052631578947,3.7368421052631575,0.460423937675878,0.7024491674788809
0.8421052631578947,3.7368421052631575,0.5455594781168519,0.7035299377386053
0.8421052631578947,3.7368421052631575,0.646437163249006,0.7226918569215356
0.8421052631578947,3.7368421052631575,0.7659678234751834,0.7180295470951953
0.8421052631578947,3.7368421052631575,0.907600521681814,0.71820754307489
0.8421052631578947,3.7368421052631575,1.0754220761125606,0.7063290481003935
0.8421052631578947,3.7368421052631575,1.2742749857031335,0.6881138653616575
0.8421052631578947,3.7368421052631575,1.5098971606184193,0.6774631776493522
0.8421052631578947,3.7368421052631575,1.789087489923219,0.642561038336476
0.8421052631578947,3.7368421052631575,2.1199020238496082,0.6196286050380285
0.8421052631578947,3.7368421052631575,2.51188643150958,0.6030978709091857
0.8421052631578947,4.0,0.09999999999999999,0.6441228035132123
0.8421052631578947,4.0,0.11849068510006666,0.6462082123096403
0.8421052631578947,4.0,0.1404004245548316,0.6344000733293932
0.8421052631578947,4.0,0.16636142493842218,0.680617232553211
0.8421052631578947,4.0,0.1971227921517696,0.6702965376570399
0.8421052631578947,4.0,0.23357214690901223,0.652957977839266
0.8421052631578947,4.0,0.2767612370754227,0.6851343769298586
0.8421052631578947,4.0,0.32793628590208806,0.6972307173900423
0.8421052631578947,4.0,0.3885739518570975,0.7310018297212493
0.8421052631578947,4.0,0.460423937675878,0.7106858925359
0.8421052631578947,4.0,0.5455594781168519,0.7189952832628861
0.8421052631578947,4.0,0.646437163249006,0.7362087936920462
0.8421052631578947,4.0,0.7659678234751834,0.7163998224557373
0.8421052631578947,4.0,0.907600521681814,0.7194927608760651
0.8421052631578947,4.0,1.0754220761125606,0.7140074528838015
0.8421052631578947,4.0,1.2742749857031335,0.6951955739740269
0.8421052631578947,4.0,1.5098971606184193,0.6792760905073716
0.8421052631578947,4.0,1.789087489923219,0.649011896530899
0.8421052631578947,4.0,2.1199020238496082,0.623237095219876
0.8421052631578947,4.0,2.51188643150958,0.5968977089698321
1.0526315789473684,-1.0,0.09999999999999999,0.6410524315083089
1.0526315789473684,-1.0,0.11849068510006666,0.6629196347118981
1.0526315789473684,-1.0,0.1404004245548316,0.6621966334266727
1.0526315789473684,-1.0,0.16636142493842218,0.7027024933081573
1.0526315789473684,-1.0,0.1971227921517696,0.6820467076100718
1.0526315789473684,-1.0,0.23357214690901223,0.6907169233590975
1.0526315789473684,-1.0,0.2767612370754227,0.695230506088821
1.0526315789473684,-1.0,0.32793628590208806,0.6987104888059639
1.0526315789473684,-1.0,0.3885739518570975,0.7208621563230748
1.0526315789473684,-1.0,0.460423937675878,0.6974597059837546
1.0526315789473684,-1.0,0.5455594781168519,0.7080432372767453
1.0526315789473684,-1.0,0.646437163249006,0.7147945155070727
1.0526315789473684,-1.0,0.7659678234751834,0.7057459947457434
1.0526315789473684,-1.0,0.907600521681814,0.6816354333023045
1.0526315789473684,-1.0,1.0754220761125606,0.6692473921070666
1.0526315789473684,-1.0,1.2742749857031335,0.6449451753948355
1.0526315789473684,-1.0,1.5098971606184193,0.6120657628638051
1.0526315789473684,-1.0,1.789087489923219,0.5880513197818555
1.0526315789473684,-1.0,2.1199020238496082,0.5685890496237626
1.0526315789473684,-1.0,2.51188643150958,0.5655857334068626
1.0526315789473684,-0.736842105263158,0.09999999999999999,0.6769962895570683
1.0526315789473684,-0.736842105263158,0.11849068510006666,0.6921430678178048
1.0526315789473684,-0.736842105263158,0.1404004245548316,0.6651292936942609
1.0526315789473684,-0.736842105263158,0.16636142493842218,0.6955444369588373
1.0526315789473684,-0.736842105263158,0.1971227921517696,0.7116511094424601
1.0526315789473684,-0.736842105263158,0.23357214690901223,0.711789032118058
1.0526315789473684,-0.736842105263158,0.2767612370754227,0.7005854265984856
1.0526315789473684,-0.736842105263158,0.32793628590208806,0.7084257042981025
1.0526315789473684,-0.736842105263158,0.3885739518570975,0.7023887255177713
1.0526315789473684,-0.736842105263158,0.460423937675878,0.7401829688945839
1.0526315789473684,-0.736842105263158,0.5455594781168519,0.7110625597172153
1.0526315789473684,-0.736842105263158,0.646437163249006,0.7195360579997107
1.0526315789473684,-0.736842105263158,0.7659678234751834,0.701009783756538
1.0526315789473684,-0.736842105263158,0.907600521681814,0.6898985721800848
1.0526315789473684,-0.736842105263158,1.0754220761125606,0.6647127467398062
1.0526315789473684,-0.736842105263158,1.2742749857031335,0.6485660377023851
1.0526315789473684,-0.736842105263158,1.5098971606184193,0.6193316560926176
1.0526315789473684,-0.736842105263158,1.789087489923219,0.5929300836973651
1.0526315789473684,-0.736842105263158,2.1199020238496082,0.5771255321768214
1.0526315789473684,-0.736842105263158,2.51188643150958,0.5587347992241372
1.0526315789473684,-0.4736842105263158,0.09999999999999999,0.6676623479485245
1.0526315789473684,-0.4736842105263158,0.11849068510006666,0.661673727746198
1.0526315789473684,-0.4736842105263158,0.1404004245548316,0.6706380716486349
1.0526315789473684,-0.4736842105263158,0.16636142493842218,0.6619790233104723
1.0526315789473684,-0.4736842105263158,0.1971227921517696,0.711097037393085
1.0526315789473684,-0.4736842105263158,0.23357214690901223,0.7133964044915534
1.0526315789473684,-0.4736842105263158,0.2767612370754227,0.7166009251130291
1.0526315789473684,-0.4736842105263158,0.32793628590208806,0.754725741497285
1.0526315789473684,-0.4736842105263158,0.3885739518570975,0.7557983449524519
1.0526315789473684,-0.4736842105263158,0.460423937675878,0.7494977959079743
1.0526315789473684,-0.4736842105263158,0.5455594781168519,0.7315884698836904
1.0526315789473684,-0.4736842105263158,0.646437163249006,0.6930895292779629
1.0526315789473684,-0.4736842105263158,0.7659678234751834,0.6823283104513307
1.0526315789473684,-0.4736842105263158,0.907600521681814,0.6826786807172376
1.0526315789473684,-0.4736842105263158,1.0754220761125606,0.6615911997506735
1.0526315789473684,-0.4736842105263158,1.2742749857031335,0.6405854881095319
1.0526315789473684,-0.4736842105263158,1.5098971606184193,0.6256755356708218
1.0526315789473684,-0.4736842105263158,1.789087489923219,0.593797243912958
1.0526315789473684,-0.4736842105263158,2.1199020238496082,0.5692055312974359
1.0526315789473684,-0.4736842105263158,2.51188643150958,0.5582722929442067
1.0526315789473684,-0.21052631578947367,0.09999999999999999,0.6940003419902012
1.0526315789473684,-0.21052631578947367,0.11849068510006666,0.6955883484292672
1.0526315789473684,-0.21052631578947367,0.1404004245548316,0.6936153029241088
1.0526315789473684,-0.21052631578947367,0.16636142493842218,0.6902663161264058
1.0526315789473684,-0.21052631578947367,0.1971227921517696,0.693650613803816
1.0526315789473684,-0.21052631578947367,0.23357214690901223,0.7063346025643589
1.0526315789473684,-0.21052631578947367,0.2767612370754227,0.7214944948176949
1.0526315789473684,-0.21052631578947367,0.32793628590208806,0.7071335736806879
1.0526315789473684,-0.21052631578947367,0.3885739518570975,0.7543072318407729
1.0526315789473684,-0.21052631578947367,0.460423937675878,0.7178727084484016
1.0526315789473684,-0.21052631578947367,0.5455594781168519,0.7141272932303461
1.0526315789473684,-0.21052631578947367,0.646437163249006,0.6858484433343736
1.0526315789473684,-0.21052631578947367,0.7659678234751834,0.7054886097572921
1.0526315789473684,-0.21052631578947367,0.907600521681814,0.6968495496226422
1.0526315789473684,-0.21052631578947367,1.0754220761125606,0.6570658270928782
1.0526315789473684,-0.21052631578947367,1.2742749857031335,0.6316512674769889
1.0526315789473684,-0.21052631578947367,1.5098971606184193,0.6184182001354577
1.0526315789473684,-0.21052631578947367,1.789087489923219,0.6029734059336223
1.0526315789473684,-0.21052631578947367,2.1199020238496082,0.5779044367233603
1.0526315789473684,-0.21052631578947367,2.51188643150958,0.5641828881011121
1.0526315789473684,0.05263157894736836,0.09999999999999999,0.7252889522834213
1.0526315789473684,0.05263157894736836,0.11849068510006666,0.688523583186768
1.0526315789473684,0.05263157894736836,0.1404004245548316,0.7035285201297696
1.0526315789473684,0.05263157894736836,0.16636142493842218,0.6984880789858033
1.0526315789473684,0.05263157894736836,0.1971227921517696,0.7188234484139189
1.0526315789473684,0.05263157894736836,0.23357214690901223,0.7189397887793242
1.0526315789473684,0.05263157894736836,0.2767612370754227,0.7507892673988925
1.0526315789473684,0.05263157894736836,0.32793628590208806,0.7422586430929319
1.0526315789473684,0.05263157894736836,0.3885739518570975,0.7361194495805962
1.0526315789473684,0.05263157894736836,0.460423937675878,0.7509549732682268
1.0526315789473684,0.05263157894736836,0.5455594781168519,0.7487050837421281
1.0526315789473684,0.05263157894736836,0.646437163249006,0.7238181336644629
1.0526315789473684,0.05263157894736836,0.7659678234751834,0.7231052075245512
1.0526315789473684,0.05263157894736836,0.907600521681814,0.6985859426102149
1.0526315789473684,0.05263157894736836,1.0754220761125606,0.6847833998499341
1.0526315789473684,0.05263157894736836,1.2742749857031335,0.6524239022273554
1.0526315789473684,0.05263157894736836,1.5098971606184193,0.6220734884708432
1.0526315789473684,0.05263157894736836,1.789087489923219,0.6002487381678032
1.0526315789473684,0.05263157894736836,2.1199020238496082,0.5879116353263935
1.0526315789473684,0.05263157894736836,2.51188643150958,0.5673099100773142
1.0526315789473684,0.3157894736842104,0.09999999999999999,0.7339084933243505
1.0526315789473684,0.3157894736842104,0.11849068510006666,0.7337744040047314
1.0526315789473684,0.3157894736842104,0.1404004245548316,0.7409805546727265
1.0526315789473684,0.3157894736842104,0.16636142493842218,0.7414440311141303
1.0526315789473684,0.3157894736842104,0.1971227921517696,0.7669475508372887
1.0526315789473684,0.3157894736842104,0.23357214690901223,0.7744655003275088
1.0526315789473684,0.3157894736842104,0.2767612370754227,0.774842923499165
1.0526315789473684,0.3157894736842104,0.32793628590208806,0.7819836807333946
1.0526315789473684,0.3157894736842104,0.3885739518570975,0.7895814679715509
1.0526315789473684,0.3157894736842104,0.460423937675878,0.7799593962784758
1.0526315789473684,0.3157894736842104,0.5455594781168519,0.7855958024360731
1.0526315789473684,0.3157894736842104,0.646437163249006,0.7522156377235492
1.0526315789473684,0.3157894736842104,0.7659678234751834,0.7521842131167706
1.0526315789473684,0.3157894736842104,0.907600521681814,0.7239304159897001
1.0526315789473684,0.3157894736842104,1.0754220761125606,0.7022508912786702
1.0526315789473684,0.3157894736842104,1.2742749857031335,0.6657626730502126
1.0526315789473684,0.3157894736842104,1.5098971606184193,0.6335203131990703
1.0526315789473684,0.3157894736842104,1.789087489923219,0.6189159216568644
1.0526315789473684,0.3157894736842104,2.1199020238496082,0.5943451636720575
1.0526315789473684,0.3157894736842104,2.51188643150958,0.5738202913161897
1.0526315789473684,0.5789473684210527,0.09999999999999999,0.7917134996828692
1.0526315789473684,0.5789473684210527,0.11849068510006666,0.7901202410596534
1.0526315789473684,0.5789473684210527,0.1404004245548316,0.7726609712965902
1.0526315789473684,0.5789473684210527,0.16636142493842218,0.8008899531759065
1.0526315789473684,0.5789473684210527,0.1971227921517696,0.8111570680173126
1.0526315789473684,0.5789473684210527,0.23357214690901223,0.8128253928352617
1.0526315789473684,0.5789473684210527,0.2767612370754227,0.8227640056145423
1.0526315789473684,0.5789473684210527,0.32793628590208806,0.8288485921442581
1.0526315789473684,0.5789473684210527,0.3885739518570975,0.8269999108368884
1.0526315789473684,0.5789473684210527,0.460423937675878,0.8242002896801522
1.0526315789473684,0.5789473684210527,0.5455594781168519,0.8164534603531165
1.0526315789473684,0.5789473684210527,0.646437163249006,0.8183564754816524
1.0526315789473684,0.5789473684210527,0.7659678234751834,0.7908800112360194
1.0526315789473684,0.5789473684210527,0.907600521681814,0.7659414051944478
1.0526315789473684,0.5789473684210527,1.0754220761125606,0.7377023800790667
1.0526315789473684,0.5789473684210527,1.2742749857031335,0.7040034742157191
1.0526315789473684,0.5789473684210527,1.5098971606184193,0.6700433797793897
1.0526315789473684,0.5789473684210527,1.789087489923219,0.6473626177740415
1.0526315789473684,0.5789473684210527,2.1199020238496082,0.6171614224644808
1.0526315789473684,0.5789473684210527,2.51188643150958,0.5926341872199979
1.0526315789473684,0.8421052631578947,0.09999999999999999,0.8077833505356578
1.0526315789473684,0.8421052631578947,0.11849068510006666,0.8152869811573938
1.0526315789473684,0.8421052631578947,0.1404004245548316,0.8312809347768164
1.0526315789473684,0.8421052631578947,0.16636142493842218,0.8323637024166495
1.0526315789473684,0.8421052631578947,0.1971227921517696,0.8387097355119487
1.0526315789473684,0.8421052631578947,0.23357214690901223,0.85210080362214
1.0526315789473684,0.8421052631578947,0.2767612370754227,0.8629592547652907
1.0526315789473684,0.8421052631578947,0.32793628590208806,0.8699626831270568
1.0526315789473684,0.8421052631578947,0.3885739518570975,0.8612678894634219
1.0526315789473684,0.8421052631578947,0.460423937675878,0.8655651860227679
1.0526315789473684,0.8421052631578947,0.5455594781168519,0.8602730964497936
1.0526315789473684,0.8421052631578947,0.646437163249006,0.8465482421854839
1.0526315789473684,0.8421052631578947,0.7659678234751834,0.8155212376279555
1.0526315789473684,0.8421052631578947,0.907600521681814,0.8073356612078981
1.0526315789473684,0.8421052631578947,1.0754220761125606,0.7790303201501607
1.0526315789473684,0.8421052631578947,1.2742749857031335,0.7455546494437274
1.0526315789473684,0.8421052631578947,1.5098971606184193,0.6999324205224393
1.0526315789473684,0.8421052631578947,1.789087489923219,0.6707850108420409
1.0526315789473684,0.8421052631578947,2.1199020238496082,0.6372757628032591
1.0526315789473684,0.8421052631578947,2.51188643150958,0.6051909665989879
1.0526315789473684,1.1052631578947367,0.09999999999999999,0.7883653058323591
1.0526315789473684,1.1052631578947367,0.11849068510006666,0.811270933502258
1.0526315789473684,1.1052631578947367,0.1404004245548316,0.8147348057830709
1.0526315789473684,1.1052631578947367,0.16636142493842218,0.8139739159740939
1.0526315789473684,1.1052631578947367,0.1971227921517696,0.8383156216765636
1.0526315789473684,1.1052631578947367,0.23357214690901223,0.8497928197387887
1.0526315789473684,1.1052631578947367,0.2767612370754227,0.857851450485186
1.0526315789473684,1.1052631578947367,0.32793628590208806,0.8671876356035616
1.0526315789473684,1.1052631578947367,0.3885739518570975,0.8678617593241358
1.0526315789473684,1.1052631578947367,0.460423937675878,0.8739572809291414
1.0526315789473684,1.1052631578947367,0.5455594781168519,0.8854082051544512
1.0526315789473684,1.1052631578947367,0.646437163249006,0.8712250229961002
1.0526315789473684,1.1052631578947367,0.7659678234751834,0.865742454654143
1.0526315789473684,1.1052631578947367,0.907600521681814,0.8421855265989183
1.0526315789473684,1.1052631578947367,1.0754220761125606,0.815489226367545
1.0526315789473684,1.1052631578947367,1.2742749857031335,0.7771614997488239
1.0526315789473684,1.1052631578947367,1.5098971606184193,0.7361448674154262
1.0526315789473684,1.1052631578947367,1.789087489923219,0.6969694430692173
1.0526315789473684,1.1052631578947367,2.1199020238496082,0.6636174662678272
1.0526315789473684,1.1052631578947367,2.51188643150958,0.6306122432495165
1.0526315789473684,1.3684210526315788,0.09999999999999999,0.777052375765468
1.0526315789473684,1.3684210526315788,0.11849068510006666,0.7974379196577894
1.0526315789473684,1.3684210526315788,0.1404004245548316,0.7944805210836761
1.0526315789473684,1.3684210526315788,0.16636142493842218,0.8200854169540964
1.0526315789473684,1.3684210526315788,0.1971227921517696,0.8088896918861073
1.0526315789473684,1.3684210526315788,0.23357214690901223,0.8283845839087621
1.0526315789473684,1.3684210526315788,0.2767612370754227,0.8551281567441592
1.0526315789473684,1.3684210526315788,0.32793628590208806,0.8641493607835083
1.0526315789473684,1.3684210526315788,0.3885739518570975,0.8561683424021703
1.0526315789473684,1.3684210526315788,0.460423937675878,0.867411417077324
1.0526315789473684,1.3684210526315788,0.5455594781168519,0.8717285244573636
1.0526315789473684,1.3684210526315788,0.646437163249006,0.8757489860814842
1.0526315789473684,1.3684210526315788,0.7659678234751834,0.8603827368318396
1.0526315789473684,1.3684210526315788,0.907600521681814,0.8332503848421272
1.0526315789473684,1.3684210526315788,1.0754220761125606,0.8135591941519883
1.0526315789473684,1.3684210526315788,1.2742749857031335,0.7799261235003078
1.0526315789473684,1.3684210526315788,1.5098971606184193,0.7429643325794436
1.0526315789473684,1.3684210526315788,1.789087489923219,0.6983325858673906
1.0526315789473684,1.3684210526315788,2.1199020238496082,0.6670446435988381
1.0526315789473684,1.3684210526315788,2.51188643150958,0.6374483678132447
1.0526315789473684,1.6315789473684208,0.09999999999999999,0.7541556177325439
1.0526315789473684,1.6315789473684208,0.11849068510006666,0.75970936434534
1.0526315789473684,1.6315789473684208,0.1404004245548316,0.7787726510882899
1.0526315789473684,1.6315789473684208,0.16636142493842218,0.8029967191296283
1.0526315789473684,1.6315789473684208,0.1971227921517696,0.7878444734532415
1.0526315789473684,1.6315789473684208,0.23357214690901223,0.7975292802681798
1.0526315789473684,1.6315789473684208,0.2767612370754227,0.8176278872968462
1.0526315789473684,1.6315789473684208,0.32793628590208806,0.81392785793609
1.0526315789473684,1.6315789473684208,0.3885739518570975,0.8359265043158344
1.0526315789473684,1.6315789473684208,0.460423937675878,0.8478879617354007
1.0526315789473684,1.6315789473684208,0.5455594781168519,0.8481179005903111
1.0526315789473684,1.6315789473684208,0.646437163249006,0.8443571104597613
1.0526315789473684,1.6315789473684208,0.7659678234751834,0.8360075671863192
1.0526315789473684,1.6315789473684208,0.907600521681814,0.8217607344450109
1.0526315789473684,1.6315789473684208,1.0754220761125606,0.7983306400767417
1.0526315789473684,1.6315789473684208,1.2742749857031335,0.7678222292023428
1.0526315789473684,1.6315789473684208,1.5098971606184193,0.7335553942850228
1.0526315789473684,1.6315789473684208,1.789087489923219,0.7001244346203075
1.0526315789473684,1.6315789473684208,2.1199020238496082,0.6655595663313182
1.0526315789473684,1.6315789473684208,2.51188643150958,0.6310103342978842
1.0526315789473684,1.8947368421052628,0.09999999999999999,0.743651270263593
1.0526315789473684,1.8947368421052628,0.11849068510006666,0.7455112363475936
1.0526315789473684,1.8947368421052628,0.1404004245548316,0.7541938054628773
1.0526315789473684,1.8947368421052628,0.16636142493842218,0.7532198663251626
1.0526315789473684,1.8947368421052628,0.1971227921517696,0.7753383029213966
1.0526315789473684,1.8947368421052628,0.23357214690901223,0.7845241967748049
1.0526315789473684,1.8947368421052628,0.2767612370754227,0.7838345250574487
1.0526315789473684,1.8947368421052628,0.32793628590208806,0.8070091330910996
1.0526315789473684,1.8947368421052628,0.3885739518570975,0.8168821248794205
1.0526315789473684,1.8947368421052628,0.460423937675878,0.8267292467601953
1.0526315789473684,1.8947368421052628,0.5455594781168519,0.809091398230196
1.0526315789473684,1.8947368421052628,0.646437163249006,0.8271080686751513
1.0526315789473684,1.8947368421052628,0.7659678234751834,0.8152287947604677
1.0526315789473684,1.8947368421052628,0.907600521681814,0.8012227938367754
1.0526315789473684,1.8947368421052628,1.0754220761125606,0.7815672012980166
1.0526315789473684,1.8947368421052628,1.2742749857031335,0.7431925622503969
1.0526315789473684,1.8947368421052628,1.5098971606184193,0.7129310888167704
1.0526315789473684,1.8947368421052628,1.789087489923219,0.682250465347028
1.0526315789473684,1.8947368421052628,2.1199020238496082,0.651044688738077
1.0526315789473684,1.8947368421052628,2.51188643150958,0.6270701914874929
1.0526315789473684,2.1578947368421053,0.09999999999999999,0.732616954386435
1.0526315789473684,2.1578947368421053,0.11849068510006666,0.7277708601163726
1.0526315789473684,2.1578947368421053,0.1404004245548316,0.7364140589784386
1.0526315789473684,2.1578947368421053,0.16636142493842218,0.7374227133937256
1.0526315789473684,2.1578947368421053,0.1971227921517696,0.7376825630638297
1.0526315789473684,2.1578947368421053,0.23357214690901223,0.7879322238073648
1.0526315789473684,2.1578947368421053,0.2767612370754227,0.7790936506024049
1.0526315789473684,2.1578947368421053,0.32793628590208806,0.7974464055860848
1.0526315789473684,2.1578947368421053,0.3885739518570975,0.7676422047952619
1.0526315789473684,2.1578947368421053,0.460423937675878,0.7986913778927696
1.0526315789473684,2.1578947368421053,0.5455594781168519,0.7950876526269506
1.0526315789473684,2.1578947368421053,0.646437163249006,0.7986734057898421
1.0526315789473684,2.1578947368421053,0.7659678234751834,0.7950501474780673
1.0526315789473684,2.1578947368421053,0.907600521681814,0.7873632650160307
1.0526315789473684,2.1578947368421053,1.0754220761125606,0.7543254865972503
1.0526315789473684,2.1578947368421053,1.2742749857031335,0.7448689291848427
1.0526315789473684,2.1578947368421053,1.5098971606184193,0.7069588622693037
1.0526315789473684,2.1578947368421053,1.789087489923219,0.6732252245497287
1.0526315789473684,2.1578947368421053,2.1199020238496082,0.6427916592824124
1.0526315789473684,2.1578947368421053,2.51188643150958,0.6163703037979091
1.0526315789473684,2.4210526315789473,0.09999999999999999,0.7177374303226776
1.0526315789473684,2.4210526315789473,0.11849068510006666,0.7226525884120993
1.0526315789473684,2.4210526315789473,0.1404004245548316,0.7271477721438361
1.0526315789473684,2.4210526315789473,0.16636142493842218,0.7294274808507604
1.0526315789473684,2.4210526315789473,0.1971227921517696,0.7299823085264743
1.0526315789473684,2.4210526315789473,0.23357214690901223,0.7368487830479247
1.0526315789473684,2.4210526315789473,0.2767612370754227,0.7374687644648977
1.0526315789473684,2.4210526315789473,0.32793628590208806,0.7604748295600132
1.0526315789473684,2.4210526315789473,0.3885739518570975,0.7841640299171596
1.0526315789473684,2.4210526315789473,0.460423937675878,0.773811685757182
1.0526315789473684,2.4210526315789473,0.5455594781168519,0.7744647899850322
1.0526315789473684,2.4210526315789473,0.646437163249006,0.7985763935438639
1.0526315789473684,2.4210526315789473,0.7659678234751834,0.7732442757111505
1.0526315789473684,2.4210526315789473,0.907600521681814,0.7685308791276855
1.0526315789473684,2.4210526315789473,1.0754220761125606,0.7537095330365348
1.0526315789473684,2.4210526315789473,1.2742749857031335,0.7292862591858792
1.0526315789473684,2.4210526315789473,1.5098971606184193,0.6945708061976121
1.0526315789473684,2.4210526315789473,1.789087489923219,0.6726767307137279
1.0526315789473684,2.4210526315789473,2.1199020238496082,0.6394009864883462
1.0526315789473684,2.4210526315789473,2.51188643150958,0.6144495548369284
1.0526315789473684,2.6842105263157894,0.09999999999999999,0.6620644638683327
1.0526315789473684,2.6842105263157894,0.11849068510006666,0.6998462717084076
1.0526315789473684,2.6842105263157894,0.1404004245548316,0.73063545274203
1.0526315789473684,2.6842105263157894,0.16636142493842218,0.690236330038291
1.0526315789473684,2.6842105263157894,0.1971227921517696,0.7203542119747631
1.0526315789473684,2.6842105263157894,0.23357214690901223,0.7169098806299914
1.0526315789473684,2.6842105263157894,0.2767612370754227,0.7152784851344461
1.0526315789473684,2.6842105263157894,0.32793628590208806,0.7538646708607505
1.0526315789473684,2.6842105263157894,0.3885739518570975,0.7428093675076196
1.0526315789473684,2.6842105263157894,0.460423937675878,0.7606523292625752
1.0526315789473684,2.6842105263157894,0.5455594781168519,0.7661128316755977
1.0526315789473684,2.6842105263157894,0.646437163249006,0.7641991610105402
1.0526315789473684,2.6842105263157894,0.7659678234751834,0.7487260742285277
1.0526315789473684,2.6842105263157894,0.907600521681814,0.7472952750732936
1.0526315789473684,2.6842105263157894,1.0754220761125606,0.7489738626950025
1.0526315789473684,2.6842105263157894,1.2742749857031335,0.7147762717901522
1.0526315789473684,2.6842105263157894,1.5098971606184193,0.6888540842723213
1.0526315789473684,2.6842105263157894,1.789087489923219,0.6624625422070223
1.0526315789473684,2.6842105263157894,2.1199020238496082,0.635860105029167
1.0526315789473684,2.6842105263157894,2.51188643150958,0.6110981097161452
1.0526315789473684,2.9473684210526314,0.09999999999999999,0.684809515318074
1.0526315789473684,2.9473684210526314,0.11849068510006666,0.6923672784976529
1.0526315789473684,2.9473684210526314,0.1404004245548316,0.6774566050142649
1.0526315789473684,2.9473684210526314,0.16636142493842218,0.7127571907932426
1.0526315789473684,2.9473684210526314,0.1971227921517696,0.7141334633613589
1.0526315789473684,2.9473684210526314,0.23357214690901223,0.7178593108037059
1.0526315789473684,2.9473684210526314,0.2767612370754227,0.7140184171013256
1.0526315789473684,2.9473684210526314,0.32793628590208806,0.7117636098452184
1.0526315789473684,2.9473684210526314,0.3885739518570975,0.7463970156470716
1.0526315789473684,2.9473684210526314,0.460423937675878,0.7332238372145772
1.0526315789473684,2.9473684210526314,0.5455594781168519,0.7470962448931878
1.0526315789473684,2.9473684210526314,0.646437163249006,0.7545157183482498
1.0526315789473684,2.9473684210526314,0.7659678234751834,0.751370627868209
1.0526315789473684,2.9473684210526314,0.907600521681814,0.7318526953315634
1.0526315789473684,2.9473684210526314,1.0754220761125606,0.7293957549466693
1.0526315789473684,2.9473684210526314,1.2742749857031335,0.7057974784006278
1.0526315789473684,2.9473684210526314,1.5098971606184193,0.689065943709759
1.0526315789473684,2.9473684210526314,1.789087489923219,0.6577641348347124
1.0526315789473684,2.9473684210526314,2.1199020238496082,0.6345324647433217
1.0526315789473684,2.9473684210526314,2.51188643150958,0.6082777580778878
1.0526315789473684,3.2105263157894735,0.09999999999999999,0.655781331223661
1.0526315789473684,3.2105263157894735,0.11849068510006666,0.6667761042974649
1.0526315789473684,3.2105263157894735,0.1404004245548316,0.6948552871113634
1.0526315789473684,3.2105263157894735,0.16636142493842218,0.6889401737534385
1.0526315789473684,3.2105263157894735,0.1971227921517696,0.7080549796041842
1.0526315789473684,3.2105263157894735,0.23357214690901223,0.6989629819804273
1.0526315789473684,3.2105263157894735,0.2767612370754227,0.7074655006373345
1.0526315789473684,3.2105263157894735,0.32793628590208806,0.7135416479896968
1.0526315789473684,3.2105263157894735,0.3885739518570975,0.7294119616093494
1.0526315789473684,3.2105263157894735,0.460423937675878,0.7383910775800815
1.0526315789473684,3.2105263157894735,0.5455594781168519,0.7569601812317494
1.0526315789473684,3.2105263157894735,0.646437163249006,0.74621715882597
1.0526315789473684,3.2105263157894735,0.7659678234751834,0.7509380104584648
1.0526315789473684,3.2105263157894735,0.907600521681814,0.7225219590719762
1.0526315789473684,3.2105263157894735,1.0754220761125606,0.7248141981897859
1.0526315789473684,3.2105263157894735,1.2742749857031335,0.7039509740208937
1.0526315789473684,3.2105263157894735,1.5098971606184193,0.6764108397800911
1.0526315789473684,3.2105263157894735,1.789087489923219,0.6555849076928847
1.0526315789473684,3.2105263157894735,2.1199020238496082,0.6279743061072991
1.0526315789473684,3.2105263157894735,2.51188643150958,0.6079760515096352
1.0526315789473684,3.473684210526316,0.09999999999999999,0.6446624679737021
1.0526315789473684,3.473684210526316,0.11849068510006666,0.6688192468297591
1.0526315789473684,3.473684210526316,0.1404004245548316,0.6597471011953927
1.0526315789473684,3.473684210526316,0.16636142493842218,0.6611112268406528
1.0526315789473684,3.473684210526316,0.1971227921517696,0.6884374742576346
1.0526315789473684,3.473684210526316,0.23357214690901223,0.6926334426343626
1.0526315789473684,3.473684210526316,0.2767612370754227,0.71093361549023
1.0526315789473684,3.473684210526316,0.32793628590208806,0.7317941157499349
1.0526315789473684,3.473684210526316,0.3885739518570975,0.737555897203282
1.0526315789473684,3.473684210526316,0.460423937675878,0.7390099334231088
1.0526315789473684,3.473684210526316,0.5455594781168519,0.7560842559269445
1.0526315789473684,3.473684210526316,0.646437163249006,0.746857597217748
1.0526315789473684,3.473684210526316,0.7659678234751834,0.7213001374964009
1.0526315789473684,3.473684210526316,0.907600521681814,0.7415287319362913
1.0526315789473684,3.473684210526316,1.0754220761125606,0.7193330898479278
1.0526315789473684,3.473684210526316,1.2742749857031335,0.6966430739743205
1.0526315789473684,3.473684210526316,1.5098971606184193,0.6724042582167772
1.0526315789473684,3.473684210526316,1.789087489923219,0.6533051536440658
1.0526315789473684,3.473684210526316,2.1199020238496082,0.6249976080798783
1.0526315789473684,3.473684210526316,2.51188643150958,0.6022166121066315
1.0526315789473684,3.7368421052631575,0.09999999999999999,0.6511959634785897
1.0526315789473684,3.7368421052631575,0.11849068510006666,0.6366075073993895
1.0526315789473684,3.7368421052631575,0.1404004245548316,0.6495361843008857
1.0526315789473684,3.7368421052631575,0.16636142493842218,0.6623689136433749
1.0526315789473684,3.7368421052631575,0.1971227921517696,0.6846289950642696
1.0526315789473684,3.7368421052631575,0.23357214690901223,0.6802479286936814
1.0526315789473684,3.7368421052631575,0.2767612370754227,0.6874875959916615
1.0526315789473684,3.7368421052631575,0.32793628590208806,0.709205200139213
1.0526315789473684,3.7368421052631575,0.3885739518570975,0.6881881507168668
1.0526315789473684,3.7368421052631575,0.460423937675878,0.7321019148102997
1.0526315789473684,3.7368421052631575,0.5455594781168519,0.7263750654516706
1.0526315789473684,3.7368421052631575,0.646437163249006,0.7274558348217286
1.0526315789473684,3.7368421052631575,0.7659678234751834,0.7433285829117269
1.0526315789473684,3.7368421052631575,0.907600521681814,0.7221493556333806
1.0526315789473684,3.7368421052631575,1.0754220761125606,0.7093491903582437
1.0526315789473684,3.7368421052631575,1.2742749857031335,0.6935062363191612
1.0526315789473684,3.7368421052631575,1.5098971606184193,0.6760788777953793
1.0526315789473684,3.7368421052631575,1.789087489923219,0.6459726854168603
1.0526315789473684,3.7368421052631575,2.1199020238496082,0.624101500168716
1.0526315789473684,3.7368421052631575,2.51188643150958,0.5991956489612486
1.0526315789473684,4.0,0.09999999999999999,0.6316356730264591
1.0526315789473684,4.0,0.11849068510006666,0.6419852577740064
1.0526315789473684,4.0,0.1404004245548316,0.6473284288256013
1.0526315789473684,4.0,0.16636142493842218,0.6650292746255697
1.0526315789473684,4.0,0.1971227921517696,0.6826954918631128
1.0526315789473684,4.0,0.23357214690901223,0.7085456172327482
1.0526315789473684,4.0,0.2767612370754227,0.6973799130508906
1.0526315789473684,4.0,0.32793628590208806,0.6970871378248001
1.0526315789473684,4.0,0.3885739518570975,0.6976224357471849
1.0526315789473684,4.0,0.460423937675878,0.6987658987385271
1.0526315789473684,4.0,0.5455594781168519,0.7349783375382914
1.0526315789473684,4.0,0.646437163249006,0.7375834586730426
1.0526315789473684,4.0,0.7659678234751834,0.7323918268123654
1.0526315789473684,4.0,0.907600521681814,0.7274884473101928
1.0526315789473684,4.0,1.0754220761125606,0.7097978259852996
1.0526315789473684,4.0,1.2742749857031335,0.6941324107149727
1.0526315789473684,4.0,1.5098971606184193,0.6680039896092345
1.0526315789473684,4.0,1.789087489923219,0.6470348668377648
1.0526315789473684,4.0,2.1199020238496082,0.6243070025313218
1.0526315789473684,4.0,2.51188643150958,0.6006284297926856
1.263157894736842,-1.0,0.09999999999999999,0.654431144772834
1.263157894736842,-1.0,0.11849068510006666,0.6524905923573537
1.263157894736842,-1.0,0.1404004245548316,0.6802267004034586
1.263157894736842,-1.0,0.16636142493842218,0.6683634525943095
1.263157894736842,-1.0,0.1971227921517696,0.6861430527939222
1.263157894736842,-1.0,0.23357214690901223,0.6544071433561892
1.263157894736842,-1.0,0.2767612370754227,0.7070475103122915
1.263157894736842,-1.0,0.32793628590208806,0.7230698233262958
1.263157894736842,-1.0,0.3885739518570975,0.7043244935918145
1.263157894736842,-1.0,0.460423937675878,0.7129017273573022
1.263157894736842,-1.0,0.5455594781168519,0.7119915473940979
1.263157894736842,-1.0,0.646437163249006,0.7068169831383657
1.263157894736842,-1.0,0.7659678234751834,0.6990254595834615
1.263157894736842,-1.0,0.907600521681814,0.6660718049899527
1.263157894736842,-1.0,1.0754220761125606,0.6494257348563609
1.263157894736842,-1.0,1.2742749857031335,0.6388119526583549
1.263157894736842,-1.0,1.5098971606184193,0.6092680031177181
1.263157894736842,-1.0,1.789087489923219,0.5859049123138023
1.263157894736842,-1.0,2.1199020238496082,0.5722654061259813
1.263157894736842,-1.0,2.51188643150958,0.554944142845819
1.263157894736842,-0.736842105263158,0.09999999999999999,0.653740704130444
1.263157894736842,-0.736842105263158,0.11849068510006666,0.6608256865675439
1.263157894736842,-0.736842105263158,0.1404004245548316,0.6844187834711034
1.263157894736842,-0.736842105263158,0.16636142493842218,0.6843141741207849
1.263157894736842,-0.736842105263158,0.1971227921517696,0.7105031708997183
1.263157894736842,-0.736842105263158,0.23357214690901223,0.6982822452412971
1.263157894736842,-0.736842105263158,0.2767612370754227,0.6696974549061528
1.263157894736842,-0.736842105263158,0.32793628590208806,0.7202805516400181
1.263157894736842,-0.736842105263158,0.3885739518570975,0.7161713217971306
1.263157894736842,-0.736842105263158,0.460423937675878,0.7137436842746615
1.263157894736842,-0.736842105263158,0.5455594781168519,0.6978741720395376
1.263157894736842,-0.736842105263158,0.646437163249006,0.6973979348972085
1.263157894736842,-0.736842105263158,0.7659678234751834,0.6849850177824325
1.263157894736842,-0.736842105263158,0.907600521681814,0.6609787639302611
1.263157894736842,-0.736842105263158,1.0754220761125606,0.6534281795551513
1.263157894736842,-0.736842105263158,1.2742749857031335,0.6388315824604309
1.263157894736842,-0.736842105263158,1.5098971606184193,0.6044972406245651
1.263157894736842,-0.736842105263158,1.789087489923219,0.5912496342574968
1.263157894736842,-0.736842105263158,2.1199020238496082,0.5767186320435036
1.263157894736842,-0.736842105263158,2.51188643150958,0.5592744526971293
1.263157894736842,-0.4736842105263158,0.09999999999999999,0.6583845627466568
1.263157894736842,-0.4736842105263158,0.11849068510006666,0.6574911151281135
1.263157894736842,-0.4736842105263158,0.1404004245548316,0.6672191544868806
1.263157894736842,-0.4736842105263158,0.16636142493842218,0.6644569450888
1.263157894736842,-0.4736842105263158,0.1971227921517696,0.6673601948079458
1.263157894736842,-0.4736842105263158,0.23357214690901223,0.6811603878429306
1.263157894736842,-0.4736842105263158,0.2767612370754227,0.6772160509240175
1.263157894736842,-0.4736842105263158,0.32793628590208806,0.6944128029765265
1.263157894736842,-0.4736842105263158,0.3885739518570975,0.7050236919409507
1.263157894736842,-0.4736842105263158,0.460423937675878,0.7008234583921902
1.263157894736842,-0.4736842105263158,0.5455594781168519,0.6960199421967384
1.263157894736842,-0.4736842105263158,0.646437163249006,0.7087828957358844
1.263157894736842,-0.4736842105263158,0.7659678234751834,0.6979189785932142
1.263157894736842,-0.4736842105263158,0.907600521681814,0.6490291873265687
1.263157894736842,-0.4736842105263158,1.0754220761125606,0.6452297122212836
1.263157894736842,-0.4736842105263158,1.2742749857031335,0.6318273344281086
1.263157894736842,-0.4736842105263158,1.5098971606184193,0.6082289584297884
1.263157894736842,-0.4736842105263158,1.789087489923219,0.5874578417476495
1.263157894736842,-0.4736842105263158,2.1199020238496082,0.5725844929893381
1.263157894736842,-0.4736842105263158,2.51188643150958,0.5582683259186662
1.263157894736842,-0.21052631578947367,0.09999999999999999,0.659967451834853
1.263157894736842,-0.21052631578947367,0.11849068510006666,0.662838768233546
1.263157894736842,-0.21052631578947367,0.1404004245548316,0.6716379795736042
1.263157894736842,-0.21052631578947367,0.16636142493842218,0.6783392486779245
1.263157894736842,-0.21052631578947367,0.1971227921517696,0.6992624024718115
1.263157894736842,-0.21052631578947367,0.23357214690901223,0.6918380359743267
1.263157894736842,-0.21052631578947367,0.2767612370754227,0.730346795539947
1.263157894736842,-0.21052631578947367,0.32793628590208806,0.7017919885958596
1.263157894736842,-0.21052631578947367,0.3885739518570975,0.7048523166451034
1.263157894736842,-0.21052631578947367,0.460423937675878,0.701936183104288
1.263157894736842,-0.21052631578947367,0.5455594781168519,0.7019845221875779
1.263157894736842,-0.21052631578947367,0.646437163249006,0.7171258991973871
1.263157894736842,-0.21052631578947367,0.7659678234751834,0.7069633776476061
1.263157894736842,-0.21052631578947367,0.907600521681814,0.6797120370766997
1.263157894736842,-0.21052631578947367,1.0754220761125606,0.6566043965426571
1.263157894736842,-0.21052631578947367,1.2742749857031335,0.6233046197168021
1.263157894736842,-0.21052631578947367,1.5098971606184193,0.6042598097960744
1.263157894736842,-0.21052631578947367,1.789087489923219,0.5920069056164909
1.263157894736842,-0.21052631578947367,2.1199020238496082,0.573725816432788
1.263157894736842,-0.21052631578947367,2.51188643150958,0.5565179495228454
1.263157894736842,0.05263157894736836,0.09999999999999999,0.6405524583306821
1.263157894736842,0.05263157894736836,0.11849068510006666,0.6915952499127154
1.263157894736842,0.05263157894736836,0.1404004245548316,0.6753900994436532
1.263157894736842,0.05263157894736836,0.16636142493842218,0.6819424910909937
1.263157894736842,0.05263157894736836,0.1971227921517696,0.6639465635466862
1.263157894736842,0.05263157894736836,0.23357214690901223,0.6941737334891759
1.263157894736842,0.05263157894736836,0.2767612370754227,0.7015406321451444
1.263157894736842,0.05263157894736836,0.32793628590208806,0.7242901613358003
1.263157894736842,0.05263157894736836,0.3885739518570975,0.7041925496862372
1.263157894736842,0.05263157894736836,0.460423937675878,0.7169249191140155
1.263157894736842,0.05263157894736836,0.5455594781168519,0.7172495966334951
1.263157894736842,0.05263157894736836,0.646437163249006,0.7202808661508138
1.263157894736842,0.05263157894736836,0.7659678234751834,0.712356153418029
1.263157894736842,0.05263157894736836,0.907600521681814,0.6698721074921196
1.263157894736842,0.05263157894736836,1.0754220761125606,0.650815088953198
1.263157894736842,0.05263157894736836,1.2742749857031335,0.6421867415426692
1.263157894736842,0.05263157894736836,1.5098971606184193,0.6193983456294424
1.263157894736842,0.05263157894736836,1.789087489923219,0.596483833059135
1.263157894736842,0.05263157894736836,2.1199020238496082,0.5827978295160815
1.263157894736842,0.05263157894736836,2.51188643150958,0.5596880603765462
1.263157894736842,0.3157894736842104,0.09999999999999999,0.7102356977198525
1.263157894736842,0.3157894736842104,0.11849068510006666,0.6762810423608352
1.263157894736842,0.3157894736842104,0.1404004245548316,0.7152670775596953
1.263157894736842,0.3157894736842104,0.16636142493842218,0.6956403062208606
1.263157894736842,0.3157894736842104,0.1971227921517696,0.7254401684842096
1.263157894736842,0.3157894736842104,0.23357214690901223,0.7325544051703777
1.263157894736842,0.3157894736842104,0.2767612370754227,0.7488359731244764
1.263157894736842,0.3157894736842104,0.32793628590208806,0.7242051811091884
1.263157894736842,0.3157894736842104,0.3885739518570975,0.7551408479919848
1.263157894736842,0.3157894736842104,0.460423937675878,0.7423597389534775
1.263157894736842,0.3157894736842104,0.5455594781168519,0.7451832106397654
1.263157894736842,0.3157894736842104,0.646437163249006,0.7233421431790884
1.263157894736842,0.3157894736842104,0.7659678234751834,0.6974002307287221
1.263157894736842,0.3157894736842104,0.907600521681814,0.697235181351255
1.263157894736842,0.3157894736842104,1.0754220761125606,0.6677999113818277
1.263157894736842,0.3157894736842104,1.2742749857031335,0.641430270522087
1.263157894736842,0.3157894736842104,1.5098971606184193,0.6443672069413218
1.263157894736842,0.3157894736842104,1.789087489923219,0.6159150416824655
1.263157894736842,0.3157894736842104,2.1199020238496082,0.5821833995511777
1.263157894736842,0.3157894736842104,2.51188643150958,0.5636365359875496
1.263157894736842,0.5789473684210527,0.09999999999999999,0.7359140413967536
1.263157894736842,0.5789473684210527,0.11849068510006666,0.7484498222631172
1.263157894736842,0.5789473684210527,0.1404004245548316,0.7459224768292771
1.263157894736842,0.5789473684210527,0.16636142493842218,0.7421544608516646
1.263157894736842,0.5789473684210527,0.1971227921517696,0.7589678482948621
1.263157894736842,0.5789473684210527,0.23357214690901223,0.7690856784588119
1.263157894736842,0.5789473684210527,0.2767612370754227,0.7534366790362068
1.263157894736842,0.5789473684210527,0.32793628590208806,0.7658884155320274
1.263157894736842,0.5789473684210527,0.3885739518570975,0.7700993419744935
1.263157894736842,0.5789473684210527,0.460423937675878,0.7795866625766922
1.263157894736842,0.5789473684210527,0.5455594781168519,0.7772291601653191
1.263157894736842,0.5789473684210527,0.646437163249006,0.7722694771624804
1.263157894736842,0.5789473684210527,0.7659678234751834,0.7482655277450044
1.263157894736842,0.5789473684210527,0.907600521681814,0.7269134176034626
1.263157894736842,0.5789473684210527,1.0754220761125606,0.6904940376311057
1.263157894736842,0.5789473684210527,1.2742749857031335,0.6781178034528682
1.263157894736842,0.5789473684210527,1.5098971606184193,0.6468960421855621
1.263157894736842,0.5789473684210527,1.789087489923219,0.6229059809820581
1.263157894736842,0.5789473684210527,2.1199020238496082,0.5931065696113238
1.263157894736842,0.5789473684210527,2.51188643150958,0.5788845692986243
1.263157894736842,0.8421052631578947,0.09999999999999999,0.7848586412607631
1.263157894736842,0.8421052631578947,0.11849068510006666,0.7976822281380754
1.263157894736842,0.8421052631578947,0.1404004245548316,0.804965154631034
1.263157894736842,0.8421052631578947,0.16636142493842218,0.8062560256406924
1.263157894736842,0.8421052631578947,0.1971227921517696,0.804797376306347
1.263157894736842,0.8421052631578947,0.23357214690901223,0.8154529643826809
1.263157894736842,0.8421052631578947,0.2767612370754227,0.8350827283259582
1.263157894736842,0.8421052631578947,0.32793628590208806,0.8338924287319135
1.263157894736842,0.8421052631578947,0.3885739518570975,0.8242647045531499
1.263157894736842,0.8421052631578947,0.460423937675878,0.8233014858570812
1.263157894736842,0.8421052631578947,0.5455594781168519,0.820125828926797
1.263157894736842,0.8421052631578947,0.646437163249006,0.8061081451373432
1.263157894736842,0.8421052631578947,0.7659678234751834,0.8019292609151584
1.263157894736842,0.8421052631578947,0.907600521681814,0.7802274885177446
1.263157894736842,0.8421052631578947,1.0754220761125606,0.7327154018398275
1.263157894736842,0.8421052631578947,1.2742749857031335,0.7017954607286793
1.263157894736842,0.8421052631578947,1.5098971606184193,0.6794826101355977
1.263157894736842,0.8421052631578947,1.789087489923219,0.6520175527369392
1.263157894736842,0.8421052631578947,2.1199020238496082,0.6151161161701147
1.263157894736842,0.8421052631578947,2.51188643150958,0.5936067331981891
1.263157894736842,1.1052631578947367,0.09999999999999999,0.819341543717666
1.263157894736842,1.1052631578947367,0.11849068510006666,0.8131871215396956
1.263157894736842,1.1052631578947367,0.1404004245548316,0.836439344609385
1.263157894736842,1.1052631578947367,0.16636142493842218,0.8394081383138023
1.263157894736842,1.1052631578947367,0.1971227921517696,0.84481374273718
1.263157894736842,1.1052631578947367,0.23357214690901223,0.8487782072707011
1.263157894736842,1.1052631578947367,0.2767612370754227,0.8623136431223503
1.263157894736842,1.1052631578947367,0.32793628590208806,0.8698405538311207
1.263157894736842,1.1052631578947367,0.3885739518570975,0.8757276090935794
1.263157894736842,1.1052631578947367,0.460423937675878,0.8683655459902797
1.263157894736842,1.1052631578947367,0.5455594781168519,0.864608499742413
1.263157894736842,1.1052631578947367,0.646437163249006,0.8571207094682116
1.263157894736842,1.1052631578947367,0.7659678234751834,0.8372332110503828
1.263157894736842,1.1052631578947367,0.907600521681814,0.8038640099906152
1.263157894736842,1.1052631578947367,1.0754220761125606,0.770746894693614
1.263157894736842,1.1052631578947367,1.2742749857031335,0.7478029958709712
1.263157894736842,1.1052631578947367,1.5098971606184193,0.7102863239693875
1.263157894736842,1.1052631578947367,1.789087489923219,0.6784506243349224
1.263157894736842,1.1052631578947367,2.1199020238496082,0.6453188196400302
1.263157894736842,1.1052631578947367,2.51188643150958,0.6143007384012138
1.263157894736842,1.3684210526315788,0.09999999999999999,0.7937108721273305
1.263157894736842,1.3684210526315788,0.11849068510006666,0.7929027907119705
1.263157894736842,1.3684210526315788,0.1404004245548316,0.7924835732196864
1.263157894736842,1.3684210526315788,0.16636142493842218,0.815241466663471
1.263157894736842,1.3684210526315788,0.1971227921517696,0.8183788469726241
1.263157894736842,1.3684210526315788,0.23357214690901223,0.8424519438758177
1.263157894736842,1.3684210526315788,0.2767612370754227,0.8480702611650889
1.263157894736842,1.3684210526315788,0.32793628590208806,0.8588656640343411
1.263157894736842,1.3684210526315788,0.3885739518570975,0.8721218925607418
1.263157894736842,1.3684210526315788,0.460423937675878,0.8839677425128469
1.263157894736842,1.3684210526315788,0.5455594781168519,0.889486923059843
1.263157894736842,1.3684210526315788,0.646437163249006,0.8784560981110082
1.263157894736842,1.3684210526315788,0.7659678234751834,0.8588737152916439
1.263157894736842,1.3684210526315788,0.907600521681814,0.8378114581536038
1.263157894736842,1.3684210526315788,1.0754220761125606,0.8156784692472678
1.263157894736842,1.3684210526315788,1.2742749857031335,0.7778864443747644
1.263157894736842,1.3684210526315788,1.5098971606184193,0.7419893128698892
1.263157894736842,1.3684210526315788,1.789087489923219,0.7059259687314965
1.263157894736842,1.3684210526315788,2.1199020238496082,0.6643474105673077
1.263157894736842,1.3684210526315788,2.51188643150958,0.6279498436140367
1.263157894736842,1.6315789473684208,0.09999999999999999,0.7798388945642807
1.263157894736842,1.6315789473684208,0.11849068510006666,0.8003688231407436
1.263157894736842,1.6315789473684208,0.1404004245548316,0.78664205829447
1.263157894736842,1.6315789473684208,0.16636142493842218,0.8029979625404722
1.263157894736842,1.6315789473684208,0.1971227921517696,0.8103210736981579
1.263157894736842,1.6315789473684208,0.23357214690901223,0.8244621850254022
1.263157894736842,1.6315789473684208,0.2767612370754227,0.8577837006834574
1.263157894736842,1.6315789473684208,0.32793628590208806,0.8493735657908595
1.263157894736842,1.6315789473684208,0.3885739518570975,0.8654691014937027
1.263157894736842,1.6315789473684208,0.460423937675878,0.8629316450707211
1.263157894736842,1.6315789473684208,0.5455594781168519,0.8709941128841098
1.263157894736842,1.6315789473684208,0.646437163249006,0.8680450041356097
1.263157894736842,1.6315789473684208,0.7659678234751834,0.8490130171608756
1.263157894736842,1.6315789473684208,0.907600521681814,0.8337080204964596
1.263157894736842,1.6315789473684208,1.0754220761125606,0.8068738310836701
1.263157894736842,1.6315789473684208,1.2742749857031335,0.780915140693107
1.263157894736842,1.6315789473684208,1.5098971606184193,0.7403065241743485
1.263157894736842,1.6315789473684208,1.789087489923219,0.7057250561045734
1.263157894736842,1.6315789473684208,2.1199020238496082,0.6685237484601779
1.263157894736842,1.6315789473684208,2.51188643150958,0.635229275202385
1.263157894736842,1.8947368421052628,0.09999999999999999,0.7773142996393914
1.263157894736842,1.8947368421052628,0.11849068510006666,0.780399355128886
1.263157894736842,1.8947368421052628,0.1404004245548316,0.776439169286361
1.263157894736842,1.8947368421052628,0.16636142493842218,0.7721255037630466
1.263157894736842,1.8947368421052628,0.1971227921517696,0.7950666441851992
1.263157894736842,1.8947368421052628,0.23357214690901223,0.8061184073254224
1.263157894736842,1.8947368421052628,0.2767612370754227,0.8256950343178037
1.263157894736842,1.8947368421052628,0.32793628590208806,0.8282491050798759
1.263157894736842,1.8947368421052628,0.3885739518570975,0.8398063288438022
1.263157894736842,1.8947368421052628,0.460423937675878,0.8341394381464646
1.263157894736842,1.8947368421052628,0.5455594781168519,0.8497929159264805
1.263157894736842,1.8947368421052628,0.646437163249006,0.8370466565293798
1.263157894736842,1.8947368421052628,0.7659678234751834,0.8473179852157081
1.263157894736842,1.8947368421052628,0.907600521681814,0.8215436806779927
1.263157894736842,1.8947368421052628,1.0754220761125606,0.7956293720111022
1.263157894736842,1.8947368421052628,1.2742749857031335,0.7657169811917087
1.263157894736842,1.8947368421052628,1.5098971606184193,0.7301917842390502
1.263157894736842,1.8947368421052628,1.789087489923219,0.6930596708545766
1.263157894736842,1.8947368421052628,2.1199020238496082,0.6640152222846266
1.263157894736842,1.8947368421052628,2.51188643150958,0.6298410288401874
1.263157894736842,2.1578947368421053,0.09999999999999999,0.7571932253304596
1.263157894736842,2.1578947368421053,0.11849068510006666,0.7516978668236166
1.263157894736842,2.1578947368421053,0.1404004245548316,0.7570014981893876
1.263157894736842,2.1578947368421053,0.16636142493842218,0.7818111681691454
1.263157894736842,2.1578947368421053,0.1971227921517696,0.779994008517242
1.263157894736842,2.1578947368421053,0.23357214690901223,0.7807698427337144
1.263157894736842,2.1578947368421053,0.2767612370754227,0.8030880867972032
1.263157894736842,2.1578947368421053,0.32793628590208806,0.8030520299640538
1.263157894736842,2.1578947368421053,0.3885739518570975,0.8288683184697868
1.263157894736842,2.1578947368421053,0.460423937675878,0.8181801296631099
1.263157894736842,2.1578947368421053,0.5455594781168519,0.8320093509825388
1.263157894736842,2.1578947368421053,0.646437163249006,0.8171987458295791
1.263157894736842,2.1578947368421053,0.7659678234751834,0.8006844473520603
1.263157894736842,2.1578947368421053,0.907600521681814,0.7935449125651267
1.263157894736842,2.1578947368421053,1.0754220761125606,0.7778305368024686
1.263157894736842,2.1578947368421053,1.2742749857031335,0.7472826226332872
1.263157894736842,2.1578947368421053,1.5098971606184193,0.7195098132537444
1.263157894736842,2.1578947368421053,1.789087489923219,0.6865665082758431
1.263157894736842,2.1578947368421053,2.1199020238496082,0.6548595836670609
1.263157894736842,2.1578947368421053,2.51188643150958,0.624198701348034
1.263157894736842,2.4210526315789473,0.09999999999999999,0.7428373632156589
1.263157894736842,2.4210526315789473,0.11849068510006666,0.7445605055446721
1.263157894736842,2.4210526315789473,0.1404004245548316,0.7311813916885762
1.263157894736842,2.4210526315789473,0.16636142493842218,0.7554407533306402
1.263157894736842,2.4210526315789473,0.1971227921517696,0.7544276699253104
1.263157894736842,2.4210526315789473,0.23357214690901223,0.7656218431503025
1.263157894736842,2.4210526315789473,0.2767612370754227,0.7771657019877869
1.263157894736842,2.4210526315789473,0.32793628590208806,0.7522496187144525
1.263157894736842,2.4210526315789473,0.3885739518570975,0.8047159454587464
1.263157894736842,2.4210526315789473,0.460423937675878,0.8114628858942153
1.263157894736842,2.4210526315789473,0.5455594781168519,0.7910609250188132
1.263157894736842,2.4210526315789473,0.646437163249006,0.8071435098111209
1.263157894736842,2.4210526315789473,0.7659678234751834,0.7879246780521001
1.263157894736842,2.4210526315789473,0.907600521681814,0.7795015607852916
1.263157894736842,2.4210526315789473,1.0754220761125606,0.757820884015446
1.263157894736842,2.4210526315789473,1.2742749857031335,0.7309471386954091
1.263157894736842,2.4210526315789473,1.5098971606184193,0.7062578445277917
1.263157894736842,2.4210526315789473,1.789087489923219,0.6761822126197209
1.263157894736842,2.4210526315789473,2.1199020238496082,0.6457348972996995
1.263157894736842,2.4210526315789473,2.51188643150958,0.6185077434630547
1.263157894736842,2.6842105263157894,0.09999999999999999,0.7153195081271
1.263157894736842,2.6842105263157894,0.11849068510006666,0.724348690235841
1.263157894736842,2.6842105263157894,0.1404004245548316,0.704808573737159
1.263157894736842,2.6842105263157894,0.16636142493842218,0.7540677122873776
1.263157894736842,2.6842105263157894,0.1971227921517696,0.7443338929052151
1.263157894736842,2.6842105263157894,0.23357214690901223,0.7328886694263019
1.263157894736842,2.6842105263157894,0.2767612370754227,0.7573670579798155
1.263157894736842,2.6842105263157894,0.32793628590208806,0.7691485755548805
1.263157894736842,2.6842105263157894,0.3885739518570975,0.7931680953849111
1.263157894736842,2.6842105263157894,0.460423937675878,0.7956981997519077
1.263157894736842,2.6842105263157894,0.5455594781168519,0.7781546202969482
1.263157894736842,2.6842105263157894,0.646437163249006,0.7884008392595124
1.263157894736842,2.6842105263157894,0.7659678234751834,0.7771435185673982
1.263157894736842,2.6842105263157894,0.907600521681814,0.7765269191468741
1.263157894736842,2.6842105263157894,1.0754220761125606,0.7513191296449999
1.263157894736842,2.6842105263157894,1.2742749857031335,0.7232013662112378
1.263157894736842,2.6842105263157894,1.5098971606184193,0.7013973238341088
1.263157894736842,2.6842105263157894,1.789087489923219,0.6686829058715072
1.263157894736842,2.6842105263157894,2.1199020238496082,0.6392716718202971
1.263157894736842,2.6842105263157894,2.51188643150958,0.6169012826144048
1.263157894736842,2.9473684210526314,0.09999999999999999,0.6906632476758037
1.263157894736842,2.9473684210526314,0.11849068510006666,0.6870632022945762
1.263157894736842,2.9473684210526314,0.1404004245548316,0.6930661981095536
1.263157894736842,2.9473684210526314,0.16636142493842218,0.7081502368984711
1.263157894736842,2.9473684210526314,0.1971227921517696,0.7139467219094665
1.263157894736842,2.9473684210526314,0.23357214690901223,0.7314336915105497
1.263157894736842,2.9473684210526314,0.2767612370754227,0.7401293620713836
1.263157894736842,2.9473684210526314,0.32793628590208806,0.7415190879094123
1.263157894736842,2.9473684210526314,0.3885739518570975,0.7437118302363015
1.263157894736842,2.9473684210526314,0.460423937675878,0.7670125760837117
1.263157894736842,2.9473684210526314,0.5455594781168519,0.7536566077097541
1.263157894736842,2.9473684210526314,0.646437163249006,0.7644697367810177
1.263157894736842,2.9473684210526314,0.7659678234751834,0.7623899781668113
1.263157894736842,2.9473684210526314,0.907600521681814,0.7600308086201583
1.263157894736842,2.9473684210526314,1.0754220761125606,0.7313685879704244
1.263157894736842,2.9473684210526314,1.2742749857031335,0.7127650441687126
1.263157894736842,2.9473684210526314,1.5098971606184193,0.6913443321689734
1.263157894736842,2.9473684210526314,1.789087489923219,0.663140380309028
1.263157894736842,2.9473684210526314,2.1199020238496082,0.6354325169000655
1.263157894736842,2.9473684210526314,2.51188643150958,0.6080443587518932
1.263157894736842,3.2105263157894735,0.09999999999999999,0.7046696383318962
1.263157894736842,3.2105263157894735,0.11849068510006666,0.686048790244674
1.263157894736842,3.2105263157894735,0.1404004245548316,0.6808656361657991
1.263157894736842,3.2105263157894735,0.16636142493842218,0.7119750818594967
1.263157894736842,3.2105263157894735,0.1971227921517696,0.6936664003829057
1.263157894736842,3.2105263157894735,0.23357214690901223,0.7091332959791153
1.263157894736842,3.2105263157894735,0.2767612370754227,0.7354819413948043
1.263157894736842,3.2105263157894735,0.32793628590208806,0.736820959792692
1.263157894736842,3.2105263157894735,0.3885739518570975,0.7468355183767583
1.263157894736842,3.2105263157894735,0.460423937675878,0.7487573020371966
1.263157894736842,3.2105263157894735,0.5455594781168519,0.7576582293696418
1.263157894736842,3.2105263157894735,0.646437163249006,0.7553314101641398
1.263157894736842,3.2105263157894735,0.7659678234751834,0.7483142444640021
1.263157894736842,3.2105263157894735,0.907600521681814,0.7549528458105874
1.263157894736842,3.2105263157894735,1.0754220761125606,0.7336072737727763
1.263157894736842,3.2105263157894735,1.2742749857031335,0.7104253515432204
1.263157894736842,3.2105263157894735,1.5098971606184193,0.6877861516661554
1.263157894736842,3.2105263157894735,1.789087489923219,0.6580060800188127
1.263157894736842,3.2105263157894735,2.1199020238496082,0.6331644114966781
1.263157894736842,3.2105263157894735,2.51188643150958,0.6071408667810181
1.263157894736842,3.473684210526316,0.09999999999999999,0.6895790599478318
1.263157894736842,3.473684210526316,0.11849068510006666,0.6557230837657959
1.263157894736842,3.473684210526316,0.1404004245548316,0.6956744456055414
1.263157894736842,3.473684210526316,0.16636142493842218,0.6584705815822525
1.263157894736842,3.473684210526316,0.1971227921517696,0.6905679600915183
1.263157894736842,3.473684210526316,0.23357214690901223,0.6915330988182333
1.263157894736842,3.473684210526316,0.2767612370754227,0.7194974750697231
1.263157894736842,3.473684210526316,0.32793628590208806,0.727430425859443
1.263157894736842,3.473684210526316,0.3885739518570975,0.7513297304182573
1.263157894736842,3.473684210526316,0.460423937675878,0.7363639647082878
1.263157894736842,3.473684210526316,0.5455594781168519,0.7292025329673235
1.263157894736842,3.473684210526316,0.646437163249006,0.7543370297114463
1.263157894736842,3.473684210526316,0.7659678234751834,0.737504913360065
1.263157894736842,3.473684210526316,0.907600521681814,0.7380670267539612
1.263157894736842,3.473684210526316,1.0754220761125606,0.7303849117855711
1.263157894736842,3.473684210526316,1.2742749857031335,0.7059012361919481
1.263157894736842,3.473684210526316,1.5098971606184193,0.682896039376699
1.263157894736842,3.473684210526316,1.789087489923219,0.6518854530221108
1.263157894736842,3.473684210526316,2.1199020238496082,0.6312393281045865
1.263157894736842,3.473684210526316,2.51188643150958,0.606355969353568
1.263157894736842,3.7368421052631575,0.09999999999999999,0.6586904229478977
1.263157894736842,3.7368421052631575,0.11849068510006666,0.6511146344368575
1.263157894736842,3.7368421052631575,0.1404004245548316,0.6501310029133075
1.263157894736842,3.7368421052631575,0.16636142493842218,0.6733198813009402
1.263157894736842,3.7368421052631575,0.1971227921517696,0.6907218946213219
1.263157894736842,3.7368421052631575,0.23357214690901223,0.6911176975037544
1.263157894736842,3.7368421052631575,0.2767612370754227,0.7056984576747698
1.263157894736842,3.7368421052631575,0.32793628590208806,0.7021456260446532
1.263157894736842,3.7368421052631575,0.3885739518570975,0.7125962922859964
1.263157894736842,3.7368421052631575,0.460423937675878,0.7205751603492867
1.263157894736842,3.7368421052631575,0.5455594781168519,0.7407480109005137
1.263157894736842,3.7368421052631575,0.646437163249006,0.7444517490163014
1.263157894736842,3.7368421052631575,0.7659678234751834,0.7451762655208002
1.263157894736842,3.7368421052631575,0.907600521681814,0.7201247125903532
1.263157894736842,3.7368421052631575,1.0754220761125606,0.7199467352944522
1.263157894736842,3.7368421052631575,1.2742749857031335,0.695789779475429
1.263157894736842,3.7368421052631575,1.5098971606184193,0.675408649496697
1.263157894736842,3.7368421052631575,1.789087489923219,0.6513467998945001
1.263157894736842,3.7368421052631575,2.1199020238496082,0.6237597774980385
1.263157894736842,3.7368421052631575,2.51188643150958,0.606312172185845
1.263157894736842,4.0,0.09999999999999999,0.6413204524017352
1.263157894736842,4.0,0.11849068510006666,0.6419872613001553
1.263157894736842,4.0,0.1404004245548316,0.6485802067893109
1.263157894736842,4.0,0.16636142493842218,0.6766920697163782
1.263157894736842,4.0,0.1971227921517696,0.6788462929332976
1.263157894736842,4.0,0.23357214690901223,0.6918470396686103
1.263157894736842,4.0,0.2767612370754227,0.6968425164730255
1.263157894736842,4.0,0.32793628590208806,0.7200522226781776
1.263157894736842,4.0,0.3885739518570975,0.7212694081538478
1.263157894736842,4.0,0.460423937675878,0.7324099761610073
1.263157894736842,4.0,0.5455594781168519,0.7208855495553431
1.263157894736842,4.0,0.646437163249006,0.731189665581931
1.263157894736842,4.0,0.7659678234751834,0.7371878558691494
1.263157894736842,4.0,0.907600521681814,0.7242436422810536
1.263157894736842,4.0,1.0754220761125606,0.719456014222123
1.263157894736842,4.0,1.2742749857031335,0.7029406357995654
1.263157894736842,4.0,1.5098971606184193,0.6667802053940673
1.263157894736842,4.0,1.789087489923219,0.6497251516548226
1.263157894736842,4.0,2.1199020238496082,0.6267320888861811
1.263157894736842,4.0,2.51188643150958,0.6015026407761256
1.4736842105263157,-1.0,0.09999999999999999,0.6382040395538171
1.4736842105263157,-1.0,0.11849068510006666,0.6446530812575629
1.4736842105263157,-1.0,0.1404004245548316,0.6435500139951863
1.4736842105263157,-1.0,0.16636142493842218,0.677084794775309
1.4736842105263157,-1.0,0.1971227921517696,0.6839420814935135
1.4736842105263157,-1.0,0.23357214690901223,0.6772722648176441
1.4736842105263157,-1.0,0.2767612370754227,0.6872088292880204
1.4736842105263157,-1.0,0.32793628590208806,0.6923708326814356
1.4736842105263157,-1.0,0.3885739518570975,0.720390942973958
1.4736842105263157,-1.0,0.460423937675878,0.7039775263560075
1.4736842105263157,-1.0,0.5455594781168519,0.6949039723898709
1.4736842105263157,-1.0,0.646437163249006,0.6842553125821978
1.4736842105263157,-1.0,0.7659678234751834,0.6654300536348593
1.4736842105263157,-1.0,0.907600521681814,0.6704936132294885
1.4736842105263157,-1.0,1.0754220761125606,0.6533274529409724
1.4736842105263157,-1.0,1.2742749857031335,0.6293096470406477
1.4736842105263157,-1.0,1.5098971606184193,0.5943859957274908
1.4736842105263157,-1.0,1.789087489923219,0.5847028911579804
1.4736842105263157,-1.0,2.1199020238496082,0.5688426341614878
1.4736842105263157,-1.0,2.51188643150958,0.5555886354265851
1.4736842105263157,-0.736842105263158,0.09999999999999999,0.6412221599355584
1.4736842105263157,-0.736842105263158,0.11849068510006666,0.6297458612964971
1.4736842105263157,-0.736842105263158,0.1404004245548316,0.6499189823951174
1.4736842105263157,-0.736842105263158,0.16636142493842218,0.623897789497511
1.4736842105263157,-0.736842105263158,0.1971227921517696,0.6835483395494858
1.4736842105263157,-0.736842105263158,0.23357214690901223,0.6859110520149126
1.4736842105263157,-0.736842105263158,0.2767612370754227,0.6778559851836453
1.4736842105263157,-0.736842105263158,0.32793628590208806,0.7026831740143026
1.4736842105263157,-0.736842105263158,0.3885739518570975,0.6836479240752552
1.4736842105263157,-0.736842105263158,0.460423937675878,0.6895710644851416
1.4736842105263157,-0.736842105263158,0.5455594781168519,0.7064866366160418
1.4736842105263157,-0.736842105263158,0.646437163249006,0.6994278552924161
1.4736842105263157,-0.736842105263158,0.7659678234751834,0.6640731732160691
1.4736842105263157,-0.736842105263158,0.907600521681814,0.666935482230215
1.4736842105263157,-0.736842105263158,1.0754220761125606,0.647853515177737
1.4736842105263157,-0.736842105263158,1.2742749857031335,0.6227685751466399
1.4736842105263157,-0.736842105263158,1.5098971606184193,0.6027130076624208
1.4736842105263157,-0.736842105263158,1.789087489923219,0.5840789620373319
1.4736842105263157,-0.736842105263158,2.1199020238496082,0.566967082177938
1.4736842105263157,-0.736842105263158,2.51188643150958,0.5546046145891496
1.4736842105263157,-0.4736842105263158,0.09999999999999999,0.614829006132191
1.4736842105263157,-0.4736842105263158,0.11849068510006666,0.6286681422868173
1.4736842105263157,-0.4736842105263158,0.1404004245548316,0.6440565024853848
1.4736842105263157,-0.4736842105263158,0.16636142493842218,0.6517778513848919
1.4736842105263157,-0.4736842105263158,0.1971227921517696,0.6662304824629885
1.4736842105263157,-0.4736842105263158,0.23357214690901223,0.6573492311682412
1.4736842105263157,-0.4736842105263158,0.2767612370754227,0.6638443256831459
1.4736842105263157,-0.4736842105263158,0.32793628590208806,0.6967058355052385
1.4736842105263157,-0.4736842105263158,0.3885739518570975,0.6729499012087232
1.4736842105263157,-0.4736842105263158,0.460423937675878,0.7043025579623857
1.4736842105263157,-0.4736842105263158,0.5455594781168519,0.6742308595478599
1.4736842105263157,-0.4736842105263158,0.646437163249006,0.6905635867699874
1.4736842105263157,-0.4736842105263158,0.7659678234751834,0.6863555485785413
1.4736842105263157,-0.4736842105263158,0.907600521681814,0.6471892372687922
1.4736842105263157,-0.4736842105263158,1.0754220761125606,0.6343874147028362
1.4736842105263157,-0.4736842105263158,1.2742749857031335,0.6249822032750832
1.4736842105263157,-0.4736842105263158,1.5098971606184193,0.6019169359376172
1.4736842105263157,-0.4736842105263158,1.789087489923219,0.5810376730393254
1.4736842105263157,-0.4736842105263158,2.1199020238496082,0.5665194701901655
1.4736842105263157,-0.4736842105263158,2.51188643150958,0.5496954593676671
1.4736842105263157,-0.21052631578947367,0.09999999999999999,0.6152024633833009
1.4736842105263157,-0.21052631578947367,0.11849068510006666,0.6445303941922269
1.4736842105263157,-0.21052631578947367,0.1404004245548316,0.6621191724910721
1.4736842105263157,-0.21052631578947367,0.16636142493842218,0.6455502075131664
1.4736842105263157,-0.21052631578947367,0.1971227921517696,0.6875530592504202
1.4736842105263157,-0.21052631578947367,0.23357214690901223,0.6784119083853635
1.4736842105263157,-0.21052631578947367,0.2767612370754227,0.6628380497894472
1.4736842105263157,-0.21052631578947367,0.32793628590208806,0.682266488486013
1.4736842105263157,-0.21052631578947367,0.3885739518570975,0.6921963382539572
1.4736842105263157,-0.21052631578947367,0.460423937675878,0.7173498704171379
1.4736842105263157,-0.21052631578947367,0.5455594781168519,0.6956897942454199
1.4736842105263157,-0.21052631578947367,0.646437163249006,0.6676585175419011
1.4736842105263157,-0.21052631578947367,0.7659678234751834,0.6657647216822405
1.4736842105263157,-0.21052631578947367,0.907600521681814,0.6600734677404327
1.4736842105263157,-0.21052631578947367,1.0754220761125606,0.6343996570777662
1.4736842105263157,-0.21052631578947367,1.2742749857031335,0.6187096545061785
1.4736842105263157,-0.21052631578947367,1.5098971606184193,0.6077687688988574
1.4736842105263157,-0.21052631578947367,1.789087489923219,0.580356053269102
1.4736842105263157,-0.21052631578947367,2.1199020238496082,0.5689824764390418
1.4736842105263157,-0.21052631578947367,2.51188643150958,0.5539764330477179
1.4736842105263157,0.05263157894736836,0.09999999999999999,0.6374210591869309
1.4736842105263157,0.05263157894736836,0.11849068510006666,0.6272280499071337
1.4736842105263157,0.05263157894736836,0.1404004245548316,0.6214190224571368
1.4736842105263157,0.05263157894736836,0.16636142493842218,0.6668575433842249
1.4736842105263157,0.05263157894736836,0.1971227921517696,0.6819061444006996
1.4736842105263157,0.05263157894736836,0.23357214690901223,0.7033921305272589
1.4736842105263157,0.05263157894736836,0.2767612370754227,0.6920124595582834
1.4736842105263157,0.05263157894736836,0.32793628590208806,0.6831140048422284
1.4736842105263157,0.05263157894736836,0.3885739518570975,0.6985035333609836
1.4736842105263157,0.05263157894736836,0.460423937675878,0.7000038162875989
1.4736842105263157,0.05263157894736836,0.5455594781168519,0.7049781954893414
1.4736842105263157,0.05263157894736836,0.646437163249006,0.6974446816142571
1.4736842105263157,0.05263157894736836,0.7659678234751834,0.7039059883226777
1.4736842105263157,0.05263157894736836,0.907600521681814,0.6739668305372161
1.4736842105263157,0.05263157894736836,1.0754220761125606,0.6412406548498799
1.4736842105263157,0.05263157894736836,1.2742749857031335,0.6283400524099653
1.4736842105263157,0.05263157894736836,1.5098971606184193,0.5984420857566365
1.4736842105263157,0.05263157894736836,1.789087489923219,0.5870996162064225
1.4736842105263157,0.05263157894736836,2.1199020238496082,0.5650440042469724
1.4736842105263157,0.05263157894736836,2.51188643150958,0.5526465421414323
1.4736842105263157,0.3157894736842104,0.09999999999999999,0.6412252878923765
1.4736842105263157,0.3157894736842104,0.11849068510006666,0.6611796769488607
1.4736842105263157,0.3157894736842104,0.1404004245548316,0.6972100465669803
1.4736842105263157,0.3157894736842104,0.16636142493842218,0.6803412579510625
1.4736842105263157,0.3157894736842104,0.1971227921517696,0.6604707285345349
1.4736842105263157,0.3157894736842104,0.23357214690901223,0.7156232577712224
1.4736842105263157,0.3157894736842104,0.2767612370754227,0.7004490581828513
1.4736842105263157,0.3157894736842104,0.32793628590208806,0.7168326075103976
1.4736842105263157,0.3157894736842104,0.3885739518570975,0.7207054955757358
1.4736842105263157,0.3157894736842104,0.460423937675878,0.7305442792410441
1.4736842105263157,0.3157894736842104,0.5455594781168519,0.7120229217801065
1.4736842105263157,0.3157894736842104,0.646437163249006,0.6997195434632675
1.4736842105263157,0.3157894736842104,0.7659678234751834,0.6984377371194925
1.4736842105263157,0.3157894736842104,0.907600521681814,0.6658348287068526
1.4736842105263157,0.3157894736842104,1.0754220761125606,0.6667160706123363
1.4736842105263157,0.3157894736842104,1.2742749857031335,0.6346720716570727
1.4736842105263157,0.3157894736842104,1.5098971606184193,0.6117677151920746
1.4736842105263157,0.3157894736842104,1.789087489923219,0.5920077392276485
1.4736842105263157,0.3157894736842104,2.1199020238496082,0.5794557612813399
1.4736842105263157,0.3157894736842104,2.51188643150958,0.552363560055495
1.4736842105263157,0.5789473684210527,0.09999999999999999,0.6804684746592303
1.4736842105263157,0.5789473684210527,0.11849068510006666,0.7110213673652253
1.4736842105263157,0.5789473684210527,0.1404004245548316,0.7160517988890107
1.4736842105263157,0.5789473684210527,0.16636142493842218,0.7346325110308777
1.4736842105263157,0.5789473684210527,0.1971227921517696,0.6947417443794456
1.4736842105263157,0.5789473684210527,0.23357214690901223,0.727149767668292
1.4736842105263157,0.5789473684210527,0.2767612370754227,0.7451744661887938
1.4736842105263157,0.5789473684210527,0.32793628590208806,0.7343903636058464
1.4736842105263157,0.5789473684210527,0.3885739518570975,0.7598465112203329
1.4736842105263157,0.5789473684210527,0.460423937675878,0.7194784418117144
1.4736842105263157,0.5789473684210527,0.5455594781168519,0.7557277413394018
1.4736842105263157,0.5789473684210527,0.646437163249006,0.734996377272042
1.4736842105263157,0.5789473684210527,0.7659678234751834,0.7217118468253692
1.4736842105263157,0.5789473684210527,0.907600521681814,0.7100500725538292
1.4736842105263157,0.5789473684210527,1.0754220761125606,0.6761990470017126
1.4736842105263157,0.5789473684210527,1.2742749857031335,0.6614525004640083
1.4736842105263157,0.5789473684210527,1.5098971606184193,0.6191456897243638
1.4736842105263157,0.5789473684210527,1.789087489923219,0.6003956688574709
1.4736842105263157,0.5789473684210527,2.1199020238496082,0.5816874462482579
1.4736842105263157,0.5789473684210527,2.51188643150958,0.565822323856081
1.4736842105263157,0.8421052631578947,0.09999999999999999,0.724171676408992
1.4736842105263157,0.8421052631578947,0.11849068510006666,0.7321756236990001
1.4736842105263157,0.8421052631578947,0.1404004245548316,0.7652042620179744
1.4736842105263157,0.8421052631578947,0.16636142493842218,0.7457742974921173
1.4736842105263157,0.8421052631578947,0.1971227921517696,0.7565601675341779
1.4736842105263157,0.8421052631578947,0.23357214690901223,0.7806710180935763
1.4736842105263157,0.8421052631578947,0.2767612370754227,0.7963823513862269
1.4736842105263157,0.8421052631578947,0.32793628590208806,0.786214923399045
1.4736842105263157,0.8421052631578947,0.3885739518570975,0.8000357578861077
1.4736842105263157,0.8421052631578947,0.460423937675878,0.7699324765632424
1.4736842105263157,0.8421052631578947,0.5455594781168519,0.7828460523288335
1.4736842105263157,0.8421052631578947,0.646437163249006,0.7770215272125202
1.4736842105263157,0.8421052631578947,0.7659678234751834,0.7725842014487074
1.4736842105263157,0.8421052631578947,0.907600521681814,0.7315490479919028
1.4736842105263157,0.8421052631578947,1.0754220761125606,0.7077951875056088
1.4736842105263157,0.8421052631578947,1.2742749857031335,0.6709569924666963
1.4736842105263157,0.8421052631578947,1.5098971606184193,0.654523532287577
1.4736842105263157,0.8421052631578947,1.789087489923219,0.6211379945750315
1.4736842105263157,0.8421052631578947,2.1199020238496082,0.5984420876479444
1.4736842105263157,0.8421052631578947,2.51188643150958,0.5798093931864955
1.4736842105263157,1.1052631578947367,0.09999999999999999,0.7998337536105526
1.4736842105263157,1.1052631578947367,0.11849068510006666,0.8089299073334485
1.4736842105263157,1.1052631578947367,0.1404004245548316,0.8026797128521636
1.4736842105263157,1.1052631578947367,0.16636142493842218,0.7972795448134392
1.4736842105263157,1.1052631578947367,0.1971227921517696,0.8265934100864352
1.4736842105263157,1.1052631578947367,0.23357214690901223,0.8320346993670981
1.4736842105263157,1.1052631578947367,0.2767612370754227,0.8271086330328016
1.4736842105263157,1.1052631578947367,0.32793628590208806,0.843974688404367
1.4736842105263157,1.1052631578947367,0.3885739518570975,0.8365218779588278
1.4736842105263157,1.1052631578947367,0.460423937675878,0.8318764559110678
1.4736842105263157,1.1052631578947367,0.5455594781168519,0.8319253390600013
1.4736842105263157,1.1052631578947367,0.646437163249006,0.8269285519415494
1.4736842105263157,1.1052631578947367,0.7659678234751834,0.8031795244015891
1.4736842105263157,1.1052631578947367,0.907600521681814,0.7710670967085
1.4736842105263157,1.1052631578947367,1.0754220761125606,0.7495699559043563
1.4736842105263157,1.1052631578947367,1.2742749857031335,0.7194371172854415
1.4736842105263157,1.1052631578947367,1.5098971606184193,0.6809837838253171
1.4736842105263157,1.1052631578947367,1.789087489923219,0.6487039256875177
1.4736842105263157,1.1052631578947367,2.1199020238496082,0.6213965815126139
1.4736842105263157,1.1052631578947367,2.51188643150958,0.6017511417297142
1.4736842105263157,1.3684210526315788,0.09999999999999999,0.7984271925353963
1.4736842105263157,1.3684210526315788,0.11849068510006666,0.8205145139533321
1.4736842105263157,1.3684210526315788,0.1404004245548316,0.8140044202260646
1.4736842105263157,1.3684210526315788,0.16636142493842218,0.833639410560718
1.4736842105263157,1.3684210526315788,0.1971227921517696,0.8357614834369667
1.4736842105263157,1.3684210526315788,0.23357214690901223,0.8475132724481915
1.4736842105263157,1.3684210526315788,0.2767612370754227,0.863337967905435
1.4736842105263157,1.3684210526315788,0.32793628590208806,0.8643794680742982
1.4736842105263157,1.3684210526315788,0.3885739518570975,0.878865734563951
1.4736842105263157,1.3684210526315788,0.460423937675878,0.8757845191928618
1.4736842105263157,1.3684210526315788,0.5455594781168519,0.8712730899313273
1.4736842105263157,1.3684210526315788,0.646437163249006,0.8667380948280381
1.4736842105263157,1.3684210526315788,0.7659678234751834,0.8466953104615424
1.4736842105263157,1.3684210526315788,0.907600521681814,0.8281441080681025
1.4736842105263157,1.3684210526315788,1.0754220761125606,0.7956282796017246
1.4736842105263157,1.3684210526315788,1.2742749857031335,0.7522055321718732
1.4736842105263157,1.3684210526315788,1.5098971606184193,0.7133137147755679
1.4736842105263157,1.3684210526315788,1.789087489923219,0.6866737264205551
1.4736842105263157,1.3684210526315788,2.1199020238496082,0.6494891013491114
1.4736842105263157,1.3684210526315788,2.51188643150958,0.6192091732385991
1.4736842105263157,1.6315789473684208,0.09999999999999999,0.7858367932361331
1.4736842105263157,1.6315789473684208,0.11849068510006666,0.7992456761073742
1.4736842105263157,1.6315789473684208,0.1404004245548316,0.8040288141735181
1.4736842105263157,1.6315789473684208,0.16636142493842218,0.8161110558110253
1.4736842105263157,1.6315789473684208,0.1971227921517696,0.8200338696028613
1.4736842105263157,1.6315789473684208,0.23357214690901223,0.8387746591672793
1.4736842105263157,1.6315789473684208,0.2767612370754227,0.856224546248141
1.4736842105263157,1.6315789473684208,0.32793628590208806,0.8625413236033748
1.4736842105263157,1.6315789473684208,0.3885739518570975,0.8823315862404332
1.4736842105263157,1.6315789473684208,0.460423937675878,0.882875542360993
1.4736842105263157,1.6315789473684208,0.5455594781168519,0.8872253314252521
1.4736842105263157,1.6315789473684208,0.646437163249006,0.8785002667898636
1.4736842105263157,1.6315789473684208,0.7659678234751834,0.868926686200892
1.4736842105263157,1.6315789473684208,0.907600521681814,0.8508771969469345
1.4736842105263157,1.6315789473684208,1.0754220761125606,0.8237880106068164
1.4736842105263157,1.6315789473684208,1.2742749857031335,0.779671187986958
1.4736842105263157,1.6315789473684208,1.5098971606184193,0.7463230029077789
1.4736842105263157,1.6315789473684208,1.789087489923219,0.7071635885572548
1.4736842105263157,1.6315789473684208,2.1199020238496082,0.6719738316792541
1.4736842105263157,1.6315789473684208,2.51188643150958,0.6360578611032957
1.4736842105263157,1.8947368421052628,0.09999999999999999,0.7641229870528418
1.4736842105263157,1.8947368421052628,0.11849068510006666,0.7802201159352217
1.4736842105263157,1.8947368421052628,0.1404004245548316,0.7780208861075324
1.4736842105263157,1.8947368421052628,0.16636142493842218,0.8112534172334127
1.4736842105263157,1.8947368421052628,0.1971227921517696,0.8166316140394654
1.4736842105263157,1.8947368421052628,0.23357214690901223,0.8145436528905946
1.4736842105263157,1.8947368421052628,0.2767612370754227,0.8448085719823989
1.4736842105263157,1.8947368421052628,0.32793628590208806,0.8360830374102337
1.4736842105263157,1.8947368421052628,0.3885739518570975,0.8595020298566294
1.4736842105263157,1.8947368421052628,0.460423937675878,0.8737575059777484
1.4736842105263157,1.8947368421052628,0.5455594781168519,0.8649969261220241
1.4736842105263157,1.8947368421052628,0.646437163249006,0.86531241868417
1.4736842105263157,1.8947368421052628,0.7659678234751834,0.8462855681589092
1.4736842105263157,1.8947368421052628,0.907600521681814,0.8404924814517947
1.4736842105263157,1.8947368421052628,1.0754220761125606,0.8116380206741626
1.4736842105263157,1.8947368421052628,1.2742749857031335,0.7789130991687833
1.4736842105263157,1.8947368421052628,1.5098971606184193,0.7453404282571279
1.4736842105263157,1.8947368421052628,1.789087489923219,0.7065453708942289
1.4736842105263157,1.8947368421052628,2.1199020238496082,0.6647223863348805
1.4736842105263157,1.8947368421052628,2.51188643150958,0.6348536612041696
1.4736842105263157,2.1578947368421053,0.09999999999999999,0.7575530150170524
1.4736842105263157,2.1578947368421053,0.11849068510006666,0.7453355028674017
1.4736842105263157,2.1578947368421053,0.1404004245548316,0.7753180090732854
1.4736842105263157,2.1578947368421053,0.16636142493842218,0.7827218948872499
1.4736842105263157,2.1578947368421053,0.1971227921517696,0.7992203430583573
1.4736842105263157,2.1578947368421053,0.23357214690901223,0.8076891230040224
1.4736842105263157,2.1578947368421053,0.2767612370754227,0.8236263254765097
1.4736842105263157,2.1578947368421053,0.32793628590208806,0.8251186549815266
1.4736842105263157,2.1578947368421053,0.3885739518570975,0.843769006513342
1.4736842105263157,2.1578947368421053,0.460423937675878,0.8432861331034477
1.4736842105263157,2.1578947368421053,0.5455594781168519,0.8460193360515363
1.4736842105263157,2.1578947368421053,0.646437163249006,0.839077256502379
1.4736842105263157,2.1578947368421053,0.7659678234751834,0.8369271976336852
1.4736842105263157,2.1578947368421053,0.907600521681814,0.8108179996101147
1.4736842105263157,2.1578947368421053,1.0754220761125606,0.7904160106658159
1.4736842105263157,2.1578947368421053,1.2742749857031335,0.7551884193660706
1.4736842105263157,2.1578947368421053,1.5098971606184193,0.7294022746023933
1.4736842105263157,2.1578947368421053,1.789087489923219,0.6928839968109254
1.4736842105263157,2.1578947368421053,2.1199020238496082,0.6597336340127786
1.4736842105263157,2.1578947368421053,2.51188643150958,0.6310345020653684
1.4736842105263157,2.4210526315789473,0.09999999999999999,0.7565804455832641
1.4736842105263157,2.4210526315789473,0.11849068510006666,0.7540581762507957
1.4736842105263157,2.4210526315789473,0.1404004245548316,0.7655550317323369
1.4736842105263157,2.4210526315789473,0.16636142493842218,0.772527098796249
1.4736842105263157,2.4210526315789473,0.1971227921517696,0.7789235927186
1.4736842105263157,2.4210526315789473,0.23357214690901223,0.7945286825074598
1.4736842105263157,2.4210526315789473,0.2767612370754227,0.8045226957989188
1.4736842105263157,2.4210526315789473,0.32793628590208806,0.815776017070123
1.4736842105263157,2.4210526315789473,0.3885739518570975,0.8129123142037993
1.4736842105263157,2.4210526315789473,0.460423937675878,0.8192535390853103
1.4736842105263157,2.4210526315789473,0.5455594781168519,0.8145714366284393
1.4736842105263157,2.4210526315789473,0.646437163249006,0.807511966751913
1.4736842105263157,2.4210526315789473,0.7659678234751834,0.8201927174669819
1.4736842105263157,2.4210526315789473,0.907600521681814,0.792810140410607
1.4736842105263157,2.4210526315789473,1.0754220761125606,0.7664561007158958
1.4736842105263157,2.4210526315789473,1.2742749857031335,0.7407985752070743
1.4736842105263157,2.4210526315789473,1.5098971606184193,0.7184832619889894
1.4736842105263157,2.4210526315789473,1.789087489923219,0.6807947981999233
1.4736842105263157,2.4210526315789473,2.1199020238496082,0.6529318791543842
1.4736842105263157,2.4210526315789473,2.51188643150958,0.6219093194833979
1.4736842105263157,2.6842105263157894,0.09999999999999999,0.7293470954634453
1.4736842105263157,2.6842105263157894,0.11849068510006666,0.7431484157028156
1.4736842105263157,2.6842105263157894,0.1404004245548316,0.7454666027928831
1.4736842105263157,2.6842105263157894,0.16636142493842218,0.7536727957639822
1.4736842105263157,2.6842105263157894,0.1971227921517696,0.7662795618773482
1.4736842105263157,2.6842105263157894,0.23357214690901223,0.7467886258064398
1.4736842105263157,2.6842105263157894,0.2767612370754227,0.7757724918002344
1.4736842105263157,2.6842105263157894,0.32793628590208806,0.7944623501462926
1.4736842105263157,2.6842105263157894,0.3885739518570975,0.7974996167277784
1.4736842105263157,2.6842105263157894,0.460423937675878,0.7956408236230413
1.4736842105263157,2.6842105263157894,0.5455594781168519,0.804974655685249
1.4736842105263157,2.6842105263157894,0.646437163249006,0.7932406262548418
1.4736842105263157,2.6842105263157894,0.7659678234751834,0.7912135709734937
1.4736842105263157,2.6842105263157894,0.907600521681814,0.7856079880561033
1.4736842105263157,2.6842105263157894,1.0754220761125606,0.7577317129120182
1.4736842105263157,2.6842105263157894,1.2742749857031335,0.7289892461021091
1.4736842105263157,2.6842105263157894,1.5098971606184193,0.7072271742245407
1.4736842105263157,2.6842105263157894,1.789087489923219,0.679464057337083
1.4736842105263157,2.6842105263157894,2.1199020238496082,0.6481867570629748
1.4736842105263157,2.6842105263157894,2.51188643150958,0.6190740883174759
1.4736842105263157,2.9473684210526314,0.09999999999999999,0.6835340812098679
1.4736842105263157,2.9473684210526314,0.11849068510006666,0.7140056723627016
1.4736842105263157,2.9473684210526314,0.1404004245548316,0.7197752041124049
1.4736842105263157,2.9473684210526314,0.16636142493842218,0.7260897855210751
1.4736842105263157,2.9473684210526314,0.1971227921517696,0.7446511850875722
1.4736842105263157,2.9473684210526314,0.23357214690901223,0.7339402340199973
1.4736842105263157,2.9473684210526314,0.2767612370754227,0.7682569279380999
1.4736842105263157,2.9473684210526314,0.32793628590208806,0.7645404054063549
1.4736842105263157,2.9473684210526314,0.3885739518570975,0.7916344275102377
1.4736842105263157,2.9473684210526314,0.460423937675878,0.7827478848986161
1.4736842105263157,2.9473684210526314,0.5455594781168519,0.7905131804239185
1.4736842105263157,2.9473684210526314,0.646437163249006,0.7909697925608083
1.4736842105263157,2.9473684210526314,0.7659678234751834,0.7841099655381459
1.4736842105263157,2.9473684210526314,0.907600521681814,0.7660964728928129
1.4736842105263157,2.9473684210526314,1.0754220761125606,0.7530656126503263
1.4736842105263157,2.9473684210526314,1.2742749857031335,0.7162544274342219
1.4736842105263157,2.9473684210526314,1.5098971606184193,0.6983517822806276
1.4736842105263157,2.9473684210526314,1.789087489923219,0.6710470669952309
1.4736842105263157,2.9473684210526314,2.1199020238496082,0.64333254255371
1.4736842105263157,2.9473684210526314,2.51188643150958,0.6170332947705668
1.4736842105263157,3.2105263157894735,0.09999999999999999,0.7113352511359967
1.4736842105263157,3.2105263157894735,0.11849068510006666,0.7095391703115986
1.4736842105263157,3.2105263157894735,0.1404004245548316,0.7291561480696924
1.4736842105263157,3.2105263157894735,0.16636142493842218,0.7040358311132621
1.4736842105263157,3.2105263157894735,0.1971227921517696,0.7257358317138229
1.4736842105263157,3.2105263157894735,0.23357214690901223,0.747332601621181
1.4736842105263157,3.2105263157894735,0.2767612370754227,0.7463577052201743
1.4736842105263157,3.2105263157894735,0.32793628590208806,0.7534574591260429
1.4736842105263157,3.2105263157894735,0.3885739518570975,0.7615948746908178
1.4736842105263157,3.2105263157894735,0.460423937675878,0.7627261075381732
1.4736842105263157,3.2105263157894735,0.5455594781168519,0.7636164954855296
1.4736842105263157,3.2105263157894735,0.646437163249006,0.7447620181969722
1.4736842105263157,3.2105263157894735,0.7659678234751834,0.7509770475464033
1.4736842105263157,3.2105263157894735,0.907600521681814,0.7333973269409838
1.4736842105263157,3.2105263157894735,1.0754220761125606,0.7292936443110701
1.4736842105263157,3.2105263157894735,1.2742749857031335,0.723362127683884
1.4736842105263157,3.2105263157894735,1.5098971606184193,0.6914141403689051
1.4736842105263157,3.2105263157894735,1.789087489923219,0.667677223328611
1.4736842105263157,3.2105263157894735,2.1199020238496082,0.6375944567016409
1.4736842105263157,3.2105263157894735,2.51188643150958,0.610529913702072
1.4736842105263157,3.473684210526316,0.09999999999999999,0.6829627567715949
1.4736842105263157,3.473684210526316,0.11849068510006666,0.6868984019446513
1.4736842105263157,3.473684210526316,0.1404004245548316,0.7014957337444742
1.4736842105263157,3.473684210526316,0.16636142493842218,0.7078374598521076
1.4736842105263157,3.473684210526316,0.1971227921517696,0.714041980150274
1.4736842105263157,3.473684210526316,0.23357214690901223,0.7315474354729788
1.4736842105263157,3.473684210526316,0.2767612370754227,0.7336741022795531
1.4736842105263157,3.473684210526316,0.32793628590208806,0.7433944704755141
1.4736842105263157,3.473684210526316,0.3885739518570975,0.7273172572076658
1.4736842105263157,3.473684210526316,0.460423937675878,0.7466181898967138
1.4736842105263157,3.473684210526316,0.5455594781168519,0.7732570610454707
1.4736842105263157,3.473684210526316,0.646437163249006,0.758170297669991
1.4736842105263157,3.473684210526316,0.7659678234751834,0.7526767335233885
1.4736842105263157,3.473684210526316,0.907600521681814,0.7479478327510868
1.4736842105263157,3.473684210526316,1.0754220761125606,0.7277294499533422
1.4736842105263157,3.473684210526316,1.2742749857031335,0.7047796896472294
1.4736842105263157,3.473684210526316,1.5098971606184193,0.689638022969661
1.4736842105263157,3.473684210526316,1.789087489923219,0.656158273815749
1.4736842105263157,3.473684210526316,2.1199020238496082,0.6357647927717617
1.4736842105263157,3.473684210526316,2.51188643150958,0.6099167937802085
1.4736842105263157,3.7368421052631575,0.09999999999999999,0.6811394474085243
1.4736842105263157,3.7368421052631575,0.11849068510006666,0.6807854925543197
1.4736842105263157,3.7368421052631575,0.1404004245548316,0.6922283880274646
1.4736842105263157,3.7368421052631575,0.16636142493842218,0.6852245243923597
1.4736842105263157,3.7368421052631575,0.1971227921517696,0.6915159090347072
1.4736842105263157,3.7368421052631575,0.23357214690901223,0.7025648061315569
1.4736842105263157,3.7368421052631575,0.2767612370754227,0.7189154135204852
1.4736842105263157,3.7368421052631575,0.32793628590208806,0.7308356328036427
1.4736842105263157,3.7368421052631575,0.3885739518570975,0.7545014929502796
1.4736842105263157,3.7368421052631575,0.460423937675878,0.7472152580440897
1.4736842105263157,3.7368421052631575,0.5455594781168519,0.7656248021423203
1.4736842105263157,3.7368421052631575,0.646437163249006,0.7601545798882775
1.4736842105263157,3.7368421052631575,0.7659678234751834,0.7423676602174196
1.4736842105263157,3.7368421052631575,0.907600521681814,0.7497431977100395
1.4736842105263157,3.7368421052631575,1.0754220761125606,0.7297630346265302
1.4736842105263157,3.7368421052631575,1.2742749857031335,0.7020537139178539
1.4736842105263157,3.7368421052631575,1.5098971606184193,0.6799021618377142
1.4736842105263157,3.7368421052631575,1.789087489923219,0.6550101394730086
1.4736842105263157,3.7368421052631575,2.1199020238496082,0.6278345651830619
1.4736842105263157,3.7368421052631575,2.51188643150958,0.6054222409541934
1.4736842105263157,4.0,0.09999999999999999,0.6668966890600142
1.4736842105263157,4.0,0.11849068510006666,0.6675272555853188
1.4736842105263157,4.0,0.1404004245548316,0.6556687613186811
1.4736842105263157,4.0,0.16636142493842218,0.6940279842719316
1.4736842105263157,4.0,0.1971227921517696,0.7021352077684336
1.4736842105263157,4.0,0.23357214690901223,0.7041744202931366
1.4736842105263157,4.0,0.2767612370754227,0.7033278798464115
1.4736842105263157,4.0,0.32793628590208806,0.7347189109168246
1.4736842105263157,4.0,0.3885739518570975,0.7355337643418919
1.4736842105263157,4.0,0.460423937675878,0.7519749542999355
1.4736842105263157,4.0,0.5455594781168519,0.7266956155253282
1.4736842105263157,4.0,0.646437163249006,0.7321092815292244
1.4736842105263157,4.0,0.7659678234751834,0.7392892821431929
1.4736842105263157,4.0,0.907600521681814,0.7294799404377008
1.4736842105263157,4.0,1.0754220761125606,0.7224742614223001
1.4736842105263157,4.0,1.2742749857031335,0.701660861243457
1.4736842105263157,4.0,1.5098971606184193,0.6787872085395039
1.4736842105263157,4.0,1.789087489923219,0.6511329906459029
1.4736842105263157,4.0,2.1199020238496082,0.6248859340509035
1.4736842105263157,4.0,2.51188643150958,0.6024592611216493
1.6842105263157894,-1.0,0.09999999999999999,0.6338967690424383
1.6842105263157894,-1.0,0.11849068510006666,0.6293469538432691
1.6842105263157894,-1.0,0.1404004245548316,0.6367378720616036
1.6842105263157894,-1.0,0.16636142493842218,0.6325786340983377
1.6842105263157894,-1.0,0.1971227921517696,0.6359148984861407
1.6842105263157894,-1.0,0.23357214690901223,0.6790866835503103
1.6842105263157894,-1.0,0.2767612370754227,0.679235856811887
1.6842105263157894,-1.0,0.32793628590208806,0.6523646712101789
1.6842105263157894,-1.0,0.3885739518570975,0.6786787175296943
1.6842105263157894,-1.0,0.460423937675878,0.6898952453894277
1.6842105263157894,-1.0,0.5455594781168519,0.6939428723094501
1.6842105263157894,-1.0,0.646437163249006,0.6820884186143762
1.6842105263157894,-1.0,0.7659678234751834,0.677019537766105
1.6842105263157894,-1.0,0.907600521681814,0.672185122171875
1.6842105263157894,-1.0,1.0754220761125606,0.6364339778820739
1.6842105263157894,-1.0,1.2742749857031335,0.6193732454492082
1.6842105263157894,-1.0,1.5098971606184193,0.5986402879096117
1.6842105263157894,-1.0,1.789087489923219,0.5795575438945111
1.6842105263157894,-1.0,2.1199020238496082,0.5666784977221511
1.6842105263157894,-1.0,2.51188643150958,0.551573816620123
1.6842105263157894,-0.736842105263158,0.09999999999999999,0.6239548691660219
1.6842105263157894,-0.736842105263158,0.11849068510006666,0.622395553023051
1.6842105263157894,-0.736842105263158,0.1404004245548316,0.6451259097386671
1.6842105263157894,-0.736842105263158,0.16636142493842218,0.6302917001526198
1.6842105263157894,-0.736842105263158,0.1971227921517696,0.6485130145261333
1.6842105263157894,-0.736842105263158,0.23357214690901223,0.6777370613173204
1.6842105263157894,-0.736842105263158,0.2767612370754227,0.6794973850463719
1.6842105263157894,-0.736842105263158,0.32793628590208806,0.6601866165113321
1.6842105263157894,-0.736842105263158,0.3885739518570975,0.6644501415079069
1.6842105263157894,-0.736842105263158,0.460423937675878,0.6781596191690565
1.6842105263157894,-0.736842105263158,0.5455594781168519,0.67874366613588
1.6842105263157894,-0.736842105263158,0.646437163249006,0.6771849949179739
1.6842105263157894,-0.736842105263158,0.7659678234751834,0.6558833448689897
1.6842105263157894,-0.736842105263158,0.907600521681814,0.6564062055527896
1.6842105263157894,-0.736842105263158,1.0754220761125606,0.6344888565330095
1.6842105263157894,-0.736842105263158,1.2742749857031335,0.6176932895689122
1.6842105263157894,-0.736842105263158,1.5098971606184193,0.6002544547965116
1.6842105263157894,-0.736842105263158,1.789087489923219,0.5796574332336009
1.6842105263157894,-0.736842105263158,2.1199020238496082,0.5666312601344733
1.6842105263157894,-0.736842105263158,2.51188643150958,0.5532920573524451
1.6842105263157894,-0.4736842105263158,0.09999999999999999,0.6178429623378884
1.6842105263157894,-0.4736842105263158,0.11849068510006666,0.637565146160344
1.6842105263157894,-0.4736842105263158,0.1404004245548316,0.6324108074057352
1.6842105263157894,-0.4736842105263158,0.16636142493842218,0.6619871614351869
1.6842105263157894,-0.4736842105263158,0.1971227921517696,0.6354384883954954
1.6842105263157894,-0.4736842105263158,0.23357214690901223,0.67501712161775
1.6842105263157894,-0.4736842105263158,0.2767612370754227,0.6617704397298114
1.6842105263157894,-0.4736842105263158,0.32793628590208806,0.6779890958429037
1.6842105263157894,-0.4736842105263158,0.3885739518570975,0.6770075947905514
1.6842105263157894,-0.4736842105263158,0.460423937675878,0.6887278922637288
1.6842105263157894,-0.4736842105263158,0.5455594781168519,0.6914607526067242
1.6842105263157894,-0.4736842105263158,0.646437163249006,0.669575218214535
1.6842105263157894,-0.4736842105263158,0.7659678234751834,0.6777813441866883
1.6842105263157894,-0.4736842105263158,0.907600521681814,0.655864866947761
1.6842105263157894,-0.4736842105263158,1.0754220761125606,0.6305576400121303
1.6842105263157894,-0.4736842105263158,1.2742749857031335,0.6261516364694992
1.6842105263157894,-0.4736842105263158,1.5098971606184193,0.6063194266533272
1.6842105263157894,-0.4736842105263158,1.789087489923219,0.5828387302283906
1.6842105263157894,-0.4736842105263158,2.1199020238496082,0.5610382288019486
1.6842105263157894,-0.4736842105263158,2.51188643150958,0.5488072001043021
1.6842105263157894,-0.21052631578947367,0.09999999999999999,0.6188488475771432
1.6842105263157894,-0.21052631578947367,0.11849068510006666,0.6438550607036154
1.6842105263157894,-0.21052631578947367,0.1404004245548316,0.6426248414277118
1.6842105263157894,-0.21052631578947367,0.16636142493842218,0.6375005451819135
1.6842105263157894,-0.21052631578947367,0.1971227921517696,0.6538460921074225
1.6842105263157894,-0.21052631578947367,0.23357214690901223,0.6423384714281165
1.6842105263157894,-0.21052631578947367,0.2767612370754227,0.6681824779764527
1.6842105263157894,-0.21052631578947367,0.32793628590208806,0.6980336745201235
1.6842105263157894,-0.21052631578947367,0.3885739518570975,0.7114206234112577
1.6842105263157894,-0.21052631578947367,0.460423937675878,0.6780656238321451
1.6842105263157894,-0.21052631578947367,0.5455594781168519,0.6734024483579333
1.6842105263157894,-0.21052631578947367,0.646437163249006,0.6566627737040215
1.6842105263157894,-0.21052631578947367,0.7659678234751834,0.6952415855011506
1.6842105263157894,-0.21052631578947367,0.907600521681814,0.659124019871219
1.6842105263157894,-0.21052631578947367,1.0754220761125606,0.638747271812215
1.6842105263157894,-0.21052631578947367,1.2742749857031335,0.61203459120416
1.6842105263157894,-0.21052631578947367,1.5098971606184193,0.5964457013969408
1.6842105263157894,-0.21052631578947367,1.789087489923219,0.5820004904233892
1.6842105263157894,-0.21052631578947367,2.1199020238496082,0.5620111329754572
1.6842105263157894,-0.21052631578947367,2.51188643150958,0.5503739933129617
1.6842105263157894,0.05263157894736836,0.09999999999999999,0.6235901628346867
1.6842105263157894,0.05263157894736836,0.11849068510006666,0.6315059869352259
1.6842105263157894,0.05263157894736836,0.1404004245548316,0.6407283753439514
1.6842105263157894,0.05263157894736836,0.16636142493842218,0.6368273639140333
1.6842105263157894,0.05263157894736836,0.1971227921517696,0.6652271589563211
1.6842105263157894,0.05263157894736836,0.23357214690901223,0.6811947193528393
1.6842105263157894,0.05263157894736836,0.2767612370754227,0.6723121617628273
1.6842105263157894,0.05263157894736836,0.32793628590208806,0.6759597060796901
1.6842105263157894,0.05263157894736836,0.3885739518570975,0.677044933168996
1.6842105263157894,0.05263157894736836,0.460423937675878,0.6750103737714946
1.6842105263157894,0.05263157894736836,0.5455594781168519,0.672873973087294
1.6842105263157894,0.05263157894736836,0.646437163249006,0.6909025355747512
1.6842105263157894,0.05263157894736836,0.7659678234751834,0.6728588753107367
1.6842105263157894,0.05263157894736836,0.907600521681814,0.6635437719153527
1.6842105263157894,0.05263157894736836,1.0754220761125606,0.6401903711565343
1.6842105263157894,0.05263157894736836,1.2742749857031335,0.6333490749780974
1.6842105263157894,0.05263157894736836,1.5098971606184193,0.5999493915456544
1.6842105263157894,0.05263157894736836,1.789087489923219,0.5806137251213352
1.6842105263157894,0.05263157894736836,2.1199020238496082,0.5665920142879183
1.6842105263157894,0.05263157894736836,2.51188643150958,0.5507982754880821
1.6842105263157894,0.3157894736842104,0.09999999999999999,0.6420543314288202
1.6842105263157894,0.3157894736842104,0.11849068510006666,0.6699373723154496
1.6842105263157894,0.3157894736842104,0.1404004245548316,0.643994110613865
1.6842105263157894,0.3157894736842104,0.16636142493842218,0.6536280491756348
1.6842105263157894,0.3157894736842104,0.1971227921517696,0.668358611519381
1.6842105263157894,0.3157894736842104,0.23357214690901223,0.6829564993542827
1.6842105263157894,0.3157894736842104,0.2767612370754227,0.69261076256127
1.6842105263157894,0.3157894736842104,0.32793628590208806,0.6952311221935461
1.6842105263157894,0.3157894736842104,0.3885739518570975,0.6897456430864212
1.6842105263157894,0.3157894736842104,0.460423937675878,0.6879534446736547
1.6842105263157894,0.3157894736842104,0.5455594781168519,0.6811314628636366
1.6842105263157894,0.3157894736842104,0.646437163249006,0.6885329093803976
1.6842105263157894,0.3157894736842104,0.7659678234751834,0.6917882400236013
1.6842105263157894,0.3157894736842104,0.907600521681814,0.6735719613241334
1.6842105263157894,0.3157894736842104,1.0754220761125606,0.6294923077648866
1.6842105263157894,0.3157894736842104,1.2742749857031335,0.6295637437810944
1.6842105263157894,0.3157894736842104,1.5098971606184193,0.600074260791196
1.6842105263157894,0.3157894736842104,1.789087489923219,0.5797905868452512
1.6842105263157894,0.3157894736842104,2.1199020238496082,0.5663152954866625
1.6842105263157894,0.3157894736842104,2.51188643150958,0.5573957180010759
1.6842105263157894,0.5789473684210527,0.09999999999999999,0.6479087666809504
1.6842105263157894,0.5789473684210527,0.11849068510006666,0.6877289102378917
1.6842105263157894,0.5789473684210527,0.1404004245548316,0.6549817399597743
1.6842105263157894,0.5789473684210527,0.16636142493842218,0.6925043892634976
1.6842105263157894,0.5789473684210527,0.1971227921517696,0.6795956391997604
1.6842105263157894,0.5789473684210527,0.23357214690901223,0.6680718147313456
1.6842105263157894,0.5789473684210527,0.2767612370754227,0.7131348912009701
1.6842105263157894,0.5789473684210527,0.32793628590208806,0.7270773470422092
1.6842105263157894,0.5789473684210527,0.3885739518570975,0.7207974268919465
1.6842105263157894,0.5789473684210527,0.460423937675878,0.7334439278703906
1.6842105263157894,0.5789473684210527,0.5455594781168519,0.7125003791715981
1.6842105263157894,0.5789473684210527,0.646437163249006,0.7089364971051517
1.6842105263157894,0.5789473684210527,0.7659678234751834,0.6938298720100127
1.6842105263157894,0.5789473684210527,0.907600521681814,0.6791440093606168
1.6842105263157894,0.5789473684210527,1.0754220761125606,0.6511664385537755
1.6842105263157894,0.5789473684210527,1.2742749857031335,0.6393638151929653
1.6842105263157894,0.5789473684210527,1.5098971606184193,0.617196377814828
1.6842105263157894,0.5789473684210527,1.789087489923219,0.5891986860900151
1.6842105263157894,0.5789473684210527,2.1199020238496082,0.5779461372578737
1.6842105263157894,0.5789473684210527,2.51188643150958,0.5575169648737384
1.6842105263157894,0.8421052631578947,0.09999999999999999,0.7014213636209282
1.6842105263157894,0.8421052631578947,0.11849068510006666,0.7195409294545657
1.6842105263157894,0.8421052631578947,0.1404004245548316,0.7120353307475344
1.6842105263157894,0.8421052631578947,0.16636142493842218,0.7348239124037276
1.6842105263157894,0.8421052631578947,0.1971227921517696,0.7180923694038269
1.6842105263157894,0.8421052631578947,0.23357214690901223,0.7388877789985252
1.6842105263157894,0.8421052631578947,0.2767612370754227,0.7636259887634591
1.6842105263157894,0.8421052631578947,0.32793628590208806,0.7643055579335261
1.6842105263157894,0.8421052631578947,0.3885739518570975,0.7584341700474906
1.6842105263157894,0.8421052631578947,0.460423937675878,0.7627764287810214
1.6842105263157894,0.8421052631578947,0.5455594781168519,0.7543813882710363
1.6842105263157894,0.8421052631578947,0.646437163249006,0.727886480951979
1.6842105263157894,0.8421052631578947,0.7659678234751834,0.7200205241833055
1.6842105263157894,0.8421052631578947,0.907600521681814,0.6860875779819108
1.6842105263157894,0.8421052631578947,1.0754220761125606,0.6781379503965326
1.6842105263157894,0.8421052631578947,1.2742749857031335,0.6680640357804039
1.6842105263157894,0.8421052631578947,1.5098971606184193,0.6249847166753472
1.6842105263157894,0.8421052631578947,1.789087489923219,0.6147118859154247
1.6842105263157894,0.8421052631578947,2.1199020238496082,0.5865379527509456
1.6842105263157894,0.8421052631578947,2.51188643150958,0.5635492063788649
1.6842105263157894,1.1052631578947367,0.09999999999999999,0.7574501766907265
1.6842105263157894,1.1052631578947367,0.11849068510006666,0.7680549677159705
1.6842105263157894,1.1052631578947367,0.1404004245548316,0.7730502029383629
1.6842105263157894,1.1052631578947367,0.16636142493842218,0.7668690661365805
1.6842105263157894,1.1052631578947367,0.1971227921517696,0.7797759001950921
1.6842105263157894,1.1052631578947367,0.23357214690901223,0.7888906613537047
1.6842105263157894,1.1052631578947367,0.2767612370754227,0.7932638107696554
1.6842105263157894,1.1052631578947367,0.32793628590208806,0.8055214941690967
1.6842105263157894,1.1052631578947367,0.3885739518570975,0.7984413706075397
1.6842105263157894,1.1052631578947367,0.460423937675878,0.8063537320911044
1.6842105263157894,1.1052631578947367,0.5455594781168519,0.8070430542293014
1.6842105263157894,1.1052631578947367,0.646437163249006,0.7716348851196719
1.6842105263157894,1.1052631578947367,0.7659678234751834,0.7765229421103655
1.6842105263157894,1.1052631578947367,0.907600521681814,0.7360524394407431
1.6842105263157894,1.1052631578947367,1.0754220761125606,0.7160957005918176
1.6842105263157894,1.1052631578947367,1.2742749857031335,0.6857894804855246
1.6842105263157894,1.1052631578947367,1.5098971606184193,0.6582589425044449
1.6842105263157894,1.1052631578947367,1.789087489923219,0.622027030096308
1.6842105263157894,1.1052631578947367,2.1199020238496082,0.5992344755085085
1.6842105263157894,1.1052631578947367,2.51188643150958,0.5821225305467297
1.6842105263157894,1.3684210526315788,0.09999999999999999,0.8147271614814061
1.6842105263157894,1.3684210526315788,0.11849068510006666,0.817976710627936
1.6842105263157894,1.3684210526315788,0.1404004245548316,0.8044833800757005
1.6842105263157894,1.3684210526315788,0.16636142493842218,0.8152333316589226
1.6842105263157894,1.3684210526315788,0.1971227921517696,0.8228743324491451
1.6842105263157894,1.3684210526315788,0.23357214690901223,0.8316303586956513
1.6842105263157894,1.3684210526315788,0.2767612370754227,0.847588815775171
1.6842105263157894,1.3684210526315788,0.32793628590208806,0.8520656697837422
1.6842105263157894,1.3684210526315788,0.3885739518570975,0.8539975977674797
1.6842105263157894,1.3684210526315788,0.460423937675878,0.850762196506535
1.6842105263157894,1.3684210526315788,0.5455594781168519,0.8497311016898998
1.6842105263157894,1.3684210526315788,0.646437163249006,0.8379512617224358
1.6842105263157894,1.3684210526315788,0.7659678234751834,0.8168090987187686
1.6842105263157894,1.3684210526315788,0.907600521681814,0.7914667697607282
1.6842105263157894,1.3684210526315788,1.0754220761125606,0.7521466000076147
1.6842105263157894,1.3684210526315788,1.2742749857031335,0.7247801445081983
1.6842105263157894,1.3684210526315788,1.5098971606184193,0.6909670669448493
1.6842105263157894,1.3684210526315788,1.789087489923219,0.6542833661997904
1.6842105263157894,1.3684210526315788,2.1199020238496082,0.6265577765734277
1.6842105263157894,1.3684210526315788,2.51188643150958,0.5957587196630204
1.6842105263157894,1.6315789473684208,0.09999999999999999,0.8009534845169792
1.6842105263157894,1.6315789473684208,0.11849068510006666,0.8110988398338747
1.6842105263157894,1.6315789473684208,0.1404004245548316,0.8241530238980362
1.6842105263157894,1.6315789473684208,0.16636142493842218,0.8321519473519469
1.6842105263157894,1.6315789473684208,0.1971227921517696,0.8322547960865775
1.6842105263157894,1.6315789473684208,0.23357214690901223,0.8471272161856822
1.6842105263157894,1.6315789473684208,0.2767612370754227,0.8612401215596339
1.6842105263157894,1.6315789473684208,0.32793628590208806,0.8716754796074954
1.6842105263157894,1.6315789473684208,0.3885739518570975,0.8790824745336828
1.6842105263157894,1.6315789473684208,0.460423937675878,0.8742394550595469
1.6842105263157894,1.6315789473684208,0.5455594781168519,0.8708576537180392
1.6842105263157894,1.6315789473684208,0.646437163249006,0.8642449381374729
1.6842105263157894,1.6315789473684208,0.7659678234751834,0.8552868969402427
1.6842105263157894,1.6315789473684208,0.907600521681814,0.8290849128814777
1.6842105263157894,1.6315789473684208,1.0754220761125606,0.799235277103863
1.6842105263157894,1.6315789473684208,1.2742749857031335,0.7672090493165793
1.6842105263157894,1.6315789473684208,1.5098971606184193,0.728806676410719
1.6842105263157894,1.6315789473684208,1.789087489923219,0.6921946652634625
1.6842105263157894,1.6315789473684208,2.1199020238496082,0.6525030799659604
1.6842105263157894,1.6315789473684208,2.51188643150958,0.6266054318904655
1.6842105263157894,1.8947368421052628,0.09999999999999999,0.7702895999065753
1.6842105263157894,1.8947368421052628,0.11849068510006666,0.7780019410664046
1.6842105263157894,1.8947368421052628,0.1404004245548316,0.789115341429491
1.6842105263157894,1.8947368421052628,0.16636142493842218,0.8095693367146748
1.6842105263157894,1.8947368421052628,0.1971227921517696,0.8129962255308757
1.6842105263157894,1.8947368421052628,0.23357214690901223,0.8294030206898667
1.6842105263157894,1.8947368421052628,0.2767612370754227,0.8465242062092231
1.6842105263157894,1.8947368421052628,0.32793628590208806,0.8499949175558033
1.6842105263157894,1.8947368421052628,0.3885739518570975,0.8755594020186035
1.6842105263157894,1.8947368421052628,0.460423937675878,0.8762348221864988
1.6842105263157894,1.8947368421052628,0.5455594781168519,0.8775498105043866
1.6842105263157894,1.8947368421052628,0.646437163249006,0.884175633183588
1.6842105263157894,1.8947368421052628,0.7659678234751834,0.8677566843694533
1.6842105263157894,1.8947368421052628,0.907600521681814,0.8512278300732032
1.6842105263157894,1.8947368421052628,1.0754220761125606,0.8246131141155638
1.6842105263157894,1.8947368421052628,1.2742749857031335,0.7856414012290968
1.6842105263157894,1.8947368421052628,1.5098971606184193,0.754346273528391
1.6842105263157894,1.8947368421052628,1.789087489923219,0.7082363483439933
1.6842105263157894,1.8947368421052628,2.1199020238496082,0.6707293121228536
1.6842105263157894,1.8947368421052628,2.51188643150958,0.6358409887222553
1.6842105263157894,2.1578947368421053,0.09999999999999999,0.7628719897135325
1.6842105263157894,2.1578947368421053,0.11849068510006666,0.784222950142167
1.6842105263157894,2.1578947368421053,0.1404004245548316,0.7692225458251197
1.6842105263157894,2.1578947368421053,0.16636142493842218,0.7919033658466837
1.6842105263157894,2.1578947368421053,0.1971227921517696,0.7954483972923765
1.6842105263157894,2.1578947368421053,0.23357214690901223,0.8313929140903152
1.6842105263157894,2.1578947368421053,0.2767612370754227,0.8387064635571081
1.6842105263157894,2.1578947368421053,0.32793628590208806,0.8178794569229384
1.6842105263157894,2.1578947368421053,0.3885739518570975,0.8553133014684174
1.6842105263157894,2.1578947368421053,0.460423937675878,0.8630462156734461
1.6842105263157894,2.1578947368421053,0.5455594781168519,0.86434183868087
1.6842105263157894,2.1578947368421053,0.646437163249006,0.8677322904412547
1.6842105263157894,2.1578947368421053,0.7659678234751834,0.8437603816852246
1.6842105263157894,2.1578947368421053,0.907600521681814,0.842781585781434
1.6842105263157894,2.1578947368421053,1.0754220761125606,0.8074952685246009
1.6842105263157894,2.1578947368421053,1.2742749857031335,0.7732811619774987
1.6842105263157894,2.1578947368421053,1.5098971606184193,0.7471991965520327
1.6842105263157894,2.1578947368421053,1.789087489923219,0.7049389155040373
1.6842105263157894,2.1578947368421053,2.1199020238496082,0.6656585455064267
1.6842105263157894,2.1578947368421053,2.51188643150958,0.6318852635613045
1.6842105263157894,2.4210526315789473,0.09999999999999999,0.7671933868077285
1.6842105263157894,2.4210526315789473,0.11849068510006666,0.7883960055840833
1.6842105263157894,2.4210526315789473,0.1404004245548316,0.7805553015244732
1.6842105263157894,2.4210526315789473,0.16636142493842218,0.7920340200959644
1.6842105263157894,2.4210526315789473,0.1971227921517696,0.7928075285327802
1.6842105263157894,2.4210526315789473,0.23357214690901223,0.7907415119647994
1.6842105263157894,2.4210526315789473,0.2767612370754227,0.819678427798982
1.6842105263157894,2.4210526315789473,0.32793628590208806,0.8171658653512559
1.6842105263157894,2.4210526315789473,0.3885739518570975,0.8164259317178171
1.6842105263157894,2.4210526315789473,0.460423937675878,0.853664788588112
1.6842105263157894,2.4210526315789473,0.5455594781168519,0.8342628030928924
1.6842105263157894,2.4210526315789473,0.646437163249006,0.8309003142594024
1.6842105263157894,2.4210526315789473,0.7659678234751834,0.8254404175343963
1.6842105263157894,2.4210526315789473,0.907600521681814,0.8253948348141705
1.6842105263157894,2.4210526315789473,1.0754220761125606,0.7951725233679945
1.6842105263157894,2.4210526315789473,1.2742749857031335,0.7628374854282534
1.6842105263157894,2.4210526315789473,1.5098971606184193,0.7318804093046576
1.6842105263157894,2.4210526315789473,1.789087489923219,0.6980551850680803
1.6842105263157894,2.4210526315789473,2.1199020238496082,0.6635219804499454
1.6842105263157894,2.4210526315789473,2.51188643150958,0.6288542202591598
1.6842105263157894,2.6842105263157894,0.09999999999999999,0.7261107013845113
1.6842105263157894,2.6842105263157894,0.11849068510006666,0.7368055870408637
1.6842105263157894,2.6842105263157894,0.1404004245548316,0.7610120139938659
1.6842105263157894,2.6842105263157894,0.16636142493842218,0.7647131021331967
1.6842105263157894,2.6842105263157894,0.1971227921517696,0.7704438457232269
1.6842105263157894,2.6842105263157894,0.23357214690901223,0.7802456562000059
1.6842105263157894,2.6842105263157894,0.2767612370754227,0.7984941320402518
1.6842105263157894,2.6842105263157894,0.32793628590208806,0.7961094812184802
1.6842105263157894,2.6842105263157894,0.3885739518570975,0.8176310400669062
1.6842105263157894,2.6842105263157894,0.460423937675878,0.8092818003980362
1.6842105263157894,2.6842105263157894,0.5455594781168519,0.8193234897338028
1.6842105263157894,2.6842105263157894,0.646437163249006,0.8049520082450697
1.6842105263157894,2.6842105263157894,0.7659678234751834,0.8159881793489399
1.6842105263157894,2.6842105263157894,0.907600521681814,0.79776651110018
1.6842105263157894,2.6842105263157894,1.0754220761125606,0.7692564914889113
1.6842105263157894,2.6842105263157894,1.2742749857031335,0.7444097170995047
1.6842105263157894,2.6842105263157894,1.5098971606184193,0.717119610589798
1.6842105263157894,2.6842105263157894,1.789087489923219,0.6793126676661229
1.6842105263157894,2.6842105263157894,2.1199020238496082,0.6517822858627186
1.6842105263157894,2.6842105263157894,2.51188643150958,0.6245391376636787
1.6842105263157894,2.9473684210526314,0.09999999999999999,0.7399683576227059
1.6842105263157894,2.9473684210526314,0.11849068510006666,0.737472733753296
1.6842105263157894,2.9473684210526314,0.1404004245548316,0.7402437860442996
1.6842105263157894,2.9473684210526314,0.16636142493842218,0.7518483936983076
1.6842105263157894,2.9473684210526314,0.1971227921517696,0.7542277138946933
1.6842105263157894,2.9473684210526314,0.23357214690901223,0.7729373942201103
1.6842105263157894,2.9473684210526314,0.2767612370754227,0.7787186475493545
1.6842105263157894,2.9473684210526314,0.32793628590208806,0.7895560139549104
1.6842105263157894,2.9473684210526314,0.3885739518570975,0.7896248262567905
1.6842105263157894,2.9473684210526314,0.460423937675878,0.7988078321387534
1.6842105263157894,2.9473684210526314,0.5455594781168519,0.7900612607708013
1.6842105263157894,2.9473684210526314,0.646437163249006,0.7885319903368248
1.6842105263157894,2.9473684210526314,0.7659678234751834,0.7970910920163049
1.6842105263157894,2.9473684210526314,0.907600521681814,0.7767279904216929
1.6842105263157894,2.9473684210526314,1.0754220761125606,0.7646508285605885
1.6842105263157894,2.9473684210526314,1.2742749857031335,0.7404403701589349
1.6842105263157894,2.9473684210526314,1.5098971606184193,0.7032237727472841
1.6842105263157894,2.9473684210526314,1.789087489923219,0.6810582686787705
1.6842105263157894,2.9473684210526314,2.1199020238496082,0.6463452563905753
1.6842105263157894,2.9473684210526314,2.51188643150958,0.6196545801470469
1.6842105263157894,3.2105263157894735,0.09999999999999999,0.7025527070763303
1.6842105263157894,3.2105263157894735,0.11849068510006666,0.7127214574941434
1.6842105263157894,3.2105263157894735,0.1404004245548316,0.715230914438759
1.6842105263157894,3.2105263157894735,0.16636142493842218,0.7342287113615141
1.6842105263157894,3.2105263157894735,0.1971227921517696,0.7240756094012116
1.6842105263157894,3.2105263157894735,0.23357214690901223,0.7312171663357327
1.6842105263157894,3.2105263157894735,0.2767612370754227,0.7766936733654556
1.6842105263157894,3.2105263157894735,0.32793628590208806,0.7467709779051502
1.6842105263157894,3.2105263157894735,0.3885739518570975,0.7769781586665325
1.6842105263157894,3.2105263157894735,0.460423937675878,0.7712401701251557
1.6842105263157894,3.2105263157894735,0.5455594781168519,0.7912859986271826
1.6842105263157894,3.2105263157894735,0.646437163249006,0.7866040587686086
1.6842105263157894,3.2105263157894735,0.7659678234751834,0.7754113548558246
1.6842105263157894,3.2105263157894735,0.907600521681814,0.7668947240221948
1.6842105263157894,3.2105263157894735,1.0754220761125606,0.7462348562920621
1.6842105263157894,3.2105263157894735,1.2742749857031335,0.7161197038422021
1.6842105263157894,3.2105263157894735,1.5098971606184193,0.6954164577854328
1.6842105263157894,3.2105263157894735,1.789087489923219,0.6751663502509806
1.6842105263157894,3.2105263157894735,2.1199020238496082,0.6406357576452782
1.6842105263157894,3.2105263157894735,2.51188643150958,0.6177619415563109
1.6842105263157894,3.473684210526316,0.09999999999999999,0.6933831086455948
1.6842105263157894,3.473684210526316,0.11849068510006666,0.7116061903604939
1.6842105263157894,3.473684210526316,0.1404004245548316,0.7056451134220607
1.6842105263157894,3.473684210526316,0.16636142493842218,0.7358762703302147
1.6842105263157894,3.473684210526316,0.1971227921517696,0.701235143542368
1.6842105263157894,3.473684210526316,0.23357214690901223,0.7589288236010792
1.6842105263157894,3.473684210526316,0.2767612370754227,0.7477872361846677
1.6842105263157894,3.473684210526316,0.32793628590208806,0.7398314459104101
1.6842105263157894,3.473684210526316,0.3885739518570975,0.7722189674295052
1.6842105263157894,3.473684210526316,0.460423937675878,0.7624560245598451
1.6842105263157894,3.473684210526316,0.5455594781168519,0.7589754706854251
1.6842105263157894,3.473684210526316,0.646437163249006,0.7650531993405228
1.6842105263157894,3.473684210526316,0.7659678234751834,0.7649822699398506
1.6842105263157894,3.473684210526316,0.907600521681814,0.7538040872958218
1.6842105263157894,3.473684210526316,1.0754220761125606,0.7379244568918111
1.6842105263157894,3.473684210526316,1.2742749857031335,0.7264914292397856
1.6842105263157894,3.473684210526316,1.5098971606184193,0.6899970926434819
1.6842105263157894,3.473684210526316,1.789087489923219,0.6654879818116819
1.6842105263157894,3.473684210526316,2.1199020238496082,0.6391973612363382
1.6842105263157894,3.473684210526316,2.51188643150958,0.6109408623016244
1.6842105263157894,3.7368421052631575,0.09999999999999999,0.6815738718094702
1.6842105263157894,3.7368421052631575,0.11849068510006666,0.7104677614095569
1.6842105263157894,3.7368421052631575,0.1404004245548316,0.6929300351854895
1.6842105263157894,3.7368421052631575,0.16636142493842218,0.7179018738267939
1.6842105263157894,3.7368421052631575,0.1971227921517696,0.7295250612627169
1.6842105263157894,3.7368421052631575,0.23357214690901223,0.7176582114591737
1.6842105263157894,3.7368421052631575,0.2767612370754227,0.71451299042651
1.6842105263157894,3.7368421052631575,0.32793628590208806,0.7364424514962874
1.6842105263157894,3.7368421052631575,0.3885739518570975,0.7437764762007792
1.6842105263157894,3.7368421052631575,0.460423937675878,0.7598555492777144
1.6842105263157894,3.7368421052631575,0.5455594781168519,0.7698581653819883
1.6842105263157894,3.7368421052631575,0.646437163249006,0.7662554027906574
1.6842105263157894,3.7368421052631575,0.7659678234751834,0.7517112101081694
1.6842105263157894,3.7368421052631575,0.907600521681814,0.7412956668697772
1.6842105263157894,3.7368421052631575,1.0754220761125606,0.7234772135329831
1.6842105263157894,3.7368421052631575,1.2742749857031335,0.7205226694020126
1.6842105263157894,3.7368421052631575,1.5098971606184193,0.693058786689833
1.6842105263157894,3.7368421052631575,1.789087489923219,0.6652823476674875
1.6842105263157894,3.7368421052631575,2.1199020238496082,0.6330278358574419
1.6842105263157894,3.7368421052631575,2.51188643150958,0.610577355982956
1.6842105263157894,4.0,0.09999999999999999,0.6667776348104875
1.6842105263157894,4.0,0.11849068510006666,0.6576904764196474
1.6842105263157894,4.0,0.1404004245548316,0.6805472603405908
1.6842105263157894,4.0,0.16636142493842218,0.696280203519704
1.6842105263157894,4.0,0.1971227921517696,0.6993667579387342
1.6842105263157894,4.0,0.23357214690901223,0.6936815433616292
1.6842105263157894,4.0,0.2767612370754227,0.7098654170093998
1.6842105263157894,4.0,0.32793628590208806,0.7191630219189259
1.6842105263157894,4.0,0.3885739518570975,0.7308917511194459
1.6842105263157894,4.0,0.460423937675878,0.7264255671136661
1.6842105263157894,4.0,0.5455594781168519,0.7416189407767009
1.6842105263157894,4.0,0.646437163249006,0.7466027220986093
1.6842105263157894,4.0,0.7659678234751834,0.7599605860272227
1.6842105263157894,4.0,0.907600521681814,0.7390630740567736
1.6842105263157894,4.0,1.0754220761125606,0.7288125514318736
1.6842105263157894,4.0,1.2742749857031335,0.7040444653000208
1.6842105263157894,4.0,1.5098971606184193,0.6745024087013132
1.6842105263157894,4.0,1.789087489923219,0.656363986645372
1.6842105263157894,4.0,2.1199020238496082,0.6314537942779981
1.6842105263157894,4.0,2.51188643150958,0.6072257625800941
1.894736842105263,-1.0,0.09999999999999999,0.6174353818111649
1.894736842105263,-1.0,0.11849068510006666,0.6368963919515321
1.894736842105263,-1.0,0.1404004245548316,0.6104047742786453
1.894736842105263,-1.0,0.16636142493842218,0.6468690880963912
1.894736842105263,-1.0,0.1971227921517696,0.6530983930103402
1.894736842105263,-1.0,0.23357214690901223,0.6748305346871905
1.894736842105263,-1.0,0.2767612370754227,0.6769542722082911
1.894736842105263,-1.0,0.32793628590208806,0.6664083152012938
1.894736842105263,-1.0,0.3885739518570975,0.6825715003603129
1.894736842105263,-1.0,0.460423937675878,0.6652129488930897
1.894736842105263,-1.0,0.5455594781168519,0.6834315186955486
1.894736842105263,-1.0,0.646437163249006,0.679376233286646
1.894736842105263,-1.0,0.7659678234751834,0.6587211552621824
1.894736842105263,-1.0,0.907600521681814,0.6646565383236632
1.894736842105263,-1.0,1.0754220761125606,0.6307052994988479
1.894736842105263,-1.0,1.2742749857031335,0.6327505562756913
1.894736842105263,-1.0,1.5098971606184193,0.5993543566776437
1.894736842105263,-1.0,1.789087489923219,0.5711212216145065
1.894736842105263,-1.0,2.1199020238496082,0.5703119900335969
1.894736842105263,-1.0,2.51188643150958,0.5496735804774242
1.894736842105263,-0.736842105263158,0.09999999999999999,0.6420240758484679
1.894736842105263,-0.736842105263158,0.11849068510006666,0.616794009448481
1.894736842105263,-0.736842105263158,0.1404004245548316,0.6283227018921812
1.894736842105263,-0.736842105263158,0.16636142493842218,0.6147553782316216
1.894736842105263,-0.736842105263158,0.1971227921517696,0.6284845644844719
1.894736842105263,-0.736842105263158,0.23357214690901223,0.6489246244004512
1.894736842105263,-0.736842105263158,0.2767612370754227,0.681157245548363
1.894736842105263,-0.736842105263158,0.32793628590208806,0.6541806248166313
1.894736842105263,-0.736842105263158,0.3885739518570975,0.6590672090941185
1.894736842105263,-0.736842105263158,0.460423937675878,0.6869846453295632
1.894736842105263,-0.736842105263158,0.5455594781168519,0.6962594112378062
1.894736842105263,-0.736842105263158,0.646437163249006,0.6756949245480549
1.894736842105263,-0.736842105263158,0.7659678234751834,0.6725955766061389
1.894736842105263,-0.736842105263158,0.907600521681814,0.6478962547147423
1.894736842105263,-0.736842105263158,1.0754220761125606,0.625464799686392
1.894736842105263,-0.736842105263158,1.2742749857031335,0.6240403558616425
1.894736842105263,-0.736842105263158,1.5098971606184193,0.5979486086939384
1.894736842105263,-0.736842105263158,1.789087489923219,0.580785735479747
1.894736842105263,-0.736842105263158,2.1199020238496082,0.567728347752384
1.894736842105263,-0.736842105263158,2.51188643150958,0.5515955883222635
1.894736842105263,-0.4736842105263158,0.09999999999999999,0.599419971536141
1.894736842105263,-0.4736842105263158,0.11849068510006666,0.6280431139923843
1.894736842105263,-0.4736842105263158,0.1404004245548316,0.6148514378284547
1.894736842105263,-0.4736842105263158,0.16636142493842218,0.6361144503060444
1.894736842105263,-0.4736842105263158,0.1971227921517696,0.6596044414227472
1.894736842105263,-0.4736842105263158,0.23357214690901223,0.651261839175486
1.894736842105263,-0.4736842105263158,0.2767612370754227,0.6590269775394011
1.894736842105263,-0.4736842105263158,0.32793628590208806,0.6712821743192191
1.894736842105263,-0.4736842105263158,0.3885739518570975,0.6612562786226605
1.894736842105263,-0.4736842105263158,0.460423937675878,0.6694156731177211
1.894736842105263,-0.4736842105263158,0.5455594781168519,0.6863509629453677
1.894736842105263,-0.4736842105263158,0.646437163249006,0.672032846785636
1.894736842105263,-0.4736842105263158,0.7659678234751834,0.6799934198553756
1.894736842105263,-0.4736842105263158,0.907600521681814,0.6514496442717203
1.894736842105263,-0.4736842105263158,1.0754220761125606,0.6495695238841591
1.894736842105263,-0.4736842105263158,1.2742749857031335,0.6228361135321184
1.894736842105263,-0.4736842105263158,1.5098971606184193,0.6041238352647648
1.894736842105263,-0.4736842105263158,1.789087489923219,0.5643187324264848
1.894736842105263,-0.4736842105263158,2.1199020238496082,0.5605014693230305
1.894736842105263,-0.4736842105263158,2.51188643150958,0.5497072118027443
1.894736842105263,-0.21052631578947367,0.09999999999999999,0.6327797870363967
1.894736842105263,-0.21052631578947367,0.11849068510006666,0.6295810152614193
1.894736842105263,-0.21052631578947367,0.1404004245548316,0.6467580449436567
1.894736842105263,-0.21052631578947367,0.16636142493842218,0.6470654463019382
1.894736842105263,-0.21052631578947367,0.1971227921517696,0.6533036969366811
1.894736842105263,-0.21052631578947367,0.23357214690901223,0.63490595699494
1.894736842105263,-0.21052631578947367,0.2767612370754227,0.6671401137356905
1.894736842105263,-0.21052631578947367,0.32793628590208806,0.6622323555557484
1.894736842105263,-0.21052631578947367,0.3885739518570975,0.6550041635975915
1.894736842105263,-0.21052631578947367,0.460423937675878,0.7044099095273872
1.894736842105263,-0.21052631578947367,0.5455594781168519,0.6982904071177147
1.894736842105263,-0.21052631578947367,0.646437163249006,0.6596811265218564
1.894736842105263,-0.21052631578947367,0.7659678234751834,0.6886399585618372
1.894736842105263,-0.21052631578947367,0.907600521681814,0.64239855075382
1.894736842105263,-0.21052631578947367,1.0754220761125606,0.6417012806271654
1.894736842105263,-0.21052631578947367,1.2742749857031335,0.6130340342475026
1.894736842105263,-0.21052631578947367,1.5098971606184193,0.6023960498584154
1.894736842105263,-0.21052631578947367,1.789087489923219,0.5817638982729318
1.894736842105263,-0.21052631578947367,2.1199020238496082,0.5630470790617627
1.894736842105263,-0.21052631578947367,2.51188643150958,0.5476037314777087
1.894736842105263,0.05263157894736836,0.09999999999999999,0.6283697200914107
1.894736842105263,0.05263157894736836,0.11849068510006666,0.6082702974147114
1.894736842105263,0.05263157894736836,0.1404004245548316,0.6282459255570193
1.894736842105263,0.05263157894736836,0.16636142493842218,0.6592812366273115
1.894736842105263,0.05263157894736836,0.1971227921517696,0.670630595344706
1.894736842105263,0.05263157894736836,0.23357214690901223,0.6575352945280298
1.894736842105263,0.05263157894736836,0.2767612370754227,0.6552913901442458
1.894736842105263,0.05263157894736836,0.32793628590208806,0.6548020552991868
1.894736842105263,0.05263157894736836,0.3885739518570975,0.6895065948175298
1.894736842105263,0.05263157894736836,0.460423937675878,0.6769731439740118
1.894736842105263,0.05263157894736836,0.5455594781168519,0.6810068925087376
1.894736842105263,0.05263157894736836,0.646437163249006,0.6738234523389389
1.894736842105263,0.05263157894736836,0.7659678234751834,0.6610802043983128
1.894736842105263,0.05263157894736836,0.907600521681814,0.6413242064905441
1.894736842105263,0.05263157894736836,1.0754220761125606,0.6275226338063583
1.894736842105263,0.05263157894736836,1.2742749857031335,0.6062188161407616
1.894736842105263,0.05263157894736836,1.5098971606184193,0.5989002822108346
1.894736842105263,0.05263157894736836,1.789087489923219,0.5784241303659853
1.894736842105263,0.05263157894736836,2.1199020238496082,0.5602089378098769
1.894736842105263,0.05263157894736836,2.51188643150958,0.5511174398933297
1.894736842105263,0.3157894736842104,0.09999999999999999,0.6236734587218908
1.894736842105263,0.3157894736842104,0.11849068510006666,0.6317061426840508
1.894736842105263,0.3157894736842104,0.1404004245548316,0.6393954564379846
1.894736842105263,0.3157894736842104,0.16636142493842218,0.6444779929929351
1.894736842105263,0.3157894736842104,0.1971227921517696,0.6685604713349671
1.894736842105263,0.3157894736842104,0.23357214690901223,0.6431656377122468
1.894736842105263,0.3157894736842104,0.2767612370754227,0.6651277322847886
1.894736842105263,0.3157894736842104,0.32793628590208806,0.6717743125669586
1.894736842105263,0.3157894736842104,0.3885739518570975,0.6904162910397738
1.894736842105263,0.3157894736842104,0.460423937675878,0.6927432980962697
1.894736842105263,0.3157894736842104,0.5455594781168519,0.6773506285745523
1.894736842105263,0.3157894736842104,0.646437163249006,0.6856860446313242
1.894736842105263,0.3157894736842104,0.7659678234751834,0.6748245851276643
1.894736842105263,0.3157894736842104,0.907600521681814,0.6603026739505952
1.894736842105263,0.3157894736842104,1.0754220761125606,0.6401455614396419
1.894736842105263,0.3157894736842104,1.2742749857031335,0.6195204538636717
1.894736842105263,0.3157894736842104,1.5098971606184193,0.6055694232974549
1.894736842105263,0.3157894736842104,1.789087489923219,0.5876146402078872
1.894736842105263,0.3157894736842104,2.1199020238496082,0.5637649973705553
1.894736842105263,0.3157894736842104,2.51188643150958,0.5520895741909543
1.894736842105263,0.5789473684210527,0.09999999999999999,0.6422640181368882
1.894736842105263,0.5789473684210527,0.11849068510006666,0.6569402241621307
1.894736842105263,0.5789473684210527,0.1404004245548316,0.6575791446025927
1.894736842105263,0.5789473684210527,0.16636142493842218,0.6686473510943147
1.894736842105263,0.5789473684210527,0.1971227921517696,0.6898402366857569
1.894736842105263,0.5789473684210527,0.23357214690901223,0.6978829397479578
1.894736842105263,0.5789473684210527,0.2767612370754227,0.6783997170207502
1.894736842105263,0.5789473684210527,0.32793628590208806,0.6740118950200746
1.894736842105263,0.5789473684210527,0.3885739518570975,0.6931696815568021
1.894736842105263,0.5789473684210527,0.460423937675878,0.7015377378094607
1.894736842105263,0.5789473684210527,0.5455594781168519,0.7023724396698237
1.894736842105263,0.5789473684210527,0.646437163249006,0.7028258291040718
1.894736842105263,0.5789473684210527,0.7659678234751834,0.6833198731119329
1.894736842105263,0.5789473684210527,0.907600521681814,0.6716590871436025
1.894736842105263,0.5789473684210527,1.0754220761125606,0.6485428347215244
1.894736842105263,0.5789473684210527,1.2742749857031335,0.6197735943918125
1.894736842105263,0.5789473684210527,1.5098971606184193,0.6190380502225036
1.894736842105263,0.5789473684210527,1.789087489923219,0.5844927699104672
1.894736842105263,0.5789473684210527,2.1199020238496082,0.5678857398454031
1.894736842105263,0.5789473684210527,2.51188643150958,0.5549942245442047
1.894736842105263,0.8421052631578947,0.09999999999999999,0.6826132274434811
1.894736842105263,0.8421052631578947,0.11849068510006666,0.6803143518527585
1.894736842105263,0.8421052631578947,0.1404004245548316,0.6849116261275339
1.894736842105263,0.8421052631578947,0.16636142493842218,0.6854437226676987
1.894736842105263,0.8421052631578947,0.1971227921517696,0.7078950476547485
1.894736842105263,0.8421052631578947,0.23357214690901223,0.6960729838513613
1.894736842105263,0.8421052631578947,0.2767612370754227,0.7215919513256881
1.894736842105263,0.8421052631578947,0.32793628590208806,0.7227769473376283
1.894736842105263,0.8421052631578947,0.3885739518570975,0.7242799234292056
1.894736842105263,0.8421052631578947,0.460423937675878,0.7364741248406336
1.894736842105263,0.8421052631578947,0.5455594781168519,0.7250692392569096
1.894736842105263,0.8421052631578947,0.646437163249006,0.7132934812843272
1.894736842105263,0.8421052631578947,0.7659678234751834,0.6994256643309277
1.894736842105263,0.8421052631578947,0.907600521681814,0.6879001185361948
1.894736842105263,0.8421052631578947,1.0754220761125606,0.6767620316188971
1.894736842105263,0.8421052631578947,1.2742749857031335,0.634408902709131
1.894736842105263,0.8421052631578947,1.5098971606184193,0.6074067930354015
1.894736842105263,0.8421052631578947,1.789087489923219,0.5999252668717385
1.894736842105263,0.8421052631578947,2.1199020238496082,0.5772254823690519
1.894736842105263,0.8421052631578947,2.51188643150958,0.5603626786729896
1.894736842105263,1.1052631578947367,0.09999999999999999,0.7097513557838026
1.894736842105263,1.1052631578947367,0.11849068510006666,0.7076646784622203
1.894736842105263,1.1052631578947367,0.1404004245548316,0.7215191157944812
1.894736842105263,1.1052631578947367,0.16636142493842218,0.7374119295279109
1.894736842105263,1.1052631578947367,0.1971227921517696,0.7490086899378925
1.894736842105263,1.1052631578947367,0.23357214690901223,0.7609129482106995
1.894736842105263,1.1052631578947367,0.2767612370754227,0.7764890416276172
1.894736842105263,1.1052631578947367,0.32793628590208806,0.7641508108554901
1.894736842105263,1.1052631578947367,0.3885739518570975,0.7786146909901949
1.894736842105263,1.1052631578947367,0.460423937675878,0.7641121939387122
1.894736842105263,1.1052631578947367,0.5455594781168519,0.7681838865283794
1.894736842105263,1.1052631578947367,0.646437163249006,0.7555104595382063
1.894736842105263,1.1052631578947367,0.7659678234751834,0.7228269654365683
1.894736842105263,1.1052631578947367,0.907600521681814,0.7145622740064752
1.894736842105263,1.1052631578947367,1.0754220761125606,0.6879088653178982
1.894736842105263,1.1052631578947367,1.2742749857031335,0.6599955518868172
1.894736842105263,1.1052631578947367,1.5098971606184193,0.6389767072195743
1.894736842105263,1.1052631578947367,1.789087489923219,0.6076635679261926
1.894736842105263,1.1052631578947367,2.1199020238496082,0.5862380507651496
1.894736842105263,1.1052631578947367,2.51188643150958,0.5684712310173
1.894736842105263,1.3684210526315788,0.09999999999999999,0.7712711724542733
1.894736842105263,1.3684210526315788,0.11849068510006666,0.7672154044004769
1.894736842105263,1.3684210526315788,0.1404004245548316,0.7845155083614321
1.894736842105263,1.3684210526315788,0.16636142493842218,0.8011978944063447
1.894736842105263,1.3684210526315788,0.1971227921517696,0.7937859033210107
1.894736842105263,1.3684210526315788,0.23357214690901223,0.7966746840073885
1.894736842105263,1.3684210526315788,0.2767612370754227,0.7981852676879093
1.894736842105263,1.3684210526315788,0.32793628590208806,0.8123972940894839
1.894736842105263,1.3684210526315788,0.3885739518570975,0.8177812702528978
1.894736842105263,1.3684210526315788,0.460423937675878,0.8168917680167554
1.894736842105263,1.3684210526315788,0.5455594781168519,0.8121655960462623
1.894736842105263,1.3684210526315788,0.646437163249006,0.7931039205363474
1.894736842105263,1.3684210526315788,0.7659678234751834,0.7744738924730489
1.894736842105263,1.3684210526315788,0.907600521681814,0.7444939087701907
1.894736842105263,1.3684210526315788,1.0754220761125606,0.725346120189072
1.894736842105263,1.3684210526315788,1.2742749857031335,0.7050561631347471
1.894736842105263,1.3684210526315788,1.5098971606184193,0.6753608171832132
1.894736842105263,1.3684210526315788,1.789087489923219,0.6374621100672773
1.894736842105263,1.3684210526315788,2.1199020238496082,0.607853328103309
1.894736842105263,1.3684210526315788,2.51188643150958,0.5886387350278627
1.894736842105263,1.6315789473684208,0.09999999999999999,0.8021277505353989
1.894736842105263,1.6315789473684208,0.11849068510006666,0.812098529988959
1.894736842105263,1.6315789473684208,0.1404004245548316,0.8243447278090361
1.894736842105263,1.6315789473684208,0.16636142493842218,0.823511085486076
1.894736842105263,1.6315789473684208,0.1971227921517696,0.8362599828794874
1.894736842105263,1.6315789473684208,0.23357214690901223,0.8475026729652645
1.894736842105263,1.6315789473684208,0.2767612370754227,0.8500971182500806
1.894736842105263,1.6315789473684208,0.32793628590208806,0.8591921447991939
1.894736842105263,1.6315789473684208,0.3885739518570975,0.8586234184772675
1.894736842105263,1.6315789473684208,0.460423937675878,0.8533104151540335
1.894736842105263,1.6315789473684208,0.5455594781168519,0.8526366286208519
1.894736842105263,1.6315789473684208,0.646437163249006,0.8385670402945469
1.894736842105263,1.6315789473684208,0.7659678234751834,0.8234970410333629
1.894736842105263,1.6315789473684208,0.907600521681814,0.8026716279404936
1.894736842105263,1.6315789473684208,1.0754220761125606,0.7685148510469244
1.894736842105263,1.6315789473684208,1.2742749857031335,0.727740803861705
1.894736842105263,1.6315789473684208,1.5098971606184193,0.6951989325260618
1.894736842105263,1.6315789473684208,1.789087489923219,0.6590289056155468
1.894736842105263,1.6315789473684208,2.1199020238496082,0.6324381715376851
1.894736842105263,1.6315789473684208,2.51188643150958,0.6015467656141794
1.894736842105263,1.8947368421052628,0.09999999999999999,0.7946877009370465
1.894736842105263,1.8947368421052628,0.11849068510006666,0.7819436519133254
1.894736842105263,1.8947368421052628,0.1404004245548316,0.802510580860436
1.894736842105263,1.8947368421052628,0.16636142493842218,0.8283778282013359
1.894736842105263,1.8947368421052628,0.1971227921517696,0.8464430626815486
1.894736842105263,1.8947368421052628,0.23357214690901223,0.8479582514091575
1.894736842105263,1.8947368421052628,0.2767612370754227,0.8651158225409668
1.894736842105263,1.8947368421052628,0.32793628590208806,0.8696153559803869
1.894736842105263,1.8947368421052628,0.3885739518570975,0.8744538528851679
1.894736842105263,1.8947368421052628,0.460423937675878,0.8850341684821454
1.894736842105263,1.8947368421052628,0.5455594781168519,0.8765844491121183
1.894736842105263,1.8947368421052628,0.646437163249006,0.8750761757792542
1.894736842105263,1.8947368421052628,0.7659678234751834,0.8633052204101508
1.894736842105263,1.8947368421052628,0.907600521681814,0.843790078888778
1.894736842105263,1.8947368421052628,1.0754220761125606,0.8038982336696227
1.894736842105263,1.8947368421052628,1.2742749857031335,0.7700134696169101
1.894736842105263,1.8947368421052628,1.5098971606184193,0.7353147844620862
1.894736842105263,1.8947368421052628,1.789087489923219,0.6984573796640169
1.894736842105263,1.8947368421052628,2.1199020238496082,0.6559112934150881
1.894736842105263,1.8947368421052628,2.51188643150958,0.6282314280305217
1.894736842105263,2.1578947368421053,0.09999999999999999,0.7689086590419855
1.894736842105263,2.1578947368421053,0.11849068510006666,0.7811623545211782
1.894736842105263,2.1578947368421053,0.1404004245548316,0.7828151664934925
1.894736842105263,2.1578947368421053,0.16636142493842218,0.8060205241596311
1.894736842105263,2.1578947368421053,0.1971227921517696,0.8248677559922414
1.894736842105263,2.1578947368421053,0.23357214690901223,0.823489905098529
1.894736842105263,2.1578947368421053,0.2767612370754227,0.8470731145586478
1.894736842105263,2.1578947368421053,0.32793628590208806,0.8560565480690345
1.894736842105263,2.1578947368421053,0.3885739518570975,0.8733957206101975
1.894736842105263,2.1578947368421053,0.460423937675878,0.8757497288981112
1.894736842105263,2.1578947368421053,0.5455594781168519,0.876743451942915
1.894736842105263,2.1578947368421053,0.646437163249006,0.8759882079206635
1.894736842105263,2.1578947368421053,0.7659678234751834,0.8563074186676937
1.894736842105263,2.1578947368421053,0.907600521681814,0.8438824672512297
1.894736842105263,2.1578947368421053,1.0754220761125606,0.8222006321512795
1.894736842105263,2.1578947368421053,1.2742749857031335,0.7892125991084534
1.894736842105263,2.1578947368421053,1.5098971606184193,0.7433737305705252
1.894736842105263,2.1578947368421053,1.789087489923219,0.7049257457075098
1.894736842105263,2.1578947368421053,2.1199020238496082,0.6696323368451695
1.894736842105263,2.1578947368421053,2.51188643150958,0.6380114069260634
1.894736842105263,2.4210526315789473,0.09999999999999999,0.7688633723473508
1.894736842105263,2.4210526315789473,0.11849068510006666,0.7840192886188664
1.894736842105263,2.4210526315789473,0.1404004245548316,0.7947242342960663
1.894736842105263,2.4210526315789473,0.16636142493842218,0.7809975266462859
1.894736842105263,2.4210526315789473,0.1971227921517696,0.7938610073707567
1.894736842105263,2.4210526315789473,0.23357214690901223,0.7897184391350064
1.894736842105263,2.4210526315789473,0.2767612370754227,0.8417386618411983
1.894736842105263,2.4210526315789473,0.32793628590208806,0.840782570067643
1.894736842105263,2.4210526315789473,0.3885739518570975,0.8426336474861525
1.894736842105263,2.4210526315789473,0.460423937675878,0.8576859302209436
1.894736842105263,2.4210526315789473,0.5455594781168519,0.8577399661919913
1.894736842105263,2.4210526315789473,0.646437163249006,0.855491334753741
1.894736842105263,2.4210526315789473,0.7659678234751834,0.8520291622699658
1.894736842105263,2.4210526315789473,0.907600521681814,0.8370663576313931
1.894736842105263,2.4210526315789473,1.0754220761125606,0.8070915008584408
1.894736842105263,2.4210526315789473,1.2742749857031335,0.7673251536730537
1.894736842105263,2.4210526315789473,1.5098971606184193,0.7381676180162337
1.894736842105263,2.4210526315789473,1.789087489923219,0.7050683260569834
1.894736842105263,2.4210526315789473,2.1199020238496082,0.6682395255692988
1.894736842105263,2.4210526315789473,2.51188643150958,0.6314053295895271
1.894736842105263,2.6842105263157894,0.09999999999999999,0.7690601555996026
1.894736842105263,2.6842105263157894,0.11849068510006666,0.7704744206988522
1.894736842105263,2.6842105263157894,0.1404004245548316,0.773590821020669
1.894736842105263,2.6842105263157894,0.16636142493842218,0.7903509921886159
1.894736842105263,2.6842105263157894,0.1971227921517696,0.794284548427628
1.894736842105263,2.6842105263157894,0.23357214690901223,0.7949397972709625
1.894736842105263,2.6842105263157894,0.2767612370754227,0.8015991461344057
1.894736842105263,2.6842105263157894,0.32793628590208806,0.828888578269375
1.894736842105263,2.6842105263157894,0.3885739518570975,0.8320258487342678
1.894736842105263,2.6842105263157894,0.460423937675878,0.8432769984429039
1.894736842105263,2.6842105263157894,0.5455594781168519,0.8326877738724614
1.894736842105263,2.6842105263157894,0.646437163249006,0.8345116517167844
1.894736842105263,2.6842105263157894,0.7659678234751834,0.8209809944257987
1.894736842105263,2.6842105263157894,0.907600521681814,0.8148011644165966
1.894736842105263,2.6842105263157894,1.0754220761125606,0.7891104584276726
1.894736842105263,2.6842105263157894,1.2742749857031335,0.7573558213131953
1.894736842105263,2.6842105263157894,1.5098971606184193,0.719629122456759
1.894736842105263,2.6842105263157894,1.789087489923219,0.6911696783924851
1.894736842105263,2.6842105263157894,2.1199020238496082,0.6583991831754079
1.894736842105263,2.6842105263157894,2.51188643150958,0.628020307454209
1.894736842105263,2.9473684210526314,0.09999999999999999,0.7600959898366968
1.894736842105263,2.9473684210526314,0.11849068510006666,0.7437351009606906
1.894736842105263,2.9473684210526314,0.1404004245548316,0.768679114684463
1.894736842105263,2.9473684210526314,0.16636142493842218,0.7717667972729657
1.894736842105263,2.9473684210526314,0.1971227921517696,0.7736336916224115
1.894736842105263,2.9473684210526314,0.23357214690901223,0.7922479257209184
1.894736842105263,2.9473684210526314,0.2767612370754227,0.7666733773869998
1.894736842105263,2.9473684210526314,0.32793628590208806,0.797930375932946
1.894736842105263,2.9473684210526314,0.3885739518570975,0.7990499969081646
1.894736842105263,2.9473684210526314,0.460423937675878,0.8022122866846132
1.894736842105263,2.9473684210526314,0.5455594781168519,0.8153254418814194
1.894736842105263,2.9473684210526314,0.646437163249006,0.8204938297086628
1.894736842105263,2.9473684210526314,0.7659678234751834,0.8018481066745186
1.894736842105263,2.9473684210526314,0.907600521681814,0.7914757456619099
1.894736842105263,2.9473684210526314,1.0754220761125606,0.7688772845730025
1.894736842105263,2.9473684210526314,1.2742749857031335,0.7475042045297907
1.894736842105263,2.9473684210526314,1.5098971606184193,0.7184392680114233
1.894736842105263,2.9473684210526314,1.789087489923219,0.6861880810429195
1.894736842105263,2.9473684210526314,2.1199020238496082,0.6522797386056548
1.894736842105263,2.9473684210526314,2.51188643150958,0.6180928654110137
1.894736842105263,3.2105263157894735,0.09999999999999999,0.7226445629978405
1.894736842105263,3.2105263157894735,0.11849068510006666,0.7410464361682032
1.894736842105263,3.2105263157894735,0.1404004245548316,0.7360007432124631
1.894736842105263,3.2105263157894735,0.16636142493842218,0.7303118805726712
1.894736842105263,3.2105263157894735,0.1971227921517696,0.7480457423007779
1.894736842105263,3.2105263157894735,0.23357214690901223,0.7656688254284408
1.894736842105263,3.2105263157894735,0.2767612370754227,0.7754647664904413
1.894736842105263,3.2105263157894735,0.32793628590208806,0.7859344739365233
1.894736842105263,3.2105263157894735,0.3885739518570975,0.7762461784374819
1.894736842105263,3.2105263157894735,0.460423937675878,0.8168104052035656
1.894736842105263,3.2105263157894735,0.5455594781168519,0.8001637535818438
1.894736842105263,3.2105263157894735,0.646437163249006,0.797882989435636
1.894736842105263,3.2105263157894735,0.7659678234751834,0.7995703329591357
1.894736842105263,3.2105263157894735,0.907600521681814,0.7631237950649454
1.894736842105263,3.2105263157894735,1.0754220761125606,0.7580786447393356
1.894736842105263,3.2105263157894735,1.2742749857031335,0.7362654686474462
1.894736842105263,3.2105263157894735,1.5098971606184193,0.7028328758652101
1.894736842105263,3.2105263157894735,1.789087489923219,0.6759484412967233
1.894736842105263,3.2105263157894735,2.1199020238496082,0.6431460715818694
1.894736842105263,3.2105263157894735,2.51188643150958,0.6177725363229055
1.894736842105263,3.473684210526316,0.09999999999999999,0.7263700017182204
1.894736842105263,3.473684210526316,0.11849068510006666,0.713564095974031
1.894736842105263,3.473684210526316,0.1404004245548316,0.7179912074689203
1.894736842105263,3.473684210526316,0.16636142493842218,0.7177388291491097
1.894736842105263,3.473684210526316,0.1971227921517696,0.7621026661292193
1.894736842105263,3.473684210526316,0.23357214690901223,0.7602521971208872
1.894736842105263,3.473684210526316,0.2767612370754227,0.7562965830446193
1.894736842105263,3.473684210526316,0.32793628590208806,0.7721504837395764
1.894736842105263,3.473684210526316,0.3885739518570975,0.7687534679454288
1.894736842105263,3.473684210526316,0.460423937675878,0.7831747379046906
1.894736842105263,3.473684210526316,0.5455594781168519,0.771815686353938
1.894736842105263,3.473684210526316,0.646437163249006,0.7651068487746975
1.894736842105263,3.473684210526316,0.7659678234751834,0.7795332971117409
1.894736842105263,3.473684210526316,0.907600521681814,0.767590503422281
1.894736842105263,3.473684210526316,1.0754220761125606,0.7511614836540784
1.894736842105263,3.473684210526316,1.2742749857031335,0.7293615583355595
1.894736842105263,3.473684210526316,1.5098971606184193,0.6967854319485066
1.894736842105263,3.473684210526316,1.789087489923219,0.6762693537035782
1.894736842105263,3.473684210526316,2.1199020238496082,0.6392854727717473
1.894736842105263,3.473684210526316,2.51188643150958,0.6129280551587898
1.894736842105263,3.7368421052631575,0.09999999999999999,0.7176747425854499
1.894736842105263,3.7368421052631575,0.11849068510006666,0.6867919791168169
1.894736842105263,3.7368421052631575,0.1404004245548316,0.702503159894597
1.894736842105263,3.7368421052631575,0.16636142493842218,0.7041040591688855
1.894736842105263,3.7368421052631575,0.1971227921517696,0.7194844465609707
1.894736842105263,3.7368421052631575,0.23357214690901223,0.7376313103140888
1.894736842105263,3.7368421052631575,0.2767612370754227,0.7510178847890644
1.894736842105263,3.7368421052631575,0.32793628590208806,0.7590483804638412
1.894736842105263,3.7368421052631575,0.3885739518570975,0.7413644319654388
1.894736842105263,3.7368421052631575,0.460423937675878,0.7755676909512711
1.894736842105263,3.7368421052631575,0.5455594781168519,0.7613847275830715
1.894736842105263,3.7368421052631575,0.646437163249006,0.7622149981362454
1.894736842105263,3.7368421052631575,0.7659678234751834,0.7616552276462762
1.894736842105263,3.7368421052631575,0.907600521681814,0.7466620732906799
1.894736842105263,3.7368421052631575,1.0754220761125606,0.7408535360377669
1.894736842105263,3.7368421052631575,1.2742749857031335,0.7197911068798223
1.894736842105263,3.7368421052631575,1.5098971606184193,0.6864136477899069
1.894736842105263,3.7368421052631575,1.789087489923219,0.6631459740908549
1.894736842105263,3.7368421052631575,2.1199020238496082,0.6334042082300259
1.894736842105263,3.7368421052631575,2.51188643150958,0.6103706166948625
1.894736842105263,4.0,0.09999999999999999,0.68602987970544
1.894736842105263,4.0,0.11849068510006666,0.6869299818612566
1.894736842105263,4.0,0.1404004245548316,0.6901771792591058
1.894736842105263,4.0,0.16636142493842218,0.7198621271207504
1.894736842105263,4.0,0.1971227921517696,0.7006382316718479
1.894736842105263,4.0,0.23357214690901223,0.7313501053153803
1.894736842105263,4.0,0.2767612370754227,0.7397157370963373
1.894736842105263,4.0,0.32793628590208806,0.7352035378577844
1.894736842105263,4.0,0.3885739518570975,0.7310616919989168
1.894736842105263,4.0,0.460423937675878,0.7567001704511435
1.894736842105263,4.0,0.5455594781168519,0.7668089105855027
1.894736842105263,4.0,0.646437163249006,0.7595543776249748
1.894736842105263,4.0,0.7659678234751834,0.7547895745424268
1.894736842105263,4.0,0.907600521681814,0.7535445472470607
1.894736842105263,4.0,1.0754220761125606,0.7312075843174768
1.894736842105263,4.0,1.2742749857031335,0.7056379793402325
1.894736842105263,4.0,1.5098971606184193,0.6876378711923852
1.894736842105263,4.0,1.789087489923219,0.6589431987971783
1.894736842105263,4.0,2.1199020238496082,0.6333004350463637
1.894736842105263,4.0,2.51188643150958,0.6102985918826683
2.1052631578947367,-1.0,0.09999999999999999,0.6138991843804035
2.1052631578947367,-1.0,0.11849068510006666,0.6067301461409984
2.1052631578947367,-1.0,0.1404004245548316,0.6239337721772618
2.1052631578947367,-1.0,0.16636142493842218,0.6320625790837228
2.1052631578947367,-1.0,0.1971227921517696,0.6559528871624168
2.1052631578947367,-1.0,0.23357214690901223,0.65375322885737
2.1052631578947367,-1.0,0.2767612370754227,0.6745065640247738
2.1052631578947367,-1.0,0.32793628590208806,0.6737284966133995
2.1052631578947367,-1.0,0.3885739518570975,0.6708987575487069
2.1052631578947367,-1.0,0.460423937675878,0.6650105400677319
2.1052631578947367,-1.0,0.5455594781168519,0.6713737259520177
2.1052631578947367,-1.0,0.646437163249006,0.6584896096978086
2.1052631578947367,-1.0,0.7659678234751834,0.6559756542361186
2.1052631578947367,-1.0,0.907600521681814,0.6608050269431008
2.1052631578947367,-1.0,1.0754220761125606,0.6218020700332598
2.1052631578947367,-1.0,1.2742749857031335,0.6075642390114151
2.1052631578947367,-1.0,1.5098971606184193,0.5850263249966478
2.1052631578947367,-1.0,1.789087489923219,0.579978209341749
2.1052631578947367,-1.0,2.1199020238496082,0.5659902651492568
2.1052631578947367,-1.0,2.51188643150958,0.5503139680746278
2.1052631578947367,-0.736842105263158,0.09999999999999999,0.6024482705685603
2.1052631578947367,-0.736842105263158,0.11849068510006666,0.6268400852522295
2.1052631578947367,-0.736842105263158,0.1404004245548316,0.628388085138041
2.1052631578947367,-0.736842105263158,0.16636142493842218,0.6512973498149642
2.1052631578947367,-0.736842105263158,0.1971227921517696,0.6474202470690839
2.1052631578947367,-0.736842105263158,0.23357214690901223,0.6399191498021138
2.1052631578947367,-0.736842105263158,0.2767612370754227,0.6717075249077913
2.1052631578947367,-0.736842105263158,0.32793628590208806,0.6676248606384771
2.1052631578947367,-0.736842105263158,0.3885739518570975,0.6879138545283504
2.1052631578947367,-0.736842105263158,0.460423937675878,0.6760536622697788
2.1052631578947367,-0.736842105263158,0.5455594781168519,0.692671014581005
2.1052631578947367,-0.736842105263158,0.646437163249006,0.6667389135570785
2.1052631578947367,-0.736842105263158,0.7659678234751834,0.6707023938297384
2.1052631578947367,-0.736842105263158,0.907600521681814,0.648063722278427
2.1052631578947367,-0.736842105263158,1.0754220761125606,0.6368402382019206
2.1052631578947367,-0.736842105263158,1.2742749857031335,0.6108576732550902
2.1052631578947367,-0.736842105263158,1.5098971606184193,0.6075900555959394
2.1052631578947367,-0.736842105263158,1.789087489923219,0.5727713764378713
2.1052631578947367,-0.736842105263158,2.1199020238496082,0.5654020683234818
2.1052631578947367,-0.736842105263158,2.51188643150958,0.5482336360513925
2.1052631578947367,-0.4736842105263158,0.09999999999999999,0.6227130248007174
2.1052631578947367,-0.4736842105263158,0.11849068510006666,0.6197861984252221
2.1052631578947367,-0.4736842105263158,0.1404004245548316,0.6116665216114164
2.1052631578947367,-0.4736842105263158,0.16636142493842218,0.6398306084228976
2.1052631578947367,-0.4736842105263158,0.1971227921517696,0.6474124295311594
2.1052631578947367,-0.4736842105263158,0.23357214690901223,0.6831858477027672
2.1052631578947367,-0.4736842105263158,0.2767612370754227,0.6506766086792117
2.1052631578947367,-0.4736842105263158,0.32793628590208806,0.6662789824642399
2.1052631578947367,-0.4736842105263158,0.3885739518570975,0.666292092713831
2.1052631578947367,-0.4736842105263158,0.460423937675878,0.6875420607481868
2.1052631578947367,-0.4736842105263158,0.5455594781168519,0.6571683055084039
2.1052631578947367,-0.4736842105263158,0.646437163249006,0.6486448345461036
2.1052631578947367,-0.4736842105263158,0.7659678234751834,0.6541937351093147
2.1052631578947367,-0.4736842105263158,0.907600521681814,0.6376625605294739
2.1052631578947367,-0.4736842105263158,1.0754220761125606,0.6371504652459413
2.1052631578947367,-0.4736842105263158,1.2742749857031335,0.6179306009784244
2.1052631578947367,-0.4736842105263158,1.5098971606184193,0.5968686356238371
2.1052631578947367,-0.4736842105263158,1.789087489923219,0.5740927159129602
2.1052631578947367,-0.4736842105263158,2.1199020238496082,0.5558642114786346
2.1052631578947367,-0.4736842105263158,2.51188643150958,0.5531758126034985
2.1052631578947367,-0.21052631578947367,0.09999999999999999,0.6124660170117092
2.1052631578947367,-0.21052631578947367,0.11849068510006666,0.629146106586904
2.1052631578947367,-0.21052631578947367,0.1404004245548316,0.6411564723203026
2.1052631578947367,-0.21052631578947367,0.16636142493842218,0.6336148983529148
2.1052631578947367,-0.21052631578947367,0.1971227921517696,0.6283872821323561
2.1052631578947367,-0.21052631578947367,0.23357214690901223,0.6646840674591903
2.1052631578947367,-0.21052631578947367,0.2767612370754227,0.6599810274143616
2.1052631578947367,-0.21052631578947367,0.32793628590208806,0.6509780283999099
2.1052631578947367,-0.21052631578947367,0.3885739518570975,0.6799158210474296
2.1052631578947367,-0.21052631578947367,0.460423937675878,0.6656752952300558
2.1052631578947367,-0.21052631578947367,0.5455594781168519,0.6626069372977754
2.1052631578947367,-0.21052631578947367,0.646437163249006,0.6882520926073173
2.1052631578947367,-0.21052631578947367,0.7659678234751834,0.6705384439140456
2.1052631578947367,-0.21052631578947367,0.907600521681814,0.6557175555513426
2.1052631578947367,-0.21052631578947367,1.0754220761125606,0.6282547770912404
2.1052631578947367,-0.21052631578947367,1.2742749857031335,0.6141571784041469
2.1052631578947367,-0.21052631578947367,1.5098971606184193,0.5874028226765076
2.1052631578947367,-0.21052631578947367,1.789087489923219,0.5796895289372548
2.1052631578947367,-0.21052631578947367,2.1199020238496082,0.5575365332326232
2.1052631578947367,-0.21052631578947367,2.51188643150958,0.5461473235146969
2.1052631578947367,0.05263157894736836,0.09999999999999999,0.6002530671876485
2.1052631578947367,0.05263157894736836,0.11849068510006666,0.620320615757969
2.1052631578947367,0.05263157894736836,0.1404004245548316,0.6150897092986383
2.1052631578947367,0.05263157894736836,0.16636142493842218,0.6298801045628589
2.1052631578947367,0.05263157894736836,0.1971227921517696,0.6425753950889729
2.1052631578947367,0.05263157894736836,0.23357214690901223,0.6446769321708886
2.1052631578947367,0.05263157894736836,0.2767612370754227,0.6714531791636911
2.1052631578947367,0.05263157894736836,0.32793628590208806,0.673218572530559
2.1052631578947367,0.05263157894736836,0.3885739518570975,0.6790378255551315
2.1052631578947367,0.05263157894736836,0.460423937675878,0.6741623499806757
2.1052631578947367,0.05263157894736836,0.5455594781168519,0.6570637653356802
2.1052631578947367,0.05263157894736836,0.646437163249006,0.6611326027502487
2.1052631578947367,0.05263157894736836,0.7659678234751834,0.6501961282044105
2.1052631578947367,0.05263157894736836,0.907600521681814,0.6470451286292105
2.1052631578947367,0.05263157894736836,1.0754220761125606,0.6405751107291228
2.1052631578947367,0.05263157894736836,1.2742749857031335,0.6078818625982312
2.1052631578947367,0.05263157894736836,1.5098971606184193,0.5902375594960175
2.1052631578947367,0.05263157894736836,1.789087489923219,0.5742720063458634
2.1052631578947367,0.05263157894736836,2.1199020238496082,0.5671067496321038
2.1052631578947367,0.05263157894736836,2.51188643150958,0.5509917297096565
2.1052631578947367,0.3157894736842104,0.09999999999999999,0.6096189903576444
2.1052631578947367,0.3157894736842104,0.11849068510006666,0.6254587715341285
2.1052631578947367,0.3157894736842104,0.1404004245548316,0.6328893090648974
2.1052631578947367,0.3157894736842104,0.16636142493842218,0.6368018591997527
2.1052631578947367,0.3157894736842104,0.1971227921517696,0.6434728913046939
2.1052631578947367,0.3157894736842104,0.23357214690901223,0.6573598907052316
2.1052631578947367,0.3157894736842104,0.2767612370754227,0.657410635672791
2.1052631578947367,0.3157894736842104,0.32793628590208806,0.7056250674706671
2.1052631578947367,0.3157894736842104,0.3885739518570975,0.6690192763765159
2.1052631578947367,0.3157894736842104,0.460423937675878,0.6812264773330688
2.1052631578947367,0.3157894736842104,0.5455594781168519,0.6775053071959797
2.1052631578947367,0.3157894736842104,0.646437163249006,0.6677365162223646
2.1052631578947367,0.3157894736842104,0.7659678234751834,0.6778279123798558
2.1052631578947367,0.3157894736842104,0.907600521681814,0.6484576740253659
2.1052631578947367,0.3157894736842104,1.0754220761125606,0.6563175333072645
2.1052631578947367,0.3157894736842104,1.2742749857031335,0.6106645412305617
2.1052631578947367,0.3157894736842104,1.5098971606184193,0.5993813654553029
2.1052631578947367,0.3157894736842104,1.789087489923219,0.5746063119311856
2.1052631578947367,0.3157894736842104,2.1199020238496082,0.5640123399637393
2.1052631578947367,0.3157894736842104,2.51188643150958,0.5507828737380108
2.1052631578947367,0.5789473684210527,0.09999999999999999,0.6033363708290114
2.1052631578947367,0.5789473684210527,0.11849068510006666,0.628827631249388
2.1052631578947367,0.5789473684210527,0.1404004245548316,0.6391167507785356
2.1052631578947367,0.5789473684210527,0.16636142493842218,0.6294943385513755
2.1052631578947367,0.5789473684210527,0.1971227921517696,0.6433782215300026
2.1052631578947367,0.5789473684210527,0.23357214690901223,0.6646719516124849
2.1052631578947367,0.5789473684210527,0.2767612370754227,0.6832734258136298
2.1052631578947367,0.5789473684210527,0.32793628590208806,0.6630330707078097
2.1052631578947367,0.5789473684210527,0.3885739518570975,0.6956805228988592
2.1052631578947367,0.5789473684210527,0.460423937675878,0.6787607091502521
2.1052631578947367,0.5789473684210527,0.5455594781168519,0.6775871771549389
2.1052631578947367,0.5789473684210527,0.646437163249006,0.6705301372864225
2.1052631578947367,0.5789473684210527,0.7659678234751834,0.6882472410432798
2.1052631578947367,0.5789473684210527,0.907600521681814,0.6667513554166709
2.1052631578947367,0.5789473684210527,1.0754220761125606,0.6391296802197576
2.1052631578947367,0.5789473684210527,1.2742749857031335,0.6214014223314213
2.1052631578947367,0.5789473684210527,1.5098971606184193,0.6196653454522202
2.1052631578947367,0.5789473684210527,1.789087489923219,0.5854199032162323
2.1052631578947367,0.5789473684210527,2.1199020238496082,0.5584617841400594
2.1052631578947367,0.5789473684210527,2.51188643150958,0.5560623916692027
2.1052631578947367,0.8421052631578947,0.09999999999999999,0.6451666188886973
2.1052631578947367,0.8421052631578947,0.11849068510006666,0.6670781882888103
2.1052631578947367,0.8421052631578947,0.1404004245548316,0.6515150843735265
2.1052631578947367,0.8421052631578947,0.16636142493842218,0.6435220050807174
2.1052631578947367,0.8421052631578947,0.1971227921517696,0.6711817365615548
2.1052631578947367,0.8421052631578947,0.23357214690901223,0.6937257095270241
2.1052631578947367,0.8421052631578947,0.2767612370754227,0.7176123959534569
2.1052631578947367,0.8421052631578947,0.32793628590208806,0.6916200848798422
2.1052631578947367,0.8421052631578947,0.3885739518570975,0.6875110281928293
2.1052631578947367,0.8421052631578947,0.460423937675878,0.6992049365615038
2.1052631578947367,0.8421052631578947,0.5455594781168519,0.7058076792234732
2.1052631578947367,0.8421052631578947,0.646437163249006,0.6805530667908096
2.1052631578947367,0.8421052631578947,0.7659678234751834,0.7082859999744876
2.1052631578947367,0.8421052631578947,0.907600521681814,0.6808351318824192
2.1052631578947367,0.8421052631578947,1.0754220761125606,0.6469298191967972
2.1052631578947367,0.8421052631578947,1.2742749857031335,0.6319544457473429
2.1052631578947367,0.8421052631578947,1.5098971606184193,0.6176459668625888
2.1052631578947367,0.8421052631578947,1.789087489923219,0.5868567444097788
2.1052631578947367,0.8421052631578947,2.1199020238496082,0.5687946040168707
2.1052631578947367,0.8421052631578947,2.51188643150958,0.5556549150414191
2.1052631578947367,1.1052631578947367,0.09999999999999999,0.6869208965195659
2.1052631578947367,1.1052631578947367,0.11849068510006666,0.6858310129357692
2.1052631578947367,1.1052631578947367,0.1404004245548316,0.6960611618427642
2.1052631578947367,1.1052631578947367,0.16636142493842218,0.6879910175541241
2.1052631578947367,1.1052631578947367,0.1971227921517696,0.7002587836418539
2.1052631578947367,1.1052631578947367,0.23357214690901223,0.7167296461606755
2.1052631578947367,1.1052631578947367,0.2767612370754227,0.7221344161572402
2.1052631578947367,1.1052631578947367,0.32793628590208806,0.7130458522474558
2.1052631578947367,1.1052631578947367,0.3885739518570975,0.7171957987841802
2.1052631578947367,1.1052631578947367,0.460423937675878,0.7288893462335185
2.1052631578947367,1.1052631578947367,0.5455594781168519,0.709369666128946
2.1052631578947367,1.1052631578947367,0.646437163249006,0.7193500473259072
2.1052631578947367,1.1052631578947367,0.7659678234751834,0.7207951950928569
2.1052631578947367,1.1052631578947367,0.907600521681814,0.6849908279570989
2.1052631578947367,1.1052631578947367,1.0754220761125606,0.6591245581802082
2.1052631578947367,1.1052631578947367,1.2742749857031335,0.6499149650938905
2.1052631578947367,1.1052631578947367,1.5098971606184193,0.6164392895309742
2.1052631578947367,1.1052631578947367,1.789087489923219,0.5896538789624532
2.1052631578947367,1.1052631578947367,2.1199020238496082,0.5847515417179441
2.1052631578947367,1.1052631578947367,2.51188643150958,0.5675512469532126
2.1052631578947367,1.3684210526315788,0.09999999999999999,0.7322703742928826
2.1052631578947367,1.3684210526315788,0.11849068510006666,0.7193355303282664
2.1052631578947367,1.3684210526315788,0.1404004245548316,0.7522174768693566
2.1052631578947367,1.3684210526315788,0.16636142493842218,0.7686792745281781
2.1052631578947367,1.3684210526315788,0.1971227921517696,0.7577718238170358
2.1052631578947367,1.3684210526315788,0.23357214690901223,0.7704603989340009
2.1052631578947367,1.3684210526315788,0.2767612370754227,0.7539874338083329
2.1052631578947367,1.3684210526315788,0.32793628590208806,0.7690831536001487
2.1052631578947367,1.3684210526315788,0.3885739518570975,0.7687180199300283
2.1052631578947367,1.3684210526315788,0.460423937675878,0.7769152823356935
2.1052631578947367,1.3684210526315788,0.5455594781168519,0.7848630026277379
2.1052631578947367,1.3684210526315788,0.646437163249006,0.7637936980510239
2.1052631578947367,1.3684210526315788,0.7659678234751834,0.7464711311274791
2.1052631578947367,1.3684210526315788,0.907600521681814,0.7171748006862616
2.1052631578947367,1.3684210526315788,1.0754220761125606,0.6894535108496287
2.1052631578947367,1.3684210526315788,1.2742749857031335,0.6607772117221142
2.1052631578947367,1.3684210526315788,1.5098971606184193,0.6559552556783966
2.1052631578947367,1.3684210526315788,1.789087489923219,0.6082695217261798
2.1052631578947367,1.3684210526315788,2.1199020238496082,0.5976700763413868
2.1052631578947367,1.3684210526315788,2.51188643150958,0.5775740492511328
2.1052631578947367,1.6315789473684208,0.09999999999999999,0.7675027969699929
2.1052631578947367,1.6315789473684208,0.11849068510006666,0.784509686694422
2.1052631578947367,1.6315789473684208,0.1404004245548316,0.7809164836253081
2.1052631578947367,1.6315789473684208,0.16636142493842218,0.796661698311683
2.1052631578947367,1.6315789473684208,0.1971227921517696,0.8012030597555068
2.1052631578947367,1.6315789473684208,0.23357214690901223,0.8111844940427487
2.1052631578947367,1.6315789473684208,0.2767612370754227,0.8099418693198717
2.1052631578947367,1.6315789473684208,0.32793628590208806,0.8251795279949611
2.1052631578947367,1.6315789473684208,0.3885739518570975,0.8271130274992224
2.1052631578947367,1.6315789473684208,0.460423937675878,0.8189889698050284
2.1052631578947367,1.6315789473684208,0.5455594781168519,0.8128868553995243
2.1052631578947367,1.6315789473684208,0.646437163249006,0.8086176184822054
2.1052631578947367,1.6315789473684208,0.7659678234751834,0.7971773105848854
2.1052631578947367,1.6315789473684208,0.907600521681814,0.7688757821879212
2.1052631578947367,1.6315789473684208,1.0754220761125606,0.7298158885496199
2.1052631578947367,1.6315789473684208,1.2742749857031335,0.6980854199395733
2.1052631578947367,1.6315789473684208,1.5098971606184193,0.6691006386815046
2.1052631578947367,1.6315789473684208,1.789087489923219,0.6427531689054317
2.1052631578947367,1.6315789473684208,2.1199020238496082,0.6091035286199691
2.1052631578947367,1.6315789473684208,2.51188643150958,0.592618491326883
2.1052631578947367,1.8947368421052628,0.09999999999999999,0.8141939267283985
2.1052631578947367,1.8947368421052628,0.11849068510006666,0.8142340559769194
2.1052631578947367,1.8947368421052628,0.1404004245548316,0.8275094337543669
2.1052631578947367,1.8947368421052628,0.16636142493842218,0.8326788838940548
2.1052631578947367,1.8947368421052628,0.1971227921517696,0.8398368050686229
2.1052631578947367,1.8947368421052628,0.23357214690901223,0.8457017346930621
2.1052631578947367,1.8947368421052628,0.2767612370754227,0.8557519609563157
2.1052631578947367,1.8947368421052628,0.32793628590208806,0.8560486948127894
2.1052631578947367,1.8947368421052628,0.3885739518570975,0.8598294758617532
2.1052631578947367,1.8947368421052628,0.460423937675878,0.8710370376007913
2.1052631578947367,1.8947368421052628,0.5455594781168519,0.8692864657124008
2.1052631578947367,1.8947368421052628,0.646437163249006,0.8496758372747736
2.1052631578947367,1.8947368421052628,0.7659678234751834,0.8330569263989639
2.1052631578947367,1.8947368421052628,0.907600521681814,0.803830186353251
2.1052631578947367,1.8947368421052628,1.0754220761125606,0.7781952389628997
2.1052631578947367,1.8947368421052628,1.2742749857031335,0.7410591317125748
2.1052631578947367,1.8947368421052628,1.5098971606184193,0.7071938249552341
2.1052631578947367,1.8947368421052628,1.789087489923219,0.670850539634402
2.1052631578947367,1.8947368421052628,2.1199020238496082,0.6395314337353916
2.1052631578947367,1.8947368421052628,2.51188643150958,0.6116907260873079
2.1052631578947367,2.1578947368421053,0.09999999999999999,0.7745527598798523
2.1052631578947367,2.1578947368421053,0.11849068510006666,0.7824212432544215
2.1052631578947367,2.1578947368421053,0.1404004245548316,0.796174894825173
2.1052631578947367,2.1578947368421053,0.16636142493842218,0.8198396596444355
2.1052631578947367,2.1578947368421053,0.1971227921517696,0.8209444536550456
2.1052631578947367,2.1578947368421053,0.23357214690901223,0.8491478678427339
2.1052631578947367,2.1578947368421053,0.2767612370754227,0.8522108158186468
2.1052631578947367,2.1578947368421053,0.32793628590208806,0.8704920902591234
2.1052631578947367,2.1578947368421053,0.3885739518570975,0.8780611490026686
2.1052631578947367,2.1578947368421053,0.460423937675878,0.893441781083607
2.1052631578947367,2.1578947368421053,0.5455594781168519,0.8807476574378602
2.1052631578947367,2.1578947368421053,0.646437163249006,0.8821881905749898
2.1052631578947367,2.1578947368421053,0.7659678234751834,0.8600153165513869
2.1052631578947367,2.1578947368421053,0.907600521681814,0.8446534761748337
2.1052631578947367,2.1578947368421053,1.0754220761125606,0.8135081102215747
2.1052631578947367,2.1578947368421053,1.2742749857031335,0.7740439423744604
2.1052631578947367,2.1578947368421053,1.5098971606184193,0.7431230242759691
2.1052631578947367,2.1578947368421053,1.789087489923219,0.7024494004398532
2.1052631578947367,2.1578947368421053,2.1199020238496082,0.6652388580612305
2.1052631578947367,2.1578947368421053,2.51188643150958,0.6341069584121195
2.1052631578947367,2.4210526315789473,0.09999999999999999,0.769863868721619
2.1052631578947367,2.4210526315789473,0.11849068510006666,0.7711940598268541
2.1052631578947367,2.4210526315789473,0.1404004245548316,0.7800777192997584
2.1052631578947367,2.4210526315789473,0.16636142493842218,0.7945558299942661
2.1052631578947367,2.4210526315789473,0.1971227921517696,0.7947960959881002
2.1052631578947367,2.4210526315789473,0.23357214690901223,0.8272046113729007
2.1052631578947367,2.4210526315789473,0.2767612370754227,0.8567108514433673
2.1052631578947367,2.4210526315789473,0.32793628590208806,0.8578968584727349
2.1052631578947367,2.4210526315789473,0.3885739518570975,0.8601486902673469
2.1052631578947367,2.4210526315789473,0.460423937675878,0.8840837883927897
2.1052631578947367,2.4210526315789473,0.5455594781168519,0.8725024227565699
2.1052631578947367,2.4210526315789473,0.646437163249006,0.8696918894035669
2.1052631578947367,2.4210526315789473,0.7659678234751834,0.8641152970141295
2.1052631578947367,2.4210526315789473,0.907600521681814,0.8460697082725349
2.1052631578947367,2.4210526315789473,1.0754220761125606,0.8140355876584434
2.1052631578947367,2.4210526315789473,1.2742749857031335,0.7879784888939981
2.1052631578947367,2.4210526315789473,1.5098971606184193,0.750098778701534
2.1052631578947367,2.4210526315789473,1.789087489923219,0.7108458326581825
2.1052631578947367,2.4210526315789473,2.1199020238496082,0.6692065687719562
2.1052631578947367,2.4210526315789473,2.51188643150958,0.632933056400032
2.1052631578947367,2.6842105263157894,0.09999999999999999,0.760612283179315
2.1052631578947367,2.6842105263157894,0.11849068510006666,0.7820086975237488
2.1052631578947367,2.6842105263157894,0.1404004245548316,0.7917860683235225
2.1052631578947367,2.6842105263157894,0.16636142493842218,0.7799908249620793
2.1052631578947367,2.6842105263157894,0.1971227921517696,0.8027226371799595
2.1052631578947367,2.6842105263157894,0.23357214690901223,0.8231983775173526
2.1052631578947367,2.6842105263157894,0.2767612370754227,0.834569770000739
2.1052631578947367,2.6842105263157894,0.32793628590208806,0.8376270324967661
2.1052631578947367,2.6842105263157894,0.3885739518570975,0.8342346508338009
2.1052631578947367,2.6842105263157894,0.460423937675878,0.8501718706483272
2.1052631578947367,2.6842105263157894,0.5455594781168519,0.8566601367819123
2.1052631578947367,2.6842105263157894,0.646437163249006,0.8508732396719885
2.1052631578947367,2.6842105263157894,0.7659678234751834,0.8338928908377612
2.1052631578947367,2.6842105263157894,0.907600521681814,0.8193725067659777
2.1052631578947367,2.6842105263157894,1.0754220761125606,0.8026355074780405
2.1052631578947367,2.6842105263157894,1.2742749857031335,0.774453924020338
2.1052631578947367,2.6842105263157894,1.5098971606184193,0.7383929754529548
2.1052631578947367,2.6842105263157894,1.789087489923219,0.7001515790591291
2.1052631578947367,2.6842105263157894,2.1199020238496082,0.6646319571714163
2.1052631578947367,2.6842105263157894,2.51188643150958,0.6318505975597993
2.1052631578947367,2.9473684210526314,0.09999999999999999,0.7733634874140892
2.1052631578947367,2.9473684210526314,0.11849068510006666,0.74780040111518
2.1052631578947367,2.9473684210526314,0.1404004245548316,0.7680371993224908
2.1052631578947367,2.9473684210526314,0.16636142493842218,0.7781873081613383
2.1052631578947367,2.9473684210526314,0.1971227921517696,0.777781072107924
2.1052631578947367,2.9473684210526314,0.23357214690901223,0.7969771568286922
2.1052631578947367,2.9473684210526314,0.2767612370754227,0.8166835181854133
2.1052631578947367,2.9473684210526314,0.32793628590208806,0.8090803452284179
2.1052631578947367,2.9473684210526314,0.3885739518570975,0.8327246043820663
2.1052631578947367,2.9473684210526314,0.460423937675878,0.822042222972858
2.1052631578947367,2.9473684210526314,0.5455594781168519,0.8283809594719014
2.1052631578947367,2.9473684210526314,0.646437163249006,0.826241897971804
2.1052631578947367,2.9473684210526314,0.7659678234751834,0.808304377897033
2.1052631578947367,2.9473684210526314,0.907600521681814,0.8105787082548731
2.1052631578947367,2.9473684210526314,1.0754220761125606,0.7820843391840413
2.1052631578947367,2.9473684210526314,1.2742749857031335,0.7602244812192072
2.1052631578947367,2.9473684210526314,1.5098971606184193,0.7186971765828506
2.1052631578947367,2.9473684210526314,1.789087489923219,0.6876702812733001
2.1052631578947367,2.9473684210526314,2.1199020238496082,0.6586218503769729
2.1052631578947367,2.9473684210526314,2.51188643150958,0.6267178001409978
2.1052631578947367,3.2105263157894735,0.09999999999999999,0.732190911918414
2.1052631578947367,3.2105263157894735,0.11849068510006666,0.752668667600878
2.1052631578947367,3.2105263157894735,0.1404004245548316,0.7447293299378034
2.1052631578947367,3.2105263157894735,0.16636142493842218,0.7527582428021761
2.1052631578947367,3.2105263157894735,0.1971227921517696,0.7704247348405335
2.1052631578947367,3.2105263157894735,0.23357214690901223,0.7877315388706598
2.1052631578947367,3.2105263157894735,0.2767612370754227,0.7635405248389269
2.1052631578947367,3.2105263157894735,0.32793628590208806,0.7948763830127396
2.1052631578947367,3.2105263157894735,0.3885739518570975,0.7976484792679036
2.1052631578947367,3.2105263157894735,0.460423937675878,0.8079276558701298
2.1052631578947367,3.2105263157894735,0.5455594781168519,0.8149365599814492
2.1052631578947367,3.2105263157894735,0.646437163249006,0.8117418143618497
2.1052631578947367,3.2105263157894735,0.7659678234751834,0.8001834427255203
2.1052631578947367,3.2105263157894735,0.907600521681814,0.7799912208835389
2.1052631578947367,3.2105263157894735,1.0754220761125606,0.7667829006331758
2.1052631578947367,3.2105263157894735,1.2742749857031335,0.7555161712835395
2.1052631578947367,3.2105263157894735,1.5098971606184193,0.7135003634100447
2.1052631578947367,3.2105263157894735,1.789087489923219,0.6747449254737056
2.1052631578947367,3.2105263157894735,2.1199020238496082,0.6504075136028759
2.1052631578947367,3.2105263157894735,2.51188643150958,0.61989636438392
2.1052631578947367,3.473684210526316,0.09999999999999999,0.7162360146357006
2.1052631578947367,3.473684210526316,0.11849068510006666,0.7274936050793341
2.1052631578947367,3.473684210526316,0.1404004245548316,0.7408718878090403
2.1052631578947367,3.473684210526316,0.16636142493842218,0.7491843712737596
2.1052631578947367,3.473684210526316,0.1971227921517696,0.7366487511336778
2.1052631578947367,3.473684210526316,0.23357214690901223,0.7484450718891578
2.1052631578947367,3.473684210526316,0.2767612370754227,0.759968142571943
2.1052631578947367,3.473684210526316,0.32793628590208806,0.7759582055542479
2.1052631578947367,3.473684210526316,0.3885739518570975,0.8029286611610447
2.1052631578947367,3.473684210526316,0.460423937675878,0.8145774078954692
2.1052631578947367,3.473684210526316,0.5455594781168519,0.8008443817048344
2.1052631578947367,3.473684210526316,0.646437163249006,0.7857719156963777
2.1052631578947367,3.473684210526316,0.7659678234751834,0.7801516916389147
2.1052631578947367,3.473684210526316,0.907600521681814,0.7787659185939578
2.1052631578947367,3.473684210526316,1.0754220761125606,0.7592808600784738
2.1052631578947367,3.473684210526316,1.2742749857031335,0.7308264610577786
2.1052631578947367,3.473684210526316,1.5098971606184193,0.7075805978400745
2.1052631578947367,3.473684210526316,1.789087489923219,0.6749230937840143
2.1052631578947367,3.473684210526316,2.1199020238496082,0.647142521394161
2.1052631578947367,3.473684210526316,2.51188643150958,0.6167449497454992
2.1052631578947367,3.7368421052631575,0.09999999999999999,0.7252278260178451
2.1052631578947367,3.7368421052631575,0.11849068510006666,0.7189292016205108
2.1052631578947367,3.7368421052631575,0.1404004245548316,0.7215083464760401
2.1052631578947367,3.7368421052631575,0.16636142493842218,0.7357947524317527
2.1052631578947367,3.7368421052631575,0.1971227921517696,0.7548356796406033
2.1052631578947367,3.7368421052631575,0.23357214690901223,0.7529501680677001
2.1052631578947367,3.7368421052631575,0.2767612370754227,0.7570074450272737
2.1052631578947367,3.7368421052631575,0.32793628590208806,0.764217363695868
2.1052631578947367,3.7368421052631575,0.3885739518570975,0.7560695081767145
2.1052631578947367,3.7368421052631575,0.460423937675878,0.7826031042115352
2.1052631578947367,3.7368421052631575,0.5455594781168519,0.7702735970364984
2.1052631578947367,3.7368421052631575,0.646437163249006,0.7733388831076901
2.1052631578947367,3.7368421052631575,0.7659678234751834,0.7802585467653289
2.1052631578947367,3.7368421052631575,0.907600521681814,0.7680602565754564
2.1052631578947367,3.7368421052631575,1.0754220761125606,0.7432593362089241
2.1052631578947367,3.7368421052631575,1.2742749857031335,0.7350321876913474
2.1052631578947367,3.7368421052631575,1.5098971606184193,0.7035218120816464
2.1052631578947367,3.7368421052631575,1.789087489923219,0.6720871159345726
2.1052631578947367,3.7368421052631575,2.1199020238496082,0.6378551474474712
2.1052631578947367,3.7368421052631575,2.51188643150958,0.6167330085708528
2.1052631578947367,4.0,0.09999999999999999,0.7015807785803128
2.1052631578947367,4.0,0.11849068510006666,0.6989137345909996
2.1052631578947367,4.0,0.1404004245548316,0.6877864186418944
2.1052631578947367,4.0,0.16636142493842218,0.7060450580993557
2.1052631578947367,4.0,0.1971227921517696,0.72110782574561
2.1052631578947367,4.0,0.23357214690901223,0.7338127629597798
2.1052631578947367,4.0,0.2767612370754227,0.7450000859949726
2.1052631578947367,4.0,0.32793628590208806,0.7522287092677558
2.1052631578947367,4.0,0.3885739518570975,0.7694207334080683
2.1052631578947367,4.0,0.460423937675878,0.7727208796341971
2.1052631578947367,4.0,0.5455594781168519,0.7634237355382721
2.1052631578947367,4.0,0.646437163249006,0.783094208474733
2.1052631578947367,4.0,0.7659678234751834,0.7542831916339312
2.1052631578947367,4.0,0.907600521681814,0.7454093610805973
2.1052631578947367,4.0,1.0754220761125606,0.7381247144397375
2.1052631578947367,4.0,1.2742749857031335,0.7179839444926939
2.1052631578947367,4.0,1.5098971606184193,0.6985469627451003
2.1052631578947367,4.0,1.789087489923219,0.6634518634587576
2.1052631578947367,4.0,2.1199020238496082,0.6369783726021601
2.1052631578947367,4.0,2.51188643150958,0.610045094071424
2.3157894736842106,-1.0,0.09999999999999999,0.6011143221797767
2.3157894736842106,-1.0,0.11849068510006666,0.6054361468815873
2.3157894736842106,-1.0,0.1404004245548316,0.6278535406392426
2.3157894736842106,-1.0,0.16636142493842218,0.6233916118961595
2.3157894736842106,-1.0,0.1971227921517696,0.6440020790472032
2.3157894736842106,-1.0,0.23357214690901223,0.6507235243509726
2.3157894736842106,-1.0,0.2767612370754227,0.6477606545123269
2.3157894736842106,-1.0,0.32793628590208806,0.6787998272386385
2.3157894736842106,-1.0,0.3885739518570975,0.6837025780636862
2.3157894736842106,-1.0,0.460423937675878,0.683965252302429
2.3157894736842106,-1.0,0.5455594781168519,0.6865353322701282
2.3157894736842106,-1.0,0.646437163249006,0.6780954571010172
2.3157894736842106,-1.0,0.7659678234751834,0.6606473048652108
2.3157894736842106,-1.0,0.907600521681814,0.6507577604045415
2.3157894736842106,-1.0,1.0754220761125606,0.6274895042433449
2.3157894736842106,-1.0,1.2742749857031335,0.6057752037643943
2.3157894736842106,-1.0,1.5098971606184193,0.5998789207738269
2.3157894736842106,-1.0,1.789087489923219,0.5769225763489563
2.3157894736842106,-1.0,2.1199020238496082,0.5618241834292214
2.3157894736842106,-1.0,2.51188643150958,0.547948716141316
2.3157894736842106,-0.736842105263158,0.09999999999999999,0.6029951345214025
2.3157894736842106,-0.736842105263158,0.11849068510006666,0.5950556238505365
2.3157894736842106,-0.736842105263158,0.1404004245548316,0.6150448861838215
2.3157894736842106,-0.736842105263158,0.16636142493842218,0.6459870479249428
2.3157894736842106,-0.736842105263158,0.1971227921517696,0.6282552641664961
2.3157894736842106,-0.736842105263158,0.23357214690901223,0.630464049922434
2.3157894736842106,-0.736842105263158,0.2767612370754227,0.6460171497930539
2.3157894736842106,-0.736842105263158,0.32793628590208806,0.6829029760869587
2.3157894736842106,-0.736842105263158,0.3885739518570975,0.6786134699423944
2.3157894736842106,-0.736842105263158,0.460423937675878,0.6858259724770708
2.3157894736842106,-0.736842105263158,0.5455594781168519,0.6729750337796497
2.3157894736842106,-0.736842105263158,0.646437163249006,0.6804408157853225
2.3157894736842106,-0.736842105263158,0.7659678234751834,0.6658168189436913
2.3157894736842106,-0.736842105263158,0.907600521681814,0.658436353811775
2.3157894736842106,-0.736842105263158,1.0754220761125606,0.6247705782085012
2.3157894736842106,-0.736842105263158,1.2742749857031335,0.6016997913750768
2.3157894736842106,-0.736842105263158,1.5098971606184193,0.5986996570536349
2.3157894736842106,-0.736842105263158,1.789087489923219,0.5819982404585673
2.3157894736842106,-0.736842105263158,2.1199020238496082,0.5659830804335996
2.3157894736842106,-0.736842105263158,2.51188643150958,0.5496676946657946
2.3157894736842106,-0.4736842105263158,0.09999999999999999,0.5861334634169086
2.3157894736842106,-0.4736842105263158,0.11849068510006666,0.6227169796569911
2.3157894736842106,-0.4736842105263158,0.1404004245548316,0.6244959699090773
2.3157894736842106,-0.4736842105263158,0.16636142493842218,0.6458249951582127
2.3157894736842106,-0.4736842105263158,0.1971227921517696,0.6412574168793158
2.3157894736842106,-0.4736842105263158,0.23357214690901223,0.6499983787689894
2.3157894736842106,-0.4736842105263158,0.2767612370754227,0.6448437813740999
2.3157894736842106,-0.4736842105263158,0.32793628590208806,0.653242975596988
2.3157894736842106,-0.4736842105263158,0.3885739518570975,0.6731291426334595
2.3157894736842106,-0.4736842105263158,0.460423937675878,0.6697683530092922
2.3157894736842106,-0.4736842105263158,0.5455594781168519,0.6636790352036165
2.3157894736842106,-0.4736842105263158,0.646437163249006,0.6615994479352898
2.3157894736842106,-0.4736842105263158,0.7659678234751834,0.6706166716226849
2.3157894736842106,-0.4736842105263158,0.907600521681814,0.6572202313752793
2.3157894736842106,-0.4736842105263158,1.0754220761125606,0.6135449044078275
2.3157894736842106,-0.4736842105263158,1.2742749857031335,0.6091014096604277
2.3157894736842106,-0.4736842105263158,1.5098971606184193,0.5875971542175437
2.3157894736842106,-0.4736842105263158,1.789087489923219,0.5757131212406913
2.3157894736842106,-0.4736842105263158,2.1199020238496082,0.5641830179888008
2.3157894736842106,-0.4736842105263158,2.51188643150958,0.5457504680193296
2.3157894736842106,-0.21052631578947367,0.09999999999999999,0.6156567718059592
2.3157894736842106,-0.21052631578947367,0.11849068510006666,0.6050059106024245
2.3157894736842106,-0.21052631578947367,0.1404004245548316,0.6164787964594746
2.3157894736842106,-0.21052631578947367,0.16636142493842218,0.6444969275354189
2.3157894736842106,-0.21052631578947367,0.1971227921517696,0.6527338561591259
2.3157894736842106,-0.21052631578947367,0.23357214690901223,0.6494482406312865
2.3157894736842106,-0.21052631578947367,0.2767612370754227,0.6614697298059784
2.3157894736842106,-0.21052631578947367,0.32793628590208806,0.6774321638873092
2.3157894736842106,-0.21052631578947367,0.3885739518570975,0.6782949544110886
2.3157894736842106,-0.21052631578947367,0.460423937675878,0.6863062445756035
2.3157894736842106,-0.21052631578947367,0.5455594781168519,0.6708787370127492
2.3157894736842106,-0.21052631578947367,0.646437163249006,0.6635491345925054
2.3157894736842106,-0.21052631578947367,0.7659678234751834,0.6629111341266294
2.3157894736842106,-0.21052631578947367,0.907600521681814,0.6469709960554422
2.3157894736842106,-0.21052631578947367,1.0754220761125606,0.6281377925171312
2.3157894736842106,-0.21052631578947367,1.2742749857031335,0.6148304546576031
2.3157894736842106,-0.21052631578947367,1.5098971606184193,0.59178591857654
2.3157894736842106,-0.21052631578947367,1.789087489923219,0.5686395292301198
2.3157894736842106,-0.21052631578947367,2.1199020238496082,0.5650674309159626
2.3157894736842106,-0.21052631578947367,2.51188643150958,0.5493634688618346
2.3157894736842106,0.05263157894736836,0.09999999999999999,0.6300776929631692
2.3157894736842106,0.05263157894736836,0.11849068510006666,0.5850623776071425
2.3157894736842106,0.05263157894736836,0.1404004245548316,0.6219666623952775
2.3157894736842106,0.05263157894736836,0.16636142493842218,0.61583208648521
2.3157894736842106,0.05263157894736836,0.1971227921517696,0.6575936595938149
2.3157894736842106,0.05263157894736836,0.23357214690901223,0.6499481882131986
2.3157894736842106,0.05263157894736836,0.2767612370754227,0.6759107417364634
2.3157894736842106,0.05263157894736836,0.32793628590208806,0.6690106406806582
2.3157894736842106,0.05263157894736836,0.3885739518570975,0.6748986496183821
2.3157894736842106,0.05263157894736836,0.460423937675878,0.6710946711951555
2.3157894736842106,0.05263157894736836,0.5455594781168519,0.6700641520839162
2.3157894736842106,0.05263157894736836,0.646437163249006,0.6561595269719951
2.3157894736842106,0.05263157894736836,0.7659678234751834,0.6522833702741155
2.3157894736842106,0.05263157894736836,0.907600521681814,0.6373674485526994
2.3157894736842106,0.05263157894736836,1.0754220761125606,0.6185761079244094
2.3157894736842106,0.05263157894736836,1.2742749857031335,0.6210064576082189
2.3157894736842106,0.05263157894736836,1.5098971606184193,0.5890369297597438
2.3157894736842106,0.05263157894736836,1.789087489923219,0.5741078071149823
2.3157894736842106,0.05263157894736836,2.1199020238496082,0.5642824082533181
2.3157894736842106,0.05263157894736836,2.51188643150958,0.5462570706707136
2.3157894736842106,0.3157894736842104,0.09999999999999999,0.6089121528481914
2.3157894736842106,0.3157894736842104,0.11849068510006666,0.6255022964932417
2.3157894736842106,0.3157894736842104,0.1404004245548316,0.6320858382339146
2.3157894736842106,0.3157894736842104,0.16636142493842218,0.6486651538783277
2.3157894736842106,0.3157894736842104,0.1971227921517696,0.6481615996809242
2.3157894736842106,0.3157894736842104,0.23357214690901223,0.6707047220760767
2.3157894736842106,0.3157894736842104,0.2767612370754227,0.6531890988371445
2.3157894736842106,0.3157894736842104,0.32793628590208806,0.665194678229277
2.3157894736842106,0.3157894736842104,0.3885739518570975,0.669118081120471
2.3157894736842106,0.3157894736842104,0.460423937675878,0.6988513214755092
2.3157894736842106,0.3157894736842104,0.5455594781168519,0.6748586507726861
2.3157894736842106,0.3157894736842104,0.646437163249006,0.6667977552569977
2.3157894736842106,0.3157894736842104,0.7659678234751834,0.6525837495882915
2.3157894736842106,0.3157894736842104,0.907600521681814,0.6407597412889919
2.3157894736842106,0.3157894736842104,1.0754220761125606,0.6385897289391939
2.3157894736842106,0.3157894736842104,1.2742749857031335,0.6025450215399045
2.3157894736842106,0.3157894736842104,1.5098971606184193,0.5961947606618133
2.3157894736842106,0.3157894736842104,1.789087489923219,0.5781834210178723
2.3157894736842106,0.3157894736842104,2.1199020238496082,0.5679624683331657
2.3157894736842106,0.3157894736842104,2.51188643150958,0.5524865659014633
2.3157894736842106,0.5789473684210527,0.09999999999999999,0.6003253640643491
2.3157894736842106,0.5789473684210527,0.11849068510006666,0.6333624805009066
2.3157894736842106,0.5789473684210527,0.1404004245548316,0.6195847424381976
2.3157894736842106,0.5789473684210527,0.16636142493842218,0.6544335178256693
2.3157894736842106,0.5789473684210527,0.1971227921517696,0.6401286794640101
2.3157894736842106,0.5789473684210527,0.23357214690901223,0.6753385763888606
2.3157894736842106,0.5789473684210527,0.2767612370754227,0.6760947740398918
2.3157894736842106,0.5789473684210527,0.32793628590208806,0.6495676478861636
2.3157894736842106,0.5789473684210527,0.3885739518570975,0.6926361113828662
2.3157894736842106,0.5789473684210527,0.460423937675878,0.671234870254279
2.3157894736842106,0.5789473684210527,0.5455594781168519,0.6840279054500089
2.3157894736842106,0.5789473684210527,0.646437163249006,0.6615984653321952
2.3157894736842106,0.5789473684210527,0.7659678234751834,0.6537775268461862
2.3157894736842106,0.5789473684210527,0.907600521681814,0.6588475122421248
2.3157894736842106,0.5789473684210527,1.0754220761125606,0.6341361637739065
2.3157894736842106,0.5789473684210527,1.2742749857031335,0.6193842080925195
2.3157894736842106,0.5789473684210527,1.5098971606184193,0.5896078478263382
2.3157894736842106,0.5789473684210527,1.789087489923219,0.5731519547858207
2.3157894736842106,0.5789473684210527,2.1199020238496082,0.5681389626006975
2.3157894736842106,0.5789473684210527,2.51188643150958,0.5501298833981574
2.3157894736842106,0.8421052631578947,0.09999999999999999,0.6233466233790858
2.3157894736842106,0.8421052631578947,0.11849068510006666,0.6413175254261868
2.3157894736842106,0.8421052631578947,0.1404004245548316,0.6398248260440622
2.3157894736842106,0.8421052631578947,0.16636142493842218,0.6626100194226432
2.3157894736842106,0.8421052631578947,0.1971227921517696,0.633645115798167
2.3157894736842106,0.8421052631578947,0.23357214690901223,0.6795473539264425
2.3157894736842106,0.8421052631578947,0.2767612370754227,0.6684192395429717
2.3157894736842106,0.8421052631578947,0.32793628590208806,0.6804975494726168
2.3157894736842106,0.8421052631578947,0.3885739518570975,0.6907223922290068
2.3157894736842106,0.8421052631578947,0.460423937675878,0.7032913915613742
2.3157894736842106,0.8421052631578947,0.5455594781168519,0.7128530776372247
2.3157894736842106,0.8421052631578947,0.646437163249006,0.6838262753612507
2.3157894736842106,0.8421052631578947,0.7659678234751834,0.6523847144002312
2.3157894736842106,0.8421052631578947,0.907600521681814,0.6790580033539373
2.3157894736842106,0.8421052631578947,1.0754220761125606,0.6392775836097467
2.3157894736842106,0.8421052631578947,1.2742749857031335,0.621381374865661
2.3157894736842106,0.8421052631578947,1.5098971606184193,0.6046360351380468
2.3157894736842106,0.8421052631578947,1.789087489923219,0.5819933373733683
2.3157894736842106,0.8421052631578947,2.1199020238496082,0.5677224566617146
2.3157894736842106,0.8421052631578947,2.51188643150958,0.5505781396681746
2.3157894736842106,1.1052631578947367,0.09999999999999999,0.6717864007220937
2.3157894736842106,1.1052631578947367,0.11849068510006666,0.6700513388059527
2.3157894736842106,1.1052631578947367,0.1404004245548316,0.6552475887766058
2.3157894736842106,1.1052631578947367,0.16636142493842218,0.6956738646065743
2.3157894736842106,1.1052631578947367,0.1971227921517696,0.6785319349729483
2.3157894736842106,1.1052631578947367,0.23357214690901223,0.6967479538714794
2.3157894736842106,1.1052631578947367,0.2767612370754227,0.6902102815335311
2.3157894736842106,1.1052631578947367,0.32793628590208806,0.7099145879774453
2.3157894736842106,1.1052631578947367,0.3885739518570975,0.6927481047245749
2.3157894736842106,1.1052631578947367,0.460423937675878,0.6956588780371002
2.3157894736842106,1.1052631578947367,0.5455594781168519,0.7184973685624435
2.3157894736842106,1.1052631578947367,0.646437163249006,0.7043945752385659
2.3157894736842106,1.1052631578947367,0.7659678234751834,0.66842556290036
2.3157894736842106,1.1052631578947367,0.907600521681814,0.6835289735061553
2.3157894736842106,1.1052631578947367,1.0754220761125606,0.6460136435441558
2.3157894736842106,1.1052631578947367,1.2742749857031335,0.62485790944569
2.3157894736842106,1.1052631578947367,1.5098971606184193,0.6105497557268423
2.3157894736842106,1.1052631578947367,1.789087489923219,0.5839821432102927
2.3157894736842106,1.1052631578947367,2.1199020238496082,0.572476583645401
2.3157894736842106,1.1052631578947367,2.51188643150958,0.5571220213308224
2.3157894736842106,1.3684210526315788,0.09999999999999999,0.6761972621964839
2.3157894736842106,1.3684210526315788,0.11849068510006666,0.688391028488465
2.3157894736842106,1.3684210526315788,0.1404004245548316,0.7090816359361799
2.3157894736842106,1.3684210526315788,0.16636142493842218,0.7147608759413345
2.3157894736842106,1.3684210526315788,0.1971227921517696,0.7183613912377463
2.3157894736842106,1.3684210526315788,0.23357214690901223,0.734637419593853
2.3157894736842106,1.3684210526315788,0.2767612370754227,0.7270616342571349
2.3157894736842106,1.3684210526315788,0.32793628590208806,0.7421005024975615
2.3157894736842106,1.3684210526315788,0.3885739518570975,0.7574886913636191
2.3157894736842106,1.3684210526315788,0.460423937675878,0.7264612707420132
2.3157894736842106,1.3684210526315788,0.5455594781168519,0.7365928730555683
2.3157894736842106,1.3684210526315788,0.646437163249006,0.7185898050744808
2.3157894736842106,1.3684210526315788,0.7659678234751834,0.7020772997021566
2.3157894736842106,1.3684210526315788,0.907600521681814,0.7018124183367225
2.3157894736842106,1.3684210526315788,1.0754220761125606,0.6627221463164616
2.3157894736842106,1.3684210526315788,1.2742749857031335,0.6453885948055104
2.3157894736842106,1.3684210526315788,1.5098971606184193,0.6193876590785892
2.3157894736842106,1.3684210526315788,1.789087489923219,0.6029458773132851
2.3157894736842106,1.3684210526315788,2.1199020238496082,0.5743653546358781
2.3157894736842106,1.3684210526315788,2.51188643150958,0.5625896180871011
2.3157894736842106,1.6315789473684208,0.09999999999999999,0.747755150808089
2.3157894736842106,1.6315789473684208,0.11849068510006666,0.7462837547702789
2.3157894736842106,1.6315789473684208,0.1404004245548316,0.7468532377139846
2.3157894736842106,1.6315789473684208,0.16636142493842218,0.7620831428744652
2.3157894736842106,1.6315789473684208,0.1971227921517696,0.7692729068699007
2.3157894736842106,1.6315789473684208,0.23357214690901223,0.7637192473411742
2.3157894736842106,1.6315789473684208,0.2767612370754227,0.779196446626349
2.3157894736842106,1.6315789473684208,0.32793628590208806,0.7882513158303928
2.3157894736842106,1.6315789473684208,0.3885739518570975,0.7824322616007686
2.3157894736842106,1.6315789473684208,0.460423937675878,0.7850815525127772
2.3157894736842106,1.6315789473684208,0.5455594781168519,0.7899203292893751
2.3157894736842106,1.6315789473684208,0.646437163249006,0.7527072081699591
2.3157894736842106,1.6315789473684208,0.7659678234751834,0.7523798636952956
2.3157894736842106,1.6315789473684208,0.907600521681814,0.736586732169819
2.3157894736842106,1.6315789473684208,1.0754220761125606,0.7004807816569517
2.3157894736842106,1.6315789473684208,1.2742749857031335,0.6808172167519079
2.3157894736842106,1.6315789473684208,1.5098971606184193,0.6404590960548696
2.3157894736842106,1.6315789473684208,1.789087489923219,0.6217160015235894
2.3157894736842106,1.6315789473684208,2.1199020238496082,0.5873595854559286
2.3157894736842106,1.6315789473684208,2.51188643150958,0.5805248283923742
2.3157894736842106,1.8947368421052628,0.09999999999999999,0.7898295306728076
2.3157894736842106,1.8947368421052628,0.11849068510006666,0.7896800616649652
2.3157894736842106,1.8947368421052628,0.1404004245548316,0.7834996641306787
2.3157894736842106,1.8947368421052628,0.16636142493842218,0.8107492136174178
2.3157894736842106,1.8947368421052628,0.1971227921517696,0.8253459403593
2.3157894736842106,1.8947368421052628,0.23357214690901223,0.8166460429201793
2.3157894736842106,1.8947368421052628,0.2767612370754227,0.8378729269239515
2.3157894736842106,1.8947368421052628,0.32793628590208806,0.8330098738473987
2.3157894736842106,1.8947368421052628,0.3885739518570975,0.8362135592848223
2.3157894736842106,1.8947368421052628,0.460423937675878,0.819627417488288
2.3157894736842106,1.8947368421052628,0.5455594781168519,0.8309603742899874
2.3157894736842106,1.8947368421052628,0.646437163249006,0.8236902068265219
2.3157894736842106,1.8947368421052628,0.7659678234751834,0.8038382335650652
2.3157894736842106,1.8947368421052628,0.907600521681814,0.7607225519657846
2.3157894736842106,1.8947368421052628,1.0754220761125606,0.7377913865066212
2.3157894736842106,1.8947368421052628,1.2742749857031335,0.7056327690493809
2.3157894736842106,1.8947368421052628,1.5098971606184193,0.6704480973185681
2.3157894736842106,1.8947368421052628,1.789087489923219,0.6519877243429462
2.3157894736842106,1.8947368421052628,2.1199020238496082,0.6171536758690688
2.3157894736842106,1.8947368421052628,2.51188643150958,0.5901038058426449
2.3157894736842106,2.1578947368421053,0.09999999999999999,0.81217037693107
2.3157894736842106,2.1578947368421053,0.11849068510006666,0.8156424389774639
2.3157894736842106,2.1578947368421053,0.1404004245548316,0.829514048456199
2.3157894736842106,2.1578947368421053,0.16636142493842218,0.8301772362636961
2.3157894736842106,2.1578947368421053,0.1971227921517696,0.8317935190777892
2.3157894736842106,2.1578947368421053,0.23357214690901223,0.8459464585265652
2.3157894736842106,2.1578947368421053,0.2767612370754227,0.8566757457215683
2.3157894736842106,2.1578947368421053,0.32793628590208806,0.8698994545898405
2.3157894736842106,2.1578947368421053,0.3885739518570975,0.8704839984670452
2.3157894736842106,2.1578947368421053,0.460423937675878,0.8664124329817595
2.3157894736842106,2.1578947368421053,0.5455594781168519,0.8673621515038636
2.3157894736842106,2.1578947368421053,0.646437163249006,0.8574775040339362
2.3157894736842106,2.1578947368421053,0.7659678234751834,0.8365350343021077
2.3157894736842106,2.1578947368421053,0.907600521681814,0.8070269095693475
2.3157894736842106,2.1578947368421053,1.0754220761125606,0.7853651283613289
2.3157894736842106,2.1578947368421053,1.2742749857031335,0.75950895595152
2.3157894736842106,2.1578947368421053,1.5098971606184193,0.7145533038691085
2.3157894736842106,2.1578947368421053,1.789087489923219,0.6816555812927859
2.3157894736842106,2.1578947368421053,2.1199020238496082,0.646409453702085
2.3157894736842106,2.1578947368421053,2.51188643150958,0.6143327463899213
2.3157894736842106,2.4210526315789473,0.09999999999999999,0.7704522847835185
2.3157894736842106,2.4210526315789473,0.11849068510006666,0.7880110226567635
2.3157894736842106,2.4210526315789473,0.1404004245548316,0.8005052530744523
2.3157894736842106,2.4210526315789473,0.16636142493842218,0.8150606973096017
2.3157894736842106,2.4210526315789473,0.1971227921517696,0.823952409492009
2.3157894736842106,2.4210526315789473,0.23357214690901223,0.8387532507097398
2.3157894736842106,2.4210526315789473,0.2767612370754227,0.8543542320091945
2.3157894736842106,2.4210526315789473,0.32793628590208806,0.8532598873860762
2.3157894736842106,2.4210526315789473,0.3885739518570975,0.8788398194795289
2.3157894736842106,2.4210526315789473,0.460423937675878,0.8798039459024064
2.3157894736842106,2.4210526315789473,0.5455594781168519,0.8841479896109109
2.3157894736842106,2.4210526315789473,0.646437163249006,0.8840824337529329
2.3157894736842106,2.4210526315789473,0.7659678234751834,0.8626687649343008
2.3157894736842106,2.4210526315789473,0.907600521681814,0.8470374800218139
2.3157894736842106,2.4210526315789473,1.0754220761125606,0.8232439514985721
2.3157894736842106,2.4210526315789473,1.2742749857031335,0.7868868362923787
2.3157894736842106,2.4210526315789473,1.5098971606184193,0.7381996003606739
2.3157894736842106,2.4210526315789473,1.789087489923219,0.7063065446142193
2.3157894736842106,2.4210526315789473,2.1199020238496082,0.6702074275140473
2.3157894736842106,2.4210526315789473,2.51188643150958,0.630875610352471
2.3157894736842106,2.6842105263157894,0.09999999999999999,0.7610325596507762
2.3157894736842106,2.6842105263157894,0.11849068510006666,0.7803008127765267
2.3157894736842106,2.6842105263157894,0.1404004245548316,0.7667399578105858
2.3157894736842106,2.6842105263157894,0.16636142493842218,0.805709219199672
2.3157894736842106,2.6842105263157894,0.1971227921517696,0.8255611815019991
2.3157894736842106,2.6842105263157894,0.23357214690901223,0.8311382433981269
2.3157894736842106,2.6842105263157894,0.2767612370754227,0.8422417193079391
2.3157894736842106,2.6842105263157894,0.32793628590208806,0.8533831568029301
2.3157894736842106,2.6842105263157894,0.3885739518570975,0.8502853243966639
2.3157894736842106,2.6842105263157894,0.460423937675878,0.8645607044706222
2.3157894736842106,2.6842105263157894,0.5455594781168519,0.8749791992922487
2.3157894736842106,2.6842105263157894,0.646437163249006,0.8605236908742437
2.3157894736842106,2.6842105263157894,0.7659678234751834,0.8641882104772244
2.3157894736842106,2.6842105263157894,0.907600521681814,0.8359153730743987
2.3157894736842106,2.6842105263157894,1.0754220761125606,0.8207687598945091
2.3157894736842106,2.6842105263157894,1.2742749857031335,0.7820555805356357
2.3157894736842106,2.6842105263157894,1.5098971606184193,0.7422465549014311
2.3157894736842106,2.6842105263157894,1.789087489923219,0.7090702402118769
2.3157894736842106,2.6842105263157894,2.1199020238496082,0.669203353057215
2.3157894736842106,2.6842105263157894,2.51188643150958,0.6383657494447524
2.3157894736842106,2.9473684210526314,0.09999999999999999,0.7726298173479736
2.3157894736842106,2.9473684210526314,0.11849068510006666,0.783594933011092
2.3157894736842106,2.9473684210526314,0.1404004245548316,0.7842662023056517
2.3157894736842106,2.9473684210526314,0.16636142493842218,0.7906724628445382
2.3157894736842106,2.9473684210526314,0.1971227921517696,0.7905692686788854
2.3157894736842106,2.9473684210526314,0.23357214690901223,0.7989494095147149
2.3157894736842106,2.9473684210526314,0.2767612370754227,0.8443593395951481
2.3157894736842106,2.9473684210526314,0.32793628590208806,0.827852322418298
2.3157894736842106,2.9473684210526314,0.3885739518570975,0.8346316697417078
2.3157894736842106,2.9473684210526314,0.460423937675878,0.8454256724746753
2.3157894736842106,2.9473684210526314,0.5455594781168519,0.8484039726869098
2.3157894736842106,2.9473684210526314,0.646437163249006,0.8438107685971198
2.3157894736842106,2.9473684210526314,0.7659678234751834,0.8354959873349239
2.3157894736842106,2.9473684210526314,0.907600521681814,0.8156739546128342
2.3157894736842106,2.9473684210526314,1.0754220761125606,0.7988078068749203
2.3157894736842106,2.9473684210526314,1.2742749857031335,0.7695213543080107
2.3157894736842106,2.9473684210526314,1.5098971606184193,0.7324214693576894
2.3157894736842106,2.9473684210526314,1.789087489923219,0.69639892538467
2.3157894736842106,2.9473684210526314,2.1199020238496082,0.6622487372476704
2.3157894736842106,2.9473684210526314,2.51188643150958,0.6319398381851181
2.3157894736842106,3.2105263157894735,0.09999999999999999,0.749707537025134
2.3157894736842106,3.2105263157894735,0.11849068510006666,0.7348286877758158
2.3157894736842106,3.2105263157894735,0.1404004245548316,0.7566254545904115
2.3157894736842106,3.2105263157894735,0.16636142493842218,0.7716622614113655
2.3157894736842106,3.2105263157894735,0.1971227921517696,0.7781313757655391
2.3157894736842106,3.2105263157894735,0.23357214690901223,0.800735803025663
2.3157894736842106,3.2105263157894735,0.2767612370754227,0.8265643165662261
2.3157894736842106,3.2105263157894735,0.32793628590208806,0.8216757396243753
2.3157894736842106,3.2105263157894735,0.3885739518570975,0.826056875396341
2.3157894736842106,3.2105263157894735,0.460423937675878,0.8326680988815598
2.3157894736842106,3.2105263157894735,0.5455594781168519,0.8309392542455838
2.3157894736842106,3.2105263157894735,0.646437163249006,0.824738112514106
2.3157894736842106,3.2105263157894735,0.7659678234751834,0.8229282619786511
2.3157894736842106,3.2105263157894735,0.907600521681814,0.7983882872818181
2.3157894736842106,3.2105263157894735,1.0754220761125606,0.7796255184144186
2.3157894736842106,3.2105263157894735,1.2742749857031335,0.7520697128137278
2.3157894736842106,3.2105263157894735,1.5098971606184193,0.72417084986612
2.3157894736842106,3.2105263157894735,1.789087489923219,0.6891164826744286
2.3157894736842106,3.2105263157894735,2.1199020238496082,0.6576111294876942
2.3157894736842106,3.2105263157894735,2.51188643150958,0.6266474043849527
2.3157894736842106,3.473684210526316,0.09999999999999999,0.7398028518029172
2.3157894736842106,3.473684210526316,0.11849068510006666,0.7443156704654613
2.3157894736842106,3.473684210526316,0.1404004245548316,0.7556432125361925
2.3157894736842106,3.473684210526316,0.16636142493842218,0.7560495379857107
2.3157894736842106,3.473684210526316,0.1971227921517696,0.7643013635886012
2.3157894736842106,3.473684210526316,0.23357214690901223,0.7723665091420283
2.3157894736842106,3.473684210526316,0.2767612370754227,0.7706834090763705
2.3157894736842106,3.473684210526316,0.32793628590208806,0.8023490720073466
2.3157894736842106,3.473684210526316,0.3885739518570975,0.7778922374748614
2.3157894736842106,3.473684210526316,0.460423937675878,0.8074024023186402
2.3157894736842106,3.473684210526316,0.5455594781168519,0.794509940176932
2.3157894736842106,3.473684210526316,0.646437163249006,0.7960571331822054
2.3157894736842106,3.473684210526316,0.7659678234751834,0.7997727273880013
2.3157894736842106,3.473684210526316,0.907600521681814,0.7784573950559633
2.3157894736842106,3.473684210526316,1.0754220761125606,0.772565790077698
2.3157894736842106,3.473684210526316,1.2742749857031335,0.7429546532391865
2.3157894736842106,3.473684210526316,1.5098971606184193,0.7096318987395751
2.3157894736842106,3.473684210526316,1.789087489923219,0.6805367178456976
2.3157894736842106,3.473684210526316,2.1199020238496082,0.6502939426359743
2.3157894736842106,3.473684210526316,2.51188643150958,0.6203810043138307
2.3157894736842106,3.7368421052631575,0.09999999999999999,0.707544156996106
2.3157894736842106,3.7368421052631575,0.11849068510006666,0.7033656649429837
2.3157894736842106,3.7368421052631575,0.1404004245548316,0.7260907693421302
2.3157894736842106,3.7368421052631575,0.16636142493842218,0.7576674464369713
2.3157894736842106,3.7368421052631575,0.1971227921517696,0.731260073504851
2.3157894736842106,3.7368421052631575,0.23357214690901223,0.7803429442308032
2.3157894736842106,3.7368421052631575,0.2767612370754227,0.7677098597860025
2.3157894736842106,3.7368421052631575,0.32793628590208806,0.7690207262848984
2.3157894736842106,3.7368421052631575,0.3885739518570975,0.797860128740027
2.3157894736842106,3.7368421052631575,0.460423937675878,0.7989121264133041
2.3157894736842106,3.7368421052631575,0.5455594781168519,0.7847660755210139
2.3157894736842106,3.7368421052631575,0.646437163249006,0.7838164615676337
2.3157894736842106,3.7368421052631575,0.7659678234751834,0.7809469232837435
2.3157894736842106,3.7368421052631575,0.907600521681814,0.7693962587070488
2.3157894736842106,3.7368421052631575,1.0754220761125606,0.7520510566525347
2.3157894736842106,3.7368421052631575,1.2742749857031335,0.7296910826000701
2.3157894736842106,3.7368421052631575,1.5098971606184193,0.7025906465240787
2.3157894736842106,3.7368421052631575,1.789087489923219,0.6718759556329094
2.3157894736842106,3.7368421052631575,2.1199020238496082,0.6450376589382265
2.3157894736842106,3.7368421052631575,2.51188643150958,0.6166122077748818
2.3157894736842106,4.0,0.09999999999999999,0.7086268088599155
2.3157894736842106,4.0,0.11849068510006666,0.6951260418533218
2.3157894736842106,4.0,0.1404004245548316,0.7253961536812831
2.3157894736842106,4.0,0.16636142493842218,0.7328612034517824
2.3157894736842106,4.0,0.1971227921517696,0.725058916959836
2.3157894736842106,4.0,0.23357214690901223,0.7358350259070353
2.3157894736842106,4.0,0.2767612370754227,0.756967663777495
2.3157894736842106,4.0,0.32793628590208806,0.7543311434428525
2.3157894736842106,4.0,0.3885739518570975,0.7742588503882241
2.3157894736842106,4.0,0.460423937675878,0.7776301357250481
2.3157894736842106,4.0,0.5455594781168519,0.788119016552482
2.3157894736842106,4.0,0.646437163249006,0.7735948812631029
2.3157894736842106,4.0,0.7659678234751834,0.7622435665031411
2.3157894736842106,4.0,0.907600521681814,0.7536622395888466
2.3157894736842106,4.0,1.0754220761125606,0.7437522263586597
2.3157894736842106,4.0,1.2742749857031335,0.7200844864902018
2.3157894736842106,4.0,1.5098971606184193,0.7038549038458394
2.3157894736842106,4.0,1.789087489923219,0.6721474889212684
2.3157894736842106,4.0,2.1199020238496082,0.6383434167795572
2.3157894736842106,4.0,2.51188643150958,0.613192546399366
2.526315789473684,-1.0,0.09999999999999999,0.6182016187947406
2.526315789473684,-1.0,0.11849068510006666,0.6329828326187673
2.526315789473684,-1.0,0.1404004245548316,0.6376190182402777
2.526315789473684,-1.0,0.16636142493842218,0.646723935112109
2.526315789473684,-1.0,0.1971227921517696,0.6274642598732474
2.526315789473684,-1.0,0.23357214690901223,0.6479198362985442
2.526315789473684,-1.0,0.2767612370754227,0.6613793781989026
2.526315789473684,-1.0,0.32793628590208806,0.6864518289293943
2.526315789473684,-1.0,0.3885739518570975,0.6894302301500196
2.526315789473684,-1.0,0.460423937675878,0.6675170175890262
2.526315789473684,-1.0,0.5455594781168519,0.6724044194813947
2.526315789473684,-1.0,0.646437163249006,0.6728368111441547
2.526315789473684,-1.0,0.7659678234751834,0.6563483020228699
2.526315789473684,-1.0,0.907600521681814,0.6478437756657754
2.526315789473684,-1.0,1.0754220761125606,0.6334297552942255
2.526315789473684,-1.0,1.2742749857031335,0.616652411133154
2.526315789473684,-1.0,1.5098971606184193,0.5947388943277895
2.526315789473684,-1.0,1.789087489923219,0.5744586445605464
2.526315789473684,-1.0,2.1199020238496082,0.5647421363238575
2.526315789473684,-1.0,2.51188643150958,0.5518706950427172
2.526315789473684,-0.736842105263158,0.09999999999999999,0.6066578182693839
2.526315789473684,-0.736842105263158,0.11849068510006666,0.6100928918099767
2.526315789473684,-0.736842105263158,0.1404004245548316,0.6159400644744426
2.526315789473684,-0.736842105263158,0.16636142493842218,0.641045041435737
2.526315789473684,-0.736842105263158,0.1971227921517696,0.6447044283338933
2.526315789473684,-0.736842105263158,0.23357214690901223,0.6303063597586462
2.526315789473684,-0.736842105263158,0.2767612370754227,0.6553135959971504
2.526315789473684,-0.736842105263158,0.32793628590208806,0.6745508802499639
2.526315789473684,-0.736842105263158,0.3885739518570975,0.6487489664942301
2.526315789473684,-0.736842105263158,0.460423937675878,0.6705229917191714
2.526315789473684,-0.736842105263158,0.5455594781168519,0.6840085811523424
2.526315789473684,-0.736842105263158,0.646437163249006,0.6508457773478415
2.526315789473684,-0.736842105263158,0.7659678234751834,0.6677191663772065
2.526315789473684,-0.736842105263158,0.907600521681814,0.6459927149177473
2.526315789473684,-0.736842105263158,1.0754220761125606,0.6296153940685788
2.526315789473684,-0.736842105263158,1.2742749857031335,0.6069073704449479
2.526315789473684,-0.736842105263158,1.5098971606184193,0.6010693323952204
2.526315789473684,-0.736842105263158,1.789087489923219,0.5632569098628573
2.526315789473684,-0.736842105263158,2.1199020238496082,0.5586521931225993
2.526315789473684,-0.736842105263158,2.51188643150958,0.5504059121807001
2.526315789473684,-0.4736842105263158,0.09999999999999999,0.5772956624549014
2.526315789473684,-0.4736842105263158,0.11849068510006666,0.6209373047390915
2.526315789473684,-0.4736842105263158,0.1404004245548316,0.6405118127270332
2.526315789473684,-0.4736842105263158,0.16636142493842218,0.6144551296763353
2.526315789473684,-0.4736842105263158,0.1971227921517696,0.6427041478381305
2.526315789473684,-0.4736842105263158,0.23357214690901223,0.6389269994879979
2.526315789473684,-0.4736842105263158,0.2767612370754227,0.6680773671279246
2.526315789473684,-0.4736842105263158,0.32793628590208806,0.6533438995706063
2.526315789473684,-0.4736842105263158,0.3885739518570975,0.659887301260628
2.526315789473684,-0.4736842105263158,0.460423937675878,0.6840096381583323
2.526315789473684,-0.4736842105263158,0.5455594781168519,0.6775698432394187
2.526315789473684,-0.4736842105263158,0.646437163249006,0.6724351333937311
2.526315789473684,-0.4736842105263158,0.7659678234751834,0.6677265775633848
2.526315789473684,-0.4736842105263158,0.907600521681814,0.6495687544172473
2.526315789473684,-0.4736842105263158,1.0754220761125606,0.6316825758893746
2.526315789473684,-0.4736842105263158,1.2742749857031335,0.5994895250191312
2.526315789473684,-0.4736842105263158,1.5098971606184193,0.5897171753562257
2.526315789473684,-0.4736842105263158,1.789087489923219,0.5749112915265012
2.526315789473684,-0.4736842105263158,2.1199020238496082,0.5663622611415997
2.526315789473684,-0.4736842105263158,2.51188643150958,0.549009679806605
2.526315789473684,-0.21052631578947367,0.09999999999999999,0.6089361427494814
2.526315789473684,-0.21052631578947367,0.11849068510006666,0.6123836808070011
2.526315789473684,-0.21052631578947367,0.1404004245548316,0.637022047545235
2.526315789473684,-0.21052631578947367,0.16636142493842218,0.6307446590195317
2.526315789473684,-0.21052631578947367,0.1971227921517696,0.6282812416440459
2.526315789473684,-0.21052631578947367,0.23357214690901223,0.6525130257059453
2.526315789473684,-0.21052631578947367,0.2767612370754227,0.6556232223292363
2.526315789473684,-0.21052631578947367,0.32793628590208806,0.6593501913551688
2.526315789473684,-0.21052631578947367,0.3885739518570975,0.6693079640449062
2.526315789473684,-0.21052631578947367,0.460423937675878,0.6728311178480458
2.526315789473684,-0.21052631578947367,0.5455594781168519,0.6664328248074421
2.526315789473684,-0.21052631578947367,0.646437163249006,0.6603012923441408
2.526315789473684,-0.21052631578947367,0.7659678234751834,0.6669146968610473
2.526315789473684,-0.21052631578947367,0.907600521681814,0.6492639549701018
2.526315789473684,-0.21052631578947367,1.0754220761125606,0.6346061143979634
2.526315789473684,-0.21052631578947367,1.2742749857031335,0.6187226868895224
2.526315789473684,-0.21052631578947367,1.5098971606184193,0.5893433286211044
2.526315789473684,-0.21052631578947367,1.789087489923219,0.5801122772622028
2.526315789473684,-0.21052631578947367,2.1199020238496082,0.5576185186445701
2.526315789473684,-0.21052631578947367,2.51188643150958,0.5443820091045171
2.526315789473684,0.05263157894736836,0.09999999999999999,0.6130306649700421
2.526315789473684,0.05263157894736836,0.11849068510006666,0.6113346081170277
2.526315789473684,0.05263157894736836,0.1404004245548316,0.6342602100891647
2.526315789473684,0.05263157894736836,0.16636142493842218,0.6521231080657849
2.526315789473684,0.05263157894736836,0.1971227921517696,0.6206419280071281
2.526315789473684,0.05263157894736836,0.23357214690901223,0.6571250474525855
2.526315789473684,0.05263157894736836,0.2767612370754227,0.6714047330928586
2.526315789473684,0.05263157894736836,0.32793628590208806,0.6398970395984374
2.526315789473684,0.05263157894736836,0.3885739518570975,0.670027756406801
2.526315789473684,0.05263157894736836,0.460423937675878,0.6768774310451813
2.526315789473684,0.05263157894736836,0.5455594781168519,0.6686505981333585
2.526315789473684,0.05263157894736836,0.646437163249006,0.680041620258385
2.526315789473684,0.05263157894736836,0.7659678234751834,0.6597441489472584
2.526315789473684,0.05263157894736836,0.907600521681814,0.6450468072415908
2.526315789473684,0.05263157894736836,1.0754220761125606,0.6336467131973211
2.526315789473684,0.05263157894736836,1.2742749857031335,0.6052788232039171
2.526315789473684,0.05263157894736836,1.5098971606184193,0.5990270427430562
2.526315789473684,0.05263157894736836,1.789087489923219,0.5722734301728963
2.526315789473684,0.05263157894736836,2.1199020238496082,0.5613134394692242
2.526315789473684,0.05263157894736836,2.51188643150958,0.55167310259383
2.526315789473684,0.3157894736842104,0.09999999999999999,0.632480943938992
2.526315789473684,0.3157894736842104,0.11849068510006666,0.6228053565005367
2.526315789473684,0.3157894736842104,0.1404004245548316,0.6288374468514106
2.526315789473684,0.3157894736842104,0.16636142493842218,0.6409415395663303
2.526315789473684,0.3157894736842104,0.1971227921517696,0.6354323858237085
2.526315789473684,0.3157894736842104,0.23357214690901223,0.6406916515022764
2.526315789473684,0.3157894736842104,0.2767612370754227,0.6520505692862354
2.526315789473684,0.3157894736842104,0.32793628590208806,0.6875040433940036
2.526315789473684,0.3157894736842104,0.3885739518570975,0.6874924518262534
2.526315789473684,0.3157894736842104,0.460423937675878,0.6716646510267484
2.526315789473684,0.3157894736842104,0.5455594781168519,0.6706344580688368
2.526315789473684,0.3157894736842104,0.646437163249006,0.6756154237014464
2.526315789473684,0.3157894736842104,0.7659678234751834,0.6569228162925168
2.526315789473684,0.3157894736842104,0.907600521681814,0.6611322640300982
2.526315789473684,0.3157894736842104,1.0754220761125606,0.6269798471167612
2.526315789473684,0.3157894736842104,1.2742749857031335,0.6056802588969221
2.526315789473684,0.3157894736842104,1.5098971606184193,0.597060216685206
2.526315789473684,0.3157894736842104,1.789087489923219,0.5671929249119417
2.526315789473684,0.3157894736842104,2.1199020238496082,0.5638140864558451
2.526315789473684,0.3157894736842104,2.51188643150958,0.5512439291178345
2.526315789473684,0.5789473684210527,0.09999999999999999,0.5844923075133467
2.526315789473684,0.5789473684210527,0.11849068510006666,0.6059637650151128
2.526315789473684,0.5789473684210527,0.1404004245548316,0.615718371256761
2.526315789473684,0.5789473684210527,0.16636142493842218,0.6246686141086873
2.526315789473684,0.5789473684210527,0.1971227921517696,0.6264608586536531
2.526315789473684,0.5789473684210527,0.23357214690901223,0.6494984315098628
2.526315789473684,0.5789473684210527,0.2767612370754227,0.6452599487976366
2.526315789473684,0.5789473684210527,0.32793628590208806,0.674005872534671
2.526315789473684,0.5789473684210527,0.3885739518570975,0.6705209194087851
2.526315789473684,0.5789473684210527,0.460423937675878,0.6868085261366013
2.526315789473684,0.5789473684210527,0.5455594781168519,0.6690263043200052
2.526315789473684,0.5789473684210527,0.646437163249006,0.6932604467123615
2.526315789473684,0.5789473684210527,0.7659678234751834,0.6611295417924957
2.526315789473684,0.5789473684210527,0.907600521681814,0.661889411438595
2.526315789473684,0.5789473684210527,1.0754220761125606,0.6299939899796887
2.526315789473684,0.5789473684210527,1.2742749857031335,0.6114602354907818
2.526315789473684,0.5789473684210527,1.5098971606184193,0.594308034036894
2.526315789473684,0.5789473684210527,1.789087489923219,0.5814930536044376
2.526315789473684,0.5789473684210527,2.1199020238496082,0.5593798302907195
2.526315789473684,0.5789473684210527,2.51188643150958,0.5468280638989236
2.526315789473684,0.8421052631578947,0.09999999999999999,0.6018123703688345
2.526315789473684,0.8421052631578947,0.11849068510006666,0.6193264046335885
2.526315789473684,0.8421052631578947,0.1404004245548316,0.6428568689689241
2.526315789473684,0.8421052631578947,0.16636142493842218,0.6456251700219681
2.526315789473684,0.8421052631578947,0.1971227921517696,0.6792688828568973
2.526315789473684,0.8421052631578947,0.23357214690901223,0.6771241489207894
2.526315789473684,0.8421052631578947,0.2767612370754227,0.6719895060385627
2.526315789473684,0.8421052631578947,0.32793628590208806,0.670040165801811
2.526315789473684,0.8421052631578947,0.3885739518570975,0.6833991373312793
2.526315789473684,0.8421052631578947,0.460423937675878,0.700712874763481
2.526315789473684,0.8421052631578947,0.5455594781168519,0.696978380066035
2.526315789473684,0.8421052631578947,0.646437163249006,0.6758030004159409
2.526315789473684,0.8421052631578947,0.7659678234751834,0.6608424294598603
2.526315789473684,0.8421052631578947,0.907600521681814,0.6490826276448466
2.526315789473684,0.8421052631578947,1.0754220761125606,0.6320287097524057
2.526315789473684,0.8421052631578947,1.2742749857031335,0.61129728557698
2.526315789473684,0.8421052631578947,1.5098971606184193,0.6016189757247217
2.526315789473684,0.8421052631578947,1.789087489923219,0.5822996814616437
2.526315789473684,0.8421052631578947,2.1199020238496082,0.5652292480408871
2.526315789473684,0.8421052631578947,2.51188643150958,0.5525041330842754
2.526315789473684,1.1052631578947367,0.09999999999999999,0.6370795490628656
2.526315789473684,1.1052631578947367,0.11849068510006666,0.6302583276487004
2.526315789473684,1.1052631578947367,0.1404004245548316,0.6445449253330143
2.526315789473684,1.1052631578947367,0.16636142493842218,0.6309585926289751
2.526315789473684,1.1052631578947367,0.1971227921517696,0.6605991629961137
2.526315789473684,1.1052631578947367,0.23357214690901223,0.662764641286609
2.526315789473684,1.1052631578947367,0.2767612370754227,0.6786511308931215
2.526315789473684,1.1052631578947367,0.32793628590208806,0.7150072827016596
2.526315789473684,1.1052631578947367,0.3885739518570975,0.6777245275929125
2.526315789473684,1.1052631578947367,0.460423937675878,0.6944781397029954
2.526315789473684,1.1052631578947367,0.5455594781168519,0.6949964353294132
2.526315789473684,1.1052631578947367,0.646437163249006,0.6966714857786293
2.526315789473684,1.1052631578947367,0.7659678234751834,0.6822297275461324
2.526315789473684,1.1052631578947367,0.907600521681814,0.6717711226952193
2.526315789473684,1.1052631578947367,1.0754220761125606,0.6398199762124851
2.526315789473684,1.1052631578947367,1.2742749857031335,0.637852758983462
2.526315789473684,1.1052631578947367,1.5098971606184193,0.6087905715351036
2.526315789473684,1.1052631578947367,1.789087489923219,0.5883471415182616
2.526315789473684,1.1052631578947367,2.1199020238496082,0.5706733715194414
2.526315789473684,1.1052631578947367,2.51188643150958,0.5487765007435889
2.526315789473684,1.3684210526315788,0.09999999999999999,0.658462574043992
2.526315789473684,1.3684210526315788,0.11849068510006666,0.6568960213462487
2.526315789473684,1.3684210526315788,0.1404004245548316,0.6466903320187417
2.526315789473684,1.3684210526315788,0.16636142493842218,0.7037026457219209
2.526315789473684,1.3684210526315788,0.1971227921517696,0.688932558815125
2.526315789473684,1.3684210526315788,0.23357214690901223,0.7047313503688838
2.526315789473684,1.3684210526315788,0.2767612370754227,0.6969717448729749
2.526315789473684,1.3684210526315788,0.32793628590208806,0.715095807831418
2.526315789473684,1.3684210526315788,0.3885739518570975,0.7165397280945498
2.526315789473684,1.3684210526315788,0.460423937675878,0.7264172243295282
2.526315789473684,1.3684210526315788,0.5455594781168519,0.7148844532246622
2.526315789473684,1.3684210526315788,0.646437163249006,0.6987754161426949
2.526315789473684,1.3684210526315788,0.7659678234751834,0.6767567223432829
2.526315789473684,1.3684210526315788,0.907600521681814,0.6830047554491379
2.526315789473684,1.3684210526315788,1.0754220761125606,0.6654550972268063
2.526315789473684,1.3684210526315788,1.2742749857031335,0.6373501979685571
2.526315789473684,1.3684210526315788,1.5098971606184193,0.6128972306857476
2.526315789473684,1.3684210526315788,1.789087489923219,0.5963806986705368
2.526315789473684,1.3684210526315788,2.1199020238496082,0.5701796958590784
2.526315789473684,1.3684210526315788,2.51188643150958,0.5576701543106761
2.526315789473684,1.6315789473684208,0.09999999999999999,0.7031459798275804
2.526315789473684,1.6315789473684208,0.11849068510006666,0.682536922128267
2.526315789473684,1.6315789473684208,0.1404004245548316,0.7089379643902337
2.526315789473684,1.6315789473684208,0.16636142493842218,0.7308430024144658
2.526315789473684,1.6315789473684208,0.1971227921517696,0.6979370591778905
2.526315789473684,1.6315789473684208,0.23357214690901223,0.724122582818157
2.526315789473684,1.6315789473684208,0.2767612370754227,0.7566881966714405
2.526315789473684,1.6315789473684208,0.32793628590208806,0.7128188444302109
2.526315789473684,1.6315789473684208,0.3885739518570975,0.7436370787221529
2.526315789473684,1.6315789473684208,0.460423937675878,0.7641359044656703
2.526315789473684,1.6315789473684208,0.5455594781168519,0.7510854785977193
2.526315789473684,1.6315789473684208,0.646437163249006,0.7172429175421928
2.526315789473684,1.6315789473684208,0.7659678234751834,0.716750864565069
2.526315789473684,1.6315789473684208,0.907600521681814,0.7010384260459732
2.526315789473684,1.6315789473684208,1.0754220761125606,0.6886924481353738
2.526315789473684,1.6315789473684208,1.2742749857031335,0.6535748095106928
2.526315789473684,1.6315789473684208,1.5098971606184193,0.6205825637045012
2.526315789473684,1.6315789473684208,1.789087489923219,0.605321154933107
2.526315789473684,1.6315789473684208,2.1199020238496082,0.5861327475818511
2.526315789473684,1.6315789473684208,2.51188643150958,0.5684209328686416
2.526315789473684,1.8947368421052628,0.09999999999999999,0.7399411177548652
2.526315789473684,1.8947368421052628,0.11849068510006666,0.7560945544805714
2.526315789473684,1.8947368421052628,0.1404004245548316,0.7763281448422085
2.526315789473684,1.8947368421052628,0.16636142493842218,0.7739998119702128
2.526315789473684,1.8947368421052628,0.1971227921517696,0.7742870740497512
2.526315789473684,1.8947368421052628,0.23357214690901223,0.7717681723697758
2.526315789473684,1.8947368421052628,0.2767612370754227,0.7942475677490147
2.526315789473684,1.8947368421052628,0.32793628590208806,0.8007710171608581
2.526315789473684,1.8947368421052628,0.3885739518570975,0.7956466165366051
2.526315789473684,1.8947368421052628,0.460423937675878,0.7892143249769076
2.526315789473684,1.8947368421052628,0.5455594781168519,0.7880587120046029
2.526315789473684,1.8947368421052628,0.646437163249006,0.7649738562299064
2.526315789473684,1.8947368421052628,0.7659678234751834,0.7581980649195473
2.526315789473684,1.8947368421052628,0.907600521681814,0.7282542320210834
2.526315789473684,1.8947368421052628,1.0754220761125606,0.7032213528363187
2.526315789473684,1.8947368421052628,1.2742749857031335,0.6768320797683293
2.526315789473684,1.8947368421052628,1.5098971606184193,0.6456301917498342
2.526315789473684,1.8947368421052628,1.789087489923219,0.6239655721113616
2.526315789473684,1.8947368421052628,2.1199020238496082,0.6042421587441137
2.526315789473684,1.8947368421052628,2.51188643150958,0.5841717173304583
2.526315789473684,2.1578947368421053,0.09999999999999999,0.800839984487731
2.526315789473684,2.1578947368421053,0.11849068510006666,0.7980457511527415
2.526315789473684,2.1578947368421053,0.1404004245548316,0.8006944417530637
2.526315789473684,2.1578947368421053,0.16636142493842218,0.8103943458527089
2.526315789473684,2.1578947368421053,0.1971227921517696,0.8112617084224258
2.526315789473684,2.1578947368421053,0.23357214690901223,0.8282517949053952
2.526315789473684,2.1578947368421053,0.2767612370754227,0.8315853310572698
2.526315789473684,2.1578947368421053,0.32793628590208806,0.8300941753599971
2.526315789473684,2.1578947368421053,0.3885739518570975,0.8458572756701778
2.526315789473684,2.1578947368421053,0.460423937675878,0.8418423396021075
2.526315789473684,2.1578947368421053,0.5455594781168519,0.8321748897120606
2.526315789473684,2.1578947368421053,0.646437163249006,0.8212406351074669
2.526315789473684,2.1578947368421053,0.7659678234751834,0.8150572813935317
2.526315789473684,2.1578947368421053,0.907600521681814,0.7782084418581647
2.526315789473684,2.1578947368421053,1.0754220761125606,0.7525966842566534
2.526315789473684,2.1578947368421053,1.2742749857031335,0.7189721103707627
2.526315789473684,2.1578947368421053,1.5098971606184193,0.6930386545277384
2.526315789473684,2.1578947368421053,1.789087489923219,0.651656826722906
2.526315789473684,2.1578947368421053,2.1199020238496082,0.6236302560664708
2.526315789473684,2.1578947368421053,2.51188643150958,0.5968765470700608
2.526315789473684,2.4210526315789473,0.09999999999999999,0.7880018186898103
2.526315789473684,2.4210526315789473,0.11849068510006666,0.8148926165133334
2.526315789473684,2.4210526315789473,0.1404004245548316,0.8173361113618549
2.526315789473684,2.4210526315789473,0.16636142493842218,0.8342362692168017
2.526315789473684,2.4210526315789473,0.1971227921517696,0.8384942045421699
2.526315789473684,2.4210526315789473,0.23357214690901223,0.848438264747135
2.526315789473684,2.4210526315789473,0.2767612370754227,0.8667219147403619
2.526315789473684,2.4210526315789473,0.32793628590208806,0.8665884773314418
2.526315789473684,2.4210526315789473,0.3885739518570975,0.8659106765294976
2.526315789473684,2.4210526315789473,0.460423937675878,0.8784723548281004
2.526315789473684,2.4210526315789473,0.5455594781168519,0.8801179424687231
2.526315789473684,2.4210526315789473,0.646437163249006,0.8714309453423009
2.526315789473684,2.4210526315789473,0.7659678234751834,0.8413753985743575
2.526315789473684,2.4210526315789473,0.907600521681814,0.8166615988659193
2.526315789473684,2.4210526315789473,1.0754220761125606,0.798872340696182
2.526315789473684,2.4210526315789473,1.2742749857031335,0.7614162096917987
2.526315789473684,2.4210526315789473,1.5098971606184193,0.7206639941856156
2.526315789473684,2.4210526315789473,1.789087489923219,0.6852585324522916
2.526315789473684,2.4210526315789473,2.1199020238496082,0.6534933553575365
2.526315789473684,2.4210526315789473,2.51188643150958,0.6203651789111461
2.526315789473684,2.6842105263157894,0.09999999999999999,0.769296180869494
2.526315789473684,2.6842105263157894,0.11849068510006666,0.7755844582272218
2.526315789473684,2.6842105263157894,0.1404004245548316,0.7697532643587416
2.526315789473684,2.6842105263157894,0.16636142493842218,0.8025473077615262
2.526315789473684,2.6842105263157894,0.1971227921517696,0.8140509758372723
2.526315789473684,2.6842105263157894,0.23357214690901223,0.84270179028723
2.526315789473684,2.6842105263157894,0.2767612370754227,0.8547452110555079
2.526315789473684,2.6842105263157894,0.32793628590208806,0.8636123887133782
2.526315789473684,2.6842105263157894,0.3885739518570975,0.8690915699825444
2.526315789473684,2.6842105263157894,0.460423937675878,0.8786888693032558
2.526315789473684,2.6842105263157894,0.5455594781168519,0.8813208499664209
2.526315789473684,2.6842105263157894,0.646437163249006,0.8788071569741946
2.526315789473684,2.6842105263157894,0.7659678234751834,0.8761402844102929
2.526315789473684,2.6842105263157894,0.907600521681814,0.8486065561539048
2.526315789473684,2.6842105263157894,1.0754220761125606,0.8198186841395952
2.526315789473684,2.6842105263157894,1.2742749857031335,0.7887056860744877
2.526315789473684,2.6842105263157894,1.5098971606184193,0.7512529585246422
2.526315789473684,2.6842105263157894,1.789087489923219,0.7079361337370177
2.526315789473684,2.6842105263157894,2.1199020238496082,0.67536590765692
2.526315789473684,2.6842105263157894,2.51188643150958,0.6357184895780653
2.526315789473684,2.9473684210526314,0.09999999999999999,0.762789979657971
2.526315789473684,2.9473684210526314,0.11849068510006666,0.7817208587028789
2.526315789473684,2.9473684210526314,0.1404004245548316,0.7935130501610399
2.526315789473684,2.9473684210526314,0.16636142493842218,0.7949217396833927
2.526315789473684,2.9473684210526314,0.1971227921517696,0.8096472258704617
2.526315789473684,2.9473684210526314,0.23357214690901223,0.8347123119159039
2.526315789473684,2.9473684210526314,0.2767612370754227,0.8336574308063874
2.526315789473684,2.9473684210526314,0.32793628590208806,0.8470517828197789
2.526315789473684,2.9473684210526314,0.3885739518570975,0.8652127012604309
2.526315789473684,2.9473684210526314,0.460423937675878,0.8779663078377052
2.526315789473684,2.9473684210526314,0.5455594781168519,0.8785944503351151
2.526315789473684,2.9473684210526314,0.646437163249006,0.8680931616271151
2.526315789473684,2.9473684210526314,0.7659678234751834,0.8526831070847694
2.526315789473684,2.9473684210526314,0.907600521681814,0.8351009013173731
2.526315789473684,2.9473684210526314,1.0754220761125606,0.8113578728931443
2.526315789473684,2.9473684210526314,1.2742749857031335,0.7814016597316515
2.526315789473684,2.9473684210526314,1.5098971606184193,0.7448556338473493
2.526315789473684,2.9473684210526314,1.789087489923219,0.7097280487763894
2.526315789473684,2.9473684210526314,2.1199020238496082,0.6671289412492258
2.526315789473684,2.9473684210526314,2.51188643150958,0.6347809243071898
2.526315789473684,3.2105263157894735,0.09999999999999999,0.7649148021180715
2.526315789473684,3.2105263157894735,0.11849068510006666,0.7815509739253733
2.526315789473684,3.2105263157894735,0.1404004245548316,0.7885849576142493
2.526315789473684,3.2105263157894735,0.16636142493842218,0.8055274966739057
2.526315789473684,3.2105263157894735,0.1971227921517696,0.7693994216251854
2.526315789473684,3.2105263157894735,0.23357214690901223,0.8013615796686645
2.526315789473684,3.2105263157894735,0.2767612370754227,0.8285312587591234
2.526315789473684,3.2105263157894735,0.32793628590208806,0.8322027351144994
2.526315789473684,3.2105263157894735,0.3885739518570975,0.8406045361563727
2.526315789473684,3.2105263157894735,0.460423937675878,0.8499204690665018
2.526315789473684,3.2105263157894735,0.5455594781168519,0.847740891645411
2.526315789473684,3.2105263157894735,0.646437163249006,0.8324713178618571
2.526315789473684,3.2105263157894735,0.7659678234751834,0.8263748711724435
2.526315789473684,3.2105263157894735,0.907600521681814,0.8117829707656039
2.526315789473684,3.2105263157894735,1.0754220761125606,0.7991186611472102
2.526315789473684,3.2105263157894735,1.2742749857031335,0.7652313763638129
2.526315789473684,3.2105263157894735,1.5098971606184193,0.7360587912281165
2.526315789473684,3.2105263157894735,1.789087489923219,0.6966034303733569
2.526315789473684,3.2105263157894735,2.1199020238496082,0.6631889240097208
2.526315789473684,3.2105263157894735,2.51188643150958,0.6280844738124018
2.526315789473684,3.473684210526316,0.09999999999999999,0.7697775203868841
2.526315789473684,3.473684210526316,0.11849068510006666,0.7653396002668702
2.526315789473684,3.473684210526316,0.1404004245548316,0.7595654270592109
2.526315789473684,3.473684210526316,0.16636142493842218,0.7946225388814079
2.526315789473684,3.473684210526316,0.1971227921517696,0.788069092919904
2.526315789473684,3.473684210526316,0.23357214690901223,0.7775530958692585
2.526315789473684,3.473684210526316,0.2767612370754227,0.7920522888232518
2.526315789473684,3.473684210526316,0.32793628590208806,0.8083768949448779
2.526315789473684,3.473684210526316,0.3885739518570975,0.8281652423590495
2.526315789473684,3.473684210526316,0.460423937675878,0.8317538391793009
2.526315789473684,3.473684210526316,0.5455594781168519,0.82073402389588
2.526315789473684,3.473684210526316,0.646437163249006,0.8181270312417287
2.526315789473684,3.473684210526316,0.7659678234751834,0.8092101363994252
2.526315789473684,3.473684210526316,0.907600521681814,0.7867913153301729
2.526315789473684,3.473684210526316,1.0754220761125606,0.7746086101590385
2.526315789473684,3.473684210526316,1.2742749857031335,0.7510107475014061
2.526315789473684,3.473684210526316,1.5098971606184193,0.7223301433703244
2.526315789473684,3.473684210526316,1.789087489923219,0.6887450493853057
2.526315789473684,3.473684210526316,2.1199020238496082,0.6552952878702341
2.526315789473684,3.473684210526316,2.51188643150958,0.6271939832610812
2.526315789473684,3.7368421052631575,0.09999999999999999,0.710937093960056
2.526315789473684,3.7368421052631575,0.11849068510006666,0.7649067992689058
2.526315789473684,3.7368421052631575,0.1404004245548316,0.7445291176765609
2.526315789473684,3.7368421052631575,0.16636142493842218,0.7577687229036665
2.526315789473684,3.7368421052631575,0.1971227921517696,0.7596969685633136
2.526315789473684,3.7368421052631575,0.23357214690901223,0.7617100547761416
2.526315789473684,3.7368421052631575,0.2767612370754227,0.7837743756584743
2.526315789473684,3.7368421052631575,0.32793628590208806,0.7884971440447816
2.526315789473684,3.7368421052631575,0.3885739518570975,0.8057507239450729
2.526315789473684,3.7368421052631575,0.460423937675878,0.8000383191980238
2.526315789473684,3.7368421052631575,0.5455594781168519,0.7909431875010673
2.526315789473684,3.7368421052631575,0.646437163249006,0.8201067171275406
2.526315789473684,3.7368421052631575,0.7659678234751834,0.7821859604173953
2.526315789473684,3.7368421052631575,0.907600521681814,0.7868703367210943
2.526315789473684,3.7368421052631575,1.0754220761125606,0.7632208716870917
2.526315789473684,3.7368421052631575,1.2742749857031335,0.7372353917997634
2.526315789473684,3.7368421052631575,1.5098971606184193,0.713051577666403
2.526315789473684,3.7368421052631575,1.789087489923219,0.683215392649031
2.526315789473684,3.7368421052631575,2.1199020238496082,0.6490795033910489
2.526315789473684,3.7368421052631575,2.51188643150958,0.6224728230456571
2.526315789473684,4.0,0.09999999999999999,0.7216464639104518
2.526315789473684,4.0,0.11849068510006666,0.719102487387051
2.526315789473684,4.0,0.1404004245548316,0.731301280219157
2.526315789473684,4.0,0.16636142493842218,0.741495678188531
2.526315789473684,4.0,0.1971227921517696,0.7587926147809502
2.526315789473684,4.0,0.23357214690901223,0.7494976469025646
2.526315789473684,4.0,0.2767612370754227,0.7803967903863994
2.526315789473684,4.0,0.32793628590208806,0.7732004753130918
2.526315789473684,4.0,0.3885739518570975,0.7872088473013586
2.526315789473684,4.0,0.460423937675878,0.7828411720452042
2.526315789473684,4.0,0.5455594781168519,0.7848824986464786
2.526315789473684,4.0,0.646437163249006,0.7831479936403043
2.526315789473684,4.0,0.7659678234751834,0.7906131200530402
2.526315789473684,4.0,0.907600521681814,0.7611122690461463
2.526315789473684,4.0,1.0754220761125606,0.742178160368846
2.526315789473684,4.0,1.2742749857031335,0.7292328160409378
2.526315789473684,4.0,1.5098971606184193,0.7036534914708814
2.526315789473684,4.0,1.789087489923219,0.6729840674355216
2.526315789473684,4.0,2.1199020238496082,0.6439816646568589
2.526315789473684,4.0,2.51188643150958,0.6169366141104987
2.7368421052631575,-1.0,0.09999999999999999,0.6208420056450207
2.7368421052631575,-1.0,0.11849068510006666,0.6204405939706039
2.7368421052631575,-1.0,0.1404004245548316,0.6104928609872293
2.7368421052631575,-1.0,0.16636142493842218,0.6465949488569118
2.7368421052631575,-1.0,0.1971227921517696,0.66162200341067
2.7368421052631575,-1.0,0.23357214690901223,0.6656457626250034
2.7368421052631575,-1.0,0.2767612370754227,0.6728407584816333
2.7368421052631575,-1.0,0.32793628590208806,0.6239882446154267
2.7368421052631575,-1.0,0.3885739518570975,0.6530715518192296
2.7368421052631575,-1.0,0.460423937675878,0.6881048587644847
2.7368421052631575,-1.0,0.5455594781168519,0.6761561570047158
2.7368421052631575,-1.0,0.646437163249006,0.6702993681364158
2.7368421052631575,-1.0,0.7659678234751834,0.6707543303405715
2.7368421052631575,-1.0,0.907600521681814,0.6574651775611735
2.7368421052631575,-1.0,1.0754220761125606,0.6412106580293909
2.7368421052631575,-1.0,1.2742749857031335,0.6187137623921215
2.7368421052631575,-1.0,1.5098971606184193,0.5968599429613304
2.7368421052631575,-1.0,1.789087489923219,0.5749928131879565
2.7368421052631575,-1.0,2.1199020238496082,0.5591756128734577
2.7368421052631575,-1.0,2.51188643150958,0.5489347379721993
2.7368421052631575,-0.736842105263158,0.09999999999999999,0.6073006657348586
2.7368421052631575,-0.736842105263158,0.11849068510006666,0.6046263910326685
2.7368421052631575,-0.736842105263158,0.1404004245548316,0.6393676705003217
2.7368421052631575,-0.736842105263158,0.16636142493842218,0.620860211707408
2.7368421052631575,-0.736842105263158,0.1971227921517696,0.6341173532047858
2.7368421052631575,-0.736842105263158,0.23357214690901223,0.6368205302842248
2.7368421052631575,-0.736842105263158,0.2767612370754227,0.6646979887473133
2.7368421052631575,-0.736842105263158,0.32793628590208806,0.6686514813754028
2.7368421052631575,-0.736842105263158,0.3885739518570975,0.6557446957730254
2.7368421052631575,-0.736842105263158,0.460423937675878,0.6824147577744925
2.7368421052631575,-0.736842105263158,0.5455594781168519,0.6834410172417091
2.7368421052631575,-0.736842105263158,0.646437163249006,0.6729053157111974
2.7368421052631575,-0.736842105263158,0.7659678234751834,0.6486330348967317
2.7368421052631575,-0.736842105263158,0.907600521681814,0.6380537677909465
2.7368421052631575,-0.736842105263158,1.0754220761125606,0.6268562085029584
2.7368421052631575,-0.736842105263158,1.2742749857031335,0.6117260960561429
2.7368421052631575,-0.736842105263158,1.5098971606184193,0.591203771445474
2.7368421052631575,-0.736842105263158,1.789087489923219,0.5749608867690611
2.7368421052631575,-0.736842105263158,2.1199020238496082,0.5648128055936881
2.7368421052631575,-0.736842105263158,2.51188643150958,0.5479437710657518
2.7368421052631575,-0.4736842105263158,0.09999999999999999,0.6129165469307506
2.7368421052631575,-0.4736842105263158,0.11849068510006666,0.5983687705565531
2.7368421052631575,-0.4736842105263158,0.1404004245548316,0.63917126593231
2.7368421052631575,-0.4736842105263158,0.16636142493842218,0.6493750210583301
2.7368421052631575,-0.4736842105263158,0.1971227921517696,0.6452603282206656
2.7368421052631575,-0.4736842105263158,0.23357214690901223,0.6334916582433718
2.7368421052631575,-0.4736842105263158,0.2767612370754227,0.6369073398738918
2.7368421052631575,-0.4736842105263158,0.32793628590208806,0.6638445278083432
2.7368421052631575,-0.4736842105263158,0.3885739518570975,0.652015280354052
2.7368421052631575,-0.4736842105263158,0.460423937675878,0.6777879854570573
2.7368421052631575,-0.4736842105263158,0.5455594781168519,0.6730069607983148
2.7368421052631575,-0.4736842105263158,0.646437163249006,0.6618573365101756
2.7368421052631575,-0.4736842105263158,0.7659678234751834,0.667747813784233
2.7368421052631575,-0.4736842105263158,0.907600521681814,0.6495509256286356
2.7368421052631575,-0.4736842105263158,1.0754220761125606,0.6405921410805366
2.7368421052631575,-0.4736842105263158,1.2742749857031335,0.6145801393559387
2.7368421052631575,-0.4736842105263158,1.5098971606184193,0.5967788402791008
2.7368421052631575,-0.4736842105263158,1.789087489923219,0.5697038189864104
2.7368421052631575,-0.4736842105263158,2.1199020238496082,0.5590284296164957
2.7368421052631575,-0.4736842105263158,2.51188643150958,0.548756444934188
2.7368421052631575,-0.21052631578947367,0.09999999999999999,0.5829989783047329
2.7368421052631575,-0.21052631578947367,0.11849068510006666,0.6148534641553647
2.7368421052631575,-0.21052631578947367,0.1404004245548316,0.6090554649119344
2.7368421052631575,-0.21052631578947367,0.16636142493842218,0.6410096702758841
2.7368421052631575,-0.21052631578947367,0.1971227921517696,0.6533965229080229
2.7368421052631575,-0.21052631578947367,0.23357214690901223,0.6604194646945262
2.7368421052631575,-0.21052631578947367,0.2767612370754227,0.6531740543883437
2.7368421052631575,-0.21052631578947367,0.32793628590208806,0.6515490538166302
2.7368421052631575,-0.21052631578947367,0.3885739518570975,0.7025620081133707
2.7368421052631575,-0.21052631578947367,0.460423937675878,0.6769680301983939
2.7368421052631575,-0.21052631578947367,0.5455594781168519,0.6840312618030331
2.7368421052631575,-0.21052631578947367,0.646437163249006,0.6497548575684701
2.7368421052631575,-0.21052631578947367,0.7659678234751834,0.6443084831635335
2.7368421052631575,-0.21052631578947367,0.907600521681814,0.6418357038396886
2.7368421052631575,-0.21052631578947367,1.0754220761125606,0.6340357631162334
2.7368421052631575,-0.21052631578947367,1.2742749857031335,0.5971114241198132
2.7368421052631575,-0.21052631578947367,1.5098971606184193,0.5933959969213087
2.7368421052631575,-0.21052631578947367,1.789087489923219,0.5759402748946375
2.7368421052631575,-0.21052631578947367,2.1199020238496082,0.5520850680255899
2.7368421052631575,-0.21052631578947367,2.51188643150958,0.5510482429320617
2.7368421052631575,0.05263157894736836,0.09999999999999999,0.6050427807553529
2.7368421052631575,0.05263157894736836,0.11849068510006666,0.6393933077948463
2.7368421052631575,0.05263157894736836,0.1404004245548316,0.6394961232714221
2.7368421052631575,0.05263157894736836,0.16636142493842218,0.6265227377857043
2.7368421052631575,0.05263157894736836,0.1971227921517696,0.6696063633661608
2.7368421052631575,0.05263157894736836,0.23357214690901223,0.6498388068941139
2.7368421052631575,0.05263157894736836,0.2767612370754227,0.6262186593819888
2.7368421052631575,0.05263157894736836,0.32793628590208806,0.6365023684971503
2.7368421052631575,0.05263157894736836,0.3885739518570975,0.675769241940552
2.7368421052631575,0.05263157894736836,0.460423937675878,0.6584973593621393
2.7368421052631575,0.05263157894736836,0.5455594781168519,0.6948167262994819
2.7368421052631575,0.05263157894736836,0.646437163249006,0.6729537931340809
2.7368421052631575,0.05263157894736836,0.7659678234751834,0.6561327495910291
2.7368421052631575,0.05263157894736836,0.907600521681814,0.6448458389319395
2.7368421052631575,0.05263157894736836,1.0754220761125606,0.6281313187674582
2.7368421052631575,0.05263157894736836,1.2742749857031335,0.6202405290208634
2.7368421052631575,0.05263157894736836,1.5098971606184193,0.5966604283170149
2.7368421052631575,0.05263157894736836,1.789087489923219,0.573512740060937
2.7368421052631575,0.05263157894736836,2.1199020238496082,0.5596869325505199
2.7368421052631575,0.05263157894736836,2.51188643150958,0.5421464298243488
2.7368421052631575,0.3157894736842104,0.09999999999999999,0.6252512112760878
2.7368421052631575,0.3157894736842104,0.11849068510006666,0.6134152399281636
2.7368421052631575,0.3157894736842104,0.1404004245548316,0.6320145704234472
2.7368421052631575,0.3157894736842104,0.16636142493842218,0.6203760296212151
2.7368421052631575,0.3157894736842104,0.1971227921517696,0.6522181890511548
2.7368421052631575,0.3157894736842104,0.23357214690901223,0.6501102312752948
2.7368421052631575,0.3157894736842104,0.2767612370754227,0.6597243481446616
2.7368421052631575,0.3157894736842104,0.32793628590208806,0.6744241056417066
2.7368421052631575,0.3157894736842104,0.3885739518570975,0.6723918249200614
2.7368421052631575,0.3157894736842104,0.460423937675878,0.6813423051182627
2.7368421052631575,0.3157894736842104,0.5455594781168519,0.674853459529001
2.7368421052631575,0.3157894736842104,0.646437163249006,0.6736566543621071
2.7368421052631575,0.3157894736842104,0.7659678234751834,0.6537021714101557
2.7368421052631575,0.3157894736842104,0.907600521681814,0.6664780455600652
2.7368421052631575,0.3157894736842104,1.0754220761125606,0.6245808243917113
2.7368421052631575,0.3157894736842104,1.2742749857031335,0.6062688897627467
2.7368421052631575,0.3157894736842104,1.5098971606184193,0.5948953707041452
2.7368421052631575,0.3157894736842104,1.789087489923219,0.5730508673672957
2.7368421052631575,0.3157894736842104,2.1199020238496082,0.5553021103772163
2.7368421052631575,0.3157894736842104,2.51188643150958,0.5491914315128786
2.7368421052631575,0.5789473684210527,0.09999999999999999,0.6153505500065576
2.7368421052631575,0.5789473684210527,0.11849068510006666,0.6232489427346766
2.7368421052631575,0.5789473684210527,0.1404004245548316,0.6217493553671738
2.7368421052631575,0.5789473684210527,0.16636142493842218,0.6446720461035184
2.7368421052631575,0.5789473684210527,0.1971227921517696,0.6435603761128701
2.7368421052631575,0.5789473684210527,0.23357214690901223,0.6411487145859168
2.7368421052631575,0.5789473684210527,0.2767612370754227,0.6392963258993178
2.7368421052631575,0.5789473684210527,0.32793628590208806,0.6832880133316241
2.7368421052631575,0.5789473684210527,0.3885739518570975,0.6746537771576047
2.7368421052631575,0.5789473684210527,0.460423937675878,0.6820139443155948
2.7368421052631575,0.5789473684210527,0.5455594781168519,0.664957149827249
2.7368421052631575,0.5789473684210527,0.646437163249006,0.6708252146314706
2.7368421052631575,0.5789473684210527,0.7659678234751834,0.6451068100697811
2.7368421052631575,0.5789473684210527,0.907600521681814,0.6426814055985371
2.7368421052631575,0.5789473684210527,1.0754220761125606,0.6194780862884235
2.7368421052631575,0.5789473684210527,1.2742749857031335,0.61691210738729
2.7368421052631575,0.5789473684210527,1.5098971606184193,0.5932615796769541
2.7368421052631575,0.5789473684210527,1.789087489923219,0.5740394863882362
2.7368421052631575,0.5789473684210527,2.1199020238496082,0.558368523028991
2.7368421052631575,0.5789473684210527,2.51188643150958,0.5476176886453735
2.7368421052631575,0.8421052631578947,0.09999999999999999,0.6025092868088824
2.7368421052631575,0.8421052631578947,0.11849068510006666,0.6284148921845701
2.7368421052631575,0.8421052631578947,0.1404004245548316,0.6308218157105357
2.7368421052631575,0.8421052631578947,0.16636142493842218,0.6436750704950728
2.7368421052631575,0.8421052631578947,0.1971227921517696,0.6504805806688361
2.7368421052631575,0.8421052631578947,0.23357214690901223,0.6728090002039993
2.7368421052631575,0.8421052631578947,0.2767612370754227,0.6740023508411469
2.7368421052631575,0.8421052631578947,0.32793628590208806,0.6534438827393808
2.7368421052631575,0.8421052631578947,0.3885739518570975,0.6815194261067344
2.7368421052631575,0.8421052631578947,0.460423937675878,0.6762855730043666
2.7368421052631575,0.8421052631578947,0.5455594781168519,0.6867052771930212
2.7368421052631575,0.8421052631578947,0.646437163249006,0.6736520466608144
2.7368421052631575,0.8421052631578947,0.7659678234751834,0.6689986100691218
2.7368421052631575,0.8421052631578947,0.907600521681814,0.6576016866880565
2.7368421052631575,0.8421052631578947,1.0754220761125606,0.6280448321447938
2.7368421052631575,0.8421052631578947,1.2742749857031335,0.6158354368980403
2.7368421052631575,0.8421052631578947,1.5098971606184193,0.5983478117887819
2.7368421052631575,0.8421052631578947,1.789087489923219,0.5713757922044159
2.7368421052631575,0.8421052631578947,2.1199020238496082,0.5704824007284383
2.7368421052631575,0.8421052631578947,2.51188643150958,0.5506912195961438
2.7368421052631575,1.1052631578947367,0.09999999999999999,0.5892413848500145
2.7368421052631575,1.1052631578947367,0.11849068510006666,0.6225248792044193
2.7368421052631575,1.1052631578947367,0.1404004245548316,0.6483946973888151
2.7368421052631575,1.1052631578947367,0.16636142493842218,0.6125505877285352
2.7368421052631575,1.1052631578947367,0.1971227921517696,0.6711801478860105
2.7368421052631575,1.1052631578947367,0.23357214690901223,0.6662656124866109
2.7368421052631575,1.1052631578947367,0.2767612370754227,0.6918625701050257
2.7368421052631575,1.1052631578947367,0.32793628590208806,0.6913915951435439
2.7368421052631575,1.1052631578947367,0.3885739518570975,0.696788340496767
2.7368421052631575,1.1052631578947367,0.460423937675878,0.7064530859309218
2.7368421052631575,1.1052631578947367,0.5455594781168519,0.6713776030209506
2.7368421052631575,1.1052631578947367,0.646437163249006,0.6898005019122646
2.7368421052631575,1.1052631578947367,0.7659678234751834,0.6634062105201664
2.7368421052631575,1.1052631578947367,0.907600521681814,0.6388117383720424
2.7368421052631575,1.1052631578947367,1.0754220761125606,0.6562597462695724
2.7368421052631575,1.1052631578947367,1.2742749857031335,0.6038171183053721
2.7368421052631575,1.1052631578947367,1.5098971606184193,0.5961475517189556
2.7368421052631575,1.1052631578947367,1.789087489923219,0.5822028916757875
2.7368421052631575,1.1052631578947367,2.1199020238496082,0.5590262649499792
2.7368421052631575,1.1052631578947367,2.51188643150958,0.5506345285404449
2.7368421052631575,1.3684210526315788,0.09999999999999999,0.6283697575057522
2.7368421052631575,1.3684210526315788,0.11849068510006666,0.6422794392611125
2.7368421052631575,1.3684210526315788,0.1404004245548316,0.6488966947703895
2.7368421052631575,1.3684210526315788,0.16636142493842218,0.6657700043287461
2.7368421052631575,1.3684210526315788,0.1971227921517696,0.6510830217157471
2.7368421052631575,1.3684210526315788,0.23357214690901223,0.6879592726460405
2.7368421052631575,1.3684210526315788,0.2767612370754227,0.6733432802639312
2.7368421052631575,1.3684210526315788,0.32793628590208806,0.7022443565985218
2.7368421052631575,1.3684210526315788,0.3885739518570975,0.6932896469951798
2.7368421052631575,1.3684210526315788,0.460423937675878,0.6971801545928141
2.7368421052631575,1.3684210526315788,0.5455594781168519,0.684793464477817
2.7368421052631575,1.3684210526315788,0.646437163249006,0.6760526205523031
2.7368421052631575,1.3684210526315788,0.7659678234751834,0.6735552056512534
2.7368421052631575,1.3684210526315788,0.907600521681814,0.6743853876013256
2.7368421052631575,1.3684210526315788,1.0754220761125606,0.6375275868503463
2.7368421052631575,1.3684210526315788,1.2742749857031335,0.6325639830044194
2.7368421052631575,1.3684210526315788,1.5098971606184193,0.6016318764459577
2.7368421052631575,1.3684210526315788,1.789087489923219,0.5820165945137475
2.7368421052631575,1.3684210526315788,2.1199020238496082,0.5705716988011922
2.7368421052631575,1.3684210526315788,2.51188643150958,0.55481454844955
2.7368421052631575,1.6315789473684208,0.09999999999999999,0.6687497962391581
2.7368421052631575,1.6315789473684208,0.11849068510006666,0.6277400148677855
2.7368421052631575,1.6315789473684208,0.1404004245548316,0.6819322491697289
2.7368421052631575,1.6315789473684208,0.16636142493842218,0.6901649392505408
2.7368421052631575,1.6315789473684208,0.1971227921517696,0.7195627078979754
2.7368421052631575,1.6315789473684208,0.23357214690901223,0.7131260374572604
2.7368421052631575,1.6315789473684208,0.2767612370754227,0.7176952008328145
2.7368421052631575,1.6315789473684208,0.32793628590208806,0.7040882775380785
2.7368421052631575,1.6315789473684208,0.3885739518570975,0.7044403817622409
2.7368421052631575,1.6315789473684208,0.460423937675878,0.714337486782297
2.7368421052631575,1.6315789473684208,0.5455594781168519,0.7158678068243919
2.7368421052631575,1.6315789473684208,0.646437163249006,0.7156134514110869
2.7368421052631575,1.6315789473684208,0.7659678234751834,0.7101912985567687
2.7368421052631575,1.6315789473684208,0.907600521681814,0.6804701907548796
2.7368421052631575,1.6315789473684208,1.0754220761125606,0.6500249611051528
2.7368421052631575,1.6315789473684208,1.2742749857031335,0.6339049442299448
2.7368421052631575,1.6315789473684208,1.5098971606184193,0.6223735016666527
2.7368421052631575,1.6315789473684208,1.789087489923219,0.5962286543933418
2.7368421052631575,1.6315789473684208,2.1199020238496082,0.575931237087691
2.7368421052631575,1.6315789473684208,2.51188643150958,0.5587601448498795
2.7368421052631575,1.8947368421052628,0.09999999999999999,0.6906892749945142
2.7368421052631575,1.8947368421052628,0.11849068510006666,0.6886041256366926
2.7368421052631575,1.8947368421052628,0.1404004245548316,0.7177516449606541
2.7368421052631575,1.8947368421052628,0.16636142493842218,0.7307900682243441
2.7368421052631575,1.8947368421052628,0.1971227921517696,0.7247000464254114
2.7368421052631575,1.8947368421052628,0.23357214690901223,0.7384069333160921
2.7368421052631575,1.8947368421052628,0.2767612370754227,0.7400884650788683
2.7368421052631575,1.8947368421052628,0.32793628590208806,0.7295958276529169
2.7368421052631575,1.8947368421052628,0.3885739518570975,0.767843383222061
2.7368421052631575,1.8947368421052628,0.460423937675878,0.7492466036296669
2.7368421052631575,1.8947368421052628,0.5455594781168519,0.743183865444775
2.7368421052631575,1.8947368421052628,0.646437163249006,0.730030088109979
2.7368421052631575,1.8947368421052628,0.7659678234751834,0.7284135417745815
2.7368421052631575,1.8947368421052628,0.907600521681814,0.7079967291618329
2.7368421052631575,1.8947368421052628,1.0754220761125606,0.6783132137692516
2.7368421052631575,1.8947368421052628,1.2742749857031335,0.654156555350406
2.7368421052631575,1.8947368421052628,1.5098971606184193,0.6222886588977269
2.7368421052631575,1.8947368421052628,1.789087489923219,0.6174871189367712
2.7368421052631575,1.8947368421052628,2.1199020238496082,0.5815749083639894
2.7368421052631575,1.8947368421052628,2.51188643150958,0.5670567996546482
2.7368421052631575,2.1578947368421053,0.09999999999999999,0.7530617646674487
2.7368421052631575,2.1578947368421053,0.11849068510006666,0.757967285984786
2.7368421052631575,2.1578947368421053,0.1404004245548316,0.7499964212061919
2.7368421052631575,2.1578947368421053,0.16636142493842218,0.7614014145136393
2.7368421052631575,2.1578947368421053,0.1971227921517696,0.7762901740720176
2.7368421052631575,2.1578947368421053,0.23357214690901223,0.7748358804542453
2.7368421052631575,2.1578947368421053,0.2767612370754227,0.7919106688789527
2.7368421052631575,2.1578947368421053,0.32793628590208806,0.7972831865068207
2.7368421052631575,2.1578947368421053,0.3885739518570975,0.780871144801814
2.7368421052631575,2.1578947368421053,0.460423937675878,0.810979383475061
2.7368421052631575,2.1578947368421053,0.5455594781168519,0.7835507692252311
2.7368421052631575,2.1578947368421053,0.646437163249006,0.7835152497502352
2.7368421052631575,2.1578947368421053,0.7659678234751834,0.7632619818210686
2.7368421052631575,2.1578947368421053,0.907600521681814,0.741946415669136
2.7368421052631575,2.1578947368421053,1.0754220761125606,0.7134421875176622
2.7368421052631575,2.1578947368421053,1.2742749857031335,0.6872818673432435
2.7368421052631575,2.1578947368421053,1.5098971606184193,0.6575833435092832
2.7368421052631575,2.1578947368421053,1.789087489923219,0.626412609476332
2.7368421052631575,2.1578947368421053,2.1199020238496082,0.6016425059852183
2.7368421052631575,2.1578947368421053,2.51188643150958,0.5785577634976615
2.7368421052631575,2.4210526315789473,0.09999999999999999,0.7974037695269562
2.7368421052631575,2.4210526315789473,0.11849068510006666,0.8044872806634705
2.7368421052631575,2.4210526315789473,0.1404004245548316,0.8220349869071897
2.7368421052631575,2.4210526315789473,0.16636142493842218,0.8158131216819331
2.7368421052631575,2.4210526315789473,0.1971227921517696,0.8284709585538138
2.7368421052631575,2.4210526315789473,0.23357214690901223,0.8425532430634836
2.7368421052631575,2.4210526315789473,0.2767612370754227,0.8415521057289453
2.7368421052631575,2.4210526315789473,0.32793628590208806,0.8557180580997958
2.7368421052631575,2.4210526315789473,0.3885739518570975,0.8650975544466046
2.7368421052631575,2.4210526315789473,0.460423937675878,0.8512844114937665
2.7368421052631575,2.4210526315789473,0.5455594781168519,0.8480186147095917
2.7368421052631575,2.4210526315789473,0.646437163249006,0.8227649594670337
2.7368421052631575,2.4210526315789473,0.7659678234751834,0.8255431234587082
2.7368421052631575,2.4210526315789473,0.907600521681814,0.7808849596372648
2.7368421052631575,2.4210526315789473,1.0754220761125606,0.7553243676033435
2.7368421052631575,2.4210526315789473,1.2742749857031335,0.7213270587814401
2.7368421052631575,2.4210526315789473,1.5098971606184193,0.6838691564501588
2.7368421052631575,2.4210526315789473,1.789087489923219,0.6633520146091315
2.7368421052631575,2.4210526315789473,2.1199020238496082,0.628315237760362
2.7368421052631575,2.4210526315789473,2.51188643150958,0.5997230396401209
2.7368421052631575,2.6842105263157894,0.09999999999999999,0.7894574535393376
2.7368421052631575,2.6842105263157894,0.11849068510006666,0.7993971307847492
2.7368421052631575,2.6842105263157894,0.1404004245548316,0.8191561624633854
2.7368421052631575,2.6842105263157894,0.16636142493842218,0.8293192429270629
2.7368421052631575,2.6842105263157894,0.1971227921517696,0.842020011297976
2.7368421052631575,2.6842105263157894,0.23357214690901223,0.848067594458587
2.7368421052631575,2.6842105263157894,0.2767612370754227,0.8504499447827625
2.7368421052631575,2.6842105263157894,0.32793628590208806,0.8608536127298128
2.7368421052631575,2.6842105263157894,0.3885739518570975,0.8786772308818998
2.7368421052631575,2.6842105263157894,0.460423937675878,0.8802130983027695
2.7368421052631575,2.6842105263157894,0.5455594781168519,0.8858521691570572
2.7368421052631575,2.6842105263157894,0.646437163249006,0.8680556552918045
2.7368421052631575,2.6842105263157894,0.7659678234751834,0.8545484108776302
2.7368421052631575,2.6842105263157894,0.907600521681814,0.8367162411558607
2.7368421052631575,2.6842105263157894,1.0754220761125606,0.7960568781768019
2.7368421052631575,2.6842105263157894,1.2742749857031335,0.7641683333588731
2.7368421052631575,2.6842105263157894,1.5098971606184193,0.7268325415316356
2.7368421052631575,2.6842105263157894,1.789087489923219,0.686164370463524
2.7368421052631575,2.6842105263157894,2.1199020238496082,0.655739074653843
2.7368421052631575,2.6842105263157894,2.51188643150958,0.6209243958440688
2.7368421052631575,2.9473684210526314,0.09999999999999999,0.7642004944253808
2.7368421052631575,2.9473684210526314,0.11849068510006666,0.7767275926182287
2.7368421052631575,2.9473684210526314,0.1404004245548316,0.7959828814603122
2.7368421052631575,2.9473684210526314,0.16636142493842218,0.8069506327509293
2.7368421052631575,2.9473684210526314,0.1971227921517696,0.8248607165619316
2.7368421052631575,2.9473684210526314,0.23357214690901223,0.8339188418055798
2.7368421052631575,2.9473684210526314,0.2767612370754227,0.8508352591148085
2.7368421052631575,2.9473684210526314,0.32793628590208806,0.8482039753844979
2.7368421052631575,2.9473684210526314,0.3885739518570975,0.8682116581610333
2.7368421052631575,2.9473684210526314,0.460423937675878,0.8786813174872888
2.7368421052631575,2.9473684210526314,0.5455594781168519,0.8926335335249309
2.7368421052631575,2.9473684210526314,0.646437163249006,0.8786216954076292
2.7368421052631575,2.9473684210526314,0.7659678234751834,0.866711546413824
2.7368421052631575,2.9473684210526314,0.907600521681814,0.8524675233238523
2.7368421052631575,2.9473684210526314,1.0754220761125606,0.8213675908498426
2.7368421052631575,2.9473684210526314,1.2742749857031335,0.794041749321811
2.7368421052631575,2.9473684210526314,1.5098971606184193,0.7532765997434897
2.7368421052631575,2.9473684210526314,1.789087489923219,0.7175209483042183
2.7368421052631575,2.9473684210526314,2.1199020238496082,0.6714772011799742
2.7368421052631575,2.9473684210526314,2.51188643150958,0.6372391119214142
2.7368421052631575,3.2105263157894735,0.09999999999999999,0.7684939158502494
2.7368421052631575,3.2105263157894735,0.11849068510006666,0.7946860363636256
2.7368421052631575,3.2105263157894735,0.1404004245548316,0.7769369107826761
2.7368421052631575,3.2105263157894735,0.16636142493842218,0.7949784922281328
2.7368421052631575,3.2105263157894735,0.1971227921517696,0.8056444169009479
2.7368421052631575,3.2105263157894735,0.23357214690901223,0.7960613028714832
2.7368421052631575,3.2105263157894735,0.2767612370754227,0.8322053326223344
2.7368421052631575,3.2105263157894735,0.32793628590208806,0.8438877504236645
2.7368421052631575,3.2105263157894735,0.3885739518570975,0.8436700685379953
2.7368421052631575,3.2105263157894735,0.460423937675878,0.8614864324013763
2.7368421052631575,3.2105263157894735,0.5455594781168519,0.8686331769904052
2.7368421052631575,3.2105263157894735,0.646437163249006,0.8668870490324053
2.7368421052631575,3.2105263157894735,0.7659678234751834,0.8533636496181772
2.7368421052631575,3.2105263157894735,0.907600521681814,0.8370083659598904
2.7368421052631575,3.2105263157894735,1.0754220761125606,0.8130256988515568
2.7368421052631575,3.2105263157894735,1.2742749857031335,0.7826012553208945
2.7368421052631575,3.2105263157894735,1.5098971606184193,0.7397807214530558
2.7368421052631575,3.2105263157894735,1.789087489923219,0.7106834267581781
2.7368421052631575,3.2105263157894735,2.1199020238496082,0.6668745143083831
2.7368421052631575,3.2105263157894735,2.51188643150958,0.6324629347586611
2.7368421052631575,3.473684210526316,0.09999999999999999,0.7590339992875867
2.7368421052631575,3.473684210526316,0.11849068510006666,0.7560975842136868
2.7368421052631575,3.473684210526316,0.1404004245548316,0.7737813856543618
2.7368421052631575,3.473684210526316,0.16636142493842218,0.7805500584366242
2.7368421052631575,3.473684210526316,0.1971227921517696,0.7919208012172927
2.7368421052631575,3.473684210526316,0.23357214690901223,0.8118325185934873
2.7368421052631575,3.473684210526316,0.2767612370754227,0.828941601870177
2.7368421052631575,3.473684210526316,0.32793628590208806,0.8268877447247734
2.7368421052631575,3.473684210526316,0.3885739518570975,0.8441561771124951
2.7368421052631575,3.473684210526316,0.460423937675878,0.8330730156564996
2.7368421052631575,3.473684210526316,0.5455594781168519,0.8359857648482445
2.7368421052631575,3.473684210526316,0.646437163249006,0.834157055614373
2.7368421052631575,3.473684210526316,0.7659678234751834,0.8219006054479939
2.7368421052631575,3.473684210526316,0.907600521681814,0.81328381400343
2.7368421052631575,3.473684210526316,1.0754220761125606,0.7993961770314686
2.7368421052631575,3.473684210526316,1.2742749857031335,0.7650594797143461
2.7368421052631575,3.473684210526316,1.5098971606184193,0.7253257017207551
2.7368421052631575,3.473684210526316,1.789087489923219,0.6928963635252102
2.7368421052631575,3.473684210526316,2.1199020238496082,0.6607027827560588
2.7368421052631575,3.473684210526316,2.51188643150958,0.6261236974491491
2.7368421052631575,3.7368421052631575,0.09999999999999999,0.7460186349690572
2.7368421052631575,3.7368421052631575,0.11849068510006666,0.7429287131566894
2.7368421052631575,3.7368421052631575,0.1404004245548316,0.7736470057936551
2.7368421052631575,3.7368421052631575,0.16636142493842218,0.7636007479665078
2.7368421052631575,3.7368421052631575,0.1971227921517696,0.7949758662466301
2.7368421052631575,3.7368421052631575,0.23357214690901223,0.7983305377081696
2.7368421052631575,3.7368421052631575,0.2767612370754227,0.7973053025317692
2.7368421052631575,3.7368421052631575,0.32793628590208806,0.8043702268303479
2.7368421052631575,3.7368421052631575,0.3885739518570975,0.8199292886075586
2.7368421052631575,3.7368421052631575,0.460423937675878,0.815745139154417
2.7368421052631575,3.7368421052631575,0.5455594781168519,0.8179021480956428
2.7368421052631575,3.7368421052631575,0.646437163249006,0.8193776572344762
2.7368421052631575,3.7368421052631575,0.7659678234751834,0.8014811643243579
2.7368421052631575,3.7368421052631575,0.907600521681814,0.7945247403657553
2.7368421052631575,3.7368421052631575,1.0754220761125606,0.7741864536426297
2.7368421052631575,3.7368421052631575,1.2742749857031335,0.749529008059262
2.7368421052631575,3.7368421052631575,1.5098971606184193,0.7261763834733458
2.7368421052631575,3.7368421052631575,1.789087489923219,0.6835905336395124
2.7368421052631575,3.7368421052631575,2.1199020238496082,0.6521344699302152
2.7368421052631575,3.7368421052631575,2.51188643150958,0.6241229251533846
2.7368421052631575,4.0,0.09999999999999999,0.7410970112363396
2.7368421052631575,4.0,0.11849068510006666,0.7613061711665161
2.7368421052631575,4.0,0.1404004245548316,0.7437133766022175
2.7368421052631575,4.0,0.16636142493842218,0.7527667037549997
2.7368421052631575,4.0,0.1971227921517696,0.7713143744758151
2.7368421052631575,4.0,0.23357214690901223,0.7675938685150391
2.7368421052631575,4.0,0.2767612370754227,0.7909261502419058
2.7368421052631575,4.0,0.32793628590208806,0.7939855229600948
2.7368421052631575,4.0,0.3885739518570975,0.7944147958517102
2.7368421052631575,4.0,0.460423937675878,0.8002483786665501
2.7368421052631575,4.0,0.5455594781168519,0.8029170711453965
2.7368421052631575,4.0,0.646437163249006,0.7958394287116509
2.7368421052631575,4.0,0.7659678234751834,0.7888152220784346
2.7368421052631575,4.0,0.907600521681814,0.7778560249522095
2.7368421052631575,4.0,1.0754220761125606,0.7646158087587466
2.7368421052631575,4.0,1.2742749857031335,0.7324896683234695
2.7368421052631575,4.0,1.5098971606184193,0.7068340386427405
2.7368421052631575,4.0,1.789087489923219,0.6805917040848876
2.7368421052631575,4.0,2.1199020238496082,0.6463689210222451
2.7368421052631575,4.0,2.51188643150958,0.6212666368531844
2.9473684210526314,-1.0,0.09999999999999999,0.6122017003839036
2.9473684210526314,-1.0,0.11849068510006666,0.6253146245746456
2.9473684210526314,-1.0,0.1404004245548316,0.611803296433758
2.9473684210526314,-1.0,0.16636142493842218,0.6403419292005181
2.9473684210526314,-1.0,0.1971227921517696,0.6411586485361733
2.9473684210526314,-1.0,0.23357214690901223,0.6492944441320958
2.9473684210526314,-1.0,0.2767612370754227,0.6484646012300068
2.9473684210526314,-1.0,0.32793628590208806,0.646644149744122
2.9473684210526314,-1.0,0.3885739518570975,0.6677644026431231
2.9473684210526314,-1.0,0.460423937675878,0.6528182538773605
2.9473684210526314,-1.0,0.5455594781168519,0.6604423949960884
2.9473684210526314,-1.0,0.646437163249006,0.6656457573572995
2.9473684210526314,-1.0,0.7659678234751834,0.6631613156904983
2.9473684210526314,-1.0,0.907600521681814,0.6550814970067322
2.9473684210526314,-1.0,1.0754220761125606,0.6186947057619171
2.9473684210526314,-1.0,1.2742749857031335,0.6115438003768543
2.9473684210526314,-1.0,1.5098971606184193,0.5896534920820594
2.9473684210526314,-1.0,1.789087489923219,0.5783121112376169
2.9473684210526314,-1.0,2.1199020238496082,0.5645716902259508
2.9473684210526314,-1.0,2.51188643150958,0.5477296430169102
2.9473684210526314,-0.736842105263158,0.09999999999999999,0.6168353192445365
2.9473684210526314,-0.736842105263158,0.11849068510006666,0.6103740424899721
2.9473684210526314,-0.736842105263158,0.1404004245548316,0.6052382407930604
2.9473684210526314,-0.736842105263158,0.16636142493842218,0.627479855609988
2.9473684210526314,-0.736842105263158,0.1971227921517696,0.6333936750753983
2.9473684210526314,-0.736842105263158,0.23357214690901223,0.6350012229517582
2.9473684210526314,-0.736842105263158,0.2767612370754227,0.657269347622661
2.9473684210526314,-0.736842105263158,0.32793628590208806,0.6455091416339238
2.9473684210526314,-0.736842105263158,0.3885739518570975,0.6665883644676486
2.9473684210526314,-0.736842105263158,0.460423937675878,0.6726239707992884
2.9473684210526314,-0.736842105263158,0.5455594781168519,0.6735705053914994
2.9473684210526314,-0.736842105263158,0.646437163249006,0.6541132049874536
2.9473684210526314,-0.736842105263158,0.7659678234751834,0.6720667841861695
2.9473684210526314,-0.736842105263158,0.907600521681814,0.6324396347181727
2.9473684210526314,-0.736842105263158,1.0754220761125606,0.6383976441108239
2.9473684210526314,-0.736842105263158,1.2742749857031335,0.6029380056693642
2.9473684210526314,-0.736842105263158,1.5098971606184193,0.5930172701884416
2.9473684210526314,-0.736842105263158,1.789087489923219,0.5758259617747843
2.9473684210526314,-0.736842105263158,2.1199020238496082,0.5600965344376088
2.9473684210526314,-0.736842105263158,2.51188643150958,0.5481279455461127
2.9473684210526314,-0.4736842105263158,0.09999999999999999,0.6015145694937898
2.9473684210526314,-0.4736842105263158,0.11849068510006666,0.6012249887293641
2.9473684210526314,-0.4736842105263158,0.1404004245548316,0.6319180567007194
2.9473684210526314,-0.4736842105263158,0.16636142493842218,0.6132986539291487
2.9473684210526314,-0.4736842105263158,0.1971227921517696,0.6383820463765597
2.9473684210526314,-0.4736842105263158,0.23357214690901223,0.6428264939567594
2.9473684210526314,-0.4736842105263158,0.2767612370754227,0.650305028405997
2.9473684210526314,-0.4736842105263158,0.32793628590208806,0.6534373112857088
2.9473684210526314,-0.4736842105263158,0.3885739518570975,0.6836371495570653
2.9473684210526314,-0.4736842105263158,0.460423937675878,0.6594460592224725
2.9473684210526314,-0.4736842105263158,0.5455594781168519,0.6634854130900801
2.9473684210526314,-0.4736842105263158,0.646437163249006,0.692740186838494
2.9473684210526314,-0.4736842105263158,0.7659678234751834,0.6567111491047052
2.9473684210526314,-0.4736842105263158,0.907600521681814,0.6334228302300807
2.9473684210526314,-0.4736842105263158,1.0754220761125606,0.6281928467216658
2.9473684210526314,-0.4736842105263158,1.2742749857031335,0.613999282624659
2.9473684210526314,-0.4736842105263158,1.5098971606184193,0.5962213051596649
2.9473684210526314,-0.4736842105263158,1.789087489923219,0.5741457419665253
2.9473684210526314,-0.4736842105263158,2.1199020238496082,0.5599385251473792
2.9473684210526314,-0.4736842105263158,2.51188643150958,0.551626582657699
2.9473684210526314,-0.21052631578947367,0.09999999999999999,0.6172976141838793
2.9473684210526314,-0.21052631578947367,0.11849068510006666,0.6142730968136635
2.9473684210526314,-0.21052631578947367,0.1404004245548316,0.6263372115177361
2.9473684210526314,-0.21052631578947367,0.16636142493842218,0.6352316951847102
2.9473684210526314,-0.21052631578947367,0.1971227921517696,0.6538954938051502
2.9473684210526314,-0.21052631578947367,0.23357214690901223,0.6400445675558916
2.9473684210526314,-0.21052631578947367,0.2767612370754227,0.6625087386986479
2.9473684210526314,-0.21052631578947367,0.32793628590208806,0.6959752635825996
2.9473684210526314,-0.21052631578947367,0.3885739518570975,0.6744370154348892
2.9473684210526314,-0.21052631578947367,0.460423937675878,0.6814045912219734
2.9473684210526314,-0.21052631578947367,0.5455594781168519,0.666145548613159
2.9473684210526314,-0.21052631578947367,0.646437163249006,0.6423307517226835
2.9473684210526314,-0.21052631578947367,0.7659678234751834,0.6711377623558024
2.9473684210526314,-0.21052631578947367,0.907600521681814,0.6343716619525103
2.9473684210526314,-0.21052631578947367,1.0754220761125606,0.6163180141862215
2.9473684210526314,-0.21052631578947367,1.2742749857031335,0.611830493547322
2.9473684210526314,-0.21052631578947367,1.5098971606184193,0.5891186357918445
2.9473684210526314,-0.21052631578947367,1.789087489923219,0.5743014575063753
2.9473684210526314,-0.21052631578947367,2.1199020238496082,0.5598103540675415
2.9473684210526314,-0.21052631578947367,2.51188643150958,0.5489060102051175
2.9473684210526314,0.05263157894736836,0.09999999999999999,0.6105010475121637
2.9473684210526314,0.05263157894736836,0.11849068510006666,0.6031476934832225
2.9473684210526314,0.05263157894736836,0.1404004245548316,0.6005031654591411
2.9473684210526314,0.05263157894736836,0.16636142493842218,0.6295885501115138
2.9473684210526314,0.05263157894736836,0.1971227921517696,0.6247649652364264
2.9473684210526314,0.05263157894736836,0.23357214690901223,0.667214207933955
2.9473684210526314,0.05263157894736836,0.2767612370754227,0.6453005617705472
2.9473684210526314,0.05263157894736836,0.32793628590208806,0.6638343901512469
2.9473684210526314,0.05263157894736836,0.3885739518570975,0.6681000283540837
2.9473684210526314,0.05263157894736836,0.460423937675878,0.6725357951533935
2.9473684210526314,0.05263157894736836,0.5455594781168519,0.6740411943826656
2.9473684210526314,0.05263157894736836,0.646437163249006,0.6677690258029859
2.9473684210526314,0.05263157894736836,0.7659678234751834,0.6708381008567863
2.9473684210526314,0.05263157894736836,0.907600521681814,0.6502080955873132
2.9473684210526314,0.05263157894736836,1.0754220761125606,0.6172592013880338
2.9473684210526314,0.05263157894736836,1.2742749857031335,0.6000101424886314
2.9473684210526314,0.05263157894736836,1.5098971606184193,0.5976709206297942
2.9473684210526314,0.05263157894736836,1.789087489923219,0.5769270841306212
2.9473684210526314,0.05263157894736836,2.1199020238496082,0.5617075450222091
2.9473684210526314,0.05263157894736836,2.51188643150958,0.5520556686954767
2.9473684210526314,0.3157894736842104,0.09999999999999999,0.624503333015776
2.9473684210526314,0.3157894736842104,0.11849068510006666,0.6087116553495893
2.9473684210526314,0.3157894736842104,0.1404004245548316,0.6191839847499067
2.9473684210526314,0.3157894736842104,0.16636142493842218,0.6130592035154021
2.9473684210526314,0.3157894736842104,0.1971227921517696,0.6180584704120113
2.9473684210526314,0.3157894736842104,0.23357214690901223,0.6404427416556214
2.9473684210526314,0.3157894736842104,0.2767612370754227,0.6447572354993264
2.9473684210526314,0.3157894736842104,0.32793628590208806,0.6623656623741423
2.9473684210526314,0.3157894736842104,0.3885739518570975,0.6795743187543554
2.9473684210526314,0.3157894736842104,0.460423937675878,0.6792367354467784
2.9473684210526314,0.3157894736842104,0.5455594781168519,0.6750291508674677
2.9473684210526314,0.3157894736842104,0.646437163249006,0.6727947944974941
2.9473684210526314,0.3157894736842104,0.7659678234751834,0.6573927849471833
2.9473684210526314,0.3157894736842104,0.907600521681814,0.6539482330061976
2.9473684210526314,0.3157894736842104,1.0754220761125606,0.6325871583997824
2.9473684210526314,0.3157894736842104,1.2742749857031335,0.6121769402783129
2.9473684210526314,0.3157894736842104,1.5098971606184193,0.5901816528194082
2.9473684210526314,0.3157894736842104,1.789087489923219,0.5709477928982221
2.9473684210526314,0.3157894736842104,2.1199020238496082,0.5614021758905409
2.9473684210526314,0.3157894736842104,2.51188643150958,0.5475891415169207
2.9473684210526314,0.5789473684210527,0.09999999999999999,0.6236721493131406
2.9473684210526314,0.5789473684210527,0.11849068510006666,0.6257930926208504
2.9473684210526314,0.5789473684210527,0.1404004245548316,0.6297836796136701
2.9473684210526314,0.5789473684210527,0.16636142493842218,0.6257379467007704
2.9473684210526314,0.5789473684210527,0.1971227921517696,0.6621669242015097
2.9473684210526314,0.5789473684210527,0.23357214690901223,0.6473549475939332
2.9473684210526314,0.5789473684210527,0.2767612370754227,0.6870354053328527
2.9473684210526314,0.5789473684210527,0.32793628590208806,0.6579465444572807
2.9473684210526314,0.5789473684210527,0.3885739518570975,0.6518696035825445
2.9473684210526314,0.5789473684210527,0.460423937675878,0.6745123360225174
2.9473684210526314,0.5789473684210527,0.5455594781168519,0.6791222446170323
2.9473684210526314,0.5789473684210527,0.646437163249006,0.6894666833410854
2.9473684210526314,0.5789473684210527,0.7659678234751834,0.6490395795749994
2.9473684210526314,0.5789473684210527,0.907600521681814,0.6607746907481704
2.9473684210526314,0.5789473684210527,1.0754220761125606,0.6315549029636954
2.9473684210526314,0.5789473684210527,1.2742749857031335,0.6041787720851788
2.9473684210526314,0.5789473684210527,1.5098971606184193,0.5844783987157821
2.9473684210526314,0.5789473684210527,1.789087489923219,0.5739619612076312
2.9473684210526314,0.5789473684210527,2.1199020238496082,0.561019095415124
2.9473684210526314,0.5789473684210527,2.51188643150958,0.5459174369292371
2.9473684210526314,0.8421052631578947,0.09999999999999999,0.6063279707694887
2.9473684210526314,0.8421052631578947,0.11849068510006666,0.6197837860761866
2.9473684210526314,0.8421052631578947,0.1404004245548316,0.6129425582232099
2.9473684210526314,0.8421052631578947,0.16636142493842218,0.6232293005158328
2.9473684210526314,0.8421052631578947,0.1971227921517696,0.6467906136169297
2.9473684210526314,0.8421052631578947,0.23357214690901223,0.6602712677504071
2.9473684210526314,0.8421052631578947,0.2767612370754227,0.6762287080771985
2.9473684210526314,0.8421052631578947,0.32793628590208806,0.6572791230064073
2.9473684210526314,0.8421052631578947,0.3885739518570975,0.6907054227320798
2.9473684210526314,0.8421052631578947,0.460423937675878,0.6749891614085154
2.9473684210526314,0.8421052631578947,0.5455594781168519,0.6928456623512843
2.9473684210526314,0.8421052631578947,0.646437163249006,0.6737467400398522
2.9473684210526314,0.8421052631578947,0.7659678234751834,0.668842590028044
2.9473684210526314,0.8421052631578947,0.907600521681814,0.6405329006891703
2.9473684210526314,0.8421052631578947,1.0754220761125606,0.6428723702610005
2.9473684210526314,0.8421052631578947,1.2742749857031335,0.623535063284017
2.9473684210526314,0.8421052631578947,1.5098971606184193,0.5917563971546822
2.9473684210526314,0.8421052631578947,1.789087489923219,0.5661388347937371
2.9473684210526314,0.8421052631578947,2.1199020238496082,0.5621572806036902
2.9473684210526314,0.8421052631578947,2.51188643150958,0.544827144330365
2.9473684210526314,1.1052631578947367,0.09999999999999999,0.6264781038489122
2.9473684210526314,1.1052631578947367,0.11849068510006666,0.6173385057916433
2.9473684210526314,1.1052631578947367,0.1404004245548316,0.6214447385429595
2.9473684210526314,1.1052631578947367,0.16636142493842218,0.631839468771576
2.9473684210526314,1.1052631578947367,0.1971227921517696,0.6558937986594561
2.9473684210526314,1.1052631578947367,0.23357214690901223,0.6358150428965857
2.9473684210526314,1.1052631578947367,0.2767612370754227,0.6643349097414669
2.9473684210526314,1.1052631578947367,0.32793628590208806,0.6770999759409525
2.9473684210526314,1.1052631578947367,0.3885739518570975,0.6760860879355776
2.9473684210526314,1.1052631578947367,0.460423937675878,0.6574005563808256
2.9473684210526314,1.1052631578947367,0.5455594781168519,0.6662163138278855
2.9473684210526314,1.1052631578947367,0.646437163249006,0.6707296847088262
2.9473684210526314,1.1052631578947367,0.7659678234751834,0.6716839373947525
2.9473684210526314,1.1052631578947367,0.907600521681814,0.6437068034384695
2.9473684210526314,1.1052631578947367,1.0754220761125606,0.6308722425119312
2.9473684210526314,1.1052631578947367,1.2742749857031335,0.6257132061784976
2.9473684210526314,1.1052631578947367,1.5098971606184193,0.5944151498036909
2.9473684210526314,1.1052631578947367,1.789087489923219,0.5760651976476424
2.9473684210526314,1.1052631578947367,2.1199020238496082,0.5576281490949323
2.9473684210526314,1.1052631578947367,2.51188643150958,0.5471836595924989
2.9473684210526314,1.3684210526315788,0.09999999999999999,0.6231342813821473
2.9473684210526314,1.3684210526315788,0.11849068510006666,0.6369587328970431
2.9473684210526314,1.3684210526315788,0.1404004245548316,0.6488507036663277
2.9473684210526314,1.3684210526315788,0.16636142493842218,0.6427240627871386
2.9473684210526314,1.3684210526315788,0.1971227921517696,0.6553296202871945
2.9473684210526314,1.3684210526315788,0.23357214690901223,0.6701619771581505
2.9473684210526314,1.3684210526315788,0.2767612370754227,0.6844868007038171
2.9473684210526314,1.3684210526315788,0.32793628590208806,0.6894383758890889
2.9473684210526314,1.3684210526315788,0.3885739518570975,0.68621645682026
2.9473684210526314,1.3684210526315788,0.460423937675878,0.6692430384696165
2.9473684210526314,1.3684210526315788,0.5455594781168519,0.6883034666161377
2.9473684210526314,1.3684210526315788,0.646437163249006,0.67464094848066
2.9473684210526314,1.3684210526315788,0.7659678234751834,0.6829366263740385
2.9473684210526314,1.3684210526315788,0.907600521681814,0.6619935825840316
2.9473684210526314,1.3684210526315788,1.0754220761125606,0.6461433867084636
2.9473684210526314,1.3684210526315788,1.2742749857031335,0.613881804011499
2.9473684210526314,1.3684210526315788,1.5098971606184193,0.5889593702954132
2.9473684210526314,1.3684210526315788,1.789087489923219,0.5846243947470464
2.9473684210526314,1.3684210526315788,2.1199020238496082,0.560293091969016
2.9473684210526314,1.3684210526315788,2.51188643150958,0.5528477312086568
2.9473684210526314,1.6315789473684208,0.09999999999999999,0.6420271333394882
2.9473684210526314,1.6315789473684208,0.11849068510006666,0.6175420598799666
2.9473684210526314,1.6315789473684208,0.1404004245548316,0.6639489924819941
2.9473684210526314,1.6315789473684208,0.16636142493842218,0.6856569639029912
2.9473684210526314,1.6315789473684208,0.1971227921517696,0.6580066061848202
2.9473684210526314,1.6315789473684208,0.23357214690901223,0.6747342885166552
2.9473684210526314,1.6315789473684208,0.2767612370754227,0.6695639861583407
2.9473684210526314,1.6315789473684208,0.32793628590208806,0.688057453089055
2.9473684210526314,1.6315789473684208,0.3885739518570975,0.6981111154970627
2.9473684210526314,1.6315789473684208,0.460423937675878,0.7086074662653462
2.9473684210526314,1.6315789473684208,0.5455594781168519,0.7070981461917618
2.9473684210526314,1.6315789473684208,0.646437163249006,0.6951818627149459
2.9473684210526314,1.6315789473684208,0.7659678234751834,0.6739849993193974
2.9473684210526314,1.6315789473684208,0.907600521681814,0.6713229026149251
2.9473684210526314,1.6315789473684208,1.0754220761125606,0.6474065669335781
2.9473684210526314,1.6315789473684208,1.2742749857031335,0.6382563449890155
2.9473684210526314,1.6315789473684208,1.5098971606184193,0.6006902752703182
2.9473684210526314,1.6315789473684208,1.789087489923219,0.583011274396944
2.9473684210526314,1.6315789473684208,2.1199020238496082,0.566117036455476
2.9473684210526314,1.6315789473684208,2.51188643150958,0.5493387408277107
2.9473684210526314,1.8947368421052628,0.09999999999999999,0.6698468503769112
2.9473684210526314,1.8947368421052628,0.11849068510006666,0.6748740746287054
2.9473684210526314,1.8947368421052628,0.1404004245548316,0.6772850333999478
2.9473684210526314,1.8947368421052628,0.16636142493842218,0.7027919270150227
2.9473684210526314,1.8947368421052628,0.1971227921517696,0.7046809669120796
2.9473684210526314,1.8947368421052628,0.23357214690901223,0.6946225082207517
2.9473684210526314,1.8947368421052628,0.2767612370754227,0.7181961191197123
2.9473684210526314,1.8947368421052628,0.32793628590208806,0.732231822010805
2.9473684210526314,1.8947368421052628,0.3885739518570975,0.7323323387664716
2.9473684210526314,1.8947368421052628,0.460423937675878,0.7368094469491373
2.9473684210526314,1.8947368421052628,0.5455594781168519,0.7311787741364204
2.9473684210526314,1.8947368421052628,0.646437163249006,0.7044072293059521
2.9473684210526314,1.8947368421052628,0.7659678234751834,0.7030854992917578
2.9473684210526314,1.8947368421052628,0.907600521681814,0.6821436551472628
2.9473684210526314,1.8947368421052628,1.0754220761125606,0.6582124172918884
2.9473684210526314,1.8947368421052628,1.2742749857031335,0.6400108115910255
2.9473684210526314,1.8947368421052628,1.5098971606184193,0.6113692083463662
2.9473684210526314,1.8947368421052628,1.789087489923219,0.6030206984763551
2.9473684210526314,1.8947368421052628,2.1199020238496082,0.5845442905874242
2.9473684210526314,1.8947368421052628,2.51188643150958,0.5641933173552939
2.9473684210526314,2.1578947368421053,0.09999999999999999,0.7002500237524235
2.9473684210526314,2.1578947368421053,0.11849068510006666,0.7076551905409462
2.9473684210526314,2.1578947368421053,0.1404004245548316,0.705329761697915
2.9473684210526314,2.1578947368421053,0.16636142493842218,0.720406449451582
2.9473684210526314,2.1578947368421053,0.1971227921517696,0.736679013950545
2.9473684210526314,2.1578947368421053,0.23357214690901223,0.7416676954725117
2.9473684210526314,2.1578947368421053,0.2767612370754227,0.7422086876674071
2.9473684210526314,2.1578947368421053,0.32793628590208806,0.7637746513723614
2.9473684210526314,2.1578947368421053,0.3885739518570975,0.7620041817302217
2.9473684210526314,2.1578947368421053,0.460423937675878,0.7747632498546522
2.9473684210526314,2.1578947368421053,0.5455594781168519,0.7543301551092936
2.9473684210526314,2.1578947368421053,0.646437163249006,0.7500235975884936
2.9473684210526314,2.1578947368421053,0.7659678234751834,0.7301397795104021
2.9473684210526314,2.1578947368421053,0.907600521681814,0.7023105182677785
2.9473684210526314,2.1578947368421053,1.0754220761125606,0.6891362732635844
2.9473684210526314,2.1578947368421053,1.2742749857031335,0.6684442597328368
2.9473684210526314,2.1578947368421053,1.5098971606184193,0.6451288326994677
2.9473684210526314,2.1578947368421053,1.789087489923219,0.6119111938137495
2.9473684210526314,2.1578947368421053,2.1199020238496082,0.5893482235764683
2.9473684210526314,2.1578947368421053,2.51188643150958,0.5739701174013233
2.9473684210526314,2.4210526315789473,0.09999999999999999,0.7571937739629783
2.9473684210526314,2.4210526315789473,0.11849068510006666,0.7539048901301668
2.9473684210526314,2.4210526315789473,0.1404004245548316,0.7594238493565941
2.9473684210526314,2.4210526315789473,0.16636142493842218,0.7726760330616314
2.9473684210526314,2.4210526315789473,0.1971227921517696,0.7947270200630491
2.9473684210526314,2.4210526315789473,0.23357214690901223,0.7968249808081126
2.9473684210526314,2.4210526315789473,0.2767612370754227,0.7987917347381676
2.9473684210526314,2.4210526315789473,0.32793628590208806,0.8135569169947903
2.9473684210526314,2.4210526315789473,0.3885739518570975,0.8142762496868279
2.9473684210526314,2.4210526315789473,0.460423937675878,0.819399333644377
2.9473684210526314,2.4210526315789473,0.5455594781168519,0.8062028845852475
2.9473684210526314,2.4210526315789473,0.646437163249006,0.7826510314112265
2.9473684210526314,2.4210526315789473,0.7659678234751834,0.787194308148774
2.9473684210526314,2.4210526315789473,0.907600521681814,0.7488583584746071
2.9473684210526314,2.4210526315789473,1.0754220761125606,0.7430312178911133
2.9473684210526314,2.4210526315789473,1.2742749857031335,0.6961924283538513
2.9473684210526314,2.4210526315789473,1.5098971606184193,0.6691825248260516
2.9473684210526314,2.4210526315789473,1.789087489923219,0.6391263709158586
2.9473684210526314,2.4210526315789473,2.1199020238496082,0.6102255247594366
2.9473684210526314,2.4210526315789473,2.51188643150958,0.5887373060497849
2.9473684210526314,2.6842105263157894,0.09999999999999999,0.8056276578870553
2.9473684210526314,2.6842105263157894,0.11849068510006666,0.8107756068070512
2.9473684210526314,2.6842105263157894,0.1404004245548316,0.8230538033903285
2.9473684210526314,2.6842105263157894,0.16636142493842218,0.8319771786282497
2.9473684210526314,2.6842105263157894,0.1971227921517696,0.8256997202843943
2.9473684210526314,2.6842105263157894,0.23357214690901223,0.8363922547377199
2.9473684210526314,2.6842105263157894,0.2767612370754227,0.8560442480444134
2.9473684210526314,2.6842105263157894,0.32793628590208806,0.8652310250289837
2.9473684210526314,2.6842105263157894,0.3885739518570975,0.8534147464208698
2.9473684210526314,2.6842105263157894,0.460423937675878,0.8481598094367089
2.9473684210526314,2.6842105263157894,0.5455594781168519,0.8541049917773862
2.9473684210526314,2.6842105263157894,0.646437163249006,0.8413488140578744
2.9473684210526314,2.6842105263157894,0.7659678234751834,0.8227059335365555
2.9473684210526314,2.6842105263157894,0.907600521681814,0.8092744384021663
2.9473684210526314,2.6842105263157894,1.0754220761125606,0.7666441220620811
2.9473684210526314,2.6842105263157894,1.2742749857031335,0.726831334079428
2.9473684210526314,2.6842105263157894,1.5098971606184193,0.6978715003893166
2.9473684210526314,2.6842105263157894,1.789087489923219,0.6647496021971412
2.9473684210526314,2.6842105263157894,2.1199020238496082,0.6262383589209983
2.9473684210526314,2.6842105263157894,2.51188643150958,0.6028983936707498
2.9473684210526314,2.9473684210526314,0.09999999999999999,0.7832802484744463
2.9473684210526314,2.9473684210526314,0.11849068510006666,0.8034846715028208
2.9473684210526314,2.9473684210526314,0.1404004245548316,0.8106676627784599
2.9473684210526314,2.9473684210526314,0.16636142493842218,0.8186862789359883
2.9473684210526314,2.9473684210526314,0.1971227921517696,0.8387738091871366
2.9473684210526314,2.9473684210526314,0.23357214690901223,0.85217253416442
2.9473684210526314,2.9473684210526314,0.2767612370754227,0.8611863906062228
2.9473684210526314,2.9473684210526314,0.32793628590208806,0.8701998337645103
2.9473684210526314,2.9473684210526314,0.3885739518570975,0.8763263507908676
2.9473684210526314,2.9473684210526314,0.460423937675878,0.8775366836180134
2.9473684210526314,2.9473684210526314,0.5455594781168519,0.881600035637559
2.9473684210526314,2.9473684210526314,0.646437163249006,0.8701487636622344
2.9473684210526314,2.9473684210526314,0.7659678234751834,0.8648889211229744
2.9473684210526314,2.9473684210526314,0.907600521681814,0.83764243044361
2.9473684210526314,2.9473684210526314,1.0754220761125606,0.7989876153343235
2.9473684210526314,2.9473684210526314,1.2742749857031335,0.7676229402483103
2.9473684210526314,2.9473684210526314,1.5098971606184193,0.7324116852213632
2.9473684210526314,2.9473684210526314,1.789087489923219,0.6938542669439772
2.9473684210526314,2.9473684210526314,2.1199020238496082,0.6639469599986652
2.9473684210526314,2.9473684210526314,2.51188643150958,0.6260532101628987
2.9473684210526314,3.2105263157894735,0.09999999999999999,0.7667151734921461
2.9473684210526314,3.2105263157894735,0.11849068510006666,0.7775487618899231
2.9473684210526314,3.2105263157894735,0.1404004245548316,0.7932437885894386
2.9473684210526314,3.2105263157894735,0.16636142493842218,0.8055799972534162
2.9473684210526314,3.2105263157894735,0.1971227921517696,0.820606199259704
2.9473684210526314,3.2105263157894735,0.23357214690901223,0.8270585676513855
2.9473684210526314,3.2105263157894735,0.2767612370754227,0.8536699509972747
2.9473684210526314,3.2105263157894735,0.32793628590208806,0.8640959911620151
2.9473684210526314,3.2105263157894735,0.3885739518570975,0.8705038947316383
2.9473684210526314,3.2105263157894735,0.460423937675878,0.8737184532402507
2.9473684210526314,3.2105263157894735,0.5455594781168519,0.8811291379703241
2.9473684210526314,3.2105263157894735,0.646437163249006,0.8792860423626239
2.9473684210526314,3.2105263157894735,0.7659678234751834,0.8642233326936866
2.9473684210526314,3.2105263157894735,0.907600521681814,0.8499334195605125
2.9473684210526314,3.2105263157894735,1.0754220761125606,0.8141753217501074
2.9473684210526314,3.2105263157894735,1.2742749857031335,0.7889780887681209
2.9473684210526314,3.2105263157894735,1.5098971606184193,0.7517822761850288
2.9473684210526314,3.2105263157894735,1.789087489923219,0.708018417206423
2.9473684210526314,3.2105263157894735,2.1199020238496082,0.6746621707976408
2.9473684210526314,3.2105263157894735,2.51188643150958,0.6375715830511718
2.9473684210526314,3.473684210526316,0.09999999999999999,0.7597876601629197
2.9473684210526314,3.473684210526316,0.11849068510006666,0.7617355458236597
2.9473684210526314,3.473684210526316,0.1404004245548316,0.7765190961122762
2.9473684210526314,3.473684210526316,0.16636142493842218,0.8019876608195886
2.9473684210526314,3.473684210526316,0.1971227921517696,0.8184923568710197
2.9473684210526314,3.473684210526316,0.23357214690901223,0.8263898885500452
2.9473684210526314,3.473684210526316,0.2767612370754227,0.833281132114116
2.9473684210526314,3.473684210526316,0.32793628590208806,0.8507125130739653
2.9473684210526314,3.473684210526316,0.3885739518570975,0.8593796913613003
2.9473684210526314,3.473684210526316,0.460423937675878,0.8599795354500709
2.9473684210526314,3.473684210526316,0.5455594781168519,0.8704565818982852
2.9473684210526314,3.473684210526316,0.646437163249006,0.8521022540560841
2.9473684210526314,3.473684210526316,0.7659678234751834,0.8535391689514843
2.9473684210526314,3.473684210526316,0.907600521681814,0.8361856912810088
2.9473684210526314,3.473684210526316,1.0754220761125606,0.8074308149029193
2.9473684210526314,3.473684210526316,1.2742749857031335,0.7765493840871038
2.9473684210526314,3.473684210526316,1.5098971606184193,0.7430246022381446
2.9473684210526314,3.473684210526316,1.789087489923219,0.6978963094233771
2.9473684210526314,3.473684210526316,2.1199020238496082,0.6685925108838954
2.9473684210526314,3.473684210526316,2.51188643150958,0.6333589019149478
2.9473684210526314,3.7368421052631575,0.09999999999999999,0.7506199462258736
2.9473684210526314,3.7368421052631575,0.11849068510006666,0.7654574475957087
2.9473684210526314,3.7368421052631575,0.1404004245548316,0.7772698293298963
2.9473684210526314,3.7368421052631575,0.16636142493842218,0.7871306388241757
2.9473684210526314,3.7368421052631575,0.1971227921517696,0.7943615076704613
2.9473684210526314,3.7368421052631575,0.23357214690901223,0.7880354930989929
2.9473684210526314,3.7368421052631575,0.2767612370754227,0.8312644874716151
2.9473684210526314,3.7368421052631575,0.32793628590208806,0.8206140525638125
2.9473684210526314,3.7368421052631575,0.3885739518570975,0.8151715744413048
2.9473684210526314,3.7368421052631575,0.460423937675878,0.8370182627653802
2.9473684210526314,3.7368421052631575,0.5455594781168519,0.8251977904867418
2.9473684210526314,3.7368421052631575,0.646437163249006,0.8330727679847019
2.9473684210526314,3.7368421052631575,0.7659678234751834,0.8295844068644335
2.9473684210526314,3.7368421052631575,0.907600521681814,0.8115892713013901
2.9473684210526314,3.7368421052631575,1.0754220761125606,0.7878159335373159
2.9473684210526314,3.7368421052631575,1.2742749857031335,0.7545997277846942
2.9473684210526314,3.7368421052631575,1.5098971606184193,0.7245655803285462
2.9473684210526314,3.7368421052631575,1.789087489923219,0.6904863735524305
2.9473684210526314,3.7368421052631575,2.1199020238496082,0.6610632014580246
2.9473684210526314,3.7368421052631575,2.51188643150958,0.6270993142829747
2.9473684210526314,4.0,0.09999999999999999,0.7463208386898847
2.9473684210526314,4.0,0.11849068510006666,0.7520772794440753
2.9473684210526314,4.0,0.1404004245548316,0.7579308078157028
2.9473684210526314,4.0,0.16636142493842218,0.7698142572449443
2.9473684210526314,4.0,0.1971227921517696,0.7662563381636395
2.9473684210526314,4.0,0.23357214690901223,0.7743194670980927
2.9473684210526314,4.0,0.2767612370754227,0.8090022398379609
2.9473684210526314,4.0,0.32793628590208806,0.796559703533348
2.9473684210526314,4.0,0.3885739518570975,0.8086572469180309
2.9473684210526314,4.0,0.460423937675878,0.8165314103477325
2.9473684210526314,4.0,0.5455594781168519,0.8129893031733886
2.9473684210526314,4.0,0.646437163249006,0.8173830536125795
2.9473684210526314,4.0,0.7659678234751834,0.8005858977890744
2.9473684210526314,4.0,0.907600521681814,0.7846314083662858
2.9473684210526314,4.0,1.0754220761125606,0.7675039503586303
2.9473684210526314,4.0,1.2742749857031335,0.745765774003943
2.9473684210526314,4.0,1.5098971606184193,0.7132123542464452
2.9473684210526314,4.0,1.789087489923219,0.686508987782571
2.9473684210526314,4.0,2.1199020238496082,0.6535688095023044
2.9473684210526314,4.0,2.51188643150958,0.6253564125539378
3.1578947368421053,-1.0,0.09999999999999999,0.5796375806510136
3.1578947368421053,-1.0,0.11849068510006666,0.6056276070292818
3.1578947368421053,-1.0,0.1404004245548316,0.6279658293102119
3.1578947368421053,-1.0,0.16636142493842218,0.6478911174324128
3.1578947368421053,-1.0,0.1971227921517696,0.6444988214868571
3.1578947368421053,-1.0,0.23357214690901223,0.6545807489796435
3.1578947368421053,-1.0,0.2767612370754227,0.6644886762281601
3.1578947368421053,-1.0,0.32793628590208806,0.6819907741542602
3.1578947368421053,-1.0,0.3885739518570975,0.6719086278471139
3.1578947368421053,-1.0,0.460423937675878,0.6613036164277715
3.1578947368421053,-1.0,0.5455594781168519,0.6657979289508533
3.1578947368421053,-1.0,0.646437163249006,0.6684007354021414
3.1578947368421053,-1.0,0.7659678234751834,0.6550003050793278
3.1578947368421053,-1.0,0.907600521681814,0.6435246921018115
3.1578947368421053,-1.0,1.0754220761125606,0.6326370428582662
3.1578947368421053,-1.0,1.2742749857031335,0.619121066343909
3.1578947368421053,-1.0,1.5098971606184193,0.5967702976804016
3.1578947368421053,-1.0,1.789087489923219,0.5758259701285154
3.1578947368421053,-1.0,2.1199020238496082,0.5632280643767209
3.1578947368421053,-1.0,2.51188643150958,0.5501122304122146
3.1578947368421053,-0.736842105263158,0.09999999999999999,0.6011621532476891
3.1578947368421053,-0.736842105263158,0.11849068510006666,0.6461135448743365
3.1578947368421053,-0.736842105263158,0.1404004245548316,0.6326396150721388
3.1578947368421053,-0.736842105263158,0.16636142493842218,0.6272915560698786
3.1578947368421053,-0.736842105263158,0.1971227921517696,0.6339605167462826
3.1578947368421053,-0.736842105263158,0.23357214690901223,0.6538198724179973
3.1578947368421053,-0.736842105263158,0.2767612370754227,0.6491487719781107
3.1578947368421053,-0.736842105263158,0.32793628590208806,0.6594226099124623
3.1578947368421053,-0.736842105263158,0.3885739518570975,0.6883586567832682
3.1578947368421053,-0.736842105263158,0.460423937675878,0.6826090285625607
3.1578947368421053,-0.736842105263158,0.5455594781168519,0.678408343320681
3.1578947368421053,-0.736842105263158,0.646437163249006,0.6727762806572655
3.1578947368421053,-0.736842105263158,0.7659678234751834,0.6562817505862104
3.1578947368421053,-0.736842105263158,0.907600521681814,0.6500130913364098
3.1578947368421053,-0.736842105263158,1.0754220761125606,0.6340865789536816
3.1578947368421053,-0.736842105263158,1.2742749857031335,0.609293903613026
3.1578947368421053,-0.736842105263158,1.5098971606184193,0.5871366621648308
3.1578947368421053,-0.736842105263158,1.789087489923219,0.582161086552331
3.1578947368421053,-0.736842105263158,2.1199020238496082,0.5615521315184762
3.1578947368421053,-0.736842105263158,2.51188643150958,0.5469430085195078
3.1578947368421053,-0.4736842105263158,0.09999999999999999,0.621414553738136
3.1578947368421053,-0.4736842105263158,0.11849068510006666,0.6160464027301558
3.1578947368421053,-0.4736842105263158,0.1404004245548316,0.6342102316681683
3.1578947368421053,-0.4736842105263158,0.16636142493842218,0.64313808447356
3.1578947368421053,-0.4736842105263158,0.1971227921517696,0.6313577145703623
3.1578947368421053,-0.4736842105263158,0.23357214690901223,0.6458275742834779
3.1578947368421053,-0.4736842105263158,0.2767612370754227,0.6768883596328878
3.1578947368421053,-0.4736842105263158,0.32793628590208806,0.6472041731750385
3.1578947368421053,-0.4736842105263158,0.3885739518570975,0.6852565315122643
3.1578947368421053,-0.4736842105263158,0.460423937675878,0.6962914216740541
3.1578947368421053,-0.4736842105263158,0.5455594781168519,0.6851728147210158
3.1578947368421053,-0.4736842105263158,0.646437163249006,0.6722082266599414
3.1578947368421053,-0.4736842105263158,0.7659678234751834,0.67120885362389
3.1578947368421053,-0.4736842105263158,0.907600521681814,0.6495653645269217
3.1578947368421053,-0.4736842105263158,1.0754220761125606,0.6461605732623292
3.1578947368421053,-0.4736842105263158,1.2742749857031335,0.621767516501381
3.1578947368421053,-0.4736842105263158,1.5098971606184193,0.5918392020496185
3.1578947368421053,-0.4736842105263158,1.789087489923219,0.567795961252804
3.1578947368421053,-0.4736842105263158,2.1199020238496082,0.5550030444069752
3.1578947368421053,-0.4736842105263158,2.51188643150958,0.5478748967092809
3.1578947368421053,-0.21052631578947367,0.09999999999999999,0.615495844288236
3.1578947368421053,-0.21052631578947367,0.11849068510006666,0.6248616355854493
3.1578947368421053,-0.21052631578947367,0.1404004245548316,0.621593072618647
3.1578947368421053,-0.21052631578947367,0.16636142493842218,0.6329020046672831
3.1578947368421053,-0.21052631578947367,0.1971227921517696,0.6363778084624016
3.1578947368421053,-0.21052631578947367,0.23357214690901223,0.6467539368479535
3.1578947368421053,-0.21052631578947367,0.2767612370754227,0.6403271013496482
3.1578947368421053,-0.21052631578947367,0.32793628590208806,0.641799745673362
3.1578947368421053,-0.21052631578947367,0.3885739518570975,0.6602401345323019
3.1578947368421053,-0.21052631578947367,0.460423937675878,0.7006709668076772
3.1578947368421053,-0.21052631578947367,0.5455594781168519,0.6758398921374437
3.1578947368421053,-0.21052631578947367,0.646437163249006,0.6788813134274332
3.1578947368421053,-0.21052631578947367,0.7659678234751834,0.6648784412893489
3.1578947368421053,-0.21052631578947367,0.907600521681814,0.6548164334410504
3.1578947368421053,-0.21052631578947367,1.0754220761125606,0.6108914263877636
3.1578947368421053,-0.21052631578947367,1.2742749857031335,0.6142091365528642
3.1578947368421053,-0.21052631578947367,1.5098971606184193,0.5966558609246396
3.1578947368421053,-0.21052631578947367,1.789087489923219,0.5774097756139168
3.1578947368421053,-0.21052631578947367,2.1199020238496082,0.5585723583581047
3.1578947368421053,-0.21052631578947367,2.51188643150958,0.5457820304482023
3.1578947368421053,0.05263157894736836,0.09999999999999999,0.6129685787135613
3.1578947368421053,0.05263157894736836,0.11849068510006666,0.6173851613139444
3.1578947368421053,0.05263157894736836,0.1404004245548316,0.6152439288019291
3.1578947368421053,0.05263157894736836,0.16636142493842218,0.6204413872547094
3.1578947368421053,0.05263157894736836,0.1971227921517696,0.6372504638352118
3.1578947368421053,0.05263157894736836,0.23357214690901223,0.6408790597964543
3.1578947368421053,0.05263157894736836,0.2767612370754227,0.6463532384738857
3.1578947368421053,0.05263157894736836,0.32793628590208806,0.6585121068605102
3.1578947368421053,0.05263157894736836,0.3885739518570975,0.6666980194290696
3.1578947368421053,0.05263157894736836,0.460423937675878,0.6598109265104175
3.1578947368421053,0.05263157894736836,0.5455594781168519,0.6785682113546613
3.1578947368421053,0.05263157894736836,0.646437163249006,0.6607131743854816
3.1578947368421053,0.05263157894736836,0.7659678234751834,0.6529497049947722
3.1578947368421053,0.05263157894736836,0.907600521681814,0.6430548089273109
3.1578947368421053,0.05263157894736836,1.0754220761125606,0.628964926881838
3.1578947368421053,0.05263157894736836,1.2742749857031335,0.627057897708356
3.1578947368421053,0.05263157894736836,1.5098971606184193,0.5909136996288561
3.1578947368421053,0.05263157894736836,1.789087489923219,0.5702465400038779
3.1578947368421053,0.05263157894736836,2.1199020238496082,0.5653036621331614
3.1578947368421053,0.05263157894736836,2.51188643150958,0.5451660339566663
3.1578947368421053,0.3157894736842104,0.09999999999999999,0.5681950264430236
3.1578947368421053,0.3157894736842104,0.11849068510006666,0.6046491940234423
3.1578947368421053,0.3157894736842104,0.1404004245548316,0.606691637518666
3.1578947368421053,0.3157894736842104,0.16636142493842218,0.6349213240101317
3.1578947368421053,0.3157894736842104,0.1971227921517696,0.6417129644584134
3.1578947368421053,0.3157894736842104,0.23357214690901223,0.6569514066964213
3.1578947368421053,0.3157894736842104,0.2767612370754227,0.6506687054034365
3.1578947368421053,0.3157894736842104,0.32793628590208806,0.6651079510447209
3.1578947368421053,0.3157894736842104,0.3885739518570975,0.656963147389854
3.1578947368421053,0.3157894736842104,0.460423937675878,0.6685268977870698
3.1578947368421053,0.3157894736842104,0.5455594781168519,0.6989819775491714
3.1578947368421053,0.3157894736842104,0.646437163249006,0.6726137094283692
3.1578947368421053,0.3157894736842104,0.7659678234751834,0.6564551908940887
3.1578947368421053,0.3157894736842104,0.907600521681814,0.6436742628416365
3.1578947368421053,0.3157894736842104,1.0754220761125606,0.6366636491107266
3.1578947368421053,0.3157894736842104,1.2742749857031335,0.6115932634397239
3.1578947368421053,0.3157894736842104,1.5098971606184193,0.5960871408353444
3.1578947368421053,0.3157894736842104,1.789087489923219,0.5697900069382342
3.1578947368421053,0.3157894736842104,2.1199020238496082,0.5588298507615157
3.1578947368421053,0.3157894736842104,2.51188643150958,0.5470834896179505
3.1578947368421053,0.5789473684210527,0.09999999999999999,0.5967405911335325
3.1578947368421053,0.5789473684210527,0.11849068510006666,0.6147388222872783
3.1578947368421053,0.5789473684210527,0.1404004245548316,0.6070509064624425
3.1578947368421053,0.5789473684210527,0.16636142493842218,0.6264905343379474
3.1578947368421053,0.5789473684210527,0.1971227921517696,0.6291427177228089
3.1578947368421053,0.5789473684210527,0.23357214690901223,0.6284780403324135
3.1578947368421053,0.5789473684210527,0.2767612370754227,0.6532215248387703
3.1578947368421053,0.5789473684210527,0.32793628590208806,0.6771711007294698
3.1578947368421053,0.5789473684210527,0.3885739518570975,0.676540690693279
3.1578947368421053,0.5789473684210527,0.460423937675878,0.6843459881615276
3.1578947368421053,0.5789473684210527,0.5455594781168519,0.6632182958309588
3.1578947368421053,0.5789473684210527,0.646437163249006,0.6775762045758221
3.1578947368421053,0.5789473684210527,0.7659678234751834,0.6570236018845843
3.1578947368421053,0.5789473684210527,0.907600521681814,0.6428946905418331
3.1578947368421053,0.5789473684210527,1.0754220761125606,0.6379180628835515
3.1578947368421053,0.5789473684210527,1.2742749857031335,0.6163153257424058
3.1578947368421053,0.5789473684210527,1.5098971606184193,0.5913875142978297
3.1578947368421053,0.5789473684210527,1.789087489923219,0.5833430130662116
3.1578947368421053,0.5789473684210527,2.1199020238496082,0.5632863365966824
3.1578947368421053,0.5789473684210527,2.51188643150958,0.5476913844904427
3.1578947368421053,0.8421052631578947,0.09999999999999999,0.6140929285698202
3.1578947368421053,0.8421052631578947,0.11849068510006666,0.6186827940437022
3.1578947368421053,0.8421052631578947,0.1404004245548316,0.6265919160555408
3.1578947368421053,0.8421052631578947,0.16636142493842218,0.6314049582510376
3.1578947368421053,0.8421052631578947,0.1971227921517696,0.644980169753578
3.1578947368421053,0.8421052631578947,0.23357214690901223,0.6481194200575058
3.1578947368421053,0.8421052631578947,0.2767612370754227,0.6695087708358475
3.1578947368421053,0.8421052631578947,0.32793628590208806,0.6722492940911213
3.1578947368421053,0.8421052631578947,0.3885739518570975,0.6759561541632352
3.1578947368421053,0.8421052631578947,0.460423937675878,0.6733407286854696
3.1578947368421053,0.8421052631578947,0.5455594781168519,0.6822625530629458
3.1578947368421053,0.8421052631578947,0.646437163249006,0.6452479077002489
3.1578947368421053,0.8421052631578947,0.7659678234751834,0.6609055749613777
3.1578947368421053,0.8421052631578947,0.907600521681814,0.635941217470336
3.1578947368421053,0.8421052631578947,1.0754220761125606,0.6319878593540141
3.1578947368421053,0.8421052631578947,1.2742749857031335,0.604192957639824
3.1578947368421053,0.8421052631578947,1.5098971606184193,0.5870071615748
3.1578947368421053,0.8421052631578947,1.789087489923219,0.5846769682079664
3.1578947368421053,0.8421052631578947,2.1199020238496082,0.5564443290018031
3.1578947368421053,0.8421052631578947,2.51188643150958,0.5458438517331479
3.1578947368421053,1.1052631578947367,0.09999999999999999,0.6128187500102136
3.1578947368421053,1.1052631578947367,0.11849068510006666,0.6163545337274234
3.1578947368421053,1.1052631578947367,0.1404004245548316,0.624890659224206
3.1578947368421053,1.1052631578947367,0.16636142493842218,0.6328790001360926
3.1578947368421053,1.1052631578947367,0.1971227921517696,0.6160536836861137
3.1578947368421053,1.1052631578947367,0.23357214690901223,0.6422973917232719
3.1578947368421053,1.1052631578947367,0.2767612370754227,0.6789466364448418
3.1578947368421053,1.1052631578947367,0.32793628590208806,0.6489732455216505
3.1578947368421053,1.1052631578947367,0.3885739518570975,0.6718148571494889
3.1578947368421053,1.1052631578947367,0.460423937675878,0.6704841052854764
3.1578947368421053,1.1052631578947367,0.5455594781168519,0.6901091431723896
3.1578947368421053,1.1052631578947367,0.646437163249006,0.6866633312335078
3.1578947368421053,1.1052631578947367,0.7659678234751834,0.6611305285764868
3.1578947368421053,1.1052631578947367,0.907600521681814,0.6477861203633072
3.1578947368421053,1.1052631578947367,1.0754220761125606,0.6300372374861467
3.1578947368421053,1.1052631578947367,1.2742749857031335,0.6178092751008352
3.1578947368421053,1.1052631578947367,1.5098971606184193,0.5972251867371119
3.1578947368421053,1.1052631578947367,1.789087489923219,0.567856672545127
3.1578947368421053,1.1052631578947367,2.1199020238496082,0.559126631941695
3.1578947368421053,1.1052631578947367,2.51188643150958,0.5517203594174863
3.1578947368421053,1.3684210526315788,0.09999999999999999,0.6195962932202531
3.1578947368421053,1.3684210526315788,0.11849068510006666,0.6312048641376639
3.1578947368421053,1.3684210526315788,0.1404004245548316,0.6504693621964605
3.1578947368421053,1.3684210526315788,0.16636142493842218,0.646239660025749
3.1578947368421053,1.3684210526315788,0.1971227921517696,0.6329407858539282
3.1578947368421053,1.3684210526315788,0.23357214690901223,0.6509366023685492
3.1578947368421053,1.3684210526315788,0.2767612370754227,0.6751434957140082
3.1578947368421053,1.3684210526315788,0.32793628590208806,0.6647999656903587
3.1578947368421053,1.3684210526315788,0.3885739518570975,0.6543792610566336
3.1578947368421053,1.3684210526315788,0.460423937675878,0.6674667217758162
3.1578947368421053,1.3684210526315788,0.5455594781168519,0.6861495994360417
3.1578947368421053,1.3684210526315788,0.646437163249006,0.6706899255336841
3.1578947368421053,1.3684210526315788,0.7659678234751834,0.6654523958218314
3.1578947368421053,1.3684210526315788,0.907600521681814,0.6413299038723979
3.1578947368421053,1.3684210526315788,1.0754220761125606,0.6174822931616447
3.1578947368421053,1.3684210526315788,1.2742749857031335,0.6088578603276119
3.1578947368421053,1.3684210526315788,1.5098971606184193,0.6033034990081046
3.1578947368421053,1.3684210526315788,1.789087489923219,0.5713619261114176
3.1578947368421053,1.3684210526315788,2.1199020238496082,0.5559085845625351
3.1578947368421053,1.3684210526315788,2.51188643150958,0.5539157246357772
3.1578947368421053,1.6315789473684208,0.09999999999999999,0.6381453099402862
3.1578947368421053,1.6315789473684208,0.11849068510006666,0.6356614254187934
3.1578947368421053,1.6315789473684208,0.1404004245548316,0.6414820396171671
3.1578947368421053,1.6315789473684208,0.16636142493842218,0.6585433687096737
3.1578947368421053,1.6315789473684208,0.1971227921517696,0.655286743954705
3.1578947368421053,1.6315789473684208,0.23357214690901223,0.6542520751601503
3.1578947368421053,1.6315789473684208,0.2767612370754227,0.6666518608504872
3.1578947368421053,1.6315789473684208,0.32793628590208806,0.6812409384655644
3.1578947368421053,1.6315789473684208,0.3885739518570975,0.6918407570367111
3.1578947368421053,1.6315789473684208,0.460423937675878,0.6821309780721341
3.1578947368421053,1.6315789473684208,0.5455594781168519,0.6758208358546504
3.1578947368421053,1.6315789473684208,0.646437163249006,0.6832434160906039
3.1578947368421053,1.6315789473684208,0.7659678234751834,0.6629158781041647
3.1578947368421053,1.6315789473684208,0.907600521681814,0.6583249426785465
3.1578947368421053,1.6315789473684208,1.0754220761125606,0.6466263814000136
3.1578947368421053,1.6315789473684208,1.2742749857031335,0.6153813362552193
3.1578947368421053,1.6315789473684208,1.5098971606184193,0.6067657131322534
3.1578947368421053,1.6315789473684208,1.789087489923219,0.5713911341041823
3.1578947368421053,1.6315789473684208,2.1199020238496082,0.5739681563924985
3.1578947368421053,1.6315789473684208,2.51188643150958,0.5524422696248296
3.1578947368421053,1.8947368421052628,0.09999999999999999,0.62471218245298
3.1578947368421053,1.8947368421052628,0.11849068510006666,0.6455819925675232
3.1578947368421053,1.8947368421052628,0.1404004245548316,0.6464859515051237
3.1578947368421053,1.8947368421052628,0.16636142493842218,0.6672667947450194
3.1578947368421053,1.8947368421052628,0.1971227921517696,0.6569406683808912
3.1578947368421053,1.8947368421052628,0.23357214690901223,0.6703078172054261
3.1578947368421053,1.8947368421052628,0.2767612370754227,0.6749171798973458
3.1578947368421053,1.8947368421052628,0.32793628590208806,0.7077535572806839
3.1578947368421053,1.8947368421052628,0.3885739518570975,0.6983547611075709
3.1578947368421053,1.8947368421052628,0.460423937675878,0.7320033628714927
3.1578947368421053,1.8947368421052628,0.5455594781168519,0.7028274484039816
3.1578947368421053,1.8947368421052628,0.646437163249006,0.7041431579523519
3.1578947368421053,1.8947368421052628,0.7659678234751834,0.6879507829396265
3.1578947368421053,1.8947368421052628,0.907600521681814,0.6541446470127136
3.1578947368421053,1.8947368421052628,1.0754220761125606,0.6566048719756691
3.1578947368421053,1.8947368421052628,1.2742749857031335,0.6340773786100994
3.1578947368421053,1.8947368421052628,1.5098971606184193,0.6127437047351416
3.1578947368421053,1.8947368421052628,1.789087489923219,0.5816136536997155
3.1578947368421053,1.8947368421052628,2.1199020238496082,0.5660065963468454
3.1578947368421053,1.8947368421052628,2.51188643150958,0.5523670550219092
3.1578947368421053,2.1578947368421053,0.09999999999999999,0.6624250729282759
3.1578947368421053,2.1578947368421053,0.11849068510006666,0.7052319690833113
3.1578947368421053,2.1578947368421053,0.1404004245548316,0.6689350670261158
3.1578947368421053,2.1578947368421053,0.16636142493842218,0.7038141535227338
3.1578947368421053,2.1578947368421053,0.1971227921517696,0.7041563719137647
3.1578947368421053,2.1578947368421053,0.23357214690901223,0.7146737438645973
3.1578947368421053,2.1578947368421053,0.2767612370754227,0.7060266362394055
3.1578947368421053,2.1578947368421053,0.32793628590208806,0.7196895694346631
3.1578947368421053,2.1578947368421053,0.3885739518570975,0.7471721860918076
3.1578947368421053,2.1578947368421053,0.460423937675878,0.7429466029994639
3.1578947368421053,2.1578947368421053,0.5455594781168519,0.7301708886764791
3.1578947368421053,2.1578947368421053,0.646437163249006,0.7056709852952553
3.1578947368421053,2.1578947368421053,0.7659678234751834,0.7107524056557976
3.1578947368421053,2.1578947368421053,0.907600521681814,0.6775557523141004
3.1578947368421053,2.1578947368421053,1.0754220761125606,0.6767581572691272
3.1578947368421053,2.1578947368421053,1.2742749857031335,0.6440389203349008
3.1578947368421053,2.1578947368421053,1.5098971606184193,0.6174234599651911
3.1578947368421053,2.1578947368421053,1.789087489923219,0.596176032679286
3.1578947368421053,2.1578947368421053,2.1199020238496082,0.5793023571092782
3.1578947368421053,2.1578947368421053,2.51188643150958,0.5621358001440895
3.1578947368421053,2.4210526315789473,0.09999999999999999,0.7107953135178271
3.1578947368421053,2.4210526315789473,0.11849068510006666,0.7266775275829597
3.1578947368421053,2.4210526315789473,0.1404004245548316,0.7448070462988086
3.1578947368421053,2.4210526315789473,0.16636142493842218,0.742353437298289
3.1578947368421053,2.4210526315789473,0.1971227921517696,0.7457323878425953
3.1578947368421053,2.4210526315789473,0.23357214690901223,0.7548693442670987
3.1578947368421053,2.4210526315789473,0.2767612370754227,0.7678813353632682
3.1578947368421053,2.4210526315789473,0.32793628590208806,0.7731400639448599
3.1578947368421053,2.4210526315789473,0.3885739518570975,0.783522635084889
3.1578947368421053,2.4210526315789473,0.460423937675878,0.7906483659977314
3.1578947368421053,2.4210526315789473,0.5455594781168519,0.7794019752871638
3.1578947368421053,2.4210526315789473,0.646437163249006,0.764259864772183
3.1578947368421053,2.4210526315789473,0.7659678234751834,0.7420588071733867
3.1578947368421053,2.4210526315789473,0.907600521681814,0.7161366931715758
3.1578947368421053,2.4210526315789473,1.0754220761125606,0.6793216865459771
3.1578947368421053,2.4210526315789473,1.2742749857031335,0.6762844433944888
3.1578947368421053,2.4210526315789473,1.5098971606184193,0.6366297277247038
3.1578947368421053,2.4210526315789473,1.789087489923219,0.6171256800101905
3.1578947368421053,2.4210526315789473,2.1199020238496082,0.5964317592873208
3.1578947368421053,2.4210526315789473,2.51188643150958,0.5766422872562428
3.1578947368421053,2.6842105263157894,0.09999999999999999,0.7754405714387935
3.1578947368421053,2.6842105263157894,0.11849068510006666,0.7880657001168826
3.1578947368421053,2.6842105263157894,0.1404004245548316,0.7906572351732832
3.1578947368421053,2.6842105263157894,0.16636142493842218,0.7985961953214021
3.1578947368421053,2.6842105263157894,0.1971227921517696,0.7963011788136054
3.1578947368421053,2.6842105263157894,0.23357214690901223,0.8079832499058194
3.1578947368421053,2.6842105263157894,0.2767612370754227,0.8142207688177949
3.1578947368421053,2.6842105263157894,0.32793628590208806,0.8329309508232934
3.1578947368421053,2.6842105263157894,0.3885739518570975,0.8117197422258997
3.1578947368421053,2.6842105263157894,0.460423937675878,0.8232386814249338
3.1578947368421053,2.6842105263157894,0.5455594781168519,0.8034969239072492
3.1578947368421053,2.6842105263157894,0.646437163249006,0.8076012688255167
3.1578947368421053,2.6842105263157894,0.7659678234751834,0.7929928920757376
3.1578947368421053,2.6842105263157894,0.907600521681814,0.750668538330831
3.1578947368421053,2.6842105263157894,1.0754220761125606,0.7260882083197477
3.1578947368421053,2.6842105263157894,1.2742749857031335,0.6896208373125562
3.1578947368421053,2.6842105263157894,1.5098971606184193,0.6775273938810267
3.1578947368421053,2.6842105263157894,1.789087489923219,0.6463537138417516
3.1578947368421053,2.6842105263157894,2.1199020238496082,0.6172918930969843
3.1578947368421053,2.6842105263157894,2.51188643150958,0.5927005124924145
3.1578947368421053,2.9473684210526314,0.09999999999999999,0.8011101030650151
3.1578947368421053,2.9473684210526314,0.11849068510006666,0.7984583930919564
3.1578947368421053,2.9473684210526314,0.1404004245548316,0.8314391574676503
3.1578947368421053,2.9473684210526314,0.16636142493842218,0.8303520131638967
3.1578947368421053,2.9473684210526314,0.1971227921517696,0.8303994748315102
3.1578947368421053,2.9473684210526314,0.23357214690901223,0.8496347405901642
3.1578947368421053,2.9473684210526314,0.2767612370754227,0.8523277626030858
3.1578947368421053,2.9473684210526314,0.32793628590208806,0.8676472582745937
3.1578947368421053,2.9473684210526314,0.3885739518570975,0.874196425399002
3.1578947368421053,2.9473684210526314,0.460423937675878,0.8654414857650427
3.1578947368421053,2.9473684210526314,0.5455594781168519,0.864813346966689
3.1578947368421053,2.9473684210526314,0.646437163249006,0.8477986125855391
3.1578947368421053,2.9473684210526314,0.7659678234751834,0.8283186278779371
3.1578947368421053,2.9473684210526314,0.907600521681814,0.8049122235459613
3.1578947368421053,2.9473684210526314,1.0754220761125606,0.7737745431234648
3.1578947368421053,2.9473684210526314,1.2742749857031335,0.7436417425680336
3.1578947368421053,2.9473684210526314,1.5098971606184193,0.7061229168835852
3.1578947368421053,2.9473684210526314,1.789087489923219,0.6745848984482825
3.1578947368421053,2.9473684210526314,2.1199020238496082,0.6384931285611046
3.1578947368421053,2.9473684210526314,2.51188643150958,0.6103809104745528
3.1578947368421053,3.2105263157894735,0.09999999999999999,0.7822893491913736
3.1578947368421053,3.2105263157894735,0.11849068510006666,0.7961329964074111
3.1578947368421053,3.2105263157894735,0.1404004245548316,0.8086134675251373
3.1578947368421053,3.2105263157894735,0.16636142493842218,0.8123329465070742
3.1578947368421053,3.2105263157894735,0.1971227921517696,0.8304277291930285
3.1578947368421053,3.2105263157894735,0.23357214690901223,0.8514089120181392
3.1578947368421053,3.2105263157894735,0.2767612370754227,0.8589373246138556
3.1578947368421053,3.2105263157894735,0.32793628590208806,0.8640938672074603
3.1578947368421053,3.2105263157894735,0.3885739518570975,0.8746637101173911
3.1578947368421053,3.2105263157894735,0.460423937675878,0.8937824540213415
3.1578947368421053,3.2105263157894735,0.5455594781168519,0.8821436586167163
3.1578947368421053,3.2105263157894735,0.646437163249006,0.8794739625496683
3.1578947368421053,3.2105263157894735,0.7659678234751834,0.8616735759099959
3.1578947368421053,3.2105263157894735,0.907600521681814,0.8426517865180555
3.1578947368421053,3.2105263157894735,1.0754220761125606,0.8176423419943132
3.1578947368421053,3.2105263157894735,1.2742749857031335,0.784034043015886
3.1578947368421053,3.2105263157894735,1.5098971606184193,0.7451685089535921
3.1578947368421053,3.2105263157894735,1.789087489923219,0.7093024387380454
3.1578947368421053,3.2105263157894735,2.1199020238496082,0.6665709905167055
3.1578947368421053,3.2105263157894735,2.51188643150958,0.6269022757859544
3.1578947368421053,3.473684210526316,0.09999999999999999,0.7572780484565784
3.1578947368421053,3.473684210526316,0.11849068510006666,0.778983173925272
3.1578947368421053,3.473684210526316,0.1404004245548316,0.8094821369268811
3.1578947368421053,3.473684210526316,0.16636142493842218,0.8005378434956504
3.1578947368421053,3.473684210526316,0.1971227921517696,0.8072030526306202
3.1578947368421053,3.473684210526316,0.23357214690901223,0.833791139927797
3.1578947368421053,3.473684210526316,0.2767612370754227,0.84872081773107
3.1578947368421053,3.473684210526316,0.32793628590208806,0.8608675780607955
3.1578947368421053,3.473684210526316,0.3885739518570975,0.8670237434891512
3.1578947368421053,3.473684210526316,0.460423937675878,0.8697219468558295
3.1578947368421053,3.473684210526316,0.5455594781168519,0.8815519101254774
3.1578947368421053,3.473684210526316,0.646437163249006,0.8773658967797022
3.1578947368421053,3.473684210526316,0.7659678234751834,0.8668848472058005
3.1578947368421053,3.473684210526316,0.907600521681814,0.848634139213735
3.1578947368421053,3.473684210526316,1.0754220761125606,0.8190937802800901
3.1578947368421053,3.473684210526316,1.2742749857031335,0.7909961782582349
3.1578947368421053,3.473684210526316,1.5098971606184193,0.7488690400578979
3.1578947368421053,3.473684210526316,1.789087489923219,0.7133127485739748
3.1578947368421053,3.473684210526316,2.1199020238496082,0.6722527629059735
3.1578947368421053,3.473684210526316,2.51188643150958,0.6357365290699458
3.1578947368421053,3.7368421052631575,0.09999999999999999,0.7693924440336739
3.1578947368421053,3.7368421052631575,0.11849068510006666,0.7700917033097345
3.1578947368421053,3.7368421052631575,0.1404004245548316,0.7954312571616837
3.1578947368421053,3.7368421052631575,0.16636142493842218,0.799984548226294
3.1578947368421053,3.7368421052631575,0.1971227921517696,0.8186695295920002
3.1578947368421053,3.7368421052631575,0.23357214690901223,0.8171795114491811
3.1578947368421053,3.7368421052631575,0.2767612370754227,0.8421601781187917
3.1578947368421053,3.7368421052631575,0.32793628590208806,0.8470405937785805
3.1578947368421053,3.7368421052631575,0.3885739518570975,0.857557908062375
3.1578947368421053,3.7368421052631575,0.460423937675878,0.8599714131899033
3.1578947368421053,3.7368421052631575,0.5455594781168519,0.8458880254964936
3.1578947368421053,3.7368421052631575,0.646437163249006,0.8602648280143338
3.1578947368421053,3.7368421052631575,0.7659678234751834,0.8418228107797885
3.1578947368421053,3.7368421052631575,0.907600521681814,0.8305068933592283
3.1578947368421053,3.7368421052631575,1.0754220761125606,0.7996834244586675
3.1578947368421053,3.7368421052631575,1.2742749857031335,0.7779978891400151
3.1578947368421053,3.7368421052631575,1.5098971606184193,0.735593795688154
3.1578947368421053,3.7368421052631575,1.789087489923219,0.6967563710666484
3.1578947368421053,3.7368421052631575,2.1199020238496082,0.6646037804922349
3.1578947368421053,3.7368421052631575,2.51188643150958,0.6315906999170079
3.1578947368421053,4.0,0.09999999999999999,0.7395172591679965
3.1578947368421053,4.0,0.11849068510006666,0.779249927612682
3.1578947368421053,4.0,0.1404004245548316,0.7824178761800955
3.1578947368421053,4.0,0.16636142493842218,0.7724622063079962
3.1578947368421053,4.0,0.1971227921517696,0.802168816435819
3.1578947368421053,4.0,0.23357214690901223,0.8018308792591117
3.1578947368421053,4.0,0.2767612370754227,0.7952013869485856
3.1578947368421053,4.0,0.32793628590208806,0.8091458529457518
3.1578947368421053,4.0,0.3885739518570975,0.8273788824182411
3.1578947368421053,4.0,0.460423937675878,0.8272454349938853
3.1578947368421053,4.0,0.5455594781168519,0.8356391334762702
3.1578947368421053,4.0,0.646437163249006,0.8323933740555559
3.1578947368421053,4.0,0.7659678234751834,0.8276941206706241
3.1578947368421053,4.0,0.907600521681814,0.8089317628282658
3.1578947368421053,4.0,1.0754220761125606,0.7807118565146194
3.1578947368421053,4.0,1.2742749857031335,0.7538439870071658
3.1578947368421053,4.0,1.5098971606184193,0.7270920278393384
3.1578947368421053,4.0,1.789087489923219,0.6941560401739579
3.1578947368421053,4.0,2.1199020238496082,0.6581232877232455
3.1578947368421053,4.0,2.51188643150958,0.6252921145766418
3.3684210526315788,-1.0,0.09999999999999999,0.5936791658285965
3.3684210526315788,-1.0,0.11849068510006666,0.6135559816218085
3.3684210526315788,-1.0,0.1404004245548316,0.6323390062458853
3.3684210526315788,-1.0,0.16636142493842218,0.625536915070006
3.3684210526315788,-1.0,0.1971227921517696,0.6510159231580664
3.3684210526315788,-1.0,0.23357214690901223,0.6448420508298914
3.3684210526315788,-1.0,0.2767612370754227,0.6507473924345449
3.3684210526315788,-1.0,0.32793628590208806,0.6493111803386928
3.3684210526315788,-1.0,0.3885739518570975,0.6849347562533219
3.3684210526315788,-1.0,0.460423937675878,0.6813575432081553
3.3684210526315788,-1.0,0.5455594781168519,0.6595171663281978
3.3684210526315788,-1.0,0.646437163249006,0.6729479378316877
3.3684210526315788,-1.0,0.7659678234751834,0.6523030900490584
3.3684210526315788,-1.0,0.907600521681814,0.6466494868974111
3.3684210526315788,-1.0,1.0754220761125606,0.624796533078415
3.3684210526315788,-1.0,1.2742749857031335,0.6023000403556898
3.3684210526315788,-1.0,1.5098971606184193,0.6012188100966808
3.3684210526315788,-1.0,1.789087489923219,0.5745791998535061
3.3684210526315788,-1.0,2.1199020238496082,0.5545646988236179
3.3684210526315788,-1.0,2.51188643150958,0.5534058302665065
3.3684210526315788,-0.736842105263158,0.09999999999999999,0.5999099232204101
3.3684210526315788,-0.736842105263158,0.11849068510006666,0.6266716805659416
3.3684210526315788,-0.736842105263158,0.1404004245548316,0.596197561429656
3.3684210526315788,-0.736842105263158,0.16636142493842218,0.6569096551298651
3.3684210526315788,-0.736842105263158,0.1971227921517696,0.6407806641177543
3.3684210526315788,-0.736842105263158,0.23357214690901223,0.6498458617346916
3.3684210526315788,-0.736842105263158,0.2767612370754227,0.6540849316029123
3.3684210526315788,-0.736842105263158,0.32793628590208806,0.6636738097423124
3.3684210526315788,-0.736842105263158,0.3885739518570975,0.6721651867505399
3.3684210526315788,-0.736842105263158,0.460423937675878,0.7029711745075866
3.3684210526315788,-0.736842105263158,0.5455594781168519,0.7001535589941557
3.3684210526315788,-0.736842105263158,0.646437163249006,0.6671469012283483
3.3684210526315788,-0.736842105263158,0.7659678234751834,0.6667787502756444
3.3684210526315788,-0.736842105263158,0.907600521681814,0.6545195634513546
3.3684210526315788,-0.736842105263158,1.0754220761125606,0.6151299591085376
3.3684210526315788,-0.736842105263158,1.2742749857031335,0.6100153082640486
3.3684210526315788,-0.736842105263158,1.5098971606184193,0.6009811783893573
3.3684210526315788,-0.736842105263158,1.789087489923219,0.5775363061707057
3.3684210526315788,-0.736842105263158,2.1199020238496082,0.5572143976177936
3.3684210526315788,-0.736842105263158,2.51188643150958,0.5485240169084237
3.3684210526315788,-0.4736842105263158,0.09999999999999999,0.601309362015847
3.3684210526315788,-0.4736842105263158,0.11849068510006666,0.6334470065554925
3.3684210526315788,-0.4736842105263158,0.1404004245548316,0.6157385114915979
3.3684210526315788,-0.4736842105263158,0.16636142493842218,0.6270495432008935
3.3684210526315788,-0.4736842105263158,0.1971227921517696,0.662677394806695
3.3684210526315788,-0.4736842105263158,0.23357214690901223,0.660013530842653
3.3684210526315788,-0.4736842105263158,0.2767612370754227,0.6427189446087661
3.3684210526315788,-0.4736842105263158,0.32793628590208806,0.6482044387774615
3.3684210526315788,-0.4736842105263158,0.3885739518570975,0.6572896044020319
3.3684210526315788,-0.4736842105263158,0.460423937675878,0.6608344849638386
3.3684210526315788,-0.4736842105263158,0.5455594781168519,0.6612609591591224
3.3684210526315788,-0.4736842105263158,0.646437163249006,0.6664706084961308
3.3684210526315788,-0.4736842105263158,0.7659678234751834,0.6580240150992427
3.3684210526315788,-0.4736842105263158,0.907600521681814,0.64888586222696
3.3684210526315788,-0.4736842105263158,1.0754220761125606,0.6341616004907622
3.3684210526315788,-0.4736842105263158,1.2742749857031335,0.6071123749380919
3.3684210526315788,-0.4736842105263158,1.5098971606184193,0.5944682241139667
3.3684210526315788,-0.4736842105263158,1.789087489923219,0.5698785167292068
3.3684210526315788,-0.4736842105263158,2.1199020238496082,0.557880343907769
3.3684210526315788,-0.4736842105263158,2.51188643150958,0.5475586561889353
3.3684210526315788,-0.21052631578947367,0.09999999999999999,0.6002109994384862
3.3684210526315788,-0.21052631578947367,0.11849068510006666,0.6090225677736364
3.3684210526315788,-0.21052631578947367,0.1404004245548316,0.62288132666676
3.3684210526315788,-0.21052631578947367,0.16636142493842218,0.6190120633227582
3.3684210526315788,-0.21052631578947367,0.1971227921517696,0.6598047142722794
3.3684210526315788,-0.21052631578947367,0.23357214690901223,0.6654150571923133
3.3684210526315788,-0.21052631578947367,0.2767612370754227,0.6550989405673203
3.3684210526315788,-0.21052631578947367,0.32793628590208806,0.6555063168567121
3.3684210526315788,-0.21052631578947367,0.3885739518570975,0.6763121780065806
3.3684210526315788,-0.21052631578947367,0.460423937675878,0.6905819028960407
3.3684210526315788,-0.21052631578947367,0.5455594781168519,0.6689378868121071
3.3684210526315788,-0.21052631578947367,0.646437163249006,0.6719613702935251
3.3684210526315788,-0.21052631578947367,0.7659678234751834,0.6573732765662479
3.3684210526315788,-0.21052631578947367,0.907600521681814,0.6468807849191544
3.3684210526315788,-0.21052631578947367,1.0754220761125606,0.6274496254010142
3.3684210526315788,-0.21052631578947367,1.2742749857031335,0.6071069865566168
3.3684210526315788,-0.21052631578947367,1.5098971606184193,0.5911572286424548
3.3684210526315788,-0.21052631578947367,1.789087489923219,0.5707222376218962
3.3684210526315788,-0.21052631578947367,2.1199020238496082,0.5580952776060981
3.3684210526315788,-0.21052631578947367,2.51188643150958,0.5495619151157235
3.3684210526315788,0.05263157894736836,0.09999999999999999,0.5817776812984838
3.3684210526315788,0.05263157894736836,0.11849068510006666,0.6125151271689993
3.3684210526315788,0.05263157894736836,0.1404004245548316,0.627106058045883
3.3684210526315788,0.05263157894736836,0.16636142493842218,0.6433185549612005
3.3684210526315788,0.05263157894736836,0.1971227921517696,0.6353049363326158
3.3684210526315788,0.05263157894736836,0.23357214690901223,0.6489167869152492
3.3684210526315788,0.05263157894736836,0.2767612370754227,0.6692323708242462
3.3684210526315788,0.05263157894736836,0.32793628590208806,0.6925178876123904
3.3684210526315788,0.05263157894736836,0.3885739518570975,0.6788169062842054
3.3684210526315788,0.05263157894736836,0.460423937675878,0.6841485464350447
3.3684210526315788,0.05263157894736836,0.5455594781168519,0.6777347691626593
3.3684210526315788,0.05263157894736836,0.646437163249006,0.6889636908530293
3.3684210526315788,0.05263157894736836,0.7659678234751834,0.662306064372637
3.3684210526315788,0.05263157894736836,0.907600521681814,0.6511894754228633
3.3684210526315788,0.05263157894736836,1.0754220761125606,0.6226326590344562
3.3684210526315788,0.05263157894736836,1.2742749857031335,0.6126689682152241
3.3684210526315788,0.05263157894736836,1.5098971606184193,0.5884504200633514
3.3684210526315788,0.05263157894736836,1.789087489923219,0.5827322322508561
3.3684210526315788,0.05263157894736836,2.1199020238496082,0.5566316587810397
3.3684210526315788,0.05263157894736836,2.51188643150958,0.5490868316326022
3.3684210526315788,0.3157894736842104,0.09999999999999999,0.6159781587944699
3.3684210526315788,0.3157894736842104,0.11849068510006666,0.5777337964430705
3.3684210526315788,0.3157894736842104,0.1404004245548316,0.6138736613453523
3.3684210526315788,0.3157894736842104,0.16636142493842218,0.6396001421683425
3.3684210526315788,0.3157894736842104,0.1971227921517696,0.6433027449921277
3.3684210526315788,0.3157894736842104,0.23357214690901223,0.637282353875427
3.3684210526315788,0.3157894736842104,0.2767612370754227,0.6213224693945677
3.3684210526315788,0.3157894736842104,0.32793628590208806,0.6687235347000099
3.3684210526315788,0.3157894736842104,0.3885739518570975,0.688106340908151
3.3684210526315788,0.3157894736842104,0.460423937675878,0.675962318486077
3.3684210526315788,0.3157894736842104,0.5455594781168519,0.6759602759206228
3.3684210526315788,0.3157894736842104,0.646437163249006,0.6718512973359936
3.3684210526315788,0.3157894736842104,0.7659678234751834,0.659811559788842
3.3684210526315788,0.3157894736842104,0.907600521681814,0.6429727183194821
3.3684210526315788,0.3157894736842104,1.0754220761125606,0.631113076516624
3.3684210526315788,0.3157894736842104,1.2742749857031335,0.6192562650486371
3.3684210526315788,0.3157894736842104,1.5098971606184193,0.5953371866142445
3.3684210526315788,0.3157894736842104,1.789087489923219,0.5695162757390282
3.3684210526315788,0.3157894736842104,2.1199020238496082,0.5617847083728394
3.3684210526315788,0.3157894736842104,2.51188643150958,0.5482834098968709
3.3684210526315788,0.5789473684210527,0.09999999999999999,0.611577078558415
3.3684210526315788,0.5789473684210527,0.11849068510006666,0.6062650890236816
3.3684210526315788,0.5789473684210527,0.1404004245548316,0.6427083109417675
3.3684210526315788,0.5789473684210527,0.16636142493842218,0.6240065464356372
3.3684210526315788,0.5789473684210527,0.1971227921517696,0.6581239022233392
3.3684210526315788,0.5789473684210527,0.23357214690901223,0.6611560795663365
3.3684210526315788,0.5789473684210527,0.2767612370754227,0.6395026508033111
3.3684210526315788,0.5789473684210527,0.32793628590208806,0.6757458361228347
3.3684210526315788,0.5789473684210527,0.3885739518570975,0.6592056986792281
3.3684210526315788,0.5789473684210527,0.460423937675878,0.6769602367136318
3.3684210526315788,0.5789473684210527,0.5455594781168519,0.6685224755130461
3.3684210526315788,0.5789473684210527,0.646437163249006,0.6711062455399311
3.3684210526315788,0.5789473684210527,0.7659678234751834,0.6570851720688529
3.3684210526315788,0.5789473684210527,0.907600521681814,0.6538651969314673
3.3684210526315788,0.5789473684210527,1.0754220761125606,0.6419095881749847
3.3684210526315788,0.5789473684210527,1.2742749857031335,0.6200123865151352
3.3684210526315788,0.5789473684210527,1.5098971606184193,0.6008878959970552
3.3684210526315788,0.5789473684210527,1.789087489923219,0.5695786224454328
3.3684210526315788,0.5789473684210527,2.1199020238496082,0.5631801119769783
3.3684210526315788,0.5789473684210527,2.51188643150958,0.5487810852471051
3.3684210526315788,0.8421052631578947,0.09999999999999999,0.6035334607181885
3.3684210526315788,0.8421052631578947,0.11849068510006666,0.6125541566112327
3.3684210526315788,0.8421052631578947,0.1404004245548316,0.619061859706438
3.3684210526315788,0.8421052631578947,0.16636142493842218,0.6086077324656892
3.3684210526315788,0.8421052631578947,0.1971227921517696,0.6394711903250508
3.3684210526315788,0.8421052631578947,0.23357214690901223,0.6469520307222509
3.3684210526315788,0.8421052631578947,0.2767612370754227,0.6514329435867183
3.3684210526315788,0.8421052631578947,0.32793628590208806,0.6544639908182072
3.3684210526315788,0.8421052631578947,0.3885739518570975,0.6646685266064294
3.3684210526315788,0.8421052631578947,0.460423937675878,0.6760961429114166
3.3684210526315788,0.8421052631578947,0.5455594781168519,0.6736604995730098
3.3684210526315788,0.8421052631578947,0.646437163249006,0.6322959801681807
3.3684210526315788,0.8421052631578947,0.7659678234751834,0.6445985669095462
3.3684210526315788,0.8421052631578947,0.907600521681814,0.6597041914467309
3.3684210526315788,0.8421052631578947,1.0754220761125606,0.6408684916696102
3.3684210526315788,0.8421052631578947,1.2742749857031335,0.6177930745810221
3.3684210526315788,0.8421052631578947,1.5098971606184193,0.5991097401530557
3.3684210526315788,0.8421052631578947,1.789087489923219,0.5768162006080149
3.3684210526315788,0.8421052631578947,2.1199020238496082,0.5607303534062367
3.3684210526315788,0.8421052631578947,2.51188643150958,0.5468112192873871
3.3684210526315788,1.1052631578947367,0.09999999999999999,0.6106802576240633
3.3684210526315788,1.1052631578947367,0.11849068510006666,0.6367338058948284
3.3684210526315788,1.1052631578947367,0.1404004245548316,0.6410259534456542
3.3684210526315788,1.1052631578947367,0.16636142493842218,0.6215201806848789
3.3684210526315788,1.1052631578947367,0.1971227921517696,0.6609518169917077
3.3684210526315788,1.1052631578947367,0.23357214690901223,0.6785233595326453
3.3684210526315788,1.1052631578947367,0.2767612370754227,0.656678826264717
3.3684210526315788,1.1052631578947367,0.32793628590208806,0.6601695445635641
3.3684210526315788,1.1052631578947367,0.3885739518570975,0.6702750607255802
3.3684210526315788,1.1052631578947367,0.460423937675878,0.6671584206087546
3.3684210526315788,1.1052631578947367,0.5455594781168519,0.6898579539966119
3.3684210526315788,1.1052631578947367,0.646437163249006,0.6565357293770693
3.3684210526315788,1.1052631578947367,0.7659678234751834,0.643271855721084
3.3684210526315788,1.1052631578947367,0.907600521681814,0.6445973041957379
3.3684210526315788,1.1052631578947367,1.0754220761125606,0.6311776520365971
3.3684210526315788,1.1052631578947367,1.2742749857031335,0.6145506507258004
3.3684210526315788,1.1052631578947367,1.5098971606184193,0.5903877603224926
3.3684210526315788,1.1052631578947367,1.789087489923219,0.5658501660082902
3.3684210526315788,1.1052631578947367,2.1199020238496082,0.5625237086211835
3.3684210526315788,1.1052631578947367,2.51188643150958,0.5494004573248712
3.3684210526315788,1.3684210526315788,0.09999999999999999,0.6342473123298372
3.3684210526315788,1.3684210526315788,0.11849068510006666,0.6179328138411314
3.3684210526315788,1.3684210526315788,0.1404004245548316,0.643565306418652
3.3684210526315788,1.3684210526315788,0.16636142493842218,0.6283906658773176
3.3684210526315788,1.3684210526315788,0.1971227921517696,0.6407608861910931
3.3684210526315788,1.3684210526315788,0.23357214690901223,0.6470692775664202
3.3684210526315788,1.3684210526315788,0.2767612370754227,0.655830970935317
3.3684210526315788,1.3684210526315788,0.32793628590208806,0.6758133776422776
3.3684210526315788,1.3684210526315788,0.3885739518570975,0.6714710563406269
3.3684210526315788,1.3684210526315788,0.460423937675878,0.673896781770297
3.3684210526315788,1.3684210526315788,0.5455594781168519,0.7040600785375247
3.3684210526315788,1.3684210526315788,0.646437163249006,0.665673899819207
3.3684210526315788,1.3684210526315788,0.7659678234751834,0.6656068516106411
3.3684210526315788,1.3684210526315788,0.907600521681814,0.6574667413220496
3.3684210526315788,1.3684210526315788,1.0754220761125606,0.6331126676020196
3.3684210526315788,1.3684210526315788,1.2742749857031335,0.604512685632538
3.3684210526315788,1.3684210526315788,1.5098971606184193,0.5970637811051246
3.3684210526315788,1.3684210526315788,1.789087489923219,0.5755463490776662
3.3684210526315788,1.3684210526315788,2.1199020238496082,0.5622922444024703
3.3684210526315788,1.3684210526315788,2.51188643150958,0.5471723020327379
3.3684210526315788,1.6315789473684208,0.09999999999999999,0.6060108714769752
3.3684210526315788,1.6315789473684208,0.11849068510006666,0.6135626409455175
3.3684210526315788,1.6315789473684208,0.1404004245548316,0.6274653369490392
3.3684210526315788,1.6315789473684208,0.16636142493842218,0.6306929138611461
3.3684210526315788,1.6315789473684208,0.1971227921517696,0.6446392510856228
3.3684210526315788,1.6315789473684208,0.23357214690901223,0.6478479619391023
3.3684210526315788,1.6315789473684208,0.2767612370754227,0.6450029466585128
3.3684210526315788,1.6315789473684208,0.32793628590208806,0.6737963895830141
3.3684210526315788,1.6315789473684208,0.3885739518570975,0.6714100132217634
3.3684210526315788,1.6315789473684208,0.460423937675878,0.7016971620574414
3.3684210526315788,1.6315789473684208,0.5455594781168519,0.6656801125064569
3.3684210526315788,1.6315789473684208,0.646437163249006,0.6844443465305448
3.3684210526315788,1.6315789473684208,0.7659678234751834,0.668592010966074
3.3684210526315788,1.6315789473684208,0.907600521681814,0.6640927464831327
3.3684210526315788,1.6315789473684208,1.0754220761125606,0.6173678159716016
3.3684210526315788,1.6315789473684208,1.2742749857031335,0.6169775839188343
3.3684210526315788,1.6315789473684208,1.5098971606184193,0.5979425772957369
3.3684210526315788,1.6315789473684208,1.789087489923219,0.5747399743447389
3.3684210526315788,1.6315789473684208,2.1199020238496082,0.5665741431725299
3.3684210526315788,1.6315789473684208,2.51188643150958,0.5480565264781461
3.3684210526315788,1.8947368421052628,0.09999999999999999,0.6343900639858082
3.3684210526315788,1.8947368421052628,0.11849068510006666,0.648141737652617
3.3684210526315788,1.8947368421052628,0.1404004245548316,0.6350627511334099
3.3684210526315788,1.8947368421052628,0.16636142493842218,0.6409296700943836
3.3684210526315788,1.8947368421052628,0.1971227921517696,0.6654861378878982
3.3684210526315788,1.8947368421052628,0.23357214690901223,0.6754792485732277
3.3684210526315788,1.8947368421052628,0.2767612370754227,0.6676899251966216
3.3684210526315788,1.8947368421052628,0.32793628590208806,0.6919598414339463
3.3684210526315788,1.8947368421052628,0.3885739518570975,0.6939907797860323
3.3684210526315788,1.8947368421052628,0.460423937675878,0.7121468300616896
3.3684210526315788,1.8947368421052628,0.5455594781168519,0.6932211632125446
3.3684210526315788,1.8947368421052628,0.646437163249006,0.6705197331784549
3.3684210526315788,1.8947368421052628,0.7659678234751834,0.6703209729294045
3.3684210526315788,1.8947368421052628,0.907600521681814,0.6415372439175292
3.3684210526315788,1.8947368421052628,1.0754220761125606,0.6408431900013841
3.3684210526315788,1.8947368421052628,1.2742749857031335,0.6237231796480456
3.3684210526315788,1.8947368421052628,1.5098971606184193,0.5984057987074124
3.3684210526315788,1.8947368421052628,1.789087489923219,0.5865048254313654
3.3684210526315788,1.8947368421052628,2.1199020238496082,0.5615113093624912
3.3684210526315788,1.8947368421052628,2.51188643150958,0.5541938716792741
3.3684210526315788,2.1578947368421053,0.09999999999999999,0.6496548807133733
3.3684210526315788,2.1578947368421053,0.11849068510006666,0.6459922661400209
3.3684210526315788,2.1578947368421053,0.1404004245548316,0.6592091382252457
3.3684210526315788,2.1578947368421053,0.16636142493842218,0.6751240844708678
3.3684210526315788,2.1578947368421053,0.1971227921517696,0.6598947872701906
3.3684210526315788,2.1578947368421053,0.23357214690901223,0.6529320505525201
3.3684210526315788,2.1578947368421053,0.2767612370754227,0.66568515469047
3.3684210526315788,2.1578947368421053,0.32793628590208806,0.6867234043329298
3.3684210526315788,2.1578947368421053,0.3885739518570975,0.7205745500804696
3.3684210526315788,2.1578947368421053,0.460423937675878,0.711123988220187
3.3684210526315788,2.1578947368421053,0.5455594781168519,0.6975198944234667
3.3684210526315788,2.1578947368421053,0.646437163249006,0.6927665274653824
3.3684210526315788,2.1578947368421053,0.7659678234751834,0.6752588674726139
3.3684210526315788,2.1578947368421053,0.907600521681814,0.6616116552235132
3.3684210526315788,2.1578947368421053,1.0754220761125606,0.6592923469788237
3.3684210526315788,2.1578947368421053,1.2742749857031335,0.6383895458287747
3.3684210526315788,2.1578947368421053,1.5098971606184193,0.6077531288674896
3.3684210526315788,2.1578947368421053,1.789087489923219,0.5814233099282828
3.3684210526315788,2.1578947368421053,2.1199020238496082,0.5740716650159488
3.3684210526315788,2.1578947368421053,2.51188643150958,0.5559263866997296
3.3684210526315788,2.4210526315789473,0.09999999999999999,0.6950516469198026
3.3684210526315788,2.4210526315789473,0.11849068510006666,0.7006354767937609
3.3684210526315788,2.4210526315789473,0.1404004245548316,0.6906083182684634
3.3684210526315788,2.4210526315789473,0.16636142493842218,0.6893007735708031
3.3684210526315788,2.4210526315789473,0.1971227921517696,0.7376961008295205
3.3684210526315788,2.4210526315789473,0.23357214690901223,0.7318203401536117
3.3684210526315788,2.4210526315789473,0.2767612370754227,0.7378601384207877
3.3684210526315788,2.4210526315789473,0.32793628590208806,0.716176984748327
3.3684210526315788,2.4210526315789473,0.3885739518570975,0.7299080268274678
3.3684210526315788,2.4210526315789473,0.460423937675878,0.7230953841525909
3.3684210526315788,2.4210526315789473,0.5455594781168519,0.7195747717074392
3.3684210526315788,2.4210526315789473,0.646437163249006,0.7096587078288317
3.3684210526315788,2.4210526315789473,0.7659678234751834,0.7216542095553644
3.3684210526315788,2.4210526315789473,0.907600521681814,0.6928674273690745
3.3684210526315788,2.4210526315789473,1.0754220761125606,0.6768560818480654
3.3684210526315788,2.4210526315789473,1.2742749857031335,0.6485105669302831
3.3684210526315788,2.4210526315789473,1.5098971606184193,0.6274986757248424
3.3684210526315788,2.4210526315789473,1.789087489923219,0.6021709847588386
3.3684210526315788,2.4210526315789473,2.1199020238496082,0.5814185146391749
3.3684210526315788,2.4210526315789473,2.51188643150958,0.5655454322343311
3.3684210526315788,2.6842105263157894,0.09999999999999999,0.7434499054922596
3.3684210526315788,2.6842105263157894,0.11849068510006666,0.7252141244986756
3.3684210526315788,2.6842105263157894,0.1404004245548316,0.7473565909466698
3.3684210526315788,2.6842105263157894,0.16636142493842218,0.7439299539551162
3.3684210526315788,2.6842105263157894,0.1971227921517696,0.7503651504660438
3.3684210526315788,2.6842105263157894,0.23357214690901223,0.7762475647071887
3.3684210526315788,2.6842105263157894,0.2767612370754227,0.7779759483157572
3.3684210526315788,2.6842105263157894,0.32793628590208806,0.765507528509039
3.3684210526315788,2.6842105263157894,0.3885739518570975,0.7926220695343255
3.3684210526315788,2.6842105263157894,0.460423937675878,0.7797706266507045
3.3684210526315788,2.6842105263157894,0.5455594781168519,0.7990198125587462
3.3684210526315788,2.6842105263157894,0.646437163249006,0.7700258887141275
3.3684210526315788,2.6842105263157894,0.7659678234751834,0.7471321635120858
3.3684210526315788,2.6842105263157894,0.907600521681814,0.7229177358846516
3.3684210526315788,2.6842105263157894,1.0754220761125606,0.7003777989355936
3.3684210526315788,2.6842105263157894,1.2742749857031335,0.6822521916610274
3.3684210526315788,2.6842105263157894,1.5098971606184193,0.65680013241411
3.3684210526315788,2.6842105263157894,1.789087489923219,0.6236694358106961
3.3684210526315788,2.6842105263157894,2.1199020238496082,0.6011208304905497
3.3684210526315788,2.6842105263157894,2.51188643150958,0.5811903777518332
3.3684210526315788,2.9473684210526314,0.09999999999999999,0.7782377047376857
3.3684210526315788,2.9473684210526314,0.11849068510006666,0.7907130680719977
3.3684210526315788,2.9473684210526314,0.1404004245548316,0.793586743707226
3.3684210526315788,2.9473684210526314,0.16636142493842218,0.7963878684049078
3.3684210526315788,2.9473684210526314,0.1971227921517696,0.8168718266028123
3.3684210526315788,2.9473684210526314,0.23357214690901223,0.82028931847545
3.3684210526315788,2.9473684210526314,0.2767612370754227,0.8241993855670293
3.3684210526315788,2.9473684210526314,0.32793628590208806,0.8397929156115602
3.3684210526315788,2.9473684210526314,0.3885739518570975,0.8345500011879967
3.3684210526315788,2.9473684210526314,0.460423937675878,0.8115825740693735
3.3684210526315788,2.9473684210526314,0.5455594781168519,0.7975209728356373
3.3684210526315788,2.9473684210526314,0.646437163249006,0.7997791124981185
3.3684210526315788,2.9473684210526314,0.7659678234751834,0.7935551891427185
3.3684210526315788,2.9473684210526314,0.907600521681814,0.7775595048662377
3.3684210526315788,2.9473684210526314,1.0754220761125606,0.7350737945068482
3.3684210526315788,2.9473684210526314,1.2742749857031335,0.7249282946976456
3.3684210526315788,2.9473684210526314,1.5098971606184193,0.6881708191711178
3.3684210526315788,2.9473684210526314,1.789087489923219,0.6510317064927124
3.3684210526315788,2.9473684210526314,2.1199020238496082,0.6268370042370263
3.3684210526315788,2.9473684210526314,2.51188643150958,0.590912219425486
3.3684210526315788,3.2105263157894735,0.09999999999999999,0.8103937033294561
3.3684210526315788,3.2105263157894735,0.11849068510006666,0.8026727340441409
3.3684210526315788,3.2105263157894735,0.1404004245548316,0.8377151128142496
3.3684210526315788,3.2105263157894735,0.16636142493842218,0.8423990573949207
3.3684210526315788,3.2105263157894735,0.1971227921517696,0.8535264646846429
3.3684210526315788,3.2105263157894735,0.23357214690901223,0.863140050815777
3.3684210526315788,3.2105263157894735,0.2767612370754227,0.8703400611874118
3.3684210526315788,3.2105263157894735,0.32793628590208806,0.86189940314299
3.3684210526315788,3.2105263157894735,0.3885739518570975,0.8785716308580152
3.3684210526315788,3.2105263157894735,0.460423937675878,0.8703259468400393
3.3684210526315788,3.2105263157894735,0.5455594781168519,0.8606602154513392
3.3684210526315788,3.2105263157894735,0.646437163249006,0.8569249568046298
3.3684210526315788,3.2105263157894735,0.7659678234751834,0.8417316114221339
3.3684210526315788,3.2105263157894735,0.907600521681814,0.8152922635266009
3.3684210526315788,3.2105263157894735,1.0754220761125606,0.7847091375818718
3.3684210526315788,3.2105263157894735,1.2742749857031335,0.7506941625889325
3.3684210526315788,3.2105263157894735,1.5098971606184193,0.7187587560479858
3.3684210526315788,3.2105263157894735,1.789087489923219,0.6724689781766635
3.3684210526315788,3.2105263157894735,2.1199020238496082,0.6469752015677883
3.3684210526315788,3.2105263157894735,2.51188643150958,0.6110543847093589
3.3684210526315788,3.473684210526316,0.09999999999999999,0.7713127243843909
3.3684210526315788,3.473684210526316,0.11849068510006666,0.7862687799349634
3.3684210526315788,3.473684210526316,0.1404004245548316,0.8046470848755962
3.3684210526315788,3.473684210526316,0.16636142493842218,0.7989216860003854
3.3684210526315788,3.473684210526316,0.1971227921517696,0.8284077553793381
3.3684210526315788,3.473684210526316,0.23357214690901223,0.8336381501156576
3.3684210526315788,3.473684210526316,0.2767612370754227,0.8480795908256045
3.3684210526315788,3.473684210526316,0.32793628590208806,0.8600037311724976
3.3684210526315788,3.473684210526316,0.3885739518570975,0.8750278564061041
3.3684210526315788,3.473684210526316,0.460423937675878,0.88301824299358
3.3684210526315788,3.473684210526316,0.5455594781168519,0.8853469770306547
3.3684210526315788,3.473684210526316,0.646437163249006,0.8822108397593911
3.3684210526315788,3.473684210526316,0.7659678234751834,0.8783267927581295
3.3684210526315788,3.473684210526316,0.907600521681814,0.8539460869655474
3.3684210526315788,3.473684210526316,1.0754220761125606,0.8216311137301546
3.3684210526315788,3.473684210526316,1.2742749857031335,0.7828636900912304
3.3684210526315788,3.473684210526316,1.5098971606184193,0.7453387808935277
3.3684210526315788,3.473684210526316,1.789087489923219,0.7034590544030266
3.3684210526315788,3.473684210526316,2.1199020238496082,0.6679611998671041
3.3684210526315788,3.473684210526316,2.51188643150958,0.6325694315828652
3.3684210526315788,3.7368421052631575,0.09999999999999999,0.7718739504729595
3.3684210526315788,3.7368421052631575,0.11849068510006666,0.7713408209474878
3.3684210526315788,3.7368421052631575,0.1404004245548316,0.7930530675261602
3.3684210526315788,3.7368421052631575,0.16636142493842218,0.803733401818934
3.3684210526315788,3.7368421052631575,0.1971227921517696,0.8220697668427249
3.3684210526315788,3.7368421052631575,0.23357214690901223,0.8165352022360525
3.3684210526315788,3.7368421052631575,0.2767612370754227,0.8465895329900219
3.3684210526315788,3.7368421052631575,0.32793628590208806,0.846539321785606
3.3684210526315788,3.7368421052631575,0.3885739518570975,0.863581094120255
3.3684210526315788,3.7368421052631575,0.460423937675878,0.8776726974313914
3.3684210526315788,3.7368421052631575,0.5455594781168519,0.8795444425817254
3.3684210526315788,3.7368421052631575,0.646437163249006,0.8753906776049535
3.3684210526315788,3.7368421052631575,0.7659678234751834,0.8579591026173131
3.3684210526315788,3.7368421052631575,0.907600521681814,0.844075533567112
3.3684210526315788,3.7368421052631575,1.0754220761125606,0.8204861818694141
3.3684210526315788,3.7368421052631575,1.2742749857031335,0.7882475417920414
3.3684210526315788,3.7368421052631575,1.5098971606184193,0.7516866234144891
3.3684210526315788,3.7368421052631575,1.789087489923219,0.7110719716320044
3.3684210526315788,3.7368421052631575,2.1199020238496082,0.6710666461404456
3.3684210526315788,3.7368421052631575,2.51188643150958,0.6329398668717467
3.3684210526315788,4.0,0.09999999999999999,0.7718834724224046
3.3684210526315788,4.0,0.11849068510006666,0.7718951753170427
3.3684210526315788,4.0,0.1404004245548316,0.78394702734247
3.3684210526315788,4.0,0.16636142493842218,0.7893727435035295
3.3684210526315788,4.0,0.1971227921517696,0.8103424688621946
3.3684210526315788,4.0,0.23357214690901223,0.8215386197688368
3.3684210526315788,4.0,0.2767612370754227,0.8307586701784069
3.3684210526315788,4.0,0.32793628590208806,0.828583266301281
3.3684210526315788,4.0,0.3885739518570975,0.8579946950257558
3.3684210526315788,4.0,0.460423937675878,0.8480908446812484
3.3684210526315788,4.0,0.5455594781168519,0.8484047680714502
3.3684210526315788,4.0,0.646437163249006,0.852170080060735
3.3684210526315788,4.0,0.7659678234751834,0.827747478783582
3.3684210526315788,4.0,0.907600521681814,0.831183134858619
3.3684210526315788,4.0,1.0754220761125606,0.7944987085014122
3.3684210526315788,4.0,1.2742749857031335,0.7695139068229833
3.3684210526315788,4.0,1.5098971606184193,0.7341140548722889
3.3684210526315788,4.0,1.789087489923219,0.69663662303985
3.3684210526315788,4.0,2.1199020238496082,0.6660422469937823
3.3684210526315788,4.0,2.51188643150958,0.6310330827228208
3.578947368421052,-1.0,0.09999999999999999,0.5967031994376412
3.578947368421052,-1.0,0.11849068510006666,0.5929322782780958
3.578947368421052,-1.0,0.1404004245548316,0.612024623391381
3.578947368421052,-1.0,0.16636142493842218,0.6332257877095608
3.578947368421052,-1.0,0.1971227921517696,0.6609945794008835
3.578947368421052,-1.0,0.23357214690901223,0.6350244074767716
3.578947368421052,-1.0,0.2767612370754227,0.6540586771726629
3.578947368421052,-1.0,0.32793628590208806,0.6747648332608038
3.578947368421052,-1.0,0.3885739518570975,0.6640802895630714
3.578947368421052,-1.0,0.460423937675878,0.6696386365784527
3.578947368421052,-1.0,0.5455594781168519,0.6761402036199188
3.578947368421052,-1.0,0.646437163249006,0.6713902456823421
3.578947368421052,-1.0,0.7659678234751834,0.6684943761172227
3.578947368421052,-1.0,0.907600521681814,0.6567506881745218
3.578947368421052,-1.0,1.0754220761125606,0.6171510837479929
3.578947368421052,-1.0,1.2742749857031335,0.6205706244851042
3.578947368421052,-1.0,1.5098971606184193,0.6002237666868458
3.578947368421052,-1.0,1.789087489923219,0.5852563880550519
3.578947368421052,-1.0,2.1199020238496082,0.5626046207977484
3.578947368421052,-1.0,2.51188643150958,0.544012133659504
3.578947368421052,-0.736842105263158,0.09999999999999999,0.6106510936189564
3.578947368421052,-0.736842105263158,0.11849068510006666,0.6225393486170063
3.578947368421052,-0.736842105263158,0.1404004245548316,0.6116996081769368
3.578947368421052,-0.736842105263158,0.16636142493842218,0.6422198234993245
3.578947368421052,-0.736842105263158,0.1971227921517696,0.6603544773948158
3.578947368421052,-0.736842105263158,0.23357214690901223,0.6474813667580923
3.578947368421052,-0.736842105263158,0.2767612370754227,0.6591445941473837
3.578947368421052,-0.736842105263158,0.32793628590208806,0.6751016076364068
3.578947368421052,-0.736842105263158,0.3885739518570975,0.664857127362955
3.578947368421052,-0.736842105263158,0.460423937675878,0.6899693611967661
3.578947368421052,-0.736842105263158,0.5455594781168519,0.6868725742466061
3.578947368421052,-0.736842105263158,0.646437163249006,0.6842280541159502
3.578947368421052,-0.736842105263158,0.7659678234751834,0.6585856669355223
3.578947368421052,-0.736842105263158,0.907600521681814,0.6379544568331105
3.578947368421052,-0.736842105263158,1.0754220761125606,0.6268957714122774
3.578947368421052,-0.736842105263158,1.2742749857031335,0.6064703274480515
3.578947368421052,-0.736842105263158,1.5098971606184193,0.6022258326512832
3.578947368421052,-0.736842105263158,1.789087489923219,0.5760782339509648
3.578947368421052,-0.736842105263158,2.1199020238496082,0.5555772454583665
3.578947368421052,-0.736842105263158,2.51188643150958,0.5480643815705261
3.578947368421052,-0.4736842105263158,0.09999999999999999,0.591390322901047
3.578947368421052,-0.4736842105263158,0.11849068510006666,0.6081539795592099
3.578947368421052,-0.4736842105263158,0.1404004245548316,0.6039599712999407
3.578947368421052,-0.4736842105263158,0.16636142493842218,0.6316405941301978
3.578947368421052,-0.4736842105263158,0.1971227921517696,0.6339464239196404
3.578947368421052,-0.4736842105263158,0.23357214690901223,0.6550515064623281
3.578947368421052,-0.4736842105263158,0.2767612370754227,0.6608277197709427
3.578947368421052,-0.4736842105263158,0.32793628590208806,0.6510304451423522
3.578947368421052,-0.4736842105263158,0.3885739518570975,0.6371635066043151
3.578947368421052,-0.4736842105263158,0.460423937675878,0.6724713007851131
3.578947368421052,-0.4736842105263158,0.5455594781168519,0.6688723684392861
3.578947368421052,-0.4736842105263158,0.646437163249006,0.6695604751447475
3.578947368421052,-0.4736842105263158,0.7659678234751834,0.6434825186984616
3.578947368421052,-0.4736842105263158,0.907600521681814,0.6535506501337193
3.578947368421052,-0.4736842105263158,1.0754220761125606,0.630751306154962
3.578947368421052,-0.4736842105263158,1.2742749857031335,0.6092461147782101
3.578947368421052,-0.4736842105263158,1.5098971606184193,0.6041284128593432
3.578947368421052,-0.4736842105263158,1.789087489923219,0.5784271384723021
3.578947368421052,-0.4736842105263158,2.1199020238496082,0.5542249837579589
3.578947368421052,-0.4736842105263158,2.51188643150958,0.5451332139470888
3.578947368421052,-0.21052631578947367,0.09999999999999999,0.5850733208905176
3.578947368421052,-0.21052631578947367,0.11849068510006666,0.6112737095086274
3.578947368421052,-0.21052631578947367,0.1404004245548316,0.6312179512344008
3.578947368421052,-0.21052631578947367,0.16636142493842218,0.6297999767266932
3.578947368421052,-0.21052631578947367,0.1971227921517696,0.621350285218713
3.578947368421052,-0.21052631578947367,0.23357214690901223,0.6523959165076125
3.578947368421052,-0.21052631578947367,0.2767612370754227,0.6387688210647782
3.578947368421052,-0.21052631578947367,0.32793628590208806,0.6691149117243477
3.578947368421052,-0.21052631578947367,0.3885739518570975,0.6869223712696813
3.578947368421052,-0.21052631578947367,0.460423937675878,0.6602618299323217
3.578947368421052,-0.21052631578947367,0.5455594781168519,0.6736883726105104
3.578947368421052,-0.21052631578947367,0.646437163249006,0.6660130826475629
3.578947368421052,-0.21052631578947367,0.7659678234751834,0.6455381403403447
3.578947368421052,-0.21052631578947367,0.907600521681814,0.6570682824851654
3.578947368421052,-0.21052631578947367,1.0754220761125606,0.6206643683331275
3.578947368421052,-0.21052631578947367,1.2742749857031335,0.6177521827704766
3.578947368421052,-0.21052631578947367,1.5098971606184193,0.5919589684544249
3.578947368421052,-0.21052631578947367,1.789087489923219,0.5790225534994787
3.578947368421052,-0.21052631578947367,2.1199020238496082,0.5608582411713754
3.578947368421052,-0.21052631578947367,2.51188643150958,0.5474602432611814
3.578947368421052,0.05263157894736836,0.09999999999999999,0.6230084862093678
3.578947368421052,0.05263157894736836,0.11849068510006666,0.5985867400430276
3.578947368421052,0.05263157894736836,0.1404004245548316,0.639613194017907
3.578947368421052,0.05263157894736836,0.16636142493842218,0.6286938046517508
3.578947368421052,0.05263157894736836,0.1971227921517696,0.6332195297505483
3.578947368421052,0.05263157894736836,0.23357214690901223,0.6500673598584111
3.578947368421052,0.05263157894736836,0.2767612370754227,0.6655402052701828
3.578947368421052,0.05263157894736836,0.32793628590208806,0.6551340976627914
3.578947368421052,0.05263157894736836,0.3885739518570975,0.6736829307079977
3.578947368421052,0.05263157894736836,0.460423937675878,0.6683625907991289
3.578947368421052,0.05263157894736836,0.5455594781168519,0.6799987180843857
3.578947368421052,0.05263157894736836,0.646437163249006,0.6537399582520743
3.578947368421052,0.05263157894736836,0.7659678234751834,0.6537894385936006
3.578947368421052,0.05263157894736836,0.907600521681814,0.6521728672897584
3.578947368421052,0.05263157894736836,1.0754220761125606,0.6373616774341477
3.578947368421052,0.05263157894736836,1.2742749857031335,0.6142392407772128
3.578947368421052,0.05263157894736836,1.5098971606184193,0.5920767690342107
3.578947368421052,0.05263157894736836,1.789087489923219,0.5874678612647201
3.578947368421052,0.05263157894736836,2.1199020238496082,0.558509441730854
3.578947368421052,0.05263157894736836,2.51188643150958,0.5433030508584334
3.578947368421052,0.3157894736842104,0.09999999999999999,0.6255950720335451
3.578947368421052,0.3157894736842104,0.11849068510006666,0.6006396021680802
3.578947368421052,0.3157894736842104,0.1404004245548316,0.6177054623562626
3.578947368421052,0.3157894736842104,0.16636142493842218,0.6302371347401948
3.578947368421052,0.3157894736842104,0.1971227921517696,0.638418112214522
3.578947368421052,0.3157894736842104,0.23357214690901223,0.649364751438322
3.578947368421052,0.3157894736842104,0.2767612370754227,0.6731068694756125
3.578947368421052,0.3157894736842104,0.32793628590208806,0.6675522063292297
3.578947368421052,0.3157894736842104,0.3885739518570975,0.6877284387993178
3.578947368421052,0.3157894736842104,0.460423937675878,0.648890496965124
3.578947368421052,0.3157894736842104,0.5455594781168519,0.6779767696704068
3.578947368421052,0.3157894736842104,0.646437163249006,0.6607748432956653
3.578947368421052,0.3157894736842104,0.7659678234751834,0.6512064527789068
3.578947368421052,0.3157894736842104,0.907600521681814,0.6558178321481093
3.578947368421052,0.3157894736842104,1.0754220761125606,0.6213497427772007
3.578947368421052,0.3157894736842104,1.2742749857031335,0.6020370491705961
3.578947368421052,0.3157894736842104,1.5098971606184193,0.5872252181512817
3.578947368421052,0.3157894736842104,1.789087489923219,0.5774069961729819
3.578947368421052,0.3157894736842104,2.1199020238496082,0.5540100857995301
3.578947368421052,0.3157894736842104,2.51188643150958,0.546366126653671
3.578947368421052,0.5789473684210527,0.09999999999999999,0.5964697094214318
3.578947368421052,0.5789473684210527,0.11849068510006666,0.6151535924381035
3.578947368421052,0.5789473684210527,0.1404004245548316,0.6196027460172991
3.578947368421052,0.5789473684210527,0.16636142493842218,0.6270845977888495
3.578947368421052,0.5789473684210527,0.1971227921517696,0.6156764168179134
3.578947368421052,0.5789473684210527,0.23357214690901223,0.6589756682777027
3.578947368421052,0.5789473684210527,0.2767612370754227,0.6385398304556967
3.578947368421052,0.5789473684210527,0.32793628590208806,0.6658785085856975
3.578947368421052,0.5789473684210527,0.3885739518570975,0.6625340053918994
3.578947368421052,0.5789473684210527,0.460423937675878,0.6933361963992108
3.578947368421052,0.5789473684210527,0.5455594781168519,0.6704216510971904
3.578947368421052,0.5789473684210527,0.646437163249006,0.675801460612981
3.578947368421052,0.5789473684210527,0.7659678234751834,0.6584650332379554
3.578947368421052,0.5789473684210527,0.907600521681814,0.6453665014959923
3.578947368421052,0.5789473684210527,1.0754220761125606,0.6273178043818479
3.578947368421052,0.5789473684210527,1.2742749857031335,0.6005999645849345
3.578947368421052,0.5789473684210527,1.5098971606184193,0.5980167359349587
3.578947368421052,0.5789473684210527,1.789087489923219,0.5757890204116074
3.578947368421052,0.5789473684210527,2.1199020238496082,0.5596441154244013
3.578947368421052,0.5789473684210527,2.51188643150958,0.5469326246059218
3.578947368421052,0.8421052631578947,0.09999999999999999,0.5870971667691959
3.578947368421052,0.8421052631578947,0.11849068510006666,0.6145664479974007
3.578947368421052,0.8421052631578947,0.1404004245548316,0.6317961601781235
3.578947368421052,0.8421052631578947,0.16636142493842218,0.6531262933940641
3.578947368421052,0.8421052631578947,0.1971227921517696,0.6261291535974712
3.578947368421052,0.8421052631578947,0.23357214690901223,0.6649482820531165
3.578947368421052,0.8421052631578947,0.2767612370754227,0.6695663672375255
3.578947368421052,0.8421052631578947,0.32793628590208806,0.6566764933389314
3.578947368421052,0.8421052631578947,0.3885739518570975,0.6707284929435602
3.578947368421052,0.8421052631578947,0.460423937675878,0.6890482826623869
3.578947368421052,0.8421052631578947,0.5455594781168519,0.6726772404985103
3.578947368421052,0.8421052631578947,0.646437163249006,0.6730194558654896
3.578947368421052,0.8421052631578947,0.7659678234751834,0.6588171761230761
3.578947368421052,0.8421052631578947,0.907600521681814,0.6383003091026407
3.578947368421052,0.8421052631578947,1.0754220761125606,0.6371133277539252
3.578947368421052,0.8421052631578947,1.2742749857031335,0.6050894514980325
3.578947368421052,0.8421052631578947,1.5098971606184193,0.6046289250026473
3.578947368421052,0.8421052631578947,1.789087489923219,0.5760552829150135
3.578947368421052,0.8421052631578947,2.1199020238496082,0.5609767979284052
3.578947368421052,0.8421052631578947,2.51188643150958,0.5479639291706191
3.578947368421052,1.1052631578947367,0.09999999999999999,0.6219042590866726
3.578947368421052,1.1052631578947367,0.11849068510006666,0.6040363559776738
3.578947368421052,1.1052631578947367,0.1404004245548316,0.6309665070027382
3.578947368421052,1.1052631578947367,0.16636142493842218,0.614195199543575
3.578947368421052,1.1052631578947367,0.1971227921517696,0.635319944563344
3.578947368421052,1.1052631578947367,0.23357214690901223,0.65810769291706
3.578947368421052,1.1052631578947367,0.2767612370754227,0.6536512541178443
3.578947368421052,1.1052631578947367,0.32793628590208806,0.6574951273441748
3.578947368421052,1.1052631578947367,0.3885739518570975,0.6492316809768522
3.578947368421052,1.1052631578947367,0.460423937675878,0.6782515315233602
3.578947368421052,1.1052631578947367,0.5455594781168519,0.659327017608931
3.578947368421052,1.1052631578947367,0.646437163249006,0.6675115555351386
3.578947368421052,1.1052631578947367,0.7659678234751834,0.6501492513610919
3.578947368421052,1.1052631578947367,0.907600521681814,0.6483236953960753
3.578947368421052,1.1052631578947367,1.0754220761125606,0.6314028349439795
3.578947368421052,1.1052631578947367,1.2742749857031335,0.6025006521456875
3.578947368421052,1.1052631578947367,1.5098971606184193,0.5940881503602532
3.578947368421052,1.1052631578947367,1.789087489923219,0.5750462213511338
3.578947368421052,1.1052631578947367,2.1199020238496082,0.5687454724795382
3.578947368421052,1.1052631578947367,2.51188643150958,0.5470902791060441
3.578947368421052,1.3684210526315788,0.09999999999999999,0.5977427086934147
3.578947368421052,1.3684210526315788,0.11849068510006666,0.6145392554868943
3.578947368421052,1.3684210526315788,0.1404004245548316,0.6081809135444063
3.578947368421052,1.3684210526315788,0.16636142493842218,0.6118878060661198
3.578947368421052,1.3684210526315788,0.1971227921517696,0.6442947099738053
3.578947368421052,1.3684210526315788,0.23357214690901223,0.644553490017374
3.578947368421052,1.3684210526315788,0.2767612370754227,0.6232457977433813
3.578947368421052,1.3684210526315788,0.32793628590208806,0.6441281213816176
3.578947368421052,1.3684210526315788,0.3885739518570975,0.6911873817730725
3.578947368421052,1.3684210526315788,0.460423937675878,0.6618646328932992
3.578947368421052,1.3684210526315788,0.5455594781168519,0.6731959541494573
3.578947368421052,1.3684210526315788,0.646437163249006,0.6474216711835523
3.578947368421052,1.3684210526315788,0.7659678234751834,0.6679652340366403
3.578947368421052,1.3684210526315788,0.907600521681814,0.6317707881881148
3.578947368421052,1.3684210526315788,1.0754220761125606,0.6276477127715338
3.578947368421052,1.3684210526315788,1.2742749857031335,0.6158750054875834
3.578947368421052,1.3684210526315788,1.5098971606184193,0.5952154308375646
3.578947368421052,1.3684210526315788,1.789087489923219,0.5737877807210564
3.578947368421052,1.3684210526315788,2.1199020238496082,0.5585544374766196
3.578947368421052,1.3684210526315788,2.51188643150958,0.5484948589581056
3.578947368421052,1.6315789473684208,0.09999999999999999,0.5963327527031898
3.578947368421052,1.6315789473684208,0.11849068510006666,0.6329482285608963
3.578947368421052,1.6315789473684208,0.1404004245548316,0.6200490424443638
3.578947368421052,1.6315789473684208,0.16636142493842218,0.6129224529134047
3.578947368421052,1.6315789473684208,0.1971227921517696,0.6255586076809079
3.578947368421052,1.6315789473684208,0.23357214690901223,0.6546934735302544
3.578947368421052,1.6315789473684208,0.2767612370754227,0.6707591134264745
3.578947368421052,1.6315789473684208,0.32793628590208806,0.6565015308446023
3.578947368421052,1.6315789473684208,0.3885739518570975,0.6832665216871251
3.578947368421052,1.6315789473684208,0.460423937675878,0.6763945654906768
3.578947368421052,1.6315789473684208,0.5455594781168519,0.6656164957100261
3.578947368421052,1.6315789473684208,0.646437163249006,0.6798256724567051
3.578947368421052,1.6315789473684208,0.7659678234751834,0.6583844783023765
3.578947368421052,1.6315789473684208,0.907600521681814,0.6510349810588685
3.578947368421052,1.6315789473684208,1.0754220761125606,0.6345998506059455
3.578947368421052,1.6315789473684208,1.2742749857031335,0.5993194363943253
3.578947368421052,1.6315789473684208,1.5098971606184193,0.5976482498379001
3.578947368421052,1.6315789473684208,1.789087489923219,0.5806467439313067
3.578947368421052,1.6315789473684208,2.1199020238496082,0.5623352159401798
3.578947368421052,1.6315789473684208,2.51188643150958,0.5489417645691561
3.578947368421052,1.8947368421052628,0.09999999999999999,0.6068026205738416
3.578947368421052,1.8947368421052628,0.11849068510006666,0.6492576847155852
3.578947368421052,1.8947368421052628,0.1404004245548316,0.6318306044234783
3.578947368421052,1.8947368421052628,0.16636142493842218,0.6607613876351066
3.578947368421052,1.8947368421052628,0.1971227921517696,0.6648097419302336
3.578947368421052,1.8947368421052628,0.23357214690901223,0.6604554456160321
3.578947368421052,1.8947368421052628,0.2767612370754227,0.7014678147039527
3.578947368421052,1.8947368421052628,0.32793628590208806,0.6576566171259418
3.578947368421052,1.8947368421052628,0.3885739518570975,0.6820799758266344
3.578947368421052,1.8947368421052628,0.460423937675878,0.6671382704699625
3.578947368421052,1.8947368421052628,0.5455594781168519,0.6930466865486203
3.578947368421052,1.8947368421052628,0.646437163249006,0.6806348703214982
3.578947368421052,1.8947368421052628,0.7659678234751834,0.6668955056623835
3.578947368421052,1.8947368421052628,0.907600521681814,0.646726862030548
3.578947368421052,1.8947368421052628,1.0754220761125606,0.6208048999311572
3.578947368421052,1.8947368421052628,1.2742749857031335,0.6323327156568264
3.578947368421052,1.8947368421052628,1.5098971606184193,0.5960172631414148
3.578947368421052,1.8947368421052628,1.789087489923219,0.5760015768429041
3.578947368421052,1.8947368421052628,2.1199020238496082,0.5628674988112792
3.578947368421052,1.8947368421052628,2.51188643150958,0.5534664485978914
3.578947368421052,2.1578947368421053,0.09999999999999999,0.6306256404545683
3.578947368421052,2.1578947368421053,0.11849068510006666,0.6255899908202266
3.578947368421052,2.1578947368421053,0.1404004245548316,0.6579357409929983
3.578947368421052,2.1578947368421053,0.16636142493842218,0.628472440204606
3.578947368421052,2.1578947368421053,0.1971227921517696,0.6611576233099999
3.578947368421052,2.1578947368421053,0.23357214690901223,0.675262353524325
3.578947368421052,2.1578947368421053,0.2767612370754227,0.6817173328896682
3.578947368421052,2.1578947368421053,0.32793628590208806,0.7062531125585678
3.578947368421052,2.1578947368421053,0.3885739518570975,0.6792121419071887
3.578947368421052,2.1578947368421053,0.460423937675878,0.679551102059603
3.578947368421052,2.1578947368421053,0.5455594781168519,0.7158898711340216
3.578947368421052,2.1578947368421053,0.646437163249006,0.6929378888990514
3.578947368421052,2.1578947368421053,0.7659678234751834,0.666728332373885
3.578947368421052,2.1578947368421053,0.907600521681814,0.6509028280005591
3.578947368421052,2.1578947368421053,1.0754220761125606,0.6404350250235599
3.578947368421052,2.1578947368421053,1.2742749857031335,0.6253540773019958
3.578947368421052,2.1578947368421053,1.5098971606184193,0.5990437167260414
3.578947368421052,2.1578947368421053,1.789087489923219,0.5790114347927581
3.578947368421052,2.1578947368421053,2.1199020238496082,0.567535080227572
3.578947368421052,2.1578947368421053,2.51188643150958,0.5551819735978903
3.578947368421052,2.4210526315789473,0.09999999999999999,0.6719252364551643
3.578947368421052,2.4210526315789473,0.11849068510006666,0.6748253779463514
3.578947368421052,2.4210526315789473,0.1404004245548316,0.660211009023237
3.578947368421052,2.4210526315789473,0.16636142493842218,0.6789805651545783
3.578947368421052,2.4210526315789473,0.1971227921517696,0.6595069459633575
3.578947368421052,2.4210526315789473,0.23357214690901223,0.7040469450229853
3.578947368421052,2.4210526315789473,0.2767612370754227,0.6935299852438817
3.578947368421052,2.4210526315789473,0.32793628590208806,0.6983719182733104
3.578947368421052,2.4210526315789473,0.3885739518570975,0.7216247634514683
3.578947368421052,2.4210526315789473,0.460423937675878,0.7237249311446539
3.578947368421052,2.4210526315789473,0.5455594781168519,0.7021663918760436
3.578947368421052,2.4210526315789473,0.646437163249006,0.7030989944946419
3.578947368421052,2.4210526315789473,0.7659678234751834,0.6930900999589124
3.578947368421052,2.4210526315789473,0.907600521681814,0.6782672841246911
3.578947368421052,2.4210526315789473,1.0754220761125606,0.6602673407618097
3.578947368421052,2.4210526315789473,1.2742749857031335,0.626511033881307
3.578947368421052,2.4210526315789473,1.5098971606184193,0.6075615119642293
3.578947368421052,2.4210526315789473,1.789087489923219,0.5982920946353179
3.578947368421052,2.4210526315789473,2.1199020238496082,0.5658601783222592
3.578947368421052,2.4210526315789473,2.51188643150958,0.5546520195862683
3.578947368421052,2.6842105263157894,0.09999999999999999,0.6788712353699686
3.578947368421052,2.6842105263157894,0.11849068510006666,0.6964308431943028
3.578947368421052,2.6842105263157894,0.1404004245548316,0.7012604621001406
3.578947368421052,2.6842105263157894,0.16636142493842218,0.7375482219672745
3.578947368421052,2.6842105263157894,0.1971227921517696,0.7235715482135184
3.578947368421052,2.6842105263157894,0.23357214690901223,0.7383076277242097
3.578947368421052,2.6842105263157894,0.2767612370754227,0.7371004192515241
3.578947368421052,2.6842105263157894,0.32793628590208806,0.7248531452663496
3.578947368421052,2.6842105263157894,0.3885739518570975,0.7325727913255294
3.578947368421052,2.6842105263157894,0.460423937675878,0.745372721530073
3.578947368421052,2.6842105263157894,0.5455594781168519,0.7466490467021871
3.578947368421052,2.6842105263157894,0.646437163249006,0.7406712828401252
3.578947368421052,2.6842105263157894,0.7659678234751834,0.7189072274701567
3.578947368421052,2.6842105263157894,0.907600521681814,0.6969991342179483
3.578947368421052,2.6842105263157894,1.0754220761125606,0.6671834448796742
3.578947368421052,2.6842105263157894,1.2742749857031335,0.6508029103569632
3.578947368421052,2.6842105263157894,1.5098971606184193,0.6274483213725753
3.578947368421052,2.6842105263157894,1.789087489923219,0.6095886697336343
3.578947368421052,2.6842105263157894,2.1199020238496082,0.5822872104450868
3.578947368421052,2.6842105263157894,2.51188643150958,0.5716672552529092
3.578947368421052,2.9473684210526314,0.09999999999999999,0.7465089834578386
3.578947368421052,2.9473684210526314,0.11849068510006666,0.7660229885032412
3.578947368421052,2.9473684210526314,0.1404004245548316,0.7575773549830661
3.578947368421052,2.9473684210526314,0.16636142493842218,0.7674451107035207
3.578947368421052,2.9473684210526314,0.1971227921517696,0.7479231302424165
3.578947368421052,2.9473684210526314,0.23357214690901223,0.7757120096479009
3.578947368421052,2.9473684210526314,0.2767612370754227,0.79486183756873
3.578947368421052,2.9473684210526314,0.32793628590208806,0.7932160637213697
3.578947368421052,2.9473684210526314,0.3885739518570975,0.8057067359179448
3.578947368421052,2.9473684210526314,0.460423937675878,0.7793676773060965
3.578947368421052,2.9473684210526314,0.5455594781168519,0.7885753342768256
3.578947368421052,2.9473684210526314,0.646437163249006,0.772225754260289
3.578947368421052,2.9473684210526314,0.7659678234751834,0.7809965610913373
3.578947368421052,2.9473684210526314,0.907600521681814,0.747089018840263
3.578947368421052,2.9473684210526314,1.0754220761125606,0.7002363636640753
3.578947368421052,2.9473684210526314,1.2742749857031335,0.6878679305075751
3.578947368421052,2.9473684210526314,1.5098971606184193,0.6584296661584832
3.578947368421052,2.9473684210526314,1.789087489923219,0.630666540434101
3.578947368421052,2.9473684210526314,2.1199020238496082,0.6002442898140306
3.578947368421052,2.9473684210526314,2.51188643150958,0.5789220544073198
3.578947368421052,3.2105263157894735,0.09999999999999999,0.7842528057616441
3.578947368421052,3.2105263157894735,0.11849068510006666,0.7896365850321936
3.578947368421052,3.2105263157894735,0.1404004245548316,0.7969587455578838
3.578947368421052,3.2105263157894735,0.16636142493842218,0.8060659413160227
3.578947368421052,3.2105263157894735,0.1971227921517696,0.8196885572967619
3.578947368421052,3.2105263157894735,0.23357214690901223,0.8351455993948124
3.578947368421052,3.2105263157894735,0.2767612370754227,0.8315914135103298
3.578947368421052,3.2105263157894735,0.32793628590208806,0.8453013836443266
3.578947368421052,3.2105263157894735,0.3885739518570975,0.8394834208045825
3.578947368421052,3.2105263157894735,0.460423937675878,0.8430898884774273
3.578947368421052,3.2105263157894735,0.5455594781168519,0.8380497247563021
3.578947368421052,3.2105263157894735,0.646437163249006,0.826078228705517
3.578947368421052,3.2105263157894735,0.7659678234751834,0.8009864270150047
3.578947368421052,3.2105263157894735,0.907600521681814,0.7655609563313616
3.578947368421052,3.2105263157894735,1.0754220761125606,0.7498506419652841
3.578947368421052,3.2105263157894735,1.2742749857031335,0.7226360268724078
3.578947368421052,3.2105263157894735,1.5098971606184193,0.6817765003864181
3.578947368421052,3.2105263157894735,1.789087489923219,0.6494278156175928
3.578947368421052,3.2105263157894735,2.1199020238496082,0.6182141888286863
3.578947368421052,3.2105263157894735,2.51188643150958,0.6007957333007787
3.578947368421052,3.473684210526316,0.09999999999999999,0.7969189565327403
3.578947368421052,3.473684210526316,0.11849068510006666,0.8160980511591817
3.578947368421052,3.473684210526316,0.1404004245548316,0.8258684259197597
3.578947368421052,3.473684210526316,0.16636142493842218,0.8377648924006171
3.578947368421052,3.473684210526316,0.1971227921517696,0.8407393468231652
3.578947368421052,3.473684210526316,0.23357214690901223,0.8477413025243193
3.578947368421052,3.473684210526316,0.2767612370754227,0.8612328010788182
3.578947368421052,3.473684210526316,0.32793628590208806,0.8704597815124043
3.578947368421052,3.473684210526316,0.3885739518570975,0.8671897248149025
3.578947368421052,3.473684210526316,0.460423937675878,0.8818884535097441
3.578947368421052,3.473684210526316,0.5455594781168519,0.8714705029933173
3.578947368421052,3.473684210526316,0.646437163249006,0.8652216671696001
3.578947368421052,3.473684210526316,0.7659678234751834,0.8445373007100753
3.578947368421052,3.473684210526316,0.907600521681814,0.8220058978982139
3.578947368421052,3.473684210526316,1.0754220761125606,0.7906368881956807
3.578947368421052,3.473684210526316,1.2742749857031335,0.7533612403569213
3.578947368421052,3.473684210526316,1.5098971606184193,0.7211597944271411
3.578947368421052,3.473684210526316,1.789087489923219,0.686810070797851
3.578947368421052,3.473684210526316,2.1199020238496082,0.6532433385644808
3.578947368421052,3.473684210526316,2.51188643150958,0.6177634001155062
3.578947368421052,3.7368421052631575,0.09999999999999999,0.7830198016503681
3.578947368421052,3.7368421052631575,0.11849068510006666,0.8014126729153812
3.578947368421052,3.7368421052631575,0.1404004245548316,0.7993977450231121
3.578947368421052,3.7368421052631575,0.16636142493842218,0.8134673839169237
3.578947368421052,3.7368421052631575,0.1971227921517696,0.8257614173447843
3.578947368421052,3.7368421052631575,0.23357214690901223,0.8345193619251021
3.578947368421052,3.7368421052631575,0.2767612370754227,0.8444885436875114
3.578947368421052,3.7368421052631575,0.32793628590208806,0.8541166401687865
3.578947368421052,3.7368421052631575,0.3885739518570975,0.8761262336501988
3.578947368421052,3.7368421052631575,0.460423937675878,0.8845890018468051
3.578947368421052,3.7368421052631575,0.5455594781168519,0.8886757309936746
3.578947368421052,3.7368421052631575,0.646437163249006,0.8856100121497986
3.578947368421052,3.7368421052631575,0.7659678234751834,0.8688029716901648
3.578947368421052,3.7368421052631575,0.907600521681814,0.8558332498107482
3.578947368421052,3.7368421052631575,1.0754220761125606,0.8234710083161373
3.578947368421052,3.7368421052631575,1.2742749857031335,0.7908094535710607
3.578947368421052,3.7368421052631575,1.5098971606184193,0.7484346588049732
3.578947368421052,3.7368421052631575,1.789087489923219,0.7083371607430979
3.578947368421052,3.7368421052631575,2.1199020238496082,0.6749435441290937
3.578947368421052,3.7368421052631575,2.51188643150958,0.6339878108301444
3.578947368421052,4.0,0.09999999999999999,0.7762735556389886
3.578947368421052,4.0,0.11849068510006666,0.7919697314518468
3.578947368421052,4.0,0.1404004245548316,0.7891538355369956
3.578947368421052,4.0,0.16636142493842218,0.7917195667896405
3.578947368421052,4.0,0.1971227921517696,0.8126993718705663
3.578947368421052,4.0,0.23357214690901223,0.8242809585981636
3.578947368421052,4.0,0.2767612370754227,0.8357360999364655
3.578947368421052,4.0,0.32793628590208806,0.8521475792137724
3.578947368421052,4.0,0.3885739518570975,0.8540166742039169
3.578947368421052,4.0,0.460423937675878,0.8692131112897674
3.578947368421052,4.0,0.5455594781168519,0.8737166073151494
3.578947368421052,4.0,0.646437163249006,0.8640576275081814
3.578947368421052,4.0,0.7659678234751834,0.8591300990418835
3.578947368421052,4.0,0.907600521681814,0.8432834203440628
3.578947368421052,4.0,1.0754220761125606,0.8068610558664179
3.578947368421052,4.0,1.2742749857031335,0.7797350003670086
3.578947368421052,4.0,1.5098971606184193,0.750931777143466
3.578947368421052,4.0,1.789087489923219,0.7012186582012008
3.578947368421052,4.0,2.1199020238496082,0.6699624276308764
3.578947368421052,4.0,2.51188643150958,0.633185421644386
3.789473684210526,-1.0,0.09999999999999999,0.6134089684568836
3.789473684210526,-1.0,0.11849068510006666,0.6317996400019726
3.789473684210526,-1.0,0.1404004245548316,0.6152946248222526
3.789473684210526,-1.0,0.16636142493842218,0.6004942047965283
3.789473684210526,-1.0,0.1971227921517696,0.6572037290285461
3.789473684210526,-1.0,0.23357214690901223,0.6416631821811609
3.789473684210526,-1.0,0.2767612370754227,0.6670217547872231
3.789473684210526,-1.0,0.32793628590208806,0.660794954925628
3.789473684210526,-1.0,0.3885739518570975,0.6635900419141332
3.789473684210526,-1.0,0.460423937675878,0.684464293963675
3.789473684210526,-1.0,0.5455594781168519,0.6769622587272105
3.789473684210526,-1.0,0.646437163249006,0.6694847154226661
3.789473684210526,-1.0,0.7659678234751834,0.6517549338319557
3.789473684210526,-1.0,0.907600521681814,0.6420965373881777
3.789473684210526,-1.0,1.0754220761125606,0.6308629987739094
3.789473684210526,-1.0,1.2742749857031335,0.6113062948913329
3.789473684210526,-1.0,1.5098971606184193,0.5952207268593357
3.789473684210526,-1.0,1.789087489923219,0.5719825042269843
3.789473684210526,-1.0,2.1199020238496082,0.5616609829438469
3.789473684210526,-1.0,2.51188643150958,0.5521632663573808
3.789473684210526,-0.736842105263158,0.09999999999999999,0.6102559821600452
3.789473684210526,-0.736842105263158,0.11849068510006666,0.6067882566487459
3.789473684210526,-0.736842105263158,0.1404004245548316,0.6185727453293811
3.789473684210526,-0.736842105263158,0.16636142493842218,0.6189645469026783
3.789473684210526,-0.736842105263158,0.1971227921517696,0.6577711650947331
3.789473684210526,-0.736842105263158,0.23357214690901223,0.6374013114928221
3.789473684210526,-0.736842105263158,0.2767612370754227,0.6529723803218968
3.789473684210526,-0.736842105263158,0.32793628590208806,0.6673765465881863
3.789473684210526,-0.736842105263158,0.3885739518570975,0.6695666212648363
3.789473684210526,-0.736842105263158,0.460423937675878,0.6872427965897243
3.789473684210526,-0.736842105263158,0.5455594781168519,0.6605103306003195
3.789473684210526,-0.736842105263158,0.646437163249006,0.6796406113435992
3.789473684210526,-0.736842105263158,0.7659678234751834,0.6864109075026067
3.789473684210526,-0.736842105263158,0.907600521681814,0.6603793954020561
3.789473684210526,-0.736842105263158,1.0754220761125606,0.6300244831737221
3.789473684210526,-0.736842105263158,1.2742749857031335,0.6150271666411422
3.789473684210526,-0.736842105263158,1.5098971606184193,0.5893075191083758
3.789473684210526,-0.736842105263158,1.789087489923219,0.5773461286133187
3.789473684210526,-0.736842105263158,2.1199020238496082,0.5660215750624277
3.789473684210526,-0.736842105263158,2.51188643150958,0.5507086803746915
3.789473684210526,-0.4736842105263158,0.09999999999999999,0.6243261191059675
3.789473684210526,-0.4736842105263158,0.11849068510006666,0.6249894622081538
3.789473684210526,-0.4736842105263158,0.1404004245548316,0.6385075678171294
3.789473684210526,-0.4736842105263158,0.16636142493842218,0.6201786148767918
3.789473684210526,-0.4736842105263158,0.1971227921517696,0.6044994365859804
3.789473684210526,-0.4736842105263158,0.23357214690901223,0.6389880166328606
3.789473684210526,-0.4736842105263158,0.2767612370754227,0.6459768446322253
3.789473684210526,-0.4736842105263158,0.32793628590208806,0.6503873351587409
3.789473684210526,-0.4736842105263158,0.3885739518570975,0.6546990092876314
3.789473684210526,-0.4736842105263158,0.460423937675878,0.6772612553236814
3.789473684210526,-0.4736842105263158,0.5455594781168519,0.6755817556533635
3.789473684210526,-0.4736842105263158,0.646437163249006,0.666448331489181
3.789473684210526,-0.4736842105263158,0.7659678234751834,0.6630979034396068
3.789473684210526,-0.4736842105263158,0.907600521681814,0.6481385922276558
3.789473684210526,-0.4736842105263158,1.0754220761125606,0.6231804938321841
3.789473684210526,-0.4736842105263158,1.2742749857031335,0.6086938072883545
3.789473684210526,-0.4736842105263158,1.5098971606184193,0.5963089353909776
3.789473684210526,-0.4736842105263158,1.789087489923219,0.5703372019031573
3.789473684210526,-0.4736842105263158,2.1199020238496082,0.5592184471750753
3.789473684210526,-0.4736842105263158,2.51188643150958,0.549525924013631
3.789473684210526,-0.21052631578947367,0.09999999999999999,0.624394512394942
3.789473684210526,-0.21052631578947367,0.11849068510006666,0.6179823652410131
3.789473684210526,-0.21052631578947367,0.1404004245548316,0.6222963366824416
3.789473684210526,-0.21052631578947367,0.16636142493842218,0.6225737476952092
3.789473684210526,-0.21052631578947367,0.1971227921517696,0.6306320307337356
3.789473684210526,-0.21052631578947367,0.23357214690901223,0.644720949384611
3.789473684210526,-0.21052631578947367,0.2767612370754227,0.6514318981797871
3.789473684210526,-0.21052631578947367,0.32793628590208806,0.6421426347565827
3.789473684210526,-0.21052631578947367,0.3885739518570975,0.6735360699747347
3.789473684210526,-0.21052631578947367,0.460423937675878,0.6802336509293174
3.789473684210526,-0.21052631578947367,0.5455594781168519,0.6767298840340914
3.789473684210526,-0.21052631578947367,0.646437163249006,0.6714644113716314
3.789473684210526,-0.21052631578947367,0.7659678234751834,0.6405206964420365
3.789473684210526,-0.21052631578947367,0.907600521681814,0.6576679605610061
3.789473684210526,-0.21052631578947367,1.0754220761125606,0.6330319022045355
3.789473684210526,-0.21052631578947367,1.2742749857031335,0.6126266356499003
3.789473684210526,-0.21052631578947367,1.5098971606184193,0.588734801052154
3.789473684210526,-0.21052631578947367,1.789087489923219,0.5712593732149047
3.789473684210526,-0.21052631578947367,2.1199020238496082,0.5602786122896755
3.789473684210526,-0.21052631578947367,2.51188643150958,0.5493580792650459
3.789473684210526,0.05263157894736836,0.09999999999999999,0.60182712748869
3.789473684210526,0.05263157894736836,0.11849068510006666,0.6210046423639466
3.789473684210526,0.05263157894736836,0.1404004245548316,0.6430541360938417
3.789473684210526,0.05263157894736836,0.16636142493842218,0.6280328852936959
3.789473684210526,0.05263157894736836,0.1971227921517696,0.6380091397237211
3.789473684210526,0.05263157894736836,0.23357214690901223,0.6383579945674603
3.789473684210526,0.05263157894736836,0.2767612370754227,0.6562112031725859
3.789473684210526,0.05263157894736836,0.32793628590208806,0.6644636311689024
3.789473684210526,0.05263157894736836,0.3885739518570975,0.6831625248695377
3.789473684210526,0.05263157894736836,0.460423937675878,0.6518771591260484
3.789473684210526,0.05263157894736836,0.5455594781168519,0.6606499256516897
3.789473684210526,0.05263157894736836,0.646437163249006,0.6667729741650916
3.789473684210526,0.05263157894736836,0.7659678234751834,0.6410848388655318
3.789473684210526,0.05263157894736836,0.907600521681814,0.6445982550749915
3.789473684210526,0.05263157894736836,1.0754220761125606,0.6286801331886184
3.789473684210526,0.05263157894736836,1.2742749857031335,0.6089425413408672
3.789473684210526,0.05263157894736836,1.5098971606184193,0.5960735576589902
3.789473684210526,0.05263157894736836,1.789087489923219,0.5731526141130059
3.789473684210526,0.05263157894736836,2.1199020238496082,0.5579868657648619
3.789473684210526,0.05263157894736836,2.51188643150958,0.5480877743511401
3.789473684210526,0.3157894736842104,0.09999999999999999,0.58688188709125
3.789473684210526,0.3157894736842104,0.11849068510006666,0.6269145205816617
3.789473684210526,0.3157894736842104,0.1404004245548316,0.5992967068449483
3.789473684210526,0.3157894736842104,0.16636142493842218,0.6195107135268814
3.789473684210526,0.3157894736842104,0.1971227921517696,0.6249205436226898
3.789473684210526,0.3157894736842104,0.23357214690901223,0.6253805192218691
3.789473684210526,0.3157894736842104,0.2767612370754227,0.6652552415581929
3.789473684210526,0.3157894736842104,0.32793628590208806,0.6770156090933662
3.789473684210526,0.3157894736842104,0.3885739518570975,0.6545904378138183
3.789473684210526,0.3157894736842104,0.460423937675878,0.6847656391233814
3.789473684210526,0.3157894736842104,0.5455594781168519,0.6772324940253774
3.789473684210526,0.3157894736842104,0.646437163249006,0.6649618325770102
3.789473684210526,0.3157894736842104,0.7659678234751834,0.6644761507453592
3.789473684210526,0.3157894736842104,0.907600521681814,0.6382372565399904
3.789473684210526,0.3157894736842104,1.0754220761125606,0.6189112806939002
3.789473684210526,0.3157894736842104,1.2742749857031335,0.6121972910322216
3.789473684210526,0.3157894736842104,1.5098971606184193,0.5895615727295381
3.789473684210526,0.3157894736842104,1.789087489923219,0.5691574162376045
3.789473684210526,0.3157894736842104,2.1199020238496082,0.5629430898719758
3.789473684210526,0.3157894736842104,2.51188643150958,0.5488299662608046
3.789473684210526,0.5789473684210527,0.09999999999999999,0.6157298988394512
3.789473684210526,0.5789473684210527,0.11849068510006666,0.62874386166353
3.789473684210526,0.5789473684210527,0.1404004245548316,0.6016907781244378
3.789473684210526,0.5789473684210527,0.16636142493842218,0.6298133982689047
3.789473684210526,0.5789473684210527,0.1971227921517696,0.6255400038561048
3.789473684210526,0.5789473684210527,0.23357214690901223,0.6393926326676516
3.789473684210526,0.5789473684210527,0.2767612370754227,0.6748746937410196
3.789473684210526,0.5789473684210527,0.32793628590208806,0.6941313067511515
3.789473684210526,0.5789473684210527,0.3885739518570975,0.6882343855820978
3.789473684210526,0.5789473684210527,0.460423937675878,0.6697657877341979
3.789473684210526,0.5789473684210527,0.5455594781168519,0.6768400639415008
3.789473684210526,0.5789473684210527,0.646437163249006,0.6633247235601946
3.789473684210526,0.5789473684210527,0.7659678234751834,0.6631305094484123
3.789473684210526,0.5789473684210527,0.907600521681814,0.6494917748629623
3.789473684210526,0.5789473684210527,1.0754220761125606,0.6300994931364203
3.789473684210526,0.5789473684210527,1.2742749857031335,0.6207943192705118
3.789473684210526,0.5789473684210527,1.5098971606184193,0.5925500368560656
3.789473684210526,0.5789473684210527,1.789087489923219,0.5692582564485974
3.789473684210526,0.5789473684210527,2.1199020238496082,0.5623082707030101
3.789473684210526,0.5789473684210527,2.51188643150958,0.5466510711229079
3.789473684210526,0.8421052631578947,0.09999999999999999,0.6089771804836985
3.789473684210526,0.8421052631578947,0.11849068510006666,0.6072548169865943
3.789473684210526,0.8421052631578947,0.1404004245548316,0.6402798558567114
3.789473684210526,0.8421052631578947,0.16636142493842218,0.6239442969090461
3.789473684210526,0.8421052631578947,0.1971227921517696,0.6385693036152764
3.789473684210526,0.8421052631578947,0.23357214690901223,0.6596301561569526
3.789473684210526,0.8421052631578947,0.2767612370754227,0.6403019412005937
3.789473684210526,0.8421052631578947,0.32793628590208806,0.6360690673424196
3.789473684210526,0.8421052631578947,0.3885739518570975,0.6590531102243095
3.789473684210526,0.8421052631578947,0.460423937675878,0.6543084854505988
3.789473684210526,0.8421052631578947,0.5455594781168519,0.652719610481746
3.789473684210526,0.8421052631578947,0.646437163249006,0.6635662053967029
3.789473684210526,0.8421052631578947,0.7659678234751834,0.6533585513536447
3.789473684210526,0.8421052631578947,0.907600521681814,0.6489447231442804
3.789473684210526,0.8421052631578947,1.0754220761125606,0.6313207795915967
3.789473684210526,0.8421052631578947,1.2742749857031335,0.6204180458573262
3.789473684210526,0.8421052631578947,1.5098971606184193,0.5944891988116928
3.789473684210526,0.8421052631578947,1.789087489923219,0.5685803178673505
3.789473684210526,0.8421052631578947,2.1199020238496082,0.5576895874019712
3.789473684210526,0.8421052631578947,2.51188643150958,0.5462016272004969
3.789473684210526,1.1052631578947367,0.09999999999999999,0.5969799917754868
3.789473684210526,1.1052631578947367,0.11849068510006666,0.6140466859450934
3.789473684210526,1.1052631578947367,0.1404004245548316,0.6298689064855972
3.789473684210526,1.1052631578947367,0.16636142493842218,0.6397454341082709
3.789473684210526,1.1052631578947367,0.1971227921517696,0.6522781343764616
3.789473684210526,1.1052631578947367,0.23357214690901223,0.6730561949483588
3.789473684210526,1.1052631578947367,0.2767612370754227,0.6473062805225773
3.789473684210526,1.1052631578947367,0.32793628590208806,0.6707740836070101
3.789473684210526,1.1052631578947367,0.3885739518570975,0.6575242899496343
3.789473684210526,1.1052631578947367,0.460423937675878,0.6580929973366797
3.789473684210526,1.1052631578947367,0.5455594781168519,0.6571192802302102
3.789473684210526,1.1052631578947367,0.646437163249006,0.6667472722912142
3.789473684210526,1.1052631578947367,0.7659678234751834,0.6672727865469752
3.789473684210526,1.1052631578947367,0.907600521681814,0.6686377306796649
3.789473684210526,1.1052631578947367,1.0754220761125606,0.6177746504923701
3.789473684210526,1.1052631578947367,1.2742749857031335,0.617425570972324
3.789473684210526,1.1052631578947367,1.5098971606184193,0.5910040163196432
3.789473684210526,1.1052631578947367,1.789087489923219,0.5790619646807644
3.789473684210526,1.1052631578947367,2.1199020238496082,0.5594769991068514
3.789473684210526,1.1052631578947367,2.51188643150958,0.5459760634821497
3.789473684210526,1.3684210526315788,0.09999999999999999,0.6176992450596585
3.789473684210526,1.3684210526315788,0.11849068510006666,0.590339954319288
3.789473684210526,1.3684210526315788,0.1404004245548316,0.6086537709079793
3.789473684210526,1.3684210526315788,0.16636142493842218,0.5973052881072265
3.789473684210526,1.3684210526315788,0.1971227921517696,0.6371046473846633
3.789473684210526,1.3684210526315788,0.23357214690901223,0.6441068108286835
3.789473684210526,1.3684210526315788,0.2767612370754227,0.6538142559069181
3.789473684210526,1.3684210526315788,0.32793628590208806,0.6592179206327701
3.789473684210526,1.3684210526315788,0.3885739518570975,0.6654733191150211
3.789473684210526,1.3684210526315788,0.460423937675878,0.6894733985000442
3.789473684210526,1.3684210526315788,0.5455594781168519,0.6848028468731511
3.789473684210526,1.3684210526315788,0.646437163249006,0.6775019223113089
3.789473684210526,1.3684210526315788,0.7659678234751834,0.6557879129227696
3.789473684210526,1.3684210526315788,0.907600521681814,0.6498020373309474
3.789473684210526,1.3684210526315788,1.0754220761125606,0.6342165406091557
3.789473684210526,1.3684210526315788,1.2742749857031335,0.6094760087223124
3.789473684210526,1.3684210526315788,1.5098971606184193,0.598111287268068
3.789473684210526,1.3684210526315788,1.789087489923219,0.5783530259633423
3.789473684210526,1.3684210526315788,2.1199020238496082,0.5552617575799667
3.789473684210526,1.3684210526315788,2.51188643150958,0.5494831471239954
3.789473684210526,1.6315789473684208,0.09999999999999999,0.6124407912197568
3.789473684210526,1.6315789473684208,0.11849068510006666,0.6168931839249606
3.789473684210526,1.6315789473684208,0.1404004245548316,0.6227868993722433
3.789473684210526,1.6315789473684208,0.16636142493842218,0.6390866259989942
3.789473684210526,1.6315789473684208,0.1971227921517696,0.6689313095346239
3.789473684210526,1.6315789473684208,0.23357214690901223,0.6355005212981345
3.789473684210526,1.6315789473684208,0.2767612370754227,0.660264851577162
3.789473684210526,1.6315789473684208,0.32793628590208806,0.654907829374356
3.789473684210526,1.6315789473684208,0.3885739518570975,0.6757990369448632
3.789473684210526,1.6315789473684208,0.460423937675878,0.6472494244802774
3.789473684210526,1.6315789473684208,0.5455594781168519,0.6818656254481147
3.789473684210526,1.6315789473684208,0.646437163249006,0.6661769197506433
3.789473684210526,1.6315789473684208,0.7659678234751834,0.6621699755030269
3.789473684210526,1.6315789473684208,0.907600521681814,0.6474214989981915
3.789473684210526,1.6315789473684208,1.0754220761125606,0.6374136634136423
3.789473684210526,1.6315789473684208,1.2742749857031335,0.608678732441425
3.789473684210526,1.6315789473684208,1.5098971606184193,0.5988084671914152
3.789473684210526,1.6315789473684208,1.789087489923219,0.5748378708581489
3.789473684210526,1.6315789473684208,2.1199020238496082,0.5612102383386773
3.789473684210526,1.6315789473684208,2.51188643150958,0.5495022525373731
3.789473684210526,1.8947368421052628,0.09999999999999999,0.6467651132477805
3.789473684210526,1.8947368421052628,0.11849068510006666,0.637578606585204
3.789473684210526,1.8947368421052628,0.1404004245548316,0.634058789445821
3.789473684210526,1.8947368421052628,0.16636142493842218,0.6166305603403287
3.789473684210526,1.8947368421052628,0.1971227921517696,0.6579746970161044
3.789473684210526,1.8947368421052628,0.23357214690901223,0.639523646453949
3.789473684210526,1.8947368421052628,0.2767612370754227,0.6789521272453047
3.789473684210526,1.8947368421052628,0.32793628590208806,0.6572274069791124
3.789473684210526,1.8947368421052628,0.3885739518570975,0.6775294957585084
3.789473684210526,1.8947368421052628,0.460423937675878,0.6940419225438592
3.789473684210526,1.8947368421052628,0.5455594781168519,0.671962017573675
3.789473684210526,1.8947368421052628,0.646437163249006,0.6554428004659665
3.789473684210526,1.8947368421052628,0.7659678234751834,0.6803862230441154
3.789473684210526,1.8947368421052628,0.907600521681814,0.6499007201184996
3.789473684210526,1.8947368421052628,1.0754220761125606,0.629042409836579
3.789473684210526,1.8947368421052628,1.2742749857031335,0.6130239427419217
3.789473684210526,1.8947368421052628,1.5098971606184193,0.5911198271351957
3.789473684210526,1.8947368421052628,1.789087489923219,0.5813414871378878
3.789473684210526,1.8947368421052628,2.1199020238496082,0.5633886783463335
3.789473684210526,1.8947368421052628,2.51188643150958,0.5539153889237101
3.789473684210526,2.1578947368421053,0.09999999999999999,0.631534808103171
3.789473684210526,2.1578947368421053,0.11849068510006666,0.6246689673266519
3.789473684210526,2.1578947368421053,0.1404004245548316,0.6282453615431927
3.789473684210526,2.1578947368421053,0.16636142493842218,0.6446084290204186
3.789473684210526,2.1578947368421053,0.1971227921517696,0.6639401497146445
3.789473684210526,2.1578947368421053,0.23357214690901223,0.658092874643764
3.789473684210526,2.1578947368421053,0.2767612370754227,0.6567509222687394
3.789473684210526,2.1578947368421053,0.32793628590208806,0.6854406478889378
3.789473684210526,2.1578947368421053,0.3885739518570975,0.6858328325675955
3.789473684210526,2.1578947368421053,0.460423937675878,0.6953993272373262
3.789473684210526,2.1578947368421053,0.5455594781168519,0.6814641479513558
3.789473684210526,2.1578947368421053,0.646437163249006,0.6498895922604562
3.789473684210526,2.1578947368421053,0.7659678234751834,0.6510683458588885
3.789473684210526,2.1578947368421053,0.907600521681814,0.6533255166068812
3.789473684210526,2.1578947368421053,1.0754220761125606,0.645098774299318
3.789473684210526,2.1578947368421053,1.2742749857031335,0.6183734448029178
3.789473684210526,2.1578947368421053,1.5098971606184193,0.6023506475978726
3.789473684210526,2.1578947368421053,1.789087489923219,0.5809865167640769
3.789473684210526,2.1578947368421053,2.1199020238496082,0.5606073758570953
3.789473684210526,2.1578947368421053,2.51188643150958,0.5488881205174564
3.789473684210526,2.4210526315789473,0.09999999999999999,0.6277884094879113
3.789473684210526,2.4210526315789473,0.11849068510006666,0.6518957340096001
3.789473684210526,2.4210526315789473,0.1404004245548316,0.6384748633199153
3.789473684210526,2.4210526315789473,0.16636142493842218,0.6721653695365205
3.789473684210526,2.4210526315789473,0.1971227921517696,0.6694850726877402
3.789473684210526,2.4210526315789473,0.23357214690901223,0.658846206203857
3.789473684210526,2.4210526315789473,0.2767612370754227,0.6999640818760446
3.789473684210526,2.4210526315789473,0.32793628590208806,0.6947482154741572
3.789473684210526,2.4210526315789473,0.3885739518570975,0.7063197648758178
3.789473684210526,2.4210526315789473,0.460423937675878,0.681868079626389
3.789473684210526,2.4210526315789473,0.5455594781168519,0.6961121207737172
3.789473684210526,2.4210526315789473,0.646437163249006,0.6863839428114419
3.789473684210526,2.4210526315789473,0.7659678234751834,0.6787530086805623
3.789473684210526,2.4210526315789473,0.907600521681814,0.6592388059292804
3.789473684210526,2.4210526315789473,1.0754220761125606,0.6498667883579399
3.789473684210526,2.4210526315789473,1.2742749857031335,0.6193702458396222
3.789473684210526,2.4210526315789473,1.5098971606184193,0.5919006945237469
3.789473684210526,2.4210526315789473,1.789087489923219,0.5793193309620409
3.789473684210526,2.4210526315789473,2.1199020238496082,0.5649931811714912
3.789473684210526,2.4210526315789473,2.51188643150958,0.5542543003067392
3.789473684210526,2.6842105263157894,0.09999999999999999,0.6728327463240231
3.789473684210526,2.6842105263157894,0.11849068510006666,0.6669447421717493
3.789473684210526,2.6842105263157894,0.1404004245548316,0.670255478179518
3.789473684210526,2.6842105263157894,0.16636142493842218,0.6819336814385581
3.789473684210526,2.6842105263157894,0.1971227921517696,0.703482801146691
3.789473684210526,2.6842105263157894,0.23357214690901223,0.7003279068911079
3.789473684210526,2.6842105263157894,0.2767612370754227,0.6972196471045139
3.789473684210526,2.6842105263157894,0.32793628590208806,0.7140007363530863
3.789473684210526,2.6842105263157894,0.3885739518570975,0.708161770686195
3.789473684210526,2.6842105263157894,0.460423937675878,0.7080760941729424
3.789473684210526,2.6842105263157894,0.5455594781168519,0.7177280365996264
3.789473684210526,2.6842105263157894,0.646437163249006,0.7139448112846272
3.789473684210526,2.6842105263157894,0.7659678234751834,0.6986857753115869
3.789473684210526,2.6842105263157894,0.907600521681814,0.695596454968372
3.789473684210526,2.6842105263157894,1.0754220761125606,0.6407360480557648
3.789473684210526,2.6842105263157894,1.2742749857031335,0.6364756747711993
3.789473684210526,2.6842105263157894,1.5098971606184193,0.6069851257930375
3.789473684210526,2.6842105263157894,1.789087489923219,0.5951027235820743
3.789473684210526,2.6842105263157894,2.1199020238496082,0.5694213733146022
3.789473684210526,2.6842105263157894,2.51188643150958,0.5614548068069898
3.789473684210526,2.9473684210526314,0.09999999999999999,0.7114224413888192
3.789473684210526,2.9473684210526314,0.11849068510006666,0.7033428702508526
3.789473684210526,2.9473684210526314,0.1404004245548316,0.7093967070852278
3.789473684210526,2.9473684210526314,0.16636142493842218,0.7298742320928772
3.789473684210526,2.9473684210526314,0.1971227921517696,0.745090560490812
3.789473684210526,2.9473684210526314,0.23357214690901223,0.7270384576557307
3.789473684210526,2.9473684210526314,0.2767612370754227,0.7334989284811658
3.789473684210526,2.9473684210526314,0.32793628590208806,0.7621880063479647
3.789473684210526,2.9473684210526314,0.3885739518570975,0.7603425854866858
3.789473684210526,2.9473684210526314,0.460423937675878,0.7516278920961561
3.789473684210526,2.9473684210526314,0.5455594781168519,0.7504440553810249
3.789473684210526,2.9473684210526314,0.646437163249006,0.735772144802988
3.789473684210526,2.9473684210526314,0.7659678234751834,0.7321839748208163
3.789473684210526,2.9473684210526314,0.907600521681814,0.7046404148576181
3.789473684210526,2.9473684210526314,1.0754220761125606,0.6830039914809776
3.789473684210526,2.9473684210526314,1.2742749857031335,0.6540602026351143
3.789473684210526,2.9473684210526314,1.5098971606184193,0.6349759698323966
3.789473684210526,2.9473684210526314,1.789087489923219,0.6143879837600839
3.789473684210526,2.9473684210526314,2.1199020238496082,0.580139201410321
3.789473684210526,2.9473684210526314,2.51188643150958,0.5702052417423451
3.789473684210526,3.2105263157894735,0.09999999999999999,0.7537348484358969
3.789473684210526,3.2105263157894735,0.11849068510006666,0.7583691762743016
3.789473684210526,3.2105263157894735,0.1404004245548316,0.7604443000284706
3.789473684210526,3.2105263157894735,0.16636142493842218,0.7766011725635749
3.789473684210526,3.2105263157894735,0.1971227921517696,0.7822926692659836
3.789473684210526,3.2105263157894735,0.23357214690901223,0.7802773584277154
3.789473684210526,3.2105263157894735,0.2767612370754227,0.8013985834372866
3.789473684210526,3.2105263157894735,0.32793628590208806,0.7904908152562489
3.789473684210526,3.2105263157894735,0.3885739518570975,0.788725533924291
3.789473684210526,3.2105263157894735,0.460423937675878,0.7979396468878537
3.789473684210526,3.2105263157894735,0.5455594781168519,0.7876798606699155
3.789473684210526,3.2105263157894735,0.646437163249006,0.794693933904395
3.789473684210526,3.2105263157894735,0.7659678234751834,0.7665130053176301
3.789473684210526,3.2105263157894735,0.907600521681814,0.7468287603137205
3.789473684210526,3.2105263157894735,1.0754220761125606,0.7287698216473338
3.789473684210526,3.2105263157894735,1.2742749857031335,0.683651609860945
3.789473684210526,3.2105263157894735,1.5098971606184193,0.6592045347777319
3.789473684210526,3.2105263157894735,1.789087489923219,0.6293781336989811
3.789473684210526,3.2105263157894735,2.1199020238496082,0.6145778901432876
3.789473684210526,3.2105263157894735,2.51188643150958,0.5833726380705462
3.789473684210526,3.473684210526316,0.09999999999999999,0.795500846170428
3.789473684210526,3.473684210526316,0.11849068510006666,0.8094881179297667
3.789473684210526,3.473684210526316,0.1404004245548316,0.8081479892065527
3.789473684210526,3.473684210526316,0.16636142493842218,0.8106701779403112
3.789473684210526,3.473684210526316,0.1971227921517696,0.83545507408816
3.789473684210526,3.473684210526316,0.23357214690901223,0.8285175364519621
3.789473684210526,3.473684210526316,0.2767612370754227,0.8415524233770311
3.789473684210526,3.473684210526316,0.32793628590208806,0.8473617486674676
3.789473684210526,3.473684210526316,0.3885739518570975,0.8551321893686804
3.789473684210526,3.473684210526316,0.460423937675878,0.8404427012079688
3.789473684210526,3.473684210526316,0.5455594781168519,0.8483133867948567
3.789473684210526,3.473684210526316,0.646437163249006,0.8340830614138086
3.789473684210526,3.473684210526316,0.7659678234751834,0.812954396361577
3.789473684210526,3.473684210526316,0.907600521681814,0.7901782987657425
3.789473684210526,3.473684210526316,1.0754220761125606,0.7652088457770361
3.789473684210526,3.473684210526316,1.2742749857031335,0.7296881158905708
3.789473684210526,3.473684210526316,1.5098971606184193,0.6929327278031622
3.789473684210526,3.473684210526316,1.789087489923219,0.6577058769805614
3.789473684210526,3.473684210526316,2.1199020238496082,0.630933727677955
3.789473684210526,3.473684210526316,2.51188643150958,0.6024423620047359
3.789473684210526,3.7368421052631575,0.09999999999999999,0.8059653687619959
3.789473684210526,3.7368421052631575,0.11849068510006666,0.812282738901391
3.789473684210526,3.7368421052631575,0.1404004245548316,0.8195062992111318
3.789473684210526,3.7368421052631575,0.16636142493842218,0.8370184085585342
3.789473684210526,3.7368421052631575,0.1971227921517696,0.8390266027930438
3.789473684210526,3.7368421052631575,0.23357214690901223,0.8472526796737218
3.789473684210526,3.7368421052631575,0.2767612370754227,0.8660600000087387
3.789473684210526,3.7368421052631575,0.32793628590208806,0.8710738760009034
3.789473684210526,3.7368421052631575,0.3885739518570975,0.880342917953366
3.789473684210526,3.7368421052631575,0.460423937675878,0.8822497592568126
3.789473684210526,3.7368421052631575,0.5455594781168519,0.8852412672388351
3.789473684210526,3.7368421052631575,0.646437163249006,0.8731564969709372
3.789473684210526,3.7368421052631575,0.7659678234751834,0.8545909951276577
3.789473684210526,3.7368421052631575,0.907600521681814,0.833591183331991
3.789473684210526,3.7368421052631575,1.0754220761125606,0.799801626209906
3.789473684210526,3.7368421052631575,1.2742749857031335,0.7655736754277193
3.789473684210526,3.7368421052631575,1.5098971606184193,0.7315496759981274
3.789473684210526,3.7368421052631575,1.789087489923219,0.6959792296567532
3.789473684210526,3.7368421052631575,2.1199020238496082,0.658561173919278
3.789473684210526,3.7368421052631575,2.51188643150958,0.6219290515623284
3.789473684210526,4.0,0.09999999999999999,0.7770969120524702
3.789473684210526,4.0,0.11849068510006666,0.7680302121003101
3.789473684210526,4.0,0.1404004245548316,0.7978668145833561
3.789473684210526,4.0,0.16636142493842218,0.8055730149511854
3.789473684210526,4.0,0.1971227921517696,0.8161763467407609
3.789473684210526,4.0,0.23357214690901223,0.8218183684989228
3.789473684210526,4.0,0.2767612370754227,0.8454660507411267
3.789473684210526,4.0,0.32793628590208806,0.8615005392674719
3.789473684210526,4.0,0.3885739518570975,0.8767705648184602
3.789473684210526,4.0,0.460423937675878,0.8794103235370766
3.789473684210526,4.0,0.5455594781168519,0.8794960794214629
3.789473684210526,4.0,0.646437163249006,0.8815110250963999
3.789473684210526,4.0,0.7659678234751834,0.8744467819192715
3.789473684210526,4.0,0.907600521681814,0.8496653031480709
3.789473684210526,4.0,1.0754220761125606,0.8253407827652203
3.789473684210526,4.0,1.2742749857031335,0.7870003740895536
3.789473684210526,4.0,1.5098971606184193,0.7542815943641221
3.789473684210526,4.0,1.789087489923219,0.7071572050192778
3.789473684210526,4.0,2.1199020238496082,0.6682557519293278
3.789473684210526,4.0,2.51188643150958,0.6365765025831519
4.0,-1.0,0.09999999999999999,0.6142935910909151
4.0,-1.0,0.11849068510006666,0.6072858315494917
4.0,-1.0,0.1404004245548316,0.6195705896680219
4.0,-1.0,0.16636142493842218,0.6253340071596313
4.0,-1.0,0.1971227921517696,0.6222177188584889
4.0,-1.0,0.23357214690901223,0.6326272111809733
4.0,-1.0,0.2767612370754227,0.6489583616176355
4.0,-1.0,0.32793628590208806,0.648298063664726
4.0,-1.0,0.3885739518570975,0.6680372797603269
4.0,-1.0,0.460423937675878,0.6628137601587532
4.0,-1.0,0.5455594781168519,0.6750062882512203
4.0,-1.0,0.646437163249006,0.670638586342501
4.0,-1.0,0.7659678234751834,0.6755302100079277
4.0,-1.0,0.907600521681814,0.6435029699940539
4.0,-1.0,1.0754220761125606,0.624380903457
4.0,-1.0,1.2742749857031335,0.6206556958906034
4.0,-1.0,1.5098971606184193,0.5902794166107797
4.0,-1.0,1.789087489923219,0.5782228553450933
4.0,-1.0,2.1199020238496082,0.5610580027566574
4.0,-1.0,2.51188643150958,0.5486884635341209
4.0,-0.736842105263158,0.09999999999999999,0.6188846712573088
4.0,-0.736842105263158,0.11849068510006666,0.6354141268078113
4.0,-0.736842105263158,0.1404004245548316,0.6350026535322731
4.0,-0.736842105263158,0.16636142493842218,0.6362194033087781
4.0,-0.736842105263158,0.1971227921517696,0.6327626401427221
4.0,-0.736842105263158,0.23357214690901223,0.6419724661020743
4.0,-0.736842105263158,0.2767612370754227,0.6535941306764681
4.0,-0.736842105263158,0.32793628590208806,0.688430330869126
4.0,-0.736842105263158,0.3885739518570975,0.6716333579641458
4.0,-0.736842105263158,0.460423937675878,0.6559640709095119
4.0,-0.736842105263158,0.5455594781168519,0.6713078918892637
4.0,-0.736842105263158,0.646437163249006,0.6537144016622912
4.0,-0.736842105263158,0.7659678234751834,0.6602148114773796
4.0,-0.736842105263158,0.907600521681814,0.6247649542838449
4.0,-0.736842105263158,1.0754220761125606,0.6295700014785635
4.0,-0.736842105263158,1.2742749857031335,0.6089480959427633
4.0,-0.736842105263158,1.5098971606184193,0.5839774683947071
4.0,-0.736842105263158,1.789087489923219,0.5685994373611538
4.0,-0.736842105263158,2.1199020238496082,0.562454136985092
4.0,-0.736842105263158,2.51188643150958,0.5469164409699392
4.0,-0.4736842105263158,0.09999999999999999,0.6091487824390605
4.0,-0.4736842105263158,0.11849068510006666,0.6227967219161923
4.0,-0.4736842105263158,0.1404004245548316,0.6085047413526825
4.0,-0.4736842105263158,0.16636142493842218,0.6532655720975159
4.0,-0.4736842105263158,0.1971227921517696,0.6160751930316456
4.0,-0.4736842105263158,0.23357214690901223,0.6764754987018451
4.0,-0.4736842105263158,0.2767612370754227,0.6463242212110121
4.0,-0.4736842105263158,0.32793628590208806,0.6745986618389208
4.0,-0.4736842105263158,0.3885739518570975,0.6513307070160883
4.0,-0.4736842105263158,0.460423937675878,0.6761253433003125
4.0,-0.4736842105263158,0.5455594781168519,0.6597823472552528
4.0,-0.4736842105263158,0.646437163249006,0.6622315823890786
4.0,-0.4736842105263158,0.7659678234751834,0.6387595687358194
4.0,-0.4736842105263158,0.907600521681814,0.656234569361314
4.0,-0.4736842105263158,1.0754220761125606,0.6348128188664138
4.0,-0.4736842105263158,1.2742749857031335,0.6123984282289993
4.0,-0.4736842105263158,1.5098971606184193,0.589098756860731
4.0,-0.4736842105263158,1.789087489923219,0.57382535109992
4.0,-0.4736842105263158,2.1199020238496082,0.5608882222730713
4.0,-0.4736842105263158,2.51188643150958,0.5508806475067618
4.0,-0.21052631578947367,0.09999999999999999,0.6011169585420539
4.0,-0.21052631578947367,0.11849068510006666,0.6297625204737848
4.0,-0.21052631578947367,0.1404004245548316,0.6141785295354151
4.0,-0.21052631578947367,0.16636142493842218,0.6453575752601712
4.0,-0.21052631578947367,0.1971227921517696,0.647960097878876
4.0,-0.21052631578947367,0.23357214690901223,0.6391507509668098
4.0,-0.21052631578947367,0.2767612370754227,0.6481205963541881
4.0,-0.21052631578947367,0.32793628590208806,0.6704044661472364
4.0,-0.21052631578947367,0.3885739518570975,0.6623188461897421
4.0,-0.21052631578947367,0.460423937675878,0.6872344104456435
4.0,-0.21052631578947367,0.5455594781168519,0.6676654432181921
4.0,-0.21052631578947367,0.646437163249006,0.6640532444388132
4.0,-0.21052631578947367,0.7659678234751834,0.655738393847135
4.0,-0.21052631578947367,0.907600521681814,0.6560119555426189
4.0,-0.21052631578947367,1.0754220761125606,0.6259675466975803
4.0,-0.21052631578947367,1.2742749857031335,0.6127311645835269
4.0,-0.21052631578947367,1.5098971606184193,0.5881633948623154
4.0,-0.21052631578947367,1.789087489923219,0.5750314962024387
4.0,-0.21052631578947367,2.1199020238496082,0.5637966184986682
4.0,-0.21052631578947367,2.51188643150958,0.5466423608575851
4.0,0.05263157894736836,0.09999999999999999,0.5943008899830646
4.0,0.05263157894736836,0.11849068510006666,0.6145591817394385
4.0,0.05263157894736836,0.1404004245548316,0.633229777540519
4.0,0.05263157894736836,0.16636142493842218,0.6166459135643102
4.0,0.05263157894736836,0.1971227921517696,0.66486138676745
4.0,0.05263157894736836,0.23357214690901223,0.6536555931287523
4.0,0.05263157894736836,0.2767612370754227,0.6586299301820595
4.0,0.05263157894736836,0.32793628590208806,0.6808153265905668
4.0,0.05263157894736836,0.3885739518570975,0.6785786981164744
4.0,0.05263157894736836,0.460423937675878,0.6664406205947446
4.0,0.05263157894736836,0.5455594781168519,0.6782839774929604
4.0,0.05263157894736836,0.646437163249006,0.6831144519761035
4.0,0.05263157894736836,0.7659678234751834,0.656070417814594
4.0,0.05263157894736836,0.907600521681814,0.656379755372805
4.0,0.05263157894736836,1.0754220761125606,0.627782067964323
4.0,0.05263157894736836,1.2742749857031335,0.602219231927777
4.0,0.05263157894736836,1.5098971606184193,0.5875648747587314
4.0,0.05263157894736836,1.789087489923219,0.5765561097705052
4.0,0.05263157894736836,2.1199020238496082,0.5592594126227759
4.0,0.05263157894736836,2.51188643150958,0.5428182127978288
4.0,0.3157894736842104,0.09999999999999999,0.5814309442558975
4.0,0.3157894736842104,0.11849068510006666,0.6291563046406738
4.0,0.3157894736842104,0.1404004245548316,0.6156809295124086
4.0,0.3157894736842104,0.16636142493842218,0.6417737653487006
4.0,0.3157894736842104,0.1971227921517696,0.6583834864112875
4.0,0.3157894736842104,0.23357214690901223,0.635885830764973
4.0,0.3157894736842104,0.2767612370754227,0.6606369555472115
4.0,0.3157894736842104,0.32793628590208806,0.6847561867072677
4.0,0.3157894736842104,0.3885739518570975,0.652675312942041
4.0,0.3157894736842104,0.460423937675878,0.6710145467529919
4.0,0.3157894736842104,0.5455594781168519,0.6676273015475703
4.0,0.3157894736842104,0.646437163249006,0.6630262490379247
4.0,0.3157894736842104,0.7659678234751834,0.6708476291233705
4.0,0.3157894736842104,0.907600521681814,0.6521472921212533
4.0,0.3157894736842104,1.0754220761125606,0.6316181193559811
4.0,0.3157894736842104,1.2742749857031335,0.6157687846331592
4.0,0.3157894736842104,1.5098971606184193,0.5822544886177035
4.0,0.3157894736842104,1.789087489923219,0.5801732059431493
4.0,0.3157894736842104,2.1199020238496082,0.5589381022578565
4.0,0.3157894736842104,2.51188643150958,0.5448459569697792
4.0,0.5789473684210527,0.09999999999999999,0.6094002794291219
4.0,0.5789473684210527,0.11849068510006666,0.6163735891460494
4.0,0.5789473684210527,0.1404004245548316,0.6253238902001285
4.0,0.5789473684210527,0.16636142493842218,0.6433091049563318
4.0,0.5789473684210527,0.1971227921517696,0.6626635259806819
4.0,0.5789473684210527,0.23357214690901223,0.6337676804604928
4.0,0.5789473684210527,0.2767612370754227,0.6436949655132678
4.0,0.5789473684210527,0.32793628590208806,0.6710524190811293
4.0,0.5789473684210527,0.3885739518570975,0.6513818623130835
4.0,0.5789473684210527,0.460423937675878,0.6535225777787514
4.0,0.5789473684210527,0.5455594781168519,0.6684232884861712
4.0,0.5789473684210527,0.646437163249006,0.6781622472086613
4.0,0.5789473684210527,0.7659678234751834,0.6790050879966318
4.0,0.5789473684210527,0.907600521681814,0.6494493024667373
4.0,0.5789473684210527,1.0754220761125606,0.6284212516023769
4.0,0.5789473684210527,1.2742749857031335,0.6117884787204252
4.0,0.5789473684210527,1.5098971606184193,0.5973058736137963
4.0,0.5789473684210527,1.789087489923219,0.5718174027597956
4.0,0.5789473684210527,2.1199020238496082,0.5581138444528979
4.0,0.5789473684210527,2.51188643150958,0.5499368669868893
4.0,0.8421052631578947,0.09999999999999999,0.6170590650136791
4.0,0.8421052631578947,0.11849068510006666,0.6163777212570599
4.0,0.8421052631578947,0.1404004245548316,0.6173354284184985
4.0,0.8421052631578947,0.16636142493842218,0.619907149223511
4.0,0.8421052631578947,0.1971227921517696,0.646553556205273
4.0,0.8421052631578947,0.23357214690901223,0.6533566650205735
4.0,0.8421052631578947,0.2767612370754227,0.6434867085692049
4.0,0.8421052631578947,0.32793628590208806,0.6754464864505715
4.0,0.8421052631578947,0.3885739518570975,0.6764223328593847
4.0,0.8421052631578947,0.460423937675878,0.6902377480451888
4.0,0.8421052631578947,0.5455594781168519,0.675467334221822
4.0,0.8421052631578947,0.646437163249006,0.6703845969500202
4.0,0.8421052631578947,0.7659678234751834,0.6717100125508739
4.0,0.8421052631578947,0.907600521681814,0.6435546646705637
4.0,0.8421052631578947,1.0754220761125606,0.6317323847291376
4.0,0.8421052631578947,1.2742749857031335,0.6108329544058503
4.0,0.8421052631578947,1.5098971606184193,0.5975392363548292
4.0,0.8421052631578947,1.789087489923219,0.574070322255078
4.0,0.8421052631578947,2.1199020238496082,0.561516264390368
4.0,0.8421052631578947,2.51188643150958,0.5460835388674372
4.0,1.1052631578947367,0.09999999999999999,0.6239092610615142
4.0,1.1052631578947367,0.11849068510006666,0.6249361908137497
4.0,1.1052631578947367,0.1404004245548316,0.6328229433134973
4.0,1.1052631578947367,0.16636142493842218,0.6476532796105363
4.0,1.1052631578947367,0.1971227921517696,0.6430965286005728
4.0,1.1052631578947367,0.23357214690901223,0.6279816838633787
4.0,1.1052631578947367,0.2767612370754227,0.6487124309910839
4.0,1.1052631578947367,0.32793628590208806,0.6692303889499397
4.0,1.1052631578947367,0.3885739518570975,0.6746601220169816
4.0,1.1052631578947367,0.460423937675878,0.6593878914658154
4.0,1.1052631578947367,0.5455594781168519,0.6709668070570959
4.0,1.1052631578947367,0.646437163249006,0.6844657064892832
4.0,1.1052631578947367,0.7659678234751834,0.6438752660271012
4.0,1.1052631578947367,0.907600521681814,0.6321588242760477
4.0,1.1052631578947367,1.0754220761125606,0.6200418417943181
4.0,1.1052631578947367,1.2742749857031335,0.6094274756852677
4.0,1.1052631578947367,1.5098971606184193,0.5874104373008732
4.0,1.1052631578947367,1.789087489923219,0.5883453473574728
4.0,1.1052631578947367,2.1199020238496082,0.5629184350872731
4.0,1.1052631578947367,2.51188643150958,0.5479958557298064
4.0,1.3684210526315788,0.09999999999999999,0.5907491947497995
4.0,1.3684210526315788,0.11849068510006666,0.6181263275529036
4.0,1.3684210526315788,0.1404004245548316,0.6122695640759427
4.0,1.3684210526315788,0.16636142493842218,0.6477185952340436
4.0,1.3684210526315788,0.1971227921517696,0.6290182628862715
4.0,1.3684210526315788,0.23357214690901223,0.6724291056974542
4.0,1.3684210526315788,0.2767612370754227,0.6650851008382997
4.0,1.3684210526315788,0.32793628590208806,0.6599092656549806
4.0,1.3684210526315788,0.3885739518570975,0.6872109809595426
4.0,1.3684210526315788,0.460423937675878,0.6728804520020406
4.0,1.3684210526315788,0.5455594781168519,0.6833544338617149
4.0,1.3684210526315788,0.646437163249006,0.6672544883636913
4.0,1.3684210526315788,0.7659678234751834,0.6535686157253572
4.0,1.3684210526315788,0.907600521681814,0.6514493605247241
4.0,1.3684210526315788,1.0754220761125606,0.6320390841687322
4.0,1.3684210526315788,1.2742749857031335,0.6099686354439959
4.0,1.3684210526315788,1.5098971606184193,0.5942926596446387
4.0,1.3684210526315788,1.789087489923219,0.5741508184758639
4.0,1.3684210526315788,2.1199020238496082,0.5620729476085384
4.0,1.3684210526315788,2.51188643150958,0.5479357570384098
4.0,1.6315789473684208,0.09999999999999999,0.6186947102835377
4.0,1.6315789473684208,0.11849068510006666,0.6277492782777919
4.0,1.6315789473684208,0.1404004245548316,0.636143067298351
4.0,1.6315789473684208,0.16636142493842218,0.628818424407386
4.0,1.6315789473684208,0.1971227921517696,0.6496558032795714
4.0,1.6315789473684208,0.23357214690901223,0.6668631561016773
4.0,1.6315789473684208,0.2767612370754227,0.6477237161554157
4.0,1.6315789473684208,0.32793628590208806,0.6566599310025074
4.0,1.6315789473684208,0.3885739518570975,0.6995726828984339
4.0,1.6315789473684208,0.460423937675878,0.6561663221861217
4.0,1.6315789473684208,0.5455594781168519,0.6827258901295601
4.0,1.6315789473684208,0.646437163249006,0.6808390293663663
4.0,1.6315789473684208,0.7659678234751834,0.6516198124950496
4.0,1.6315789473684208,0.907600521681814,0.6408242434180452
4.0,1.6315789473684208,1.0754220761125606,0.6210791335130178
4.0,1.6315789473684208,1.2742749857031335,0.6244500884735433
4.0,1.6315789473684208,1.5098971606184193,0.5942070159983742
4.0,1.6315789473684208,1.789087489923219,0.5797675984442564
4.0,1.6315789473684208,2.1199020238496082,0.5617191321891174
4.0,1.6315789473684208,2.51188643150958,0.5499636861094795
4.0,1.8947368421052628,0.09999999999999999,0.6310783319170606
4.0,1.8947368421052628,0.11849068510006666,0.6200355070312162
4.0,1.8947368421052628,0.1404004245548316,0.6458684807129129
4.0,1.8947368421052628,0.16636142493842218,0.6245487883023304
4.0,1.8947368421052628,0.1971227921517696,0.6347362432625867
4.0,1.8947368421052628,0.23357214690901223,0.6684679743316115
4.0,1.8947368421052628,0.2767612370754227,0.624150893030128
4.0,1.8947368421052628,0.32793628590208806,0.6670879584775578
4.0,1.8947368421052628,0.3885739518570975,0.6723533407055508
4.0,1.8947368421052628,0.460423937675878,0.6683962268823055
4.0,1.8947368421052628,0.5455594781168519,0.6705802148420477
4.0,1.8947368421052628,0.646437163249006,0.6778581666290121
4.0,1.8947368421052628,0.7659678234751834,0.6566053287467366
4.0,1.8947368421052628,0.907600521681814,0.6402863427627581
4.0,1.8947368421052628,1.0754220761125606,0.6315292837569365
4.0,1.8947368421052628,1.2742749857031335,0.6125372539714058
4.0,1.8947368421052628,1.5098971606184193,0.5915826453259468
4.0,1.8947368421052628,1.789087489923219,0.5805906523584285
4.0,1.8947368421052628,2.1199020238496082,0.5555406975358906
4.0,1.8947368421052628,2.51188643150958,0.5544855794267209
4.0,2.1578947368421053,0.09999999999999999,0.6155489818142703
4.0,2.1578947368421053,0.11849068510006666,0.6127889711214712
4.0,2.1578947368421053,0.1404004245548316,0.6501337219487497
4.0,2.1578947368421053,0.16636142493842218,0.6379879138129818
4.0,2.1578947368421053,0.1971227921517696,0.6571916992843984
4.0,2.1578947368421053,0.23357214690901223,0.6304692132818308
4.0,2.1578947368421053,0.2767612370754227,0.6651009261773553
4.0,2.1578947368421053,0.32793628590208806,0.6880913151399695
4.0,2.1578947368421053,0.3885739518570975,0.6708046659477952
4.0,2.1578947368421053,0.460423937675878,0.6922814115108394
4.0,2.1578947368421053,0.5455594781168519,0.683116475200734
4.0,2.1578947368421053,0.646437163249006,0.6742133730564925
4.0,2.1578947368421053,0.7659678234751834,0.6654585631684969
4.0,2.1578947368421053,0.907600521681814,0.6404990007579148
4.0,2.1578947368421053,1.0754220761125606,0.6321886860566901
4.0,2.1578947368421053,1.2742749857031335,0.6107085994360499
4.0,2.1578947368421053,1.5098971606184193,0.6014279484869884
4.0,2.1578947368421053,1.789087489923219,0.5761609306654505
4.0,2.1578947368421053,2.1199020238496082,0.5573737287768785
4.0,2.1578947368421053,2.51188643150958,0.5507902230802901
4.0,2.4210526315789473,0.09999999999999999,0.6314670605245032
4.0,2.4210526315789473,0.11849068510006666,0.6205173909530542
4.0,2.4210526315789473,0.1404004245548316,0.6592818950969446
4.0,2.4210526315789473,0.16636142493842218,0.629754918586023
4.0,2.4210526315789473,0.1971227921517696,0.6551686715834905
4.0,2.4210526315789473,0.23357214690901223,0.6695385844857901
4.0,2.4210526315789473,0.2767612370754227,0.6699412885607356
4.0,2.4210526315789473,0.32793628590208806,0.6677378945331034
4.0,2.4210526315789473,0.3885739518570975,0.6671088879743072
4.0,2.4210526315789473,0.460423937675878,0.7082363746528508
4.0,2.4210526315789473,0.5455594781168519,0.6810294965993197
4.0,2.4210526315789473,0.646437163249006,0.6780726146383622
4.0,2.4210526315789473,0.7659678234751834,0.6548369091772052
4.0,2.4210526315789473,0.907600521681814,0.6631516962004239
4.0,2.4210526315789473,1.0754220761125606,0.6308298073950459
4.0,2.4210526315789473,1.2742749857031335,0.6035123197860056
4.0,2.4210526315789473,1.5098971606184193,0.5988018338861801
4.0,2.4210526315789473,1.789087489923219,0.5799022605642868
4.0,2.4210526315789473,2.1199020238496082,0.5623173869677898
4.0,2.4210526315789473,2.51188643150958,0.5504300321411991
4.0,2.6842105263157894,0.09999999999999999,0.6482954481220717
4.0,2.6842105263157894,0.11849068510006666,0.6563184592724145
4.0,2.6842105263157894,0.1404004245548316,0.6384205564850461
4.0,2.6842105263157894,0.16636142493842218,0.646261711827442
4.0,2.6842105263157894,0.1971227921517696,0.6571585378413236
4.0,2.6842105263157894,0.23357214690901223,0.6757901452797197
4.0,2.6842105263157894,0.2767612370754227,0.6916097527637851
4.0,2.6842105263157894,0.32793628590208806,0.7023503952288197
4.0,2.6842105263157894,0.3885739518570975,0.689981342600589
4.0,2.6842105263157894,0.460423937675878,0.7150160379907454
4.0,2.6842105263157894,0.5455594781168519,0.7088038620114765
4.0,2.6842105263157894,0.646437163249006,0.6873444530430632
4.0,2.6842105263157894,0.7659678234751834,0.671647183805371
4.0,2.6842105263157894,0.907600521681814,0.6604098340199207
4.0,2.6842105263157894,1.0754220761125606,0.6483658621435892
4.0,2.6842105263157894,1.2742749857031335,0.6245190724710019
4.0,2.6842105263157894,1.5098971606184193,0.6071204832963771
4.0,2.6842105263157894,1.789087489923219,0.583949956757159
4.0,2.6842105263157894,2.1199020238496082,0.5684299046887112
4.0,2.6842105263157894,2.51188643150958,0.5537798107166831
4.0,2.9473684210526314,0.09999999999999999,0.6853778158370063
4.0,2.9473684210526314,0.11849068510006666,0.6562776916813354
4.0,2.9473684210526314,0.1404004245548316,0.6745514489855877
4.0,2.9473684210526314,0.16636142493842218,0.6977550601979988
4.0,2.9473684210526314,0.1971227921517696,0.7093370016942061
4.0,2.9473684210526314,0.23357214690901223,0.7257271023573184
4.0,2.9473684210526314,0.2767612370754227,0.7137598958706293
4.0,2.9473684210526314,0.32793628590208806,0.709331171693998
4.0,2.9473684210526314,0.3885739518570975,0.7206690721453752
4.0,2.9473684210526314,0.460423937675878,0.7129945645600719
4.0,2.9473684210526314,0.5455594781168519,0.7365492215920368
4.0,2.9473684210526314,0.646437163249006,0.7044170394933854
4.0,2.9473684210526314,0.7659678234751834,0.7128947446761744
4.0,2.9473684210526314,0.907600521681814,0.6863357238063472
4.0,2.9473684210526314,1.0754220761125606,0.6779485836926203
4.0,2.9473684210526314,1.2742749857031335,0.6411121330737454
4.0,2.9473684210526314,1.5098971606184193,0.6157906068419597
4.0,2.9473684210526314,1.789087489923219,0.5960010897987106
4.0,2.9473684210526314,2.1199020238496082,0.5731012613127593
4.0,2.9473684210526314,2.51188643150958,0.5593144876806462
4.0,3.2105263157894735,0.09999999999999999,0.6861225924358749
4.0,3.2105263157894735,0.11849068510006666,0.7117662436658357
4.0,3.2105263157894735,0.1404004245548316,0.7130917665818545
4.0,3.2105263157894735,0.16636142493842218,0.7391113785850816
4.0,3.2105263157894735,0.1971227921517696,0.7245141098581901
4.0,3.2105263157894735,0.23357214690901223,0.7523016426275181
4.0,3.2105263157894735,0.2767612370754227,0.7546327037943009
4.0,3.2105263157894735,0.32793628590208806,0.7602417135773476
4.0,3.2105263157894735,0.3885739518570975,0.7542671186472678
4.0,3.2105263157894735,0.460423937675878,0.7487207923281571
4.0,3.2105263157894735,0.5455594781168519,0.7466481741601468
4.0,3.2105263157894735,0.646437163249006,0.7591011576090378
4.0,3.2105263157894735,0.7659678234751834,0.7205297587041655
4.0,3.2105263157894735,0.907600521681814,0.7174360772741606
4.0,3.2105263157894735,1.0754220761125606,0.6853746916348089
4.0,3.2105263157894735,1.2742749857031335,0.6736487952020918
4.0,3.2105263157894735,1.5098971606184193,0.645140668142243
4.0,3.2105263157894735,1.789087489923219,0.6100842039063111
4.0,3.2105263157894735,2.1199020238496082,0.5882541608379356
4.0,3.2105263157894735,2.51188643150958,0.5689376542293666
4.0,3.473684210526316,0.09999999999999999,0.7616862989060109
4.0,3.473684210526316,0.11849068510006666,0.7656430085357105
4.0,3.473684210526316,0.1404004245548316,0.7792827340113374
4.0,3.473684210526316,0.16636142493842218,0.7755078052061759
4.0,3.473684210526316,0.1971227921517696,0.7996522029618095
4.0,3.473684210526316,0.23357214690901223,0.7989575140184934
4.0,3.473684210526316,0.2767612370754227,0.7979459076198275
4.0,3.473684210526316,0.32793628590208806,0.8147654737649587
4.0,3.473684210526316,0.3885739518570975,0.8302692460033623
4.0,3.473684210526316,0.460423937675878,0.800503265489714
4.0,3.473684210526316,0.5455594781168519,0.8104454719996737
4.0,3.473684210526316,0.646437163249006,0.7918728745677691
4.0,3.473684210526316,0.7659678234751834,0.7741269296649458
4.0,3.473684210526316,0.907600521681814,0.7630221805878256
4.0,3.473684210526316,1.0754220761125606,0.7277923652846418
4.0,3.473684210526316,1.2742749857031335,0.6909839618408863
4.0,3.473684210526316,1.5098971606184193,0.6685122827465794
4.0,3.473684210526316,1.789087489923219,0.6405608243555938
4.0,3.473684210526316,2.1199020238496082,0.6042085041574687
4.0,3.473684210526316,2.51188643150958,0.5821685550740517
4.0,3.7368421052631575,0.09999999999999999,0.8066166248661703
4.0,3.7368421052631575,0.11849068510006666,0.812816397703096
4.0,3.7368421052631575,0.1404004245548316,0.8262258505438348
4.0,3.7368421052631575,0.16636142493842218,0.8288397938856797
4.0,3.7368421052631575,0.1971227921517696,0.839597050819914
4.0,3.7368421052631575,0.23357214690901223,0.850386145155086
4.0,3.7368421052631575,0.2767612370754227,0.860150122892488
4.0,3.7368421052631575,0.32793628590208806,0.8599663104047619
4.0,3.7368421052631575,0.3885739518570975,0.858281622449938
4.0,3.7368421052631575,0.460423937675878,0.8631328127883512
4.0,3.7368421052631575,0.5455594781168519,0.862051359993887
4.0,3.7368421052631575,0.646437163249006,0.8429370790410887
4.0,3.7368421052631575,0.7659678234751834,0.8209884564846871
4.0,3.7368421052631575,0.907600521681814,0.8082606911872394
4.0,3.7368421052631575,1.0754220761125606,0.7603318399390039
4.0,3.7368421052631575,1.2742749857031335,0.7244143600611183
4.0,3.7368421052631575,1.5098971606184193,0.6985673545712199
4.0,3.7368421052631575,1.789087489923219,0.6696570760796939
4.0,3.7368421052631575,2.1199020238496082,0.633746906103731
4.0,3.7368421052631575,2.51188643150958,0.6054911016024068
4.0,4.0,0.09999999999999999,0.7908248144504816
4.0,4.0,0.11849068510006666,0.7952484087229169
4.0,4.0,0.1404004245548316,0.8161324991419159
4.0,4.0,0.16636142493842218,0.8225284540674219
4.0,4.0,0.1971227921517696,0.828920770879022
4.0,4.0,0.23357214690901223,0.8364442947054576
4.0,4.0,0.2767612370754227,0.8551616912322815
4.0,4.0,0.32793628590208806,0.8663583906284741
4.0,4.0,0.3885739518570975,0.8774956298587244
4.0,4.0,0.460423937675878,0.8858462662249141
4.0,4.0,0.5455594781168519,0.8881616065618321
4.0,4.0,0.646437163249006,0.8701079730012826
4.0,4.0,0.7659678234751834,0.861331411107251
4.0,4.0,0.907600521681814,0.8427433609791684
4.0,4.0,1.0754220761125606,0.8131481791011901
4.0,4.0,1.2742749857031335,0.7740954974177683
4.0,4.0,1.5098971606184193,0.7430351229494154
4.0,4.0,1.789087489923219,0.700068435024681
4.0,4.0,2.1199020238496082,0.6583194058093905
4.0,4.0,2.51188643150958,0.6289670301223005
