alpha_d,alpha_h,decay,r2
0.0,-1.0,0.09999999999999999,0.656736381655744
0.0,-1.0,0.11849068510006666,0.6755860260695424
0.0,-1.0,0.1404004245548316,0.6939353887221363
0.0,-1.0,0.16636142493842218,0.6857543161792865
0.0,-1.0,0.1971227921517696,0.7040821001520866
0.0,-1.0,0.23357214690901223,0.7150006693460507
0.0,-1.0,0.2767612370754227,0.7290011379065479
0.0,-1.0,0.32793628590208806,0.6978378331045947
0.0,-1.0,0.3885739518570975,0.7093749208045796
0.0,-1.0,0.460423937675878,0.7246146803849446
0.0,-1.0,0.5455594781168519,0.7045463604329629
0.0,-1.0,0.646437163249006,0.711269364547642
0.0,-1.0,0.7659678234751834,0.6502515733241936
0.0,-1.0,0.907600521681814,0.637928644858984
0.0,-1.0,1.0754220761125606,0.6054924473029424
0.0,-1.0,1.2742749857031335,0.5374690769770712
0.0,-1.0,1.5098971606184193,0.5190653033802024
0.0,-1.0,1.789087489923219,0.46578744813462314
0.0,-1.0,2.1199020238496082,0.4025580868529692
0.0,-1.0,2.51188643150958,0.35841743669312925
0.0,-0.736842105263158,0.09999999999999999,0.693306385482785
0.0,-0.736842105263158,0.11849068510006666,0.7263672838893777
0.0,-0.736842105263158,0.1404004245548316,0.685584993889322
0.0,-0.736842105263158,0.16636142493842218,0.682444407714023
0.0,-0.736842105263158,0.1971227921517696,0.7302026619285537
0.0,-0.736842105263158,0.23357214690901223,0.7263870038146136
0.0,-0.736842105263158,0.2767612370754227,0.7391544644242617
0.0,-0.736842105263158,0.32793628590208806,0.7436521442408369
0.0,-0.736842105263158,0.3885739518570975,0.6973052705486884
0.0,-0.736842105263158,0.460423937675878,0.7054231885462463
0.0,-0.736842105263158,0.5455594781168519,0.7132708770962489
0.0,-0.736842105263158,0.646437163249006,0.6893467940686564
0.0,-0.736842105263158,0.7659678234751834,0.6494341420232659
0.0,-0.736842105263158,0.907600521681814,0.6550738712345684
0.0,-0.736842105263158,1.0754220761125606,0.5786809608534195
0.0,-0.736842105263158,1.2742749857031335,0.5321048337641304
0.0,-0.736842105263158,1.5098971606184193,0.4983849586144457
0.0,-0.736842105263158,1.789087489923219,0.43994480526390783
0.0,-0.736842105263158,2.1199020238496082,0.3849883550981872
0.0,-0.736842105263158,2.51188643150958,0.3549768881846318
0.0,-0.4736842105263158,0.09999999999999999,0.7313072673686869
0.0,-0.4736842105263158,0.11849068510006666,0.728804885879885
0.0,-0.4736842105263158,0.1404004245548316,0.7063111436999364
0.0,-0.4736842105263158,0.16636142493842218,0.6994556058030482
0.0,-0.4736842105263158,0.1971227921517696,0.743180967479039
0.0,-0.4736842105263158,0.23357214690901223,0.7301053662512126
0.0,-0.4736842105263158,0.2767612370754227,0.7292211496451683
0.0,-0.4736842105263158,0.32793628590208806,0.6995513335754371
0.0,-0.4736842105263158,0.3885739518570975,0.7001282298555107
0.0,-0.4736842105263158,0.460423937675878,0.6947602526571243
0.0,-0.4736842105263158,0.5455594781168519,0.6727927284061235
0.0,-0.4736842105263158,0.646437163249006,0.661705819109368
0.0,-0.4736842105263158,0.7659678234751834,0.6354627971873463
0.0,-0.4736842105263158,0.907600521681814,0.5866354742742645
0.0,-0.4736842105263158,1.0754220761125606,0.5622889997200852
0.0,-0.4736842105263158,1.2742749857031335,0.49853447920493876
0.0,-0.4736842105263158,1.5098971606184193,0.4657874110392557
0.0,-0.4736842105263158,1.789087489923219,0.39596335474749667
0.0,-0.4736842105263158,2.1199020238496082,0.3521135057202808
0.0,-0.4736842105263158,2.51188643150958,0.3336004619080865
0.0,-0.21052631578947367,0.09999999999999999,0.6196807669859045
0.0,-0.21052631578947367,0.11849068510006666,0.6188210636389756
0.0,-0.21052631578947367,0.1404004245548316,0.6317465692055088
0.0,-0.21052631578947367,0.16636142493842218,0.6133336383938307
0.0,-0.21052631578947367,0.1971227921517696,0.6421724069286185
0.0,-0.21052631578947367,0.23357214690901223,0.6169661050977227
0.0,-0.21052631578947367,0.2767612370754227,0.6294729318704081
0.0,-0.21052631578947367,0.32793628590208806,0.6194593033803107
0.0,-0.21052631578947367,0.3885739518570975,0.5912479319195373
0.0,-0.21052631578947367,0.460423937675878,0.6150504479011609
0.0,-0.21052631578947367,0.5455594781168519,0.5574765402072533
0.0,-0.21052631578947367,0.646437163249006,0.5363913142443562
0.0,-0.21052631578947367,0.7659678234751834,0.5312025571733697
0.0,-0.21052631578947367,0.907600521681814,0.493874482778211
0.0,-0.21052631578947367,1.0754220761125606,0.45219997426804837
0.0,-0.21052631578947367,1.2742749857031335,0.42388718273057735
0.0,-0.21052631578947367,1.5098971606184193,0.3913016791359966
0.0,-0.21052631578947367,1.789087489923219,0.3435844659010938
0.0,-0.21052631578947367,2.1199020238496082,0.3175554596325138
0.0,-0.21052631578947367,2.51188643150958,0.2942172460532939
0.0,0.05263157894736836,0.09999999999999999,0.3917497998807637
0.0,0.05263157894736836,0.11849068510006666,0.39398670747129944
0.0,0.05263157894736836,0.1404004245548316,0.4181957611403839
0.0,0.05263157894736836,0.16636142493842218,0.42236586421463823
0.0,0.05263157894736836,0.1971227921517696,0.41060067995157085
0.0,0.05263157894736836,0.23357214690901223,0.4357208757494053
0.0,0.05263157894736836,0.2767612370754227,0.4190016352106737
0.0,0.05263157894736836,0.32793628590208806,0.430442611700169
0.0,0.05263157894736836,0.3885739518570975,0.4364547873707218
0.0,0.05263157894736836,0.460423937675878,0.43360139674087267
0.0,0.05263157894736836,0.5455594781168519,0.4293959584896423
0.0,0.05263157894736836,0.646437163249006,0.4235044934521335
0.0,0.05263157894736836,0.7659678234751834,0.41709876387511924
0.0,0.05263157894736836,0.907600521681814,0.3897721148328937
0.0,0.05263157894736836,1.0754220761125606,0.37449216606976815
0.0,0.05263157894736836,1.2742749857031335,0.3541520963024037
0.0,0.05263157894736836,1.5098971606184193,0.32921905166441284
0.0,0.05263157894736836,1.789087489923219,0.3115837369275652
0.0,0.05263157894736836,2.1199020238496082,0.2919075695252284
0.0,0.05263157894736836,2.51188643150958,0.2725508289890144
0.0,0.3157894736842104,0.09999999999999999,0.2734393482356079
0.0,0.3157894736842104,0.11849068510006666,0.26552466681619735
0.0,0.3157894736842104,0.1404004245548316,0.28325168187483896
0.0,0.3157894736842104,0.16636142493842218,0.29379525099927717
0.0,0.3157894736842104,0.1971227921517696,0.28102362758375404
0.0,0.3157894736842104,0.23357214690901223,0.29655205535443585
0.0,0.3157894736842104,0.2767612370754227,0.3272658658325144
0.0,0.3157894736842104,0.32793628590208806,0.32214841948635675
0.0,0.3157894736842104,0.3885739518570975,0.3198066989020928
0.0,0.3157894736842104,0.460423937675878,0.335509066170308
0.0,0.3157894736842104,0.5455594781168519,0.33275086101791174
0.0,0.3157894736842104,0.646437163249006,0.33946248774620946
0.0,0.3157894736842104,0.7659678234751834,0.3353835475999782
0.0,0.3157894736842104,0.907600521681814,0.3280130920564682
0.0,0.3157894736842104,1.0754220761125606,0.3261130307149635
0.0,0.3157894736842104,1.2742749857031335,0.32126189462144084
0.0,0.3157894736842104,1.5098971606184193,0.30069802880751895
0.0,0.3157894736842104,1.789087489923219,0.28605720425662334
0.0,0.3157894736842104,2.1199020238496082,0.2751677830772377
0.0,0.3157894736842104,2.51188643150958,0.2570410450113014
0.0,0.5789473684210527,0.09999999999999999,0.23025602973081183
0.0,0.5789473684210527,0.11849068510006666,0.2343258996643203
0.0,0.5789473684210527,0.1404004245548316,0.2120940204097252
0.0,0.5789473684210527,0.16636142493842218,0.2355228686232669
0.0,0.5789473684210527,0.1971227921517696,0.23571754545795792
0.0,0.5789473684210527,0.23357214690901223,0.26644658302307267
0.0,0.5789473684210527,0.2767612370754227,0.26368179564421335
0.0,0.5789473684210527,0.32793628590208806,0.2701473464667946
0.0,0.5789473684210527,0.3885739518570975,0.2764085631181205
0.0,0.5789473684210527,0.460423937675878,0.27880906366854524
0.0,0.5789473684210527,0.5455594781168519,0.2793097936092647
0.0,0.5789473684210527,0.646437163249006,0.3080698737467688
0.0,0.5789473684210527,0.7659678234751834,0.30644141810780084
0.0,0.5789473684210527,0.907600521681814,0.3019387478900199
0.0,0.5789473684210527,1.0754220761125606,0.30263747309030586
0.0,0.5789473684210527,1.2742749857031335,0.2954407999786692
0.0,0.5789473684210527,1.5098971606184193,0.28577812237728295
0.0,0.5789473684210527,1.789087489923219,0.2751175643118968
0.0,0.5789473684210527,2.1199020238496082,0.26345136066479813
0.0,0.5789473684210527,2.51188643150958,0.2512757510519131
0.0,0.8421052631578947,0.09999999999999999,0.19182054260917197
0.0,0.8421052631578947,0.11849068510006666,0.22004821286375453
0.0,0.8421052631578947,0.1404004245548316,0.20371485180359292
0.0,0.8421052631578947,0.16636142493842218,0.19644337311237609
0.0,0.8421052631578947,0.1971227921517696,0.23684296384488399
0.0,0.8421052631578947,0.23357214690901223,0.23352213084185774
0.0,0.8421052631578947,0.2767612370754227,0.2453806070482733
0.0,0.8421052631578947,0.32793628590208806,0.2415872119718043
0.0,0.8421052631578947,0.3885739518570975,0.2522012690178185
0.0,0.8421052631578947,0.460423937675878,0.26366946667166047
0.0,0.8421052631578947,0.5455594781168519,0.27240125024516587
0.0,0.8421052631578947,0.646437163249006,0.27996655862279834
0.0,0.8421052631578947,0.7659678234751834,0.27989833465169556
0.0,0.8421052631578947,0.907600521681814,0.2883837688709111
0.0,0.8421052631578947,1.0754220761125606,0.29273335847219595
0.0,0.8421052631578947,1.2742749857031335,0.2861104890291892
0.0,0.8421052631578947,1.5098971606184193,0.28113546157586516
0.0,0.8421052631578947,1.789087489923219,0.2630271180636402
0.0,0.8421052631578947,2.1199020238496082,0.25967946069543957
0.0,0.8421052631578947,2.51188643150958,0.24848501901951775
0.0,1.1052631578947367,0.09999999999999999,0.20508209280965525
0.0,1.1052631578947367,0.11849068510006666,0.20326569102582387
0.0,1.1052631578947367,0.1404004245548316,0.20802132117799932
0.0,1.1052631578947367,0.16636142493842218,0.18496393671343134
0.0,1.1052631578947367,0.1971227921517696,0.2120228860039788
0.0,1.1052631578947367,0.23357214690901223,0.2294392933843981
0.0,1.1052631578947367,0.2767612370754227,0.21775308324450984
0.0,1.1052631578947367,0.32793628590208806,0.21148986133360975
0.0,1.1052631578947367,0.3885739518570975,0.2274130039981297
0.0,1.1052631578947367,0.460423937675878,0.2444451983979152
0.0,1.1052631578947367,0.5455594781168519,0.2595783441275201
0.0,1.1052631578947367,0.646437163249006,0.26602161244450884
0.0,1.1052631578947367,0.7659678234751834,0.26534909091804293
0.0,1.1052631578947367,0.907600521681814,0.2841855713933409
0.0,1.1052631578947367,1.0754220761125606,0.28220196323929386
0.0,1.1052631578947367,1.2742749857031335,0.2783851391641911
0.0,1.1052631578947367,1.5098971606184193,0.27820037508128026
0.0,1.1052631578947367,1.789087489923219,0.26463898269504194
0.0,1.1052631578947367,2.1199020238496082,0.25431688914083583
0.0,1.1052631578947367,2.51188643150958,0.24557685134959087
0.0,1.3684210526315788,0.09999999999999999,0.19172577148879696
0.0,1.3684210526315788,0.11849068510006666,0.19351081358651007
0.0,1.3684210526315788,0.1404004245548316,0.1856435721449538
0.0,1.3684210526315788,0.16636142493842218,0.20080257232193108
0.0,1.3684210526315788,0.1971227921517696,0.18070145368248253
0.0,1.3684210526315788,0.23357214690901223,0.19318688313145757
0.0,1.3684210526315788,0.2767612370754227,0.1988880551160544
0.0,1.3684210526315788,0.32793628590208806,0.20813348124725395
0.0,1.3684210526315788,0.3885739518570975,0.2246437693227168
0.0,1.3684210526315788,0.460423937675878,0.23164791264662501
0.0,1.3684210526315788,0.5455594781168519,0.2614766415713492
0.0,1.3684210526315788,0.646437163249006,0.2659565010487897
0.0,1.3684210526315788,0.7659678234751834,0.2699949349089719
0.0,1.3684210526315788,0.907600521681814,0.27714845257966575
0.0,1.3684210526315788,1.0754220761125606,0.2821959545991678
0.0,1.3684210526315788,1.2742749857031335,0.2751695575895713
0.0,1.3684210526315788,1.5098971606184193,0.26952997232300185
0.0,1.3684210526315788,1.789087489923219,0.2620229222891513
0.0,1.3684210526315788,2.1199020238496082,0.2529249948434862
0.0,1.3684210526315788,2.51188643150958,0.2454729534005317
0.0,1.6315789473684208,0.09999999999999999,0.17888639903943893
0.0,1.6315789473684208,0.11849068510006666,0.1925474478324741
0.0,1.6315789473684208,0.1404004245548316,0.17745073296364205
0.0,1.6315789473684208,0.16636142493842218,0.2008227308570902
0.0,1.6315789473684208,0.1971227921517696,0.19247181119969456
0.0,1.6315789473684208,0.23357214690901223,0.19896721207925652
0.0,1.6315789473684208,0.2767612370754227,0.20079502827671497
0.0,1.6315789473684208,0.32793628590208806,0.2254789795570076
0.0,1.6315789473684208,0.3885739518570975,0.23861586926393782
0.0,1.6315789473684208,0.460423937675878,0.2370960341308737
0.0,1.6315789473684208,0.5455594781168519,0.24726982821965648
0.0,1.6315789473684208,0.646437163249006,0.257512990600581
0.0,1.6315789473684208,0.7659678234751834,0.26172306235851817
0.0,1.6315789473684208,0.907600521681814,0.2764376405493912
0.0,1.6315789473684208,1.0754220761125606,0.2704378497727745
0.0,1.6315789473684208,1.2742749857031335,0.27223153457843163
0.0,1.6315789473684208,1.5098971606184193,0.2624644535671278
0.0,1.6315789473684208,1.789087489923219,0.26094506215725294
0.0,1.6315789473684208,2.1199020238496082,0.253215529101359
0.0,1.6315789473684208,2.51188643150958,0.24122027318769937
0.0,1.8947368421052628,0.09999999999999999,0.15850807568414552
0.0,1.8947368421052628,0.11849068510006666,0.18696495213318076
0.0,1.8947368421052628,0.1404004245548316,0.1789338488173278
0.0,1.8947368421052628,0.16636142493842218,0.171146284802962
0.0,1.8947368421052628,0.1971227921517696,0.18704597465151918
0.0,1.8947368421052628,0.23357214690901223,0.19217855028929082
0.0,1.8947368421052628,0.2767612370754227,0.1973498811271312
0.0,1.8947368421052628,0.32793628590208806,0.2106554711590217
0.0,1.8947368421052628,0.3885739518570975,0.22422234952310222
0.0,1.8947368421052628,0.460423937675878,0.2334877062208287
0.0,1.8947368421052628,0.5455594781168519,0.24234962264418358
0.0,1.8947368421052628,0.646437163249006,0.2710675047661594
0.0,1.8947368421052628,0.7659678234751834,0.27142953733099145
0.0,1.8947368421052628,0.907600521681814,0.261775306561967
0.0,1.8947368421052628,1.0754220761125606,0.263638177381784
0.0,1.8947368421052628,1.2742749857031335,0.27734282714018266
0.0,1.8947368421052628,1.5098971606184193,0.2664066137895195
0.0,1.8947368421052628,1.789087489923219,0.26134530932414135
0.0,1.8947368421052628,2.1199020238496082,0.24911637623237398
0.0,1.8947368421052628,2.51188643150958,0.24109311613308662
0.0,2.1578947368421053,0.09999999999999999,0.17296055482827152
0.0,2.1578947368421053,0.11849068510006666,0.16491554432726063
0.0,2.1578947368421053,0.1404004245548316,0.1728970399267176
0.0,2.1578947368421053,0.16636142493842218,0.18033784173610945
0.0,2.1578947368421053,0.1971227921517696,0.17815724147996365
0.0,2.1578947368421053,0.23357214690901223,0.1956886386833816
0.0,2.1578947368421053,0.2767612370754227,0.21042200911284467
0.0,2.1578947368421053,0.32793628590208806,0.21863262031593622
0.0,2.1578947368421053,0.3885739518570975,0.21687227232989684
0.0,2.1578947368421053,0.460423937675878,0.23255690817048483
0.0,2.1578947368421053,0.5455594781168519,0.24567191749058587
0.0,2.1578947368421053,0.646437163249006,0.24396561912306353
0.0,2.1578947368421053,0.7659678234751834,0.25079553125618725
0.0,2.1578947368421053,0.907600521681814,0.26225765325066364
0.0,2.1578947368421053,1.0754220761125606,0.27221225229659646
0.0,2.1578947368421053,1.2742749857031335,0.26452372502309274
0.0,2.1578947368421053,1.5098971606184193,0.26470039971965126
0.0,2.1578947368421053,1.789087489923219,0.25729228660832193
0.0,2.1578947368421053,2.1199020238496082,0.25100969896408293
0.0,2.1578947368421053,2.51188643150958,0.2421255102482492
0.0,2.4210526315789473,0.09999999999999999,0.187800821877448
0.0,2.4210526315789473,0.11849068510006666,0.1762139070774034
0.0,2.4210526315789473,0.1404004245548316,0.17079625153580016
0.0,2.4210526315789473,0.16636142493842218,0.18967533728485245
0.0,2.4210526315789473,0.1971227921517696,0.18649048431028026
0.0,2.4210526315789473,0.23357214690901223,0.18559385742160753
0.0,2.4210526315789473,0.2767612370754227,0.21333968092728386
0.0,2.4210526315789473,0.32793628590208806,0.19520976236458765
0.0,2.4210526315789473,0.3885739518570975,0.21987130732507815
0.0,2.4210526315789473,0.460423937675878,0.22720941591945285
0.0,2.4210526315789473,0.5455594781168519,0.241047849349383
0.0,2.4210526315789473,0.646437163249006,0.23917619012505775
0.0,2.4210526315789473,0.7659678234751834,0.2580697019887795
0.0,2.4210526315789473,0.907600521681814,0.26366698988672826
0.0,2.4210526315789473,1.0754220761125606,0.2644234234334406
0.0,2.4210526315789473,1.2742749857031335,0.27485312159836733
0.0,2.4210526315789473,1.5098971606184193,0.26062752549708595
0.0,2.4210526315789473,1.789087489923219,0.2570359372349264
0.0,2.4210526315789473,2.1199020238496082,0.25143704352052937
0.0,2.4210526315789473,2.51188643150958,0.2425068676044253
0.0,2.6842105263157894,0.09999999999999999,0.16309651894188607
0.0,2.6842105263157894,0.11849068510006666,0.1443394959692788
0.0,2.6842105263157894,0.1404004245548316,0.160033710673902
0.0,2.6842105263157894,0.16636142493842218,0.15420147249008712
0.0,2.6842105263157894,0.1971227921517696,0.19434278428784235
0.0,2.6842105263157894,0.23357214690901223,0.18512251115339412
0.0,2.6842105263157894,0.2767612370754227,0.19752620504613855
0.0,2.6842105263157894,0.32793628590208806,0.20046151224795564
0.0,2.6842105263157894,0.3885739518570975,0.22474168455354568
0.0,2.6842105263157894,0.460423937675878,0.21580153524614515
0.0,2.6842105263157894,0.5455594781168519,0.23933411709628008
0.0,2.6842105263157894,0.646437163249006,0.2369054453660099
0.0,2.6842105263157894,0.7659678234751834,0.2481117483175271
0.0,2.6842105263157894,0.907600521681814,0.25949552196187664
0.0,2.6842105263157894,1.0754220761125606,0.25840646652801696
0.0,2.6842105263157894,1.2742749857031335,0.26778035629513036
0.0,2.6842105263157894,1.5098971606184193,0.2693622752358824
0.0,2.6842105263157894,1.789087489923219,0.257594133873704
0.0,2.6842105263157894,2.1199020238496082,0.2516353774548642
0.0,2.6842105263157894,2.51188643150958,0.24219111833934567
0.0,2.9473684210526314,0.09999999999999999,0.1504931873683569
0.0,2.9473684210526314,0.11849068510006666,0.16997903925264163
0.0,2.9473684210526314,0.1404004245548316,0.17142382015559082
0.0,2.9473684210526314,0.16636142493842218,0.19505368890848793
0.0,2.9473684210526314,0.1971227921517696,0.18329461807124278
0.0,2.9473684210526314,0.23357214690901223,0.19256204246847236
0.0,2.9473684210526314,0.2767612370754227,0.20200574096178198
0.0,2.9473684210526314,0.32793628590208806,0.20351532378733336
0.0,2.9473684210526314,0.3885739518570975,0.22197267281674185
0.0,2.9473684210526314,0.460423937675878,0.22536752347375683
0.0,2.9473684210526314,0.5455594781168519,0.25106887359803115
0.0,2.9473684210526314,0.646437163249006,0.25013156034473394
0.0,2.9473684210526314,0.7659678234751834,0.2501250412179451
0.0,2.9473684210526314,0.907600521681814,0.26236755651522875
0.0,2.9473684210526314,1.0754220761125606,0.2576762448235651
0.0,2.9473684210526314,1.2742749857031335,0.2649985181917535
0.0,2.9473684210526314,1.5098971606184193,0.2624410096230986
0.0,2.9473684210526314,1.789087489923219,0.2598650085260652
0.0,2.9473684210526314,2.1199020238496082,0.2526021509770556
0.0,2.9473684210526314,2.51188643150958,0.2433339821259307
0.0,3.2105263157894735,0.09999999999999999,0.14746310421407186
0.0,3.2105263157894735,0.11849068510006666,0.15407428976094958
0.0,3.2105263157894735,0.1404004245548316,0.16406873533315525
0.0,3.2105263157894735,0.16636142493842218,0.17373903015601136
0.0,3.2105263157894735,0.1971227921517696,0.17969110861143986
0.0,3.2105263157894735,0.23357214690901223,0.1874536495000214
0.0,3.2105263157894735,0.2767612370754227,0.1895748576181906
0.0,3.2105263157894735,0.32793628590208806,0.20397097599337546
0.0,3.2105263157894735,0.3885739518570975,0.21992756684746517
0.0,3.2105263157894735,0.460423937675878,0.23382457940637566
0.0,3.2105263157894735,0.5455594781168519,0.2506167547630169
0.0,3.2105263157894735,0.646437163249006,0.2431600534369538
0.0,3.2105263157894735,0.7659678234751834,0.25568854761335363
0.0,3.2105263157894735,0.907600521681814,0.2655898744483705
0.0,3.2105263157894735,1.0754220761125606,0.26222150364878505
0.0,3.2105263157894735,1.2742749857031335,0.2609720190081749
0.0,3.2105263157894735,1.5098971606184193,0.26273581492862663
0.0,3.2105263157894735,1.789087489923219,0.2602772045907556
0.0,3.2105263157894735,2.1199020238496082,0.2524358781915553
0.0,3.2105263157894735,2.51188643150958,0.24386211889722742
0.0,3.473684210526316,0.09999999999999999,0.15148811492378605
0.0,3.473684210526316,0.11849068510006666,0.15694281965050988
0.0,3.473684210526316,0.1404004245548316,0.16343669047418383
0.0,3.473684210526316,0.16636142493842218,0.1736741090570606
0.0,3.473684210526316,0.1971227921517696,0.19011580604810616
0.0,3.473684210526316,0.23357214690901223,0.18361890879813283
0.0,3.473684210526316,0.2767612370754227,0.19122427568796357
0.0,3.473684210526316,0.32793628590208806,0.1899029037076068
0.0,3.473684210526316,0.3885739518570975,0.21036009411992584
0.0,3.473684210526316,0.460423937675878,0.23181734726925504
0.0,3.473684210526316,0.5455594781168519,0.23228345452731108
0.0,3.473684210526316,0.646437163249006,0.2410102437495778
0.0,3.473684210526316,0.7659678234751834,0.2610731593998145
0.0,3.473684210526316,0.907600521681814,0.2610986583890508
0.0,3.473684210526316,1.0754220761125606,0.2680939473015855
0.0,3.473684210526316,1.2742749857031335,0.2615091100215554
0.0,3.473684210526316,1.5098971606184193,0.26465920411487337
0.0,3.473684210526316,1.789087489923219,0.25669671099509406
0.0,3.473684210526316,2.1199020238496082,0.24839914076987069
0.0,3.473684210526316,2.51188643150958,0.24182739510989432
0.0,3.7368421052631575,0.09999999999999999,0.159952792638338
0.0,3.7368421052631575,0.11849068510006666,0.16809174068453522
0.0,3.7368421052631575,0.1404004245548316,0.15591334888058506
0.0,3.7368421052631575,0.16636142493842218,0.17146122139688816
0.0,3.7368421052631575,0.1971227921517696,0.2004440593706104
0.0,3.7368421052631575,0.23357214690901223,0.19068559717962985
0.0,3.7368421052631575,0.2767612370754227,0.19030737810078902
0.0,3.7368421052631575,0.32793628590208806,0.2031698289163347
0.0,3.7368421052631575,0.3885739518570975,0.21391293087602306
0.0,3.7368421052631575,0.460423937675878,0.24760912030103213
0.0,3.7368421052631575,0.5455594781168519,0.2295419418040947
0.0,3.7368421052631575,0.646437163249006,0.24103387648777028
0.0,3.7368421052631575,0.7659678234751834,0.2638684953935137
0.0,3.7368421052631575,0.907600521681814,0.26663705392816783
0.0,3.7368421052631575,1.0754220761125606,0.268932881470694
0.0,3.7368421052631575,1.2742749857031335,0.2647283523454396
0.0,3.7368421052631575,1.5098971606184193,0.26187871285317527
0.0,3.7368421052631575,1.789087489923219,0.26093090112447814
0.0,3.7368421052631575,2.1199020238496082,0.24478742505471462
0.0,3.7368421052631575,2.51188643150958,0.2422472879983018
0.0,4.0,0.09999999999999999,0.14343782320215107
0.0,4.0,0.11849068510006666,0.14943729821695928
0.0,4.0,0.1404004245548316,0.16847220199862012
0.0,4.0,0.16636142493842218,0.17857969124028775
0.0,4.0,0.1971227921517696,0.1767903296848739
0.0,4.0,0.23357214690901223,0.1803852497221087
0.0,4.0,0.2767612370754227,0.19553347593380632
0.0,4.0,0.32793628590208806,0.2074702545267115
0.0,4.0,0.3885739518570975,0.21454132958921932
0.0,4.0,0.460423937675878,0.21461037123254573
0.0,4.0,0.5455594781168519,0.23282099383983887
0.0,4.0,0.646437163249006,0.24179695930903952
0.0,4.0,0.7659678234751834,0.24876519101920705
0.0,4.0,0.907600521681814,0.26343898143575584
0.0,4.0,1.0754220761125606,0.2709371565467055
0.0,4.0,1.2742749857031335,0.2650730068136516
0.0,4.0,1.5098971606184193,0.2709031283749367
0.0,4.0,1.789087489923219,0.2545794805269957
0.0,4.0,2.1199020238496082,0.2506998140242351
0.0,4.0,2.51188643150958,0.241864279306574
0.21052631578947367,-1.0,0.09999999999999999,0.6548967701561326
0.21052631578947367,-1.0,0.11849068510006666,0.634250515188358
0.21052631578947367,-1.0,0.1404004245548316,0.6497051911380416
0.21052631578947367,-1.0,0.16636142493842218,0.6508865489850412
0.21052631578947367,-1.0,0.1971227921517696,0.6413172901685523
0.21052631578947367,-1.0,0.23357214690901223,0.6403751753272822
0.21052631578947367,-1.0,0.2767612370754227,0.6407268290707145
0.21052631578947367,-1.0,0.32793628590208806,0.6300141031130643
0.21052631578947367,-1.0,0.3885739518570975,0.6116131061280887
0.21052631578947367,-1.0,0.460423937675878,0.5863534177026978
0.21052631578947367,-1.0,0.5455594781168519,0.5648812997660654
0.21052631578947367,-1.0,0.646437163249006,0.5563860665258815
0.21052631578947367,-1.0,0.7659678234751834,0.5315524518082303
0.21052631578947367,-1.0,0.907600521681814,0.47659880490593104
0.21052631578947367,-1.0,1.0754220761125606,0.4566031620922562
0.21052631578947367,-1.0,1.2742749857031335,0.4145504352925054
0.21052631578947367,-1.0,1.5098971606184193,0.38572475542861356
0.21052631578947367,-1.0,1.789087489923219,0.35613743787935676
0.21052631578947367,-1.0,2.1199020238496082,0.31024704817588455
0.21052631578947367,-1.0,2.51188643150958,0.29075416085327715
0.21052631578947367,-0.736842105263158,0.09999999999999999,0.6748780578732595
0.21052631578947367,-0.736842105263158,0.11849068510006666,0.65377376933389
0.21052631578947367,-0.736842105263158,0.1404004245548316,0.6773382901745391
0.21052631578947367,-0.736842105263158,0.16636142493842218,0.6627211601650745
0.21052631578947367,-0.736842105263158,0.1971227921517696,0.669392954647566
0.21052631578947367,-0.736842105263158,0.23357214690901223,0.6722337987882737
0.21052631578947367,-0.736842105263158,0.2767612370754227,0.6377246651192182
0.21052631578947367,-0.736842105263158,0.32793628590208806,0.65117947455282
0.21052631578947367,-0.736842105263158,0.3885739518570975,0.6199400195291336
0.21052631578947367,-0.736842105263158,0.460423937675878,0.5970893645202856
0.21052631578947367,-0.736842105263158,0.5455594781168519,0.5636756082699186
0.21052631578947367,-0.736842105263158,0.646437163249006,0.5572540657261446
0.21052631578947367,-0.736842105263158,0.7659678234751834,0.5243560899209612
0.21052631578947367,-0.736842105263158,0.907600521681814,0.485921765047224
0.21052631578947367,-0.736842105263158,1.0754220761125606,0.45149196346918
0.21052631578947367,-0.736842105263158,1.2742749857031335,0.4156401333304496
0.21052631578947367,-0.736842105263158,1.5098971606184193,0.38008871356911705
0.21052631578947367,-0.736842105263158,1.789087489923219,0.3479587675998579
0.21052631578947367,-0.736842105263158,2.1199020238496082,0.31371385336385227
0.21052631578947367,-0.736842105263158,2.51188643150958,0.29172120525778483
0.21052631578947367,-0.4736842105263158,0.09999999999999999,0.6828830157589574
0.21052631578947367,-0.4736842105263158,0.11849068510006666,0.6636426153203692
0.21052631578947367,-0.4736842105263158,0.1404004245548316,0.6611425850578158
0.21052631578947367,-0.4736842105263158,0.16636142493842218,0.6661870320027203
0.21052631578947367,-0.4736842105263158,0.1971227921517696,0.6849248323782712
0.21052631578947367,-0.4736842105263158,0.23357214690901223,0.6592610489882297
0.21052631578947367,-0.4736842105263158,0.2767612370754227,0.6638873138006678
0.21052631578947367,-0.4736842105263158,0.32793628590208806,0.6617111596606274
0.21052631578947367,-0.4736842105263158,0.3885739518570975,0.6118529863834737
0.21052631578947367,-0.4736842105263158,0.460423937675878,0.6079003815863026
0.21052631578947367,-0.4736842105263158,0.5455594781168519,0.5906823125572963
0.21052631578947367,-0.4736842105263158,0.646437163249006,0.5410273174621418
0.21052631578947367,-0.4736842105263158,0.7659678234751834,0.5213912373440991
0.21052631578947367,-0.4736842105263158,0.907600521681814,0.4879415798779968
0.21052631578947367,-0.4736842105263158,1.0754220761125606,0.4361627355047556
0.21052631578947367,-0.4736842105263158,1.2742749857031335,0.41413769399977945
0.21052631578947367,-0.4736842105263158,1.5098971606184193,0.36874324278950965
0.21052631578947367,-0.4736842105263158,1.789087489923219,0.34195016277807927
0.21052631578947367,-0.4736842105263158,2.1199020238496082,0.3117371226305702
0.21052631578947367,-0.4736842105263158,2.51188643150958,0.28912037364863935
0.21052631578947367,-0.21052631578947367,0.09999999999999999,0.6051209039900387
0.21052631578947367,-0.21052631578947367,0.11849068510006666,0.6197311545039517
0.21052631578947367,-0.21052631578947367,0.1404004245548316,0.6072026309751226
0.21052631578947367,-0.21052631578947367,0.16636142493842218,0.6098032319430411
0.21052631578947367,-0.21052631578947367,0.1971227921517696,0.6362061155986175
0.21052631578947367,-0.21052631578947367,0.23357214690901223,0.6094007771659763
0.21052631578947367,-0.21052631578947367,0.2767612370754227,0.6034876070557579
0.21052631578947367,-0.21052631578947367,0.32793628590208806,0.5832037484185663
0.21052631578947367,-0.21052631578947367,0.3885739518570975,0.5937880175477902
0.21052631578947367,-0.21052631578947367,0.460423937675878,0.588262306385858
0.21052631578947367,-0.21052631578947367,0.5455594781168519,0.5404608740489698
0.21052631578947367,-0.21052631578947367,0.646437163249006,0.5216540186853847
0.21052631578947367,-0.21052631578947367,0.7659678234751834,0.48390991764148245
0.21052631578947367,-0.21052631578947367,0.907600521681814,0.47034973804043084
0.21052631578947367,-0.21052631578947367,1.0754220761125606,0.42207595242012713
0.21052631578947367,-0.21052631578947367,1.2742749857031335,0.39887939126696453
0.21052631578947367,-0.21052631578947367,1.5098971606184193,0.36119401610067525
0.21052631578947367,-0.21052631578947367,1.789087489923219,0.33242571924921793
0.21052631578947367,-0.21052631578947367,2.1199020238496082,0.3015315627809564
0.21052631578947367,-0.21052631578947367,2.51188643150958,0.2820862031013519
0.21052631578947367,0.05263157894736836,0.09999999999999999,0.47514676011352025
0.21052631578947367,0.05263157894736836,0.11849068510006666,0.4847291366041254
0.21052631578947367,0.05263157894736836,0.1404004245548316,0.5042180532690522
0.21052631578947367,0.05263157894736836,0.16636142493842218,0.4873111970344098
0.21052631578947367,0.05263157894736836,0.1971227921517696,0.452477889932953
0.21052631578947367,0.05263157894736836,0.23357214690901223,0.47506109697180327
0.21052631578947367,0.05263157894736836,0.2767612370754227,0.47817964011910274
0.21052631578947367,0.05263157894736836,0.32793628590208806,0.48722565321381095
0.21052631578947367,0.05263157894736836,0.3885739518570975,0.46957129560366356
0.21052631578947367,0.05263157894736836,0.460423937675878,0.47833209324323783
0.21052631578947367,0.05263157894736836,0.5455594781168519,0.4857800675243078
0.21052631578947367,0.05263157894736836,0.646437163249006,0.45686951815151783
0.21052631578947367,0.05263157894736836,0.7659678234751834,0.4332571109200367
0.21052631578947367,0.05263157894736836,0.907600521681814,0.41103387355747545
0.21052631578947367,0.05263157894736836,1.0754220761125606,0.39108188980013026
0.21052631578947367,0.05263157894736836,1.2742749857031335,0.36717831081985636
0.21052631578947367,0.05263157894736836,1.5098971606184193,0.34599491202329063
0.21052631578947367,0.05263157894736836,1.789087489923219,0.3185839411977989
0.21052631578947367,0.05263157894736836,2.1199020238496082,0.2973684840462919
0.21052631578947367,0.05263157894736836,2.51188643150958,0.27549257771728164
0.21052631578947367,0.3157894736842104,0.09999999999999999,0.30531276967871146
0.21052631578947367,0.3157894736842104,0.11849068510006666,0.3435737899449041
0.21052631578947367,0.3157894736842104,0.1404004245548316,0.3295271988020994
0.21052631578947367,0.3157894736842104,0.16636142493842218,0.3274239037107341
0.21052631578947367,0.3157894736842104,0.1971227921517696,0.347058314874581
0.21052631578947367,0.3157894736842104,0.23357214690901223,0.3450739491612127
0.21052631578947367,0.3157894736842104,0.2767612370754227,0.3614067784470966
0.21052631578947367,0.3157894736842104,0.32793628590208806,0.3885551400198188
0.21052631578947367,0.3157894736842104,0.3885739518570975,0.37913894772274936
0.21052631578947367,0.3157894736842104,0.460423937675878,0.40257067973016786
0.21052631578947367,0.3157894736842104,0.5455594781168519,0.38819601370573903
0.21052631578947367,0.3157894736842104,0.646437163249006,0.3789730048996221
0.21052631578947367,0.3157894736842104,0.7659678234751834,0.38642029707621334
0.21052631578947367,0.3157894736842104,0.907600521681814,0.3668204820593623
0.21052631578947367,0.3157894736842104,1.0754220761125606,0.3509136326730759
0.21052631578947367,0.3157894736842104,1.2742749857031335,0.33979679351388403
0.21052631578947367,0.3157894736842104,1.5098971606184193,0.3202434214851241
0.21052631578947367,0.3157894736842104,1.789087489923219,0.30353781198911206
0.21052631578947367,0.3157894736842104,2.1199020238496082,0.28694833443398676
0.21052631578947367,0.3157894736842104,2.51188643150958,0.2662564700419977
0.21052631578947367,0.5789473684210527,0.09999999999999999,0.30054503941043736
0.21052631578947367,0.5789473684210527,0.11849068510006666,0.27168595810332596
0.21052631578947367,0.5789473684210527,0.1404004245548316,0.26510336670260676
0.21052631578947367,0.5789473684210527,0.16636142493842218,0.26850160461452544
0.21052631578947367,0.5789473684210527,0.1971227921517696,0.2731399793495745
0.21052631578947367,0.5789473684210527,0.23357214690901223,0.28933428713257114
0.21052631578947367,0.5789473684210527,0.2767612370754227,0.28594871228806396
0.21052631578947367,0.5789473684210527,0.32793628590208806,0.299068482249613
0.21052631578947367,0.5789473684210527,0.3885739518570975,0.32309362681101367
0.21052631578947367,0.5789473684210527,0.460423937675878,0.320616030202024
0.21052631578947367,0.5789473684210527,0.5455594781168519,0.32798796169004385
0.21052631578947367,0.5789473684210527,0.646437163249006,0.33524554579858984
0.21052631578947367,0.5789473684210527,0.7659678234751834,0.3207849317996248
0.21052631578947367,0.5789473684210527,0.907600521681814,0.3263090386213666
0.21052631578947367,0.5789473684210527,1.0754220761125606,0.3251780281056574
0.21052631578947367,0.5789473684210527,1.2742749857031335,0.31370198608989963
0.21052631578947367,0.5789473684210527,1.5098971606184193,0.299668181221429
0.21052631578947367,0.5789473684210527,1.789087489923219,0.29076665958773384
0.21052631578947367,0.5789473684210527,2.1199020238496082,0.2733417568013354
0.21052631578947367,0.5789473684210527,2.51188643150958,0.25861504444498645
0.21052631578947367,0.8421052631578947,0.09999999999999999,0.25007973802274175
0.21052631578947367,0.8421052631578947,0.11849068510006666,0.23251012185497025
0.21052631578947367,0.8421052631578947,0.1404004245548316,0.20664830023878733
0.21052631578947367,0.8421052631578947,0.16636142493842218,0.2270656755631232
0.21052631578947367,0.8421052631578947,0.1971227921517696,0.23814722218734594
0.21052631578947367,0.8421052631578947,0.23357214690901223,0.26415285036102176
0.21052631578947367,0.8421052631578947,0.2767612370754227,0.2786640068640373
0.21052631578947367,0.8421052631578947,0.32793628590208806,0.26007154636400986
0.21052631578947367,0.8421052631578947,0.3885739518570975,0.2893530106349551
0.21052631578947367,0.8421052631578947,0.460423937675878,0.28616891170362757
0.21052631578947367,0.8421052631578947,0.5455594781168519,0.28869126485481517
0.21052631578947367,0.8421052631578947,0.646437163249006,0.29731154285872435
0.21052631578947367,0.8421052631578947,0.7659678234751834,0.3062093014758818
0.21052631578947367,0.8421052631578947,0.907600521681814,0.3069650072408406
0.21052631578947367,0.8421052631578947,1.0754220761125606,0.2998998540255922
0.21052631578947367,0.8421052631578947,1.2742749857031335,0.29440994157840333
0.21052631578947367,0.8421052631578947,1.5098971606184193,0.29580576365003375
0.21052631578947367,0.8421052631578947,1.789087489923219,0.27615505260686213
0.21052631578947367,0.8421052631578947,2.1199020238496082,0.26465117051211945
0.21052631578947367,0.8421052631578947,2.51188643150958,0.2526160482472434
0.21052631578947367,1.1052631578947367,0.09999999999999999,0.22266729727621157
0.21052631578947367,1.1052631578947367,0.11849068510006666,0.19630557979178828
0.21052631578947367,1.1052631578947367,0.1404004245548316,0.2191840355844592
0.21052631578947367,1.1052631578947367,0.16636142493842218,0.23617287438718418
0.21052631578947367,1.1052631578947367,0.1971227921517696,0.2128763634855935
0.21052631578947367,1.1052631578947367,0.23357214690901223,0.2450474031846749
0.21052631578947367,1.1052631578947367,0.2767612370754227,0.2529148276978747
0.21052631578947367,1.1052631578947367,0.32793628590208806,0.25820052018869677
0.21052631578947367,1.1052631578947367,0.3885739518570975,0.2722231424871727
0.21052631578947367,1.1052631578947367,0.460423937675878,0.274962964033093
0.21052631578947367,1.1052631578947367,0.5455594781168519,0.29551738366777486
0.21052631578947367,1.1052631578947367,0.646437163249006,0.28343537036442773
0.21052631578947367,1.1052631578947367,0.7659678234751834,0.29250657108741046
0.21052631578947367,1.1052631578947367,0.907600521681814,0.2961813530232646
0.21052631578947367,1.1052631578947367,1.0754220761125606,0.2938557850980041
0.21052631578947367,1.1052631578947367,1.2742749857031335,0.288942626291398
0.21052631578947367,1.1052631578947367,1.5098971606184193,0.2747272800031337
0.21052631578947367,1.1052631578947367,1.789087489923219,0.27037448881893383
0.21052631578947367,1.1052631578947367,2.1199020238496082,0.2562832607920986
0.21052631578947367,1.1052631578947367,2.51188643150958,0.25206198849703965
0.21052631578947367,1.3684210526315788,0.09999999999999999,0.20481170475516194
0.21052631578947367,1.3684210526315788,0.11849068510006666,0.19542269766112827
0.21052631578947367,1.3684210526315788,0.1404004245548316,0.20583621648645875
0.21052631578947367,1.3684210526315788,0.16636142493842218,0.20865821870496096
0.21052631578947367,1.3684210526315788,0.1971227921517696,0.22489505562365797
0.21052631578947367,1.3684210526315788,0.23357214690901223,0.22389835888443776
0.21052631578947367,1.3684210526315788,0.2767612370754227,0.24347017747073132
0.21052631578947367,1.3684210526315788,0.32793628590208806,0.23040235255748717
0.21052631578947367,1.3684210526315788,0.3885739518570975,0.2552802286288704
0.21052631578947367,1.3684210526315788,0.460423937675878,0.274613327495608
0.21052631578947367,1.3684210526315788,0.5455594781168519,0.2569891763752569
0.21052631578947367,1.3684210526315788,0.646437163249006,0.27063607297249265
0.21052631578947367,1.3684210526315788,0.7659678234751834,0.2865281897277418
0.21052631578947367,1.3684210526315788,0.907600521681814,0.2913436235175431
0.21052631578947367,1.3684210526315788,1.0754220761125606,0.2824388959873726
0.21052631578947367,1.3684210526315788,1.2742749857031335,0.2822971568587559
0.21052631578947367,1.3684210526315788,1.5098971606184193,0.2734912647498764
0.21052631578947367,1.3684210526315788,1.789087489923219,0.264965259550709
0.21052631578947367,1.3684210526315788,2.1199020238496082,0.2570087880485687
0.21052631578947367,1.3684210526315788,2.51188643150958,0.24628264385687823
0.21052631578947367,1.6315789473684208,0.09999999999999999,0.18438351096961836
0.21052631578947367,1.6315789473684208,0.11849068510006666,0.19260729846088356
0.21052631578947367,1.6315789473684208,0.1404004245548316,0.1956622795042074
0.21052631578947367,1.6315789473684208,0.16636142493842218,0.20600942058882868
0.21052631578947367,1.6315789473684208,0.1971227921517696,0.21310094451882802
0.21052631578947367,1.6315789473684208,0.23357214690901223,0.1935829825076156
0.21052631578947367,1.6315789473684208,0.2767612370754227,0.23358751382931195
0.21052631578947367,1.6315789473684208,0.32793628590208806,0.24890581521539848
0.21052631578947367,1.6315789473684208,0.3885739518570975,0.2371190250785981
0.21052631578947367,1.6315789473684208,0.460423937675878,0.2518267802157839
0.21052631578947367,1.6315789473684208,0.5455594781168519,0.25899459396781055
0.21052631578947367,1.6315789473684208,0.646437163249006,0.2778619912342352
0.21052631578947367,1.6315789473684208,0.7659678234751834,0.2708088277276286
0.21052631578947367,1.6315789473684208,0.907600521681814,0.28057862109056847
0.21052631578947367,1.6315789473684208,1.0754220761125606,0.2819630455047829
0.21052631578947367,1.6315789473684208,1.2742749857031335,0.2812900648451349
0.21052631578947367,1.6315789473684208,1.5098971606184193,0.275322382829636
0.21052631578947367,1.6315789473684208,1.789087489923219,0.2631982908646244
0.21052631578947367,1.6315789473684208,2.1199020238496082,0.2533848827873797
0.21052631578947367,1.6315789473684208,2.51188643150958,0.24510227288831973
0.21052631578947367,1.8947368421052628,0.09999999999999999,0.1621137166509786
0.21052631578947367,1.8947368421052628,0.11849068510006666,0.1993846277155397
0.21052631578947367,1.8947368421052628,0.1404004245548316,0.176236424317567
0.21052631578947367,1.8947368421052628,0.16636142493842218,0.2057593720662318
0.21052631578947367,1.8947368421052628,0.1971227921517696,0.1975086243197294
0.21052631578947367,1.8947368421052628,0.23357214690901223,0.21860497854648375
0.21052631578947367,1.8947368421052628,0.2767612370754227,0.21019013149714066
0.21052631578947367,1.8947368421052628,0.32793628590208806,0.23335336506700902
0.21052631578947367,1.8947368421052628,0.3885739518570975,0.23936412247009783
0.21052631578947367,1.8947368421052628,0.460423937675878,0.235155967233754
0.21052631578947367,1.8947368421052628,0.5455594781168519,0.25210558944752415
0.21052631578947367,1.8947368421052628,0.646437163249006,0.2587267214234979
0.21052631578947367,1.8947368421052628,0.7659678234751834,0.25888217975755623
0.21052631578947367,1.8947368421052628,0.907600521681814,0.26665714302178944
0.21052631578947367,1.8947368421052628,1.0754220761125606,0.279420217648743
0.21052631578947367,1.8947368421052628,1.2742749857031335,0.2696771902450128
0.21052631578947367,1.8947368421052628,1.5098971606184193,0.27040399397492193
0.21052631578947367,1.8947368421052628,1.789087489923219,0.26135892380945147
0.21052631578947367,1.8947368421052628,2.1199020238496082,0.2529382290407299
0.21052631578947367,1.8947368421052628,2.51188643150958,0.2440805405357085
0.21052631578947367,2.1578947368421053,0.09999999999999999,0.18132199890488304
0.21052631578947367,2.1578947368421053,0.11849068510006666,0.1881774077531261
0.21052631578947367,2.1578947368421053,0.1404004245548316,0.18351737979823396
0.21052631578947367,2.1578947368421053,0.16636142493842218,0.20654728966351063
0.21052631578947367,2.1578947368421053,0.1971227921517696,0.19079054343809615
0.21052631578947367,2.1578947368421053,0.23357214690901223,0.20322124499978708
0.21052631578947367,2.1578947368421053,0.2767612370754227,0.22671450444923014
0.21052631578947367,2.1578947368421053,0.32793628590208806,0.2151859014196333
0.21052631578947367,2.1578947368421053,0.3885739518570975,0.243525503005082
0.21052631578947367,2.1578947368421053,0.460423937675878,0.24651893858927323
0.21052631578947367,2.1578947368421053,0.5455594781168519,0.24043862640088168
0.21052631578947367,2.1578947368421053,0.646437163249006,0.26272330596663496
0.21052631578947367,2.1578947368421053,0.7659678234751834,0.264111140489037
0.21052631578947367,2.1578947368421053,0.907600521681814,0.26094965842623313
0.21052631578947367,2.1578947368421053,1.0754220761125606,0.2655920365881004
0.21052631578947367,2.1578947368421053,1.2742749857031335,0.2705498813995693
0.21052631578947367,2.1578947368421053,1.5098971606184193,0.2648617201709126
0.21052631578947367,2.1578947368421053,1.789087489923219,0.2610451291539694
0.21052631578947367,2.1578947368421053,2.1199020238496082,0.2520041487114311
0.21052631578947367,2.1578947368421053,2.51188643150958,0.24357608784703513
0.21052631578947367,2.4210526315789473,0.09999999999999999,0.18182990382413527
0.21052631578947367,2.4210526315789473,0.11849068510006666,0.18157617213376537
0.21052631578947367,2.4210526315789473,0.1404004245548316,0.18511679387667848
0.21052631578947367,2.4210526315789473,0.16636142493842218,0.20770274246146336
0.21052631578947367,2.4210526315789473,0.1971227921517696,0.19595942179390374
0.21052631578947367,2.4210526315789473,0.23357214690901223,0.19003416583022326
0.21052631578947367,2.4210526315789473,0.2767612370754227,0.212362323174341
0.21052631578947367,2.4210526315789473,0.32793628590208806,0.22088268557035468
0.21052631578947367,2.4210526315789473,0.3885739518570975,0.23724986728364522
0.21052631578947367,2.4210526315789473,0.460423937675878,0.2546760893232663
0.21052631578947367,2.4210526315789473,0.5455594781168519,0.23621628873424755
0.21052631578947367,2.4210526315789473,0.646437163249006,0.277598038523764
0.21052631578947367,2.4210526315789473,0.7659678234751834,0.2634359027239362
0.21052631578947367,2.4210526315789473,0.907600521681814,0.2777658341249256
0.21052631578947367,2.4210526315789473,1.0754220761125606,0.2705221540428678
0.21052631578947367,2.4210526315789473,1.2742749857031335,0.2642080821179177
0.21052631578947367,2.4210526315789473,1.5098971606184193,0.26544951514921516
0.21052631578947367,2.4210526315789473,1.789087489923219,0.26047069109780624
0.21052631578947367,2.4210526315789473,2.1199020238496082,0.2506426872074482
0.21052631578947367,2.4210526315789473,2.51188643150958,0.2418674242543461
0.21052631578947367,2.6842105263157894,0.09999999999999999,0.16161735693093365
0.21052631578947367,2.6842105263157894,0.11849068510006666,0.15241481485077998
0.21052631578947367,2.6842105263157894,0.1404004245548316,0.18906787128749963
0.21052631578947367,2.6842105263157894,0.16636142493842218,0.16436034448300793
0.21052631578947367,2.6842105263157894,0.1971227921517696,0.1882958021011145
0.21052631578947367,2.6842105263157894,0.23357214690901223,0.20181793335776088
0.21052631578947367,2.6842105263157894,0.2767612370754227,0.200094773488326
0.21052631578947367,2.6842105263157894,0.32793628590208806,0.21780674395960073
0.21052631578947367,2.6842105263157894,0.3885739518570975,0.23891053590773156
0.21052631578947367,2.6842105263157894,0.460423937675878,0.2419093530117504
0.21052631578947367,2.6842105263157894,0.5455594781168519,0.25039890758153105
0.21052631578947367,2.6842105263157894,0.646437163249006,0.25477701717812856
0.21052631578947367,2.6842105263157894,0.7659678234751834,0.2580471257242165
0.21052631578947367,2.6842105263157894,0.907600521681814,0.2657194035135
0.21052631578947367,2.6842105263157894,1.0754220761125606,0.2671822783549232
0.21052631578947367,2.6842105263157894,1.2742749857031335,0.272132919962831
0.21052631578947367,2.6842105263157894,1.5098971606184193,0.2670476381036837
0.21052631578947367,2.6842105263157894,1.789087489923219,0.25829425205336015
0.21052631578947367,2.6842105263157894,2.1199020238496082,0.24956941872368446
0.21052631578947367,2.6842105263157894,2.51188643150958,0.24233960879257088
0.21052631578947367,2.9473684210526314,0.09999999999999999,0.16489354002919268
0.21052631578947367,2.9473684210526314,0.11849068510006666,0.16335614072458646
0.21052631578947367,2.9473684210526314,0.1404004245548316,0.16886687526776922
0.21052631578947367,2.9473684210526314,0.16636142493842218,0.19632249357525264
0.21052631578947367,2.9473684210526314,0.1971227921517696,0.1947158131296267
0.21052631578947367,2.9473684210526314,0.23357214690901223,0.20085250219495174
0.21052631578947367,2.9473684210526314,0.2767612370754227,0.1924050347241999
0.21052631578947367,2.9473684210526314,0.32793628590208806,0.21102587043462614
0.21052631578947367,2.9473684210526314,0.3885739518570975,0.2010118478751841
0.21052631578947367,2.9473684210526314,0.460423937675878,0.23446756937838065
0.21052631578947367,2.9473684210526314,0.5455594781168519,0.2500535536207927
0.21052631578947367,2.9473684210526314,0.646437163249006,0.2764079392898159
0.21052631578947367,2.9473684210526314,0.7659678234751834,0.2615991674717335
0.21052631578947367,2.9473684210526314,0.907600521681814,0.259539225859135
0.21052631578947367,2.9473684210526314,1.0754220761125606,0.2610642835149029
0.21052631578947367,2.9473684210526314,1.2742749857031335,0.26692987297853865
0.21052631578947367,2.9473684210526314,1.5098971606184193,0.2688467499990063
0.21052631578947367,2.9473684210526314,1.789087489923219,0.26093518325458603
0.21052631578947367,2.9473684210526314,2.1199020238496082,0.2504461309053864
0.21052631578947367,2.9473684210526314,2.51188643150958,0.242534359015632
0.21052631578947367,3.2105263157894735,0.09999999999999999,0.16550305706588894
0.21052631578947367,3.2105263157894735,0.11849068510006666,0.18304008942205102
0.21052631578947367,3.2105263157894735,0.1404004245548316,0.1727949928973463
0.21052631578947367,3.2105263157894735,0.16636142493842218,0.17214635634572822
0.21052631578947367,3.2105263157894735,0.1971227921517696,0.20020034148398755
0.21052631578947367,3.2105263157894735,0.23357214690901223,0.19260789986054133
0.21052631578947367,3.2105263157894735,0.2767612370754227,0.22330675915469847
0.21052631578947367,3.2105263157894735,0.32793628590208806,0.23093263509426032
0.21052631578947367,3.2105263157894735,0.3885739518570975,0.22270025549050987
0.21052631578947367,3.2105263157894735,0.460423937675878,0.23625292580699445
0.21052631578947367,3.2105263157894735,0.5455594781168519,0.2473036318721007
0.21052631578947367,3.2105263157894735,0.646437163249006,0.25795268958612944
0.21052631578947367,3.2105263157894735,0.7659678234751834,0.25961185228426825
0.21052631578947367,3.2105263157894735,0.907600521681814,0.26943654274354273
0.21052631578947367,3.2105263157894735,1.0754220761125606,0.2675992087160094
0.21052631578947367,3.2105263157894735,1.2742749857031335,0.2671751843487532
0.21052631578947367,3.2105263157894735,1.5098971606184193,0.2647758768526478
0.21052631578947367,3.2105263157894735,1.789087489923219,0.2587874069286252
0.21052631578947367,3.2105263157894735,2.1199020238496082,0.2516585050471085
0.21052631578947367,3.2105263157894735,2.51188643150958,0.24002994021784685
0.21052631578947367,3.473684210526316,0.09999999999999999,0.1536626614301232
0.21052631578947367,3.473684210526316,0.11849068510006666,0.16616002846811934
0.21052631578947367,3.473684210526316,0.1404004245548316,0.17661335206454806
0.21052631578947367,3.473684210526316,0.16636142493842218,0.18284703326491034
0.21052631578947367,3.473684210526316,0.1971227921517696,0.1932274499514069
0.21052631578947367,3.473684210526316,0.23357214690901223,0.19844589324217837
0.21052631578947367,3.473684210526316,0.2767612370754227,0.18883607617260706
0.21052631578947367,3.473684210526316,0.32793628590208806,0.21597769934444036
0.21052631578947367,3.473684210526316,0.3885739518570975,0.2166379712287468
0.21052631578947367,3.473684210526316,0.460423937675878,0.2386061370663445
0.21052631578947367,3.473684210526316,0.5455594781168519,0.24953790610056936
0.21052631578947367,3.473684210526316,0.646437163249006,0.23945757955796276
0.21052631578947367,3.473684210526316,0.7659678234751834,0.2558182748259531
0.21052631578947367,3.473684210526316,0.907600521681814,0.2588502161068878
0.21052631578947367,3.473684210526316,1.0754220761125606,0.266988435810254
0.21052631578947367,3.473684210526316,1.2742749857031335,0.26280894836966706
0.21052631578947367,3.473684210526316,1.5098971606184193,0.25756056166159313
0.21052631578947367,3.473684210526316,1.789087489923219,0.25714778734116406
0.21052631578947367,3.473684210526316,2.1199020238496082,0.25059336298147694
0.21052631578947367,3.473684210526316,2.51188643150958,0.2411511383653228
0.21052631578947367,3.7368421052631575,0.09999999999999999,0.16438617405060452
0.21052631578947367,3.7368421052631575,0.11849068510006666,0.18886031467085765
0.21052631578947367,3.7368421052631575,0.1404004245548316,0.16447971537486697
0.21052631578947367,3.7368421052631575,0.16636142493842218,0.185732962647441
0.21052631578947367,3.7368421052631575,0.1971227921517696,0.19646876751686937
0.21052631578947367,3.7368421052631575,0.23357214690901223,0.19802043554625753
0.21052631578947367,3.7368421052631575,0.2767612370754227,0.1939349927041713
0.21052631578947367,3.7368421052631575,0.32793628590208806,0.20409223182507538
0.21052631578947367,3.7368421052631575,0.3885739518570975,0.21400202764184773
0.21052631578947367,3.7368421052631575,0.460423937675878,0.2248526106158438
0.21052631578947367,3.7368421052631575,0.5455594781168519,0.24756276743127312
0.21052631578947367,3.7368421052631575,0.646437163249006,0.2354870835816624
0.21052631578947367,3.7368421052631575,0.7659678234751834,0.25815086893943695
0.21052631578947367,3.7368421052631575,0.907600521681814,0.2673157454458039
0.21052631578947367,3.7368421052631575,1.0754220761125606,0.26956356949243887
0.21052631578947367,3.7368421052631575,1.2742749857031335,0.2636425023129035
0.21052631578947367,3.7368421052631575,1.5098971606184193,0.2627597745451579
0.21052631578947367,3.7368421052631575,1.789087489923219,0.2559571894665599
0.21052631578947367,3.7368421052631575,2.1199020238496082,0.24836656104181218
0.21052631578947367,3.7368421052631575,2.51188643150958,0.24340860848431817
0.21052631578947367,4.0,0.09999999999999999,0.15852045833395642
0.21052631578947367,4.0,0.11849068510006666,0.17401452095105888
0.21052631578947367,4.0,0.1404004245548316,0.16004934920633798
0.21052631578947367,4.0,0.16636142493842218,0.18724978009868085
0.21052631578947367,4.0,0.1971227921517696,0.19546778475813192
0.21052631578947367,4.0,0.23357214690901223,0.18366728605741303
0.21052631578947367,4.0,0.2767612370754227,0.18856584744992427
0.21052631578947367,4.0,0.32793628590208806,0.1934277845627157
0.21052631578947367,4.0,0.3885739518570975,0.2261972905907443
0.21052631578947367,4.0,0.460423937675878,0.2296193175256722
0.21052631578947367,4.0,0.5455594781168519,0.23532671315218948
0.21052631578947367,4.0,0.646437163249006,0.25323581013125823
0.21052631578947367,4.0,0.7659678234751834,0.2531500704502733
0.21052631578947367,4.0,0.907600521681814,0.26059735512949656
0.21052631578947367,4.0,1.0754220761125606,0.2639100414329691
0.21052631578947367,4.0,1.2742749857031335,0.2681966094725807
0.21052631578947367,4.0,1.5098971606184193,0.2640957209288432
0.21052631578947367,4.0,1.789087489923219,0.26225940429202854
0.21052631578947367,4.0,2.1199020238496082,0.24926987949578627
0.21052631578947367,4.0,2.51188643150958,0.2393344464677093
0.42105263157894735,-1.0,0.09999999999999999,0.68882653692706
0.42105263157894735,-1.0,0.11849068510006666,0.6832465785404993
0.42105263157894735,-1.0,0.1404004245548316,0.6834799399266865
0.42105263157894735,-1.0,0.16636142493842218,0.6565444051083335
0.42105263157894735,-1.0,0.1971227921517696,0.6546697726216669
0.42105263157894735,-1.0,0.23357214690901223,0.6400544195958618
0.42105263157894735,-1.0,0.2767612370754227,0.6191039674337566
0.42105263157894735,-1.0,0.32793628590208806,0.6362485366946634
0.42105263157894735,-1.0,0.3885739518570975,0.6257418028445684
0.42105263157894735,-1.0,0.460423937675878,0.5822385794085848
0.42105263157894735,-1.0,0.5455594781168519,0.5718665042991062
0.42105263157894735,-1.0,0.646437163249006,0.5379197029499606
0.42105263157894735,-1.0,0.7659678234751834,0.5095532770868273
0.42105263157894735,-1.0,0.907600521681814,0.4664758629353862
0.42105263157894735,-1.0,1.0754220761125606,0.4347934237356106
0.42105263157894735,-1.0,1.2742749857031335,0.3920530970418772
0.42105263157894735,-1.0,1.5098971606184193,0.35917584502431993
0.42105263157894735,-1.0,1.789087489923219,0.33205102697844613
0.42105263157894735,-1.0,2.1199020238496082,0.30009920518915634
0.42105263157894735,-1.0,2.51188643150958,0.2735622888694685
0.42105263157894735,-0.736842105263158,0.09999999999999999,0.6974322864651796
0.42105263157894735,-0.736842105263158,0.11849068510006666,0.6805782505557123
0.42105263157894735,-0.736842105263158,0.1404004245548316,0.6944418411355695
0.42105263157894735,-0.736842105263158,0.16636142493842218,0.6701599834156224
0.42105263157894735,-0.736842105263158,0.1971227921517696,0.6697646483922761
0.42105263157894735,-0.736842105263158,0.23357214690901223,0.661817210989927
0.42105263157894735,-0.736842105263158,0.2767612370754227,0.6330679228610886
0.42105263157894735,-0.736842105263158,0.32793628590208806,0.6310821243488557
0.42105263157894735,-0.736842105263158,0.3885739518570975,0.6453946833992917
0.42105263157894735,-0.736842105263158,0.460423937675878,0.6015498137702405
0.42105263157894735,-0.736842105263158,0.5455594781168519,0.5688904694702243
0.42105263157894735,-0.736842105263158,0.646437163249006,0.5501132618225738
0.42105263157894735,-0.736842105263158,0.7659678234751834,0.5137603454065566
0.42105263157894735,-0.736842105263158,0.907600521681814,0.4715577812278463
0.42105263157894735,-0.736842105263158,1.0754220761125606,0.41851360078208666
0.42105263157894735,-0.736842105263158,1.2742749857031335,0.39166259587232477
0.42105263157894735,-0.736842105263158,1.5098971606184193,0.36019601201733614
0.42105263157894735,-0.736842105263158,1.789087489923219,0.32159355170705684
0.42105263157894735,-0.736842105263158,2.1199020238496082,0.30048635855039113
0.42105263157894735,-0.736842105263158,2.51188643150958,0.27821473752795983
0.42105263157894735,-0.4736842105263158,0.09999999999999999,0.7126073645793699
0.42105263157894735,-0.4736842105263158,0.11849068510006666,0.6494434744343501
0.42105263157894735,-0.4736842105263158,0.1404004245548316,0.6784162941444603
0.42105263157894735,-0.4736842105263158,0.16636142493842218,0.6832589871529188
0.42105263157894735,-0.4736842105263158,0.1971227921517696,0.6632407133273733
0.42105263157894735,-0.4736842105263158,0.23357214690901223,0.6809478419084566
0.42105263157894735,-0.4736842105263158,0.2767612370754227,0.6610505371908744
0.42105263157894735,-0.4736842105263158,0.32793628590208806,0.650409083461576
0.42105263157894735,-0.4736842105263158,0.3885739518570975,0.6119453488231356
0.42105263157894735,-0.4736842105263158,0.460423937675878,0.6051340261394338
0.42105263157894735,-0.4736842105263158,0.5455594781168519,0.5617981844511536
0.42105263157894735,-0.4736842105263158,0.646437163249006,0.547587237915183
0.42105263157894735,-0.4736842105263158,0.7659678234751834,0.4926886488121988
0.42105263157894735,-0.4736842105263158,0.907600521681814,0.47089708566513444
0.42105263157894735,-0.4736842105263158,1.0754220761125606,0.4283100870770029
0.42105263157894735,-0.4736842105263158,1.2742749857031335,0.39195988841840596
0.42105263157894735,-0.4736842105263158,1.5098971606184193,0.3627174979857484
0.42105263157894735,-0.4736842105263158,1.789087489923219,0.32623783502720977
0.42105263157894735,-0.4736842105263158,2.1199020238496082,0.29749465335874137
0.42105263157894735,-0.4736842105263158,2.51188643150958,0.2735040091520589
0.42105263157894735,-0.21052631578947367,0.09999999999999999,0.6638787595511403
0.42105263157894735,-0.21052631578947367,0.11849068510006666,0.6503917103208249
0.42105263157894735,-0.21052631578947367,0.1404004245548316,0.6475037793768419
0.42105263157894735,-0.21052631578947367,0.16636142493842218,0.6402802795472166
0.42105263157894735,-0.21052631578947367,0.1971227921517696,0.6430515035812984
0.42105263157894735,-0.21052631578947367,0.23357214690901223,0.6289906619318065
0.42105263157894735,-0.21052631578947367,0.2767612370754227,0.624159782735495
0.42105263157894735,-0.21052631578947367,0.32793628590208806,0.6051502918800494
0.42105263157894735,-0.21052631578947367,0.3885739518570975,0.6041905910332893
0.42105263157894735,-0.21052631578947367,0.460423937675878,0.5879498957500474
0.42105263157894735,-0.21052631578947367,0.5455594781168519,0.5497103068595243
0.42105263157894735,-0.21052631578947367,0.646437163249006,0.5192935818714244
0.42105263157894735,-0.21052631578947367,0.7659678234751834,0.4961567114805887
0.42105263157894735,-0.21052631578947367,0.907600521681814,0.454705220306097
0.42105263157894735,-0.21052631578947367,1.0754220761125606,0.4245436962823972
0.42105263157894735,-0.21052631578947367,1.2742749857031335,0.38867346117261853
0.42105263157894735,-0.21052631578947367,1.5098971606184193,0.3511629876799289
0.42105263157894735,-0.21052631578947367,1.789087489923219,0.32479523282111705
0.42105263157894735,-0.21052631578947367,2.1199020238496082,0.2963198183281352
0.42105263157894735,-0.21052631578947367,2.51188643150958,0.278106347967345
0.42105263157894735,0.05263157894736836,0.09999999999999999,0.5893226810463651
0.42105263157894735,0.05263157894736836,0.11849068510006666,0.5679493099578137
0.42105263157894735,0.05263157894736836,0.1404004245548316,0.5784439471451541
0.42105263157894735,0.05263157894736836,0.16636142493842218,0.5619673589078394
0.42105263157894735,0.05263157894736836,0.1971227921517696,0.5499676515559325
0.42105263157894735,0.05263157894736836,0.23357214690901223,0.5669103583912827
0.42105263157894735,0.05263157894736836,0.2767612370754227,0.5377396662456209
0.42105263157894735,0.05263157894736836,0.32793628590208806,0.5563454416154224
0.42105263157894735,0.05263157894736836,0.3885739518570975,0.5310358735830079
0.42105263157894735,0.05263157894736836,0.460423937675878,0.5160073139004248
0.42105263157894735,0.05263157894736836,0.5455594781168519,0.5068741617852142
0.42105263157894735,0.05263157894736836,0.646437163249006,0.5004707168428795
0.42105263157894735,0.05263157894736836,0.7659678234751834,0.4665481414147745
0.42105263157894735,0.05263157894736836,0.907600521681814,0.4269384549440781
0.42105263157894735,0.05263157894736836,1.0754220761125606,0.4006254353575134
0.42105263157894735,0.05263157894736836,1.2742749857031335,0.3798695199436754
0.42105263157894735,0.05263157894736836,1.5098971606184193,0.3447360806671214
0.42105263157894735,0.05263157894736836,1.789087489923219,0.317899162087971
0.42105263157894735,0.05263157894736836,2.1199020238496082,0.2934218544881439
0.42105263157894735,0.05263157894736836,2.51188643150958,0.27205961781009913
0.42105263157894735,0.3157894736842104,0.09999999999999999,0.41536603516871773
0.42105263157894735,0.3157894736842104,0.11849068510006666,0.43981872706580766
0.42105263157894735,0.3157894736842104,0.1404004245548316,0.4376734286206543
0.42105263157894735,0.3157894736842104,0.16636142493842218,0.4435862347169752
0.42105263157894735,0.3157894736842104,0.1971227921517696,0.4515771800349314
0.42105263157894735,0.3157894736842104,0.23357214690901223,0.42088166538023297
0.42105263157894735,0.3157894736842104,0.2767612370754227,0.42917304505382703
0.42105263157894735,0.3157894736842104,0.32793628590208806,0.4458267958199641
0.42105263157894735,0.3157894736842104,0.3885739518570975,0.44871224602024945
0.42105263157894735,0.3157894736842104,0.460423937675878,0.46599724180247587
0.42105263157894735,0.3157894736842104,0.5455594781168519,0.4469915644291626
0.42105263157894735,0.3157894736842104,0.646437163249006,0.43492292089996226
0.42105263157894735,0.3157894736842104,0.7659678234751834,0.4204307116011463
0.42105263157894735,0.3157894736842104,0.907600521681814,0.3995657977737431
0.42105263157894735,0.3157894736842104,1.0754220761125606,0.3780967865618692
0.42105263157894735,0.3157894736842104,1.2742749857031335,0.3554596342950443
0.42105263157894735,0.3157894736842104,1.5098971606184193,0.33492555683699426
0.42105263157894735,0.3157894736842104,1.789087489923219,0.3139609152897206
0.42105263157894735,0.3157894736842104,2.1199020238496082,0.2892365053850336
0.42105263157894735,0.3157894736842104,2.51188643150958,0.27100452838821043
0.42105263157894735,0.5789473684210527,0.09999999999999999,0.2981994980833369
0.42105263157894735,0.5789473684210527,0.11849068510006666,0.2903640635557523
0.42105263157894735,0.5789473684210527,0.1404004245548316,0.29724856822288626
0.42105263157894735,0.5789473684210527,0.16636142493842218,0.3415640558464289
0.42105263157894735,0.5789473684210527,0.1971227921517696,0.3280368453153186
0.42105263157894735,0.5789473684210527,0.23357214690901223,0.3273158855672503
0.42105263157894735,0.5789473684210527,0.2767612370754227,0.3360103723873987
0.42105263157894735,0.5789473684210527,0.32793628590208806,0.35690449374930633
0.42105263157894735,0.5789473684210527,0.3885739518570975,0.36498622734451847
0.42105263157894735,0.5789473684210527,0.460423937675878,0.3674821630896364
0.42105263157894735,0.5789473684210527,0.5455594781168519,0.3636360716467826
0.42105263157894735,0.5789473684210527,0.646437163249006,0.36261960412314703
0.42105263157894735,0.5789473684210527,0.7659678234751834,0.35902365655512625
0.42105263157894735,0.5789473684210527,0.907600521681814,0.3537904403604984
0.42105263157894735,0.5789473684210527,1.0754220761125606,0.3530123798921425
0.42105263157894735,0.5789473684210527,1.2742749857031335,0.3392150439152634
0.42105263157894735,0.5789473684210527,1.5098971606184193,0.3194169823368951
0.42105263157894735,0.5789473684210527,1.789087489923219,0.29997906635871635
0.42105263157894735,0.5789473684210527,2.1199020238496082,0.28542228857810276
0.42105263157894735,0.5789473684210527,2.51188643150958,0.26401974612843837
0.42105263157894735,0.8421052631578947,0.09999999999999999,0.24231116801454472
0.42105263157894735,0.8421052631578947,0.11849068510006666,0.2651673841152753
0.42105263157894735,0.8421052631578947,0.1404004245548316,0.27398337612726087
0.42105263157894735,0.8421052631578947,0.16636142493842218,0.257817402504247
0.42105263157894735,0.8421052631578947,0.1971227921517696,0.27428275366382926
0.42105263157894735,0.8421052631578947,0.23357214690901223,0.2953335570696706
0.42105263157894735,0.8421052631578947,0.2767612370754227,0.2828809192009044
0.42105263157894735,0.8421052631578947,0.32793628590208806,0.2987190909544105
0.42105263157894735,0.8421052631578947,0.3885739518570975,0.29748247409224177
0.42105263157894735,0.8421052631578947,0.460423937675878,0.3211976035728664
0.42105263157894735,0.8421052631578947,0.5455594781168519,0.318770351786841
0.42105263157894735,0.8421052631578947,0.646437163249006,0.32962881083843454
0.42105263157894735,0.8421052631578947,0.7659678234751834,0.31791827063960376
0.42105263157894735,0.8421052631578947,0.907600521681814,0.3349750720281096
0.42105263157894735,0.8421052631578947,1.0754220761125606,0.319330936772924
0.42105263157894735,0.8421052631578947,1.2742749857031335,0.314913335095072
0.42105263157894735,0.8421052631578947,1.5098971606184193,0.2989754162195089
0.42105263157894735,0.8421052631578947,1.789087489923219,0.28958219007384367
0.42105263157894735,0.8421052631578947,2.1199020238496082,0.27410844082440244
0.42105263157894735,0.8421052631578947,2.51188643150958,0.25776573402633934
0.42105263157894735,1.1052631578947367,0.09999999999999999,0.2105859174344191
0.42105263157894735,1.1052631578947367,0.11849068510006666,0.24036722115221396
0.42105263157894735,1.1052631578947367,0.1404004245548316,0.2540774854132105
0.42105263157894735,1.1052631578947367,0.16636142493842218,0.2602914895129116
0.42105263157894735,1.1052631578947367,0.1971227921517696,0.24742552821808592
0.42105263157894735,1.1052631578947367,0.23357214690901223,0.24709489407944443
0.42105263157894735,1.1052631578947367,0.2767612370754227,0.2770334460935809
0.42105263157894735,1.1052631578947367,0.32793628590208806,0.29811371762050093
0.42105263157894735,1.1052631578947367,0.3885739518570975,0.28578935885096823
0.42105263157894735,1.1052631578947367,0.460423937675878,0.2946259299011308
0.42105263157894735,1.1052631578947367,0.5455594781168519,0.2922920787228787
0.42105263157894735,1.1052631578947367,0.646437163249006,0.2870083947505159
0.42105263157894735,1.1052631578947367,0.7659678234751834,0.30411808665577295
0.42105263157894735,1.1052631578947367,0.907600521681814,0.31211072271303214
0.42105263157894735,1.1052631578947367,1.0754220761125606,0.29495294081374923
0.42105263157894735,1.1052631578947367,1.2742749857031335,0.3024476417136128
0.42105263157894735,1.1052631578947367,1.5098971606184193,0.29153544308245843
0.42105263157894735,1.1052631578947367,1.789087489923219,0.27695300673394757
0.42105263157894735,1.1052631578947367,2.1199020238496082,0.26480094507487
0.42105263157894735,1.1052631578947367,2.51188643150958,0.25163913713690556
0.42105263157894735,1.3684210526315788,0.09999999999999999,0.20697828319689832
0.42105263157894735,1.3684210526315788,0.11849068510006666,0.22918596551744022
0.42105263157894735,1.3684210526315788,0.1404004245548316,0.2236226454674953
0.42105263157894735,1.3684210526315788,0.16636142493842218,0.23598353602181804
0.42105263157894735,1.3684210526315788,0.1971227921517696,0.24076049811481748
0.42105263157894735,1.3684210526315788,0.23357214690901223,0.25544563263253794
0.42105263157894735,1.3684210526315788,0.2767612370754227,0.24789071596943504
0.42105263157894735,1.3684210526315788,0.32793628590208806,0.25148997487069924
0.42105263157894735,1.3684210526315788,0.3885739518570975,0.2499678119940992
0.42105263157894735,1.3684210526315788,0.460423937675878,0.27534071562946605
0.42105263157894735,1.3684210526315788,0.5455594781168519,0.28867868819015347
0.42105263157894735,1.3684210526315788,0.646437163249006,0.2898712814505098
0.42105263157894735,1.3684210526315788,0.7659678234751834,0.2947285419157422
0.42105263157894735,1.3684210526315788,0.907600521681814,0.291923596791709
0.42105263157894735,1.3684210526315788,1.0754220761125606,0.29656376312970967
0.42105263157894735,1.3684210526315788,1.2742749857031335,0.2896758110785294
0.42105263157894735,1.3684210526315788,1.5098971606184193,0.2811459594133963
0.42105263157894735,1.3684210526315788,1.789087489923219,0.27165636150960537
0.42105263157894735,1.3684210526315788,2.1199020238496082,0.2605785342886351
0.42105263157894735,1.3684210526315788,2.51188643150958,0.2504489913260514
0.42105263157894735,1.6315789473684208,0.09999999999999999,0.1990927621911301
0.42105263157894735,1.6315789473684208,0.11849068510006666,0.20796753226241613
0.42105263157894735,1.6315789473684208,0.1404004245548316,0.22631986953906788
0.42105263157894735,1.6315789473684208,0.16636142493842218,0.23081371352609956
0.42105263157894735,1.6315789473684208,0.1971227921517696,0.2165778343606453
0.42105263157894735,1.6315789473684208,0.23357214690901223,0.23693748436088388
0.42105263157894735,1.6315789473684208,0.2767612370754227,0.24098322055699242
0.42105263157894735,1.6315789473684208,0.32793628590208806,0.23801372115685362
0.42105263157894735,1.6315789473684208,0.3885739518570975,0.240378648846823
0.42105263157894735,1.6315789473684208,0.460423937675878,0.2658883592476627
0.42105263157894735,1.6315789473684208,0.5455594781168519,0.2795662961031534
0.42105263157894735,1.6315789473684208,0.646437163249006,0.2737359941461922
0.42105263157894735,1.6315789473684208,0.7659678234751834,0.2751430448010765
0.42105263157894735,1.6315789473684208,0.907600521681814,0.2866504997629192
0.42105263157894735,1.6315789473684208,1.0754220761125606,0.29196451668755574
0.42105263157894735,1.6315789473684208,1.2742749857031335,0.2894460044295768
0.42105263157894735,1.6315789473684208,1.5098971606184193,0.2768479620567732
0.42105263157894735,1.6315789473684208,1.789087489923219,0.269601496591781
0.42105263157894735,1.6315789473684208,2.1199020238496082,0.25987246305129313
0.42105263157894735,1.6315789473684208,2.51188643150958,0.2477690234738185
0.42105263157894735,1.8947368421052628,0.09999999999999999,0.1732827400725597
0.42105263157894735,1.8947368421052628,0.11849068510006666,0.18832706736229995
0.42105263157894735,1.8947368421052628,0.1404004245548316,0.1961567264796534
0.42105263157894735,1.8947368421052628,0.16636142493842218,0.1912322351296903
0.42105263157894735,1.8947368421052628,0.1971227921517696,0.21302330311079753
0.42105263157894735,1.8947368421052628,0.23357214690901223,0.2218683009695259
0.42105263157894735,1.8947368421052628,0.2767612370754227,0.22888124961316755
0.42105263157894735,1.8947368421052628,0.32793628590208806,0.2639647541326031
0.42105263157894735,1.8947368421052628,0.3885739518570975,0.24733759632174987
0.42105263157894735,1.8947368421052628,0.460423937675878,0.23796443185611776
0.42105263157894735,1.8947368421052628,0.5455594781168519,0.27422075293484505
0.42105263157894735,1.8947368421052628,0.646437163249006,0.2636885225112595
0.42105263157894735,1.8947368421052628,0.7659678234751834,0.2812840812678193
0.42105263157894735,1.8947368421052628,0.907600521681814,0.2764687015415104
0.42105263157894735,1.8947368421052628,1.0754220761125606,0.2846451435842027
0.42105263157894735,1.8947368421052628,1.2742749857031335,0.27265152820942246
0.42105263157894735,1.8947368421052628,1.5098971606184193,0.2695531065409177
0.42105263157894735,1.8947368421052628,1.789087489923219,0.26502076242242445
0.42105263157894735,1.8947368421052628,2.1199020238496082,0.2558492410738652
0.42105263157894735,1.8947368421052628,2.51188643150958,0.2443794117931035
0.42105263157894735,2.1578947368421053,0.09999999999999999,0.20122245645558176
0.42105263157894735,2.1578947368421053,0.11849068510006666,0.19146863228581265
0.42105263157894735,2.1578947368421053,0.1404004245548316,0.18671707237697255
0.42105263157894735,2.1578947368421053,0.16636142493842218,0.1883917738554766
0.42105263157894735,2.1578947368421053,0.1971227921517696,0.2146465624592938
0.42105263157894735,2.1578947368421053,0.23357214690901223,0.21734526487092784
0.42105263157894735,2.1578947368421053,0.2767612370754227,0.22972838910371718
0.42105263157894735,2.1578947368421053,0.32793628590208806,0.2072136260695408
0.42105263157894735,2.1578947368421053,0.3885739518570975,0.24514504227037504
0.42105263157894735,2.1578947368421053,0.460423937675878,0.24918984841387462
0.42105263157894735,2.1578947368421053,0.5455594781168519,0.2513846406558768
0.42105263157894735,2.1578947368421053,0.646437163249006,0.2641494096526375
0.42105263157894735,2.1578947368421053,0.7659678234751834,0.26234337709026095
0.42105263157894735,2.1578947368421053,0.907600521681814,0.27839533933153565
0.42105263157894735,2.1578947368421053,1.0754220761125606,0.28005002340243496
0.42105263157894735,2.1578947368421053,1.2742749857031335,0.2737939057765165
0.42105263157894735,2.1578947368421053,1.5098971606184193,0.2709459022347366
0.42105263157894735,2.1578947368421053,1.789087489923219,0.2603224497855267
0.42105263157894735,2.1578947368421053,2.1199020238496082,0.2544262418533204
0.42105263157894735,2.1578947368421053,2.51188643150958,0.24668010391460304
0.42105263157894735,2.4210526315789473,0.09999999999999999,0.1707212197871012
0.42105263157894735,2.4210526315789473,0.11849068510006666,0.18386080445124295
0.42105263157894735,2.4210526315789473,0.1404004245548316,0.1759261769646638
0.42105263157894735,2.4210526315789473,0.16636142493842218,0.1836074313481958
0.42105263157894735,2.4210526315789473,0.1971227921517696,0.1927800260015124
0.42105263157894735,2.4210526315789473,0.23357214690901223,0.20119802148647897
0.42105263157894735,2.4210526315789473,0.2767612370754227,0.2219161470645575
0.42105263157894735,2.4210526315789473,0.32793628590208806,0.22523224463052974
0.42105263157894735,2.4210526315789473,0.3885739518570975,0.24003711895805802
0.42105263157894735,2.4210526315789473,0.460423937675878,0.24996940439572965
0.42105263157894735,2.4210526315789473,0.5455594781168519,0.2580482515060597
0.42105263157894735,2.4210526315789473,0.646437163249006,0.2550743212264406
0.42105263157894735,2.4210526315789473,0.7659678234751834,0.2758193978069779
0.42105263157894735,2.4210526315789473,0.907600521681814,0.27321556154658155
0.42105263157894735,2.4210526315789473,1.0754220761125606,0.2711166563497504
0.42105263157894735,2.4210526315789473,1.2742749857031335,0.2746451771473147
0.42105263157894735,2.4210526315789473,1.5098971606184193,0.2671061901884979
0.42105263157894735,2.4210526315789473,1.789087489923219,0.2636523430615888
0.42105263157894735,2.4210526315789473,2.1199020238496082,0.2519050629750738
0.42105263157894735,2.4210526315789473,2.51188643150958,0.24141072495587515
0.42105263157894735,2.6842105263157894,0.09999999999999999,0.16647323857820132
0.42105263157894735,2.6842105263157894,0.11849068510006666,0.16805550198035116
0.42105263157894735,2.6842105263157894,0.1404004245548316,0.1893728378385411
0.42105263157894735,2.6842105263157894,0.16636142493842218,0.1702806112734413
0.42105263157894735,2.6842105263157894,0.1971227921517696,0.20103862868920513
0.42105263157894735,2.6842105263157894,0.23357214690901223,0.2158715723215786
0.42105263157894735,2.6842105263157894,0.2767612370754227,0.2041232496727595
0.42105263157894735,2.6842105263157894,0.32793628590208806,0.22112466577854645
0.42105263157894735,2.6842105263157894,0.3885739518570975,0.227455585676713
0.42105263157894735,2.6842105263157894,0.460423937675878,0.22511961209663978
0.42105263157894735,2.6842105263157894,0.5455594781168519,0.23734860323182755
0.42105263157894735,2.6842105263157894,0.646437163249006,0.25690633274247293
0.42105263157894735,2.6842105263157894,0.7659678234751834,0.2608124951350644
0.42105263157894735,2.6842105263157894,0.907600521681814,0.2618992058445718
0.42105263157894735,2.6842105263157894,1.0754220761125606,0.2762873829682738
0.42105263157894735,2.6842105263157894,1.2742749857031335,0.26889042515308315
0.42105263157894735,2.6842105263157894,1.5098971606184193,0.26772291192925407
0.42105263157894735,2.6842105263157894,1.789087489923219,0.26187504083600704
0.42105263157894735,2.6842105263157894,2.1199020238496082,0.2522491729744945
0.42105263157894735,2.6842105263157894,2.51188643150958,0.2448970304213748
0.42105263157894735,2.9473684210526314,0.09999999999999999,0.17930009399812627
0.42105263157894735,2.9473684210526314,0.11849068510006666,0.18595335369507615
0.42105263157894735,2.9473684210526314,0.1404004245548316,0.1771310097997717
0.42105263157894735,2.9473684210526314,0.16636142493842218,0.19986483213720288
0.42105263157894735,2.9473684210526314,0.1971227921517696,0.19787995611912007
0.42105263157894735,2.9473684210526314,0.23357214690901223,0.18232338582100938
0.42105263157894735,2.9473684210526314,0.2767612370754227,0.20834519611205998
0.42105263157894735,2.9473684210526314,0.32793628590208806,0.21194196157567033
0.42105263157894735,2.9473684210526314,0.3885739518570975,0.22314945338627856
0.42105263157894735,2.9473684210526314,0.460423937675878,0.23326197007599506
0.42105263157894735,2.9473684210526314,0.5455594781168519,0.24733003406045379
0.42105263157894735,2.9473684210526314,0.646437163249006,0.25188146950511625
0.42105263157894735,2.9473684210526314,0.7659678234751834,0.2577728862309135
0.42105263157894735,2.9473684210526314,0.907600521681814,0.27044001581100746
0.42105263157894735,2.9473684210526314,1.0754220761125606,0.27241439623038116
0.42105263157894735,2.9473684210526314,1.2742749857031335,0.27186140487133037
0.42105263157894735,2.9473684210526314,1.5098971606184193,0.26382306695454943
0.42105263157894735,2.9473684210526314,1.789087489923219,0.25583760690453133
0.42105263157894735,2.9473684210526314,2.1199020238496082,0.2549366337294239
0.42105263157894735,2.9473684210526314,2.51188643150958,0.24137197815978853
0.42105263157894735,3.2105263157894735,0.09999999999999999,0.1656279501061118
0.42105263157894735,3.2105263157894735,0.11849068510006666,0.18009850423289092
0.42105263157894735,3.2105263157894735,0.1404004245548316,0.18885432007125638
0.42105263157894735,3.2105263157894735,0.16636142493842218,0.18427630771002343
0.42105263157894735,3.2105263157894735,0.1971227921517696,0.19823507287533948
0.42105263157894735,3.2105263157894735,0.23357214690901223,0.19850069799166822
0.42105263157894735,3.2105263157894735,0.2767612370754227,0.2068050637963999
0.42105263157894735,3.2105263157894735,0.32793628590208806,0.21818641842705572
0.42105263157894735,3.2105263157894735,0.3885739518570975,0.23120669190021648
0.42105263157894735,3.2105263157894735,0.460423937675878,0.2273886727213601
0.42105263157894735,3.2105263157894735,0.5455594781168519,0.23559227362712065
0.42105263157894735,3.2105263157894735,0.646437163249006,0.2540580674967334
0.42105263157894735,3.2105263157894735,0.7659678234751834,0.2606310941298383
0.42105263157894735,3.2105263157894735,0.907600521681814,0.27149883043968726
0.42105263157894735,3.2105263157894735,1.0754220761125606,0.2707541683229596
0.42105263157894735,3.2105263157894735,1.2742749857031335,0.26812901367253417
0.42105263157894735,3.2105263157894735,1.5098971606184193,0.2677571579425585
0.42105263157894735,3.2105263157894735,1.789087489923219,0.2557777962984689
0.42105263157894735,3.2105263157894735,2.1199020238496082,0.24958650148575082
0.42105263157894735,3.2105263157894735,2.51188643150958,0.24159839811703962
0.42105263157894735,3.473684210526316,0.09999999999999999,0.17964400999454638
0.42105263157894735,3.473684210526316,0.11849068510006666,0.16944920401059005
0.42105263157894735,3.473684210526316,0.1404004245548316,0.1709186109049185
0.42105263157894735,3.473684210526316,0.16636142493842218,0.19997976580300011
0.42105263157894735,3.473684210526316,0.1971227921517696,0.17730181748069926
0.42105263157894735,3.473684210526316,0.23357214690901223,0.20185042325176497
0.42105263157894735,3.473684210526316,0.2767612370754227,0.20082563458117206
0.42105263157894735,3.473684210526316,0.32793628590208806,0.22038329405509322
0.42105263157894735,3.473684210526316,0.3885739518570975,0.22060632925253482
0.42105263157894735,3.473684210526316,0.460423937675878,0.22998374676148722
0.42105263157894735,3.473684210526316,0.5455594781168519,0.24983135582409893
0.42105263157894735,3.473684210526316,0.646437163249006,0.25667394743126404
0.42105263157894735,3.473684210526316,0.7659678234751834,0.25823971439320137
0.42105263157894735,3.473684210526316,0.907600521681814,0.2663209533373661
0.42105263157894735,3.473684210526316,1.0754220761125606,0.2725103792019082
0.42105263157894735,3.473684210526316,1.2742749857031335,0.26995429531518234
0.42105263157894735,3.473684210526316,1.5098971606184193,0.26342100255101975
0.42105263157894735,3.473684210526316,1.789087489923219,0.25520272271601707
0.42105263157894735,3.473684210526316,2.1199020238496082,0.2491171214052207
0.42105263157894735,3.473684210526316,2.51188643150958,0.24326132955865698
0.42105263157894735,3.7368421052631575,0.09999999999999999,0.17263368050217548
0.42105263157894735,3.7368421052631575,0.11849068510006666,0.16552543999984717
0.42105263157894735,3.7368421052631575,0.1404004245548316,0.1809863353872451
0.42105263157894735,3.7368421052631575,0.16636142493842218,0.17457016866144054
0.42105263157894735,3.7368421052631575,0.1971227921517696,0.19086119401835475
0.42105263157894735,3.7368421052631575,0.23357214690901223,0.18721616480165462
0.42105263157894735,3.7368421052631575,0.2767612370754227,0.20146140829447395
0.42105263157894735,3.7368421052631575,0.32793628590208806,0.21234741185438538
0.42105263157894735,3.7368421052631575,0.3885739518570975,0.22287279673522567
0.42105263157894735,3.7368421052631575,0.460423937675878,0.228126970318211
0.42105263157894735,3.7368421052631575,0.5455594781168519,0.25698804469842534
0.42105263157894735,3.7368421052631575,0.646437163249006,0.2464528856225382
0.42105263157894735,3.7368421052631575,0.7659678234751834,0.2532781672053
0.42105263157894735,3.7368421052631575,0.907600521681814,0.26875753379550815
0.42105263157894735,3.7368421052631575,1.0754220761125606,0.26998113165472665
0.42105263157894735,3.7368421052631575,1.2742749857031335,0.2649432096158386
0.42105263157894735,3.7368421052631575,1.5098971606184193,0.26303630268715106
0.42105263157894735,3.7368421052631575,1.789087489923219,0.2593404217628909
0.42105263157894735,3.7368421052631575,2.1199020238496082,0.2501921531502097
0.42105263157894735,3.7368421052631575,2.51188643150958,0.24252581121306419
0.42105263157894735,4.0,0.09999999999999999,0.16767829652257696
0.42105263157894735,4.0,0.11849068510006666,0.1610811359252577
0.42105263157894735,4.0,0.1404004245548316,0.17866571522469754
0.42105263157894735,4.0,0.16636142493842218,0.1853194679632869
0.42105263157894735,4.0,0.1971227921517696,0.18165053429158304
0.42105263157894735,4.0,0.23357214690901223,0.2037775844742944
0.42105263157894735,4.0,0.2767612370754227,0.2036249180262202
0.42105263157894735,4.0,0.32793628590208806,0.19805412765680033
0.42105263157894735,4.0,0.3885739518570975,0.2292155659317297
0.42105263157894735,4.0,0.460423937675878,0.22728757690203227
0.42105263157894735,4.0,0.5455594781168519,0.23816881562195644
0.42105263157894735,4.0,0.646437163249006,0.2510730376241725
0.42105263157894735,4.0,0.7659678234751834,0.2538663389297151
0.42105263157894735,4.0,0.907600521681814,0.27202045444322026
0.42105263157894735,4.0,1.0754220761125606,0.2683711614473878
0.42105263157894735,4.0,1.2742749857031335,0.2648622004633919
0.42105263157894735,4.0,1.5098971606184193,0.261608876549255
0.42105263157894735,4.0,1.789087489923219,0.25514133309333265
0.42105263157894735,4.0,2.1199020238496082,0.2541352017804262
0.42105263157894735,4.0,2.51188643150958,0.2429219174280371
0.631578947368421,-1.0,0.09999999999999999,0.6839047310121245
0.631578947368421,-1.0,0.11849068510006666,0.6823304054593777
0.631578947368421,-1.0,0.1404004245548316,0.7073705221205581
0.631578947368421,-1.0,0.16636142493842218,0.6704319867560804
0.631578947368421,-1.0,0.1971227921517696,0.667849164897007
0.631578947368421,-1.0,0.23357214690901223,0.6595676075080662
0.631578947368421,-1.0,0.2767612370754227,0.6662751721966331
0.631578947368421,-1.0,0.32793628590208806,0.6542741750681607
0.631578947368421,-1.0,0.3885739518570975,0.6242733097686576
0.631578947368421,-1.0,0.460423937675878,0.608697724540387
0.631578947368421,-1.0,0.5455594781168519,0.5908334978884505
0.631578947368421,-1.0,0.646437163249006,0.5412349444317913
0.631578947368421,-1.0,0.7659678234751834,0.4970905258653833
0.631578947368421,-1.0,0.907600521681814,0.459280536102895
0.631578947368421,-1.0,1.0754220761125606,0.4289265821969583
0.631578947368421,-1.0,1.2742749857031335,0.38667670383340114
0.631578947368421,-1.0,1.5098971606184193,0.35700764736294843
0.631578947368421,-1.0,1.789087489923219,0.32210921294092576
0.631578947368421,-1.0,2.1199020238496082,0.29699223251658435
0.631578947368421,-1.0,2.51188643150958,0.26989950921669975
0.631578947368421,-0.736842105263158,0.09999999999999999,0.6878117643346332
0.631578947368421,-0.736842105263158,0.11849068510006666,0.7155351997068047
0.631578947368421,-0.736842105263158,0.1404004245548316,0.706962352170483
0.631578947368421,-0.736842105263158,0.16636142493842218,0.6956226179370972
0.631578947368421,-0.736842105263158,0.1971227921517696,0.680253811423094
0.631578947368421,-0.736842105263158,0.23357214690901223,0.6629928154769912
0.631578947368421,-0.736842105263158,0.2767612370754227,0.6808280964820428
0.631578947368421,-0.736842105263158,0.32793628590208806,0.6453457428663253
0.631578947368421,-0.736842105263158,0.3885739518570975,0.6378322542357242
0.631578947368421,-0.736842105263158,0.460423937675878,0.5890710731308113
0.631578947368421,-0.736842105263158,0.5455594781168519,0.5766084813375365
0.631578947368421,-0.736842105263158,0.646437163249006,0.5507456394208918
0.631578947368421,-0.736842105263158,0.7659678234751834,0.5012967189096322
0.631578947368421,-0.736842105263158,0.907600521681814,0.4665651102524786
0.631578947368421,-0.736842105263158,1.0754220761125606,0.4331320778077191
0.631578947368421,-0.736842105263158,1.2742749857031335,0.3951305482233686
0.631578947368421,-0.736842105263158,1.5098971606184193,0.3570253718556849
0.631578947368421,-0.736842105263158,1.789087489923219,0.320467935298084
0.631578947368421,-0.736842105263158,2.1199020238496082,0.29259200583436906
0.631578947368421,-0.736842105263158,2.51188643150958,0.26935664103278606
0.631578947368421,-0.4736842105263158,0.09999999999999999,0.6824216382758023
0.631578947368421,-0.4736842105263158,0.11849068510006666,0.6961258605749093
0.631578947368421,-0.4736842105263158,0.1404004245548316,0.6984134962713286
0.631578947368421,-0.4736842105263158,0.16636142493842218,0.6868421299526543
0.631578947368421,-0.4736842105263158,0.1971227921517696,0.6856717446677393
0.631578947368421,-0.4736842105263158,0.23357214690901223,0.6869439371027507
0.631578947368421,-0.4736842105263158,0.2767612370754227,0.6681599100811544
0.631578947368421,-0.4736842105263158,0.32793628590208806,0.6330232765737226
0.631578947368421,-0.4736842105263158,0.3885739518570975,0.6379172658559603
0.631578947368421,-0.4736842105263158,0.460423937675878,0.6001726395632621
0.631578947368421,-0.4736842105263158,0.5455594781168519,0.5603662015939762
0.631578947368421,-0.4736842105263158,0.646437163249006,0.5439820550921943
0.631578947368421,-0.4736842105263158,0.7659678234751834,0.4983108403625293
0.631578947368421,-0.4736842105263158,0.907600521681814,0.45904635523060267
0.631578947368421,-0.4736842105263158,1.0754220761125606,0.42707858943741656
0.631578947368421,-0.4736842105263158,1.2742749857031335,0.38608312930092126
0.631578947368421,-0.4736842105263158,1.5098971606184193,0.3530199722682195
0.631578947368421,-0.4736842105263158,1.789087489923219,0.3191876070275967
0.631578947368421,-0.4736842105263158,2.1199020238496082,0.2951241985646782
0.631578947368421,-0.4736842105263158,2.51188643150958,0.26822493726917424
0.631578947368421,-0.21052631578947367,0.09999999999999999,0.662974756791499
0.631578947368421,-0.21052631578947367,0.11849068510006666,0.6804921753772577
0.631578947368421,-0.21052631578947367,0.1404004245548316,0.6832570684426283
0.631578947368421,-0.21052631578947367,0.16636142493842218,0.6757964061310058
0.631578947368421,-0.21052631578947367,0.1971227921517696,0.6755775920761954
0.631578947368421,-0.21052631578947367,0.23357214690901223,0.6585320656497463
0.631578947368421,-0.21052631578947367,0.2767612370754227,0.6414843496794491
0.631578947368421,-0.21052631578947367,0.32793628590208806,0.6355059903251674
0.631578947368421,-0.21052631578947367,0.3885739518570975,0.6155397073870752
0.631578947368421,-0.21052631578947367,0.460423937675878,0.6008003279923604
0.631578947368421,-0.21052631578947367,0.5455594781168519,0.5681608493221306
0.631578947368421,-0.21052631578947367,0.646437163249006,0.5332048596982143
0.631578947368421,-0.21052631578947367,0.7659678234751834,0.49441849363898
0.631578947368421,-0.21052631578947367,0.907600521681814,0.4606780490295328
0.631578947368421,-0.21052631578947367,1.0754220761125606,0.427920284637845
0.631578947368421,-0.21052631578947367,1.2742749857031335,0.383564262320252
0.631578947368421,-0.21052631578947367,1.5098971606184193,0.34889847065927754
0.631578947368421,-0.21052631578947367,1.789087489923219,0.3193599772894869
0.631578947368421,-0.21052631578947367,2.1199020238496082,0.2934981606354913
0.631578947368421,-0.21052631578947367,2.51188643150958,0.2688731168396095
0.631578947368421,0.05263157894736836,0.09999999999999999,0.6414478706339372
0.631578947368421,0.05263157894736836,0.11849068510006666,0.6522734120440479
0.631578947368421,0.05263157894736836,0.1404004245548316,0.6251731498232453
0.631578947368421,0.05263157894736836,0.16636142493842218,0.6004563464235682
0.631578947368421,0.05263157894736836,0.1971227921517696,0.6382555894096864
0.631578947368421,0.05263157894736836,0.23357214690901223,0.6168241268556788
0.631578947368421,0.05263157894736836,0.2767612370754227,0.6098157401706007
0.631578947368421,0.05263157894736836,0.32793628590208806,0.6032196629259725
0.631578947368421,0.05263157894736836,0.3885739518570975,0.5817002900208045
0.631578947368421,0.05263157894736836,0.460423937675878,0.5565343047589998
0.631578947368421,0.05263157894736836,0.5455594781168519,0.552171915899764
0.631578947368421,0.05263157894736836,0.646437163249006,0.5079137880589978
0.631578947368421,0.05263157894736836,0.7659678234751834,0.48963077161902224
0.631578947368421,0.05263157894736836,0.907600521681814,0.44808885118261127
0.631578947368421,0.05263157894736836,1.0754220761125606,0.41764903561262573
0.631578947368421,0.05263157894736836,1.2742749857031335,0.3805319341762637
0.631578947368421,0.05263157894736836,1.5098971606184193,0.34515694086887533
0.631578947368421,0.05263157894736836,1.789087489923219,0.32120991753264494
0.631578947368421,0.05263157894736836,2.1199020238496082,0.292121176870069
0.631578947368421,0.05263157894736836,2.51188643150958,0.27004893099123245
0.631578947368421,0.3157894736842104,0.09999999999999999,0.544821691796635
0.631578947368421,0.3157894736842104,0.11849068510006666,0.565051159029555
0.631578947368421,0.3157894736842104,0.1404004245548316,0.5424298599847822
0.631578947368421,0.3157894736842104,0.16636142493842218,0.5477636343196506
0.631578947368421,0.3157894736842104,0.1971227921517696,0.5527809357667
0.631578947368421,0.3157894736842104,0.23357214690901223,0.540435500814205
0.631578947368421,0.3157894736842104,0.2767612370754227,0.5405541482369198
0.631578947368421,0.3157894736842104,0.32793628590208806,0.5230643393416334
0.631578947368421,0.3157894736842104,0.3885739518570975,0.5379775015007532
0.631578947368421,0.3157894736842104,0.460423937675878,0.5076422748387014
0.631578947368421,0.3157894736842104,0.5455594781168519,0.5024687037576738
0.631578947368421,0.3157894736842104,0.646437163249006,0.4783008143086155
0.631578947368421,0.3157894736842104,0.7659678234751834,0.4578061367124296
0.631578947368421,0.3157894736842104,0.907600521681814,0.42394810647468006
0.631578947368421,0.3157894736842104,1.0754220761125606,0.40256397428309687
0.631578947368421,0.3157894736842104,1.2742749857031335,0.3710950018709799
0.631578947368421,0.3157894736842104,1.5098971606184193,0.3453554964565897
0.631578947368421,0.3157894736842104,1.789087489923219,0.3186374777077861
0.631578947368421,0.3157894736842104,2.1199020238496082,0.2906736843348904
0.631578947368421,0.3157894736842104,2.51188643150958,0.26985613669211234
0.631578947368421,0.5789473684210527,0.09999999999999999,0.3771899541316128
0.631578947368421,0.5789473684210527,0.11849068510006666,0.4297675534897659
0.631578947368421,0.5789473684210527,0.1404004245548316,0.4368177179227281
0.631578947368421,0.5789473684210527,0.16636142493842218,0.4113948904262374
0.631578947368421,0.5789473684210527,0.1971227921517696,0.4331946456063269
0.631578947368421,0.5789473684210527,0.23357214690901223,0.403090568326452
0.631578947368421,0.5789473684210527,0.2767612370754227,0.42158681565749073
0.631578947368421,0.5789473684210527,0.32793628590208806,0.41413151441846224
0.631578947368421,0.5789473684210527,0.3885739518570975,0.41952587351836557
0.631578947368421,0.5789473684210527,0.460423937675878,0.431806708238871
0.631578947368421,0.5789473684210527,0.5455594781168519,0.428084080718347
0.631578947368421,0.5789473684210527,0.646437163249006,0.41636821302069316
0.631578947368421,0.5789473684210527,0.7659678234751834,0.4045780610537255
0.631578947368421,0.5789473684210527,0.907600521681814,0.39227220059301515
0.631578947368421,0.5789473684210527,1.0754220761125606,0.3714576685470221
0.631578947368421,0.5789473684210527,1.2742749857031335,0.363342112093131
0.631578947368421,0.5789473684210527,1.5098971606184193,0.33128523862101067
0.631578947368421,0.5789473684210527,1.789087489923219,0.30832687305587264
0.631578947368421,0.5789473684210527,2.1199020238496082,0.2886567942888499
0.631578947368421,0.5789473684210527,2.51188643150958,0.26974642455901965
0.631578947368421,0.8421052631578947,0.09999999999999999,0.2860700160058184
0.631578947368421,0.8421052631578947,0.11849068510006666,0.3010352346679394
0.631578947368421,0.8421052631578947,0.1404004245548316,0.30711108824430067
0.631578947368421,0.8421052631578947,0.16636142493842218,0.322053981816128
0.631578947368421,0.8421052631578947,0.1971227921517696,0.31162781708340076
0.631578947368421,0.8421052631578947,0.23357214690901223,0.31634520687606543
0.631578947368421,0.8421052631578947,0.2767612370754227,0.33437697730219285
0.631578947368421,0.8421052631578947,0.32793628590208806,0.34307834757196093
0.631578947368421,0.8421052631578947,0.3885739518570975,0.34220211670076933
0.631578947368421,0.8421052631578947,0.460423937675878,0.3481465777873451
0.631578947368421,0.8421052631578947,0.5455594781168519,0.355616447899521
0.631578947368421,0.8421052631578947,0.646437163249006,0.3562410523526156
0.631578947368421,0.8421052631578947,0.7659678234751834,0.34610466570411696
0.631578947368421,0.8421052631578947,0.907600521681814,0.35271906169324335
0.631578947368421,0.8421052631578947,1.0754220761125606,0.3449183943980342
0.631578947368421,0.8421052631578947,1.2742749857031335,0.33716340124411975
0.631578947368421,0.8421052631578947,1.5098971606184193,0.31468110464378646
0.631578947368421,0.8421052631578947,1.789087489923219,0.2982282199567933
0.631578947368421,0.8421052631578947,2.1199020238496082,0.28344310322014565
0.631578947368421,0.8421052631578947,2.51188643150958,0.26630828386616473
0.631578947368421,1.1052631578947367,0.09999999999999999,0.2607649287523747
0.631578947368421,1.1052631578947367,0.11849068510006666,0.2540099686446525
0.631578947368421,1.1052631578947367,0.1404004245548316,0.25350635157022383
0.631578947368421,1.1052631578947367,0.16636142493842218,0.27365211151131746
0.631578947368421,1.1052631578947367,0.1971227921517696,0.2658365075463721
0.631578947368421,1.1052631578947367,0.23357214690901223,0.2911403962479687
0.631578947368421,1.1052631578947367,0.2767612370754227,0.29950710397375
0.631578947368421,1.1052631578947367,0.32793628590208806,0.28904936634451656
0.631578947368421,1.1052631578947367,0.3885739518570975,0.29558675644090954
0.631578947368421,1.1052631578947367,0.460423937675878,0.3163850484378664
0.631578947368421,1.1052631578947367,0.5455594781168519,0.32361545971313493
0.631578947368421,1.1052631578947367,0.646437163249006,0.3351702178352693
0.631578947368421,1.1052631578947367,0.7659678234751834,0.32337545829742936
0.631578947368421,1.1052631578947367,0.907600521681814,0.32745852222900057
0.631578947368421,1.1052631578947367,1.0754220761125606,0.32394415095013585
0.631578947368421,1.1052631578947367,1.2742749857031335,0.31826860451357697
0.631578947368421,1.1052631578947367,1.5098971606184193,0.2963459263942519
0.631578947368421,1.1052631578947367,1.789087489923219,0.29083604667816354
0.631578947368421,1.1052631578947367,2.1199020238496082,0.2745957719099959
0.631578947368421,1.1052631578947367,2.51188643150958,0.2595139282883602
0.631578947368421,1.3684210526315788,0.09999999999999999,0.24300629437818091
0.631578947368421,1.3684210526315788,0.11849068510006666,0.2539768410989665
0.631578947368421,1.3684210526315788,0.1404004245548316,0.240981461993969
0.631578947368421,1.3684210526315788,0.16636142493842218,0.27512928659216845
0.631578947368421,1.3684210526315788,0.1971227921517696,0.24754345000709613
0.631578947368421,1.3684210526315788,0.23357214690901223,0.28249755400483667
0.631578947368421,1.3684210526315788,0.2767612370754227,0.2827559703179048
0.631578947368421,1.3684210526315788,0.32793628590208806,0.27122338076097685
0.631578947368421,1.3684210526315788,0.3885739518570975,0.2835622328965546
0.631578947368421,1.3684210526315788,0.460423937675878,0.31127269011453584
0.631578947368421,1.3684210526315788,0.5455594781168519,0.2931287329403767
0.631578947368421,1.3684210526315788,0.646437163249006,0.31370557296146884
0.631578947368421,1.3684210526315788,0.7659678234751834,0.31934612972941306
0.631578947368421,1.3684210526315788,0.907600521681814,0.3091187777715932
0.631578947368421,1.3684210526315788,1.0754220761125606,0.30118703051322215
0.631578947368421,1.3684210526315788,1.2742749857031335,0.2932598101389675
0.631578947368421,1.3684210526315788,1.5098971606184193,0.28935980320877874
0.631578947368421,1.3684210526315788,1.789087489923219,0.2783966457266512
0.631578947368421,1.3684210526315788,2.1199020238496082,0.2703804786522242
0.631578947368421,1.3684210526315788,2.51188643150958,0.25498403900443306
0.631578947368421,1.6315789473684208,0.09999999999999999,0.216523582618996
0.631578947368421,1.6315789473684208,0.11849068510006666,0.2264584604998613
0.631578947368421,1.6315789473684208,0.1404004245548316,0.23005256535567126
0.631578947368421,1.6315789473684208,0.16636142493842218,0.2628763057281371
0.631578947368421,1.6315789473684208,0.1971227921517696,0.24055695888846115
0.631578947368421,1.6315789473684208,0.23357214690901223,0.25912118048786636
0.631578947368421,1.6315789473684208,0.2767612370754227,0.2614900845354083
0.631578947368421,1.6315789473684208,0.32793628590208806,0.27772523722167486
0.631578947368421,1.6315789473684208,0.3885739518570975,0.26789020349448855
0.631578947368421,1.6315789473684208,0.460423937675878,0.2867979800876792
0.631578947368421,1.6315789473684208,0.5455594781168519,0.29382800517694174
0.631578947368421,1.6315789473684208,0.646437163249006,0.29099439752640455
0.631578947368421,1.6315789473684208,0.7659678234751834,0.28956903352704105
0.631578947368421,1.6315789473684208,0.907600521681814,0.29080526752463687
0.631578947368421,1.6315789473684208,1.0754220761125606,0.2961710615968031
0.631578947368421,1.6315789473684208,1.2742749857031335,0.28858735214303066
0.631578947368421,1.6315789473684208,1.5098971606184193,0.28298079220949784
0.631578947368421,1.6315789473684208,1.789087489923219,0.27588021783502387
0.631578947368421,1.6315789473684208,2.1199020238496082,0.2645874792188295
0.631578947368421,1.6315789473684208,2.51188643150958,0.25103685218548005
0.631578947368421,1.8947368421052628,0.09999999999999999,0.21756946258797394
0.631578947368421,1.8947368421052628,0.11849068510006666,0.20785888294539273
0.631578947368421,1.8947368421052628,0.1404004245548316,0.20651294383627897
0.631578947368421,1.8947368421052628,0.16636142493842218,0.20930928599147045
0.631578947368421,1.8947368421052628,0.1971227921517696,0.21553524011918054
0.631578947368421,1.8947368421052628,0.23357214690901223,0.23918614024127693
0.631578947368421,1.8947368421052628,0.2767612370754227,0.25015121066142104
0.631578947368421,1.8947368421052628,0.32793628590208806,0.25430781819133813
0.631578947368421,1.8947368421052628,0.3885739518570975,0.2596255784145303
0.631578947368421,1.8947368421052628,0.460423937675878,0.2739385854193144
0.631578947368421,1.8947368421052628,0.5455594781168519,0.2675190101524945
0.631578947368421,1.8947368421052628,0.646437163249006,0.2840295047529232
0.631578947368421,1.8947368421052628,0.7659678234751834,0.28996199043794735
0.631578947368421,1.8947368421052628,0.907600521681814,0.29198870329313276
0.631578947368421,1.8947368421052628,1.0754220761125606,0.28460010616913317
0.631578947368421,1.8947368421052628,1.2742749857031335,0.28537638358102224
0.631578947368421,1.8947368421052628,1.5098971606184193,0.28090691136244816
0.631578947368421,1.8947368421052628,1.789087489923219,0.2717889521546224
0.631578947368421,1.8947368421052628,2.1199020238496082,0.2615931898212752
0.631578947368421,1.8947368421052628,2.51188643150958,0.24600854075411227
0.631578947368421,2.1578947368421053,0.09999999999999999,0.19447246232582055
0.631578947368421,2.1578947368421053,0.11849068510006666,0.2147654443728111
0.631578947368421,2.1578947368421053,0.1404004245548316,0.21107477630235888
0.631578947368421,2.1578947368421053,0.16636142493842218,0.2086570702250549
0.631578947368421,2.1578947368421053,0.1971227921517696,0.21869622269296396
0.631578947368421,2.1578947368421053,0.23357214690901223,0.23208542585480516
0.631578947368421,2.1578947368421053,0.2767612370754227,0.23843985555246913
0.631578947368421,2.1578947368421053,0.32793628590208806,0.23206590456919834
0.631578947368421,2.1578947368421053,0.3885739518570975,0.23616982587393923
0.631578947368421,2.1578947368421053,0.460423937675878,0.2544276328421698
0.631578947368421,2.1578947368421053,0.5455594781168519,0.26731503995770484
0.631578947368421,2.1578947368421053,0.646437163249006,0.2794218422864505
0.631578947368421,2.1578947368421053,0.7659678234751834,0.2698574759953728
0.631578947368421,2.1578947368421053,0.907600521681814,0.27867592553590487
0.631578947368421,2.1578947368421053,1.0754220761125606,0.28752241930044287
0.631578947368421,2.1578947368421053,1.2742749857031335,0.27324854966585593
0.631578947368421,2.1578947368421053,1.5098971606184193,0.2760352360530117
0.631578947368421,2.1578947368421053,1.789087489923219,0.2681189987282981
0.631578947368421,2.1578947368421053,2.1199020238496082,0.2563795826122829
0.631578947368421,2.1578947368421053,2.51188643150958,0.24522665687914474
0.631578947368421,2.4210526315789473,0.09999999999999999,0.1921361323501049
0.631578947368421,2.4210526315789473,0.11849068510006666,0.19320394250786105
0.631578947368421,2.4210526315789473,0.1404004245548316,0.1943618050501613
0.631578947368421,2.4210526315789473,0.16636142493842218,0.2056884343511305
0.631578947368421,2.4210526315789473,0.1971227921517696,0.18309583556337322
0.631578947368421,2.4210526315789473,0.23357214690901223,0.19609495713530956
0.631578947368421,2.4210526315789473,0.2767612370754227,0.22371164239535124
0.631578947368421,2.4210526315789473,0.32793628590208806,0.21430656963068012
0.631578947368421,2.4210526315789473,0.3885739518570975,0.23296393177939043
0.631578947368421,2.4210526315789473,0.460423937675878,0.27584559480388027
0.631578947368421,2.4210526315789473,0.5455594781168519,0.25695474890985465
0.631578947368421,2.4210526315789473,0.646437163249006,0.2640674463672474
0.631578947368421,2.4210526315789473,0.7659678234751834,0.2669972858799317
0.631578947368421,2.4210526315789473,0.907600521681814,0.2816961513512257
0.631578947368421,2.4210526315789473,1.0754220761125606,0.2711672201524342
0.631578947368421,2.4210526315789473,1.2742749857031335,0.27760618111944385
0.631578947368421,2.4210526315789473,1.5098971606184193,0.2706867166136477
0.631578947368421,2.4210526315789473,1.789087489923219,0.2623280584051224
0.631578947368421,2.4210526315789473,2.1199020238496082,0.25571058868466845
0.631578947368421,2.4210526315789473,2.51188643150958,0.24533395973642
0.631578947368421,2.6842105263157894,0.09999999999999999,0.1861689027394086
0.631578947368421,2.6842105263157894,0.11849068510006666,0.1876195397012599
0.631578947368421,2.6842105263157894,0.1404004245548316,0.20934668403168924
0.631578947368421,2.6842105263157894,0.16636142493842218,0.21312213292038712
0.631578947368421,2.6842105263157894,0.1971227921517696,0.2191173074276971
0.631578947368421,2.6842105263157894,0.23357214690901223,0.2273915880581748
0.631578947368421,2.6842105263157894,0.2767612370754227,0.22373255907612805
0.631578947368421,2.6842105263157894,0.32793628590208806,0.23564870586699285
0.631578947368421,2.6842105263157894,0.3885739518570975,0.24893399889702303
0.631578947368421,2.6842105263157894,0.460423937675878,0.24673207988107193
0.631578947368421,2.6842105263157894,0.5455594781168519,0.24704981649505706
0.631578947368421,2.6842105263157894,0.646437163249006,0.27029055785861206
0.631578947368421,2.6842105263157894,0.7659678234751834,0.25932376836531923
0.631578947368421,2.6842105263157894,0.907600521681814,0.26846505064494647
0.631578947368421,2.6842105263157894,1.0754220761125606,0.2837345203486005
0.631578947368421,2.6842105263157894,1.2742749857031335,0.271971904831665
0.631578947368421,2.6842105263157894,1.5098971606184193,0.2660890156658681
0.631578947368421,2.6842105263157894,1.789087489923219,0.2626829461996189
0.631578947368421,2.6842105263157894,2.1199020238496082,0.2529869893356697
0.631578947368421,2.6842105263157894,2.51188643150958,0.2424097340821753
0.631578947368421,2.9473684210526314,0.09999999999999999,0.17151322738581226
0.631578947368421,2.9473684210526314,0.11849068510006666,0.18534881890927177
0.631578947368421,2.9473684210526314,0.1404004245548316,0.1826418442420073
0.631578947368421,2.9473684210526314,0.16636142493842218,0.19434219130470953
0.631578947368421,2.9473684210526314,0.1971227921517696,0.2117295350629752
0.631578947368421,2.9473684210526314,0.23357214690901223,0.20608955991272876
0.631578947368421,2.9473684210526314,0.2767612370754227,0.21201291203715997
0.631578947368421,2.9473684210526314,0.32793628590208806,0.20892771215358918
0.631578947368421,2.9473684210526314,0.3885739518570975,0.2222014396404974
0.631578947368421,2.9473684210526314,0.460423937675878,0.24321593658582852
0.631578947368421,2.9473684210526314,0.5455594781168519,0.2645388434628341
0.631578947368421,2.9473684210526314,0.646437163249006,0.2663430111837075
0.631578947368421,2.9473684210526314,0.7659678234751834,0.27096975047058675
0.631578947368421,2.9473684210526314,0.907600521681814,0.27237032727432214
0.631578947368421,2.9473684210526314,1.0754220761125606,0.27073134713833147
0.631578947368421,2.9473684210526314,1.2742749857031335,0.2679327820993502
0.631578947368421,2.9473684210526314,1.5098971606184193,0.26898940469814286
0.631578947368421,2.9473684210526314,1.789087489923219,0.25760017646981886
0.631578947368421,2.9473684210526314,2.1199020238496082,0.25485223982681704
0.631578947368421,2.9473684210526314,2.51188643150958,0.24229424933314644
0.631578947368421,3.2105263157894735,0.09999999999999999,0.18877073300393885
0.631578947368421,3.2105263157894735,0.11849068510006666,0.170102218539785
0.631578947368421,3.2105263157894735,0.1404004245548316,0.18716351299665676
0.631578947368421,3.2105263157894735,0.16636142493842218,0.17561286795636807
0.631578947368421,3.2105263157894735,0.1971227921517696,0.20859680017371543
0.631578947368421,3.2105263157894735,0.23357214690901223,0.20060063567814998
0.631578947368421,3.2105263157894735,0.2767612370754227,0.2008752215607549
0.631578947368421,3.2105263157894735,0.32793628590208806,0.22702421559452007
0.631578947368421,3.2105263157894735,0.3885739518570975,0.22655564293017957
0.631578947368421,3.2105263157894735,0.460423937675878,0.24507094222673675
0.631578947368421,3.2105263157894735,0.5455594781168519,0.2396886160416053
0.631578947368421,3.2105263157894735,0.646437163249006,0.2664349464994412
0.631578947368421,3.2105263157894735,0.7659678234751834,0.26890685047320784
0.631578947368421,3.2105263157894735,0.907600521681814,0.2613456985540814
0.631578947368421,3.2105263157894735,1.0754220761125606,0.2778821493558706
0.631578947368421,3.2105263157894735,1.2742749857031335,0.2660646677076076
0.631578947368421,3.2105263157894735,1.5098971606184193,0.2660921385399041
0.631578947368421,3.2105263157894735,1.789087489923219,0.2578595353619292
0.631578947368421,3.2105263157894735,2.1199020238496082,0.2510044146239231
0.631578947368421,3.2105263157894735,2.51188643150958,0.2435942256617544
0.631578947368421,3.473684210526316,0.09999999999999999,0.18336640225264675
0.631578947368421,3.473684210526316,0.11849068510006666,0.1992543865154054
0.631578947368421,3.473684210526316,0.1404004245548316,0.18593649559061962
0.631578947368421,3.473684210526316,0.16636142493842218,0.17912975376671308
0.631578947368421,3.473684210526316,0.1971227921517696,0.19112125695977097
0.631578947368421,3.473684210526316,0.23357214690901223,0.21348484109346555
0.631578947368421,3.473684210526316,0.2767612370754227,0.2107037966060836
0.631578947368421,3.473684210526316,0.32793628590208806,0.2165373814707065
0.631578947368421,3.473684210526316,0.3885739518570975,0.21249700964772095
0.631578947368421,3.473684210526316,0.460423937675878,0.22796365344323552
0.631578947368421,3.473684210526316,0.5455594781168519,0.2499347317612857
0.631578947368421,3.473684210526316,0.646437163249006,0.2635986609543919
0.631578947368421,3.473684210526316,0.7659678234751834,0.2574623328056686
0.631578947368421,3.473684210526316,0.907600521681814,0.26909788864198975
0.631578947368421,3.473684210526316,1.0754220761125606,0.2684024761990265
0.631578947368421,3.473684210526316,1.2742749857031335,0.2687882849822691
0.631578947368421,3.473684210526316,1.5098971606184193,0.2626247878293943
0.631578947368421,3.473684210526316,1.789087489923219,0.25790627589903126
0.631578947368421,3.473684210526316,2.1199020238496082,0.248680236519978
0.631578947368421,3.473684210526316,2.51188643150958,0.24175512249162537
0.631578947368421,3.7368421052631575,0.09999999999999999,0.17192599808893103
0.631578947368421,3.7368421052631575,0.11849068510006666,0.171032972607354
0.631578947368421,3.7368421052631575,0.1404004245548316,0.18416905295830238
0.631578947368421,3.7368421052631575,0.16636142493842218,0.17881349862384432
0.631578947368421,3.7368421052631575,0.1971227921517696,0.19452155384408998
0.631578947368421,3.7368421052631575,0.23357214690901223,0.20128461754587726
0.631578947368421,3.7368421052631575,0.2767612370754227,0.2046479645416176
0.631578947368421,3.7368421052631575,0.32793628590208806,0.2230785255587344
0.631578947368421,3.7368421052631575,0.3885739518570975,0.22175729656211782
0.631578947368421,3.7368421052631575,0.460423937675878,0.23171283528511755
0.631578947368421,3.7368421052631575,0.5455594781168519,0.2270591210350048
0.631578947368421,3.7368421052631575,0.646437163249006,0.24726629294763833
0.631578947368421,3.7368421052631575,0.7659678234751834,0.25872392455884635
0.631578947368421,3.7368421052631575,0.907600521681814,0.2597825360843882
0.631578947368421,3.7368421052631575,1.0754220761125606,0.27730033656548336
0.631578947368421,3.7368421052631575,1.2742749857031335,0.27106196094949836
0.631578947368421,3.7368421052631575,1.5098971606184193,0.2636156756920935
0.631578947368421,3.7368421052631575,1.789087489923219,0.25863020751181326
0.631578947368421,3.7368421052631575,2.1199020238496082,0.25159973550755266
0.631578947368421,3.7368421052631575,2.51188643150958,0.24347462048763344
0.631578947368421,4.0,0.09999999999999999,0.18337872139058842
0.631578947368421,4.0,0.11849068510006666,0.16560913893880239
0.631578947368421,4.0,0.1404004245548316,0.18829299767250748
0.631578947368421,4.0,0.16636142493842218,0.19346351863464598
0.631578947368421,4.0,0.1971227921517696,0.1967796706214419
0.631578947368421,4.0,0.23357214690901223,0.19246060803345105
0.631578947368421,4.0,0.2767612370754227,0.20078861962996186
0.631578947368421,4.0,0.32793628590208806,0.23153455649590984
0.631578947368421,4.0,0.3885739518570975,0.223725764587494
0.631578947368421,4.0,0.460423937675878,0.23169214413315423
0.631578947368421,4.0,0.5455594781168519,0.2448709249812955
0.631578947368421,4.0,0.646437163249006,0.2540937066345285
0.631578947368421,4.0,0.7659678234751834,0.26392099916546685
0.631578947368421,4.0,0.907600521681814,0.2575652558812028
0.631578947368421,4.0,1.0754220761125606,0.2677914280164508
0.631578947368421,4.0,1.2742749857031335,0.26906291913763614
0.631578947368421,4.0,1.5098971606184193,0.26599881245985774
0.631578947368421,4.0,1.789087489923219,0.259888453951358
0.631578947368421,4.0,2.1199020238496082,0.2493916157406455
0.631578947368421,4.0,2.51188643150958,0.24202095490594533
0.8421052631578947,-1.0,0.09999999999999999,0.7020060911636531
0.8421052631578947,-1.0,0.11849068510006666,0.7030472424112721
0.8421052631578947,-1.0,0.1404004245548316,0.6829614281949595
0.8421052631578947,-1.0,0.16636142493842218,0.7037935122430593
0.8421052631578947,-1.0,0.1971227921517696,0.6845225564936057
0.8421052631578947,-1.0,0.23357214690901223,0.6836896635380013
0.8421052631578947,-1.0,0.2767612370754227,0.6636715901131472
0.8421052631578947,-1.0,0.32793628590208806,0.6488107247536313
0.8421052631578947,-1.0,0.3885739518570975,0.639860564628876
0.8421052631578947,-1.0,0.460423937675878,0.6256853525486241
0.8421052631578947,-1.0,0.5455594781168519,0.5839069991666074
0.8421052631578947,-1.0,0.646437163249006,0.556001428686012
0.8421052631578947,-1.0,0.7659678234751834,0.5001098543516507
0.8421052631578947,-1.0,0.907600521681814,0.4666782531742043
0.8421052631578947,-1.0,1.0754220761125606,0.4264290509270302
0.8421052631578947,-1.0,1.2742749857031335,0.37723344320843966
0.8421052631578947,-1.0,1.5098971606184193,0.3517118971484181
0.8421052631578947,-1.0,1.789087489923219,0.32089322584445457
0.8421052631578947,-1.0,2.1199020238496082,0.2911284554179599
0.8421052631578947,-1.0,2.51188643150958,0.2671194614723703
0.8421052631578947,-0.736842105263158,0.09999999999999999,0.7115940558104485
0.8421052631578947,-0.736842105263158,0.11849068510006666,0.7149157552572255
0.8421052631578947,-0.736842105263158,0.1404004245548316,0.7037257034986538
0.8421052631578947,-0.736842105263158,0.16636142493842218,0.6962132514355979
0.8421052631578947,-0.736842105263158,0.1971227921517696,0.6835999709984479
0.8421052631578947,-0.736842105263158,0.23357214690901223,0.6937477138443977
0.8421052631578947,-0.736842105263158,0.2767612370754227,0.6609290975824308
0.8421052631578947,-0.736842105263158,0.32793628590208806,0.6363025068375947
0.8421052631578947,-0.736842105263158,0.3885739518570975,0.6319802525409103
0.8421052631578947,-0.736842105263158,0.460423937675878,0.605048732599568
0.8421052631578947,-0.736842105263158,0.5455594781168519,0.5833284109407799
0.8421052631578947,-0.736842105263158,0.646437163249006,0.5445697336296189
0.8421052631578947,-0.736842105263158,0.7659678234751834,0.5033802793143711
0.8421052631578947,-0.736842105263158,0.907600521681814,0.46671315833584104
0.8421052631578947,-0.736842105263158,1.0754220761125606,0.4265373816634103
0.8421052631578947,-0.736842105263158,1.2742749857031335,0.3875667927044426
0.8421052631578947,-0.736842105263158,1.5098971606184193,0.34935298913242857
0.8421052631578947,-0.736842105263158,1.789087489923219,0.318530248036959
0.8421052631578947,-0.736842105263158,2.1199020238496082,0.2925770141029785
0.8421052631578947,-0.736842105263158,2.51188643150958,0.267660517806348
0.8421052631578947,-0.4736842105263158,0.09999999999999999,0.7264028662927399
0.8421052631578947,-0.4736842105263158,0.11849068510006666,0.6888832375354639
0.8421052631578947,-0.4736842105263158,0.1404004245548316,0.702826446112386
0.8421052631578947,-0.4736842105263158,0.16636142493842218,0.7033240657190073
0.8421052631578947,-0.4736842105263158,0.1971227921517696,0.6743471655270366
0.8421052631578947,-0.4736842105263158,0.23357214690901223,0.6776984698978257
0.8421052631578947,-0.4736842105263158,0.2767612370754227,0.643046448707636
0.8421052631578947,-0.4736842105263158,0.32793628590208806,0.6375294540369287
0.8421052631578947,-0.4736842105263158,0.3885739518570975,0.6089614221225226
0.8421052631578947,-0.4736842105263158,0.460423937675878,0.5952942379361691
0.8421052631578947,-0.4736842105263158,0.5455594781168519,0.5749466725857423
0.8421052631578947,-0.4736842105263158,0.646437163249006,0.5459438650509809
0.8421052631578947,-0.4736842105263158,0.7659678234751834,0.5117077209170053
0.8421052631578947,-0.4736842105263158,0.907600521681814,0.4613180234548576
0.8421052631578947,-0.4736842105263158,1.0754220761125606,0.42549202607128866
0.8421052631578947,-0.4736842105263158,1.2742749857031335,0.38714964427266085
0.8421052631578947,-0.4736842105263158,1.5098971606184193,0.34890084848699954
0.8421052631578947,-0.4736842105263158,1.789087489923219,0.3176588501497071
0.8421052631578947,-0.4736842105263158,2.1199020238496082,0.2918746335414306
0.8421052631578947,-0.4736842105263158,2.51188643150958,0.26890597048411524
0.8421052631578947,-0.21052631578947367,0.09999999999999999,0.7025925776727198
0.8421052631578947,-0.21052631578947367,0.11849068510006666,0.7073046162622907
0.8421052631578947,-0.21052631578947367,0.1404004245548316,0.7042105682417965
0.8421052631578947,-0.21052631578947367,0.16636142493842218,0.6827783717028997
0.8421052631578947,-0.21052631578947367,0.1971227921517696,0.6672245869567254
0.8421052631578947,-0.21052631578947367,0.23357214690901223,0.6597800152657466
0.8421052631578947,-0.21052631578947367,0.2767612370754227,0.659811648457035
0.8421052631578947,-0.21052631578947367,0.32793628590208806,0.6262377746548631
0.8421052631578947,-0.21052631578947367,0.3885739518570975,0.6135937512145384
0.8421052631578947,-0.21052631578947367,0.460423937675878,0.6118961518143485
0.8421052631578947,-0.21052631578947367,0.5455594781168519,0.5681444027938066
0.8421052631578947,-0.21052631578947367,0.646437163249006,0.5417368846960654
0.8421052631578947,-0.21052631578947367,0.7659678234751834,0.49770227761204955
0.8421052631578947,-0.21052631578947367,0.907600521681814,0.4678734889554084
0.8421052631578947,-0.21052631578947367,1.0754220761125606,0.42272627485622566
0.8421052631578947,-0.21052631578947367,1.2742749857031335,0.3839029675564202
0.8421052631578947,-0.21052631578947367,1.5098971606184193,0.3502327552922301
0.8421052631578947,-0.21052631578947367,1.789087489923219,0.3172659308486713
0.8421052631578947,-0.21052631578947367,2.1199020238496082,0.2905942692312014
0.8421052631578947,-0.21052631578947367,2.51188643150958,0.2661135679656124
0.8421052631578947,0.05263157894736836,0.09999999999999999,0.6533602282389612
0.8421052631578947,0.05263157894736836,0.11849068510006666,0.6536998660096185
0.8421052631578947,0.05263157894736836,0.1404004245548316,0.6595813423049284
0.8421052631578947,0.05263157894736836,0.16636142493842218,0.6384908679568397
0.8421052631578947,0.05263157894736836,0.1971227921517696,0.6519936580049152
0.8421052631578947,0.05263157894736836,0.23357214690901223,0.6599833089419599
0.8421052631578947,0.05263157894736836,0.2767612370754227,0.6376704839135293
0.8421052631578947,0.05263157894736836,0.32793628590208806,0.6140949483318813
0.8421052631578947,0.05263157894736836,0.3885739518570975,0.6090319887250422
0.8421052631578947,0.05263157894736836,0.460423937675878,0.5842100439306399
0.8421052631578947,0.05263157894736836,0.5455594781168519,0.5550644598954346
0.8421052631578947,0.05263157894736836,0.646437163249006,0.5330882759074266
0.8421052631578947,0.05263157894736836,0.7659678234751834,0.5052678710799641
0.8421052631578947,0.05263157894736836,0.907600521681814,0.458900665465579
0.8421052631578947,0.05263157894736836,1.0754220761125606,0.41434409953865053
0.8421052631578947,0.05263157894736836,1.2742749857031335,0.3856390381095656
0.8421052631578947,0.05263157894736836,1.5098971606184193,0.3470642183176492
0.8421052631578947,0.05263157894736836,1.789087489923219,0.3184272519044242
0.8421052631578947,0.05263157894736836,2.1199020238496082,0.2897718481835112
0.8421052631578947,0.05263157894736836,2.51188643150958,0.26680030164728274
0.8421052631578947,0.3157894736842104,0.09999999999999999,0.6147236843510102
0.8421052631578947,0.3157894736842104,0.11849068510006666,0.6345723568196203
0.8421052631578947,0.3157894736842104,0.1404004245548316,0.6245678416148662
0.8421052631578947,0.3157894736842104,0.16636142493842218,0.5990261845160024
0.8421052631578947,0.3157894736842104,0.1971227921517696,0.6247220607528452
0.8421052631578947,0.3157894736842104,0.23357214690901223,0.6080140959787627
0.8421052631578947,0.3157894736842104,0.2767612370754227,0.5976891800096156
0.8421052631578947,0.3157894736842104,0.32793628590208806,0.6045400579588797
0.8421052631578947,0.3157894736842104,0.3885739518570975,0.5981968592427276
0.8421052631578947,0.3157894736842104,0.460423937675878,0.5599801030809842
0.8421052631578947,0.3157894736842104,0.5455594781168519,0.5419110473165695
0.8421052631578947,0.3157894736842104,0.646437163249006,0.5066831394464163
0.8421052631578947,0.3157894736842104,0.7659678234751834,0.47661242803438
0.8421052631578947,0.3157894736842104,0.907600521681814,0.44010294574706954
0.8421052631578947,0.3157894736842104,1.0754220761125606,0.41670390225557563
0.8421052631578947,0.3157894736842104,1.2742749857031335,0.3768286932365508
0.8421052631578947,0.3157894736842104,1.5098971606184193,0.3470314620226921
0.8421052631578947,0.3157894736842104,1.789087489923219,0.31858767018339496
0.8421052631578947,0.3157894736842104,2.1199020238496082,0.2905871617981559
0.8421052631578947,0.3157894736842104,2.51188643150958,0.26776412213099643
0.8421052631578947,0.5789473684210527,0.09999999999999999,0.4889794445627629
0.8421052631578947,0.5789473684210527,0.11849068510006666,0.5272520940656165
0.8421052631578947,0.5789473684210527,0.1404004245548316,0.5292155772194092
0.8421052631578947,0.5789473684210527,0.16636142493842218,0.5150500326505137
0.8421052631578947,0.5789473684210527,0.1971227921517696,0.5093653813049087
0.8421052631578947,0.5789473684210527,0.23357214690901223,0.5331836944853897
0.8421052631578947,0.5789473684210527,0.2767612370754227,0.5230406131690135
0.8421052631578947,0.5789473684210527,0.32793628590208806,0.5289262306134873
0.8421052631578947,0.5789473684210527,0.3885739518570975,0.496090867324439
0.8421052631578947,0.5789473684210527,0.460423937675878,0.5198163413016531
0.8421052631578947,0.5789473684210527,0.5455594781168519,0.483951259755455
0.8421052631578947,0.5789473684210527,0.646437163249006,0.46152336238961056
0.8421052631578947,0.5789473684210527,0.7659678234751834,0.45043563929197034
0.8421052631578947,0.5789473684210527,0.907600521681814,0.4256960551066272
0.8421052631578947,0.5789473684210527,1.0754220761125606,0.39889183128801237
0.8421052631578947,0.5789473684210527,1.2742749857031335,0.36835645970097025
0.8421052631578947,0.5789473684210527,1.5098971606184193,0.3396214354727154
0.8421052631578947,0.5789473684210527,1.789087489923219,0.31489557976241805
0.8421052631578947,0.5789473684210527,2.1199020238496082,0.28936899225524726
0.8421052631578947,0.5789473684210527,2.51188643150958,0.27096732151695907
0.8421052631578947,0.8421052631578947,0.09999999999999999,0.38778296134896695
0.8421052631578947,0.8421052631578947,0.11849068510006666,0.3642790866045761
0.8421052631578947,0.8421052631578947,0.1404004245548316,0.34972978261455995
0.8421052631578947,0.8421052631578947,0.16636142493842218,0.38957250599209714
0.8421052631578947,0.8421052631578947,0.1971227921517696,0.38275905540696226
0.8421052631578947,0.8421052631578947,0.23357214690901223,0.42190941920113245
0.8421052631578947,0.8421052631578947,0.2767612370754227,0.40307485932952697
0.8421052631578947,0.8421052631578947,0.32793628590208806,0.3821088624865706
0.8421052631578947,0.8421052631578947,0.3885739518570975,0.40943463370205946
0.8421052631578947,0.8421052631578947,0.460423937675878,0.4073690357903818
0.8421052631578947,0.8421052631578947,0.5455594781168519,0.41614264426152175
0.8421052631578947,0.8421052631578947,0.646437163249006,0.41728274462030807
0.8421052631578947,0.8421052631578947,0.7659678234751834,0.4057912666450489
0.8421052631578947,0.8421052631578947,0.907600521681814,0.3796922438067466
0.8421052631578947,0.8421052631578947,1.0754220761125606,0.37320917838239487
0.8421052631578947,0.8421052631578947,1.2742749857031335,0.3534028649033708
0.8421052631578947,0.8421052631578947,1.5098971606184193,0.3354329693201501
0.8421052631578947,0.8421052631578947,1.789087489923219,0.30814142192889343
0.8421052631578947,0.8421052631578947,2.1199020238496082,0.2863487529468401
0.8421052631578947,0.8421052631578947,2.51188643150958,0.2703913300989577
0.8421052631578947,1.1052631578947367,0.09999999999999999,0.28068679014401743
0.8421052631578947,1.1052631578947367,0.11849068510006666,0.2804824642496059
0.8421052631578947,1.1052631578947367,0.1404004245548316,0.2883261928854368
0.8421052631578947,1.1052631578947367,0.16636142493842218,0.31237773413951353
0.8421052631578947,1.1052631578947367,0.1971227921517696,0.3000999163450528
0.8421052631578947,1.1052631578947367,0.23357214690901223,0.30008373202348926
0.8421052631578947,1.1052631578947367,0.2767612370754227,0.33855260574220947
0.8421052631578947,1.1052631578947367,0.32793628590208806,0.32975282655872157
0.8421052631578947,1.1052631578947367,0.3885739518570975,0.33080578599804
0.8421052631578947,1.1052631578947367,0.460423937675878,0.3369983900046421
0.8421052631578947,1.1052631578947367,0.5455594781168519,0.35596436099530565
0.8421052631578947,1.1052631578947367,0.646437163249006,0.3447128700952378
0.8421052631578947,1.1052631578947367,0.7659678234751834,0.360802128515669
0.8421052631578947,1.1052631578947367,0.907600521681814,0.3494544069896347
0.8421052631578947,1.1052631578947367,1.0754220761125606,0.34075506299498487
0.8421052631578947,1.1052631578947367,1.2742749857031335,0.3377673531340743
0.8421052631578947,1.1052631578947367,1.5098971606184193,0.3183581888133441
0.8421052631578947,1.1052631578947367,1.789087489923219,0.2959453352694051
0.8421052631578947,1.1052631578947367,2.1199020238496082,0.2831047723177555
0.8421052631578947,1.1052631578947367,2.51188643150958,0.2656070410879757
0.8421052631578947,1.3684210526315788,0.09999999999999999,0.24415765245335622
0.8421052631578947,1.3684210526315788,0.11849068510006666,0.2717672630473911
0.8421052631578947,1.3684210526315788,0.1404004245548316,0.2628004352273968
0.8421052631578947,1.3684210526315788,0.16636142493842218,0.265155601035746
0.8421052631578947,1.3684210526315788,0.1971227921517696,0.27283751759203745
0.8421052631578947,1.3684210526315788,0.23357214690901223,0.2841644788902128
0.8421052631578947,1.3684210526315788,0.2767612370754227,0.2765460366082195
0.8421052631578947,1.3684210526315788,0.32793628590208806,0.2788342457285698
0.8421052631578947,1.3684210526315788,0.3885739518570975,0.2967462403530707
0.8421052631578947,1.3684210526315788,0.460423937675878,0.3307766443330108
0.8421052631578947,1.3684210526315788,0.5455594781168519,0.3289224303212654
0.8421052631578947,1.3684210526315788,0.646437163249006,0.31649145479706603
0.8421052631578947,1.3684210526315788,0.7659678234751834,0.3311025971874849
0.8421052631578947,1.3684210526315788,0.907600521681814,0.33478735799323706
0.8421052631578947,1.3684210526315788,1.0754220761125606,0.3080621273099187
0.8421052631578947,1.3684210526315788,1.2742749857031335,0.3129047952065364
0.8421052631578947,1.3684210526315788,1.5098971606184193,0.30257985923120573
0.8421052631578947,1.3684210526315788,1.789087489923219,0.2923495377819006
0.8421052631578947,1.3684210526315788,2.1199020238496082,0.2732264310349057
0.8421052631578947,1.3684210526315788,2.51188643150958,0.25995904532599207
0.8421052631578947,1.6315789473684208,0.09999999999999999,0.2482344740064079
0.8421052631578947,1.6315789473684208,0.11849068510006666,0.24483466897426193
0.8421052631578947,1.6315789473684208,0.1404004245548316,0.25916463588074373
0.8421052631578947,1.6315789473684208,0.16636142493842218,0.2702586018630512
0.8421052631578947,1.6315789473684208,0.1971227921517696,0.25859189181013875
0.8421052631578947,1.6315789473684208,0.23357214690901223,0.28171244918801036
0.8421052631578947,1.6315789473684208,0.2767612370754227,0.2763923139695956
0.8421052631578947,1.6315789473684208,0.32793628590208806,0.2739023963998831
0.8421052631578947,1.6315789473684208,0.3885739518570975,0.29164136418339814
0.8421052631578947,1.6315789473684208,0.460423937675878,0.2981892595275993
0.8421052631578947,1.6315789473684208,0.5455594781168519,0.29924432942866935
0.8421052631578947,1.6315789473684208,0.646437163249006,0.29379434288249634
0.8421052631578947,1.6315789473684208,0.7659678234751834,0.3028010213415618
0.8421052631578947,1.6315789473684208,0.907600521681814,0.31175881465640853
0.8421052631578947,1.6315789473684208,1.0754220761125606,0.30013896468175005
0.8421052631578947,1.6315789473684208,1.2742749857031335,0.30405638743708147
0.8421052631578947,1.6315789473684208,1.5098971606184193,0.2928013778292388
0.8421052631578947,1.6315789473684208,1.789087489923219,0.2804372307276801
0.8421052631578947,1.6315789473684208,2.1199020238496082,0.26811732665798715
0.8421052631578947,1.6315789473684208,2.51188643150958,0.25597241385037134
0.8421052631578947,1.8947368421052628,0.09999999999999999,0.22690645285918143
0.8421052631578947,1.8947368421052628,0.11849068510006666,0.24388388136059522
0.8421052631578947,1.8947368421052628,0.1404004245548316,0.239332227150245
0.8421052631578947,1.8947368421052628,0.16636142493842218,0.24458237161835822
0.8421052631578947,1.8947368421052628,0.1971227921517696,0.2397845864433446
0.8421052631578947,1.8947368421052628,0.23357214690901223,0.2537987372198794
0.8421052631578947,1.8947368421052628,0.2767612370754227,0.24481023876557192
0.8421052631578947,1.8947368421052628,0.32793628590208806,0.27201776713422815
0.8421052631578947,1.8947368421052628,0.3885739518570975,0.283456838657416
0.8421052631578947,1.8947368421052628,0.460423937675878,0.2935300537371825
0.8421052631578947,1.8947368421052628,0.5455594781168519,0.2964532784973733
0.8421052631578947,1.8947368421052628,0.646437163249006,0.29086825251458404
0.8421052631578947,1.8947368421052628,0.7659678234751834,0.3099028740842985
0.8421052631578947,1.8947368421052628,0.907600521681814,0.3011857308220145
0.8421052631578947,1.8947368421052628,1.0754220761125606,0.2977955837137354
0.8421052631578947,1.8947368421052628,1.2742749857031335,0.2929952207231112
0.8421052631578947,1.8947368421052628,1.5098971606184193,0.28506924351383034
0.8421052631578947,1.8947368421052628,1.789087489923219,0.2746288410797137
0.8421052631578947,1.8947368421052628,2.1199020238496082,0.2637599987544923
0.8421052631578947,1.8947368421052628,2.51188643150958,0.251310030380825
0.8421052631578947,2.1578947368421053,0.09999999999999999,0.22152349881401423
0.8421052631578947,2.1578947368421053,0.11849068510006666,0.2303436045523326
0.8421052631578947,2.1578947368421053,0.1404004245548316,0.2395119318261138
0.8421052631578947,2.1578947368421053,0.16636142493842218,0.2384422048141231
0.8421052631578947,2.1578947368421053,0.1971227921517696,0.22652522184338086
0.8421052631578947,2.1578947368421053,0.23357214690901223,0.24463044355851776
0.8421052631578947,2.1578947368421053,0.2767612370754227,0.25189190907661463
0.8421052631578947,2.1578947368421053,0.32793628590208806,0.23859502889282552
0.8421052631578947,2.1578947368421053,0.3885739518570975,0.2611672031865399
0.8421052631578947,2.1578947368421053,0.460423937675878,0.2720920683940061
0.8421052631578947,2.1578947368421053,0.5455594781168519,0.2760552606974366
0.8421052631578947,2.1578947368421053,0.646437163249006,0.2842424895810843
0.8421052631578947,2.1578947368421053,0.7659678234751834,0.29007875183757237
0.8421052631578947,2.1578947368421053,0.907600521681814,0.2970895358050129
0.8421052631578947,2.1578947368421053,1.0754220761125606,0.2891519838533892
0.8421052631578947,2.1578947368421053,1.2742749857031335,0.2878746097894337
0.8421052631578947,2.1578947368421053,1.5098971606184193,0.2816966035996132
0.8421052631578947,2.1578947368421053,1.789087489923219,0.2706791443772026
0.8421052631578947,2.1578947368421053,2.1199020238496082,0.2591843307428531
0.8421052631578947,2.1578947368421053,2.51188643150958,0.24982379601233107
0.8421052631578947,2.4210526315789473,0.09999999999999999,0.20008817350662808
0.8421052631578947,2.4210526315789473,0.11849068510006666,0.1945741356583876
0.8421052631578947,2.4210526315789473,0.1404004245548316,0.20668516129463
0.8421052631578947,2.4210526315789473,0.16636142493842218,0.2076116593281324
0.8421052631578947,2.4210526315789473,0.1971227921517696,0.22423224105401585
0.8421052631578947,2.4210526315789473,0.23357214690901223,0.23684406484849432
0.8421052631578947,2.4210526315789473,0.2767612370754227,0.25106791748547447
0.8421052631578947,2.4210526315789473,0.32793628590208806,0.2416285976452358
0.8421052631578947,2.4210526315789473,0.3885739518570975,0.2645116137612838
0.8421052631578947,2.4210526315789473,0.460423937675878,0.2687619438739314
0.8421052631578947,2.4210526315789473,0.5455594781168519,0.25843038710580557
0.8421052631578947,2.4210526315789473,0.646437163249006,0.2753067752172136
0.8421052631578947,2.4210526315789473,0.7659678234751834,0.2794520392691525
0.8421052631578947,2.4210526315789473,0.907600521681814,0.28177715642125045
0.8421052631578947,2.4210526315789473,1.0754220761125606,0.28336095902297215
0.8421052631578947,2.4210526315789473,1.2742749857031335,0.2786124843495409
0.8421052631578947,2.4210526315789473,1.5098971606184193,0.27642467264968557
0.8421052631578947,2.4210526315789473,1.789087489923219,0.2671121529642652
0.8421052631578947,2.4210526315789473,2.1199020238496082,0.25729049975722124
0.8421052631578947,2.4210526315789473,2.51188643150958,0.248865631760723
0.8421052631578947,2.6842105263157894,0.09999999999999999,0.22013898691318828
0.8421052631578947,2.6842105263157894,0.11849068510006666,0.18977962969201534
0.8421052631578947,2.6842105263157894,0.1404004245548316,0.2119684485651944
0.8421052631578947,2.6842105263157894,0.16636142493842218,0.2189141570349216
0.8421052631578947,2.6842105263157894,0.1971227921517696,0.23157350261464513
0.8421052631578947,2.6842105263157894,0.23357214690901223,0.22597643945877316
0.8421052631578947,2.6842105263157894,0.2767612370754227,0.22169387183870087
0.8421052631578947,2.6842105263157894,0.32793628590208806,0.23805566210209514
0.8421052631578947,2.6842105263157894,0.3885739518570975,0.24745026706215287
0.8421052631578947,2.6842105263157894,0.460423937675878,0.25535591227995325
0.8421052631578947,2.6842105263157894,0.5455594781168519,0.26028830950526005
0.8421052631578947,2.6842105263157894,0.646437163249006,0.27098209895967695
0.8421052631578947,2.6842105263157894,0.7659678234751834,0.2721707648331435
0.8421052631578947,2.6842105263157894,0.907600521681814,0.2789365495466384
0.8421052631578947,2.6842105263157894,1.0754220761125606,0.2877400839502166
0.8421052631578947,2.6842105263157894,1.2742749857031335,0.2813791418846301
0.8421052631578947,2.6842105263157894,1.5098971606184193,0.2689977079518161
0.8421052631578947,2.6842105263157894,1.789087489923219,0.2656281024075953
0.8421052631578947,2.6842105263157894,2.1199020238496082,0.25315531616900694
0.8421052631578947,2.6842105263157894,2.51188643150958,0.24423854207536663
0.8421052631578947,2.9473684210526314,0.09999999999999999,0.18522206357430532
0.8421052631578947,2.9473684210526314,0.11849068510006666,0.2019085176458393
0.8421052631578947,2.9473684210526314,0.1404004245548316,0.20485692590797916
0.8421052631578947,2.9473684210526314,0.16636142493842218,0.19905803225549284
0.8421052631578947,2.9473684210526314,0.1971227921517696,0.208076512883448
0.8421052631578947,2.9473684210526314,0.23357214690901223,0.22037265511334736
0.8421052631578947,2.9473684210526314,0.2767612370754227,0.21069061050977184
0.8421052631578947,2.9473684210526314,0.32793628590208806,0.22887562326605326
0.8421052631578947,2.9473684210526314,0.3885739518570975,0.25434716479914005
0.8421052631578947,2.9473684210526314,0.460423937675878,0.257051694108742
0.8421052631578947,2.9473684210526314,0.5455594781168519,0.25717271061213876
0.8421052631578947,2.9473684210526314,0.646437163249006,0.2535351893428354
0.8421052631578947,2.9473684210526314,0.7659678234751834,0.27652849162597604
0.8421052631578947,2.9473684210526314,0.907600521681814,0.2782523536731983
0.8421052631578947,2.9473684210526314,1.0754220761125606,0.273035114403789
0.8421052631578947,2.9473684210526314,1.2742749857031335,0.278276893833975
0.8421052631578947,2.9473684210526314,1.5098971606184193,0.2650923578174653
0.8421052631578947,2.9473684210526314,1.789087489923219,0.26341064191077385
0.8421052631578947,2.9473684210526314,2.1199020238496082,0.2550827595485772
0.8421052631578947,2.9473684210526314,2.51188643150958,0.24357494845059777
0.8421052631578947,3.2105263157894735,0.09999999999999999,0.19665560784995728
0.8421052631578947,3.2105263157894735,0.11849068510006666,0.20117277249956553
0.8421052631578947,3.2105263157894735,0.1404004245548316,0.1939701795568044
0.8421052631578947,3.2105263157894735,0.16636142493842218,0.21491121453337417
0.8421052631578947,3.2105263157894735,0.1971227921517696,0.20834448322828414
0.8421052631578947,3.2105263157894735,0.23357214690901223,0.2093851246855698
0.8421052631578947,3.2105263157894735,0.2767612370754227,0.2272783815482581
0.8421052631578947,3.2105263157894735,0.32793628590208806,0.21709313564199487
0.8421052631578947,3.2105263157894735,0.3885739518570975,0.2531345051246899
0.8421052631578947,3.2105263157894735,0.460423937675878,0.25034234474508676
0.8421052631578947,3.2105263157894735,0.5455594781168519,0.2673649255435179
0.8421052631578947,3.2105263157894735,0.646437163249006,0.27299324563291805
0.8421052631578947,3.2105263157894735,0.7659678234751834,0.2767867567825261
0.8421052631578947,3.2105263157894735,0.907600521681814,0.2677227869918905
0.8421052631578947,3.2105263157894735,1.0754220761125606,0.2673583716313698
0.8421052631578947,3.2105263157894735,1.2742749857031335,0.2713639898930123
0.8421052631578947,3.2105263157894735,1.5098971606184193,0.2650986557274988
0.8421052631578947,3.2105263157894735,1.789087489923219,0.26132188843648374
0.8421052631578947,3.2105263157894735,2.1199020238496082,0.25432739792705344
0.8421052631578947,3.2105263157894735,2.51188643150958,0.24389846528953796
0.8421052631578947,3.473684210526316,0.09999999999999999,0.19366874603103873
0.8421052631578947,3.473684210526316,0.11849068510006666,0.19810567451511354
0.8421052631578947,3.473684210526316,0.1404004245548316,0.19374411474537373
0.8421052631578947,3.473684210526316,0.16636142493842218,0.18778209236728072
0.8421052631578947,3.473684210526316,0.1971227921517696,0.21166219396486347
0.8421052631578947,3.473684210526316,0.23357214690901223,0.20456164725522918
0.8421052631578947,3.473684210526316,0.2767612370754227,0.22905989907230695
0.8421052631578947,3.473684210526316,0.32793628590208806,0.22418821486021248
0.8421052631578947,3.473684210526316,0.3885739518570975,0.23509743341385259
0.8421052631578947,3.473684210526316,0.460423937675878,0.24385945449343857
0.8421052631578947,3.473684210526316,0.5455594781168519,0.2500287710320427
0.8421052631578947,3.473684210526316,0.646437163249006,0.2539379862840898
0.8421052631578947,3.473684210526316,0.7659678234751834,0.26755428071663273
0.8421052631578947,3.473684210526316,0.907600521681814,0.2661563848837901
0.8421052631578947,3.473684210526316,1.0754220761125606,0.26675575990841127
0.8421052631578947,3.473684210526316,1.2742749857031335,0.26909062165811776
0.8421052631578947,3.473684210526316,1.5098971606184193,0.2674710258630345
0.8421052631578947,3.473684210526316,1.789087489923219,0.26115740150530475
0.8421052631578947,3.473684210526316,2.1199020238496082,0.25428878540011046
0.8421052631578947,3.473684210526316,2.51188643150958,0.2446328932436772
0.8421052631578947,3.7368421052631575,0.09999999999999999,0.16906512858649905
0.8421052631578947,3.7368421052631575,0.11849068510006666,0.17831494323765182
0.8421052631578947,3.7368421052631575,0.1404004245548316,0.18846470079278305
0.8421052631578947,3.7368421052631575,0.16636142493842218,0.19526821391026658
0.8421052631578947,3.7368421052631575,0.1971227921517696,0.19595678637098798
0.8421052631578947,3.7368421052631575,0.23357214690901223,0.21916425121196476
0.8421052631578947,3.7368421052631575,0.2767612370754227,0.23210566919410291
0.8421052631578947,3.7368421052631575,0.32793628590208806,0.2090370214864714
0.8421052631578947,3.7368421052631575,0.3885739518570975,0.21979687611890963
0.8421052631578947,3.7368421052631575,0.460423937675878,0.23278775874794064
0.8421052631578947,3.7368421052631575,0.5455594781168519,0.2405960431856681
0.8421052631578947,3.7368421052631575,0.646437163249006,0.24603545033769203
0.8421052631578947,3.7368421052631575,0.7659678234751834,0.26706018116610614
0.8421052631578947,3.7368421052631575,0.907600521681814,0.26839551430822256
0.8421052631578947,3.7368421052631575,1.0754220761125606,0.27015182364036955
0.8421052631578947,3.7368421052631575,1.2742749857031335,0.26926012548282235
0.8421052631578947,3.7368421052631575,1.5098971606184193,0.2696340823201809
0.8421052631578947,3.7368421052631575,1.789087489923219,0.2583471023337824
0.8421052631578947,3.7368421052631575,2.1199020238496082,0.25197499767520154
0.8421052631578947,3.7368421052631575,2.51188643150958,0.2432937071967167
0.8421052631578947,4.0,0.09999999999999999,0.1737218242339412
0.8421052631578947,4.0,0.11849068510006666,0.18543259077130808
0.8421052631578947,4.0,0.1404004245548316,0.18776571702001807
0.8421052631578947,4.0,0.16636142493842218,0.19852714829212473
0.8421052631578947,4.0,0.1971227921517696,0.18209695825493605
0.8421052631578947,4.0,0.23357214690901223,0.2129263141730426
0.8421052631578947,4.0,0.2767612370754227,0.1927984592207576
0.8421052631578947,4.0,0.32793628590208806,0.22725600359452636
0.8421052631578947,4.0,0.3885739518570975,0.22701506477284994
0.8421052631578947,4.0,0.460423937675878,0.23458598488839022
0.8421052631578947,4.0,0.5455594781168519,0.2574218223409856
0.8421052631578947,4.0,0.646437163249006,0.2611600559703672
0.8421052631578947,4.0,0.7659678234751834,0.2590094007323777
0.8421052631578947,4.0,0.907600521681814,0.27575166914484256
0.8421052631578947,4.0,1.0754220761125606,0.27050182291646163
0.8421052631578947,4.0,1.2742749857031335,0.27347019506789266
0.8421052631578947,4.0,1.5098971606184193,0.26354572925006586
0.8421052631578947,4.0,1.789087489923219,0.251054345536098
0.8421052631578947,4.0,2.1199020238496082,0.24794736006223567
0.8421052631578947,4.0,2.51188643150958,0.2412867237951498
1.0526315789473684,-1.0,0.09999999999999999,0.7100827079440291
1.0526315789473684,-1.0,0.11849068510006666,0.6944594104831288
1.0526315789473684,-1.0,0.1404004245548316,0.727285721582822
1.0526315789473684,-1.0,0.16636142493842218,0.7037798963075257
1.0526315789473684,-1.0,0.1971227921517696,0.7002644925024729
1.0526315789473684,-1.0,0.23357214690901223,0.6766606066373856
1.0526315789473684,-1.0,0.2767612370754227,0.6547301591961775
1.0526315789473684,-1.0,0.32793628590208806,0.659364386527606
1.0526315789473684,-1.0,0.3885739518570975,0.6239229898525079
1.0526315789473684,-1.0,0.460423937675878,0.6116293072969324
1.0526315789473684,-1.0,0.5455594781168519,0.5762765203341031
1.0526315789473684,-1.0,0.646437163249006,0.5555560620719966
1.0526315789473684,-1.0,0.7659678234751834,0.5022393704088798
1.0526315789473684,-1.0,0.907600521681814,0.46666066910755
1.0526315789473684,-1.0,1.0754220761125606,0.421150977080329
1.0526315789473684,-1.0,1.2742749857031335,0.3906542906975443
1.0526315789473684,-1.0,1.5098971606184193,0.3502341798551198
1.0526315789473684,-1.0,1.789087489923219,0.31411384047063834
1.0526315789473684,-1.0,2.1199020238496082,0.28964639516190793
1.0526315789473684,-1.0,2.51188643150958,0.26659994263830006
1.0526315789473684,-0.736842105263158,0.09999999999999999,0.6971283272375018
1.0526315789473684,-0.736842105263158,0.11849068510006666,0.7198913385515678
1.0526315789473684,-0.736842105263158,0.1404004245548316,0.7107637280060576
1.0526315789473684,-0.736842105263158,0.16636142493842218,0.7093413293583979
1.0526315789473684,-0.736842105263158,0.1971227921517696,0.6818028555352971
1.0526315789473684,-0.736842105263158,0.23357214690901223,0.6744436000578499
1.0526315789473684,-0.736842105263158,0.2767612370754227,0.6640742302587291
1.0526315789473684,-0.736842105263158,0.32793628590208806,0.6530448485786642
1.0526315789473684,-0.736842105263158,0.3885739518570975,0.6180260419667385
1.0526315789473684,-0.736842105263158,0.460423937675878,0.5956075672055319
1.0526315789473684,-0.736842105263158,0.5455594781168519,0.576311992764724
1.0526315789473684,-0.736842105263158,0.646437163249006,0.539348610833087
1.0526315789473684,-0.736842105263158,0.7659678234751834,0.5061792558203171
1.0526315789473684,-0.736842105263158,0.907600521681814,0.46468890741552205
1.0526315789473684,-0.736842105263158,1.0754220761125606,0.42333390031616785
1.0526315789473684,-0.736842105263158,1.2742749857031335,0.3864532700735795
1.0526315789473684,-0.736842105263158,1.5098971606184193,0.34726425894128543
1.0526315789473684,-0.736842105263158,1.789087489923219,0.31460638497762805
1.0526315789473684,-0.736842105263158,2.1199020238496082,0.28978610230514285
1.0526315789473684,-0.736842105263158,2.51188643150958,0.26594383867775573
1.0526315789473684,-0.4736842105263158,0.09999999999999999,0.6966165949913941
1.0526315789473684,-0.4736842105263158,0.11849068510006666,0.7099812193688843
1.0526315789473684,-0.4736842105263158,0.1404004245548316,0.6996337470108812
1.0526315789473684,-0.4736842105263158,0.16636142493842218,0.6776624343595186
1.0526315789473684,-0.4736842105263158,0.1971227921517696,0.6763987591592286
1.0526315789473684,-0.4736842105263158,0.23357214690901223,0.6827838710627626
1.0526315789473684,-0.4736842105263158,0.2767612370754227,0.6648975696298559
1.0526315789473684,-0.4736842105263158,0.32793628590208806,0.6295475081351884
1.0526315789473684,-0.4736842105263158,0.3885739518570975,0.6240834032072401
1.0526315789473684,-0.4736842105263158,0.460423937675878,0.6017818700013551
1.0526315789473684,-0.4736842105263158,0.5455594781168519,0.5783434847501596
1.0526315789473684,-0.4736842105263158,0.646437163249006,0.5411347623495716
1.0526315789473684,-0.4736842105263158,0.7659678234751834,0.5035959613682942
1.0526315789473684,-0.4736842105263158,0.907600521681814,0.4628547368351834
1.0526315789473684,-0.4736842105263158,1.0754220761125606,0.42534274522943016
1.0526315789473684,-0.4736842105263158,1.2742749857031335,0.3839584063935062
1.0526315789473684,-0.4736842105263158,1.5098971606184193,0.3479819076641672
1.0526315789473684,-0.4736842105263158,1.789087489923219,0.3143168201990822
1.0526315789473684,-0.4736842105263158,2.1199020238496082,0.28756675113679914
1.0526315789473684,-0.4736842105263158,2.51188643150958,0.2663227633085663
1.0526315789473684,-0.21052631578947367,0.09999999999999999,0.7084280977667489
1.0526315789473684,-0.21052631578947367,0.11849068510006666,0.6964310289035813
1.0526315789473684,-0.21052631578947367,0.1404004245548316,0.6973344967684227
1.0526315789473684,-0.21052631578947367,0.16636142493842218,0.6837369441096245
1.0526315789473684,-0.21052631578947367,0.1971227921517696,0.6707333890194704
1.0526315789473684,-0.21052631578947367,0.23357214690901223,0.6702862846607105
1.0526315789473684,-0.21052631578947367,0.2767612370754227,0.655808004752849
1.0526315789473684,-0.21052631578947367,0.32793628590208806,0.6329740460220497
1.0526315789473684,-0.21052631578947367,0.3885739518570975,0.6148325195981481
1.0526315789473684,-0.21052631578947367,0.460423937675878,0.5922842545039019
1.0526315789473684,-0.21052631578947367,0.5455594781168519,0.5547647541411067
1.0526315789473684,-0.21052631578947367,0.646437163249006,0.537648817495987
1.0526315789473684,-0.21052631578947367,0.7659678234751834,0.5022293797288878
1.0526315789473684,-0.21052631578947367,0.907600521681814,0.4558968831620331
1.0526315789473684,-0.21052631578947367,1.0754220761125606,0.4214268495884473
1.0526315789473684,-0.21052631578947367,1.2742749857031335,0.3855523284669201
1.0526315789473684,-0.21052631578947367,1.5098971606184193,0.34890388285327006
1.0526315789473684,-0.21052631578947367,1.789087489923219,0.31536505023894934
1.0526315789473684,-0.21052631578947367,2.1199020238496082,0.28758145121555967
1.0526315789473684,-0.21052631578947367,2.51188643150958,0.2650461952821267
1.0526315789473684,0.05263157894736836,0.09999999999999999,0.6869931354775966
1.0526315789473684,0.05263157894736836,0.11849068510006666,0.697241153672734
1.0526315789473684,0.05263157894736836,0.1404004245548316,0.6795447223214975
1.0526315789473684,0.05263157894736836,0.16636142493842218,0.6829259027611472
1.0526315789473684,0.05263157894736836,0.1971227921517696,0.6668507144738759
1.0526315789473684,0.05263157894736836,0.23357214690901223,0.6861025156431492
1.0526315789473684,0.05263157894736836,0.2767612370754227,0.6522300478842841
1.0526315789473684,0.05263157894736836,0.32793628590208806,0.6506231772110378
1.0526315789473684,0.05263157894736836,0.3885739518570975,0.6235876532327119
1.0526315789473684,0.05263157894736836,0.460423937675878,0.5916881145298595
1.0526315789473684,0.05263157894736836,0.5455594781168519,0.5730570264260232
1.0526315789473684,0.05263157894736836,0.646437163249006,0.5401209031740515
1.0526315789473684,0.05263157894736836,0.7659678234751834,0.5002101797970302
1.0526315789473684,0.05263157894736836,0.907600521681814,0.4627807232075984
1.0526315789473684,0.05263157894736836,1.0754220761125606,0.42640863811132257
1.0526315789473684,0.05263157894736836,1.2742749857031335,0.37919195408725137
1.0526315789473684,0.05263157894736836,1.5098971606184193,0.3468647597646888
1.0526315789473684,0.05263157894736836,1.789087489923219,0.316878246714005
1.0526315789473684,0.05263157894736836,2.1199020238496082,0.28926567236285333
1.0526315789473684,0.05263157894736836,2.51188643150958,0.2659355221234066
1.0526315789473684,0.3157894736842104,0.09999999999999999,0.6604964553322645
1.0526315789473684,0.3157894736842104,0.11849068510006666,0.6643361040780708
1.0526315789473684,0.3157894736842104,0.1404004245548316,0.6476411861537461
1.0526315789473684,0.3157894736842104,0.16636142493842218,0.6592147555397256
1.0526315789473684,0.3157894736842104,0.1971227921517696,0.6441407432118667
1.0526315789473684,0.3157894736842104,0.23357214690901223,0.6465174479025178
1.0526315789473684,0.3157894736842104,0.2767612370754227,0.6470540103010199
1.0526315789473684,0.3157894736842104,0.32793628590208806,0.6152387254506114
1.0526315789473684,0.3157894736842104,0.3885739518570975,0.5938625725562016
1.0526315789473684,0.3157894736842104,0.460423937675878,0.580983947364079
1.0526315789473684,0.3157894736842104,0.5455594781168519,0.5583692722765434
1.0526315789473684,0.3157894736842104,0.646437163249006,0.5264305025026761
1.0526315789473684,0.3157894736842104,0.7659678234751834,0.49471650809345424
1.0526315789473684,0.3157894736842104,0.907600521681814,0.45864659520664836
1.0526315789473684,0.3157894736842104,1.0754220761125606,0.4247651103592996
1.0526315789473684,0.3157894736842104,1.2742749857031335,0.3830405662583988
1.0526315789473684,0.3157894736842104,1.5098971606184193,0.34762831916294495
1.0526315789473684,0.3157894736842104,1.789087489923219,0.31654763066178226
1.0526315789473684,0.3157894736842104,2.1199020238496082,0.2889168565334129
1.0526315789473684,0.3157894736842104,2.51188643150958,0.26723808871299853
1.0526315789473684,0.5789473684210527,0.09999999999999999,0.5809018049618916
1.0526315789473684,0.5789473684210527,0.11849068510006666,0.5924685058975322
1.0526315789473684,0.5789473684210527,0.1404004245548316,0.6045278029808421
1.0526315789473684,0.5789473684210527,0.16636142493842218,0.6262587862004484
1.0526315789473684,0.5789473684210527,0.1971227921517696,0.5830251859309934
1.0526315789473684,0.5789473684210527,0.23357214690901223,0.6225337250591346
1.0526315789473684,0.5789473684210527,0.2767612370754227,0.5963401778723572
1.0526315789473684,0.5789473684210527,0.32793628590208806,0.5663068431791607
1.0526315789473684,0.5789473684210527,0.3885739518570975,0.5642094534648741
1.0526315789473684,0.5789473684210527,0.460423937675878,0.5490226492718925
1.0526315789473684,0.5789473684210527,0.5455594781168519,0.5274776350721094
1.0526315789473684,0.5789473684210527,0.646437163249006,0.500995692520256
1.0526315789473684,0.5789473684210527,0.7659678234751834,0.4800946297188737
1.0526315789473684,0.5789473684210527,0.907600521681814,0.44825195052583405
1.0526315789473684,0.5789473684210527,1.0754220761125606,0.410741625977056
1.0526315789473684,0.5789473684210527,1.2742749857031335,0.37826170253108893
1.0526315789473684,0.5789473684210527,1.5098971606184193,0.34701869810890834
1.0526315789473684,0.5789473684210527,1.789087489923219,0.3156859955000671
1.0526315789473684,0.5789473684210527,2.1199020238496082,0.29081690178925046
1.0526315789473684,0.5789473684210527,2.51188643150958,0.2679098528357906
1.0526315789473684,0.8421052631578947,0.09999999999999999,0.49706047752635163
1.0526315789473684,0.8421052631578947,0.11849068510006666,0.493075142118161
1.0526315789473684,0.8421052631578947,0.1404004245548316,0.4943291823553041
1.0526315789473684,0.8421052631578947,0.16636142493842218,0.48377601444373897
1.0526315789473684,0.8421052631578947,0.1971227921517696,0.5024630332624749
1.0526315789473684,0.8421052631578947,0.23357214690901223,0.49842368741929516
1.0526315789473684,0.8421052631578947,0.2767612370754227,0.49623080628847915
1.0526315789473684,0.8421052631578947,0.32793628590208806,0.5033653576319177
1.0526315789473684,0.8421052631578947,0.3885739518570975,0.4957570137693711
1.0526315789473684,0.8421052631578947,0.460423937675878,0.48976286240320194
1.0526315789473684,0.8421052631578947,0.5455594781168519,0.478339311109634
1.0526315789473684,0.8421052631578947,0.646437163249006,0.4640604765269806
1.0526315789473684,0.8421052631578947,0.7659678234751834,0.4442390835703109
1.0526315789473684,0.8421052631578947,0.907600521681814,0.4169973236310899
1.0526315789473684,0.8421052631578947,1.0754220761125606,0.39679382748173536
1.0526315789473684,0.8421052631578947,1.2742749857031335,0.3671306937882223
1.0526315789473684,0.8421052631578947,1.5098971606184193,0.33894364415085393
1.0526315789473684,0.8421052631578947,1.789087489923219,0.3114349017281753
1.0526315789473684,0.8421052631578947,2.1199020238496082,0.2923492442087763
1.0526315789473684,0.8421052631578947,2.51188643150958,0.26915421788495963
1.0526315789473684,1.1052631578947367,0.09999999999999999,0.33603975477214015
1.0526315789473684,1.1052631578947367,0.11849068510006666,0.3479133410957352
1.0526315789473684,1.1052631578947367,0.1404004245548316,0.3568340441456568
1.0526315789473684,1.1052631578947367,0.16636142493842218,0.3378396442275669
1.0526315789473684,1.1052631578947367,0.1971227921517696,0.36722745505665794
1.0526315789473684,1.1052631578947367,0.23357214690901223,0.37762807467487075
1.0526315789473684,1.1052631578947367,0.2767612370754227,0.37307669326251214
1.0526315789473684,1.1052631578947367,0.32793628590208806,0.38476359631025675
1.0526315789473684,1.1052631578947367,0.3885739518570975,0.402601191604716
1.0526315789473684,1.1052631578947367,0.460423937675878,0.3868938304722328
1.0526315789473684,1.1052631578947367,0.5455594781168519,0.38820095238569774
1.0526315789473684,1.1052631578947367,0.646437163249006,0.4035273612116682
1.0526315789473684,1.1052631578947367,0.7659678234751834,0.388777891715501
1.0526315789473684,1.1052631578947367,0.907600521681814,0.38582921743150933
1.0526315789473684,1.1052631578947367,1.0754220761125606,0.36381601583832707
1.0526315789473684,1.1052631578947367,1.2742749857031335,0.3510876082787918
1.0526315789473684,1.1052631578947367,1.5098971606184193,0.33092106349232175
1.0526315789473684,1.1052631578947367,1.789087489923219,0.31009678891056486
1.0526315789473684,1.1052631578947367,2.1199020238496082,0.28720223215252877
1.0526315789473684,1.1052631578947367,2.51188643150958,0.2700964234356689
1.0526315789473684,1.3684210526315788,0.09999999999999999,0.2714142433768593
1.0526315789473684,1.3684210526315788,0.11849068510006666,0.2857258995474307
1.0526315789473684,1.3684210526315788,0.1404004245548316,0.2938532664269758
1.0526315789473684,1.3684210526315788,0.16636142493842218,0.28363811545418033
1.0526315789473684,1.3684210526315788,0.1971227921517696,0.3016416665807154
1.0526315789473684,1.3684210526315788,0.23357214690901223,0.31301634037589005
1.0526315789473684,1.3684210526315788,0.2767612370754227,0.321525023685316
1.0526315789473684,1.3684210526315788,0.32793628590208806,0.32212999653479474
1.0526315789473684,1.3684210526315788,0.3885739518570975,0.33472780211154063
1.0526315789473684,1.3684210526315788,0.460423937675878,0.33980294055158733
1.0526315789473684,1.3684210526315788,0.5455594781168519,0.3504455749069641
1.0526315789473684,1.3684210526315788,0.646437163249006,0.35071876431752436
1.0526315789473684,1.3684210526315788,0.7659678234751834,0.34550476909000133
1.0526315789473684,1.3684210526315788,0.907600521681814,0.35243159464823354
1.0526315789473684,1.3684210526315788,1.0754220761125606,0.3328794233376055
1.0526315789473684,1.3684210526315788,1.2742749857031335,0.32846401278526893
1.0526315789473684,1.3684210526315788,1.5098971606184193,0.3127323809288712
1.0526315789473684,1.3684210526315788,1.789087489923219,0.2980350974208886
1.0526315789473684,1.3684210526315788,2.1199020238496082,0.28307978518247
1.0526315789473684,1.3684210526315788,2.51188643150958,0.2649967641489191
1.0526315789473684,1.6315789473684208,0.09999999999999999,0.24657070785326135
1.0526315789473684,1.6315789473684208,0.11849068510006666,0.24123100290244795
1.0526315789473684,1.6315789473684208,0.1404004245548316,0.25974664839155714
1.0526315789473684,1.6315789473684208,0.16636142493842218,0.26404737693214836
1.0526315789473684,1.6315789473684208,0.1971227921517696,0.26810793803497024
1.0526315789473684,1.6315789473684208,0.23357214690901223,0.29052728488435636
1.0526315789473684,1.6315789473684208,0.2767612370754227,0.28497521758440014
1.0526315789473684,1.6315789473684208,0.32793628590208806,0.291097761268778
1.0526315789473684,1.6315789473684208,0.3885739518570975,0.3124428670597697
1.0526315789473684,1.6315789473684208,0.460423937675878,0.31678482623956605
1.0526315789473684,1.6315789473684208,0.5455594781168519,0.3079866549606665
1.0526315789473684,1.6315789473684208,0.646437163249006,0.32866543174220647
1.0526315789473684,1.6315789473684208,0.7659678234751834,0.3406715355189724
1.0526315789473684,1.6315789473684208,0.907600521681814,0.32712685239174016
1.0526315789473684,1.6315789473684208,1.0754220761125606,0.32614845886002086
1.0526315789473684,1.6315789473684208,1.2742749857031335,0.31248006927056365
1.0526315789473684,1.6315789473684208,1.5098971606184193,0.3020139726949574
1.0526315789473684,1.6315789473684208,1.789087489923219,0.2894942886264085
1.0526315789473684,1.6315789473684208,2.1199020238496082,0.27448619880301756
1.0526315789473684,1.6315789473684208,2.51188643150958,0.2627834375025415
1.0526315789473684,1.8947368421052628,0.09999999999999999,0.24723251994377252
1.0526315789473684,1.8947368421052628,0.11849068510006666,0.23958597092080983
1.0526315789473684,1.8947368421052628,0.1404004245548316,0.25288455707094737
1.0526315789473684,1.8947368421052628,0.16636142493842218,0.24938673017950147
1.0526315789473684,1.8947368421052628,0.1971227921517696,0.2678285796140742
1.0526315789473684,1.8947368421052628,0.23357214690901223,0.2644407820772359
1.0526315789473684,1.8947368421052628,0.2767612370754227,0.26761485431224596
1.0526315789473684,1.8947368421052628,0.32793628590208806,0.2745679733435059
1.0526315789473684,1.8947368421052628,0.3885739518570975,0.28875647959494233
1.0526315789473684,1.8947368421052628,0.460423937675878,0.28325219299383764
1.0526315789473684,1.8947368421052628,0.5455594781168519,0.3059828785552247
1.0526315789473684,1.8947368421052628,0.646437163249006,0.3248559484930265
1.0526315789473684,1.8947368421052628,0.7659678234751834,0.30895718263423755
1.0526315789473684,1.8947368421052628,0.907600521681814,0.3065396427108468
1.0526315789473684,1.8947368421052628,1.0754220761125606,0.3100380433963946
1.0526315789473684,1.8947368421052628,1.2742749857031335,0.30928470611709674
1.0526315789473684,1.8947368421052628,1.5098971606184193,0.2961954155815632
1.0526315789473684,1.8947368421052628,1.789087489923219,0.28051396685857916
1.0526315789473684,1.8947368421052628,2.1199020238496082,0.26787233211197903
1.0526315789473684,1.8947368421052628,2.51188643150958,0.2553614587294762
1.0526315789473684,2.1578947368421053,0.09999999999999999,0.2712347989996608
1.0526315789473684,2.1578947368421053,0.11849068510006666,0.22565268583149653
1.0526315789473684,2.1578947368421053,0.1404004245548316,0.23822237436349192
1.0526315789473684,2.1578947368421053,0.16636142493842218,0.2580611287307268
1.0526315789473684,2.1578947368421053,0.1971227921517696,0.23017331165042
1.0526315789473684,2.1578947368421053,0.23357214690901223,0.24918447724677478
1.0526315789473684,2.1578947368421053,0.2767612370754227,0.2589521988702515
1.0526315789473684,2.1578947368421053,0.32793628590208806,0.2695098888772837
1.0526315789473684,2.1578947368421053,0.3885739518570975,0.2825797888159004
1.0526315789473684,2.1578947368421053,0.460423937675878,0.26933825454186394
1.0526315789473684,2.1578947368421053,0.5455594781168519,0.2890916526578218
1.0526315789473684,2.1578947368421053,0.646437163249006,0.2951505993467163
1.0526315789473684,2.1578947368421053,0.7659678234751834,0.29808586887319755
1.0526315789473684,2.1578947368421053,0.907600521681814,0.29694936159622376
1.0526315789473684,2.1578947368421053,1.0754220761125606,0.3010335299945117
1.0526315789473684,2.1578947368421053,1.2742749857031335,0.29394322669131395
1.0526315789473684,2.1578947368421053,1.5098971606184193,0.2850695115882864
1.0526315789473684,2.1578947368421053,1.789087489923219,0.27349385276018845
1.0526315789473684,2.1578947368421053,2.1199020238496082,0.2631627231491509
1.0526315789473684,2.1578947368421053,2.51188643150958,0.25085656385479743
1.0526315789473684,2.4210526315789473,0.09999999999999999,0.22913977659990395
1.0526315789473684,2.4210526315789473,0.11849068510006666,0.2259960409267107
1.0526315789473684,2.4210526315789473,0.1404004245548316,0.21315951388968277
1.0526315789473684,2.4210526315789473,0.16636142493842218,0.21810395801351148
1.0526315789473684,2.4210526315789473,0.1971227921517696,0.24364424048087152
1.0526315789473684,2.4210526315789473,0.23357214690901223,0.22137916522781798
1.0526315789473684,2.4210526315789473,0.2767612370754227,0.24902836042812365
1.0526315789473684,2.4210526315789473,0.32793628590208806,0.2667143645236804
1.0526315789473684,2.4210526315789473,0.3885739518570975,0.2642071677087236
1.0526315789473684,2.4210526315789473,0.460423937675878,0.2838072694563009
1.0526315789473684,2.4210526315789473,0.5455594781168519,0.28706573274852604
1.0526315789473684,2.4210526315789473,0.646437163249006,0.2865433709963932
1.0526315789473684,2.4210526315789473,0.7659678234751834,0.2846401661026688
1.0526315789473684,2.4210526315789473,0.907600521681814,0.3003827094981029
1.0526315789473684,2.4210526315789473,1.0754220761125606,0.2952268240980674
1.0526315789473684,2.4210526315789473,1.2742749857031335,0.2851441042720656
1.0526315789473684,2.4210526315789473,1.5098971606184193,0.27892048975203454
1.0526315789473684,2.4210526315789473,1.789087489923219,0.26806325485014043
1.0526315789473684,2.4210526315789473,2.1199020238496082,0.2617908426228353
1.0526315789473684,2.4210526315789473,2.51188643150958,0.24909586366827538
1.0526315789473684,2.6842105263157894,0.09999999999999999,0.20404588297870638
1.0526315789473684,2.6842105263157894,0.11849068510006666,0.24765001017138658
1.0526315789473684,2.6842105263157894,0.1404004245548316,0.23024593495190976
1.0526315789473684,2.6842105263157894,0.16636142493842218,0.21252990883924247
1.0526315789473684,2.6842105263157894,0.1971227921517696,0.23483002766061564
1.0526315789473684,2.6842105263157894,0.23357214690901223,0.24040468628655695
1.0526315789473684,2.6842105263157894,0.2767612370754227,0.2353233360700527
1.0526315789473684,2.6842105263157894,0.32793628590208806,0.25389556009010694
1.0526315789473684,2.6842105263157894,0.3885739518570975,0.2573860473912828
1.0526315789473684,2.6842105263157894,0.460423937675878,0.2830839396123584
1.0526315789473684,2.6842105263157894,0.5455594781168519,0.2650802574362669
1.0526315789473684,2.6842105263157894,0.646437163249006,0.2867884435314358
1.0526315789473684,2.6842105263157894,0.7659678234751834,0.2761900764166486
1.0526315789473684,2.6842105263157894,0.907600521681814,0.28606475440489676
1.0526315789473684,2.6842105263157894,1.0754220761125606,0.27938336906465644
1.0526315789473684,2.6842105263157894,1.2742749857031335,0.2799237674991903
1.0526315789473684,2.6842105263157894,1.5098971606184193,0.2774591502660397
1.0526315789473684,2.6842105263157894,1.789087489923219,0.2680025930230116
1.0526315789473684,2.6842105263157894,2.1199020238496082,0.25563370361932886
1.0526315789473684,2.6842105263157894,2.51188643150958,0.24584192574028582
1.0526315789473684,2.9473684210526314,0.09999999999999999,0.21427871037357019
1.0526315789473684,2.9473684210526314,0.11849068510006666,0.21108524959336547
1.0526315789473684,2.9473684210526314,0.1404004245548316,0.20258183031441004
1.0526315789473684,2.9473684210526314,0.16636142493842218,0.22152198396083378
1.0526315789473684,2.9473684210526314,0.1971227921517696,0.2086143266216148
1.0526315789473684,2.9473684210526314,0.23357214690901223,0.23193649533191535
1.0526315789473684,2.9473684210526314,0.2767612370754227,0.24124252057639015
1.0526315789473684,2.9473684210526314,0.32793628590208806,0.23751180816799541
1.0526315789473684,2.9473684210526314,0.3885739518570975,0.24399729846772408
1.0526315789473684,2.9473684210526314,0.460423937675878,0.27906118123101853
1.0526315789473684,2.9473684210526314,0.5455594781168519,0.280663426730416
1.0526315789473684,2.9473684210526314,0.646437163249006,0.27398023698853424
1.0526315789473684,2.9473684210526314,0.7659678234751834,0.26417748333927754
1.0526315789473684,2.9473684210526314,0.907600521681814,0.27439139658991646
1.0526315789473684,2.9473684210526314,1.0754220761125606,0.290091903201399
1.0526315789473684,2.9473684210526314,1.2742749857031335,0.28181044406593253
1.0526315789473684,2.9473684210526314,1.5098971606184193,0.27972584419720936
1.0526315789473684,2.9473684210526314,1.789087489923219,0.26369369268107257
1.0526315789473684,2.9473684210526314,2.1199020238496082,0.2558811533178419
1.0526315789473684,2.9473684210526314,2.51188643150958,0.2466331617543847
1.0526315789473684,3.2105263157894735,0.09999999999999999,0.20061577825685578
1.0526315789473684,3.2105263157894735,0.11849068510006666,0.19627743855541857
1.0526315789473684,3.2105263157894735,0.1404004245548316,0.19813594463106823
1.0526315789473684,3.2105263157894735,0.16636142493842218,0.2111317493019109
1.0526315789473684,3.2105263157894735,0.1971227921517696,0.21489047896754215
1.0526315789473684,3.2105263157894735,0.23357214690901223,0.22168891230814172
1.0526315789473684,3.2105263157894735,0.2767612370754227,0.2052945119226489
1.0526315789473684,3.2105263157894735,0.32793628590208806,0.23689697407947607
1.0526315789473684,3.2105263157894735,0.3885739518570975,0.25439330409442573
1.0526315789473684,3.2105263157894735,0.460423937675878,0.25309461080448725
1.0526315789473684,3.2105263157894735,0.5455594781168519,0.26454936610208757
1.0526315789473684,3.2105263157894735,0.646437163249006,0.2754056879392138
1.0526315789473684,3.2105263157894735,0.7659678234751834,0.27806229447857034
1.0526315789473684,3.2105263157894735,0.907600521681814,0.2794783760100812
1.0526315789473684,3.2105263157894735,1.0754220761125606,0.28010765786402775
1.0526315789473684,3.2105263157894735,1.2742749857031335,0.2683951599030212
1.0526315789473684,3.2105263157894735,1.5098971606184193,0.27335866328517044
1.0526315789473684,3.2105263157894735,1.789087489923219,0.2626837155104492
1.0526315789473684,3.2105263157894735,2.1199020238496082,0.25711288900537554
1.0526315789473684,3.2105263157894735,2.51188643150958,0.24589292876772345
1.0526315789473684,3.473684210526316,0.09999999999999999,0.18883601837964348
1.0526315789473684,3.473684210526316,0.11849068510006666,0.19846541886762198
1.0526315789473684,3.473684210526316,0.1404004245548316,0.20911085926983378
1.0526315789473684,3.473684210526316,0.16636142493842218,0.19617144570788195
1.0526315789473684,3.473684210526316,0.1971227921517696,0.20879940222983698
1.0526315789473684,3.473684210526316,0.23357214690901223,0.20698284574932893
1.0526315789473684,3.473684210526316,0.2767612370754227,0.22418715417798396
1.0526315789473684,3.473684210526316,0.32793628590208806,0.2306080395102878
1.0526315789473684,3.473684210526316,0.3885739518570975,0.25169191123888895
1.0526315789473684,3.473684210526316,0.460423937675878,0.25165497841926765
1.0526315789473684,3.473684210526316,0.5455594781168519,0.2601914349898062
1.0526315789473684,3.473684210526316,0.646437163249006,0.2525287557726321
1.0526315789473684,3.473684210526316,0.7659678234751834,0.26816604162262203
1.0526315789473684,3.473684210526316,0.907600521681814,0.27287934980967465
1.0526315789473684,3.473684210526316,1.0754220761125606,0.2786312025810828
1.0526315789473684,3.473684210526316,1.2742749857031335,0.27065106431291514
1.0526315789473684,3.473684210526316,1.5098971606184193,0.26946920593127627
1.0526315789473684,3.473684210526316,1.789087489923219,0.2575353127091803
1.0526315789473684,3.473684210526316,2.1199020238496082,0.25303082781444897
1.0526315789473684,3.473684210526316,2.51188643150958,0.24547721950248466
1.0526315789473684,3.7368421052631575,0.09999999999999999,0.17094456842555156
1.0526315789473684,3.7368421052631575,0.11849068510006666,0.1888466502907736
1.0526315789473684,3.7368421052631575,0.1404004245548316,0.20688873308980912
1.0526315789473684,3.7368421052631575,0.16636142493842218,0.18367263087927485
1.0526315789473684,3.7368421052631575,0.1971227921517696,0.1967475518180212
1.0526315789473684,3.7368421052631575,0.23357214690901223,0.21534618902525848
1.0526315789473684,3.7368421052631575,0.2767612370754227,0.21783628780801428
1.0526315789473684,3.7368421052631575,0.32793628590208806,0.23101397060901682
1.0526315789473684,3.7368421052631575,0.3885739518570975,0.2259419932690996
1.0526315789473684,3.7368421052631575,0.460423937675878,0.23908423687329164
1.0526315789473684,3.7368421052631575,0.5455594781168519,0.2512370081830209
1.0526315789473684,3.7368421052631575,0.646437163249006,0.25969506126030634
1.0526315789473684,3.7368421052631575,0.7659678234751834,0.2655805673299973
1.0526315789473684,3.7368421052631575,0.907600521681814,0.26859419583141303
1.0526315789473684,3.7368421052631575,1.0754220761125606,0.27617504553908373
1.0526315789473684,3.7368421052631575,1.2742749857031335,0.2776277557963413
1.0526315789473684,3.7368421052631575,1.5098971606184193,0.27355241106017664
1.0526315789473684,3.7368421052631575,1.789087489923219,0.25722934224851485
1.0526315789473684,3.7368421052631575,2.1199020238496082,0.2502015437914521
1.0526315789473684,3.7368421052631575,2.51188643150958,0.24447162866215566
1.0526315789473684,4.0,0.09999999999999999,0.18400025564566586
1.0526315789473684,4.0,0.11849068510006666,0.2086489688340991
1.0526315789473684,4.0,0.1404004245548316,0.21211509430631648
1.0526315789473684,4.0,0.16636142493842218,0.2111312265421512
1.0526315789473684,4.0,0.1971227921517696,0.2015225525527702
1.0526315789473684,4.0,0.23357214690901223,0.20748962436599025
1.0526315789473684,4.0,0.2767612370754227,0.21568728794245343
1.0526315789473684,4.0,0.32793628590208806,0.2288501735136076
1.0526315789473684,4.0,0.3885739518570975,0.23894232872746526
1.0526315789473684,4.0,0.460423937675878,0.23546652809749638
1.0526315789473684,4.0,0.5455594781168519,0.26105077435580826
1.0526315789473684,4.0,0.646437163249006,0.2513917755398106
1.0526315789473684,4.0,0.7659678234751834,0.2595946222345536
1.0526315789473684,4.0,0.907600521681814,0.2673953181908975
1.0526315789473684,4.0,1.0754220761125606,0.26405300505009155
1.0526315789473684,4.0,1.2742749857031335,0.2713761664125
1.0526315789473684,4.0,1.5098971606184193,0.26582710574206597
1.0526315789473684,4.0,1.789087489923219,0.2602295194278732
1.0526315789473684,4.0,2.1199020238496082,0.24982951432595907
1.0526315789473684,4.0,2.51188643150958,0.243646982507626
1.263157894736842,-1.0,0.09999999999999999,0.7139204945197355
1.263157894736842,-1.0,0.11849068510006666,0.7177715485364725
1.263157894736842,-1.0,0.1404004245548316,0.7030270660946638
1.263157894736842,-1.0,0.16636142493842218,0.6974962676621798
1.263157894736842,-1.0,0.1971227921517696,0.6950412741964465
1.263157894736842,-1.0,0.23357214690901223,0.6985878813103195
1.263157894736842,-1.0,0.2767612370754227,0.6659211401380546
1.263157894736842,-1.0,0.32793628590208806,0.6508754374241891
1.263157894736842,-1.0,0.3885739518570975,0.6170431023582191
1.263157894736842,-1.0,0.460423937675878,0.6002759141280831
1.263157894736842,-1.0,0.5455594781168519,0.5792519166501104
1.263157894736842,-1.0,0.646437163249006,0.5505688624393741
1.263157894736842,-1.0,0.7659678234751834,0.4995882135989358
1.263157894736842,-1.0,0.907600521681814,0.46284382861914547
1.263157894736842,-1.0,1.0754220761125606,0.421028381901009
1.263157894736842,-1.0,1.2742749857031335,0.38583975440508794
1.263157894736842,-1.0,1.5098971606184193,0.34486911860808434
1.263157894736842,-1.0,1.789087489923219,0.31542449305555414
1.263157894736842,-1.0,2.1199020238496082,0.28818078751191095
1.263157894736842,-1.0,2.51188643150958,0.26457817849559373
1.263157894736842,-0.736842105263158,0.09999999999999999,0.7189376640965994
1.263157894736842,-0.736842105263158,0.11849068510006666,0.6886684963008942
1.263157894736842,-0.736842105263158,0.1404004245548316,0.6941931451626622
1.263157894736842,-0.736842105263158,0.16636142493842218,0.7041085305910761
1.263157894736842,-0.736842105263158,0.1971227921517696,0.6888952923890487
1.263157894736842,-0.736842105263158,0.23357214690901223,0.6550144856699665
1.263157894736842,-0.736842105263158,0.2767612370754227,0.6621171824592202
1.263157894736842,-0.736842105263158,0.32793628590208806,0.651113750634418
1.263157894736842,-0.736842105263158,0.3885739518570975,0.625069893804042
1.263157894736842,-0.736842105263158,0.460423937675878,0.6010985662361368
1.263157894736842,-0.736842105263158,0.5455594781168519,0.5792303570448776
1.263157894736842,-0.736842105263158,0.646437163249006,0.5388965160936552
1.263157894736842,-0.736842105263158,0.7659678234751834,0.5066857061126485
1.263157894736842,-0.736842105263158,0.907600521681814,0.45959211114405557
1.263157894736842,-0.736842105263158,1.0754220761125606,0.4189287839702628
1.263157894736842,-0.736842105263158,1.2742749857031335,0.3864772490318768
1.263157894736842,-0.736842105263158,1.5098971606184193,0.34660676143076735
1.263157894736842,-0.736842105263158,1.789087489923219,0.31518108987026155
1.263157894736842,-0.736842105263158,2.1199020238496082,0.2897252812617454
1.263157894736842,-0.736842105263158,2.51188643150958,0.2640301505557583
1.263157894736842,-0.4736842105263158,0.09999999999999999,0.698338363603211
1.263157894736842,-0.4736842105263158,0.11849068510006666,0.6884507178920991
1.263157894736842,-0.4736842105263158,0.1404004245548316,0.6889828955476329
1.263157894736842,-0.4736842105263158,0.16636142493842218,0.6962143700888773
1.263157894736842,-0.4736842105263158,0.1971227921517696,0.6803623669329375
1.263157894736842,-0.4736842105263158,0.23357214690901223,0.6607769832522871
1.263157894736842,-0.4736842105263158,0.2767612370754227,0.6626053217747332
1.263157894736842,-0.4736842105263158,0.32793628590208806,0.6366026579442731
1.263157894736842,-0.4736842105263158,0.3885739518570975,0.6227116521618528
1.263157894736842,-0.4736842105263158,0.460423937675878,0.5994807892881264
1.263157894736842,-0.4736842105263158,0.5455594781168519,0.5807281532667424
1.263157894736842,-0.4736842105263158,0.646437163249006,0.5426172320259112
1.263157894736842,-0.4736842105263158,0.7659678234751834,0.5000237829937473
1.263157894736842,-0.4736842105263158,0.907600521681814,0.46422258429190927
1.263157894736842,-0.4736842105263158,1.0754220761125606,0.4227710594311628
1.263157894736842,-0.4736842105263158,1.2742749857031335,0.3817309973152911
1.263157894736842,-0.4736842105263158,1.5098971606184193,0.34586907855131865
1.263157894736842,-0.4736842105263158,1.789087489923219,0.31326668687844395
1.263157894736842,-0.4736842105263158,2.1199020238496082,0.28733143851393894
1.263157894736842,-0.4736842105263158,2.51188643150958,0.26426049135694263
1.263157894736842,-0.21052631578947367,0.09999999999999999,0.7067026018473264
1.263157894736842,-0.21052631578947367,0.11849068510006666,0.7007457691512528
1.263157894736842,-0.21052631578947367,0.1404004245548316,0.7006881380178324
1.263157894736842,-0.21052631578947367,0.16636142493842218,0.6807828777738708
1.263157894736842,-0.21052631578947367,0.1971227921517696,0.6630720521372659
1.263157894736842,-0.21052631578947367,0.23357214690901223,0.6848831224324249
1.263157894736842,-0.21052631578947367,0.2767612370754227,0.6551495756742514
1.263157894736842,-0.21052631578947367,0.32793628590208806,0.643260167469344
1.263157894736842,-0.21052631578947367,0.3885739518570975,0.6208089982536398
1.263157894736842,-0.21052631578947367,0.460423937675878,0.595150427187989
1.263157894736842,-0.21052631578947367,0.5455594781168519,0.5693827785114447
1.263157894736842,-0.21052631578947367,0.646437163249006,0.5455548898388507
1.263157894736842,-0.21052631578947367,0.7659678234751834,0.49652835742324236
1.263157894736842,-0.21052631578947367,0.907600521681814,0.46895614872794156
1.263157894736842,-0.21052631578947367,1.0754220761125606,0.4199338629565847
1.263157894736842,-0.21052631578947367,1.2742749857031335,0.38497429521207005
1.263157894736842,-0.21052631578947367,1.5098971606184193,0.34582938007985226
1.263157894736842,-0.21052631578947367,1.789087489923219,0.3137612842806453
1.263157894736842,-0.21052631578947367,2.1199020238496082,0.28701120512448697
1.263157894736842,-0.21052631578947367,2.51188643150958,0.2640345618099595
1.263157894736842,0.05263157894736836,0.09999999999999999,0.688400313516548
1.263157894736842,0.05263157894736836,0.11849068510006666,0.6835790961914733
1.263157894736842,0.05263157894736836,0.1404004245548316,0.6916670033284612
1.263157894736842,0.05263157894736836,0.16636142493842218,0.6721277336173561
1.263157894736842,0.05263157894736836,0.1971227921517696,0.6806367310703791
1.263157894736842,0.05263157894736836,0.23357214690901223,0.6818187104188046
1.263157894736842,0.05263157894736836,0.2767612370754227,0.6535587473523198
1.263157894736842,0.05263157894736836,0.32793628590208806,0.6437331925125652
1.263157894736842,0.05263157894736836,0.3885739518570975,0.6291918600119958
1.263157894736842,0.05263157894736836,0.460423937675878,0.5922889775255311
1.263157894736842,0.05263157894736836,0.5455594781168519,0.5701215536959092
1.263157894736842,0.05263157894736836,0.646437163249006,0.5277360285496954
1.263157894736842,0.05263157894736836,0.7659678234751834,0.499838411712515
1.263157894736842,0.05263157894736836,0.907600521681814,0.4600529156290472
1.263157894736842,0.05263157894736836,1.0754220761125606,0.4230606308554141
1.263157894736842,0.05263157894736836,1.2742749857031335,0.38227704176701266
1.263157894736842,0.05263157894736836,1.5098971606184193,0.3466082741733113
1.263157894736842,0.05263157894736836,1.789087489923219,0.3147528057832039
1.263157894736842,0.05263157894736836,2.1199020238496082,0.28768702180344335
1.263157894736842,0.05263157894736836,2.51188643150958,0.2665019098787397
1.263157894736842,0.3157894736842104,0.09999999999999999,0.6923705178276004
1.263157894736842,0.3157894736842104,0.11849068510006666,0.6568175128845242
1.263157894736842,0.3157894736842104,0.1404004245548316,0.7078654780248166
1.263157894736842,0.3157894736842104,0.16636142493842218,0.6841973148575139
1.263157894736842,0.3157894736842104,0.1971227921517696,0.6854131210521617
1.263157894736842,0.3157894736842104,0.23357214690901223,0.6564389324456215
1.263157894736842,0.3157894736842104,0.2767612370754227,0.6466499150545119
1.263157894736842,0.3157894736842104,0.32793628590208806,0.6306743670866276
1.263157894736842,0.3157894736842104,0.3885739518570975,0.6184130437772347
1.263157894736842,0.3157894736842104,0.460423937675878,0.5916102341379144
1.263157894736842,0.3157894736842104,0.5455594781168519,0.5653249775681956
1.263157894736842,0.3157894736842104,0.646437163249006,0.5346638905112889
1.263157894736842,0.3157894736842104,0.7659678234751834,0.5027770144442992
1.263157894736842,0.3157894736842104,0.907600521681814,0.46153098820013677
1.263157894736842,0.3157894736842104,1.0754220761125606,0.42036300017838785
1.263157894736842,0.3157894736842104,1.2742749857031335,0.38280496905890987
1.263157894736842,0.3157894736842104,1.5098971606184193,0.3459532320739149
1.263157894736842,0.3157894736842104,1.789087489923219,0.3152877167824974
1.263157894736842,0.3157894736842104,2.1199020238496082,0.28899326841782114
1.263157894736842,0.3157894736842104,2.51188643150958,0.26529086450182227
1.263157894736842,0.5789473684210527,0.09999999999999999,0.6533478747319834
1.263157894736842,0.5789473684210527,0.11849068510006666,0.6514977185663225
1.263157894736842,0.5789473684210527,0.1404004245548316,0.6688089372578108
1.263157894736842,0.5789473684210527,0.16636142493842218,0.6681038735340963
1.263157894736842,0.5789473684210527,0.1971227921517696,0.6443256725348812
1.263157894736842,0.5789473684210527,0.23357214690901223,0.645385772796141
1.263157894736842,0.5789473684210527,0.2767612370754227,0.6425270380699964
1.263157894736842,0.5789473684210527,0.32793628590208806,0.6045699620712617
1.263157894736842,0.5789473684210527,0.3885739518570975,0.6045794736626487
1.263157894736842,0.5789473684210527,0.460423937675878,0.5723848530121735
1.263157894736842,0.5789473684210527,0.5455594781168519,0.5492609064834744
1.263157894736842,0.5789473684210527,0.646437163249006,0.5160024148337258
1.263157894736842,0.5789473684210527,0.7659678234751834,0.5033239260938231
1.263157894736842,0.5789473684210527,0.907600521681814,0.4629281638021199
1.263157894736842,0.5789473684210527,1.0754220761125606,0.42024482968134064
1.263157894736842,0.5789473684210527,1.2742749857031335,0.376520038377511
1.263157894736842,0.5789473684210527,1.5098971606184193,0.3483702607574722
1.263157894736842,0.5789473684210527,1.789087489923219,0.3159660044095339
1.263157894736842,0.5789473684210527,2.1199020238496082,0.28898358587480816
1.263157894736842,0.5789473684210527,2.51188643150958,0.26688464383142785
1.263157894736842,0.8421052631578947,0.09999999999999999,0.5865342023980074
1.263157894736842,0.8421052631578947,0.11849068510006666,0.6083376193756759
1.263157894736842,0.8421052631578947,0.1404004245548316,0.6004805466965825
1.263157894736842,0.8421052631578947,0.16636142493842218,0.5952024267087455
1.263157894736842,0.8421052631578947,0.1971227921517696,0.5612251374005935
1.263157894736842,0.8421052631578947,0.23357214690901223,0.5872634047272701
1.263157894736842,0.8421052631578947,0.2767612370754227,0.5862830656023288
1.263157894736842,0.8421052631578947,0.32793628590208806,0.5664569638046205
1.263157894736842,0.8421052631578947,0.3885739518570975,0.5571780165312396
1.263157894736842,0.8421052631578947,0.460423937675878,0.5343158750501631
1.263157894736842,0.8421052631578947,0.5455594781168519,0.5162172978613557
1.263157894736842,0.8421052631578947,0.646437163249006,0.5067486513781153
1.263157894736842,0.8421052631578947,0.7659678234751834,0.4677344620763568
1.263157894736842,0.8421052631578947,0.907600521681814,0.43416827798281415
1.263157894736842,0.8421052631578947,1.0754220761125606,0.4090968997790777
1.263157894736842,0.8421052631578947,1.2742749857031335,0.3768229856782439
1.263157894736842,0.8421052631578947,1.5098971606184193,0.34496351156129385
1.263157894736842,0.8421052631578947,1.789087489923219,0.3167247447083628
1.263157894736842,0.8421052631578947,2.1199020238496082,0.2900680892639456
1.263157894736842,0.8421052631578947,2.51188643150958,0.2683861929844842
1.263157894736842,1.1052631578947367,0.09999999999999999,0.4872402352840308
1.263157894736842,1.1052631578947367,0.11849068510006666,0.48004606015308465
1.263157894736842,1.1052631578947367,0.1404004245548316,0.47412230608970274
1.263157894736842,1.1052631578947367,0.16636142493842218,0.4832358954651854
1.263157894736842,1.1052631578947367,0.1971227921517696,0.46675928566702857
1.263157894736842,1.1052631578947367,0.23357214690901223,0.47246389103820724
1.263157894736842,1.1052631578947367,0.2767612370754227,0.4833597695536407
1.263157894736842,1.1052631578947367,0.32793628590208806,0.47972442331359977
1.263157894736842,1.1052631578947367,0.3885739518570975,0.4776996561089694
1.263157894736842,1.1052631578947367,0.460423937675878,0.48036619343047987
1.263157894736842,1.1052631578947367,0.5455594781168519,0.4641225735575759
1.263157894736842,1.1052631578947367,0.646437163249006,0.4499637222073635
1.263157894736842,1.1052631578947367,0.7659678234751834,0.42591907267337414
1.263157894736842,1.1052631578947367,0.907600521681814,0.4117584480289726
1.263157894736842,1.1052631578947367,1.0754220761125606,0.3918568450844362
1.263157894736842,1.1052631578947367,1.2742749857031335,0.3678180717356381
1.263157894736842,1.1052631578947367,1.5098971606184193,0.3384406952998823
1.263157894736842,1.1052631578947367,1.789087489923219,0.3140152610409592
1.263157894736842,1.1052631578947367,2.1199020238496082,0.2899004020815509
1.263157894736842,1.1052631578947367,2.51188643150958,0.2708124087199764
1.263157894736842,1.3684210526315788,0.09999999999999999,0.31986023053378937
1.263157894736842,1.3684210526315788,0.11849068510006666,0.3197577570754358
1.263157894736842,1.3684210526315788,0.1404004245548316,0.31091390398814245
1.263157894736842,1.3684210526315788,0.16636142493842218,0.3275372895065629
1.263157894736842,1.3684210526315788,0.1971227921517696,0.34906683177457404
1.263157894736842,1.3684210526315788,0.23357214690901223,0.3475130969208478
1.263157894736842,1.3684210526315788,0.2767612370754227,0.37235126320805984
1.263157894736842,1.3684210526315788,0.32793628590208806,0.36174079013337895
1.263157894736842,1.3684210526315788,0.3885739518570975,0.3835984817267421
1.263157894736842,1.3684210526315788,0.460423937675878,0.3642869283837192
1.263157894736842,1.3684210526315788,0.5455594781168519,0.37689993571899566
1.263157894736842,1.3684210526315788,0.646437163249006,0.39682169895432057
1.263157894736842,1.3684210526315788,0.7659678234751834,0.38227699495844925
1.263157894736842,1.3684210526315788,0.907600521681814,0.3704325953311058
1.263157894736842,1.3684210526315788,1.0754220761125606,0.3589895526663837
1.263157894736842,1.3684210526315788,1.2742749857031335,0.3489707791409593
1.263157894736842,1.3684210526315788,1.5098971606184193,0.32614037952319097
1.263157894736842,1.3684210526315788,1.789087489923219,0.3079036201811133
1.263157894736842,1.3684210526315788,2.1199020238496082,0.2886302550346515
1.263157894736842,1.3684210526315788,2.51188643150958,0.27056382220700664
1.263157894736842,1.6315789473684208,0.09999999999999999,0.2884231232894625
1.263157894736842,1.6315789473684208,0.11849068510006666,0.2741891252362501
1.263157894736842,1.6315789473684208,0.1404004245548316,0.26016499622785266
1.263157894736842,1.6315789473684208,0.16636142493842218,0.29153263805574514
1.263157894736842,1.6315789473684208,0.1971227921517696,0.2820945332251774
1.263157894736842,1.6315789473684208,0.23357214690901223,0.2938945098372941
1.263157894736842,1.6315789473684208,0.2767612370754227,0.3165312437593704
1.263157894736842,1.6315789473684208,0.32793628590208806,0.3309996322954969
1.263157894736842,1.6315789473684208,0.3885739518570975,0.31146310901111074
1.263157894736842,1.6315789473684208,0.460423937675878,0.31539431385128036
1.263157894736842,1.6315789473684208,0.5455594781168519,0.32859643181751064
1.263157894736842,1.6315789473684208,0.646437163249006,0.3445600522887243
1.263157894736842,1.6315789473684208,0.7659678234751834,0.34235168752345246
1.263157894736842,1.6315789473684208,0.907600521681814,0.344399979432378
1.263157894736842,1.6315789473684208,1.0754220761125606,0.33738357077288234
1.263157894736842,1.6315789473684208,1.2742749857031335,0.3273880269436855
1.263157894736842,1.6315789473684208,1.5098971606184193,0.31430406401627187
1.263157894736842,1.6315789473684208,1.789087489923219,0.29510720861565026
1.263157894736842,1.6315789473684208,2.1199020238496082,0.28190318984757057
1.263157894736842,1.6315789473684208,2.51188643150958,0.26415329525281694
1.263157894736842,1.8947368421052628,0.09999999999999999,0.23423111860485352
1.263157894736842,1.8947368421052628,0.11849068510006666,0.2620277221680066
1.263157894736842,1.8947368421052628,0.1404004245548316,0.26525777251237387
1.263157894736842,1.8947368421052628,0.16636142493842218,0.28165049541472753
1.263157894736842,1.8947368421052628,0.1971227921517696,0.28760952537966467
1.263157894736842,1.8947368421052628,0.23357214690901223,0.28916630772177254
1.263157894736842,1.8947368421052628,0.2767612370754227,0.29496080594153706
1.263157894736842,1.8947368421052628,0.32793628590208806,0.29539258010672365
1.263157894736842,1.8947368421052628,0.3885739518570975,0.3029827335365965
1.263157894736842,1.8947368421052628,0.460423937675878,0.3119672229282389
1.263157894736842,1.8947368421052628,0.5455594781168519,0.3249132548009018
1.263157894736842,1.8947368421052628,0.646437163249006,0.31725142182288174
1.263157894736842,1.8947368421052628,0.7659678234751834,0.3285754258649187
1.263157894736842,1.8947368421052628,0.907600521681814,0.3336776230517502
1.263157894736842,1.8947368421052628,1.0754220761125606,0.32660779996391465
1.263157894736842,1.8947368421052628,1.2742749857031335,0.31158982380473904
1.263157894736842,1.8947368421052628,1.5098971606184193,0.3023085669280691
1.263157894736842,1.8947368421052628,1.789087489923219,0.2900061636517305
1.263157894736842,1.8947368421052628,2.1199020238496082,0.27314797399286134
1.263157894736842,1.8947368421052628,2.51188643150958,0.26146168789098573
1.263157894736842,2.1578947368421053,0.09999999999999999,0.25382137693982304
1.263157894736842,2.1578947368421053,0.11849068510006666,0.24869581458676768
1.263157894736842,2.1578947368421053,0.1404004245548316,0.24849739242789162
1.263157894736842,2.1578947368421053,0.16636142493842218,0.2544904267080823
1.263157894736842,2.1578947368421053,0.1971227921517696,0.2567725938864371
1.263157894736842,2.1578947368421053,0.23357214690901223,0.23465565323294493
1.263157894736842,2.1578947368421053,0.2767612370754227,0.2766244945509814
1.263157894736842,2.1578947368421053,0.32793628590208806,0.2739217719777084
1.263157894736842,2.1578947368421053,0.3885739518570975,0.29976937975853274
1.263157894736842,2.1578947368421053,0.460423937675878,0.2931009118919197
1.263157894736842,2.1578947368421053,0.5455594781168519,0.30983245389343034
1.263157894736842,2.1578947368421053,0.646437163249006,0.30670402212457676
1.263157894736842,2.1578947368421053,0.7659678234751834,0.3133883993724514
1.263157894736842,2.1578947368421053,0.907600521681814,0.3136042832340343
1.263157894736842,2.1578947368421053,1.0754220761125606,0.3151250219844177
1.263157894736842,2.1578947368421053,1.2742749857031335,0.3122304100121768
1.263157894736842,2.1578947368421053,1.5098971606184193,0.2911057153191839
1.263157894736842,2.1578947368421053,1.789087489923219,0.2819120656237223
1.263157894736842,2.1578947368421053,2.1199020238496082,0.26544261776165046
1.263157894736842,2.1578947368421053,2.51188643150958,0.2567567859298635
1.263157894736842,2.4210526315789473,0.09999999999999999,0.2440789707477946
1.263157894736842,2.4210526315789473,0.11849068510006666,0.23616776665111303
1.263157894736842,2.4210526315789473,0.1404004245548316,0.2518273909766888
1.263157894736842,2.4210526315789473,0.16636142493842218,0.26641281061657596
1.263157894736842,2.4210526315789473,0.1971227921517696,0.24713702843155944
1.263157894736842,2.4210526315789473,0.23357214690901223,0.2515487515415075
1.263157894736842,2.4210526315789473,0.2767612370754227,0.2696290077250523
1.263157894736842,2.4210526315789473,0.32793628590208806,0.2661511382321994
1.263157894736842,2.4210526315789473,0.3885739518570975,0.28753995328862136
1.263157894736842,2.4210526315789473,0.460423937675878,0.28771740221216446
1.263157894736842,2.4210526315789473,0.5455594781168519,0.2798019056896263
1.263157894736842,2.4210526315789473,0.646437163249006,0.2918950693689976
1.263157894736842,2.4210526315789473,0.7659678234751834,0.30645199637342796
1.263157894736842,2.4210526315789473,0.907600521681814,0.3206685271234946
1.263157894736842,2.4210526315789473,1.0754220761125606,0.30663709591540267
1.263157894736842,2.4210526315789473,1.2742749857031335,0.2996626988422231
1.263157894736842,2.4210526315789473,1.5098971606184193,0.28915841626294164
1.263157894736842,2.4210526315789473,1.789087489923219,0.27375252882013784
1.263157894736842,2.4210526315789473,2.1199020238496082,0.2643314400683612
1.263157894736842,2.4210526315789473,2.51188643150958,0.2518107022068061
1.263157894736842,2.6842105263157894,0.09999999999999999,0.230617687066145
1.263157894736842,2.6842105263157894,0.11849068510006666,0.23488903146898657
1.263157894736842,2.6842105263157894,0.1404004245548316,0.21970394532122975
1.263157894736842,2.6842105263157894,0.16636142493842218,0.23501880431790742
1.263157894736842,2.6842105263157894,0.1971227921517696,0.2550499094706441
1.263157894736842,2.6842105263157894,0.23357214690901223,0.2526893514255056
1.263157894736842,2.6842105263157894,0.2767612370754227,0.26033233897339464
1.263157894736842,2.6842105263157894,0.32793628590208806,0.2638172861713233
1.263157894736842,2.6842105263157894,0.3885739518570975,0.2740827425228879
1.263157894736842,2.6842105263157894,0.460423937675878,0.28731723621266103
1.263157894736842,2.6842105263157894,0.5455594781168519,0.2756955050232034
1.263157894736842,2.6842105263157894,0.646437163249006,0.2849925563450765
1.263157894736842,2.6842105263157894,0.7659678234751834,0.293524599107469
1.263157894736842,2.6842105263157894,0.907600521681814,0.2920267443174132
1.263157894736842,2.6842105263157894,1.0754220761125606,0.29467458084456705
1.263157894736842,2.6842105263157894,1.2742749857031335,0.28804658950827405
1.263157894736842,2.6842105263157894,1.5098971606184193,0.2799400816238338
1.263157894736842,2.6842105263157894,1.789087489923219,0.271253527612338
1.263157894736842,2.6842105263157894,2.1199020238496082,0.25953533986924293
1.263157894736842,2.6842105263157894,2.51188643150958,0.24828523375966038
1.263157894736842,2.9473684210526314,0.09999999999999999,0.20210454650155607
1.263157894736842,2.9473684210526314,0.11849068510006666,0.20706695890403773
1.263157894736842,2.9473684210526314,0.1404004245548316,0.21021450496035668
1.263157894736842,2.9473684210526314,0.16636142493842218,0.2420695429690467
1.263157894736842,2.9473684210526314,0.1971227921517696,0.2189244451098896
1.263157894736842,2.9473684210526314,0.23357214690901223,0.24463975212345013
1.263157894736842,2.9473684210526314,0.2767612370754227,0.23960772080010886
1.263157894736842,2.9473684210526314,0.32793628590208806,0.2479097359596591
1.263157894736842,2.9473684210526314,0.3885739518570975,0.2604445225431677
1.263157894736842,2.9473684210526314,0.460423937675878,0.2740275175970819
1.263157894736842,2.9473684210526314,0.5455594781168519,0.26908360038300083
1.263157894736842,2.9473684210526314,0.646437163249006,0.2755655166219473
1.263157894736842,2.9473684210526314,0.7659678234751834,0.28793339048922145
1.263157894736842,2.9473684210526314,0.907600521681814,0.28688677706217397
1.263157894736842,2.9473684210526314,1.0754220761125606,0.28529031972700475
1.263157894736842,2.9473684210526314,1.2742749857031335,0.2841347553410237
1.263157894736842,2.9473684210526314,1.5098971606184193,0.27696158479025895
1.263157894736842,2.9473684210526314,1.789087489923219,0.2689227776941415
1.263157894736842,2.9473684210526314,2.1199020238496082,0.2607948519288998
1.263157894736842,2.9473684210526314,2.51188643150958,0.2481672398067236
1.263157894736842,3.2105263157894735,0.09999999999999999,0.23372227436906715
1.263157894736842,3.2105263157894735,0.11849068510006666,0.1987504886957305
1.263157894736842,3.2105263157894735,0.1404004245548316,0.21500273377918316
1.263157894736842,3.2105263157894735,0.16636142493842218,0.23750012570167753
1.263157894736842,3.2105263157894735,0.1971227921517696,0.21665966443247808
1.263157894736842,3.2105263157894735,0.23357214690901223,0.22560557352597385
1.263157894736842,3.2105263157894735,0.2767612370754227,0.25018399214003667
1.263157894736842,3.2105263157894735,0.32793628590208806,0.24347277233539907
1.263157894736842,3.2105263157894735,0.3885739518570975,0.25595730260956595
1.263157894736842,3.2105263157894735,0.460423937675878,0.2542550990739531
1.263157894736842,3.2105263157894735,0.5455594781168519,0.2708329015186246
1.263157894736842,3.2105263157894735,0.646437163249006,0.2660291647920552
1.263157894736842,3.2105263157894735,0.7659678234751834,0.28097204821113286
1.263157894736842,3.2105263157894735,0.907600521681814,0.2787132364825397
1.263157894736842,3.2105263157894735,1.0754220761125606,0.2795970676648368
1.263157894736842,3.2105263157894735,1.2742749857031335,0.2745801386347393
1.263157894736842,3.2105263157894735,1.5098971606184193,0.2706494910496111
1.263157894736842,3.2105263157894735,1.789087489923219,0.26398359147406936
1.263157894736842,3.2105263157894735,2.1199020238496082,0.2563313064377117
1.263157894736842,3.2105263157894735,2.51188643150958,0.24622007445877866
1.263157894736842,3.473684210526316,0.09999999999999999,0.18850107748250683
1.263157894736842,3.473684210526316,0.11849068510006666,0.1900548331800202
1.263157894736842,3.473684210526316,0.1404004245548316,0.21692869448973925
1.263157894736842,3.473684210526316,0.16636142493842218,0.19879136593594665
1.263157894736842,3.473684210526316,0.1971227921517696,0.21739315174321144
1.263157894736842,3.473684210526316,0.23357214690901223,0.2259143014846475
1.263157894736842,3.473684210526316,0.2767612370754227,0.2390227438282506
1.263157894736842,3.473684210526316,0.32793628590208806,0.24140853432807813
1.263157894736842,3.473684210526316,0.3885739518570975,0.2531972913994902
1.263157894736842,3.473684210526316,0.460423937675878,0.25481706651626573
1.263157894736842,3.473684210526316,0.5455594781168519,0.2601159281744708
1.263157894736842,3.473684210526316,0.646437163249006,0.2589023396947288
1.263157894736842,3.473684210526316,0.7659678234751834,0.2780105116337085
1.263157894736842,3.473684210526316,0.907600521681814,0.2876352165532314
1.263157894736842,3.473684210526316,1.0754220761125606,0.28401114288348533
1.263157894736842,3.473684210526316,1.2742749857031335,0.2753024069571247
1.263157894736842,3.473684210526316,1.5098971606184193,0.26896595531430045
1.263157894736842,3.473684210526316,1.789087489923219,0.2605060619700538
1.263157894736842,3.473684210526316,2.1199020238496082,0.2530733604061007
1.263157894736842,3.473684210526316,2.51188643150958,0.24628292164682747
1.263157894736842,3.7368421052631575,0.09999999999999999,0.20823891342643605
1.263157894736842,3.7368421052631575,0.11849068510006666,0.2055487868960191
1.263157894736842,3.7368421052631575,0.1404004245548316,0.2004389710392359
1.263157894736842,3.7368421052631575,0.16636142493842218,0.21912663370698887
1.263157894736842,3.7368421052631575,0.1971227921517696,0.2096232821187259
1.263157894736842,3.7368421052631575,0.23357214690901223,0.22342711172875546
1.263157894736842,3.7368421052631575,0.2767612370754227,0.2262451742625085
1.263157894736842,3.7368421052631575,0.32793628590208806,0.2314554205328237
1.263157894736842,3.7368421052631575,0.3885739518570975,0.23443001243467584
1.263157894736842,3.7368421052631575,0.460423937675878,0.25029782878835777
1.263157894736842,3.7368421052631575,0.5455594781168519,0.2625782458693927
1.263157894736842,3.7368421052631575,0.646437163249006,0.2665520651537976
1.263157894736842,3.7368421052631575,0.7659678234751834,0.2700552794850234
1.263157894736842,3.7368421052631575,0.907600521681814,0.27203018910819826
1.263157894736842,3.7368421052631575,1.0754220761125606,0.2752015453289984
1.263157894736842,3.7368421052631575,1.2742749857031335,0.27015861548573467
1.263157894736842,3.7368421052631575,1.5098971606184193,0.2641282484003266
1.263157894736842,3.7368421052631575,1.789087489923219,0.26290160735253953
1.263157894736842,3.7368421052631575,2.1199020238496082,0.2550528230909414
1.263157894736842,3.7368421052631575,2.51188643150958,0.24427474585366193
1.263157894736842,4.0,0.09999999999999999,0.19271142973089866
1.263157894736842,4.0,0.11849068510006666,0.19554746765804865
1.263157894736842,4.0,0.1404004245548316,0.19279486297131554
1.263157894736842,4.0,0.16636142493842218,0.21243011134002193
1.263157894736842,4.0,0.1971227921517696,0.20535774863250694
1.263157894736842,4.0,0.23357214690901223,0.21120610829073552
1.263157894736842,4.0,0.2767612370754227,0.20574052299116505
1.263157894736842,4.0,0.32793628590208806,0.22667793895048818
1.263157894736842,4.0,0.3885739518570975,0.24309529652258724
1.263157894736842,4.0,0.460423937675878,0.26031206316493183
1.263157894736842,4.0,0.5455594781168519,0.25554195034923344
1.263157894736842,4.0,0.646437163249006,0.2624837734647805
1.263157894736842,4.0,0.7659678234751834,0.26819929523499075
1.263157894736842,4.0,0.907600521681814,0.26393572933853127
1.263157894736842,4.0,1.0754220761125606,0.27336873429240305
1.263157894736842,4.0,1.2742749857031335,0.27415793159134266
1.263157894736842,4.0,1.5098971606184193,0.26814594515704127
1.263157894736842,4.0,1.789087489923219,0.25908058147120355
1.263157894736842,4.0,2.1199020238496082,0.2505876424286033
1.263157894736842,4.0,2.51188643150958,0.24293379813212648
1.4736842105263157,-1.0,0.09999999999999999,0.7031500096902826
1.4736842105263157,-1.0,0.11849068510006666,0.696555222412302
1.4736842105263157,-1.0,0.1404004245548316,0.6702027354466498
1.4736842105263157,-1.0,0.16636142493842218,0.6910522140902573
1.4736842105263157,-1.0,0.1971227921517696,0.6831657893330912
1.4736842105263157,-1.0,0.23357214690901223,0.6885466746766766
1.4736842105263157,-1.0,0.2767612370754227,0.6738327773143524
1.4736842105263157,-1.0,0.32793628590208806,0.6506214837621509
1.4736842105263157,-1.0,0.3885739518570975,0.6280934181473994
1.4736842105263157,-1.0,0.460423937675878,0.59898790830377
1.4736842105263157,-1.0,0.5455594781168519,0.5773406933001871
1.4736842105263157,-1.0,0.646437163249006,0.548929705216091
1.4736842105263157,-1.0,0.7659678234751834,0.5108777998177928
1.4736842105263157,-1.0,0.907600521681814,0.462956624711193
1.4736842105263157,-1.0,1.0754220761125606,0.4275343941149572
1.4736842105263157,-1.0,1.2742749857031335,0.3825215822718049
1.4736842105263157,-1.0,1.5098971606184193,0.34612887592321845
1.4736842105263157,-1.0,1.789087489923219,0.314023314344217
1.4736842105263157,-1.0,2.1199020238496082,0.28559700210664724
1.4736842105263157,-1.0,2.51188643150958,0.2645278429415179
1.4736842105263157,-0.736842105263158,0.09999999999999999,0.6976447117151222
1.4736842105263157,-0.736842105263158,0.11849068510006666,0.7079555173600403
1.4736842105263157,-0.736842105263158,0.1404004245548316,0.6922334342024644
1.4736842105263157,-0.736842105263158,0.16636142493842218,0.6886163513150217
1.4736842105263157,-0.736842105263158,0.1971227921517696,0.6817354893392871
1.4736842105263157,-0.736842105263158,0.23357214690901223,0.6660271569488455
1.4736842105263157,-0.736842105263158,0.2767612370754227,0.6678240177649557
1.4736842105263157,-0.736842105263158,0.32793628590208806,0.65816344365097
1.4736842105263157,-0.736842105263158,0.3885739518570975,0.6261031579676535
1.4736842105263157,-0.736842105263158,0.460423937675878,0.6141477743358945
1.4736842105263157,-0.736842105263158,0.5455594781168519,0.576095834585586
1.4736842105263157,-0.736842105263158,0.646437163249006,0.539374189994911
1.4736842105263157,-0.736842105263158,0.7659678234751834,0.5073162705881946
1.4736842105263157,-0.736842105263158,0.907600521681814,0.45874257731395807
1.4736842105263157,-0.736842105263158,1.0754220761125606,0.42060259362399693
1.4736842105263157,-0.736842105263158,1.2742749857031335,0.38448069384215827
1.4736842105263157,-0.736842105263158,1.5098971606184193,0.3465055041052453
1.4736842105263157,-0.736842105263158,1.789087489923219,0.31395958283507097
1.4736842105263157,-0.736842105263158,2.1199020238496082,0.2864861803167449
1.4736842105263157,-0.736842105263158,2.51188643150958,0.2644447736393737
1.4736842105263157,-0.4736842105263158,0.09999999999999999,0.6983234951149149
1.4736842105263157,-0.4736842105263158,0.11849068510006666,0.708003896981461
1.4736842105263157,-0.4736842105263158,0.1404004245548316,0.6991826840951415
1.4736842105263157,-0.4736842105263158,0.16636142493842218,0.6895131902851553
1.4736842105263157,-0.4736842105263158,0.1971227921517696,0.6969318303819365
1.4736842105263157,-0.4736842105263158,0.23357214690901223,0.6608267508689014
1.4736842105263157,-0.4736842105263158,0.2767612370754227,0.6761983349379778
1.4736842105263157,-0.4736842105263158,0.32793628590208806,0.6594906204985257
1.4736842105263157,-0.4736842105263158,0.3885739518570975,0.6181413431588092
1.4736842105263157,-0.4736842105263158,0.460423937675878,0.6106645827360736
1.4736842105263157,-0.4736842105263158,0.5455594781168519,0.5678924851806932
1.4736842105263157,-0.4736842105263158,0.646437163249006,0.5374469318402995
1.4736842105263157,-0.4736842105263158,0.7659678234751834,0.5006268843419254
1.4736842105263157,-0.4736842105263158,0.907600521681814,0.4630633669091799
1.4736842105263157,-0.4736842105263158,1.0754220761125606,0.4206569500628409
1.4736842105263157,-0.4736842105263158,1.2742749857031335,0.3814866408800572
1.4736842105263157,-0.4736842105263158,1.5098971606184193,0.34359748186473277
1.4736842105263157,-0.4736842105263158,1.789087489923219,0.31455311520808493
1.4736842105263157,-0.4736842105263158,2.1199020238496082,0.28459764543940663
1.4736842105263157,-0.4736842105263158,2.51188643150958,0.26331244074924837
1.4736842105263157,-0.21052631578947367,0.09999999999999999,0.7028239475266376
1.4736842105263157,-0.21052631578947367,0.11849068510006666,0.6904512632591367
1.4736842105263157,-0.21052631578947367,0.1404004245548316,0.704568870513292
1.4736842105263157,-0.21052631578947367,0.16636142493842218,0.6876733007670555
1.4736842105263157,-0.21052631578947367,0.1971227921517696,0.6810973451672157
1.4736842105263157,-0.21052631578947367,0.23357214690901223,0.6676889540459446
1.4736842105263157,-0.21052631578947367,0.2767612370754227,0.6675170198593683
1.4736842105263157,-0.21052631578947367,0.32793628590208806,0.6387613204188551
1.4736842105263157,-0.21052631578947367,0.3885739518570975,0.6346666920724109
1.4736842105263157,-0.21052631578947367,0.460423937675878,0.6092548964601544
1.4736842105263157,-0.21052631578947367,0.5455594781168519,0.5709720556481693
1.4736842105263157,-0.21052631578947367,0.646437163249006,0.5390715970408073
1.4736842105263157,-0.21052631578947367,0.7659678234751834,0.5042837084557038
1.4736842105263157,-0.21052631578947367,0.907600521681814,0.4601291904081436
1.4736842105263157,-0.21052631578947367,1.0754220761125606,0.4186162364718293
1.4736842105263157,-0.21052631578947367,1.2742749857031335,0.3816126806464386
1.4736842105263157,-0.21052631578947367,1.5098971606184193,0.3474658158077329
1.4736842105263157,-0.21052631578947367,1.789087489923219,0.31318081571223233
1.4736842105263157,-0.21052631578947367,2.1199020238496082,0.2855865146599053
1.4736842105263157,-0.21052631578947367,2.51188643150958,0.26205921898144524
1.4736842105263157,0.05263157894736836,0.09999999999999999,0.6975113994444366
1.4736842105263157,0.05263157894736836,0.11849068510006666,0.6954792304351576
1.4736842105263157,0.05263157894736836,0.1404004245548316,0.6895958735685022
1.4736842105263157,0.05263157894736836,0.16636142493842218,0.6933110104375662
1.4736842105263157,0.05263157894736836,0.1971227921517696,0.6904705305990944
1.4736842105263157,0.05263157894736836,0.23357214690901223,0.6603822318249188
1.4736842105263157,0.05263157894736836,0.2767612370754227,0.6536942776558047
1.4736842105263157,0.05263157894736836,0.32793628590208806,0.6412348211886187
1.4736842105263157,0.05263157894736836,0.3885739518570975,0.6188816984829185
1.4736842105263157,0.05263157894736836,0.460423937675878,0.5946846840147677
1.4736842105263157,0.05263157894736836,0.5455594781168519,0.5739202538001925
1.4736842105263157,0.05263157894736836,0.646437163249006,0.540008248078772
1.4736842105263157,0.05263157894736836,0.7659678234751834,0.49995783176450637
1.4736842105263157,0.05263157894736836,0.907600521681814,0.4608188951001092
1.4736842105263157,0.05263157894736836,1.0754220761125606,0.42263067846454655
1.4736842105263157,0.05263157894736836,1.2742749857031335,0.38228868764126017
1.4736842105263157,0.05263157894736836,1.5098971606184193,0.34531863848261374
1.4736842105263157,0.05263157894736836,1.789087489923219,0.312954520956612
1.4736842105263157,0.05263157894736836,2.1199020238496082,0.2860186029312144
1.4736842105263157,0.05263157894736836,2.51188643150958,0.26356294659700386
1.4736842105263157,0.3157894736842104,0.09999999999999999,0.6861063549993973
1.4736842105263157,0.3157894736842104,0.11849068510006666,0.6956553164462073
1.4736842105263157,0.3157894736842104,0.1404004245548316,0.6937587294072983
1.4736842105263157,0.3157894736842104,0.16636142493842218,0.6778845503745148
1.4736842105263157,0.3157894736842104,0.1971227921517696,0.6550848192614881
1.4736842105263157,0.3157894736842104,0.23357214690901223,0.6768837792893795
1.4736842105263157,0.3157894736842104,0.2767612370754227,0.6512556498365234
1.4736842105263157,0.3157894736842104,0.32793628590208806,0.6565282023466215
1.4736842105263157,0.3157894736842104,0.3885739518570975,0.6240441229304953
1.4736842105263157,0.3157894736842104,0.460423937675878,0.6004921515537137
1.4736842105263157,0.3157894736842104,0.5455594781168519,0.5698544071044698
1.4736842105263157,0.3157894736842104,0.646437163249006,0.5314263623741734
1.4736842105263157,0.3157894736842104,0.7659678234751834,0.5064003297909256
1.4736842105263157,0.3157894736842104,0.907600521681814,0.46005560094968967
1.4736842105263157,0.3157894736842104,1.0754220761125606,0.4225083851998887
1.4736842105263157,0.3157894736842104,1.2742749857031335,0.3832289411962902
1.4736842105263157,0.3157894736842104,1.5098971606184193,0.3472610299808259
1.4736842105263157,0.3157894736842104,1.789087489923219,0.31272203406406324
1.4736842105263157,0.3157894736842104,2.1199020238496082,0.28679587287791153
1.4736842105263157,0.3157894736842104,2.51188643150958,0.26274783286555786
1.4736842105263157,0.5789473684210527,0.09999999999999999,0.6604892795904015
1.4736842105263157,0.5789473684210527,0.11849068510006666,0.6588469180689774
1.4736842105263157,0.5789473684210527,0.1404004245548316,0.694742366153648
1.4736842105263157,0.5789473684210527,0.16636142493842218,0.6839917923068195
1.4736842105263157,0.5789473684210527,0.1971227921517696,0.6723574864551835
1.4736842105263157,0.5789473684210527,0.23357214690901223,0.6778965268509389
1.4736842105263157,0.5789473684210527,0.2767612370754227,0.6555314176393994
1.4736842105263157,0.5789473684210527,0.32793628590208806,0.6334893947516206
1.4736842105263157,0.5789473684210527,0.3885739518570975,0.6148719610621531
1.4736842105263157,0.5789473684210527,0.460423937675878,0.5707707871909903
1.4736842105263157,0.5789473684210527,0.5455594781168519,0.566437595516484
1.4736842105263157,0.5789473684210527,0.646437163249006,0.5280203334495369
1.4736842105263157,0.5789473684210527,0.7659678234751834,0.4967341867150173
1.4736842105263157,0.5789473684210527,0.907600521681814,0.46459869351897126
1.4736842105263157,0.5789473684210527,1.0754220761125606,0.4165050563959496
1.4736842105263157,0.5789473684210527,1.2742749857031335,0.38616075277085665
1.4736842105263157,0.5789473684210527,1.5098971606184193,0.34701819905707043
1.4736842105263157,0.5789473684210527,1.789087489923219,0.3162719632051923
1.4736842105263157,0.5789473684210527,2.1199020238496082,0.28781151445221187
1.4736842105263157,0.5789473684210527,2.51188643150958,0.2648964243575112
1.4736842105263157,0.8421052631578947,0.09999999999999999,0.652451769742712
1.4736842105263157,0.8421052631578947,0.11849068510006666,0.6611097887363082
1.4736842105263157,0.8421052631578947,0.1404004245548316,0.6616442844520061
1.4736842105263157,0.8421052631578947,0.16636142493842218,0.6171792859435008
1.4736842105263157,0.8421052631578947,0.1971227921517696,0.6324739613427719
1.4736842105263157,0.8421052631578947,0.23357214690901223,0.6332959723168
1.4736842105263157,0.8421052631578947,0.2767612370754227,0.6123584370567368
1.4736842105263157,0.8421052631578947,0.32793628590208806,0.6260890138301459
1.4736842105263157,0.8421052631578947,0.3885739518570975,0.5821193761265432
1.4736842105263157,0.8421052631578947,0.460423937675878,0.58308998637968
1.4736842105263157,0.8421052631578947,0.5455594781168519,0.5605326075441215
1.4736842105263157,0.8421052631578947,0.646437163249006,0.5192874026101081
1.4736842105263157,0.8421052631578947,0.7659678234751834,0.4933858614318545
1.4736842105263157,0.8421052631578947,0.907600521681814,0.44829330210729407
1.4736842105263157,0.8421052631578947,1.0754220761125606,0.4148019621693644
1.4736842105263157,0.8421052631578947,1.2742749857031335,0.3828857498868885
1.4736842105263157,0.8421052631578947,1.5098971606184193,0.34740153896336534
1.4736842105263157,0.8421052631578947,1.789087489923219,0.3182544394580026
1.4736842105263157,0.8421052631578947,2.1199020238496082,0.2898192818099042
1.4736842105263157,0.8421052631578947,2.51188643150958,0.26691954532574885
1.4736842105263157,1.1052631578947367,0.09999999999999999,0.5444113127011145
1.4736842105263157,1.1052631578947367,0.11849068510006666,0.559895344398936
1.4736842105263157,1.1052631578947367,0.1404004245548316,0.5270528235475782
1.4736842105263157,1.1052631578947367,0.16636142493842218,0.592970355277607
1.4736842105263157,1.1052631578947367,0.1971227921517696,0.5713421198977251
1.4736842105263157,1.1052631578947367,0.23357214690901223,0.5741294508694136
1.4736842105263157,1.1052631578947367,0.2767612370754227,0.5600754555023884
1.4736842105263157,1.1052631578947367,0.32793628590208806,0.5564528864139481
1.4736842105263157,1.1052631578947367,0.3885739518570975,0.542233774633022
1.4736842105263157,1.1052631578947367,0.460423937675878,0.5287094155834291
1.4736842105263157,1.1052631578947367,0.5455594781168519,0.5183304204300091
1.4736842105263157,1.1052631578947367,0.646437163249006,0.4844591642144878
1.4736842105263157,1.1052631578947367,0.7659678234751834,0.46398594033425655
1.4736842105263157,1.1052631578947367,0.907600521681814,0.4356470655189049
1.4736842105263157,1.1052631578947367,1.0754220761125606,0.40398191156740804
1.4736842105263157,1.1052631578947367,1.2742749857031335,0.3787876795364049
1.4736842105263157,1.1052631578947367,1.5098971606184193,0.342532266405284
1.4736842105263157,1.1052631578947367,1.789087489923219,0.31664001201788855
1.4736842105263157,1.1052631578947367,2.1199020238496082,0.29159482435913703
1.4736842105263157,1.1052631578947367,2.51188643150958,0.2693281594720865
1.4736842105263157,1.3684210526315788,0.09999999999999999,0.4339579217853869
1.4736842105263157,1.3684210526315788,0.11849068510006666,0.4375200119256495
1.4736842105263157,1.3684210526315788,0.1404004245548316,0.4390225627214781
1.4736842105263157,1.3684210526315788,0.16636142493842218,0.44095142488576383
1.4736842105263157,1.3684210526315788,0.1971227921517696,0.45252139181189094
1.4736842105263157,1.3684210526315788,0.23357214690901223,0.44151207487683014
1.4736842105263157,1.3684210526315788,0.2767612370754227,0.4448602345633581
1.4736842105263157,1.3684210526315788,0.32793628590208806,0.45795454696130383
1.4736842105263157,1.3684210526315788,0.3885739518570975,0.4394562100803041
1.4736842105263157,1.3684210526315788,0.460423937675878,0.44823332454758397
1.4736842105263157,1.3684210526315788,0.5455594781168519,0.44360244991277104
1.4736842105263157,1.3684210526315788,0.646437163249006,0.42835067660785736
1.4736842105263157,1.3684210526315788,0.7659678234751834,0.41720689185722004
1.4736842105263157,1.3684210526315788,0.907600521681814,0.4032604240635627
1.4736842105263157,1.3684210526315788,1.0754220761125606,0.37990188941244135
1.4736842105263157,1.3684210526315788,1.2742749857031335,0.35792180951709573
1.4736842105263157,1.3684210526315788,1.5098971606184193,0.33656976423846396
1.4736842105263157,1.3684210526315788,1.789087489923219,0.31318302947883847
1.4736842105263157,1.3684210526315788,2.1199020238496082,0.290476707852248
1.4736842105263157,1.3684210526315788,2.51188643150958,0.2690239947386507
1.4736842105263157,1.6315789473684208,0.09999999999999999,0.31075444127288837
1.4736842105263157,1.6315789473684208,0.11849068510006666,0.3091720561258097
1.4736842105263157,1.6315789473684208,0.1404004245548316,0.2942314693392536
1.4736842105263157,1.6315789473684208,0.16636142493842218,0.31946379827817345
1.4736842105263157,1.6315789473684208,0.1971227921517696,0.3321109848154656
1.4736842105263157,1.6315789473684208,0.23357214690901223,0.32129897346097963
1.4736842105263157,1.6315789473684208,0.2767612370754227,0.34148548981284405
1.4736842105263157,1.6315789473684208,0.32793628590208806,0.3415780237637218
1.4736842105263157,1.6315789473684208,0.3885739518570975,0.3518679217659951
1.4736842105263157,1.6315789473684208,0.460423937675878,0.37176966235206155
1.4736842105263157,1.6315789473684208,0.5455594781168519,0.37148959976326473
1.4736842105263157,1.6315789473684208,0.646437163249006,0.36792398395498505
1.4736842105263157,1.6315789473684208,0.7659678234751834,0.37313175381346425
1.4736842105263157,1.6315789473684208,0.907600521681814,0.36282903112428555
1.4736842105263157,1.6315789473684208,1.0754220761125606,0.3535631063323812
1.4736842105263157,1.6315789473684208,1.2742749857031335,0.33804326212674185
1.4736842105263157,1.6315789473684208,1.5098971606184193,0.32415683652756966
1.4736842105263157,1.6315789473684208,1.789087489923219,0.30742348356257027
1.4736842105263157,1.6315789473684208,2.1199020238496082,0.28755175834359176
1.4736842105263157,1.6315789473684208,2.51188643150958,0.2713302724055469
1.4736842105263157,1.8947368421052628,0.09999999999999999,0.26282479581720314
1.4736842105263157,1.8947368421052628,0.11849068510006666,0.2573438020158695
1.4736842105263157,1.8947368421052628,0.1404004245548316,0.2636041866349325
1.4736842105263157,1.8947368421052628,0.16636142493842218,0.2713005367800453
1.4736842105263157,1.8947368421052628,0.1971227921517696,0.27723970257215313
1.4736842105263157,1.8947368421052628,0.23357214690901223,0.2853856386012274
1.4736842105263157,1.8947368421052628,0.2767612370754227,0.31710243733141785
1.4736842105263157,1.8947368421052628,0.32793628590208806,0.326282895437269
1.4736842105263157,1.8947368421052628,0.3885739518570975,0.3347998623436845
1.4736842105263157,1.8947368421052628,0.460423937675878,0.3278686147074027
1.4736842105263157,1.8947368421052628,0.5455594781168519,0.34486493524126793
1.4736842105263157,1.8947368421052628,0.646437163249006,0.3441104197902725
1.4736842105263157,1.8947368421052628,0.7659678234751834,0.33756212591962
1.4736842105263157,1.8947368421052628,0.907600521681814,0.3337935456843473
1.4736842105263157,1.8947368421052628,1.0754220761125606,0.3389761361192414
1.4736842105263157,1.8947368421052628,1.2742749857031335,0.32401570200507124
1.4736842105263157,1.8947368421052628,1.5098971606184193,0.3095924824681064
1.4736842105263157,1.8947368421052628,1.789087489923219,0.29406575490987236
1.4736842105263157,1.8947368421052628,2.1199020238496082,0.27812218058621363
1.4736842105263157,1.8947368421052628,2.51188643150958,0.2643919054315146
1.4736842105263157,2.1578947368421053,0.09999999999999999,0.24444520689697158
1.4736842105263157,2.1578947368421053,0.11849068510006666,0.25677859133802133
1.4736842105263157,2.1578947368421053,0.1404004245548316,0.27530820295712505
1.4736842105263157,2.1578947368421053,0.16636142493842218,0.26036333003455925
1.4736842105263157,2.1578947368421053,0.1971227921517696,0.26330353898862047
1.4736842105263157,2.1578947368421053,0.23357214690901223,0.2929171700725478
1.4736842105263157,2.1578947368421053,0.2767612370754227,0.2948966024662464
1.4736842105263157,2.1578947368421053,0.32793628590208806,0.3109258199059224
1.4736842105263157,2.1578947368421053,0.3885739518570975,0.3044042449215888
1.4736842105263157,2.1578947368421053,0.460423937675878,0.32102800555409866
1.4736842105263157,2.1578947368421053,0.5455594781168519,0.3178776543469451
1.4736842105263157,2.1578947368421053,0.646437163249006,0.3206293210017326
1.4736842105263157,2.1578947368421053,0.7659678234751834,0.3087915974099186
1.4736842105263157,2.1578947368421053,0.907600521681814,0.32858151780392486
1.4736842105263157,2.1578947368421053,1.0754220761125606,0.3254322208615855
1.4736842105263157,2.1578947368421053,1.2742749857031335,0.3102618438151191
1.4736842105263157,2.1578947368421053,1.5098971606184193,0.3021547126525093
1.4736842105263157,2.1578947368421053,1.789087489923219,0.2895075814061505
1.4736842105263157,2.1578947368421053,2.1199020238496082,0.27241264191031755
1.4736842105263157,2.1578947368421053,2.51188643150958,0.2591028008567977
1.4736842105263157,2.4210526315789473,0.09999999999999999,0.23733143395037254
1.4736842105263157,2.4210526315789473,0.11849068510006666,0.249842584097478
1.4736842105263157,2.4210526315789473,0.1404004245548316,0.25639809699908295
1.4736842105263157,2.4210526315789473,0.16636142493842218,0.24462561709962619
1.4736842105263157,2.4210526315789473,0.1971227921517696,0.2635915605587258
1.4736842105263157,2.4210526315789473,0.23357214690901223,0.2750440824330588
1.4736842105263157,2.4210526315789473,0.2767612370754227,0.288850050833363
1.4736842105263157,2.4210526315789473,0.32793628590208806,0.2688511468945256
1.4736842105263157,2.4210526315789473,0.3885739518570975,0.2889280726065502
1.4736842105263157,2.4210526315789473,0.460423937675878,0.30832335155097895
1.4736842105263157,2.4210526315789473,0.5455594781168519,0.3049890211288776
1.4736842105263157,2.4210526315789473,0.646437163249006,0.31212371576313047
1.4736842105263157,2.4210526315789473,0.7659678234751834,0.32183954117812585
1.4736842105263157,2.4210526315789473,0.907600521681814,0.3081207799774658
1.4736842105263157,2.4210526315789473,1.0754220761125606,0.31243249694477415
1.4736842105263157,2.4210526315789473,1.2742749857031335,0.31185839446599706
1.4736842105263157,2.4210526315789473,1.5098971606184193,0.28851252986958764
1.4736842105263157,2.4210526315789473,1.789087489923219,0.2842430703164247
1.4736842105263157,2.4210526315789473,2.1199020238496082,0.269665512710109
1.4736842105263157,2.4210526315789473,2.51188643150958,0.25494302490481974
1.4736842105263157,2.6842105263157894,0.09999999999999999,0.2321358953516574
1.4736842105263157,2.6842105263157894,0.11849068510006666,0.2435343294225665
1.4736842105263157,2.6842105263157894,0.1404004245548316,0.2534196061867682
1.4736842105263157,2.6842105263157894,0.16636142493842218,0.24923815327052878
1.4736842105263157,2.6842105263157894,0.1971227921517696,0.26662303104244145
1.4736842105263157,2.6842105263157894,0.23357214690901223,0.2611007794125014
1.4736842105263157,2.6842105263157894,0.2767612370754227,0.27646158313615826
1.4736842105263157,2.6842105263157894,0.32793628590208806,0.27366879129466526
1.4736842105263157,2.6842105263157894,0.3885739518570975,0.2740949916302453
1.4736842105263157,2.6842105263157894,0.460423937675878,0.2969627114172731
1.4736842105263157,2.6842105263157894,0.5455594781168519,0.29142091479786103
1.4736842105263157,2.6842105263157894,0.646437163249006,0.3126922652742226
1.4736842105263157,2.6842105263157894,0.7659678234751834,0.2975547654364032
1.4736842105263157,2.6842105263157894,0.907600521681814,0.29383734573806114
1.4736842105263157,2.6842105263157894,1.0754220761125606,0.2996439523326164
1.4736842105263157,2.6842105263157894,1.2742749857031335,0.2979310943223669
1.4736842105263157,2.6842105263157894,1.5098971606184193,0.2864582326727006
1.4736842105263157,2.6842105263157894,1.789087489923219,0.27665003046680026
1.4736842105263157,2.6842105263157894,2.1199020238496082,0.2636185402134037
1.4736842105263157,2.6842105263157894,2.51188643150958,0.25213781648495953
1.4736842105263157,2.9473684210526314,0.09999999999999999,0.22854958610760637
1.4736842105263157,2.9473684210526314,0.11849068510006666,0.22901669303389635
1.4736842105263157,2.9473684210526314,0.1404004245548316,0.23912820738658044
1.4736842105263157,2.9473684210526314,0.16636142493842218,0.25680160238266425
1.4736842105263157,2.9473684210526314,0.1971227921517696,0.264847369476466
1.4736842105263157,2.9473684210526314,0.23357214690901223,0.2700363578319932
1.4736842105263157,2.9473684210526314,0.2767612370754227,0.2658703940613155
1.4736842105263157,2.9473684210526314,0.32793628590208806,0.2560852316646541
1.4736842105263157,2.9473684210526314,0.3885739518570975,0.25159086466772623
1.4736842105263157,2.9473684210526314,0.460423937675878,0.2786505808520142
1.4736842105263157,2.9473684210526314,0.5455594781168519,0.28772008057186493
1.4736842105263157,2.9473684210526314,0.646437163249006,0.2915641636630312
1.4736842105263157,2.9473684210526314,0.7659678234751834,0.29107533712671296
1.4736842105263157,2.9473684210526314,0.907600521681814,0.30770933238259934
1.4736842105263157,2.9473684210526314,1.0754220761125606,0.30353727323394925
1.4736842105263157,2.9473684210526314,1.2742749857031335,0.28345071827666934
1.4736842105263157,2.9473684210526314,1.5098971606184193,0.27872793090226083
1.4736842105263157,2.9473684210526314,1.789087489923219,0.27723563382767485
1.4736842105263157,2.9473684210526314,2.1199020238496082,0.25866381283329726
1.4736842105263157,2.9473684210526314,2.51188643150958,0.2514615368949281
1.4736842105263157,3.2105263157894735,0.09999999999999999,0.20755522818046362
1.4736842105263157,3.2105263157894735,0.11849068510006666,0.2269027448164778
1.4736842105263157,3.2105263157894735,0.1404004245548316,0.22387939282328775
1.4736842105263157,3.2105263157894735,0.16636142493842218,0.23362073140678496
1.4736842105263157,3.2105263157894735,0.1971227921517696,0.25561652261353657
1.4736842105263157,3.2105263157894735,0.23357214690901223,0.23237358431717214
1.4736842105263157,3.2105263157894735,0.2767612370754227,0.24699799153891638
1.4736842105263157,3.2105263157894735,0.32793628590208806,0.27223459576866815
1.4736842105263157,3.2105263157894735,0.3885739518570975,0.2596944965314088
1.4736842105263157,3.2105263157894735,0.460423937675878,0.26589186824843813
1.4736842105263157,3.2105263157894735,0.5455594781168519,0.2833934984344238
1.4736842105263157,3.2105263157894735,0.646437163249006,0.28159931578494024
1.4736842105263157,3.2105263157894735,0.7659678234751834,0.2856793260782563
1.4736842105263157,3.2105263157894735,0.907600521681814,0.29214711680991245
1.4736842105263157,3.2105263157894735,1.0754220761125606,0.2825739870036558
1.4736842105263157,3.2105263157894735,1.2742749857031335,0.28577476186406253
1.4736842105263157,3.2105263157894735,1.5098971606184193,0.27752472224250563
1.4736842105263157,3.2105263157894735,1.789087489923219,0.26751237614648476
1.4736842105263157,3.2105263157894735,2.1199020238496082,0.26002096093387383
1.4736842105263157,3.2105263157894735,2.51188643150958,0.25016340844214213
1.4736842105263157,3.473684210526316,0.09999999999999999,0.1980007881247495
1.4736842105263157,3.473684210526316,0.11849068510006666,0.219968570212485
1.4736842105263157,3.473684210526316,0.1404004245548316,0.21633227590173223
1.4736842105263157,3.473684210526316,0.16636142493842218,0.22077124961343117
1.4736842105263157,3.473684210526316,0.1971227921517696,0.2164130094165458
1.4736842105263157,3.473684210526316,0.23357214690901223,0.23888717181083927
1.4736842105263157,3.473684210526316,0.2767612370754227,0.2288777621974495
1.4736842105263157,3.473684210526316,0.32793628590208806,0.2568645561793451
1.4736842105263157,3.473684210526316,0.3885739518570975,0.25054973487057924
1.4736842105263157,3.473684210526316,0.460423937675878,0.2635800476171232
1.4736842105263157,3.473684210526316,0.5455594781168519,0.27472316772612937
1.4736842105263157,3.473684210526316,0.646437163249006,0.27351401954170534
1.4736842105263157,3.473684210526316,0.7659678234751834,0.2855582497266133
1.4736842105263157,3.473684210526316,0.907600521681814,0.27950333239067493
1.4736842105263157,3.473684210526316,1.0754220761125606,0.28329322501048476
1.4736842105263157,3.473684210526316,1.2742749857031335,0.28740852743409234
1.4736842105263157,3.473684210526316,1.5098971606184193,0.27201641990838415
1.4736842105263157,3.473684210526316,1.789087489923219,0.26942294542557155
1.4736842105263157,3.473684210526316,2.1199020238496082,0.2569596931674037
1.4736842105263157,3.473684210526316,2.51188643150958,0.24665814015606594
1.4736842105263157,3.7368421052631575,0.09999999999999999,0.21127791235922763
1.4736842105263157,3.7368421052631575,0.11849068510006666,0.22944965764420788
1.4736842105263157,3.7368421052631575,0.1404004245548316,0.21342258988890936
1.4736842105263157,3.7368421052631575,0.16636142493842218,0.20587836223804143
1.4736842105263157,3.7368421052631575,0.1971227921517696,0.21865190602483348
1.4736842105263157,3.7368421052631575,0.23357214690901223,0.23718344271174976
1.4736842105263157,3.7368421052631575,0.2767612370754227,0.2652484585743215
1.4736842105263157,3.7368421052631575,0.32793628590208806,0.25904726736768735
1.4736842105263157,3.7368421052631575,0.3885739518570975,0.23895451311733937
1.4736842105263157,3.7368421052631575,0.460423937675878,0.24843768770839852
1.4736842105263157,3.7368421052631575,0.5455594781168519,0.27232849235455087
1.4736842105263157,3.7368421052631575,0.646437163249006,0.2840754378448192
1.4736842105263157,3.7368421052631575,0.7659678234751834,0.27828265081752235
1.4736842105263157,3.7368421052631575,0.907600521681814,0.27610920764236047
1.4736842105263157,3.7368421052631575,1.0754220761125606,0.28193646677883
1.4736842105263157,3.7368421052631575,1.2742749857031335,0.27214470168107535
1.4736842105263157,3.7368421052631575,1.5098971606184193,0.2721236580103124
1.4736842105263157,3.7368421052631575,1.789087489923219,0.26445242056336227
1.4736842105263157,3.7368421052631575,2.1199020238496082,0.25895708847700183
1.4736842105263157,3.7368421052631575,2.51188643150958,0.2461506708138668
1.4736842105263157,4.0,0.09999999999999999,0.19638094484166993
1.4736842105263157,4.0,0.11849068510006666,0.19851094528887975
1.4736842105263157,4.0,0.1404004245548316,0.20075289471949065
1.4736842105263157,4.0,0.16636142493842218,0.21239376223498876
1.4736842105263157,4.0,0.1971227921517696,0.21927814874750476
1.4736842105263157,4.0,0.23357214690901223,0.21707280924022582
1.4736842105263157,4.0,0.2767612370754227,0.22862574336814573
1.4736842105263157,4.0,0.32793628590208806,0.2281320687268916
1.4736842105263157,4.0,0.3885739518570975,0.22818486442636965
1.4736842105263157,4.0,0.460423937675878,0.26317235987359117
1.4736842105263157,4.0,0.5455594781168519,0.26188252723370026
1.4736842105263157,4.0,0.646437163249006,0.27746262174422726
1.4736842105263157,4.0,0.7659678234751834,0.2792471071105957
1.4736842105263157,4.0,0.907600521681814,0.282854407255347
1.4736842105263157,4.0,1.0754220761125606,0.2718482858733277
1.4736842105263157,4.0,1.2742749857031335,0.2789643281383903
1.4736842105263157,4.0,1.5098971606184193,0.27358335144391605
1.4736842105263157,4.0,1.789087489923219,0.2622258740295775
1.4736842105263157,4.0,2.1199020238496082,0.25202854307765576
1.4736842105263157,4.0,2.51188643150958,0.24664127615998324
1.6842105263157894,-1.0,0.09999999999999999,0.7117165311855457
1.6842105263157894,-1.0,0.11849068510006666,0.6996032941030361
1.6842105263157894,-1.0,0.1404004245548316,0.703661890075661
1.6842105263157894,-1.0,0.16636142493842218,0.6905620544749765
1.6842105263157894,-1.0,0.1971227921517696,0.67649395060588
1.6842105263157894,-1.0,0.23357214690901223,0.6760306023825209
1.6842105263157894,-1.0,0.2767612370754227,0.6655468782766939
1.6842105263157894,-1.0,0.32793628590208806,0.6464699167568979
1.6842105263157894,-1.0,0.3885739518570975,0.6258271900380336
1.6842105263157894,-1.0,0.460423937675878,0.5943836721432223
1.6842105263157894,-1.0,0.5455594781168519,0.5742187422119533
1.6842105263157894,-1.0,0.646437163249006,0.5450266118610345
1.6842105263157894,-1.0,0.7659678234751834,0.5052439711872729
1.6842105263157894,-1.0,0.907600521681814,0.4656346561673699
1.6842105263157894,-1.0,1.0754220761125606,0.4213803007116766
1.6842105263157894,-1.0,1.2742749857031335,0.38371631180092913
1.6842105263157894,-1.0,1.5098971606184193,0.3466603156150138
1.6842105263157894,-1.0,1.789087489923219,0.31498023809385356
1.6842105263157894,-1.0,2.1199020238496082,0.2852794357267844
1.6842105263157894,-1.0,2.51188643150958,0.2640418509831544
1.6842105263157894,-0.736842105263158,0.09999999999999999,0.7068681935387848
1.6842105263157894,-0.736842105263158,0.11849068510006666,0.7009053797869672
1.6842105263157894,-0.736842105263158,0.1404004245548316,0.6930699581945536
1.6842105263157894,-0.736842105263158,0.16636142493842218,0.6789583434206206
1.6842105263157894,-0.736842105263158,0.1971227921517696,0.6790282324462092
1.6842105263157894,-0.736842105263158,0.23357214690901223,0.6735333313189207
1.6842105263157894,-0.736842105263158,0.2767612370754227,0.6560130492731717
1.6842105263157894,-0.736842105263158,0.32793628590208806,0.651897880853093
1.6842105263157894,-0.736842105263158,0.3885739518570975,0.6245729708530264
1.6842105263157894,-0.736842105263158,0.460423937675878,0.5987568856917944
1.6842105263157894,-0.736842105263158,0.5455594781168519,0.5753508397567084
1.6842105263157894,-0.736842105263158,0.646437163249006,0.5404439673537282
1.6842105263157894,-0.736842105263158,0.7659678234751834,0.5037185692735885
1.6842105263157894,-0.736842105263158,0.907600521681814,0.4583627772595029
1.6842105263157894,-0.736842105263158,1.0754220761125606,0.42292244424231773
1.6842105263157894,-0.736842105263158,1.2742749857031335,0.38076390722897036
1.6842105263157894,-0.736842105263158,1.5098971606184193,0.3438415364583348
1.6842105263157894,-0.736842105263158,1.789087489923219,0.31271698077140936
1.6842105263157894,-0.736842105263158,2.1199020238496082,0.2863819703433614
1.6842105263157894,-0.736842105263158,2.51188643150958,0.2619765741676811
1.6842105263157894,-0.4736842105263158,0.09999999999999999,0.708589127256657
1.6842105263157894,-0.4736842105263158,0.11849068510006666,0.6864583135940936
1.6842105263157894,-0.4736842105263158,0.1404004245548316,0.696831824131553
1.6842105263157894,-0.4736842105263158,0.16636142493842218,0.6902986730668544
1.6842105263157894,-0.4736842105263158,0.1971227921517696,0.6726364019637338
1.6842105263157894,-0.4736842105263158,0.23357214690901223,0.6838345353553362
1.6842105263157894,-0.4736842105263158,0.2767612370754227,0.6688725052730361
1.6842105263157894,-0.4736842105263158,0.32793628590208806,0.632446939223583
1.6842105263157894,-0.4736842105263158,0.3885739518570975,0.6165080333775056
1.6842105263157894,-0.4736842105263158,0.460423937675878,0.5975609397033755
1.6842105263157894,-0.4736842105263158,0.5455594781168519,0.5694117691427169
1.6842105263157894,-0.4736842105263158,0.646437163249006,0.5355979555371949
1.6842105263157894,-0.4736842105263158,0.7659678234751834,0.4999260004797939
1.6842105263157894,-0.4736842105263158,0.907600521681814,0.4596357736691051
1.6842105263157894,-0.4736842105263158,1.0754220761125606,0.4200530477473069
1.6842105263157894,-0.4736842105263158,1.2742749857031335,0.38010051632857067
1.6842105263157894,-0.4736842105263158,1.5098971606184193,0.34331509147734773
1.6842105263157894,-0.4736842105263158,1.789087489923219,0.3116031768389151
1.6842105263157894,-0.4736842105263158,2.1199020238496082,0.2845991351353384
1.6842105263157894,-0.4736842105263158,2.51188643150958,0.2633596584717224
1.6842105263157894,-0.21052631578947367,0.09999999999999999,0.6896110903484874
1.6842105263157894,-0.21052631578947367,0.11849068510006666,0.6979688577611239
1.6842105263157894,-0.21052631578947367,0.1404004245548316,0.709031781463394
1.6842105263157894,-0.21052631578947367,0.16636142493842218,0.6648315248968953
1.6842105263157894,-0.21052631578947367,0.1971227921517696,0.6640195999534193
1.6842105263157894,-0.21052631578947367,0.23357214690901223,0.6654551911039067
1.6842105263157894,-0.21052631578947367,0.2767612370754227,0.6596480803503144
1.6842105263157894,-0.21052631578947367,0.32793628590208806,0.6498446608217181
1.6842105263157894,-0.21052631578947367,0.3885739518570975,0.6223518985140085
1.6842105263157894,-0.21052631578947367,0.460423937675878,0.6039963656260587
1.6842105263157894,-0.21052631578947367,0.5455594781168519,0.5666799085024772
1.6842105263157894,-0.21052631578947367,0.646437163249006,0.5381453392615017
1.6842105263157894,-0.21052631578947367,0.7659678234751834,0.504800391114014
1.6842105263157894,-0.21052631578947367,0.907600521681814,0.4599463953585388
1.6842105263157894,-0.21052631578947367,1.0754220761125606,0.41977192962445575
1.6842105263157894,-0.21052631578947367,1.2742749857031335,0.3817937994359111
1.6842105263157894,-0.21052631578947367,1.5098971606184193,0.3453588971829527
1.6842105263157894,-0.21052631578947367,1.789087489923219,0.3124403638985061
1.6842105263157894,-0.21052631578947367,2.1199020238496082,0.28494073554554944
1.6842105263157894,-0.21052631578947367,2.51188643150958,0.26253344938475487
1.6842105263157894,0.05263157894736836,0.09999999999999999,0.6921595207063581
1.6842105263157894,0.05263157894736836,0.11849068510006666,0.6969060868164619
1.6842105263157894,0.05263157894736836,0.1404004245548316,0.6761390259940858
1.6842105263157894,0.05263157894736836,0.16636142493842218,0.6983117685663458
1.6842105263157894,0.05263157894736836,0.1971227921517696,0.6709758270457244
1.6842105263157894,0.05263157894736836,0.23357214690901223,0.6697192525038648
1.6842105263157894,0.05263157894736836,0.2767612370754227,0.6649709701785042
1.6842105263157894,0.05263157894736836,0.32793628590208806,0.6359631617895722
1.6842105263157894,0.05263157894736836,0.3885739518570975,0.6283722816233276
1.6842105263157894,0.05263157894736836,0.460423937675878,0.6024042248746377
1.6842105263157894,0.05263157894736836,0.5455594781168519,0.5748319504616822
1.6842105263157894,0.05263157894736836,0.646437163249006,0.5413893437028189
1.6842105263157894,0.05263157894736836,0.7659678234751834,0.501048727294036
1.6842105263157894,0.05263157894736836,0.907600521681814,0.4575328029830799
1.6842105263157894,0.05263157894736836,1.0754220761125606,0.4185014091383755
1.6842105263157894,0.05263157894736836,1.2742749857031335,0.379016822254099
1.6842105263157894,0.05263157894736836,1.5098971606184193,0.34417575122740246
1.6842105263157894,0.05263157894736836,1.789087489923219,0.31392080386448284
1.6842105263157894,0.05263157894736836,2.1199020238496082,0.2840661773056446
1.6842105263157894,0.05263157894736836,2.51188643150958,0.26259209317037624
1.6842105263157894,0.3157894736842104,0.09999999999999999,0.6891356341929908
1.6842105263157894,0.3157894736842104,0.11849068510006666,0.6750160447309734
1.6842105263157894,0.3157894736842104,0.1404004245548316,0.6923600122305522
1.6842105263157894,0.3157894736842104,0.16636142493842218,0.6753167711321786
1.6842105263157894,0.3157894736842104,0.1971227921517696,0.6759671990996019
1.6842105263157894,0.3157894736842104,0.23357214690901223,0.665220756446635
1.6842105263157894,0.3157894736842104,0.2767612370754227,0.6412394855522603
1.6842105263157894,0.3157894736842104,0.32793628590208806,0.6594049804401899
1.6842105263157894,0.3157894736842104,0.3885739518570975,0.6268460155548334
1.6842105263157894,0.3157894736842104,0.460423937675878,0.6030851250724658
1.6842105263157894,0.3157894736842104,0.5455594781168519,0.5700160885586187
1.6842105263157894,0.3157894736842104,0.646437163249006,0.5442404182548365
1.6842105263157894,0.3157894736842104,0.7659678234751834,0.498169626756874
1.6842105263157894,0.3157894736842104,0.907600521681814,0.4605828838253557
1.6842105263157894,0.3157894736842104,1.0754220761125606,0.4189301531168064
1.6842105263157894,0.3157894736842104,1.2742749857031335,0.3831414077693471
1.6842105263157894,0.3157894736842104,1.5098971606184193,0.3451846492052869
1.6842105263157894,0.3157894736842104,1.789087489923219,0.31414086164072197
1.6842105263157894,0.3157894736842104,2.1199020238496082,0.28599278219884333
1.6842105263157894,0.3157894736842104,2.51188643150958,0.26231758183486925
1.6842105263157894,0.5789473684210527,0.09999999999999999,0.7016959751452496
1.6842105263157894,0.5789473684210527,0.11849068510006666,0.6942767176745207
1.6842105263157894,0.5789473684210527,0.1404004245548316,0.681752516465938
1.6842105263157894,0.5789473684210527,0.16636142493842218,0.6653005018863646
1.6842105263157894,0.5789473684210527,0.1971227921517696,0.6767273701414619
1.6842105263157894,0.5789473684210527,0.23357214690901223,0.6571431260655066
1.6842105263157894,0.5789473684210527,0.2767612370754227,0.6538499792922794
1.6842105263157894,0.5789473684210527,0.32793628590208806,0.6362792391211629
1.6842105263157894,0.5789473684210527,0.3885739518570975,0.619850444747946
1.6842105263157894,0.5789473684210527,0.460423937675878,0.6000210625528585
1.6842105263157894,0.5789473684210527,0.5455594781168519,0.5693035923140718
1.6842105263157894,0.5789473684210527,0.646437163249006,0.5359567272405829
1.6842105263157894,0.5789473684210527,0.7659678234751834,0.5044101512973989
1.6842105263157894,0.5789473684210527,0.907600521681814,0.45772355525877617
1.6842105263157894,0.5789473684210527,1.0754220761125606,0.41932016696622715
1.6842105263157894,0.5789473684210527,1.2742749857031335,0.3817329909674954
1.6842105263157894,0.5789473684210527,1.5098971606184193,0.34927416701670866
1.6842105263157894,0.5789473684210527,1.789087489923219,0.31399367926213234
1.6842105263157894,0.5789473684210527,2.1199020238496082,0.28685099341532194
1.6842105263157894,0.5789473684210527,2.51188643150958,0.26404000217675927
1.6842105263157894,0.8421052631578947,0.09999999999999999,0.6615401147797206
1.6842105263157894,0.8421052631578947,0.11849068510006666,0.6682876238399095
1.6842105263157894,0.8421052631578947,0.1404004245548316,0.6797491153314352
1.6842105263157894,0.8421052631578947,0.16636142493842218,0.6786085385985482
1.6842105263157894,0.8421052631578947,0.1971227921517696,0.66940886728379
1.6842105263157894,0.8421052631578947,0.23357214690901223,0.6644367360409548
1.6842105263157894,0.8421052631578947,0.2767612370754227,0.6481301214258898
1.6842105263157894,0.8421052631578947,0.32793628590208806,0.6170541779796669
1.6842105263157894,0.8421052631578947,0.3885739518570975,0.6211125747202189
1.6842105263157894,0.8421052631578947,0.460423937675878,0.5965115116684994
1.6842105263157894,0.8421052631578947,0.5455594781168519,0.5745886178571077
1.6842105263157894,0.8421052631578947,0.646437163249006,0.5300620783919415
1.6842105263157894,0.8421052631578947,0.7659678234751834,0.4960013647627411
1.6842105263157894,0.8421052631578947,0.907600521681814,0.45987282320190853
1.6842105263157894,0.8421052631578947,1.0754220761125606,0.4224065231147658
1.6842105263157894,0.8421052631578947,1.2742749857031335,0.3817953240612653
1.6842105263157894,0.8421052631578947,1.5098971606184193,0.34753075092415237
1.6842105263157894,0.8421052631578947,1.789087489923219,0.31535549990247824
1.6842105263157894,0.8421052631578947,2.1199020238496082,0.28780877812396344
1.6842105263157894,0.8421052631578947,2.51188643150958,0.2655860008495097
1.6842105263157894,1.1052631578947367,0.09999999999999999,0.635807872076207
1.6842105263157894,1.1052631578947367,0.11849068510006666,0.6433937476330962
1.6842105263157894,1.1052631578947367,0.1404004245548316,0.6426574028974271
1.6842105263157894,1.1052631578947367,0.16636142493842218,0.625176861992354
1.6842105263157894,1.1052631578947367,0.1971227921517696,0.6304593370751824
1.6842105263157894,1.1052631578947367,0.23357214690901223,0.6374797592225152
1.6842105263157894,1.1052631578947367,0.2767612370754227,0.6334745035313383
1.6842105263157894,1.1052631578947367,0.32793628590208806,0.601780589689364
1.6842105263157894,1.1052631578947367,0.3885739518570975,0.5891589961118927
1.6842105263157894,1.1052631578947367,0.460423937675878,0.5677122541615078
1.6842105263157894,1.1052631578947367,0.5455594781168519,0.5403908464358923
1.6842105263157894,1.1052631578947367,0.646437163249006,0.5147245089693572
1.6842105263157894,1.1052631578947367,0.7659678234751834,0.4887934460743927
1.6842105263157894,1.1052631578947367,0.907600521681814,0.455383111697811
1.6842105263157894,1.1052631578947367,1.0754220761125606,0.41727926932200937
1.6842105263157894,1.1052631578947367,1.2742749857031335,0.380620962318495
1.6842105263157894,1.1052631578947367,1.5098971606184193,0.34555794283006946
1.6842105263157894,1.1052631578947367,1.789087489923219,0.315409432273063
1.6842105263157894,1.1052631578947367,2.1199020238496082,0.29037356470294234
1.6842105263157894,1.1052631578947367,2.51188643150958,0.2670548365499991
1.6842105263157894,1.3684210526315788,0.09999999999999999,0.5420630343572655
1.6842105263157894,1.3684210526315788,0.11849068510006666,0.5525727784000961
1.6842105263157894,1.3684210526315788,0.1404004245548316,0.5785990022557942
1.6842105263157894,1.3684210526315788,0.16636142493842218,0.5718191215754633
1.6842105263157894,1.3684210526315788,0.1971227921517696,0.5338335449141909
1.6842105263157894,1.3684210526315788,0.23357214690901223,0.5293901946638475
1.6842105263157894,1.3684210526315788,0.2767612370754227,0.5573557918124138
1.6842105263157894,1.3684210526315788,0.32793628590208806,0.5397921920878204
1.6842105263157894,1.3684210526315788,0.3885739518570975,0.5327233705539582
1.6842105263157894,1.3684210526315788,0.460423937675878,0.5187720725388317
1.6842105263157894,1.3684210526315788,0.5455594781168519,0.4939741946794194
1.6842105263157894,1.3684210526315788,0.646437163249006,0.4826105204665699
1.6842105263157894,1.3684210526315788,0.7659678234751834,0.4608698113078626
1.6842105263157894,1.3684210526315788,0.907600521681814,0.42913580034903065
1.6842105263157894,1.3684210526315788,1.0754220761125606,0.3976260164371076
1.6842105263157894,1.3684210526315788,1.2742749857031335,0.3761133356071634
1.6842105263157894,1.3684210526315788,1.5098971606184193,0.34220548494262026
1.6842105263157894,1.3684210526315788,1.789087489923219,0.3151138523347221
1.6842105263157894,1.3684210526315788,2.1199020238496082,0.28961302835958735
1.6842105263157894,1.3684210526315788,2.51188643150958,0.27001548579510937
1.6842105263157894,1.6315789473684208,0.09999999999999999,0.3822146951169667
1.6842105263157894,1.6315789473684208,0.11849068510006666,0.41667859442279925
1.6842105263157894,1.6315789473684208,0.1404004245548316,0.37367147308998316
1.6842105263157894,1.6315789473684208,0.16636142493842218,0.3764586253556258
1.6842105263157894,1.6315789473684208,0.1971227921517696,0.42913327166083926
1.6842105263157894,1.6315789473684208,0.23357214690901223,0.40744689614439283
1.6842105263157894,1.6315789473684208,0.2767612370754227,0.4077477274423857
1.6842105263157894,1.6315789473684208,0.32793628590208806,0.43948422459088043
1.6842105263157894,1.6315789473684208,0.3885739518570975,0.4308239893468265
1.6842105263157894,1.6315789473684208,0.460423937675878,0.4431579461631951
1.6842105263157894,1.6315789473684208,0.5455594781168519,0.4250169942737568
1.6842105263157894,1.6315789473684208,0.646437163249006,0.4342686811642604
1.6842105263157894,1.6315789473684208,0.7659678234751834,0.40260039560432465
1.6842105263157894,1.6315789473684208,0.907600521681814,0.39534809470805204
1.6842105263157894,1.6315789473684208,1.0754220761125606,0.3757674280847638
1.6842105263157894,1.6315789473684208,1.2742749857031335,0.3546838585510559
1.6842105263157894,1.6315789473684208,1.5098971606184193,0.3371026672786237
1.6842105263157894,1.6315789473684208,1.789087489923219,0.31391232176721784
1.6842105263157894,1.6315789473684208,2.1199020238496082,0.29143927690529875
1.6842105263157894,1.6315789473684208,2.51188643150958,0.27031806915976997
1.6842105263157894,1.8947368421052628,0.09999999999999999,0.29410237206145484
1.6842105263157894,1.8947368421052628,0.11849068510006666,0.2833903048368628
1.6842105263157894,1.8947368421052628,0.1404004245548316,0.3017879399339798
1.6842105263157894,1.8947368421052628,0.16636142493842218,0.30704805123446294
1.6842105263157894,1.8947368421052628,0.1971227921517696,0.29678869457378837
1.6842105263157894,1.8947368421052628,0.23357214690901223,0.31787015722800627
1.6842105263157894,1.8947368421052628,0.2767612370754227,0.32750789293320726
1.6842105263157894,1.8947368421052628,0.32793628590208806,0.3271366098277036
1.6842105263157894,1.8947368421052628,0.3885739518570975,0.3394514375299444
1.6842105263157894,1.8947368421052628,0.460423937675878,0.3519486813399038
1.6842105263157894,1.8947368421052628,0.5455594781168519,0.3605675324976242
1.6842105263157894,1.8947368421052628,0.646437163249006,0.3665820228102167
1.6842105263157894,1.8947368421052628,0.7659678234751834,0.35638413215325737
1.6842105263157894,1.8947368421052628,0.907600521681814,0.35236595716051816
1.6842105263157894,1.8947368421052628,1.0754220761125606,0.3561865445044293
1.6842105263157894,1.8947368421052628,1.2742749857031335,0.3410609445146671
1.6842105263157894,1.8947368421052628,1.5098971606184193,0.32182117417278683
1.6842105263157894,1.8947368421052628,1.789087489923219,0.3058449283295879
1.6842105263157894,1.8947368421052628,2.1199020238496082,0.28544537008609155
1.6842105263157894,1.8947368421052628,2.51188643150958,0.2691831512422709
1.6842105263157894,2.1578947368421053,0.09999999999999999,0.2670771242495024
1.6842105263157894,2.1578947368421053,0.11849068510006666,0.2685575922226295
1.6842105263157894,2.1578947368421053,0.1404004245548316,0.27472786547232836
1.6842105263157894,2.1578947368421053,0.16636142493842218,0.26651609745586863
1.6842105263157894,2.1578947368421053,0.1971227921517696,0.2908037891276173
1.6842105263157894,2.1578947368421053,0.23357214690901223,0.30933988403409884
1.6842105263157894,2.1578947368421053,0.2767612370754227,0.3105381619218472
1.6842105263157894,2.1578947368421053,0.32793628590208806,0.3070124897695776
1.6842105263157894,2.1578947368421053,0.3885739518570975,0.30971030001090477
1.6842105263157894,2.1578947368421053,0.460423937675878,0.3245798921680195
1.6842105263157894,2.1578947368421053,0.5455594781168519,0.3341528381919325
1.6842105263157894,2.1578947368421053,0.646437163249006,0.33046192795994866
1.6842105263157894,2.1578947368421053,0.7659678234751834,0.35529884441311077
1.6842105263157894,2.1578947368421053,0.907600521681814,0.3355792351679595
1.6842105263157894,2.1578947368421053,1.0754220761125606,0.334258967060544
1.6842105263157894,2.1578947368421053,1.2742749857031335,0.3280340984092028
1.6842105263157894,2.1578947368421053,1.5098971606184193,0.3127039954233194
1.6842105263157894,2.1578947368421053,1.789087489923219,0.295354025889274
1.6842105263157894,2.1578947368421053,2.1199020238496082,0.28014093320318134
1.6842105263157894,2.1578947368421053,2.51188643150958,0.2643735532164257
1.6842105263157894,2.4210526315789473,0.09999999999999999,0.2599621421214963
1.6842105263157894,2.4210526315789473,0.11849068510006666,0.2605671077383479
1.6842105263157894,2.4210526315789473,0.1404004245548316,0.27051052772813694
1.6842105263157894,2.4210526315789473,0.16636142493842218,0.284056011369095
1.6842105263157894,2.4210526315789473,0.1971227921517696,0.29600108952638615
1.6842105263157894,2.4210526315789473,0.23357214690901223,0.2836175478617652
1.6842105263157894,2.4210526315789473,0.2767612370754227,0.2726136741568914
1.6842105263157894,2.4210526315789473,0.32793628590208806,0.298501592129655
1.6842105263157894,2.4210526315789473,0.3885739518570975,0.3070227199115129
1.6842105263157894,2.4210526315789473,0.460423937675878,0.3043000173240601
1.6842105263157894,2.4210526315789473,0.5455594781168519,0.32870747714631343
1.6842105263157894,2.4210526315789473,0.646437163249006,0.3159084929626558
1.6842105263157894,2.4210526315789473,0.7659678234751834,0.32164090499767023
1.6842105263157894,2.4210526315789473,0.907600521681814,0.3388270759442804
1.6842105263157894,2.4210526315789473,1.0754220761125606,0.3164637894437065
1.6842105263157894,2.4210526315789473,1.2742749857031335,0.31716693625023334
1.6842105263157894,2.4210526315789473,1.5098971606184193,0.2960275378209183
1.6842105263157894,2.4210526315789473,1.789087489923219,0.2859904180941414
1.6842105263157894,2.4210526315789473,2.1199020238496082,0.27361584520510923
1.6842105263157894,2.4210526315789473,2.51188643150958,0.2578912568121486
1.6842105263157894,2.6842105263157894,0.09999999999999999,0.2590451257559443
1.6842105263157894,2.6842105263157894,0.11849068510006666,0.2715458883541108
1.6842105263157894,2.6842105263157894,0.1404004245548316,0.27303129581915436
1.6842105263157894,2.6842105263157894,0.16636142493842218,0.2741047852410176
1.6842105263157894,2.6842105263157894,0.1971227921517696,0.28256733120180644
1.6842105263157894,2.6842105263157894,0.23357214690901223,0.2833390197048384
1.6842105263157894,2.6842105263157894,0.2767612370754227,0.2850648934792786
1.6842105263157894,2.6842105263157894,0.32793628590208806,0.30127924323980276
1.6842105263157894,2.6842105263157894,0.3885739518570975,0.2955001651883144
1.6842105263157894,2.6842105263157894,0.460423937675878,0.3004637983297954
1.6842105263157894,2.6842105263157894,0.5455594781168519,0.3127918188962639
1.6842105263157894,2.6842105263157894,0.646437163249006,0.3042628294610154
1.6842105263157894,2.6842105263157894,0.7659678234751834,0.3199338418464799
1.6842105263157894,2.6842105263157894,0.907600521681814,0.3117442991392121
1.6842105263157894,2.6842105263157894,1.0754220761125606,0.3115179340702664
1.6842105263157894,2.6842105263157894,1.2742749857031335,0.3044229069159818
1.6842105263157894,2.6842105263157894,1.5098971606184193,0.2928563363552606
1.6842105263157894,2.6842105263157894,1.789087489923219,0.2812656313297231
1.6842105263157894,2.6842105263157894,2.1199020238496082,0.2654260863660474
1.6842105263157894,2.6842105263157894,2.51188643150958,0.25570531623655746
1.6842105263157894,2.9473684210526314,0.09999999999999999,0.2351008821853291
1.6842105263157894,2.9473684210526314,0.11849068510006666,0.24290821076337343
1.6842105263157894,2.9473684210526314,0.1404004245548316,0.24194058875748267
1.6842105263157894,2.9473684210526314,0.16636142493842218,0.25669166550140976
1.6842105263157894,2.9473684210526314,0.1971227921517696,0.2573045177090499
1.6842105263157894,2.9473684210526314,0.23357214690901223,0.26116405836565615
1.6842105263157894,2.9473684210526314,0.2767612370754227,0.27133627005497674
1.6842105263157894,2.9473684210526314,0.32793628590208806,0.2723947479866491
1.6842105263157894,2.9473684210526314,0.3885739518570975,0.29111432004382604
1.6842105263157894,2.9473684210526314,0.460423937675878,0.28252278359112337
1.6842105263157894,2.9473684210526314,0.5455594781168519,0.29891825910827924
1.6842105263157894,2.9473684210526314,0.646437163249006,0.31156999369056704
1.6842105263157894,2.9473684210526314,0.7659678234751834,0.30471334753186613
1.6842105263157894,2.9473684210526314,0.907600521681814,0.29495070535051787
1.6842105263157894,2.9473684210526314,1.0754220761125606,0.29677488606292957
1.6842105263157894,2.9473684210526314,1.2742749857031335,0.29143387953214855
1.6842105263157894,2.9473684210526314,1.5098971606184193,0.28722169977925377
1.6842105263157894,2.9473684210526314,1.789087489923219,0.28037782683816187
1.6842105263157894,2.9473684210526314,2.1199020238496082,0.2642819020560867
1.6842105263157894,2.9473684210526314,2.51188643150958,0.2502884275907091
1.6842105263157894,3.2105263157894735,0.09999999999999999,0.2421061378242601
1.6842105263157894,3.2105263157894735,0.11849068510006666,0.23683411964034182
1.6842105263157894,3.2105263157894735,0.1404004245548316,0.22867645508252712
1.6842105263157894,3.2105263157894735,0.16636142493842218,0.23240384842198294
1.6842105263157894,3.2105263157894735,0.1971227921517696,0.2465152971614406
1.6842105263157894,3.2105263157894735,0.23357214690901223,0.24535895521457157
1.6842105263157894,3.2105263157894735,0.2767612370754227,0.2667965022006866
1.6842105263157894,3.2105263157894735,0.32793628590208806,0.2857351731907154
1.6842105263157894,3.2105263157894735,0.3885739518570975,0.2765121230786058
1.6842105263157894,3.2105263157894735,0.460423937675878,0.2805650760012616
1.6842105263157894,3.2105263157894735,0.5455594781168519,0.27392632816618134
1.6842105263157894,3.2105263157894735,0.646437163249006,0.2872913210246315
1.6842105263157894,3.2105263157894735,0.7659678234751834,0.2966995968512063
1.6842105263157894,3.2105263157894735,0.907600521681814,0.2909928151501961
1.6842105263157894,3.2105263157894735,1.0754220761125606,0.30710716595373977
1.6842105263157894,3.2105263157894735,1.2742749857031335,0.29042057437847996
1.6842105263157894,3.2105263157894735,1.5098971606184193,0.2840121717766386
1.6842105263157894,3.2105263157894735,1.789087489923219,0.27661406859045234
1.6842105263157894,3.2105263157894735,2.1199020238496082,0.2637882876762897
1.6842105263157894,3.2105263157894735,2.51188643150958,0.2500332524314135
1.6842105263157894,3.473684210526316,0.09999999999999999,0.22486112624460372
1.6842105263157894,3.473684210526316,0.11849068510006666,0.23000532921238334
1.6842105263157894,3.473684210526316,0.1404004245548316,0.22404199937212152
1.6842105263157894,3.473684210526316,0.16636142493842218,0.23631695373577294
1.6842105263157894,3.473684210526316,0.1971227921517696,0.24828150791315248
1.6842105263157894,3.473684210526316,0.23357214690901223,0.23886890323289717
1.6842105263157894,3.473684210526316,0.2767612370754227,0.2542334578682423
1.6842105263157894,3.473684210526316,0.32793628590208806,0.2753722513577256
1.6842105263157894,3.473684210526316,0.3885739518570975,0.26960702363603734
1.6842105263157894,3.473684210526316,0.460423937675878,0.2766495520584741
1.6842105263157894,3.473684210526316,0.5455594781168519,0.28086103566152176
1.6842105263157894,3.473684210526316,0.646437163249006,0.2906114958533911
1.6842105263157894,3.473684210526316,0.7659678234751834,0.2989831167272399
1.6842105263157894,3.473684210526316,0.907600521681814,0.29760950691677157
1.6842105263157894,3.473684210526316,1.0754220761125606,0.2912612062735053
1.6842105263157894,3.473684210526316,1.2742749857031335,0.2866950585104025
1.6842105263157894,3.473684210526316,1.5098971606184193,0.28085228381430977
1.6842105263157894,3.473684210526316,1.789087489923219,0.2680308235746762
1.6842105263157894,3.473684210526316,2.1199020238496082,0.25834667430406594
1.6842105263157894,3.473684210526316,2.51188643150958,0.24699185393648587
1.6842105263157894,3.7368421052631575,0.09999999999999999,0.21338839626144526
1.6842105263157894,3.7368421052631575,0.11849068510006666,0.21671409925829352
1.6842105263157894,3.7368421052631575,0.1404004245548316,0.2189973987222684
1.6842105263157894,3.7368421052631575,0.16636142493842218,0.2322814624905016
1.6842105263157894,3.7368421052631575,0.1971227921517696,0.24158914761867162
1.6842105263157894,3.7368421052631575,0.23357214690901223,0.2416673624565726
1.6842105263157894,3.7368421052631575,0.2767612370754227,0.2601425598978522
1.6842105263157894,3.7368421052631575,0.32793628590208806,0.27305282533318004
1.6842105263157894,3.7368421052631575,0.3885739518570975,0.2593822124857576
1.6842105263157894,3.7368421052631575,0.460423937675878,0.26275428814203333
1.6842105263157894,3.7368421052631575,0.5455594781168519,0.269741294741195
1.6842105263157894,3.7368421052631575,0.646437163249006,0.27027346845259265
1.6842105263157894,3.7368421052631575,0.7659678234751834,0.2856445503131809
1.6842105263157894,3.7368421052631575,0.907600521681814,0.2789730944349757
1.6842105263157894,3.7368421052631575,1.0754220761125606,0.2888389597253937
1.6842105263157894,3.7368421052631575,1.2742749857031335,0.29116169721400803
1.6842105263157894,3.7368421052631575,1.5098971606184193,0.280187650327639
1.6842105263157894,3.7368421052631575,1.789087489923219,0.2689741783487887
1.6842105263157894,3.7368421052631575,2.1199020238496082,0.25526780844795266
1.6842105263157894,3.7368421052631575,2.51188643150958,0.24568450726881447
1.6842105263157894,4.0,0.09999999999999999,0.21525424477189714
1.6842105263157894,4.0,0.11849068510006666,0.21614335675165458
1.6842105263157894,4.0,0.1404004245548316,0.22163199727992453
1.6842105263157894,4.0,0.16636142493842218,0.21830797898202972
1.6842105263157894,4.0,0.1971227921517696,0.23174670573623277
1.6842105263157894,4.0,0.23357214690901223,0.23665292006311237
1.6842105263157894,4.0,0.2767612370754227,0.24000714238561302
1.6842105263157894,4.0,0.32793628590208806,0.24968556663388006
1.6842105263157894,4.0,0.3885739518570975,0.25674593743358737
1.6842105263157894,4.0,0.460423937675878,0.2711881286159315
1.6842105263157894,4.0,0.5455594781168519,0.2637723136591786
1.6842105263157894,4.0,0.646437163249006,0.2833383396328655
1.6842105263157894,4.0,0.7659678234751834,0.27796515426417145
1.6842105263157894,4.0,0.907600521681814,0.27695707554696863
1.6842105263157894,4.0,1.0754220761125606,0.28250949640098305
1.6842105263157894,4.0,1.2742749857031335,0.27951862081066475
1.6842105263157894,4.0,1.5098971606184193,0.2698650583969272
1.6842105263157894,4.0,1.789087489923219,0.2641522445010611
1.6842105263157894,4.0,2.1199020238496082,0.25594258399861236
1.6842105263157894,4.0,2.51188643150958,0.24476940563970706
1.894736842105263,-1.0,0.09999999999999999,0.6899092915661549
1.894736842105263,-1.0,0.11849068510006666,0.7104517577426022
1.894736842105263,-1.0,0.1404004245548316,0.7027220341961506
1.894736842105263,-1.0,0.16636142493842218,0.6778108548721103
1.894736842105263,-1.0,0.1971227921517696,0.6790619791929523
1.894736842105263,-1.0,0.23357214690901223,0.6681784280873054
1.894736842105263,-1.0,0.2767612370754227,0.65918758751031
1.894736842105263,-1.0,0.32793628590208806,0.6473268064065623
1.894736842105263,-1.0,0.3885739518570975,0.6248960119071574
1.894736842105263,-1.0,0.460423937675878,0.603185520479296
1.894736842105263,-1.0,0.5455594781168519,0.5762140303452726
1.894736842105263,-1.0,0.646437163249006,0.5323122188010108
1.894736842105263,-1.0,0.7659678234751834,0.4966342463416646
1.894736842105263,-1.0,0.907600521681814,0.4603485484155791
1.894736842105263,-1.0,1.0754220761125606,0.4230078983634404
1.894736842105263,-1.0,1.2742749857031335,0.38073251837173017
1.894736842105263,-1.0,1.5098971606184193,0.3437269139736453
1.894736842105263,-1.0,1.789087489923219,0.31256692521318075
1.894736842105263,-1.0,2.1199020238496082,0.28392247718388675
1.894736842105263,-1.0,2.51188643150958,0.26206109898806534
1.894736842105263,-0.736842105263158,0.09999999999999999,0.6887883766640746
1.894736842105263,-0.736842105263158,0.11849068510006666,0.6926490812024023
1.894736842105263,-0.736842105263158,0.1404004245548316,0.7015558619175845
1.894736842105263,-0.736842105263158,0.16636142493842218,0.6963247109395004
1.894736842105263,-0.736842105263158,0.1971227921517696,0.6895960335218048
1.894736842105263,-0.736842105263158,0.23357214690901223,0.672202228727662
1.894736842105263,-0.736842105263158,0.2767612370754227,0.6629572379533137
1.894736842105263,-0.736842105263158,0.32793628590208806,0.6572508086657658
1.894736842105263,-0.736842105263158,0.3885739518570975,0.6216862073093681
1.894736842105263,-0.736842105263158,0.460423937675878,0.608537434622314
1.894736842105263,-0.736842105263158,0.5455594781168519,0.5737953174993751
1.894736842105263,-0.736842105263158,0.646437163249006,0.5426103298089533
1.894736842105263,-0.736842105263158,0.7659678234751834,0.5014560284815563
1.894736842105263,-0.736842105263158,0.907600521681814,0.4608742828920163
1.894736842105263,-0.736842105263158,1.0754220761125606,0.42122490011233427
1.894736842105263,-0.736842105263158,1.2742749857031335,0.37925286343071973
1.894736842105263,-0.736842105263158,1.5098971606184193,0.34373292189395965
1.894736842105263,-0.736842105263158,1.789087489923219,0.31251644872413353
1.894736842105263,-0.736842105263158,2.1199020238496082,0.2848239260013096
1.894736842105263,-0.736842105263158,2.51188643150958,0.26216271329301793
1.894736842105263,-0.4736842105263158,0.09999999999999999,0.6918440945187561
1.894736842105263,-0.4736842105263158,0.11849068510006666,0.7044055740164465
1.894736842105263,-0.4736842105263158,0.1404004245548316,0.6814705434942623
1.894736842105263,-0.4736842105263158,0.16636142493842218,0.6919536877939484
1.894736842105263,-0.4736842105263158,0.1971227921517696,0.6760320382712711
1.894736842105263,-0.4736842105263158,0.23357214690901223,0.6658558297492039
1.894736842105263,-0.4736842105263158,0.2767612370754227,0.6591384102892615
1.894736842105263,-0.4736842105263158,0.32793628590208806,0.6377127265225611
1.894736842105263,-0.4736842105263158,0.3885739518570975,0.6250434421238547
1.894736842105263,-0.4736842105263158,0.460423937675878,0.605877183133842
1.894736842105263,-0.4736842105263158,0.5455594781168519,0.5716329542497884
1.894736842105263,-0.4736842105263158,0.646437163249006,0.5419733306110509
1.894736842105263,-0.4736842105263158,0.7659678234751834,0.4990103899721863
1.894736842105263,-0.4736842105263158,0.907600521681814,0.46081458300597355
1.894736842105263,-0.4736842105263158,1.0754220761125606,0.42074213297196283
1.894736842105263,-0.4736842105263158,1.2742749857031335,0.3768997200469223
1.894736842105263,-0.4736842105263158,1.5098971606184193,0.3470795371756519
1.894736842105263,-0.4736842105263158,1.789087489923219,0.31264083715653773
1.894736842105263,-0.4736842105263158,2.1199020238496082,0.28472341262992906
1.894736842105263,-0.4736842105263158,2.51188643150958,0.26177687266204136
1.894736842105263,-0.21052631578947367,0.09999999999999999,0.6930916665881955
1.894736842105263,-0.21052631578947367,0.11849068510006666,0.7015268365065294
1.894736842105263,-0.21052631578947367,0.1404004245548316,0.6998150521895867
1.894736842105263,-0.21052631578947367,0.16636142493842218,0.6928342943394952
1.894736842105263,-0.21052631578947367,0.1971227921517696,0.6713643688162627
1.894736842105263,-0.21052631578947367,0.23357214690901223,0.6658601469803779
1.894736842105263,-0.21052631578947367,0.2767612370754227,0.6644774875755249
1.894736842105263,-0.21052631578947367,0.32793628590208806,0.6329613973755835
1.894736842105263,-0.21052631578947367,0.3885739518570975,0.6268519078289407
1.894736842105263,-0.21052631578947367,0.460423937675878,0.60355641967117
1.894736842105263,-0.21052631578947367,0.5455594781168519,0.5760066380586146
1.894736842105263,-0.21052631578947367,0.646437163249006,0.5407915230697979
1.894736842105263,-0.21052631578947367,0.7659678234751834,0.5007371441739695
1.894736842105263,-0.21052631578947367,0.907600521681814,0.4579073488019038
1.894736842105263,-0.21052631578947367,1.0754220761125606,0.41793802006573566
1.894736842105263,-0.21052631578947367,1.2742749857031335,0.38131078171933586
1.894736842105263,-0.21052631578947367,1.5098971606184193,0.34135780571231894
1.894736842105263,-0.21052631578947367,1.789087489923219,0.3126772961502598
1.894736842105263,-0.21052631578947367,2.1199020238496082,0.2854416860106717
1.894736842105263,-0.21052631578947367,2.51188643150958,0.26253424000636183
1.894736842105263,0.05263157894736836,0.09999999999999999,0.7073873072033918
1.894736842105263,0.05263157894736836,0.11849068510006666,0.68563082200148
1.894736842105263,0.05263157894736836,0.1404004245548316,0.6990486764278818
1.894736842105263,0.05263157894736836,0.16636142493842218,0.6766145954377102
1.894736842105263,0.05263157894736836,0.1971227921517696,0.668278185664651
1.894736842105263,0.05263157894736836,0.23357214690901223,0.6738734412584528
1.894736842105263,0.05263157894736836,0.2767612370754227,0.6584637334315799
1.894736842105263,0.05263157894736836,0.32793628590208806,0.6440386686685192
1.894736842105263,0.05263157894736836,0.3885739518570975,0.6145989005006748
1.894736842105263,0.05263157894736836,0.460423937675878,0.5970216927357258
1.894736842105263,0.05263157894736836,0.5455594781168519,0.5602639962635816
1.894736842105263,0.05263157894736836,0.646437163249006,0.5348875469768946
1.894736842105263,0.05263157894736836,0.7659678234751834,0.500030529481944
1.894736842105263,0.05263157894736836,0.907600521681814,0.459750903116926
1.894736842105263,0.05263157894736836,1.0754220761125606,0.4146434002965365
1.894736842105263,0.05263157894736836,1.2742749857031335,0.37706107825277596
1.894736842105263,0.05263157894736836,1.5098971606184193,0.3445367665726559
1.894736842105263,0.05263157894736836,1.789087489923219,0.3115314758438034
1.894736842105263,0.05263157894736836,2.1199020238496082,0.28468368705009706
1.894736842105263,0.05263157894736836,2.51188643150958,0.262480400657142
1.894736842105263,0.3157894736842104,0.09999999999999999,0.6943687717662591
1.894736842105263,0.3157894736842104,0.11849068510006666,0.6738856441279494
1.894736842105263,0.3157894736842104,0.1404004245548316,0.6895668328162206
1.894736842105263,0.3157894736842104,0.16636142493842218,0.6921741397085388
1.894736842105263,0.3157894736842104,0.1971227921517696,0.6729323837853164
1.894736842105263,0.3157894736842104,0.23357214690901223,0.6570003199806584
1.894736842105263,0.3157894736842104,0.2767612370754227,0.6649342538039148
1.894736842105263,0.3157894736842104,0.32793628590208806,0.6460128952240712
1.894736842105263,0.3157894736842104,0.3885739518570975,0.6205962511484105
1.894736842105263,0.3157894736842104,0.460423937675878,0.6032202452509278
1.894736842105263,0.3157894736842104,0.5455594781168519,0.5665300885881385
1.894736842105263,0.3157894736842104,0.646437163249006,0.5368303151298333
1.894736842105263,0.3157894736842104,0.7659678234751834,0.5012638406060624
1.894736842105263,0.3157894736842104,0.907600521681814,0.4579550697412224
1.894736842105263,0.3157894736842104,1.0754220761125606,0.41853843309119626
1.894736842105263,0.3157894736842104,1.2742749857031335,0.3817877722775353
1.894736842105263,0.3157894736842104,1.5098971606184193,0.3445200175694361
1.894736842105263,0.3157894736842104,1.789087489923219,0.3107954312240325
1.894736842105263,0.3157894736842104,2.1199020238496082,0.2844486890517847
1.894736842105263,0.3157894736842104,2.51188643150958,0.26303292588865923
1.894736842105263,0.5789473684210527,0.09999999999999999,0.6832034696709571
1.894736842105263,0.5789473684210527,0.11849068510006666,0.712512458764991
1.894736842105263,0.5789473684210527,0.1404004245548316,0.6863557637955731
1.894736842105263,0.5789473684210527,0.16636142493842218,0.6628570600971148
1.894736842105263,0.5789473684210527,0.1971227921517696,0.6814289738456865
1.894736842105263,0.5789473684210527,0.23357214690901223,0.670329365186627
1.894736842105263,0.5789473684210527,0.2767612370754227,0.6656508593759433
1.894736842105263,0.5789473684210527,0.32793628590208806,0.642085394784708
1.894736842105263,0.5789473684210527,0.3885739518570975,0.6241001416856563
1.894736842105263,0.5789473684210527,0.460423937675878,0.6000553121647737
1.894736842105263,0.5789473684210527,0.5455594781168519,0.5711970613852418
1.894736842105263,0.5789473684210527,0.646437163249006,0.5365654776008654
1.894736842105263,0.5789473684210527,0.7659678234751834,0.5023586019703292
1.894736842105263,0.5789473684210527,0.907600521681814,0.45845308935082846
1.894736842105263,0.5789473684210527,1.0754220761125606,0.42194966328544486
1.894736842105263,0.5789473684210527,1.2742749857031335,0.37995575758618527
1.894736842105263,0.5789473684210527,1.5098971606184193,0.34453847368854046
1.894736842105263,0.5789473684210527,1.789087489923219,0.3138290955547285
1.894736842105263,0.5789473684210527,2.1199020238496082,0.2853748170920584
1.894736842105263,0.5789473684210527,2.51188643150958,0.263317142306464
1.894736842105263,0.8421052631578947,0.09999999999999999,0.6799651622437444
1.894736842105263,0.8421052631578947,0.11849068510006666,0.6797565836071078
1.894736842105263,0.8421052631578947,0.1404004245548316,0.6893318347645919
1.894736842105263,0.8421052631578947,0.16636142493842218,0.6712689273526746
1.894736842105263,0.8421052631578947,0.1971227921517696,0.6542612165862229
1.894736842105263,0.8421052631578947,0.23357214690901223,0.6714585506905083
1.894736842105263,0.8421052631578947,0.2767612370754227,0.6527481265201293
1.894736842105263,0.8421052631578947,0.32793628590208806,0.629536154801628
1.894736842105263,0.8421052631578947,0.3885739518570975,0.6112839810512013
1.894736842105263,0.8421052631578947,0.460423937675878,0.6011705731852922
1.894736842105263,0.8421052631578947,0.5455594781168519,0.5715678434919432
1.894736842105263,0.8421052631578947,0.646437163249006,0.5367387649071386
1.894736842105263,0.8421052631578947,0.7659678234751834,0.49859927385017994
1.894736842105263,0.8421052631578947,0.907600521681814,0.4576372813894808
1.894736842105263,0.8421052631578947,1.0754220761125606,0.41835612154270274
1.894736842105263,0.8421052631578947,1.2742749857031335,0.37741301892479795
1.894736842105263,0.8421052631578947,1.5098971606184193,0.34724818489875614
1.894736842105263,0.8421052631578947,1.789087489923219,0.31354794454007284
1.894736842105263,0.8421052631578947,2.1199020238496082,0.2876600730295614
1.894736842105263,0.8421052631578947,2.51188643150958,0.2650893459660738
1.894736842105263,1.1052631578947367,0.09999999999999999,0.6711442152643966
1.894736842105263,1.1052631578947367,0.11849068510006666,0.6637477885617282
1.894736842105263,1.1052631578947367,0.1404004245548316,0.6737452455957984
1.894736842105263,1.1052631578947367,0.16636142493842218,0.6624575567648772
1.894736842105263,1.1052631578947367,0.1971227921517696,0.6521948411686246
1.894736842105263,1.1052631578947367,0.23357214690901223,0.6581154077036784
1.894736842105263,1.1052631578947367,0.2767612370754227,0.6479695451314319
1.894736842105263,1.1052631578947367,0.32793628590208806,0.6289630635469097
1.894736842105263,1.1052631578947367,0.3885739518570975,0.6192298051030877
1.894736842105263,1.1052631578947367,0.460423937675878,0.5791610322472482
1.894736842105263,1.1052631578947367,0.5455594781168519,0.5644791026621565
1.894736842105263,1.1052631578947367,0.646437163249006,0.5288598933930827
1.894736842105263,1.1052631578947367,0.7659678234751834,0.4971181189184165
1.894736842105263,1.1052631578947367,0.907600521681814,0.4586624160158815
1.894736842105263,1.1052631578947367,1.0754220761125606,0.418981417982406
1.894736842105263,1.1052631578947367,1.2742749857031335,0.3844062337231313
1.894736842105263,1.1052631578947367,1.5098971606184193,0.3475210988826657
1.894736842105263,1.1052631578947367,1.789087489923219,0.3148860346547859
1.894736842105263,1.1052631578947367,2.1199020238496082,0.2883207576951451
1.894736842105263,1.1052631578947367,2.51188643150958,0.2650553821016964
1.894736842105263,1.3684210526315788,0.09999999999999999,0.6052857738549832
1.894736842105263,1.3684210526315788,0.11849068510006666,0.6086255243785735
1.894736842105263,1.3684210526315788,0.1404004245548316,0.6297731417458425
1.894736842105263,1.3684210526315788,0.16636142493842218,0.633146440059828
1.894736842105263,1.3684210526315788,0.1971227921517696,0.610849722802861
1.894736842105263,1.3684210526315788,0.23357214690901223,0.6081198113007746
1.894736842105263,1.3684210526315788,0.2767612370754227,0.6115064992890078
1.894736842105263,1.3684210526315788,0.32793628590208806,0.5913149440526416
1.894736842105263,1.3684210526315788,0.3885739518570975,0.5762915057276172
1.894736842105263,1.3684210526315788,0.460423937675878,0.5598968643394352
1.894736842105263,1.3684210526315788,0.5455594781168519,0.5333456514839946
1.894736842105263,1.3684210526315788,0.646437163249006,0.5111550809231504
1.894736842105263,1.3684210526315788,0.7659678234751834,0.47420274256222583
1.894736842105263,1.3684210526315788,0.907600521681814,0.44538057697181377
1.894736842105263,1.3684210526315788,1.0754220761125606,0.41114074548275326
1.894736842105263,1.3684210526315788,1.2742749857031335,0.3809988345680276
1.894736842105263,1.3684210526315788,1.5098971606184193,0.3464132829786943
1.894736842105263,1.3684210526315788,1.789087489923219,0.31502492638340424
1.894736842105263,1.3684210526315788,2.1199020238496082,0.29148438457671816
1.894736842105263,1.3684210526315788,2.51188643150958,0.26810606991294134
1.894736842105263,1.6315789473684208,0.09999999999999999,0.531553313440209
1.894736842105263,1.6315789473684208,0.11849068510006666,0.5222976718069227
1.894736842105263,1.6315789473684208,0.1404004245548316,0.5204819213803021
1.894736842105263,1.6315789473684208,0.16636142493842218,0.54796137959404
1.894736842105263,1.6315789473684208,0.1971227921517696,0.5039544752144757
1.894736842105263,1.6315789473684208,0.23357214690901223,0.5325040521987129
1.894736842105263,1.6315789473684208,0.2767612370754227,0.5286765410448988
1.894736842105263,1.6315789473684208,0.32793628590208806,0.537540985016196
1.894736842105263,1.6315789473684208,0.3885739518570975,0.5059449161050517
1.894736842105263,1.6315789473684208,0.460423937675878,0.4934747134096876
1.894736842105263,1.6315789473684208,0.5455594781168519,0.4872705356564052
1.894736842105263,1.6315789473684208,0.646437163249006,0.4811058261090121
1.894736842105263,1.6315789473684208,0.7659678234751834,0.45724217884044527
1.894736842105263,1.6315789473684208,0.907600521681814,0.4266590166573491
1.894736842105263,1.6315789473684208,1.0754220761125606,0.40074564733145795
1.894736842105263,1.6315789473684208,1.2742749857031335,0.3687723283663553
1.894736842105263,1.6315789473684208,1.5098971606184193,0.3418446527057298
1.894736842105263,1.6315789473684208,1.789087489923219,0.3181659642564902
1.894736842105263,1.6315789473684208,2.1199020238496082,0.2913447177957599
1.894736842105263,1.6315789473684208,2.51188643150958,0.27127835164763475
1.894736842105263,1.8947368421052628,0.09999999999999999,0.3553529441337451
1.894736842105263,1.8947368421052628,0.11849068510006666,0.3602209576927069
1.894736842105263,1.8947368421052628,0.1404004245548316,0.3756189966315627
1.894736842105263,1.8947368421052628,0.16636142493842218,0.3712506594773952
1.894736842105263,1.8947368421052628,0.1971227921517696,0.4110755662207386
1.894736842105263,1.8947368421052628,0.23357214690901223,0.40316264423409753
1.894736842105263,1.8947368421052628,0.2767612370754227,0.38199020594907396
1.894736842105263,1.8947368421052628,0.32793628590208806,0.40103115572338344
1.894736842105263,1.8947368421052628,0.3885739518570975,0.3968072795077699
1.894736842105263,1.8947368421052628,0.460423937675878,0.4153379205850153
1.894736842105263,1.8947368421052628,0.5455594781168519,0.41398324854859664
1.894736842105263,1.8947368421052628,0.646437163249006,0.40929184196376167
1.894736842105263,1.8947368421052628,0.7659678234751834,0.4017249283094249
1.894736842105263,1.8947368421052628,0.907600521681814,0.38730336295946355
1.894736842105263,1.8947368421052628,1.0754220761125606,0.3675581099761478
1.894736842105263,1.8947368421052628,1.2742749857031335,0.3532808358462599
1.894736842105263,1.8947368421052628,1.5098971606184193,0.33335896276341276
1.894736842105263,1.8947368421052628,1.789087489923219,0.31380237251024234
1.894736842105263,1.8947368421052628,2.1199020238496082,0.29090877934780035
1.894736842105263,1.8947368421052628,2.51188643150958,0.271962602087244
1.894736842105263,2.1578947368421053,0.09999999999999999,0.2741168662064642
1.894736842105263,2.1578947368421053,0.11849068510006666,0.2914099392216815
1.894736842105263,2.1578947368421053,0.1404004245548316,0.28825340458776416
1.894736842105263,2.1578947368421053,0.16636142493842218,0.30322616893305177
1.894736842105263,2.1578947368421053,0.1971227921517696,0.29173777285497215
1.894736842105263,2.1578947368421053,0.23357214690901223,0.317257593122824
1.894736842105263,2.1578947368421053,0.2767612370754227,0.3194589745713477
1.894736842105263,2.1578947368421053,0.32793628590208806,0.3164916058006104
1.894736842105263,2.1578947368421053,0.3885739518570975,0.34112210703301027
1.894736842105263,2.1578947368421053,0.460423937675878,0.353996521964529
1.894736842105263,2.1578947368421053,0.5455594781168519,0.34943943764710733
1.894736842105263,2.1578947368421053,0.646437163249006,0.36287701395623323
1.894736842105263,2.1578947368421053,0.7659678234751834,0.3600448080270637
1.894736842105263,2.1578947368421053,0.907600521681814,0.3430822744223837
1.894736842105263,2.1578947368421053,1.0754220761125606,0.34464123395997726
1.894736842105263,2.1578947368421053,1.2742749857031335,0.3316518162957179
1.894736842105263,2.1578947368421053,1.5098971606184193,0.3214661554000041
1.894736842105263,2.1578947368421053,1.789087489923219,0.30330528187716194
1.894736842105263,2.1578947368421053,2.1199020238496082,0.2846618328280494
1.894736842105263,2.1578947368421053,2.51188643150958,0.26784329966950254
1.894736842105263,2.4210526315789473,0.09999999999999999,0.2657552561208609
1.894736842105263,2.4210526315789473,0.11849068510006666,0.24654806814616165
1.894736842105263,2.4210526315789473,0.1404004245548316,0.2627665431990448
1.894736842105263,2.4210526315789473,0.16636142493842218,0.2630341172636536
1.894736842105263,2.4210526315789473,0.1971227921517696,0.29010400051999935
1.894736842105263,2.4210526315789473,0.23357214690901223,0.298464884645511
1.894736842105263,2.4210526315789473,0.2767612370754227,0.29880927870876656
1.894736842105263,2.4210526315789473,0.32793628590208806,0.29812601880624406
1.894736842105263,2.4210526315789473,0.3885739518570975,0.3183704136886531
1.894736842105263,2.4210526315789473,0.460423937675878,0.32599600286339353
1.894736842105263,2.4210526315789473,0.5455594781168519,0.3278637069196028
1.894736842105263,2.4210526315789473,0.646437163249006,0.32630075266198305
1.894736842105263,2.4210526315789473,0.7659678234751834,0.342583852990617
1.894736842105263,2.4210526315789473,0.907600521681814,0.3247253604587884
1.894736842105263,2.4210526315789473,1.0754220761125606,0.32307774999555444
1.894736842105263,2.4210526315789473,1.2742749857031335,0.319678456751489
1.894736842105263,2.4210526315789473,1.5098971606184193,0.3037470488471944
1.894736842105263,2.4210526315789473,1.789087489923219,0.29369100386097385
1.894736842105263,2.4210526315789473,2.1199020238496082,0.2819216482827721
1.894736842105263,2.4210526315789473,2.51188643150958,0.26288782922823806
1.894736842105263,2.6842105263157894,0.09999999999999999,0.28680572436696883
1.894736842105263,2.6842105263157894,0.11849068510006666,0.2701273772668032
1.894736842105263,2.6842105263157894,0.1404004245548316,0.27048525993648437
1.894736842105263,2.6842105263157894,0.16636142493842218,0.2774855624142309
1.894736842105263,2.6842105263157894,0.1971227921517696,0.262987508572744
1.894736842105263,2.6842105263157894,0.23357214690901223,0.27886528038404
1.894736842105263,2.6842105263157894,0.2767612370754227,0.29901922908573003
1.894736842105263,2.6842105263157894,0.32793628590208806,0.2921276285978295
1.894736842105263,2.6842105263157894,0.3885739518570975,0.31377107399154974
1.894736842105263,2.6842105263157894,0.460423937675878,0.3245115534556028
1.894736842105263,2.6842105263157894,0.5455594781168519,0.31532449597980017
1.894736842105263,2.6842105263157894,0.646437163249006,0.32672858140430655
1.894736842105263,2.6842105263157894,0.7659678234751834,0.32821498499853047
1.894736842105263,2.6842105263157894,0.907600521681814,0.3187215891057954
1.894736842105263,2.6842105263157894,1.0754220761125606,0.3245147247524481
1.894736842105263,2.6842105263157894,1.2742749857031335,0.3085405679704796
1.894736842105263,2.6842105263157894,1.5098971606184193,0.29863530117449216
1.894736842105263,2.6842105263157894,1.789087489923219,0.2841389187855571
1.894736842105263,2.6842105263157894,2.1199020238496082,0.2742828425950659
1.894736842105263,2.6842105263157894,2.51188643150958,0.2604474074786992
1.894736842105263,2.9473684210526314,0.09999999999999999,0.2684543780095807
1.894736842105263,2.9473684210526314,0.11849068510006666,0.2673167565562615
1.894736842105263,2.9473684210526314,0.1404004245548316,0.27644754284985806
1.894736842105263,2.9473684210526314,0.16636142493842218,0.2655546438949946
1.894736842105263,2.9473684210526314,0.1971227921517696,0.253551717557758
1.894736842105263,2.9473684210526314,0.23357214690901223,0.2875648432436658
1.894736842105263,2.9473684210526314,0.2767612370754227,0.29226110953054907
1.894736842105263,2.9473684210526314,0.32793628590208806,0.2929158928393533
1.894736842105263,2.9473684210526314,0.3885739518570975,0.2883773640794146
1.894736842105263,2.9473684210526314,0.460423937675878,0.29579204008012555
1.894736842105263,2.9473684210526314,0.5455594781168519,0.3050320747533557
1.894736842105263,2.9473684210526314,0.646437163249006,0.3146491016748792
1.894736842105263,2.9473684210526314,0.7659678234751834,0.30841246414049034
1.894736842105263,2.9473684210526314,0.907600521681814,0.30830339406710777
1.894736842105263,2.9473684210526314,1.0754220761125606,0.3171866857653968
1.894736842105263,2.9473684210526314,1.2742749857031335,0.30233618489402647
1.894736842105263,2.9473684210526314,1.5098971606184193,0.2925933642609782
1.894736842105263,2.9473684210526314,1.789087489923219,0.2852099795569946
1.894736842105263,2.9473684210526314,2.1199020238496082,0.2707198669364747
1.894736842105263,2.9473684210526314,2.51188643150958,0.2539114315791639
1.894736842105263,3.2105263157894735,0.09999999999999999,0.25961729782661247
1.894736842105263,3.2105263157894735,0.11849068510006666,0.24723809859251758
1.894736842105263,3.2105263157894735,0.1404004245548316,0.2413768359908803
1.894736842105263,3.2105263157894735,0.16636142493842218,0.2626885574422234
1.894736842105263,3.2105263157894735,0.1971227921517696,0.24711715015942423
1.894736842105263,3.2105263157894735,0.23357214690901223,0.24979539482791582
1.894736842105263,3.2105263157894735,0.2767612370754227,0.28340841075961287
1.894736842105263,3.2105263157894735,0.32793628590208806,0.28201204660454415
1.894736842105263,3.2105263157894735,0.3885739518570975,0.28293360263064465
1.894736842105263,3.2105263157894735,0.460423937675878,0.2849711625291979
1.894736842105263,3.2105263157894735,0.5455594781168519,0.30600461416123564
1.894736842105263,3.2105263157894735,0.646437163249006,0.3273171973551846
1.894736842105263,3.2105263157894735,0.7659678234751834,0.3129275755438903
1.894736842105263,3.2105263157894735,0.907600521681814,0.2945031884193666
1.894736842105263,3.2105263157894735,1.0754220761125606,0.31095858837620205
1.894736842105263,3.2105263157894735,1.2742749857031335,0.2951073042429565
1.894736842105263,3.2105263157894735,1.5098971606184193,0.2824466655040713
1.894736842105263,3.2105263157894735,1.789087489923219,0.2758053870319305
1.894736842105263,3.2105263157894735,2.1199020238496082,0.2620559921939322
1.894736842105263,3.2105263157894735,2.51188643150958,0.25123438254798625
1.894736842105263,3.473684210526316,0.09999999999999999,0.23277822073365406
1.894736842105263,3.473684210526316,0.11849068510006666,0.23040466885157687
1.894736842105263,3.473684210526316,0.1404004245548316,0.23941647360621304
1.894736842105263,3.473684210526316,0.16636142493842218,0.25383131354113714
1.894736842105263,3.473684210526316,0.1971227921517696,0.2528838962288349
1.894736842105263,3.473684210526316,0.23357214690901223,0.2564711619980229
1.894736842105263,3.473684210526316,0.2767612370754227,0.2480983890052765
1.894736842105263,3.473684210526316,0.32793628590208806,0.26728613598629825
1.894736842105263,3.473684210526316,0.3885739518570975,0.28391902655964524
1.894736842105263,3.473684210526316,0.460423937675878,0.2935810386620101
1.894736842105263,3.473684210526316,0.5455594781168519,0.2879957986100014
1.894736842105263,3.473684210526316,0.646437163249006,0.2981056487333778
1.894736842105263,3.473684210526316,0.7659678234751834,0.3057980967694
1.894736842105263,3.473684210526316,0.907600521681814,0.29409471836648404
1.894736842105263,3.473684210526316,1.0754220761125606,0.3023279868976968
1.894736842105263,3.473684210526316,1.2742749857031335,0.2927960856634895
1.894736842105263,3.473684210526316,1.5098971606184193,0.28199815104694326
1.894736842105263,3.473684210526316,1.789087489923219,0.2704241388769309
1.894736842105263,3.473684210526316,2.1199020238496082,0.262686187800403
1.894736842105263,3.473684210526316,2.51188643150958,0.25056876387569726
1.894736842105263,3.7368421052631575,0.09999999999999999,0.23009141031226668
1.894736842105263,3.7368421052631575,0.11849068510006666,0.23263294526533385
1.894736842105263,3.7368421052631575,0.1404004245548316,0.2387950654269943
1.894736842105263,3.7368421052631575,0.16636142493842218,0.24899029542383633
1.894736842105263,3.7368421052631575,0.1971227921517696,0.2519825318330173
1.894736842105263,3.7368421052631575,0.23357214690901223,0.2494286075508739
1.894736842105263,3.7368421052631575,0.2767612370754227,0.244407977197687
1.894736842105263,3.7368421052631575,0.32793628590208806,0.28702389680676554
1.894736842105263,3.7368421052631575,0.3885739518570975,0.27669604208019755
1.894736842105263,3.7368421052631575,0.460423937675878,0.2862664527997188
1.894736842105263,3.7368421052631575,0.5455594781168519,0.2886785317578128
1.894736842105263,3.7368421052631575,0.646437163249006,0.2824707926332695
1.894736842105263,3.7368421052631575,0.7659678234751834,0.29746568834697906
1.894736842105263,3.7368421052631575,0.907600521681814,0.2858570009801273
1.894736842105263,3.7368421052631575,1.0754220761125606,0.2925086556233916
1.894736842105263,3.7368421052631575,1.2742749857031335,0.2870772684124858
1.894736842105263,3.7368421052631575,1.5098971606184193,0.28256870134513673
1.894736842105263,3.7368421052631575,1.789087489923219,0.2714698454370268
1.894736842105263,3.7368421052631575,2.1199020238496082,0.259929578189444
1.894736842105263,3.7368421052631575,2.51188643150958,0.24864356426950107
1.894736842105263,4.0,0.09999999999999999,0.2208630085540231
1.894736842105263,4.0,0.11849068510006666,0.23105621460776335
1.894736842105263,4.0,0.1404004245548316,0.2333856179478752
1.894736842105263,4.0,0.16636142493842218,0.2500110524142134
1.894736842105263,4.0,0.1971227921517696,0.21987828144063343
1.894736842105263,4.0,0.23357214690901223,0.2472156435782222
1.894736842105263,4.0,0.2767612370754227,0.25142933848186605
1.894736842105263,4.0,0.32793628590208806,0.2547878514473976
1.894736842105263,4.0,0.3885739518570975,0.2724731320249795
1.894736842105263,4.0,0.460423937675878,0.27657370640683077
1.894736842105263,4.0,0.5455594781168519,0.2866558697827437
1.894736842105263,4.0,0.646437163249006,0.2793581018129221
1.894736842105263,4.0,0.7659678234751834,0.293722666039292
1.894736842105263,4.0,0.907600521681814,0.29562058256159124
1.894736842105263,4.0,1.0754220761125606,0.28604631178336054
1.894736842105263,4.0,1.2742749857031335,0.274906049111632
1.894736842105263,4.0,1.5098971606184193,0.27438597974229395
1.894736842105263,4.0,1.789087489923219,0.2647611567117537
1.894736842105263,4.0,2.1199020238496082,0.2586236071729872
1.894736842105263,4.0,2.51188643150958,0.2475138028683988
2.1052631578947367,-1.0,0.09999999999999999,0.6909085434096139
2.1052631578947367,-1.0,0.11849068510006666,0.7108935165954313
2.1052631578947367,-1.0,0.1404004245548316,0.6950148659551545
2.1052631578947367,-1.0,0.16636142493842218,0.6664563064314022
2.1052631578947367,-1.0,0.1971227921517696,0.6921291351000853
2.1052631578947367,-1.0,0.23357214690901223,0.674723850200818
2.1052631578947367,-1.0,0.2767612370754227,0.6581738207962514
2.1052631578947367,-1.0,0.32793628590208806,0.6399295781020066
2.1052631578947367,-1.0,0.3885739518570975,0.6240992433147748
2.1052631578947367,-1.0,0.460423937675878,0.601352060221859
2.1052631578947367,-1.0,0.5455594781168519,0.5713675667830571
2.1052631578947367,-1.0,0.646437163249006,0.5448820612307085
2.1052631578947367,-1.0,0.7659678234751834,0.49684104748742025
2.1052631578947367,-1.0,0.907600521681814,0.4607486772189406
2.1052631578947367,-1.0,1.0754220761125606,0.41894713901325425
2.1052631578947367,-1.0,1.2742749857031335,0.3793819146961979
2.1052631578947367,-1.0,1.5098971606184193,0.3460393054899037
2.1052631578947367,-1.0,1.789087489923219,0.30949436368127603
2.1052631578947367,-1.0,2.1199020238496082,0.28666696546692444
2.1052631578947367,-1.0,2.51188643150958,0.2625758526188444
2.1052631578947367,-0.736842105263158,0.09999999999999999,0.6837993708542267
2.1052631578947367,-0.736842105263158,0.11849068510006666,0.6873316310494927
2.1052631578947367,-0.736842105263158,0.1404004245548316,0.6864607720911152
2.1052631578947367,-0.736842105263158,0.16636142493842218,0.6901983649600928
2.1052631578947367,-0.736842105263158,0.1971227921517696,0.6616299728483307
2.1052631578947367,-0.736842105263158,0.23357214690901223,0.6770397614580403
2.1052631578947367,-0.736842105263158,0.2767612370754227,0.6624944641203594
2.1052631578947367,-0.736842105263158,0.32793628590208806,0.655062512450509
2.1052631578947367,-0.736842105263158,0.3885739518570975,0.6215487219876371
2.1052631578947367,-0.736842105263158,0.460423937675878,0.6022606332197246
2.1052631578947367,-0.736842105263158,0.5455594781168519,0.579298975596425
2.1052631578947367,-0.736842105263158,0.646437163249006,0.5389959386284098
2.1052631578947367,-0.736842105263158,0.7659678234751834,0.5006511657699361
2.1052631578947367,-0.736842105263158,0.907600521681814,0.4560484435501934
2.1052631578947367,-0.736842105263158,1.0754220761125606,0.4193524378014167
2.1052631578947367,-0.736842105263158,1.2742749857031335,0.38228081239044764
2.1052631578947367,-0.736842105263158,1.5098971606184193,0.34180004651738344
2.1052631578947367,-0.736842105263158,1.789087489923219,0.311605953884678
2.1052631578947367,-0.736842105263158,2.1199020238496082,0.28377323166334023
2.1052631578947367,-0.736842105263158,2.51188643150958,0.2629050006314111
2.1052631578947367,-0.4736842105263158,0.09999999999999999,0.6811211049171652
2.1052631578947367,-0.4736842105263158,0.11849068510006666,0.6978270721640673
2.1052631578947367,-0.4736842105263158,0.1404004245548316,0.7063859680067113
2.1052631578947367,-0.4736842105263158,0.16636142493842218,0.6740725371066659
2.1052631578947367,-0.4736842105263158,0.1971227921517696,0.67636348495515
2.1052631578947367,-0.4736842105263158,0.23357214690901223,0.6731451677932886
2.1052631578947367,-0.4736842105263158,0.2767612370754227,0.651524938604753
2.1052631578947367,-0.4736842105263158,0.32793628590208806,0.6494400536111258
2.1052631578947367,-0.4736842105263158,0.3885739518570975,0.6217594150982187
2.1052631578947367,-0.4736842105263158,0.460423937675878,0.5866895861879788
2.1052631578947367,-0.4736842105263158,0.5455594781168519,0.5653906291255536
2.1052631578947367,-0.4736842105263158,0.646437163249006,0.5333684628167099
2.1052631578947367,-0.4736842105263158,0.7659678234751834,0.5036940820433856
2.1052631578947367,-0.4736842105263158,0.907600521681814,0.4591649416555494
2.1052631578947367,-0.4736842105263158,1.0754220761125606,0.418850232235558
2.1052631578947367,-0.4736842105263158,1.2742749857031335,0.38134814040928544
2.1052631578947367,-0.4736842105263158,1.5098971606184193,0.34350099762743147
2.1052631578947367,-0.4736842105263158,1.789087489923219,0.31248954187628747
2.1052631578947367,-0.4736842105263158,2.1199020238496082,0.28442244697053215
2.1052631578947367,-0.4736842105263158,2.51188643150958,0.2623646754670545
2.1052631578947367,-0.21052631578947367,0.09999999999999999,0.6969815104962528
2.1052631578947367,-0.21052631578947367,0.11849068510006666,0.7026688142211736
2.1052631578947367,-0.21052631578947367,0.1404004245548316,0.6845206822337665
2.1052631578947367,-0.21052631578947367,0.16636142493842218,0.6652478304199535
2.1052631578947367,-0.21052631578947367,0.1971227921517696,0.6877806305811737
2.1052631578947367,-0.21052631578947367,0.23357214690901223,0.6743281624076616
2.1052631578947367,-0.21052631578947367,0.2767612370754227,0.6564227347964984
2.1052631578947367,-0.21052631578947367,0.32793628590208806,0.6479837224969944
2.1052631578947367,-0.21052631578947367,0.3885739518570975,0.6189357639780828
2.1052631578947367,-0.21052631578947367,0.460423937675878,0.601740552618824
2.1052631578947367,-0.21052631578947367,0.5455594781168519,0.569475241711709
2.1052631578947367,-0.21052631578947367,0.646437163249006,0.53744457298491
2.1052631578947367,-0.21052631578947367,0.7659678234751834,0.5051503302309722
2.1052631578947367,-0.21052631578947367,0.907600521681814,0.4602567515444901
2.1052631578947367,-0.21052631578947367,1.0754220761125606,0.41882899789412076
2.1052631578947367,-0.21052631578947367,1.2742749857031335,0.3793657821654011
2.1052631578947367,-0.21052631578947367,1.5098971606184193,0.3429349485080149
2.1052631578947367,-0.21052631578947367,1.789087489923219,0.311145267201942
2.1052631578947367,-0.21052631578947367,2.1199020238496082,0.28432389370097516
2.1052631578947367,-0.21052631578947367,2.51188643150958,0.2623015251298599
2.1052631578947367,0.05263157894736836,0.09999999999999999,0.6844804274144483
2.1052631578947367,0.05263157894736836,0.11849068510006666,0.686442718833088
2.1052631578947367,0.05263157894736836,0.1404004245548316,0.6903599811778045
2.1052631578947367,0.05263157894736836,0.16636142493842218,0.6871339796965883
2.1052631578947367,0.05263157894736836,0.1971227921517696,0.6699002804741151
2.1052631578947367,0.05263157894736836,0.23357214690901223,0.6693305135150209
2.1052631578947367,0.05263157894736836,0.2767612370754227,0.6611568753637314
2.1052631578947367,0.05263157894736836,0.32793628590208806,0.6427067496448955
2.1052631578947367,0.05263157894736836,0.3885739518570975,0.6208073253913681
2.1052631578947367,0.05263157894736836,0.460423937675878,0.6017392117516711
2.1052631578947367,0.05263157894736836,0.5455594781168519,0.5727869553331277
2.1052631578947367,0.05263157894736836,0.646437163249006,0.5336565428234965
2.1052631578947367,0.05263157894736836,0.7659678234751834,0.5030523068988298
2.1052631578947367,0.05263157894736836,0.907600521681814,0.4602596636809837
2.1052631578947367,0.05263157894736836,1.0754220761125606,0.4197651639485974
2.1052631578947367,0.05263157894736836,1.2742749857031335,0.38058779447135166
2.1052631578947367,0.05263157894736836,1.5098971606184193,0.3423366337776261
2.1052631578947367,0.05263157894736836,1.789087489923219,0.31169703544587696
2.1052631578947367,0.05263157894736836,2.1199020238496082,0.2848792828664083
2.1052631578947367,0.05263157894736836,2.51188643150958,0.26323883826136063
2.1052631578947367,0.3157894736842104,0.09999999999999999,0.6842447075344572
2.1052631578947367,0.3157894736842104,0.11849068510006666,0.6918565050276207
2.1052631578947367,0.3157894736842104,0.1404004245548316,0.6936090196416268
2.1052631578947367,0.3157894736842104,0.16636142493842218,0.6664709323583267
2.1052631578947367,0.3157894736842104,0.1971227921517696,0.6933093485968111
2.1052631578947367,0.3157894736842104,0.23357214690901223,0.6693776531314191
2.1052631578947367,0.3157894736842104,0.2767612370754227,0.66309743863583
2.1052631578947367,0.3157894736842104,0.32793628590208806,0.6276444951185841
2.1052631578947367,0.3157894736842104,0.3885739518570975,0.6273234104145015
2.1052631578947367,0.3157894736842104,0.460423937675878,0.5958635475428149
2.1052631578947367,0.3157894736842104,0.5455594781168519,0.5789467480200637
2.1052631578947367,0.3157894736842104,0.646437163249006,0.535197417114896
2.1052631578947367,0.3157894736842104,0.7659678234751834,0.5019919510936182
2.1052631578947367,0.3157894736842104,0.907600521681814,0.46065120526108627
2.1052631578947367,0.3157894736842104,1.0754220761125606,0.42126547637115513
2.1052631578947367,0.3157894736842104,1.2742749857031335,0.3786130777418699
2.1052631578947367,0.3157894736842104,1.5098971606184193,0.344495688363154
2.1052631578947367,0.3157894736842104,1.789087489923219,0.31301891170218343
2.1052631578947367,0.3157894736842104,2.1199020238496082,0.28426848947076067
2.1052631578947367,0.3157894736842104,2.51188643150958,0.26206337122609513
2.1052631578947367,0.5789473684210527,0.09999999999999999,0.6957399475434518
2.1052631578947367,0.5789473684210527,0.11849068510006666,0.6880561877550558
2.1052631578947367,0.5789473684210527,0.1404004245548316,0.6863922848725236
2.1052631578947367,0.5789473684210527,0.16636142493842218,0.6919021897270536
2.1052631578947367,0.5789473684210527,0.1971227921517696,0.6649895631849435
2.1052631578947367,0.5789473684210527,0.23357214690901223,0.6767377072026148
2.1052631578947367,0.5789473684210527,0.2767612370754227,0.6629908179464827
2.1052631578947367,0.5789473684210527,0.32793628590208806,0.6468256971214373
2.1052631578947367,0.5789473684210527,0.3885739518570975,0.6153145420212969
2.1052631578947367,0.5789473684210527,0.460423937675878,0.5982974183614376
2.1052631578947367,0.5789473684210527,0.5455594781168519,0.5781689466433589
2.1052631578947367,0.5789473684210527,0.646437163249006,0.5320130958728035
2.1052631578947367,0.5789473684210527,0.7659678234751834,0.5000371922864836
2.1052631578947367,0.5789473684210527,0.907600521681814,0.4620137858285667
2.1052631578947367,0.5789473684210527,1.0754220761125606,0.4200615614633534
2.1052631578947367,0.5789473684210527,1.2742749857031335,0.3813056909028823
2.1052631578947367,0.5789473684210527,1.5098971606184193,0.3428873017344343
2.1052631578947367,0.5789473684210527,1.789087489923219,0.313365793337478
2.1052631578947367,0.5789473684210527,2.1199020238496082,0.28535302328023504
2.1052631578947367,0.5789473684210527,2.51188643150958,0.26288826586062286
2.1052631578947367,0.8421052631578947,0.09999999999999999,0.6818737444914093
2.1052631578947367,0.8421052631578947,0.11849068510006666,0.7053786722414886
2.1052631578947367,0.8421052631578947,0.1404004245548316,0.7010286972440397
2.1052631578947367,0.8421052631578947,0.16636142493842218,0.6694136946061671
2.1052631578947367,0.8421052631578947,0.1971227921517696,0.6819782371519723
2.1052631578947367,0.8421052631578947,0.23357214690901223,0.6876269484046856
2.1052631578947367,0.8421052631578947,0.2767612370754227,0.6615021161513628
2.1052631578947367,0.8421052631578947,0.32793628590208806,0.6355116429247633
2.1052631578947367,0.8421052631578947,0.3885739518570975,0.6301229385954052
2.1052631578947367,0.8421052631578947,0.460423937675878,0.6044738344237414
2.1052631578947367,0.8421052631578947,0.5455594781168519,0.5705649660038289
2.1052631578947367,0.8421052631578947,0.646437163249006,0.5422497362108505
2.1052631578947367,0.8421052631578947,0.7659678234751834,0.5027036037263595
2.1052631578947367,0.8421052631578947,0.907600521681814,0.4586506661703025
2.1052631578947367,0.8421052631578947,1.0754220761125606,0.4242271819506304
2.1052631578947367,0.8421052631578947,1.2742749857031335,0.3815815530405918
2.1052631578947367,0.8421052631578947,1.5098971606184193,0.3454400001812097
2.1052631578947367,0.8421052631578947,1.789087489923219,0.3147763601472709
2.1052631578947367,0.8421052631578947,2.1199020238496082,0.2856688100043029
2.1052631578947367,0.8421052631578947,2.51188643150958,0.26432960020642227
2.1052631578947367,1.1052631578947367,0.09999999999999999,0.6940824249298626
2.1052631578947367,1.1052631578947367,0.11849068510006666,0.6744591703626616
2.1052631578947367,1.1052631578947367,0.1404004245548316,0.6812504791171864
2.1052631578947367,1.1052631578947367,0.16636142493842218,0.6737905885844754
2.1052631578947367,1.1052631578947367,0.1971227921517696,0.6695335217787161
2.1052631578947367,1.1052631578947367,0.23357214690901223,0.6632465752976393
2.1052631578947367,1.1052631578947367,0.2767612370754227,0.6572265359830349
2.1052631578947367,1.1052631578947367,0.32793628590208806,0.636833574441815
2.1052631578947367,1.1052631578947367,0.3885739518570975,0.6224489827963183
2.1052631578947367,1.1052631578947367,0.460423937675878,0.6004595908514204
2.1052631578947367,1.1052631578947367,0.5455594781168519,0.5684412764572291
2.1052631578947367,1.1052631578947367,0.646437163249006,0.5353886203515017
2.1052631578947367,1.1052631578947367,0.7659678234751834,0.5035698956092077
2.1052631578947367,1.1052631578947367,0.907600521681814,0.4649583328499324
2.1052631578947367,1.1052631578947367,1.0754220761125606,0.42007027999361346
2.1052631578947367,1.1052631578947367,1.2742749857031335,0.38306831634238553
2.1052631578947367,1.1052631578947367,1.5098971606184193,0.34821069142768313
2.1052631578947367,1.1052631578947367,1.789087489923219,0.31448525863606647
2.1052631578947367,1.1052631578947367,2.1199020238496082,0.2877199238576558
2.1052631578947367,1.1052631578947367,2.51188643150958,0.26498735866531936
2.1052631578947367,1.3684210526315788,0.09999999999999999,0.6806062386967211
2.1052631578947367,1.3684210526315788,0.11849068510006666,0.6529652904628582
2.1052631578947367,1.3684210526315788,0.1404004245548316,0.6628095730457841
2.1052631578947367,1.3684210526315788,0.16636142493842218,0.6441557870057573
2.1052631578947367,1.3684210526315788,0.1971227921517696,0.6645754115296342
2.1052631578947367,1.3684210526315788,0.23357214690901223,0.6531050129062463
2.1052631578947367,1.3684210526315788,0.2767612370754227,0.618446294298913
2.1052631578947367,1.3684210526315788,0.32793628590208806,0.6162795546583414
2.1052631578947367,1.3684210526315788,0.3885739518570975,0.60790332833837
2.1052631578947367,1.3684210526315788,0.460423937675878,0.578114563405121
2.1052631578947367,1.3684210526315788,0.5455594781168519,0.5616164005558618
2.1052631578947367,1.3684210526315788,0.646437163249006,0.5416986874012694
2.1052631578947367,1.3684210526315788,0.7659678234751834,0.4949737478896637
2.1052631578947367,1.3684210526315788,0.907600521681814,0.45226844062646276
2.1052631578947367,1.3684210526315788,1.0754220761125606,0.4225214919345065
2.1052631578947367,1.3684210526315788,1.2742749857031335,0.3831619230308912
2.1052631578947367,1.3684210526315788,1.5098971606184193,0.34789757859447523
2.1052631578947367,1.3684210526315788,1.789087489923219,0.31833323073205755
2.1052631578947367,1.3684210526315788,2.1199020238496082,0.28802721474472265
2.1052631578947367,1.3684210526315788,2.51188643150958,0.26735446007451014
2.1052631578947367,1.6315789473684208,0.09999999999999999,0.6043367098251351
2.1052631578947367,1.6315789473684208,0.11849068510006666,0.6072217723746314
2.1052631578947367,1.6315789473684208,0.1404004245548316,0.6110916959762811
2.1052631578947367,1.6315789473684208,0.16636142493842218,0.5938318350215432
2.1052631578947367,1.6315789473684208,0.1971227921517696,0.5848005394542596
2.1052631578947367,1.6315789473684208,0.23357214690901223,0.597138280172417
2.1052631578947367,1.6315789473684208,0.2767612370754227,0.5806234526442176
2.1052631578947367,1.6315789473684208,0.32793628590208806,0.5582955887882296
2.1052631578947367,1.6315789473684208,0.3885739518570975,0.577496834686921
2.1052631578947367,1.6315789473684208,0.460423937675878,0.5601037094708636
2.1052631578947367,1.6315789473684208,0.5455594781168519,0.5292834696976776
2.1052631578947367,1.6315789473684208,0.646437163249006,0.5100577197232962
2.1052631578947367,1.6315789473684208,0.7659678234751834,0.48225516402397345
2.1052631578947367,1.6315789473684208,0.907600521681814,0.44546518433632704
2.1052631578947367,1.6315789473684208,1.0754220761125606,0.4169271030092539
2.1052631578947367,1.6315789473684208,1.2742749857031335,0.379870852691712
2.1052631578947367,1.6315789473684208,1.5098971606184193,0.3474917061753302
2.1052631578947367,1.6315789473684208,1.789087489923219,0.3167375557559352
2.1052631578947367,1.6315789473684208,2.1199020238496082,0.2914115793755263
2.1052631578947367,1.6315789473684208,2.51188643150958,0.2686679999395116
2.1052631578947367,1.8947368421052628,0.09999999999999999,0.4971449673937442
2.1052631578947367,1.8947368421052628,0.11849068510006666,0.4802096117475754
2.1052631578947367,1.8947368421052628,0.1404004245548316,0.4890330487762992
2.1052631578947367,1.8947368421052628,0.16636142493842218,0.4869052100709222
2.1052631578947367,1.8947368421052628,0.1971227921517696,0.5078370202452882
2.1052631578947367,1.8947368421052628,0.23357214690901223,0.5170294686837704
2.1052631578947367,1.8947368421052628,0.2767612370754227,0.5011328080423216
2.1052631578947367,1.8947368421052628,0.32793628590208806,0.5124616006705376
2.1052631578947367,1.8947368421052628,0.3885739518570975,0.4800949482063861
2.1052631578947367,1.8947368421052628,0.460423937675878,0.500676835629433
2.1052631578947367,1.8947368421052628,0.5455594781168519,0.4769239236300429
2.1052631578947367,1.8947368421052628,0.646437163249006,0.4669424382049105
2.1052631578947367,1.8947368421052628,0.7659678234751834,0.44781578585398657
2.1052631578947367,1.8947368421052628,0.907600521681814,0.4118424169142218
2.1052631578947367,1.8947368421052628,1.0754220761125606,0.3914052216414155
2.1052631578947367,1.8947368421052628,1.2742749857031335,0.36837692436592095
2.1052631578947367,1.8947368421052628,1.5098971606184193,0.3435815464020797
2.1052631578947367,1.8947368421052628,1.789087489923219,0.317917213578885
2.1052631578947367,1.8947368421052628,2.1199020238496082,0.29025301143682875
2.1052631578947367,1.8947368421052628,2.51188643150958,0.2715131470505638
2.1052631578947367,2.1578947368421053,0.09999999999999999,0.3335885955995491
2.1052631578947367,2.1578947368421053,0.11849068510006666,0.3188377150481948
2.1052631578947367,2.1578947368421053,0.1404004245548316,0.3519706960128742
2.1052631578947367,2.1578947368421053,0.16636142493842218,0.3631794408607595
2.1052631578947367,2.1578947368421053,0.1971227921517696,0.36334269983881645
2.1052631578947367,2.1578947368421053,0.23357214690901223,0.35759528984921557
2.1052631578947367,2.1578947368421053,0.2767612370754227,0.38792994188245394
2.1052631578947367,2.1578947368421053,0.32793628590208806,0.3820195763603258
2.1052631578947367,2.1578947368421053,0.3885739518570975,0.3716000129846338
2.1052631578947367,2.1578947368421053,0.460423937675878,0.38708629464811206
2.1052631578947367,2.1578947368421053,0.5455594781168519,0.4062815033284383
2.1052631578947367,2.1578947368421053,0.646437163249006,0.3964366965835002
2.1052631578947367,2.1578947368421053,0.7659678234751834,0.3933479870307265
2.1052631578947367,2.1578947368421053,0.907600521681814,0.3711647324776007
2.1052631578947367,2.1578947368421053,1.0754220761125606,0.3686463042911876
2.1052631578947367,2.1578947368421053,1.2742749857031335,0.3514511442588254
2.1052631578947367,2.1578947368421053,1.5098971606184193,0.3312389483946435
2.1052631578947367,2.1578947368421053,1.789087489923219,0.31010906306835456
2.1052631578947367,2.1578947368421053,2.1199020238496082,0.2910905552370742
2.1052631578947367,2.1578947368421053,2.51188643150958,0.27059401329428623
2.1052631578947367,2.4210526315789473,0.09999999999999999,0.27371812655822053
2.1052631578947367,2.4210526315789473,0.11849068510006666,0.2511590916761745
2.1052631578947367,2.4210526315789473,0.1404004245548316,0.2882433181471289
2.1052631578947367,2.4210526315789473,0.16636142493842218,0.2854567299512097
2.1052631578947367,2.4210526315789473,0.1971227921517696,0.2959462256549477
2.1052631578947367,2.4210526315789473,0.23357214690901223,0.309907740443554
2.1052631578947367,2.4210526315789473,0.2767612370754227,0.3190300373980385
2.1052631578947367,2.4210526315789473,0.32793628590208806,0.3268168200440699
2.1052631578947367,2.4210526315789473,0.3885739518570975,0.33265002172078806
2.1052631578947367,2.4210526315789473,0.460423937675878,0.3424909021822692
2.1052631578947367,2.4210526315789473,0.5455594781168519,0.347940855280349
2.1052631578947367,2.4210526315789473,0.646437163249006,0.3497810057253731
2.1052631578947367,2.4210526315789473,0.7659678234751834,0.34382456718485915
2.1052631578947367,2.4210526315789473,0.907600521681814,0.34771350585673194
2.1052631578947367,2.4210526315789473,1.0754220761125606,0.3403783559030366
2.1052631578947367,2.4210526315789473,1.2742749857031335,0.33119891106673416
2.1052631578947367,2.4210526315789473,1.5098971606184193,0.3147961540349802
2.1052631578947367,2.4210526315789473,1.789087489923219,0.3020016819738287
2.1052631578947367,2.4210526315789473,2.1199020238496082,0.2813756308391528
2.1052631578947367,2.4210526315789473,2.51188643150958,0.2665617673571874
2.1052631578947367,2.6842105263157894,0.09999999999999999,0.26805713432639083
2.1052631578947367,2.6842105263157894,0.11849068510006666,0.26819733895025066
2.1052631578947367,2.6842105263157894,0.1404004245548316,0.2728657414225861
2.1052631578947367,2.6842105263157894,0.16636142493842218,0.2606712561945237
2.1052631578947367,2.6842105263157894,0.1971227921517696,0.28682140737722867
2.1052631578947367,2.6842105263157894,0.23357214690901223,0.2965990015175551
2.1052631578947367,2.6842105263157894,0.2767612370754227,0.29394267127837187
2.1052631578947367,2.6842105263157894,0.32793628590208806,0.2949697864569767
2.1052631578947367,2.6842105263157894,0.3885739518570975,0.3168752784432475
2.1052631578947367,2.6842105263157894,0.460423937675878,0.3274978839492369
2.1052631578947367,2.6842105263157894,0.5455594781168519,0.32327780855993077
2.1052631578947367,2.6842105263157894,0.646437163249006,0.33152058635236203
2.1052631578947367,2.6842105263157894,0.7659678234751834,0.3477981097445365
2.1052631578947367,2.6842105263157894,0.907600521681814,0.3301197065049186
2.1052631578947367,2.6842105263157894,1.0754220761125606,0.33322304647117806
2.1052631578947367,2.6842105263157894,1.2742749857031335,0.3125499673340166
2.1052631578947367,2.6842105263157894,1.5098971606184193,0.31045382432301155
2.1052631578947367,2.6842105263157894,1.789087489923219,0.2936250764714218
2.1052631578947367,2.6842105263157894,2.1199020238496082,0.27498187945126645
2.1052631578947367,2.6842105263157894,2.51188643150958,0.2621914875910868
2.1052631578947367,2.9473684210526314,0.09999999999999999,0.2722268238948658
2.1052631578947367,2.9473684210526314,0.11849068510006666,0.24387484693615952
2.1052631578947367,2.9473684210526314,0.1404004245548316,0.2720669679897346
2.1052631578947367,2.9473684210526314,0.16636142493842218,0.26396983335209706
2.1052631578947367,2.9473684210526314,0.1971227921517696,0.29298770225489823
2.1052631578947367,2.9473684210526314,0.23357214690901223,0.2899650982708769
2.1052631578947367,2.9473684210526314,0.2767612370754227,0.2925981985688875
2.1052631578947367,2.9473684210526314,0.32793628590208806,0.290685597438932
2.1052631578947367,2.9473684210526314,0.3885739518570975,0.29661892083357905
2.1052631578947367,2.9473684210526314,0.460423937675878,0.3029821683509607
2.1052631578947367,2.9473684210526314,0.5455594781168519,0.3155910992813543
2.1052631578947367,2.9473684210526314,0.646437163249006,0.3183009821785024
2.1052631578947367,2.9473684210526314,0.7659678234751834,0.3246402885705955
2.1052631578947367,2.9473684210526314,0.907600521681814,0.3250997375772945
2.1052631578947367,2.9473684210526314,1.0754220761125606,0.3215748013190475
2.1052631578947367,2.9473684210526314,1.2742749857031335,0.3149826517157534
2.1052631578947367,2.9473684210526314,1.5098971606184193,0.29969019489199394
2.1052631578947367,2.9473684210526314,1.789087489923219,0.2859729890970201
2.1052631578947367,2.9473684210526314,2.1199020238496082,0.2726037278384539
2.1052631578947367,2.9473684210526314,2.51188643150958,0.2579564957392431
2.1052631578947367,3.2105263157894735,0.09999999999999999,0.2543513220064535
2.1052631578947367,3.2105263157894735,0.11849068510006666,0.25745318400035566
2.1052631578947367,3.2105263157894735,0.1404004245548316,0.25364287830320553
2.1052631578947367,3.2105263157894735,0.16636142493842218,0.26219669321976835
2.1052631578947367,3.2105263157894735,0.1971227921517696,0.2814229728321853
2.1052631578947367,3.2105263157894735,0.23357214690901223,0.28273026858352857
2.1052631578947367,3.2105263157894735,0.2767612370754227,0.2899175280250552
2.1052631578947367,3.2105263157894735,0.32793628590208806,0.2782629525502755
2.1052631578947367,3.2105263157894735,0.3885739518570975,0.30004041613801796
2.1052631578947367,3.2105263157894735,0.460423937675878,0.29965938115521423
2.1052631578947367,3.2105263157894735,0.5455594781168519,0.2866990761608603
2.1052631578947367,3.2105263157894735,0.646437163249006,0.29291806088618616
2.1052631578947367,3.2105263157894735,0.7659678234751834,0.3157905264557236
2.1052631578947367,3.2105263157894735,0.907600521681814,0.3103225159273561
2.1052631578947367,3.2105263157894735,1.0754220761125606,0.3074383339521517
2.1052631578947367,3.2105263157894735,1.2742749857031335,0.30835536470570085
2.1052631578947367,3.2105263157894735,1.5098971606184193,0.2933705449512573
2.1052631578947367,3.2105263157894735,1.789087489923219,0.28112162042298233
2.1052631578947367,3.2105263157894735,2.1199020238496082,0.26716023782566883
2.1052631578947367,3.2105263157894735,2.51188643150958,0.2552992124538931
2.1052631578947367,3.473684210526316,0.09999999999999999,0.2491063678526919
2.1052631578947367,3.473684210526316,0.11849068510006666,0.264962955194649
2.1052631578947367,3.473684210526316,0.1404004245548316,0.26346092668249127
2.1052631578947367,3.473684210526316,0.16636142493842218,0.268649339578552
2.1052631578947367,3.473684210526316,0.1971227921517696,0.2568353963023773
2.1052631578947367,3.473684210526316,0.23357214690901223,0.2785331830073518
2.1052631578947367,3.473684210526316,0.2767612370754227,0.27038441220265796
2.1052631578947367,3.473684210526316,0.32793628590208806,0.29571977587128484
2.1052631578947367,3.473684210526316,0.3885739518570975,0.28524540070888177
2.1052631578947367,3.473684210526316,0.460423937675878,0.2940976003049137
2.1052631578947367,3.473684210526316,0.5455594781168519,0.29186457889433653
2.1052631578947367,3.473684210526316,0.646437163249006,0.31143917457567527
2.1052631578947367,3.473684210526316,0.7659678234751834,0.30805957382526533
2.1052631578947367,3.473684210526316,0.907600521681814,0.30898234691894844
2.1052631578947367,3.473684210526316,1.0754220761125606,0.29965417508891584
2.1052631578947367,3.473684210526316,1.2742749857031335,0.2953372086243794
2.1052631578947367,3.473684210526316,1.5098971606184193,0.28168752812640224
2.1052631578947367,3.473684210526316,1.789087489923219,0.27420087229444606
2.1052631578947367,3.473684210526316,2.1199020238496082,0.26364586855715194
2.1052631578947367,3.473684210526316,2.51188643150958,0.2521211230563972
2.1052631578947367,3.7368421052631575,0.09999999999999999,0.24603988441350721
2.1052631578947367,3.7368421052631575,0.11849068510006666,0.2312675765410868
2.1052631578947367,3.7368421052631575,0.1404004245548316,0.24442629340544794
2.1052631578947367,3.7368421052631575,0.16636142493842218,0.23097739925949792
2.1052631578947367,3.7368421052631575,0.1971227921517696,0.25474134507146867
2.1052631578947367,3.7368421052631575,0.23357214690901223,0.25019818499303054
2.1052631578947367,3.7368421052631575,0.2767612370754227,0.2622148933552019
2.1052631578947367,3.7368421052631575,0.32793628590208806,0.28482442937697516
2.1052631578947367,3.7368421052631575,0.3885739518570975,0.27384227790347215
2.1052631578947367,3.7368421052631575,0.460423937675878,0.2929563723963543
2.1052631578947367,3.7368421052631575,0.5455594781168519,0.29749551644456135
2.1052631578947367,3.7368421052631575,0.646437163249006,0.2909998343613554
2.1052631578947367,3.7368421052631575,0.7659678234751834,0.29371745326287574
2.1052631578947367,3.7368421052631575,0.907600521681814,0.3054905414451846
2.1052631578947367,3.7368421052631575,1.0754220761125606,0.2929640214156222
2.1052631578947367,3.7368421052631575,1.2742749857031335,0.29243908789895967
2.1052631578947367,3.7368421052631575,1.5098971606184193,0.282381579283594
2.1052631578947367,3.7368421052631575,1.789087489923219,0.26893508341000094
2.1052631578947367,3.7368421052631575,2.1199020238496082,0.26317958681600334
2.1052631578947367,3.7368421052631575,2.51188643150958,0.2503405305944785
2.1052631578947367,4.0,0.09999999999999999,0.22102114244127558
2.1052631578947367,4.0,0.11849068510006666,0.23858904884407947
2.1052631578947367,4.0,0.1404004245548316,0.22320751942347827
2.1052631578947367,4.0,0.16636142493842218,0.22613039142439106
2.1052631578947367,4.0,0.1971227921517696,0.2567383040020765
2.1052631578947367,4.0,0.23357214690901223,0.24111962866436215
2.1052631578947367,4.0,0.2767612370754227,0.26651487341820185
2.1052631578947367,4.0,0.32793628590208806,0.26018696119248974
2.1052631578947367,4.0,0.3885739518570975,0.25485411844524813
2.1052631578947367,4.0,0.460423937675878,0.2785191207211124
2.1052631578947367,4.0,0.5455594781168519,0.2749587664726703
2.1052631578947367,4.0,0.646437163249006,0.2784605639176208
2.1052631578947367,4.0,0.7659678234751834,0.29516710765989357
2.1052631578947367,4.0,0.907600521681814,0.2948128046986463
2.1052631578947367,4.0,1.0754220761125606,0.2862716308620626
2.1052631578947367,4.0,1.2742749857031335,0.28590748659104054
2.1052631578947367,4.0,1.5098971606184193,0.2823196071807247
2.1052631578947367,4.0,1.789087489923219,0.26539941381103804
2.1052631578947367,4.0,2.1199020238496082,0.26053523921522964
2.1052631578947367,4.0,2.51188643150958,0.2494308443290536
2.3157894736842106,-1.0,0.09999999999999999,0.684718301555101
2.3157894736842106,-1.0,0.11849068510006666,0.6838417562012014
2.3157894736842106,-1.0,0.1404004245548316,0.670912550728411
2.3157894736842106,-1.0,0.16636142493842218,0.6932627376349745
2.3157894736842106,-1.0,0.1971227921517696,0.686469180694681
2.3157894736842106,-1.0,0.23357214690901223,0.6635492820601394
2.3157894736842106,-1.0,0.2767612370754227,0.6628152508368058
2.3157894736842106,-1.0,0.32793628590208806,0.6378381659464887
2.3157894736842106,-1.0,0.3885739518570975,0.6316386721977297
2.3157894736842106,-1.0,0.460423937675878,0.6016136729645477
2.3157894736842106,-1.0,0.5455594781168519,0.5716491539437374
2.3157894736842106,-1.0,0.646437163249006,0.5387960780365749
2.3157894736842106,-1.0,0.7659678234751834,0.4962863449790921
2.3157894736842106,-1.0,0.907600521681814,0.4597430254296323
2.3157894736842106,-1.0,1.0754220761125606,0.4199321739555954
2.3157894736842106,-1.0,1.2742749857031335,0.38174905015167665
2.3157894736842106,-1.0,1.5098971606184193,0.3451417753551404
2.3157894736842106,-1.0,1.789087489923219,0.3100569411441978
2.3157894736842106,-1.0,2.1199020238496082,0.2852865596122751
2.3157894736842106,-1.0,2.51188643150958,0.2621680280001725
2.3157894736842106,-0.736842105263158,0.09999999999999999,0.6928240603091135
2.3157894736842106,-0.736842105263158,0.11849068510006666,0.6992582431074149
2.3157894736842106,-0.736842105263158,0.1404004245548316,0.6668327551562274
2.3157894736842106,-0.736842105263158,0.16636142493842218,0.6898991071381645
2.3157894736842106,-0.736842105263158,0.1971227921517696,0.6813107851000169
2.3157894736842106,-0.736842105263158,0.23357214690901223,0.6681882131405126
2.3157894736842106,-0.736842105263158,0.2767612370754227,0.6516833980206753
2.3157894736842106,-0.736842105263158,0.32793628590208806,0.6414152601447368
2.3157894736842106,-0.736842105263158,0.3885739518570975,0.6304857047504431
2.3157894736842106,-0.736842105263158,0.460423937675878,0.592527218166929
2.3157894736842106,-0.736842105263158,0.5455594781168519,0.5631981296265005
2.3157894736842106,-0.736842105263158,0.646437163249006,0.5359559651993787
2.3157894736842106,-0.736842105263158,0.7659678234751834,0.5026985815699178
2.3157894736842106,-0.736842105263158,0.907600521681814,0.4593306305371889
2.3157894736842106,-0.736842105263158,1.0754220761125606,0.4172425012033577
2.3157894736842106,-0.736842105263158,1.2742749857031335,0.3799570180006734
2.3157894736842106,-0.736842105263158,1.5098971606184193,0.34289995226791575
2.3157894736842106,-0.736842105263158,1.789087489923219,0.31181930887216136
2.3157894736842106,-0.736842105263158,2.1199020238496082,0.28591132972276617
2.3157894736842106,-0.736842105263158,2.51188643150958,0.26193034127267806
2.3157894736842106,-0.4736842105263158,0.09999999999999999,0.6998712769401603
2.3157894736842106,-0.4736842105263158,0.11849068510006666,0.6803880552558549
2.3157894736842106,-0.4736842105263158,0.1404004245548316,0.679444091328196
2.3157894736842106,-0.4736842105263158,0.16636142493842218,0.6726297895402663
2.3157894736842106,-0.4736842105263158,0.1971227921517696,0.6739326639404077
2.3157894736842106,-0.4736842105263158,0.23357214690901223,0.672124263044062
2.3157894736842106,-0.4736842105263158,0.2767612370754227,0.6527176272254692
2.3157894736842106,-0.4736842105263158,0.32793628590208806,0.6466568740351744
2.3157894736842106,-0.4736842105263158,0.3885739518570975,0.6217627312587691
2.3157894736842106,-0.4736842105263158,0.460423937675878,0.5995526006574037
2.3157894736842106,-0.4736842105263158,0.5455594781168519,0.5713143371178815
2.3157894736842106,-0.4736842105263158,0.646437163249006,0.5373186497911546
2.3157894736842106,-0.4736842105263158,0.7659678234751834,0.5013856378995011
2.3157894736842106,-0.4736842105263158,0.907600521681814,0.45606364224242396
2.3157894736842106,-0.4736842105263158,1.0754220761125606,0.41697891393655084
2.3157894736842106,-0.4736842105263158,1.2742749857031335,0.38052686593011
2.3157894736842106,-0.4736842105263158,1.5098971606184193,0.34159801530604367
2.3157894736842106,-0.4736842105263158,1.789087489923219,0.31239205056965785
2.3157894736842106,-0.4736842105263158,2.1199020238496082,0.2856953088094229
2.3157894736842106,-0.4736842105263158,2.51188643150958,0.26259396792483997
2.3157894736842106,-0.21052631578947367,0.09999999999999999,0.6960856784497514
2.3157894736842106,-0.21052631578947367,0.11849068510006666,0.6894968459345785
2.3157894736842106,-0.21052631578947367,0.1404004245548316,0.6950126002891508
2.3157894736842106,-0.21052631578947367,0.16636142493842218,0.6737864518860915
2.3157894736842106,-0.21052631578947367,0.1971227921517696,0.6692960973722487
2.3157894736842106,-0.21052631578947367,0.23357214690901223,0.6770089407591957
2.3157894736842106,-0.21052631578947367,0.2767612370754227,0.6610174347531126
2.3157894736842106,-0.21052631578947367,0.32793628590208806,0.6352348829511447
2.3157894736842106,-0.21052631578947367,0.3885739518570975,0.6244966155262304
2.3157894736842106,-0.21052631578947367,0.460423937675878,0.6055123162137469
2.3157894736842106,-0.21052631578947367,0.5455594781168519,0.5753659844270752
2.3157894736842106,-0.21052631578947367,0.646437163249006,0.5361482445448491
2.3157894736842106,-0.21052631578947367,0.7659678234751834,0.4964551891477909
2.3157894736842106,-0.21052631578947367,0.907600521681814,0.4572402452231053
2.3157894736842106,-0.21052631578947367,1.0754220761125606,0.41992691153080947
2.3157894736842106,-0.21052631578947367,1.2742749857031335,0.37734782004784245
2.3157894736842106,-0.21052631578947367,1.5098971606184193,0.34422103134043347
2.3157894736842106,-0.21052631578947367,1.789087489923219,0.312363572401777
2.3157894736842106,-0.21052631578947367,2.1199020238496082,0.2847344001176245
2.3157894736842106,-0.21052631578947367,2.51188643150958,0.26223200802790175
2.3157894736842106,0.05263157894736836,0.09999999999999999,0.6979272239399356
2.3157894736842106,0.05263157894736836,0.11849068510006666,0.6691141745787305
2.3157894736842106,0.05263157894736836,0.1404004245548316,0.673146883470063
2.3157894736842106,0.05263157894736836,0.16636142493842218,0.6849531017599509
2.3157894736842106,0.05263157894736836,0.1971227921517696,0.6801729098278481
2.3157894736842106,0.05263157894736836,0.23357214690901223,0.6638454344533731
2.3157894736842106,0.05263157894736836,0.2767612370754227,0.658141747059421
2.3157894736842106,0.05263157894736836,0.32793628590208806,0.6455638162019622
2.3157894736842106,0.05263157894736836,0.3885739518570975,0.625906284776911
2.3157894736842106,0.05263157894736836,0.460423937675878,0.598431729250025
2.3157894736842106,0.05263157894736836,0.5455594781168519,0.58127808719332
2.3157894736842106,0.05263157894736836,0.646437163249006,0.539755428936082
2.3157894736842106,0.05263157894736836,0.7659678234751834,0.49810835296019895
2.3157894736842106,0.05263157894736836,0.907600521681814,0.4584696174058519
2.3157894736842106,0.05263157894736836,1.0754220761125606,0.4180804187529003
2.3157894736842106,0.05263157894736836,1.2742749857031335,0.38068399366155137
2.3157894736842106,0.05263157894736836,1.5098971606184193,0.34443704423741767
2.3157894736842106,0.05263157894736836,1.789087489923219,0.3126184358278966
2.3157894736842106,0.05263157894736836,2.1199020238496082,0.2839762420065737
2.3157894736842106,0.05263157894736836,2.51188643150958,0.2628344267854564
2.3157894736842106,0.3157894736842104,0.09999999999999999,0.6837234550265989
2.3157894736842106,0.3157894736842104,0.11849068510006666,0.6933614014027615
2.3157894736842106,0.3157894736842104,0.1404004245548316,0.692276575702944
2.3157894736842106,0.3157894736842104,0.16636142493842218,0.6951944365773967
2.3157894736842106,0.3157894736842104,0.1971227921517696,0.6737708272205474
2.3157894736842106,0.3157894736842104,0.23357214690901223,0.6711054529608231
2.3157894736842106,0.3157894736842104,0.2767612370754227,0.6574923758446228
2.3157894736842106,0.3157894736842104,0.32793628590208806,0.6456698220335548
2.3157894736842106,0.3157894736842104,0.3885739518570975,0.6164531163335145
2.3157894736842106,0.3157894736842104,0.460423937675878,0.604077667079872
2.3157894736842106,0.3157894736842104,0.5455594781168519,0.5744826711540746
2.3157894736842106,0.3157894736842104,0.646437163249006,0.53691324351502
2.3157894736842106,0.3157894736842104,0.7659678234751834,0.4985403052144331
2.3157894736842106,0.3157894736842104,0.907600521681814,0.46195537671664827
2.3157894736842106,0.3157894736842104,1.0754220761125606,0.4215570934865367
2.3157894736842106,0.3157894736842104,1.2742749857031335,0.379634159872343
2.3157894736842106,0.3157894736842104,1.5098971606184193,0.343523549163285
2.3157894736842106,0.3157894736842104,1.789087489923219,0.3138892228792983
2.3157894736842106,0.3157894736842104,2.1199020238496082,0.28530766983813455
2.3157894736842106,0.3157894736842104,2.51188643150958,0.2626041284486404
2.3157894736842106,0.5789473684210527,0.09999999999999999,0.6880385346635172
2.3157894736842106,0.5789473684210527,0.11849068510006666,0.6941725547064009
2.3157894736842106,0.5789473684210527,0.1404004245548316,0.6765882145310007
2.3157894736842106,0.5789473684210527,0.16636142493842218,0.671181754104056
2.3157894736842106,0.5789473684210527,0.1971227921517696,0.6794160419580676
2.3157894736842106,0.5789473684210527,0.23357214690901223,0.6678679998275644
2.3157894736842106,0.5789473684210527,0.2767612370754227,0.6522275145164083
2.3157894736842106,0.5789473684210527,0.32793628590208806,0.632495789063967
2.3157894736842106,0.5789473684210527,0.3885739518570975,0.6168409590267694
2.3157894736842106,0.5789473684210527,0.460423937675878,0.5964213434192124
2.3157894736842106,0.5789473684210527,0.5455594781168519,0.5721972351683858
2.3157894736842106,0.5789473684210527,0.646437163249006,0.5361327979426357
2.3157894736842106,0.5789473684210527,0.7659678234751834,0.49966550662191295
2.3157894736842106,0.5789473684210527,0.907600521681814,0.46170769526632
2.3157894736842106,0.5789473684210527,1.0754220761125606,0.4178001629437273
2.3157894736842106,0.5789473684210527,1.2742749857031335,0.37988886532462407
2.3157894736842106,0.5789473684210527,1.5098971606184193,0.3432044758594905
2.3157894736842106,0.5789473684210527,1.789087489923219,0.31077640060304174
2.3157894736842106,0.5789473684210527,2.1199020238496082,0.285175312535538
2.3157894736842106,0.5789473684210527,2.51188643150958,0.26257779744149445
2.3157894736842106,0.8421052631578947,0.09999999999999999,0.685477909211462
2.3157894736842106,0.8421052631578947,0.11849068510006666,0.6964662783272381
2.3157894736842106,0.8421052631578947,0.1404004245548316,0.6842190323260152
2.3157894736842106,0.8421052631578947,0.16636142493842218,0.6840510648800507
2.3157894736842106,0.8421052631578947,0.1971227921517696,0.673521831780074
2.3157894736842106,0.8421052631578947,0.23357214690901223,0.6610165511759877
2.3157894736842106,0.8421052631578947,0.2767612370754227,0.6581830184981573
2.3157894736842106,0.8421052631578947,0.32793628590208806,0.6320313588416019
2.3157894736842106,0.8421052631578947,0.3885739518570975,0.6226771856185797
2.3157894736842106,0.8421052631578947,0.460423937675878,0.6012345425790221
2.3157894736842106,0.8421052631578947,0.5455594781168519,0.5653956134245728
2.3157894736842106,0.8421052631578947,0.646437163249006,0.5390851412411628
2.3157894736842106,0.8421052631578947,0.7659678234751834,0.5044857915541648
2.3157894736842106,0.8421052631578947,0.907600521681814,0.4635906476084478
2.3157894736842106,0.8421052631578947,1.0754220761125606,0.4208334888007896
2.3157894736842106,0.8421052631578947,1.2742749857031335,0.3845319392265466
2.3157894736842106,0.8421052631578947,1.5098971606184193,0.3468832140627931
2.3157894736842106,0.8421052631578947,1.789087489923219,0.31263369039303773
2.3157894736842106,0.8421052631578947,2.1199020238496082,0.28593368019145265
2.3157894736842106,0.8421052631578947,2.51188643150958,0.26420366921476796
2.3157894736842106,1.1052631578947367,0.09999999999999999,0.7010681537391847
2.3157894736842106,1.1052631578947367,0.11849068510006666,0.6855151549389973
2.3157894736842106,1.1052631578947367,0.1404004245548316,0.6832381682286995
2.3157894736842106,1.1052631578947367,0.16636142493842218,0.6818357171419792
2.3157894736842106,1.1052631578947367,0.1971227921517696,0.6760445154678013
2.3157894736842106,1.1052631578947367,0.23357214690901223,0.6734141262133788
2.3157894736842106,1.1052631578947367,0.2767612370754227,0.66627834549358
2.3157894736842106,1.1052631578947367,0.32793628590208806,0.631304691997022
2.3157894736842106,1.1052631578947367,0.3885739518570975,0.6318419611170444
2.3157894736842106,1.1052631578947367,0.460423937675878,0.6019586742499831
2.3157894736842106,1.1052631578947367,0.5455594781168519,0.574863339474845
2.3157894736842106,1.1052631578947367,0.646437163249006,0.5405471305463386
2.3157894736842106,1.1052631578947367,0.7659678234751834,0.5002952773086078
2.3157894736842106,1.1052631578947367,0.907600521681814,0.46310324084365107
2.3157894736842106,1.1052631578947367,1.0754220761125606,0.41861765840699267
2.3157894736842106,1.1052631578947367,1.2742749857031335,0.383219730487974
2.3157894736842106,1.1052631578947367,1.5098971606184193,0.3471724626516173
2.3157894736842106,1.1052631578947367,1.789087489923219,0.3130342088499613
2.3157894736842106,1.1052631578947367,2.1199020238496082,0.28747524055172496
2.3157894736842106,1.1052631578947367,2.51188643150958,0.26352341501559484
2.3157894736842106,1.3684210526315788,0.09999999999999999,0.6887504533443619
2.3157894736842106,1.3684210526315788,0.11849068510006666,0.656770520504284
2.3157894736842106,1.3684210526315788,0.1404004245548316,0.6866991994569536
2.3157894736842106,1.3684210526315788,0.16636142493842218,0.6750048651642393
2.3157894736842106,1.3684210526315788,0.1971227921517696,0.670663294622583
2.3157894736842106,1.3684210526315788,0.23357214690901223,0.6508045919370702
2.3157894736842106,1.3684210526315788,0.2767612370754227,0.6385833846158252
2.3157894736842106,1.3684210526315788,0.32793628590208806,0.6277745181784928
2.3157894736842106,1.3684210526315788,0.3885739518570975,0.6130083574819367
2.3157894736842106,1.3684210526315788,0.460423937675878,0.6012658098073083
2.3157894736842106,1.3684210526315788,0.5455594781168519,0.5643714532369402
2.3157894736842106,1.3684210526315788,0.646437163249006,0.5293962289056289
2.3157894736842106,1.3684210526315788,0.7659678234751834,0.49908674180746115
2.3157894736842106,1.3684210526315788,0.907600521681814,0.4577068634850829
2.3157894736842106,1.3684210526315788,1.0754220761125606,0.41668853741052203
2.3157894736842106,1.3684210526315788,1.2742749857031335,0.38386301122624616
2.3157894736842106,1.3684210526315788,1.5098971606184193,0.345413341795257
2.3157894736842106,1.3684210526315788,1.789087489923219,0.3150806175484848
2.3157894736842106,1.3684210526315788,2.1199020238496082,0.2886620304697948
2.3157894736842106,1.3684210526315788,2.51188643150958,0.2666289916146743
2.3157894736842106,1.6315789473684208,0.09999999999999999,0.6485224461298918
2.3157894736842106,1.6315789473684208,0.11849068510006666,0.6456867745076159
2.3157894736842106,1.6315789473684208,0.1404004245548316,0.6362844348328844
2.3157894736842106,1.6315789473684208,0.16636142493842218,0.6416980006802869
2.3157894736842106,1.6315789473684208,0.1971227921517696,0.6481437018125289
2.3157894736842106,1.6315789473684208,0.23357214690901223,0.624641464923157
2.3157894736842106,1.6315789473684208,0.2767612370754227,0.6232865060478208
2.3157894736842106,1.6315789473684208,0.32793628590208806,0.6017909720024626
2.3157894736842106,1.6315789473684208,0.3885739518570975,0.6127957794258136
2.3157894736842106,1.6315789473684208,0.460423937675878,0.5782382346723629
2.3157894736842106,1.6315789473684208,0.5455594781168519,0.5531539148763306
2.3157894736842106,1.6315789473684208,0.646437163249006,0.5205146564095599
2.3157894736842106,1.6315789473684208,0.7659678234751834,0.4851449842420671
2.3157894736842106,1.6315789473684208,0.907600521681814,0.4610209673444894
2.3157894736842106,1.6315789473684208,1.0754220761125606,0.41739754794619316
2.3157894736842106,1.6315789473684208,1.2742749857031335,0.3827937723815046
2.3157894736842106,1.6315789473684208,1.5098971606184193,0.3487178409169002
2.3157894736842106,1.6315789473684208,1.789087489923219,0.31536492604249877
2.3157894736842106,1.6315789473684208,2.1199020238496082,0.29102389159393766
2.3157894736842106,1.6315789473684208,2.51188643150958,0.26659884275767287
2.3157894736842106,1.8947368421052628,0.09999999999999999,0.5755313899279505
2.3157894736842106,1.8947368421052628,0.11849068510006666,0.5733889781219533
2.3157894736842106,1.8947368421052628,0.1404004245548316,0.5888133653819932
2.3157894736842106,1.8947368421052628,0.16636142493842218,0.5955033721913842
2.3157894736842106,1.8947368421052628,0.1971227921517696,0.5723263993657965
2.3157894736842106,1.8947368421052628,0.23357214690901223,0.5880029558196249
2.3157894736842106,1.8947368421052628,0.2767612370754227,0.5892374567349014
2.3157894736842106,1.8947368421052628,0.32793628590208806,0.577065508835271
2.3157894736842106,1.8947368421052628,0.3885739518570975,0.5721335297860042
2.3157894736842106,1.8947368421052628,0.460423937675878,0.5462628893389613
2.3157894736842106,1.8947368421052628,0.5455594781168519,0.5361967910491565
2.3157894736842106,1.8947368421052628,0.646437163249006,0.5078870758153051
2.3157894736842106,1.8947368421052628,0.7659678234751834,0.4677606597939583
2.3157894736842106,1.8947368421052628,0.907600521681814,0.4450406106506112
2.3157894736842106,1.8947368421052628,1.0754220761125606,0.41012396798435197
2.3157894736842106,1.8947368421052628,1.2742749857031335,0.3775101509227954
2.3157894736842106,1.8947368421052628,1.5098971606184193,0.34582323842670826
2.3157894736842106,1.8947368421052628,1.789087489923219,0.3191167473949121
2.3157894736842106,1.8947368421052628,2.1199020238496082,0.2918514254980012
2.3157894736842106,1.8947368421052628,2.51188643150958,0.2688139267141484
2.3157894736842106,2.1578947368421053,0.09999999999999999,0.4617413338418312
2.3157894736842106,2.1578947368421053,0.11849068510006666,0.4750833264732032
2.3157894736842106,2.1578947368421053,0.1404004245548316,0.46072038615504196
2.3157894736842106,2.1578947368421053,0.16636142493842218,0.4864727336404452
2.3157894736842106,2.1578947368421053,0.1971227921517696,0.46883261011972027
2.3157894736842106,2.1578947368421053,0.23357214690901223,0.4750868158094872
2.3157894736842106,2.1578947368421053,0.2767612370754227,0.478855507643773
2.3157894736842106,2.1578947368421053,0.32793628590208806,0.4712061160620199
2.3157894736842106,2.1578947368421053,0.3885739518570975,0.4729682548084742
2.3157894736842106,2.1578947368421053,0.460423937675878,0.47060704111362917
2.3157894736842106,2.1578947368421053,0.5455594781168519,0.4585912435769383
2.3157894736842106,2.1578947368421053,0.646437163249006,0.44341702251949155
2.3157894736842106,2.1578947368421053,0.7659678234751834,0.4330034213774519
2.3157894736842106,2.1578947368421053,0.907600521681814,0.4144739571923816
2.3157894736842106,2.1578947368421053,1.0754220761125606,0.3865259049530733
2.3157894736842106,2.1578947368421053,1.2742749857031335,0.3648862307031077
2.3157894736842106,2.1578947368421053,1.5098971606184193,0.33832680278523475
2.3157894736842106,2.1578947368421053,1.789087489923219,0.31609426329286183
2.3157894736842106,2.1578947368421053,2.1199020238496082,0.290856185618433
2.3157894736842106,2.1578947368421053,2.51188643150958,0.27233138845985305
2.3157894736842106,2.4210526315789473,0.09999999999999999,0.3009986500223305
2.3157894736842106,2.4210526315789473,0.11849068510006666,0.31441585273263845
2.3157894736842106,2.4210526315789473,0.1404004245548316,0.32698483159100844
2.3157894736842106,2.4210526315789473,0.16636142493842218,0.3207849699182062
2.3157894736842106,2.4210526315789473,0.1971227921517696,0.318855418729298
2.3157894736842106,2.4210526315789473,0.23357214690901223,0.3579501222446367
2.3157894736842106,2.4210526315789473,0.2767612370754227,0.35117158797215664
2.3157894736842106,2.4210526315789473,0.32793628590208806,0.3655214902451662
2.3157894736842106,2.4210526315789473,0.3885739518570975,0.3695542684787618
2.3157894736842106,2.4210526315789473,0.460423937675878,0.3704913823169439
2.3157894736842106,2.4210526315789473,0.5455594781168519,0.38412291242561475
2.3157894736842106,2.4210526315789473,0.646437163249006,0.37739002895361473
2.3157894736842106,2.4210526315789473,0.7659678234751834,0.3815582964395911
2.3157894736842106,2.4210526315789473,0.907600521681814,0.3736263231017985
2.3157894736842106,2.4210526315789473,1.0754220761125606,0.3609940982582052
2.3157894736842106,2.4210526315789473,1.2742749857031335,0.3470555781797319
2.3157894736842106,2.4210526315789473,1.5098971606184193,0.32810634667275107
2.3157894736842106,2.4210526315789473,1.789087489923219,0.3105479308981374
2.3157894736842106,2.4210526315789473,2.1199020238496082,0.290303092055748
2.3157894736842106,2.4210526315789473,2.51188643150958,0.2719773903845229
2.3157894736842106,2.6842105263157894,0.09999999999999999,0.2661203384926014
2.3157894736842106,2.6842105263157894,0.11849068510006666,0.2841542555322262
2.3157894736842106,2.6842105263157894,0.1404004245548316,0.2854292309293544
2.3157894736842106,2.6842105263157894,0.16636142493842218,0.2842452829229156
2.3157894736842106,2.6842105263157894,0.1971227921517696,0.2909369510791018
2.3157894736842106,2.6842105263157894,0.23357214690901223,0.29616106599179143
2.3157894736842106,2.6842105263157894,0.2767612370754227,0.3165635537146232
2.3157894736842106,2.6842105263157894,0.32793628590208806,0.31688013599187614
2.3157894736842106,2.6842105263157894,0.3885739518570975,0.3161905168596621
2.3157894736842106,2.6842105263157894,0.460423937675878,0.3385651473050181
2.3157894736842106,2.6842105263157894,0.5455594781168519,0.33718932089935955
2.3157894736842106,2.6842105263157894,0.646437163249006,0.34141211493659845
2.3157894736842106,2.6842105263157894,0.7659678234751834,0.3478907831018848
2.3157894736842106,2.6842105263157894,0.907600521681814,0.3426267354221736
2.3157894736842106,2.6842105263157894,1.0754220761125606,0.3381740273680614
2.3157894736842106,2.6842105263157894,1.2742749857031335,0.3336400312821196
2.3157894736842106,2.6842105263157894,1.5098971606184193,0.312964332074128
2.3157894736842106,2.6842105263157894,1.789087489923219,0.29847975812487154
2.3157894736842106,2.6842105263157894,2.1199020238496082,0.28126915374750716
2.3157894736842106,2.6842105263157894,2.51188643150958,0.26499995942817517
2.3157894736842106,2.9473684210526314,0.09999999999999999,0.27274692665974476
2.3157894736842106,2.9473684210526314,0.11849068510006666,0.25646457370644127
2.3157894736842106,2.9473684210526314,0.1404004245548316,0.2686687389606091
2.3157894736842106,2.9473684210526314,0.16636142493842218,0.2920449115159753
2.3157894736842106,2.9473684210526314,0.1971227921517696,0.273736302444017
2.3157894736842106,2.9473684210526314,0.23357214690901223,0.2732103150282967
2.3157894736842106,2.9473684210526314,0.2767612370754227,0.28113764125583846
2.3157894736842106,2.9473684210526314,0.32793628590208806,0.30415648461075406
2.3157894736842106,2.9473684210526314,0.3885739518570975,0.31782308201834164
2.3157894736842106,2.9473684210526314,0.460423937675878,0.3034894801285114
2.3157894736842106,2.9473684210526314,0.5455594781168519,0.3348970539202902
2.3157894736842106,2.9473684210526314,0.646437163249006,0.3395640897975088
2.3157894736842106,2.9473684210526314,0.7659678234751834,0.3395586539943008
2.3157894736842106,2.9473684210526314,0.907600521681814,0.32820383295188255
2.3157894736842106,2.9473684210526314,1.0754220761125606,0.3283018770685267
2.3157894736842106,2.9473684210526314,1.2742749857031335,0.3153256043184385
2.3157894736842106,2.9473684210526314,1.5098971606184193,0.3020641619161753
2.3157894736842106,2.9473684210526314,1.789087489923219,0.29075087381776854
2.3157894736842106,2.9473684210526314,2.1199020238496082,0.27432805276914524
2.3157894736842106,2.9473684210526314,2.51188643150958,0.2623702878941366
2.3157894736842106,3.2105263157894735,0.09999999999999999,0.2578237541722095
2.3157894736842106,3.2105263157894735,0.11849068510006666,0.2461750972991851
2.3157894736842106,3.2105263157894735,0.1404004245548316,0.26622663555076975
2.3157894736842106,3.2105263157894735,0.16636142493842218,0.2690173936355805
2.3157894736842106,3.2105263157894735,0.1971227921517696,0.2816531432757956
2.3157894736842106,3.2105263157894735,0.23357214690901223,0.2800573493925849
2.3157894736842106,3.2105263157894735,0.2767612370754227,0.27787441628824844
2.3157894736842106,3.2105263157894735,0.32793628590208806,0.3037148755513388
2.3157894736842106,3.2105263157894735,0.3885739518570975,0.2914131618623929
2.3157894736842106,3.2105263157894735,0.460423937675878,0.2983093879417263
2.3157894736842106,3.2105263157894735,0.5455594781168519,0.3063491193442617
2.3157894736842106,3.2105263157894735,0.646437163249006,0.31311261826937975
2.3157894736842106,3.2105263157894735,0.7659678234751834,0.3232366746264345
2.3157894736842106,3.2105263157894735,0.907600521681814,0.3337480140610945
2.3157894736842106,3.2105263157894735,1.0754220761125606,0.3172827900517287
2.3157894736842106,3.2105263157894735,1.2742749857031335,0.30432902300230863
2.3157894736842106,3.2105263157894735,1.5098971606184193,0.2966760781387966
2.3157894736842106,3.2105263157894735,1.789087489923219,0.28684062188702447
2.3157894736842106,3.2105263157894735,2.1199020238496082,0.273763000661035
2.3157894736842106,3.2105263157894735,2.51188643150958,0.2554189287734671
2.3157894736842106,3.473684210526316,0.09999999999999999,0.2652272932278862
2.3157894736842106,3.473684210526316,0.11849068510006666,0.25731877055022134
2.3157894736842106,3.473684210526316,0.1404004245548316,0.25622824509136183
2.3157894736842106,3.473684210526316,0.16636142493842218,0.2602780523013158
2.3157894736842106,3.473684210526316,0.1971227921517696,0.2652042080090205
2.3157894736842106,3.473684210526316,0.23357214690901223,0.26449083291344716
2.3157894736842106,3.473684210526316,0.2767612370754227,0.2874416962111765
2.3157894736842106,3.473684210526316,0.32793628590208806,0.29309381352880504
2.3157894736842106,3.473684210526316,0.3885739518570975,0.31367322041085366
2.3157894736842106,3.473684210526316,0.460423937675878,0.3034911263104468
2.3157894736842106,3.473684210526316,0.5455594781168519,0.29789334446570115
2.3157894736842106,3.473684210526316,0.646437163249006,0.30935896332409046
2.3157894736842106,3.473684210526316,0.7659678234751834,0.30120174629640734
2.3157894736842106,3.473684210526316,0.907600521681814,0.3162806558840668
2.3157894736842106,3.473684210526316,1.0754220761125606,0.29307599659767336
2.3157894736842106,3.473684210526316,1.2742749857031335,0.2977308521803479
2.3157894736842106,3.473684210526316,1.5098971606184193,0.2914109149694177
2.3157894736842106,3.473684210526316,1.789087489923219,0.27777077684691753
2.3157894736842106,3.473684210526316,2.1199020238496082,0.26683434603216566
2.3157894736842106,3.473684210526316,2.51188643150958,0.2543724584757492
2.3157894736842106,3.7368421052631575,0.09999999999999999,0.2513652650330023
2.3157894736842106,3.7368421052631575,0.11849068510006666,0.2712725310834954
2.3157894736842106,3.7368421052631575,0.1404004245548316,0.24994970916504178
2.3157894736842106,3.7368421052631575,0.16636142493842218,0.2636876585990749
2.3157894736842106,3.7368421052631575,0.1971227921517696,0.2623930007977824
2.3157894736842106,3.7368421052631575,0.23357214690901223,0.2888391422788643
2.3157894736842106,3.7368421052631575,0.2767612370754227,0.2985230107352402
2.3157894736842106,3.7368421052631575,0.32793628590208806,0.2689685332360795
2.3157894736842106,3.7368421052631575,0.3885739518570975,0.27396187950681616
2.3157894736842106,3.7368421052631575,0.460423937675878,0.30035567349593817
2.3157894736842106,3.7368421052631575,0.5455594781168519,0.3064206151078956
2.3157894736842106,3.7368421052631575,0.646437163249006,0.3001631846163271
2.3157894736842106,3.7368421052631575,0.7659678234751834,0.29747023000308864
2.3157894736842106,3.7368421052631575,0.907600521681814,0.30704135711708247
2.3157894736842106,3.7368421052631575,1.0754220761125606,0.3012687302644118
2.3157894736842106,3.7368421052631575,1.2742749857031335,0.29478472537207134
2.3157894736842106,3.7368421052631575,1.5098971606184193,0.2881174825854853
2.3157894736842106,3.7368421052631575,1.789087489923219,0.2755555903303922
2.3157894736842106,3.7368421052631575,2.1199020238496082,0.26179617549086387
2.3157894736842106,3.7368421052631575,2.51188643150958,0.2519700465596647
2.3157894736842106,4.0,0.09999999999999999,0.23811850497140596
2.3157894736842106,4.0,0.11849068510006666,0.2116368901910648
2.3157894736842106,4.0,0.1404004245548316,0.2574665511269808
2.3157894736842106,4.0,0.16636142493842218,0.2655443803966946
2.3157894736842106,4.0,0.1971227921517696,0.27350373114539855
2.3157894736842106,4.0,0.23357214690901223,0.24751345156566057
2.3157894736842106,4.0,0.2767612370754227,0.25526313980299303
2.3157894736842106,4.0,0.32793628590208806,0.2807109795001134
2.3157894736842106,4.0,0.3885739518570975,0.26244930238209524
2.3157894736842106,4.0,0.460423937675878,0.29451865000235566
2.3157894736842106,4.0,0.5455594781168519,0.2937987047702981
2.3157894736842106,4.0,0.646437163249006,0.29476637648295123
2.3157894736842106,4.0,0.7659678234751834,0.2961942442994522
2.3157894736842106,4.0,0.907600521681814,0.3010558916999593
2.3157894736842106,4.0,1.0754220761125606,0.3037427249747969
2.3157894736842106,4.0,1.2742749857031335,0.2908290366169256
2.3157894736842106,4.0,1.5098971606184193,0.2822901107481684
2.3157894736842106,4.0,1.789087489923219,0.26983263444133243
2.3157894736842106,4.0,2.1199020238496082,0.26150567350072157
2.3157894736842106,4.0,2.51188643150958,0.24777656561585243
2.526315789473684,-1.0,0.09999999999999999,0.6943884479593009
2.526315789473684,-1.0,0.11849068510006666,0.6866742634769706
2.526315789473684,-1.0,0.1404004245548316,0.6812209707902236
2.526315789473684,-1.0,0.16636142493842218,0.6846839006477231
2.526315789473684,-1.0,0.1971227921517696,0.6576750120169106
2.526315789473684,-1.0,0.23357214690901223,0.6781046273081673
2.526315789473684,-1.0,0.2767612370754227,0.6584333375485538
2.526315789473684,-1.0,0.32793628590208806,0.6422409178730331
2.526315789473684,-1.0,0.3885739518570975,0.6315013280190529
2.526315789473684,-1.0,0.460423937675878,0.5995750152152197
2.526315789473684,-1.0,0.5455594781168519,0.5754939822863405
2.526315789473684,-1.0,0.646437163249006,0.5295346873535163
2.526315789473684,-1.0,0.7659678234751834,0.496439735169914
2.526315789473684,-1.0,0.907600521681814,0.4609925594797655
2.526315789473684,-1.0,1.0754220761125606,0.4204107886055164
2.526315789473684,-1.0,1.2742749857031335,0.380609195959243
2.526315789473684,-1.0,1.5098971606184193,0.3452633458403755
2.526315789473684,-1.0,1.789087489923219,0.31181092606136385
2.526315789473684,-1.0,2.1199020238496082,0.28373645881819687
2.526315789473684,-1.0,2.51188643150958,0.26249772737659394
2.526315789473684,-0.736842105263158,0.09999999999999999,0.6823321112979474
2.526315789473684,-0.736842105263158,0.11849068510006666,0.6941474125045961
2.526315789473684,-0.736842105263158,0.1404004245548316,0.6980905551574528
2.526315789473684,-0.736842105263158,0.16636142493842218,0.6769245610022222
2.526315789473684,-0.736842105263158,0.1971227921517696,0.6786373447220145
2.526315789473684,-0.736842105263158,0.23357214690901223,0.6651836745102375
2.526315789473684,-0.736842105263158,0.2767612370754227,0.6572466065921787
2.526315789473684,-0.736842105263158,0.32793628590208806,0.6479389044726982
2.526315789473684,-0.736842105263158,0.3885739518570975,0.6257059962406836
2.526315789473684,-0.736842105263158,0.460423937675878,0.6005421701599344
2.526315789473684,-0.736842105263158,0.5455594781168519,0.5698635493615982
2.526315789473684,-0.736842105263158,0.646437163249006,0.5299426024974059
2.526315789473684,-0.736842105263158,0.7659678234751834,0.5000811791954755
2.526315789473684,-0.736842105263158,0.907600521681814,0.46110761773008185
2.526315789473684,-0.736842105263158,1.0754220761125606,0.42200053751890204
2.526315789473684,-0.736842105263158,1.2742749857031335,0.37852935654799463
2.526315789473684,-0.736842105263158,1.5098971606184193,0.3440768749369251
2.526315789473684,-0.736842105263158,1.789087489923219,0.3114352949503175
2.526315789473684,-0.736842105263158,2.1199020238496082,0.2845565219460065
2.526315789473684,-0.736842105263158,2.51188643150958,0.2613109233561541
2.526315789473684,-0.4736842105263158,0.09999999999999999,0.7011546372284443
2.526315789473684,-0.4736842105263158,0.11849068510006666,0.6937411025902138
2.526315789473684,-0.4736842105263158,0.1404004245548316,0.6921097248707052
2.526315789473684,-0.4736842105263158,0.16636142493842218,0.6846912210193749
2.526315789473684,-0.4736842105263158,0.1971227921517696,0.6734310027981192
2.526315789473684,-0.4736842105263158,0.23357214690901223,0.6819204806818252
2.526315789473684,-0.4736842105263158,0.2767612370754227,0.6685018377626102
2.526315789473684,-0.4736842105263158,0.32793628590208806,0.6476125024367693
2.526315789473684,-0.4736842105263158,0.3885739518570975,0.6212219480627567
2.526315789473684,-0.4736842105263158,0.460423937675878,0.5909679556629887
2.526315789473684,-0.4736842105263158,0.5455594781168519,0.5663179058447493
2.526315789473684,-0.4736842105263158,0.646437163249006,0.5428757641762583
2.526315789473684,-0.4736842105263158,0.7659678234751834,0.5001869938978003
2.526315789473684,-0.4736842105263158,0.907600521681814,0.45331132225690673
2.526315789473684,-0.4736842105263158,1.0754220761125606,0.4187619370102669
2.526315789473684,-0.4736842105263158,1.2742749857031335,0.3838217980986488
2.526315789473684,-0.4736842105263158,1.5098971606184193,0.34601212684087346
2.526315789473684,-0.4736842105263158,1.789087489923219,0.3108967503907358
2.526315789473684,-0.4736842105263158,2.1199020238496082,0.28372861362476065
2.526315789473684,-0.4736842105263158,2.51188643150958,0.26207373545364016
2.526315789473684,-0.21052631578947367,0.09999999999999999,0.6971276143929104
2.526315789473684,-0.21052631578947367,0.11849068510006666,0.6970411989180132
2.526315789473684,-0.21052631578947367,0.1404004245548316,0.6914728213451451
2.526315789473684,-0.21052631578947367,0.16636142493842218,0.6877159435073655
2.526315789473684,-0.21052631578947367,0.1971227921517696,0.691713111139229
2.526315789473684,-0.21052631578947367,0.23357214690901223,0.6525234756739062
2.526315789473684,-0.21052631578947367,0.2767612370754227,0.6528069960530452
2.526315789473684,-0.21052631578947367,0.32793628590208806,0.6396544364523005
2.526315789473684,-0.21052631578947367,0.3885739518570975,0.6265839655050709
2.526315789473684,-0.21052631578947367,0.460423937675878,0.591665353712197
2.526315789473684,-0.21052631578947367,0.5455594781168519,0.5761058811159926
2.526315789473684,-0.21052631578947367,0.646437163249006,0.5366619612171996
2.526315789473684,-0.21052631578947367,0.7659678234751834,0.5014658705284596
2.526315789473684,-0.21052631578947367,0.907600521681814,0.4600400500984378
2.526315789473684,-0.21052631578947367,1.0754220761125606,0.4204112666092573
2.526315789473684,-0.21052631578947367,1.2742749857031335,0.37963914230364426
2.526315789473684,-0.21052631578947367,1.5098971606184193,0.34430681959037696
2.526315789473684,-0.21052631578947367,1.789087489923219,0.3108575271434029
2.526315789473684,-0.21052631578947367,2.1199020238496082,0.28488545176145624
2.526315789473684,-0.21052631578947367,2.51188643150958,0.2624362312257226
2.526315789473684,0.05263157894736836,0.09999999999999999,0.7027578033929457
2.526315789473684,0.05263157894736836,0.11849068510006666,0.6997372216114081
2.526315789473684,0.05263157894736836,0.1404004245548316,0.6772533037643796
2.526315789473684,0.05263157894736836,0.16636142493842218,0.6829435731909346
2.526315789473684,0.05263157894736836,0.1971227921517696,0.6764937394680641
2.526315789473684,0.05263157894736836,0.23357214690901223,0.6566260093839583
2.526315789473684,0.05263157894736836,0.2767612370754227,0.649990933368404
2.526315789473684,0.05263157894736836,0.32793628590208806,0.6440304735221283
2.526315789473684,0.05263157894736836,0.3885739518570975,0.6229604633177592
2.526315789473684,0.05263157894736836,0.460423937675878,0.597111019346621
2.526315789473684,0.05263157894736836,0.5455594781168519,0.5755988917950647
2.526315789473684,0.05263157894736836,0.646437163249006,0.5355388728200884
2.526315789473684,0.05263157894736836,0.7659678234751834,0.4957679862334666
2.526315789473684,0.05263157894736836,0.907600521681814,0.467666410633503
2.526315789473684,0.05263157894736836,1.0754220761125606,0.4228291835792616
2.526315789473684,0.05263157894736836,1.2742749857031335,0.3823287852083993
2.526315789473684,0.05263157894736836,1.5098971606184193,0.34186529771339785
2.526315789473684,0.05263157894736836,1.789087489923219,0.3111495952429162
2.526315789473684,0.05263157894736836,2.1199020238496082,0.28388811225450844
2.526315789473684,0.05263157894736836,2.51188643150958,0.26308822042056285
2.526315789473684,0.3157894736842104,0.09999999999999999,0.7055550026985316
2.526315789473684,0.3157894736842104,0.11849068510006666,0.6891239393874032
2.526315789473684,0.3157894736842104,0.1404004245548316,0.6947913775752435
2.526315789473684,0.3157894736842104,0.16636142493842218,0.6775326044943618
2.526315789473684,0.3157894736842104,0.1971227921517696,0.6713495770212473
2.526315789473684,0.3157894736842104,0.23357214690901223,0.6673520428716605
2.526315789473684,0.3157894736842104,0.2767612370754227,0.6539186789728073
2.526315789473684,0.3157894736842104,0.32793628590208806,0.6355586263930635
2.526315789473684,0.3157894736842104,0.3885739518570975,0.6244385821006109
2.526315789473684,0.3157894736842104,0.460423937675878,0.6055707701407858
2.526315789473684,0.3157894736842104,0.5455594781168519,0.5652769581640256
2.526315789473684,0.3157894736842104,0.646437163249006,0.5394599991913207
2.526315789473684,0.3157894736842104,0.7659678234751834,0.49723977872408925
2.526315789473684,0.3157894736842104,0.907600521681814,0.46093374841210405
2.526315789473684,0.3157894736842104,1.0754220761125606,0.41922872812451367
2.526315789473684,0.3157894736842104,1.2742749857031335,0.38245124398070107
2.526315789473684,0.3157894736842104,1.5098971606184193,0.3422985672515169
2.526315789473684,0.3157894736842104,1.789087489923219,0.31251993728528893
2.526315789473684,0.3157894736842104,2.1199020238496082,0.2843353359944493
2.526315789473684,0.3157894736842104,2.51188643150958,0.2612382032116706
2.526315789473684,0.5789473684210527,0.09999999999999999,0.6980386829351248
2.526315789473684,0.5789473684210527,0.11849068510006666,0.6861189704335703
2.526315789473684,0.5789473684210527,0.1404004245548316,0.6870329377390957
2.526315789473684,0.5789473684210527,0.16636142493842218,0.673337239120996
2.526315789473684,0.5789473684210527,0.1971227921517696,0.6660265142824812
2.526315789473684,0.5789473684210527,0.23357214690901223,0.6604571915830332
2.526315789473684,0.5789473684210527,0.2767612370754227,0.6538448911613527
2.526315789473684,0.5789473684210527,0.32793628590208806,0.6466110290363225
2.526315789473684,0.5789473684210527,0.3885739518570975,0.6269988107797465
2.526315789473684,0.5789473684210527,0.460423937675878,0.5988998084470901
2.526315789473684,0.5789473684210527,0.5455594781168519,0.5696139753329095
2.526315789473684,0.5789473684210527,0.646437163249006,0.533954700942436
2.526315789473684,0.5789473684210527,0.7659678234751834,0.5096977888715116
2.526315789473684,0.5789473684210527,0.907600521681814,0.46091956998671707
2.526315789473684,0.5789473684210527,1.0754220761125606,0.4209465453644161
2.526315789473684,0.5789473684210527,1.2742749857031335,0.3803282627482915
2.526315789473684,0.5789473684210527,1.5098971606184193,0.346450468087551
2.526315789473684,0.5789473684210527,1.789087489923219,0.31012502952786014
2.526315789473684,0.5789473684210527,2.1199020238496082,0.28476183400679306
2.526315789473684,0.5789473684210527,2.51188643150958,0.2617448423696727
2.526315789473684,0.8421052631578947,0.09999999999999999,0.6883526571951384
2.526315789473684,0.8421052631578947,0.11849068510006666,0.7049881933323988
2.526315789473684,0.8421052631578947,0.1404004245548316,0.6882736381063436
2.526315789473684,0.8421052631578947,0.16636142493842218,0.6704045294786101
2.526315789473684,0.8421052631578947,0.1971227921517696,0.6629382074697806
2.526315789473684,0.8421052631578947,0.23357214690901223,0.6717139976899338
2.526315789473684,0.8421052631578947,0.2767612370754227,0.661364922508386
2.526315789473684,0.8421052631578947,0.32793628590208806,0.649033291269951
2.526315789473684,0.8421052631578947,0.3885739518570975,0.6302648236143098
2.526315789473684,0.8421052631578947,0.460423937675878,0.5929392381101249
2.526315789473684,0.8421052631578947,0.5455594781168519,0.5646030229943181
2.526315789473684,0.8421052631578947,0.646437163249006,0.5337574573751602
2.526315789473684,0.8421052631578947,0.7659678234751834,0.49485551821704715
2.526315789473684,0.8421052631578947,0.907600521681814,0.45972300668933924
2.526315789473684,0.8421052631578947,1.0754220761125606,0.42230361197110394
2.526315789473684,0.8421052631578947,1.2742749857031335,0.38162062790138285
2.526315789473684,0.8421052631578947,1.5098971606184193,0.3413934320236909
2.526315789473684,0.8421052631578947,1.789087489923219,0.3127644713068395
2.526315789473684,0.8421052631578947,2.1199020238496082,0.28656342943099167
2.526315789473684,0.8421052631578947,2.51188643150958,0.26212280346308964
2.526315789473684,1.1052631578947367,0.09999999999999999,0.6873173490667545
2.526315789473684,1.1052631578947367,0.11849068510006666,0.6930206649582491
2.526315789473684,1.1052631578947367,0.1404004245548316,0.6839204819287364
2.526315789473684,1.1052631578947367,0.16636142493842218,0.6783688688947763
2.526315789473684,1.1052631578947367,0.1971227921517696,0.6909434042533205
2.526315789473684,1.1052631578947367,0.23357214690901223,0.6709820686893897
2.526315789473684,1.1052631578947367,0.2767612370754227,0.6510478921711085
2.526315789473684,1.1052631578947367,0.32793628590208806,0.6383508715208474
2.526315789473684,1.1052631578947367,0.3885739518570975,0.6241758538290753
2.526315789473684,1.1052631578947367,0.460423937675878,0.599293367829711
2.526315789473684,1.1052631578947367,0.5455594781168519,0.5648204114627381
2.526315789473684,1.1052631578947367,0.646437163249006,0.5330193228661712
2.526315789473684,1.1052631578947367,0.7659678234751834,0.4984882943257781
2.526315789473684,1.1052631578947367,0.907600521681814,0.46143471383224965
2.526315789473684,1.1052631578947367,1.0754220761125606,0.420696978867782
2.526315789473684,1.1052631578947367,1.2742749857031335,0.3816405850228529
2.526315789473684,1.1052631578947367,1.5098971606184193,0.34533470714537745
2.526315789473684,1.1052631578947367,1.789087489923219,0.31219472025321027
2.526315789473684,1.1052631578947367,2.1199020238496082,0.2851164901388698
2.526315789473684,1.1052631578947367,2.51188643150958,0.26405914928814084
2.526315789473684,1.3684210526315788,0.09999999999999999,0.6845840497611969
2.526315789473684,1.3684210526315788,0.11849068510006666,0.6762575289479351
2.526315789473684,1.3684210526315788,0.1404004245548316,0.6724585455720772
2.526315789473684,1.3684210526315788,0.16636142493842218,0.6797704120436163
2.526315789473684,1.3684210526315788,0.1971227921517696,0.684237674442571
2.526315789473684,1.3684210526315788,0.23357214690901223,0.6561689652963045
2.526315789473684,1.3684210526315788,0.2767612370754227,0.64252940287384
2.526315789473684,1.3684210526315788,0.32793628590208806,0.6411977324278026
2.526315789473684,1.3684210526315788,0.3885739518570975,0.6176108796604745
2.526315789473684,1.3684210526315788,0.460423937675878,0.6022638673489161
2.526315789473684,1.3684210526315788,0.5455594781168519,0.5704476590903743
2.526315789473684,1.3684210526315788,0.646437163249006,0.5221120272401643
2.526315789473684,1.3684210526315788,0.7659678234751834,0.49528306006338685
2.526315789473684,1.3684210526315788,0.907600521681814,0.45766738174112614
2.526315789473684,1.3684210526315788,1.0754220761125606,0.42126547663906816
2.526315789473684,1.3684210526315788,1.2742749857031335,0.37941136605037823
2.526315789473684,1.3684210526315788,1.5098971606184193,0.3476004504918108
2.526315789473684,1.3684210526315788,1.789087489923219,0.31226874200670757
2.526315789473684,1.3684210526315788,2.1199020238496082,0.28650587237326586
2.526315789473684,1.3684210526315788,2.51188643150958,0.2634055819562905
2.526315789473684,1.6315789473684208,0.09999999999999999,0.6897015554451913
2.526315789473684,1.6315789473684208,0.11849068510006666,0.6831216651687312
2.526315789473684,1.6315789473684208,0.1404004245548316,0.6666676840467463
2.526315789473684,1.6315789473684208,0.16636142493842218,0.6724479747484309
2.526315789473684,1.6315789473684208,0.1971227921517696,0.6480819656407081
2.526315789473684,1.6315789473684208,0.23357214690901223,0.6637540030169042
2.526315789473684,1.6315789473684208,0.2767612370754227,0.6500989411176008
2.526315789473684,1.6315789473684208,0.32793628590208806,0.6400750999721816
2.526315789473684,1.6315789473684208,0.3885739518570975,0.6025311147674146
2.526315789473684,1.6315789473684208,0.460423937675878,0.5860902680764585
2.526315789473684,1.6315789473684208,0.5455594781168519,0.5630704871429366
2.526315789473684,1.6315789473684208,0.646437163249006,0.5254260011847477
2.526315789473684,1.6315789473684208,0.7659678234751834,0.49139079036582506
2.526315789473684,1.6315789473684208,0.907600521681814,0.46472676757673376
2.526315789473684,1.6315789473684208,1.0754220761125606,0.4226517416280832
2.526315789473684,1.6315789473684208,1.2742749857031335,0.38368036848609344
2.526315789473684,1.6315789473684208,1.5098971606184193,0.34671341922401505
2.526315789473684,1.6315789473684208,1.789087489923219,0.3152761024757303
2.526315789473684,1.6315789473684208,2.1199020238496082,0.2882930563329056
2.526315789473684,1.6315789473684208,2.51188643150958,0.2643117692005479
2.526315789473684,1.8947368421052628,0.09999999999999999,0.6577951997745143
2.526315789473684,1.8947368421052628,0.11849068510006666,0.6523799891691594
2.526315789473684,1.8947368421052628,0.1404004245548316,0.6379061790129938
2.526315789473684,1.8947368421052628,0.16636142493842218,0.6605124422100771
2.526315789473684,1.8947368421052628,0.1971227921517696,0.650176456016808
2.526315789473684,1.8947368421052628,0.23357214690901223,0.6326909692110753
2.526315789473684,1.8947368421052628,0.2767612370754227,0.623906725940943
2.526315789473684,1.8947368421052628,0.32793628590208806,0.6059930907976855
2.526315789473684,1.8947368421052628,0.3885739518570975,0.5929611724972474
2.526315789473684,1.8947368421052628,0.460423937675878,0.5743708874385203
2.526315789473684,1.8947368421052628,0.5455594781168519,0.5511096710017418
2.526315789473684,1.8947368421052628,0.646437163249006,0.522315112497369
2.526315789473684,1.8947368421052628,0.7659678234751834,0.49183591324497716
2.526315789473684,1.8947368421052628,0.907600521681814,0.455727559068875
2.526315789473684,1.8947368421052628,1.0754220761125606,0.4168195377145711
2.526315789473684,1.8947368421052628,1.2742749857031335,0.38427823925355464
2.526315789473684,1.8947368421052628,1.5098971606184193,0.34927288710154897
2.526315789473684,1.8947368421052628,1.789087489923219,0.3168830635510376
2.526315789473684,1.8947368421052628,2.1199020238496082,0.2912478032569702
2.526315789473684,1.8947368421052628,2.51188643150958,0.26829185775386405
2.526315789473684,2.1578947368421053,0.09999999999999999,0.5618849622886275
2.526315789473684,2.1578947368421053,0.11849068510006666,0.5827712994180445
2.526315789473684,2.1578947368421053,0.1404004245548316,0.566138501604431
2.526315789473684,2.1578947368421053,0.16636142493842218,0.5583372255231206
2.526315789473684,2.1578947368421053,0.1971227921517696,0.5800561455539823
2.526315789473684,2.1578947368421053,0.23357214690901223,0.5615624526841758
2.526315789473684,2.1578947368421053,0.2767612370754227,0.5536453048125852
2.526315789473684,2.1578947368421053,0.32793628590208806,0.5721582767730851
2.526315789473684,2.1578947368421053,0.3885739518570975,0.5588533454284843
2.526315789473684,2.1578947368421053,0.460423937675878,0.537345660345185
2.526315789473684,2.1578947368421053,0.5455594781168519,0.5119214106741821
2.526315789473684,2.1578947368421053,0.646437163249006,0.502604869148999
2.526315789473684,2.1578947368421053,0.7659678234751834,0.4696188670959013
2.526315789473684,2.1578947368421053,0.907600521681814,0.43870764750822466
2.526315789473684,2.1578947368421053,1.0754220761125606,0.4054483633023004
2.526315789473684,2.1578947368421053,1.2742749857031335,0.3798089702687285
2.526315789473684,2.1578947368421053,1.5098971606184193,0.34674682122922906
2.526315789473684,2.1578947368421053,1.789087489923219,0.31615413774890083
2.526315789473684,2.1578947368421053,2.1199020238496082,0.2900764243945641
2.526315789473684,2.1578947368421053,2.51188643150958,0.27006036383296894
2.526315789473684,2.4210526315789473,0.09999999999999999,0.432402430363333
2.526315789473684,2.4210526315789473,0.11849068510006666,0.43384402964621493
2.526315789473684,2.4210526315789473,0.1404004245548316,0.4238428500515437
2.526315789473684,2.4210526315789473,0.16636142493842218,0.435453207217527
2.526315789473684,2.4210526315789473,0.1971227921517696,0.4416080614799407
2.526315789473684,2.4210526315789473,0.23357214690901223,0.4525250624740039
2.526315789473684,2.4210526315789473,0.2767612370754227,0.4375336845267055
2.526315789473684,2.4210526315789473,0.32793628590208806,0.4522341961755266
2.526315789473684,2.4210526315789473,0.3885739518570975,0.44068716970635896
2.526315789473684,2.4210526315789473,0.460423937675878,0.45098240218434366
2.526315789473684,2.4210526315789473,0.5455594781168519,0.4468262886887623
2.526315789473684,2.4210526315789473,0.646437163249006,0.4382530932174253
2.526315789473684,2.4210526315789473,0.7659678234751834,0.4237443406011315
2.526315789473684,2.4210526315789473,0.907600521681814,0.40434721360010034
2.526315789473684,2.4210526315789473,1.0754220761125606,0.3846091606664034
2.526315789473684,2.4210526315789473,1.2742749857031335,0.3607987554819002
2.526315789473684,2.4210526315789473,1.5098971606184193,0.33843324366508304
2.526315789473684,2.4210526315789473,1.789087489923219,0.3131571645649845
2.526315789473684,2.4210526315789473,2.1199020238496082,0.2936355383972633
2.526315789473684,2.4210526315789473,2.51188643150958,0.27160822499546045
2.526315789473684,2.6842105263157894,0.09999999999999999,0.29229197497393816
2.526315789473684,2.6842105263157894,0.11849068510006666,0.2865608973919069
2.526315789473684,2.6842105263157894,0.1404004245548316,0.3054221599923983
2.526315789473684,2.6842105263157894,0.16636142493842218,0.3078513997580154
2.526315789473684,2.6842105263157894,0.1971227921517696,0.30183195479067915
2.526315789473684,2.6842105263157894,0.23357214690901223,0.32761051082525827
2.526315789473684,2.6842105263157894,0.2767612370754227,0.34834660214446295
2.526315789473684,2.6842105263157894,0.32793628590208806,0.3426315416850818
2.526315789473684,2.6842105263157894,0.3885739518570975,0.3660507256731087
2.526315789473684,2.6842105263157894,0.460423937675878,0.3713398376389846
2.526315789473684,2.6842105263157894,0.5455594781168519,0.3684189542206717
2.526315789473684,2.6842105263157894,0.646437163249006,0.37261814755915607
2.526315789473684,2.6842105263157894,0.7659678234751834,0.37287294332966936
2.526315789473684,2.6842105263157894,0.907600521681814,0.3652300227520612
2.526315789473684,2.6842105263157894,1.0754220761125606,0.3597086682842972
2.526315789473684,2.6842105263157894,1.2742749857031335,0.3486888812915459
2.526315789473684,2.6842105263157894,1.5098971606184193,0.32244813552271007
2.526315789473684,2.6842105263157894,1.789087489923219,0.3062765546822391
2.526315789473684,2.6842105263157894,2.1199020238496082,0.28749525218956257
2.526315789473684,2.6842105263157894,2.51188643150958,0.27115558932945294
2.526315789473684,2.9473684210526314,0.09999999999999999,0.24024586808057655
2.526315789473684,2.9473684210526314,0.11849068510006666,0.2646216041245786
2.526315789473684,2.9473684210526314,0.1404004245548316,0.26130815828372334
2.526315789473684,2.9473684210526314,0.16636142493842218,0.2817962977923357
2.526315789473684,2.9473684210526314,0.1971227921517696,0.280895929795099
2.526315789473684,2.9473684210526314,0.23357214690901223,0.29491518880269707
2.526315789473684,2.9473684210526314,0.2767612370754227,0.31612478287561074
2.526315789473684,2.9473684210526314,0.32793628590208806,0.32500858139747985
2.526315789473684,2.9473684210526314,0.3885739518570975,0.31939800747413627
2.526315789473684,2.9473684210526314,0.460423937675878,0.33757031715456676
2.526315789473684,2.9473684210526314,0.5455594781168519,0.3338630217340886
2.526315789473684,2.9473684210526314,0.646437163249006,0.3429841414191799
2.526315789473684,2.9473684210526314,0.7659678234751834,0.3523693403433406
2.526315789473684,2.9473684210526314,0.907600521681814,0.34359982084826957
2.526315789473684,2.9473684210526314,1.0754220761125606,0.33594731846361636
2.526315789473684,2.9473684210526314,1.2742749857031335,0.3247849186223129
2.526315789473684,2.9473684210526314,1.5098971606184193,0.31657620175993745
2.526315789473684,2.9473684210526314,1.789087489923219,0.29572621032659896
2.526315789473684,2.9473684210526314,2.1199020238496082,0.2809316788553289
2.526315789473684,2.9473684210526314,2.51188643150958,0.2637928715728177
2.526315789473684,3.2105263157894735,0.09999999999999999,0.24671076517693089
2.526315789473684,3.2105263157894735,0.11849068510006666,0.2792820127467566
2.526315789473684,3.2105263157894735,0.1404004245548316,0.27015425386298136
2.526315789473684,3.2105263157894735,0.16636142493842218,0.2897699294573054
2.526315789473684,3.2105263157894735,0.1971227921517696,0.2724730698403748
2.526315789473684,3.2105263157894735,0.23357214690901223,0.2779284517343053
2.526315789473684,3.2105263157894735,0.2767612370754227,0.3181832708718334
2.526315789473684,3.2105263157894735,0.32793628590208806,0.3078661768222736
2.526315789473684,3.2105263157894735,0.3885739518570975,0.29940157131956047
2.526315789473684,3.2105263157894735,0.460423937675878,0.3185758364446623
2.526315789473684,3.2105263157894735,0.5455594781168519,0.3291609616949538
2.526315789473684,3.2105263157894735,0.646437163249006,0.32749106337918577
2.526315789473684,3.2105263157894735,0.7659678234751834,0.3360038946018337
2.526315789473684,3.2105263157894735,0.907600521681814,0.3315310237428988
2.526315789473684,3.2105263157894735,1.0754220761125606,0.3198916323148653
2.526315789473684,3.2105263157894735,1.2742749857031335,0.3154965113528897
2.526315789473684,3.2105263157894735,1.5098971606184193,0.3055453486402316
2.526315789473684,3.2105263157894735,1.789087489923219,0.2926008179070502
2.526315789473684,3.2105263157894735,2.1199020238496082,0.27543888265619976
2.526315789473684,3.2105263157894735,2.51188643150958,0.2583836996381548
2.526315789473684,3.473684210526316,0.09999999999999999,0.26663867653330414
2.526315789473684,3.473684210526316,0.11849068510006666,0.2731134851936977
2.526315789473684,3.473684210526316,0.1404004245548316,0.25953830776971193
2.526315789473684,3.473684210526316,0.16636142493842218,0.2747391728553123
2.526315789473684,3.473684210526316,0.1971227921517696,0.2829849688564979
2.526315789473684,3.473684210526316,0.23357214690901223,0.27852593447155577
2.526315789473684,3.473684210526316,0.2767612370754227,0.28783118191123813
2.526315789473684,3.473684210526316,0.32793628590208806,0.29637159955883796
2.526315789473684,3.473684210526316,0.3885739518570975,0.2977408976183438
2.526315789473684,3.473684210526316,0.460423937675878,0.31066899624992056
2.526315789473684,3.473684210526316,0.5455594781168519,0.31862554706576834
2.526315789473684,3.473684210526316,0.646437163249006,0.31384129677109524
2.526315789473684,3.473684210526316,0.7659678234751834,0.32064546740233624
2.526315789473684,3.473684210526316,0.907600521681814,0.3093899600767601
2.526315789473684,3.473684210526316,1.0754220761125606,0.31357509972282693
2.526315789473684,3.473684210526316,1.2742749857031335,0.3108945794062678
2.526315789473684,3.473684210526316,1.5098971606184193,0.2984113825292724
2.526315789473684,3.473684210526316,1.789087489923219,0.28691800620141594
2.526315789473684,3.473684210526316,2.1199020238496082,0.27071437641940516
2.526315789473684,3.473684210526316,2.51188643150958,0.255845252439025
2.526315789473684,3.7368421052631575,0.09999999999999999,0.26003824508383844
2.526315789473684,3.7368421052631575,0.11849068510006666,0.2879130985447885
2.526315789473684,3.7368421052631575,0.1404004245548316,0.26682050910440624
2.526315789473684,3.7368421052631575,0.16636142493842218,0.25810346957566455
2.526315789473684,3.7368421052631575,0.1971227921517696,0.2855396494232632
2.526315789473684,3.7368421052631575,0.23357214690901223,0.25753924486126356
2.526315789473684,3.7368421052631575,0.2767612370754227,0.28481509794704846
2.526315789473684,3.7368421052631575,0.32793628590208806,0.299118517944278
2.526315789473684,3.7368421052631575,0.3885739518570975,0.30259958683550425
2.526315789473684,3.7368421052631575,0.460423937675878,0.3075920752597952
2.526315789473684,3.7368421052631575,0.5455594781168519,0.3156932185377096
2.526315789473684,3.7368421052631575,0.646437163249006,0.32442783454875773
2.526315789473684,3.7368421052631575,0.7659678234751834,0.32449137153814367
2.526315789473684,3.7368421052631575,0.907600521681814,0.3096129095811433
2.526315789473684,3.7368421052631575,1.0754220761125606,0.3113475129298074
2.526315789473684,3.7368421052631575,1.2742749857031335,0.302312401054569
2.526315789473684,3.7368421052631575,1.5098971606184193,0.28665990985581075
2.526315789473684,3.7368421052631575,1.789087489923219,0.2765682206731609
2.526315789473684,3.7368421052631575,2.1199020238496082,0.26942621597000804
2.526315789473684,3.7368421052631575,2.51188643150958,0.25616895575428394
2.526315789473684,4.0,0.09999999999999999,0.2337963976369671
2.526315789473684,4.0,0.11849068510006666,0.2577438489989922
2.526315789473684,4.0,0.1404004245548316,0.2503431609402224
2.526315789473684,4.0,0.16636142493842218,0.2730707543503423
2.526315789473684,4.0,0.1971227921517696,0.27558049042129595
2.526315789473684,4.0,0.23357214690901223,0.27045675318284423
2.526315789473684,4.0,0.2767612370754227,0.272707045806548
2.526315789473684,4.0,0.32793628590208806,0.29271804873519663
2.526315789473684,4.0,0.3885739518570975,0.2834612324243826
2.526315789473684,4.0,0.460423937675878,0.2974815186377299
2.526315789473684,4.0,0.5455594781168519,0.3089213090987627
2.526315789473684,4.0,0.646437163249006,0.29961602858220204
2.526315789473684,4.0,0.7659678234751834,0.3071422762713332
2.526315789473684,4.0,0.907600521681814,0.308497344407795
2.526315789473684,4.0,1.0754220761125606,0.29682848161343156
2.526315789473684,4.0,1.2742749857031335,0.291502480884982
2.526315789473684,4.0,1.5098971606184193,0.2858657184012616
2.526315789473684,4.0,1.789087489923219,0.27213130709239064
2.526315789473684,4.0,2.1199020238496082,0.2620627325198102
2.526315789473684,4.0,2.51188643150958,0.25105281084272235
2.7368421052631575,-1.0,0.09999999999999999,0.692051658453144
2.7368421052631575,-1.0,0.11849068510006666,0.695446816736778
2.7368421052631575,-1.0,0.1404004245548316,0.6845199533176567
2.7368421052631575,-1.0,0.16636142493842218,0.7129031173759288
2.7368421052631575,-1.0,0.1971227921517696,0.6674218245150917
2.7368421052631575,-1.0,0.23357214690901223,0.6586501252666279
2.7368421052631575,-1.0,0.2767612370754227,0.6629987834259284
2.7368421052631575,-1.0,0.32793628590208806,0.6498132140880206
2.7368421052631575,-1.0,0.3885739518570975,0.6216337742591475
2.7368421052631575,-1.0,0.460423937675878,0.5985027235865205
2.7368421052631575,-1.0,0.5455594781168519,0.5709203764351809
2.7368421052631575,-1.0,0.646437163249006,0.5372129857312218
2.7368421052631575,-1.0,0.7659678234751834,0.5001353957476219
2.7368421052631575,-1.0,0.907600521681814,0.4596819805976305
2.7368421052631575,-1.0,1.0754220761125606,0.4198065117008636
2.7368421052631575,-1.0,1.2742749857031335,0.3800591328618746
2.7368421052631575,-1.0,1.5098971606184193,0.3436229420977418
2.7368421052631575,-1.0,1.789087489923219,0.3119718371891538
2.7368421052631575,-1.0,2.1199020238496082,0.2837005293491425
2.7368421052631575,-1.0,2.51188643150958,0.26148195488156184
2.7368421052631575,-0.736842105263158,0.09999999999999999,0.6997114720230945
2.7368421052631575,-0.736842105263158,0.11849068510006666,0.69396167622795
2.7368421052631575,-0.736842105263158,0.1404004245548316,0.6891189689735021
2.7368421052631575,-0.736842105263158,0.16636142493842218,0.6838701218339126
2.7368421052631575,-0.736842105263158,0.1971227921517696,0.6769514785055256
2.7368421052631575,-0.736842105263158,0.23357214690901223,0.6596486747963695
2.7368421052631575,-0.736842105263158,0.2767612370754227,0.6589056562171294
2.7368421052631575,-0.736842105263158,0.32793628590208806,0.6456703391962769
2.7368421052631575,-0.736842105263158,0.3885739518570975,0.627575190954592
2.7368421052631575,-0.736842105263158,0.460423937675878,0.5927461026026458
2.7368421052631575,-0.736842105263158,0.5455594781168519,0.561737619390653
2.7368421052631575,-0.736842105263158,0.646437163249006,0.5417212038400196
2.7368421052631575,-0.736842105263158,0.7659678234751834,0.5040719934949669
2.7368421052631575,-0.736842105263158,0.907600521681814,0.46146946539037914
2.7368421052631575,-0.736842105263158,1.0754220761125606,0.42518166279294634
2.7368421052631575,-0.736842105263158,1.2742749857031335,0.3802037477589614
2.7368421052631575,-0.736842105263158,1.5098971606184193,0.34328407083512
2.7368421052631575,-0.736842105263158,1.789087489923219,0.3116695174828935
2.7368421052631575,-0.736842105263158,2.1199020238496082,0.28410962721232175
2.7368421052631575,-0.736842105263158,2.51188643150958,0.2625283414275396
2.7368421052631575,-0.4736842105263158,0.09999999999999999,0.6764625585235634
2.7368421052631575,-0.4736842105263158,0.11849068510006666,0.6828795528333833
2.7368421052631575,-0.4736842105263158,0.1404004245548316,0.6871704972453904
2.7368421052631575,-0.4736842105263158,0.16636142493842218,0.6766039296537029
2.7368421052631575,-0.4736842105263158,0.1971227921517696,0.6801200434449031
2.7368421052631575,-0.4736842105263158,0.23357214690901223,0.6584469201360852
2.7368421052631575,-0.4736842105263158,0.2767612370754227,0.6473825087790315
2.7368421052631575,-0.4736842105263158,0.32793628590208806,0.643412924745366
2.7368421052631575,-0.4736842105263158,0.3885739518570975,0.6373999694553385
2.7368421052631575,-0.4736842105263158,0.460423937675878,0.5939325447739272
2.7368421052631575,-0.4736842105263158,0.5455594781168519,0.5763581093784889
2.7368421052631575,-0.4736842105263158,0.646437163249006,0.5369040500143889
2.7368421052631575,-0.4736842105263158,0.7659678234751834,0.5009672221094695
2.7368421052631575,-0.4736842105263158,0.907600521681814,0.46025778621590563
2.7368421052631575,-0.4736842105263158,1.0754220761125606,0.4181547360666479
2.7368421052631575,-0.4736842105263158,1.2742749857031335,0.37656921872628873
2.7368421052631575,-0.4736842105263158,1.5098971606184193,0.34237506472161067
2.7368421052631575,-0.4736842105263158,1.789087489923219,0.31230499095867065
2.7368421052631575,-0.4736842105263158,2.1199020238496082,0.28345422772529566
2.7368421052631575,-0.4736842105263158,2.51188643150958,0.26216887044282594
2.7368421052631575,-0.21052631578947367,0.09999999999999999,0.6991888121923217
2.7368421052631575,-0.21052631578947367,0.11849068510006666,0.6820347063088463
2.7368421052631575,-0.21052631578947367,0.1404004245548316,0.6775465556809688
2.7368421052631575,-0.21052631578947367,0.16636142493842218,0.672966163567835
2.7368421052631575,-0.21052631578947367,0.1971227921517696,0.6737120616647888
2.7368421052631575,-0.21052631578947367,0.23357214690901223,0.6631932950045831
2.7368421052631575,-0.21052631578947367,0.2767612370754227,0.6529547556317504
2.7368421052631575,-0.21052631578947367,0.32793628590208806,0.6512403423417794
2.7368421052631575,-0.21052631578947367,0.3885739518570975,0.6203829802018636
2.7368421052631575,-0.21052631578947367,0.460423937675878,0.6035556158708508
2.7368421052631575,-0.21052631578947367,0.5455594781168519,0.5601947854619245
2.7368421052631575,-0.21052631578947367,0.646437163249006,0.5356206965846421
2.7368421052631575,-0.21052631578947367,0.7659678234751834,0.49689487084302403
2.7368421052631575,-0.21052631578947367,0.907600521681814,0.45464066137353015
2.7368421052631575,-0.21052631578947367,1.0754220761125606,0.41751663227814495
2.7368421052631575,-0.21052631578947367,1.2742749857031335,0.37896970396535995
2.7368421052631575,-0.21052631578947367,1.5098971606184193,0.3438267534506867
2.7368421052631575,-0.21052631578947367,1.789087489923219,0.3118504328312288
2.7368421052631575,-0.21052631578947367,2.1199020238496082,0.28317311896986724
2.7368421052631575,-0.21052631578947367,2.51188643150958,0.2611674020943267
2.7368421052631575,0.05263157894736836,0.09999999999999999,0.688010489313463
2.7368421052631575,0.05263157894736836,0.11849068510006666,0.6868030691247002
2.7368421052631575,0.05263157894736836,0.1404004245548316,0.6908533088123048
2.7368421052631575,0.05263157894736836,0.16636142493842218,0.6899522154243959
2.7368421052631575,0.05263157894736836,0.1971227921517696,0.6712039725432916
2.7368421052631575,0.05263157894736836,0.23357214690901223,0.6688784284101124
2.7368421052631575,0.05263157894736836,0.2767612370754227,0.6542214733587621
2.7368421052631575,0.05263157894736836,0.32793628590208806,0.6340786188988153
2.7368421052631575,0.05263157894736836,0.3885739518570975,0.6291400570975272
2.7368421052631575,0.05263157894736836,0.460423937675878,0.6041112341875962
2.7368421052631575,0.05263157894736836,0.5455594781168519,0.5724834719218426
2.7368421052631575,0.05263157894736836,0.646437163249006,0.5431255026449603
2.7368421052631575,0.05263157894736836,0.7659678234751834,0.5035570898092383
2.7368421052631575,0.05263157894736836,0.907600521681814,0.45501431180893853
2.7368421052631575,0.05263157894736836,1.0754220761125606,0.4169232685602046
2.7368421052631575,0.05263157894736836,1.2742749857031335,0.3797041184129801
2.7368421052631575,0.05263157894736836,1.5098971606184193,0.3432653841066376
2.7368421052631575,0.05263157894736836,1.789087489923219,0.312387320261074
2.7368421052631575,0.05263157894736836,2.1199020238496082,0.2843217265059537
2.7368421052631575,0.05263157894736836,2.51188643150958,0.26134554935697124
2.7368421052631575,0.3157894736842104,0.09999999999999999,0.6651768760945452
2.7368421052631575,0.3157894736842104,0.11849068510006666,0.6831460856870902
2.7368421052631575,0.3157894736842104,0.1404004245548316,0.6964473854999296
2.7368421052631575,0.3157894736842104,0.16636142493842218,0.6869171399420576
2.7368421052631575,0.3157894736842104,0.1971227921517696,0.6669104471136775
2.7368421052631575,0.3157894736842104,0.23357214690901223,0.6715092864682553
2.7368421052631575,0.3157894736842104,0.2767612370754227,0.6609668178047741
2.7368421052631575,0.3157894736842104,0.32793628590208806,0.6440143348321662
2.7368421052631575,0.3157894736842104,0.3885739518570975,0.6283964330003139
2.7368421052631575,0.3157894736842104,0.460423937675878,0.6012575280438105
2.7368421052631575,0.3157894736842104,0.5455594781168519,0.5725225753593677
2.7368421052631575,0.3157894736842104,0.646437163249006,0.5424529979377979
2.7368421052631575,0.3157894736842104,0.7659678234751834,0.49836900413581664
2.7368421052631575,0.3157894736842104,0.907600521681814,0.46092974750064974
2.7368421052631575,0.3157894736842104,1.0754220761125606,0.4183452970282341
2.7368421052631575,0.3157894736842104,1.2742749857031335,0.38221503811720425
2.7368421052631575,0.3157894736842104,1.5098971606184193,0.3426343882788306
2.7368421052631575,0.3157894736842104,1.789087489923219,0.31332515368408453
2.7368421052631575,0.3157894736842104,2.1199020238496082,0.2840927702953116
2.7368421052631575,0.3157894736842104,2.51188643150958,0.2626374187617586
2.7368421052631575,0.5789473684210527,0.09999999999999999,0.6976202989008125
2.7368421052631575,0.5789473684210527,0.11849068510006666,0.6810024971951922
2.7368421052631575,0.5789473684210527,0.1404004245548316,0.6776099593615444
2.7368421052631575,0.5789473684210527,0.16636142493842218,0.6884974017206299
2.7368421052631575,0.5789473684210527,0.1971227921517696,0.6814858007201967
2.7368421052631575,0.5789473684210527,0.23357214690901223,0.6661558231878403
2.7368421052631575,0.5789473684210527,0.2767612370754227,0.6619220740084938
2.7368421052631575,0.5789473684210527,0.32793628590208806,0.6228885578201909
2.7368421052631575,0.5789473684210527,0.3885739518570975,0.6223939240105325
2.7368421052631575,0.5789473684210527,0.460423937675878,0.6006778680469552
2.7368421052631575,0.5789473684210527,0.5455594781168519,0.5769214053088666
2.7368421052631575,0.5789473684210527,0.646437163249006,0.5394833177319927
2.7368421052631575,0.5789473684210527,0.7659678234751834,0.5012606127311517
2.7368421052631575,0.5789473684210527,0.907600521681814,0.46221821860373197
2.7368421052631575,0.5789473684210527,1.0754220761125606,0.4180477220356703
2.7368421052631575,0.5789473684210527,1.2742749857031335,0.3801215874433701
2.7368421052631575,0.5789473684210527,1.5098971606184193,0.3426326858046507
2.7368421052631575,0.5789473684210527,1.789087489923219,0.31036588490379735
2.7368421052631575,0.5789473684210527,2.1199020238496082,0.2845742560445422
2.7368421052631575,0.5789473684210527,2.51188643150958,0.26146590926448404
2.7368421052631575,0.8421052631578947,0.09999999999999999,0.7122557027692579
2.7368421052631575,0.8421052631578947,0.11849068510006666,0.689906218555921
2.7368421052631575,0.8421052631578947,0.1404004245548316,0.6967068356161248
2.7368421052631575,0.8421052631578947,0.16636142493842218,0.6861602610240284
2.7368421052631575,0.8421052631578947,0.1971227921517696,0.6793194595618984
2.7368421052631575,0.8421052631578947,0.23357214690901223,0.6729120033734969
2.7368421052631575,0.8421052631578947,0.2767612370754227,0.6550035851708511
2.7368421052631575,0.8421052631578947,0.32793628590208806,0.6533637106365935
2.7368421052631575,0.8421052631578947,0.3885739518570975,0.614659695952782
2.7368421052631575,0.8421052631578947,0.460423937675878,0.600753714077639
2.7368421052631575,0.8421052631578947,0.5455594781168519,0.562143623008917
2.7368421052631575,0.8421052631578947,0.646437163249006,0.5374748279080082
2.7368421052631575,0.8421052631578947,0.7659678234751834,0.4982817587530982
2.7368421052631575,0.8421052631578947,0.907600521681814,0.4577092095305738
2.7368421052631575,0.8421052631578947,1.0754220761125606,0.4185911369381947
2.7368421052631575,0.8421052631578947,1.2742749857031335,0.37926675749143285
2.7368421052631575,0.8421052631578947,1.5098971606184193,0.3450671604334646
2.7368421052631575,0.8421052631578947,1.789087489923219,0.3112008766478649
2.7368421052631575,0.8421052631578947,2.1199020238496082,0.28446802202986515
2.7368421052631575,0.8421052631578947,2.51188643150958,0.26196460486916845
2.7368421052631575,1.1052631578947367,0.09999999999999999,0.6905690527246776
2.7368421052631575,1.1052631578947367,0.11849068510006666,0.6871827327733657
2.7368421052631575,1.1052631578947367,0.1404004245548316,0.6941152675568631
2.7368421052631575,1.1052631578947367,0.16636142493842218,0.683994316654786
2.7368421052631575,1.1052631578947367,0.1971227921517696,0.67890201385991
2.7368421052631575,1.1052631578947367,0.23357214690901223,0.6591973582720083
2.7368421052631575,1.1052631578947367,0.2767612370754227,0.6657689152041307
2.7368421052631575,1.1052631578947367,0.32793628590208806,0.6348500107706989
2.7368421052631575,1.1052631578947367,0.3885739518570975,0.6254989909536451
2.7368421052631575,1.1052631578947367,0.460423937675878,0.5957769589580241
2.7368421052631575,1.1052631578947367,0.5455594781168519,0.5666032912455504
2.7368421052631575,1.1052631578947367,0.646437163249006,0.5332981436515227
2.7368421052631575,1.1052631578947367,0.7659678234751834,0.49695950731165855
2.7368421052631575,1.1052631578947367,0.907600521681814,0.4628119196220521
2.7368421052631575,1.1052631578947367,1.0754220761125606,0.4173619836009008
2.7368421052631575,1.1052631578947367,1.2742749857031335,0.38114263163144896
2.7368421052631575,1.1052631578947367,1.5098971606184193,0.34418530206436193
2.7368421052631575,1.1052631578947367,1.789087489923219,0.31100565915473155
2.7368421052631575,1.1052631578947367,2.1199020238496082,0.2851833587988338
2.7368421052631575,1.1052631578947367,2.51188643150958,0.26298747847458787
2.7368421052631575,1.3684210526315788,0.09999999999999999,0.6997541887073833
2.7368421052631575,1.3684210526315788,0.11849068510006666,0.7070014050738852
2.7368421052631575,1.3684210526315788,0.1404004245548316,0.6911258908742897
2.7368421052631575,1.3684210526315788,0.16636142493842218,0.6743398304619239
2.7368421052631575,1.3684210526315788,0.1971227921517696,0.6919629757110768
2.7368421052631575,1.3684210526315788,0.23357214690901223,0.6753333716735876
2.7368421052631575,1.3684210526315788,0.2767612370754227,0.6643848528261207
2.7368421052631575,1.3684210526315788,0.32793628590208806,0.6469383160609351
2.7368421052631575,1.3684210526315788,0.3885739518570975,0.6324783806603231
2.7368421052631575,1.3684210526315788,0.460423937675878,0.6013744292438111
2.7368421052631575,1.3684210526315788,0.5455594781168519,0.5700409339170355
2.7368421052631575,1.3684210526315788,0.646437163249006,0.541862330559969
2.7368421052631575,1.3684210526315788,0.7659678234751834,0.5003257631409371
2.7368421052631575,1.3684210526315788,0.907600521681814,0.4599452387378174
2.7368421052631575,1.3684210526315788,1.0754220761125606,0.42076506788709955
2.7368421052631575,1.3684210526315788,1.2742749857031335,0.3822883391445101
2.7368421052631575,1.3684210526315788,1.5098971606184193,0.34433662958890293
2.7368421052631575,1.3684210526315788,1.789087489923219,0.31265955036301263
2.7368421052631575,1.3684210526315788,2.1199020238496082,0.2855387404289845
2.7368421052631575,1.3684210526315788,2.51188643150958,0.26251000506723887
2.7368421052631575,1.6315789473684208,0.09999999999999999,0.6953164191730581
2.7368421052631575,1.6315789473684208,0.11849068510006666,0.7032222616127856
2.7368421052631575,1.6315789473684208,0.1404004245548316,0.6905892284779426
2.7368421052631575,1.6315789473684208,0.16636142493842218,0.6861932442979608
2.7368421052631575,1.6315789473684208,0.1971227921517696,0.6583466613673774
2.7368421052631575,1.6315789473684208,0.23357214690901223,0.6619793574161424
2.7368421052631575,1.6315789473684208,0.2767612370754227,0.6388762464024254
2.7368421052631575,1.6315789473684208,0.32793628590208806,0.6306589571296746
2.7368421052631575,1.6315789473684208,0.3885739518570975,0.6243234560821802
2.7368421052631575,1.6315789473684208,0.460423937675878,0.5985847525588998
2.7368421052631575,1.6315789473684208,0.5455594781168519,0.571005522624456
2.7368421052631575,1.6315789473684208,0.646437163249006,0.5370533940472703
2.7368421052631575,1.6315789473684208,0.7659678234751834,0.5032668807981602
2.7368421052631575,1.6315789473684208,0.907600521681814,0.4606413159501504
2.7368421052631575,1.6315789473684208,1.0754220761125606,0.42082802095622385
2.7368421052631575,1.6315789473684208,1.2742749857031335,0.379397621404108
2.7368421052631575,1.6315789473684208,1.5098971606184193,0.34413623731990933
2.7368421052631575,1.6315789473684208,1.789087489923219,0.3158380481048258
2.7368421052631575,1.6315789473684208,2.1199020238496082,0.2873371196574337
2.7368421052631575,1.6315789473684208,2.51188643150958,0.26422223750384966
2.7368421052631575,1.8947368421052628,0.09999999999999999,0.693667796507779
2.7368421052631575,1.8947368421052628,0.11849068510006666,0.6945933131452291
2.7368421052631575,1.8947368421052628,0.1404004245548316,0.673602277582945
2.7368421052631575,1.8947368421052628,0.16636142493842218,0.6580167834778934
2.7368421052631575,1.8947368421052628,0.1971227921517696,0.6673147609696659
2.7368421052631575,1.8947368421052628,0.23357214690901223,0.6526097377670237
2.7368421052631575,1.8947368421052628,0.2767612370754227,0.6494009473457818
2.7368421052631575,1.8947368421052628,0.32793628590208806,0.6395677988399376
2.7368421052631575,1.8947368421052628,0.3885739518570975,0.618498260921785
2.7368421052631575,1.8947368421052628,0.460423937675878,0.5964160341361182
2.7368421052631575,1.8947368421052628,0.5455594781168519,0.5668007675499727
2.7368421052631575,1.8947368421052628,0.646437163249006,0.5379429201674474
2.7368421052631575,1.8947368421052628,0.7659678234751834,0.4956778651279631
2.7368421052631575,1.8947368421052628,0.907600521681814,0.45971829903046874
2.7368421052631575,1.8947368421052628,1.0754220761125606,0.42539415158428506
2.7368421052631575,1.8947368421052628,1.2742749857031335,0.38551914710849444
2.7368421052631575,1.8947368421052628,1.5098971606184193,0.3464668676055986
2.7368421052631575,1.8947368421052628,1.789087489923219,0.31607668996619187
2.7368421052631575,1.8947368421052628,2.1199020238496082,0.28992498646014203
2.7368421052631575,1.8947368421052628,2.51188643150958,0.26616798992351015
2.7368421052631575,2.1578947368421053,0.09999999999999999,0.6364884933116722
2.7368421052631575,2.1578947368421053,0.11849068510006666,0.6345418856255778
2.7368421052631575,2.1578947368421053,0.1404004245548316,0.6229822363491807
2.7368421052631575,2.1578947368421053,0.16636142493842218,0.6515086300868579
2.7368421052631575,2.1578947368421053,0.1971227921517696,0.6400342474504839
2.7368421052631575,2.1578947368421053,0.23357214690901223,0.6023889042815915
2.7368421052631575,2.1578947368421053,0.2767612370754227,0.6119305000377001
2.7368421052631575,2.1578947368421053,0.32793628590208806,0.6086633148240068
2.7368421052631575,2.1578947368421053,0.3885739518570975,0.5964740933263926
2.7368421052631575,2.1578947368421053,0.460423937675878,0.5696216473044846
2.7368421052631575,2.1578947368421053,0.5455594781168519,0.5419374137420729
2.7368421052631575,2.1578947368421053,0.646437163249006,0.519046693112208
2.7368421052631575,2.1578947368421053,0.7659678234751834,0.4952980146701439
2.7368421052631575,2.1578947368421053,0.907600521681814,0.45404737212972784
2.7368421052631575,2.1578947368421053,1.0754220761125606,0.41983159020618294
2.7368421052631575,2.1578947368421053,1.2742749857031335,0.3790297629818664
2.7368421052631575,2.1578947368421053,1.5098971606184193,0.3472243117865206
2.7368421052631575,2.1578947368421053,1.789087489923219,0.31865516391099435
2.7368421052631575,2.1578947368421053,2.1199020238496082,0.29086658061458787
2.7368421052631575,2.1578947368421053,2.51188643150958,0.2684489012096996
2.7368421052631575,2.4210526315789473,0.09999999999999999,0.558692427207206
2.7368421052631575,2.4210526315789473,0.11849068510006666,0.5466003526099302
2.7368421052631575,2.4210526315789473,0.1404004245548316,0.5503633413248971
2.7368421052631575,2.4210526315789473,0.16636142493842218,0.5367284495912222
2.7368421052631575,2.4210526315789473,0.1971227921517696,0.541013782783194
2.7368421052631575,2.4210526315789473,0.23357214690901223,0.5552544546263268
2.7368421052631575,2.4210526315789473,0.2767612370754227,0.5397375260011166
2.7368421052631575,2.4210526315789473,0.32793628590208806,0.5449339612559249
2.7368421052631575,2.4210526315789473,0.3885739518570975,0.5333086347897621
2.7368421052631575,2.4210526315789473,0.460423937675878,0.5191675274465066
2.7368421052631575,2.4210526315789473,0.5455594781168519,0.5064920823197137
2.7368421052631575,2.4210526315789473,0.646437163249006,0.4831611420350969
2.7368421052631575,2.4210526315789473,0.7659678234751834,0.46431974866245534
2.7368421052631575,2.4210526315789473,0.907600521681814,0.43360180228980244
2.7368421052631575,2.4210526315789473,1.0754220761125606,0.40297245192653414
2.7368421052631575,2.4210526315789473,1.2742749857031335,0.37405531085673766
2.7368421052631575,2.4210526315789473,1.5098971606184193,0.34586355393137524
2.7368421052631575,2.4210526315789473,1.789087489923219,0.31819647134078044
2.7368421052631575,2.4210526315789473,2.1199020238496082,0.29209611997123863
2.7368421052631575,2.4210526315789473,2.51188643150958,0.27037082525796513
2.7368421052631575,2.6842105263157894,0.09999999999999999,0.37248662273791794
2.7368421052631575,2.6842105263157894,0.11849068510006666,0.3867743381241341
2.7368421052631575,2.6842105263157894,0.1404004245548316,0.4031888591848219
2.7368421052631575,2.6842105263157894,0.16636142493842218,0.4091869944746964
2.7368421052631575,2.6842105263157894,0.1971227921517696,0.4020360384412023
2.7368421052631575,2.6842105263157894,0.23357214690901223,0.39586733984861383
2.7368421052631575,2.6842105263157894,0.2767612370754227,0.41795633722453157
2.7368421052631575,2.6842105263157894,0.32793628590208806,0.4301681587731245
2.7368421052631575,2.6842105263157894,0.3885739518570975,0.4245463900011409
2.7368421052631575,2.6842105263157894,0.460423937675878,0.4278159379678963
2.7368421052631575,2.6842105263157894,0.5455594781168519,0.43619235369066967
2.7368421052631575,2.6842105263157894,0.646437163249006,0.4206784337135611
2.7368421052631575,2.6842105263157894,0.7659678234751834,0.4116602503151
2.7368421052631575,2.6842105263157894,0.907600521681814,0.39646530237290595
2.7368421052631575,2.6842105263157894,1.0754220761125606,0.3794569562485044
2.7368421052631575,2.6842105263157894,1.2742749857031335,0.36071285284782423
2.7368421052631575,2.6842105263157894,1.5098971606184193,0.33690664088860467
2.7368421052631575,2.6842105263157894,1.789087489923219,0.31485012607801866
2.7368421052631575,2.6842105263157894,2.1199020238496082,0.2908167397760986
2.7368421052631575,2.6842105263157894,2.51188643150958,0.27126526534670614
2.7368421052631575,2.9473684210526314,0.09999999999999999,0.30223325964806474
2.7368421052631575,2.9473684210526314,0.11849068510006666,0.2874430775940458
2.7368421052631575,2.9473684210526314,0.1404004245548316,0.3037050045010512
2.7368421052631575,2.9473684210526314,0.16636142493842218,0.2974446277995469
2.7368421052631575,2.9473684210526314,0.1971227921517696,0.30664839674192934
2.7368421052631575,2.9473684210526314,0.23357214690901223,0.32591622645267215
2.7368421052631575,2.9473684210526314,0.2767612370754227,0.3263548046231571
2.7368421052631575,2.9473684210526314,0.32793628590208806,0.3316338580183914
2.7368421052631575,2.9473684210526314,0.3885739518570975,0.35618648179925194
2.7368421052631575,2.9473684210526314,0.460423937675878,0.34167858682521257
2.7368421052631575,2.9473684210526314,0.5455594781168519,0.3502049589886324
2.7368421052631575,2.9473684210526314,0.646437163249006,0.36506282371505455
2.7368421052631575,2.9473684210526314,0.7659678234751834,0.3639782225673459
2.7368421052631575,2.9473684210526314,0.907600521681814,0.3558222152314658
2.7368421052631575,2.9473684210526314,1.0754220761125606,0.35196291031974597
2.7368421052631575,2.9473684210526314,1.2742749857031335,0.33670861041553823
2.7368421052631575,2.9473684210526314,1.5098971606184193,0.3218141926301407
2.7368421052631575,2.9473684210526314,1.789087489923219,0.30425490765745267
2.7368421052631575,2.9473684210526314,2.1199020238496082,0.2892270870759951
2.7368421052631575,2.9473684210526314,2.51188643150958,0.2694191512147227
2.7368421052631575,3.2105263157894735,0.09999999999999999,0.2795265482634269
2.7368421052631575,3.2105263157894735,0.11849068510006666,0.27153739133853166
2.7368421052631575,3.2105263157894735,0.1404004245548316,0.2733335902026191
2.7368421052631575,3.2105263157894735,0.16636142493842218,0.2827324867757342
2.7368421052631575,3.2105263157894735,0.1971227921517696,0.2866486493059514
2.7368421052631575,3.2105263157894735,0.23357214690901223,0.29170886308598387
2.7368421052631575,3.2105263157894735,0.2767612370754227,0.28492958391876483
2.7368421052631575,3.2105263157894735,0.32793628590208806,0.3010232938096306
2.7368421052631575,3.2105263157894735,0.3885739518570975,0.31240401173148163
2.7368421052631575,3.2105263157894735,0.460423937675878,0.304852013780534
2.7368421052631575,3.2105263157894735,0.5455594781168519,0.335754818374435
2.7368421052631575,3.2105263157894735,0.646437163249006,0.3374507440715572
2.7368421052631575,3.2105263157894735,0.7659678234751834,0.33159934951391684
2.7368421052631575,3.2105263157894735,0.907600521681814,0.32927282622098647
2.7368421052631575,3.2105263157894735,1.0754220761125606,0.33306142904616765
2.7368421052631575,3.2105263157894735,1.2742749857031335,0.32756662397817016
2.7368421052631575,3.2105263157894735,1.5098971606184193,0.3132022548612791
2.7368421052631575,3.2105263157894735,1.789087489923219,0.2963938139614098
2.7368421052631575,3.2105263157894735,2.1199020238496082,0.27870249071099473
2.7368421052631575,3.2105263157894735,2.51188643150958,0.26444523168217315
2.7368421052631575,3.473684210526316,0.09999999999999999,0.25207528932839535
2.7368421052631575,3.473684210526316,0.11849068510006666,0.2565236845939591
2.7368421052631575,3.473684210526316,0.1404004245548316,0.25848188707413483
2.7368421052631575,3.473684210526316,0.16636142493842218,0.27309692448913175
2.7368421052631575,3.473684210526316,0.1971227921517696,0.28304530004387196
2.7368421052631575,3.473684210526316,0.23357214690901223,0.282947333458492
2.7368421052631575,3.473684210526316,0.2767612370754227,0.28157686968312473
2.7368421052631575,3.473684210526316,0.32793628590208806,0.2955515897937964
2.7368421052631575,3.473684210526316,0.3885739518570975,0.31851333587734404
2.7368421052631575,3.473684210526316,0.460423937675878,0.3203771344944603
2.7368421052631575,3.473684210526316,0.5455594781168519,0.31031931202733737
2.7368421052631575,3.473684210526316,0.646437163249006,0.3396384344075537
2.7368421052631575,3.473684210526316,0.7659678234751834,0.31982139575084423
2.7368421052631575,3.473684210526316,0.907600521681814,0.3142560059320768
2.7368421052631575,3.473684210526316,1.0754220761125606,0.3290824386616255
2.7368421052631575,3.473684210526316,1.2742749857031335,0.310185274482021
2.7368421052631575,3.473684210526316,1.5098971606184193,0.3022781708157839
2.7368421052631575,3.473684210526316,1.789087489923219,0.2865035019653102
2.7368421052631575,3.473684210526316,2.1199020238496082,0.2731357106582496
2.7368421052631575,3.473684210526316,2.51188643150958,0.2596862932627198
2.7368421052631575,3.7368421052631575,0.09999999999999999,0.25959935588895877
2.7368421052631575,3.7368421052631575,0.11849068510006666,0.27359806344422033
2.7368421052631575,3.7368421052631575,0.1404004245548316,0.2759145296969154
2.7368421052631575,3.7368421052631575,0.16636142493842218,0.26132471872193547
2.7368421052631575,3.7368421052631575,0.1971227921517696,0.2631561876314291
2.7368421052631575,3.7368421052631575,0.23357214690901223,0.28333113382207087
2.7368421052631575,3.7368421052631575,0.2767612370754227,0.28322387026322793
2.7368421052631575,3.7368421052631575,0.32793628590208806,0.30515119678399205
2.7368421052631575,3.7368421052631575,0.3885739518570975,0.32277529811112377
2.7368421052631575,3.7368421052631575,0.460423937675878,0.3029390509724436
2.7368421052631575,3.7368421052631575,0.5455594781168519,0.32160983746745814
2.7368421052631575,3.7368421052631575,0.646437163249006,0.3301479579022023
2.7368421052631575,3.7368421052631575,0.7659678234751834,0.31276418852790117
2.7368421052631575,3.7368421052631575,0.907600521681814,0.3131202154590556
2.7368421052631575,3.7368421052631575,1.0754220761125606,0.3136104354941238
2.7368421052631575,3.7368421052631575,1.2742749857031335,0.3066913616615584
2.7368421052631575,3.7368421052631575,1.5098971606184193,0.29756495315291354
2.7368421052631575,3.7368421052631575,1.789087489923219,0.28157134396935873
2.7368421052631575,3.7368421052631575,2.1199020238496082,0.2704521116202585
2.7368421052631575,3.7368421052631575,2.51188643150958,0.2583936096984086
2.7368421052631575,4.0,0.09999999999999999,0.2635467647861139
2.7368421052631575,4.0,0.11849068510006666,0.23559021567144348
2.7368421052631575,4.0,0.1404004245548316,0.26094776681508636
2.7368421052631575,4.0,0.16636142493842218,0.2672668254439906
2.7368421052631575,4.0,0.1971227921517696,0.28833100604647915
2.7368421052631575,4.0,0.23357214690901223,0.28485682488913394
2.7368421052631575,4.0,0.2767612370754227,0.28578260593972177
2.7368421052631575,4.0,0.32793628590208806,0.2794243483079011
2.7368421052631575,4.0,0.3885739518570975,0.3022801170822912
2.7368421052631575,4.0,0.460423937675878,0.3163170218875936
2.7368421052631575,4.0,0.5455594781168519,0.30028862637437453
2.7368421052631575,4.0,0.646437163249006,0.3143088987380852
2.7368421052631575,4.0,0.7659678234751834,0.32207729108965694
2.7368421052631575,4.0,0.907600521681814,0.3158432921885624
2.7368421052631575,4.0,1.0754220761125606,0.3110439090546841
2.7368421052631575,4.0,1.2742749857031335,0.30125676575082266
2.7368421052631575,4.0,1.5098971606184193,0.29391717370031584
2.7368421052631575,4.0,1.789087489923219,0.2800318955551863
2.7368421052631575,4.0,2.1199020238496082,0.2630160600731422
2.7368421052631575,4.0,2.51188643150958,0.2543868361753959
2.9473684210526314,-1.0,0.09999999999999999,0.6915041013512118
2.9473684210526314,-1.0,0.11849068510006666,0.6750445745190693
2.9473684210526314,-1.0,0.1404004245548316,0.6955435009227592
2.9473684210526314,-1.0,0.16636142493842218,0.6696580700940354
2.9473684210526314,-1.0,0.1971227921517696,0.6741745675440548
2.9473684210526314,-1.0,0.23357214690901223,0.6638978336757245
2.9473684210526314,-1.0,0.2767612370754227,0.6595892066542113
2.9473684210526314,-1.0,0.32793628590208806,0.6382783040248
2.9473684210526314,-1.0,0.3885739518570975,0.6279126469883309
2.9473684210526314,-1.0,0.460423937675878,0.5984176345150233
2.9473684210526314,-1.0,0.5455594781168519,0.5691863456656019
2.9473684210526314,-1.0,0.646437163249006,0.536791257474195
2.9473684210526314,-1.0,0.7659678234751834,0.5011219377312606
2.9473684210526314,-1.0,0.907600521681814,0.4614309078378023
2.9473684210526314,-1.0,1.0754220761125606,0.418856531544482
2.9473684210526314,-1.0,1.2742749857031335,0.3823786076670803
2.9473684210526314,-1.0,1.5098971606184193,0.3420407845924092
2.9473684210526314,-1.0,1.789087489923219,0.31139229909127125
2.9473684210526314,-1.0,2.1199020238496082,0.284346910045857
2.9473684210526314,-1.0,2.51188643150958,0.26147939011097304
2.9473684210526314,-0.736842105263158,0.09999999999999999,0.6985131359030509
2.9473684210526314,-0.736842105263158,0.11849068510006666,0.68688128220435
2.9473684210526314,-0.736842105263158,0.1404004245548316,0.696617524378961
2.9473684210526314,-0.736842105263158,0.16636142493842218,0.6826479214477044
2.9473684210526314,-0.736842105263158,0.1971227921517696,0.6817778013687507
2.9473684210526314,-0.736842105263158,0.23357214690901223,0.6535378195530012
2.9473684210526314,-0.736842105263158,0.2767612370754227,0.6672322448369642
2.9473684210526314,-0.736842105263158,0.32793628590208806,0.6422491398775874
2.9473684210526314,-0.736842105263158,0.3885739518570975,0.629455421904276
2.9473684210526314,-0.736842105263158,0.460423937675878,0.6025276045290504
2.9473684210526314,-0.736842105263158,0.5455594781168519,0.5757253297356484
2.9473684210526314,-0.736842105263158,0.646437163249006,0.5417474332071764
2.9473684210526314,-0.736842105263158,0.7659678234751834,0.49973675228673364
2.9473684210526314,-0.736842105263158,0.907600521681814,0.4591478003437195
2.9473684210526314,-0.736842105263158,1.0754220761125606,0.41822437656452144
2.9473684210526314,-0.736842105263158,1.2742749857031335,0.381500007740774
2.9473684210526314,-0.736842105263158,1.5098971606184193,0.34563811110566495
2.9473684210526314,-0.736842105263158,1.789087489923219,0.31052380965134696
2.9473684210526314,-0.736842105263158,2.1199020238496082,0.2844076910182663
2.9473684210526314,-0.736842105263158,2.51188643150958,0.26218650999468057
2.9473684210526314,-0.4736842105263158,0.09999999999999999,0.6950062536922351
2.9473684210526314,-0.4736842105263158,0.11849068510006666,0.6919524731081337
2.9473684210526314,-0.4736842105263158,0.1404004245548316,0.7051488631928908
2.9473684210526314,-0.4736842105263158,0.16636142493842218,0.6950352827000519
2.9473684210526314,-0.4736842105263158,0.1971227921517696,0.6762661034898467
2.9473684210526314,-0.4736842105263158,0.23357214690901223,0.6633827774923823
2.9473684210526314,-0.4736842105263158,0.2767612370754227,0.6505888116521173
2.9473684210526314,-0.4736842105263158,0.32793628590208806,0.6320424924071129
2.9473684210526314,-0.4736842105263158,0.3885739518570975,0.6233178805395418
2.9473684210526314,-0.4736842105263158,0.460423937675878,0.6001447133771166
2.9473684210526314,-0.4736842105263158,0.5455594781168519,0.5757206962792047
2.9473684210526314,-0.4736842105263158,0.646437163249006,0.538358204167019
2.9473684210526314,-0.4736842105263158,0.7659678234751834,0.5044460627433395
2.9473684210526314,-0.4736842105263158,0.907600521681814,0.4588588260627577
2.9473684210526314,-0.4736842105263158,1.0754220761125606,0.4178071092061322
2.9473684210526314,-0.4736842105263158,1.2742749857031335,0.3813239481674968
2.9473684210526314,-0.4736842105263158,1.5098971606184193,0.3442385944664266
2.9473684210526314,-0.4736842105263158,1.789087489923219,0.31102130106455816
2.9473684210526314,-0.4736842105263158,2.1199020238496082,0.28415922382265296
2.9473684210526314,-0.4736842105263158,2.51188643150958,0.2624340391824476
2.9473684210526314,-0.21052631578947367,0.09999999999999999,0.6968387520477556
2.9473684210526314,-0.21052631578947367,0.11849068510006666,0.6870506990765373
2.9473684210526314,-0.21052631578947367,0.1404004245548316,0.6855335222574274
2.9473684210526314,-0.21052631578947367,0.16636142493842218,0.6902214332037852
2.9473684210526314,-0.21052631578947367,0.1971227921517696,0.6748907847645971
2.9473684210526314,-0.21052631578947367,0.23357214690901223,0.6718202527347212
2.9473684210526314,-0.21052631578947367,0.2767612370754227,0.6623311404871094
2.9473684210526314,-0.21052631578947367,0.32793628590208806,0.6304344220318657
2.9473684210526314,-0.21052631578947367,0.3885739518570975,0.6313434606880892
2.9473684210526314,-0.21052631578947367,0.460423937675878,0.5983986864297481
2.9473684210526314,-0.21052631578947367,0.5455594781168519,0.5703770248544691
2.9473684210526314,-0.21052631578947367,0.646437163249006,0.5400080671587019
2.9473684210526314,-0.21052631578947367,0.7659678234751834,0.5012179782099192
2.9473684210526314,-0.21052631578947367,0.907600521681814,0.4621655480517457
2.9473684210526314,-0.21052631578947367,1.0754220761125606,0.41873618161321197
2.9473684210526314,-0.21052631578947367,1.2742749857031335,0.38065844170044016
2.9473684210526314,-0.21052631578947367,1.5098971606184193,0.3420256961533876
2.9473684210526314,-0.21052631578947367,1.789087489923219,0.31280944385084036
2.9473684210526314,-0.21052631578947367,2.1199020238496082,0.28429532999981033
2.9473684210526314,-0.21052631578947367,2.51188643150958,0.2625598105597965
2.9473684210526314,0.05263157894736836,0.09999999999999999,0.6880704789499622
2.9473684210526314,0.05263157894736836,0.11849068510006666,0.6943737582968966
2.9473684210526314,0.05263157894736836,0.1404004245548316,0.6919568494910049
2.9473684210526314,0.05263157894736836,0.16636142493842218,0.6979772882818267
2.9473684210526314,0.05263157894736836,0.1971227921517696,0.6766441536685492
2.9473684210526314,0.05263157894736836,0.23357214690901223,0.6758137424736952
2.9473684210526314,0.05263157894736836,0.2767612370754227,0.6542077867513798
2.9473684210526314,0.05263157894736836,0.32793628590208806,0.6524565830050374
2.9473684210526314,0.05263157894736836,0.3885739518570975,0.615674196881098
2.9473684210526314,0.05263157894736836,0.460423937675878,0.6107908591692602
2.9473684210526314,0.05263157894736836,0.5455594781168519,0.5727758664181011
2.9473684210526314,0.05263157894736836,0.646437163249006,0.5308316765418237
2.9473684210526314,0.05263157894736836,0.7659678234751834,0.5011526127808635
2.9473684210526314,0.05263157894736836,0.907600521681814,0.4653551915194381
2.9473684210526314,0.05263157894736836,1.0754220761125606,0.41596384678208986
2.9473684210526314,0.05263157894736836,1.2742749857031335,0.38298338174081836
2.9473684210526314,0.05263157894736836,1.5098971606184193,0.34455158461897506
2.9473684210526314,0.05263157894736836,1.789087489923219,0.31229375906506995
2.9473684210526314,0.05263157894736836,2.1199020238496082,0.28344820633461526
2.9473684210526314,0.05263157894736836,2.51188643150958,0.2615417633605309
2.9473684210526314,0.3157894736842104,0.09999999999999999,0.7056570966441518
2.9473684210526314,0.3157894736842104,0.11849068510006666,0.6906806229523101
2.9473684210526314,0.3157894736842104,0.1404004245548316,0.6922069653058711
2.9473684210526314,0.3157894736842104,0.16636142493842218,0.7005400127601812
2.9473684210526314,0.3157894736842104,0.1971227921517696,0.6886603304152955
2.9473684210526314,0.3157894736842104,0.23357214690901223,0.6633090875983284
2.9473684210526314,0.3157894736842104,0.2767612370754227,0.6577921711192958
2.9473684210526314,0.3157894736842104,0.32793628590208806,0.6400242014868652
2.9473684210526314,0.3157894736842104,0.3885739518570975,0.6231590022173206
2.9473684210526314,0.3157894736842104,0.460423937675878,0.6011465633795973
2.9473684210526314,0.3157894736842104,0.5455594781168519,0.5686835387005077
2.9473684210526314,0.3157894736842104,0.646437163249006,0.5359839167251487
2.9473684210526314,0.3157894736842104,0.7659678234751834,0.5004392717925142
2.9473684210526314,0.3157894736842104,0.907600521681814,0.46032048864787795
2.9473684210526314,0.3157894736842104,1.0754220761125606,0.4182911686294927
2.9473684210526314,0.3157894736842104,1.2742749857031335,0.3806281275973037
2.9473684210526314,0.3157894736842104,1.5098971606184193,0.3415001289622341
2.9473684210526314,0.3157894736842104,1.789087489923219,0.31107145217113485
2.9473684210526314,0.3157894736842104,2.1199020238496082,0.28390083813190264
2.9473684210526314,0.3157894736842104,2.51188643150958,0.2626576129027982
2.9473684210526314,0.5789473684210527,0.09999999999999999,0.6901380776010482
2.9473684210526314,0.5789473684210527,0.11849068510006666,0.6871442276052017
2.9473684210526314,0.5789473684210527,0.1404004245548316,0.6792064104079857
2.9473684210526314,0.5789473684210527,0.16636142493842218,0.6912552660407174
2.9473684210526314,0.5789473684210527,0.1971227921517696,0.6599946556581466
2.9473684210526314,0.5789473684210527,0.23357214690901223,0.6773597113207674
2.9473684210526314,0.5789473684210527,0.2767612370754227,0.6723381579216658
2.9473684210526314,0.5789473684210527,0.32793628590208806,0.6483775933845973
2.9473684210526314,0.5789473684210527,0.3885739518570975,0.6251367001692727
2.9473684210526314,0.5789473684210527,0.460423937675878,0.5960928044198496
2.9473684210526314,0.5789473684210527,0.5455594781168519,0.5702380655277633
2.9473684210526314,0.5789473684210527,0.646437163249006,0.5356829733790439
2.9473684210526314,0.5789473684210527,0.7659678234751834,0.4996023701630572
2.9473684210526314,0.5789473684210527,0.907600521681814,0.4656692070304123
2.9473684210526314,0.5789473684210527,1.0754220761125606,0.4163732132919474
2.9473684210526314,0.5789473684210527,1.2742749857031335,0.381447927194734
2.9473684210526314,0.5789473684210527,1.5098971606184193,0.3428066667218091
2.9473684210526314,0.5789473684210527,1.789087489923219,0.3108658161594635
2.9473684210526314,0.5789473684210527,2.1199020238496082,0.2850527204098609
2.9473684210526314,0.5789473684210527,2.51188643150958,0.26225982169908524
2.9473684210526314,0.8421052631578947,0.09999999999999999,0.7007882860551075
2.9473684210526314,0.8421052631578947,0.11849068510006666,0.707147782051558
2.9473684210526314,0.8421052631578947,0.1404004245548316,0.6827426230825774
2.9473684210526314,0.8421052631578947,0.16636142493842218,0.687595380703408
2.9473684210526314,0.8421052631578947,0.1971227921517696,0.6655629756435888
2.9473684210526314,0.8421052631578947,0.23357214690901223,0.675038365750793
2.9473684210526314,0.8421052631578947,0.2767612370754227,0.6702163503321156
2.9473684210526314,0.8421052631578947,0.32793628590208806,0.6302345464763282
2.9473684210526314,0.8421052631578947,0.3885739518570975,0.6235400842952861
2.9473684210526314,0.8421052631578947,0.460423937675878,0.5977721110633817
2.9473684210526314,0.8421052631578947,0.5455594781168519,0.5782364576219399
2.9473684210526314,0.8421052631578947,0.646437163249006,0.5394292560574858
2.9473684210526314,0.8421052631578947,0.7659678234751834,0.502540829819603
2.9473684210526314,0.8421052631578947,0.907600521681814,0.46225514951730345
2.9473684210526314,0.8421052631578947,1.0754220761125606,0.4232453425423942
2.9473684210526314,0.8421052631578947,1.2742749857031335,0.3838526458347125
2.9473684210526314,0.8421052631578947,1.5098971606184193,0.34353131239185536
2.9473684210526314,0.8421052631578947,1.789087489923219,0.3120900745090986
2.9473684210526314,0.8421052631578947,2.1199020238496082,0.2840969633131801
2.9473684210526314,0.8421052631578947,2.51188643150958,0.2620389518530792
2.9473684210526314,1.1052631578947367,0.09999999999999999,0.6887732669834686
2.9473684210526314,1.1052631578947367,0.11849068510006666,0.7008263652880388
2.9473684210526314,1.1052631578947367,0.1404004245548316,0.6874051077442792
2.9473684210526314,1.1052631578947367,0.16636142493842218,0.6881065637519166
2.9473684210526314,1.1052631578947367,0.1971227921517696,0.6745344344566839
2.9473684210526314,1.1052631578947367,0.23357214690901223,0.6621407087434097
2.9473684210526314,1.1052631578947367,0.2767612370754227,0.6675787843289679
2.9473684210526314,1.1052631578947367,0.32793628590208806,0.6463296950227754
2.9473684210526314,1.1052631578947367,0.3885739518570975,0.6255443349736367
2.9473684210526314,1.1052631578947367,0.460423937675878,0.6009965781613347
2.9473684210526314,1.1052631578947367,0.5455594781168519,0.5691473207717077
2.9473684210526314,1.1052631578947367,0.646437163249006,0.5336903219086847
2.9473684210526314,1.1052631578947367,0.7659678234751834,0.4993117846416468
2.9473684210526314,1.1052631578947367,0.907600521681814,0.4651497688324623
2.9473684210526314,1.1052631578947367,1.0754220761125606,0.4211593294077803
2.9473684210526314,1.1052631578947367,1.2742749857031335,0.3791628374972291
2.9473684210526314,1.1052631578947367,1.5098971606184193,0.3440779330717447
2.9473684210526314,1.1052631578947367,1.789087489923219,0.31093685501393925
2.9473684210526314,1.1052631578947367,2.1199020238496082,0.2847743551983849
2.9473684210526314,1.1052631578947367,2.51188643150958,0.26216254229094893
2.9473684210526314,1.3684210526315788,0.09999999999999999,0.7033410828946088
2.9473684210526314,1.3684210526315788,0.11849068510006666,0.6869077301126981
2.9473684210526314,1.3684210526315788,0.1404004245548316,0.6947586995835037
2.9473684210526314,1.3684210526315788,0.16636142493842218,0.6724365086869715
2.9473684210526314,1.3684210526315788,0.1971227921517696,0.6757293237613929
2.9473684210526314,1.3684210526315788,0.23357214690901223,0.6840924783655687
2.9473684210526314,1.3684210526315788,0.2767612370754227,0.6564249615352399
2.9473684210526314,1.3684210526315788,0.32793628590208806,0.6380443671423728
2.9473684210526314,1.3684210526315788,0.3885739518570975,0.6247611972901008
2.9473684210526314,1.3684210526315788,0.460423937675878,0.6066011130479482
2.9473684210526314,1.3684210526315788,0.5455594781168519,0.56186693837911
2.9473684210526314,1.3684210526315788,0.646437163249006,0.5419522570924267
2.9473684210526314,1.3684210526315788,0.7659678234751834,0.5030806183366304
2.9473684210526314,1.3684210526315788,0.907600521681814,0.4629488442509203
2.9473684210526314,1.3684210526315788,1.0754220761125606,0.4223178402686475
2.9473684210526314,1.3684210526315788,1.2742749857031335,0.38199801174921405
2.9473684210526314,1.3684210526315788,1.5098971606184193,0.3472165516520244
2.9473684210526314,1.3684210526315788,1.789087489923219,0.31388625299019485
2.9473684210526314,1.3684210526315788,2.1199020238496082,0.2843890002980199
2.9473684210526314,1.3684210526315788,2.51188643150958,0.2620339582266735
2.9473684210526314,1.6315789473684208,0.09999999999999999,0.6892452607994628
2.9473684210526314,1.6315789473684208,0.11849068510006666,0.6783778507624881
2.9473684210526314,1.6315789473684208,0.1404004245548316,0.6996961312621897
2.9473684210526314,1.6315789473684208,0.16636142493842218,0.6923251502659156
2.9473684210526314,1.6315789473684208,0.1971227921517696,0.6699512593886754
2.9473684210526314,1.6315789473684208,0.23357214690901223,0.6731025420299658
2.9473684210526314,1.6315789473684208,0.2767612370754227,0.6659854828047462
2.9473684210526314,1.6315789473684208,0.32793628590208806,0.6455900781082144
2.9473684210526314,1.6315789473684208,0.3885739518570975,0.6354938572897747
2.9473684210526314,1.6315789473684208,0.460423937675878,0.6084203631771046
2.9473684210526314,1.6315789473684208,0.5455594781168519,0.5781387416864111
2.9473684210526314,1.6315789473684208,0.646437163249006,0.535335754490182
2.9473684210526314,1.6315789473684208,0.7659678234751834,0.5076493039474418
2.9473684210526314,1.6315789473684208,0.907600521681814,0.4610533966329039
2.9473684210526314,1.6315789473684208,1.0754220761125606,0.42136339158198094
2.9473684210526314,1.6315789473684208,1.2742749857031335,0.3798971593788986
2.9473684210526314,1.6315789473684208,1.5098971606184193,0.3455632141149016
2.9473684210526314,1.6315789473684208,1.789087489923219,0.31329721690861706
2.9473684210526314,1.6315789473684208,2.1199020238496082,0.2855687794095227
2.9473684210526314,1.6315789473684208,2.51188643150958,0.2634318293928692
2.9473684210526314,1.8947368421052628,0.09999999999999999,0.6915052528718427
2.9473684210526314,1.8947368421052628,0.11849068510006666,0.6837611221580617
2.9473684210526314,1.8947368421052628,0.1404004245548316,0.6970610306462791
2.9473684210526314,1.8947368421052628,0.16636142493842218,0.6964099857176749
2.9473684210526314,1.8947368421052628,0.1971227921517696,0.6738076204483017
2.9473684210526314,1.8947368421052628,0.23357214690901223,0.6507048385680014
2.9473684210526314,1.8947368421052628,0.2767612370754227,0.6542150721160871
2.9473684210526314,1.8947368421052628,0.32793628590208806,0.6274563713819654
2.9473684210526314,1.8947368421052628,0.3885739518570975,0.6242965007663801
2.9473684210526314,1.8947368421052628,0.460423937675878,0.6103868500774714
2.9473684210526314,1.8947368421052628,0.5455594781168519,0.5710610146538042
2.9473684210526314,1.8947368421052628,0.646437163249006,0.5358831447608273
2.9473684210526314,1.8947368421052628,0.7659678234751834,0.504148214038803
2.9473684210526314,1.8947368421052628,0.907600521681814,0.4598289140968602
2.9473684210526314,1.8947368421052628,1.0754220761125606,0.4236270468738939
2.9473684210526314,1.8947368421052628,1.2742749857031335,0.38170271714473947
2.9473684210526314,1.8947368421052628,1.5098971606184193,0.3475528448182723
2.9473684210526314,1.8947368421052628,1.789087489923219,0.316226724165831
2.9473684210526314,1.8947368421052628,2.1199020238496082,0.2882326390840933
2.9473684210526314,1.8947368421052628,2.51188643150958,0.26469720250181805
2.9473684210526314,2.1578947368421053,0.09999999999999999,0.6757207703843535
2.9473684210526314,2.1578947368421053,0.11849068510006666,0.6390507255625631
2.9473684210526314,2.1578947368421053,0.1404004245548316,0.6637525397100119
2.9473684210526314,2.1578947368421053,0.16636142493842218,0.6497170085330074
2.9473684210526314,2.1578947368421053,0.1971227921517696,0.6533415119549352
2.9473684210526314,2.1578947368421053,0.23357214690901223,0.644936182265718
2.9473684210526314,2.1578947368421053,0.2767612370754227,0.6483642502507931
2.9473684210526314,2.1578947368421053,0.32793628590208806,0.6309829013991525
2.9473684210526314,2.1578947368421053,0.3885739518570975,0.6176765899671119
2.9473684210526314,2.1578947368421053,0.460423937675878,0.5921526291176684
2.9473684210526314,2.1578947368421053,0.5455594781168519,0.5611880747016927
2.9473684210526314,2.1578947368421053,0.646437163249006,0.5306879672411732
2.9473684210526314,2.1578947368421053,0.7659678234751834,0.4925055581078838
2.9473684210526314,2.1578947368421053,0.907600521681814,0.45357118031970856
2.9473684210526314,2.1578947368421053,1.0754220761125606,0.423898059827896
2.9473684210526314,2.1578947368421053,1.2742749857031335,0.38362793846719795
2.9473684210526314,2.1578947368421053,1.5098971606184193,0.3487649691715412
2.9473684210526314,2.1578947368421053,1.789087489923219,0.3149050024156656
2.9473684210526314,2.1578947368421053,2.1199020238496082,0.28739472091250345
2.9473684210526314,2.1578947368421053,2.51188643150958,0.26635052779968116
2.9473684210526314,2.4210526315789473,0.09999999999999999,0.6327724374382651
2.9473684210526314,2.4210526315789473,0.11849068510006666,0.6418079668082717
2.9473684210526314,2.4210526315789473,0.1404004245548316,0.6289724639614088
2.9473684210526314,2.4210526315789473,0.16636142493842218,0.6106215298798128
2.9473684210526314,2.4210526315789473,0.1971227921517696,0.5922923532063941
2.9473684210526314,2.4210526315789473,0.23357214690901223,0.6220818359149337
2.9473684210526314,2.4210526315789473,0.2767612370754227,0.6004015227242112
2.9473684210526314,2.4210526315789473,0.32793628590208806,0.597324613097792
2.9473684210526314,2.4210526315789473,0.3885739518570975,0.5788214682268884
2.9473684210526314,2.4210526315789473,0.460423937675878,0.5629992360040068
2.9473684210526314,2.4210526315789473,0.5455594781168519,0.5236149730208145
2.9473684210526314,2.4210526315789473,0.646437163249006,0.5170016434225814
2.9473684210526314,2.4210526315789473,0.7659678234751834,0.48349130688896197
2.9473684210526314,2.4210526315789473,0.907600521681814,0.449090350593908
2.9473684210526314,2.4210526315789473,1.0754220761125606,0.4160204858269945
2.9473684210526314,2.4210526315789473,1.2742749857031335,0.38129828470271104
2.9473684210526314,2.4210526315789473,1.5098971606184193,0.3485654413185611
2.9473684210526314,2.4210526315789473,1.789087489923219,0.3175662860139952
2.9473684210526314,2.4210526315789473,2.1199020238496082,0.2909495447584778
2.9473684210526314,2.4210526315789473,2.51188643150958,0.26864571505265883
2.9473684210526314,2.6842105263157894,0.09999999999999999,0.5244506781394283
2.9473684210526314,2.6842105263157894,0.11849068510006666,0.5275087092911402
2.9473684210526314,2.6842105263157894,0.1404004245548316,0.5247520661995003
2.9473684210526314,2.6842105263157894,0.16636142493842218,0.5329612685627018
2.9473684210526314,2.6842105263157894,0.1971227921517696,0.5216072832400548
2.9473684210526314,2.6842105263157894,0.23357214690901223,0.5391614968006792
2.9473684210526314,2.6842105263157894,0.2767612370754227,0.48106683636073916
2.9473684210526314,2.6842105263157894,0.32793628590208806,0.5248726113170797
2.9473684210526314,2.6842105263157894,0.3885739518570975,0.5128642916971067
2.9473684210526314,2.6842105263157894,0.460423937675878,0.5007134300952268
2.9473684210526314,2.6842105263157894,0.5455594781168519,0.4957725756679197
2.9473684210526314,2.6842105263157894,0.646437163249006,0.48343094331565356
2.9473684210526314,2.6842105263157894,0.7659678234751834,0.4618762048484992
2.9473684210526314,2.6842105263157894,0.907600521681814,0.42733218894511515
2.9473684210526314,2.6842105263157894,1.0754220761125606,0.40347817269625225
2.9473684210526314,2.6842105263157894,1.2742749857031335,0.3767805906689918
2.9473684210526314,2.6842105263157894,1.5098971606184193,0.34442310929738756
2.9473684210526314,2.6842105263157894,1.789087489923219,0.31726430401937605
2.9473684210526314,2.6842105263157894,2.1199020238496082,0.29242578224478366
2.9473684210526314,2.6842105263157894,2.51188643150958,0.2708792877764181
2.9473684210526314,2.9473684210526314,0.09999999999999999,0.3750492270301379
2.9473684210526314,2.9473684210526314,0.11849068510006666,0.3627510112053448
2.9473684210526314,2.9473684210526314,0.1404004245548316,0.36672268664616187
2.9473684210526314,2.9473684210526314,0.16636142493842218,0.37352812168243144
2.9473684210526314,2.9473684210526314,0.1971227921517696,0.3935667828675037
2.9473684210526314,2.9473684210526314,0.23357214690901223,0.39799469273449806
2.9473684210526314,2.9473684210526314,0.2767612370754227,0.37530342272805334
2.9473684210526314,2.9473684210526314,0.32793628590208806,0.4110657750327198
2.9473684210526314,2.9473684210526314,0.3885739518570975,0.3971664642182243
2.9473684210526314,2.9473684210526314,0.460423937675878,0.41170501312609975
2.9473684210526314,2.9473684210526314,0.5455594781168519,0.40123247537892254
2.9473684210526314,2.9473684210526314,0.646437163249006,0.4004440884555186
2.9473684210526314,2.9473684210526314,0.7659678234751834,0.4054215725656975
2.9473684210526314,2.9473684210526314,0.907600521681814,0.39366164465201764
2.9473684210526314,2.9473684210526314,1.0754220761125606,0.3707344490009328
2.9473684210526314,2.9473684210526314,1.2742749857031335,0.35220114982449957
2.9473684210526314,2.9473684210526314,1.5098971606184193,0.3342340376075493
2.9473684210526314,2.9473684210526314,1.789087489923219,0.3110976289671415
2.9473684210526314,2.9473684210526314,2.1199020238496082,0.29010256265365103
2.9473684210526314,2.9473684210526314,2.51188643150958,0.271950788879539
2.9473684210526314,3.2105263157894735,0.09999999999999999,0.2818801625603585
2.9473684210526314,3.2105263157894735,0.11849068510006666,0.26834068758207674
2.9473684210526314,3.2105263157894735,0.1404004245548316,0.299439934079523
2.9473684210526314,3.2105263157894735,0.16636142493842218,0.2853711422605925
2.9473684210526314,3.2105263157894735,0.1971227921517696,0.29009819411439475
2.9473684210526314,3.2105263157894735,0.23357214690901223,0.31102115895695037
2.9473684210526314,3.2105263157894735,0.2767612370754227,0.3108221560764978
2.9473684210526314,3.2105263157894735,0.32793628590208806,0.3117032842580383
2.9473684210526314,3.2105263157894735,0.3885739518570975,0.3451045488446178
2.9473684210526314,3.2105263157894735,0.460423937675878,0.34254636753345674
2.9473684210526314,3.2105263157894735,0.5455594781168519,0.3468522783835048
2.9473684210526314,3.2105263157894735,0.646437163249006,0.35873107938940435
2.9473684210526314,3.2105263157894735,0.7659678234751834,0.35563571584607034
2.9473684210526314,3.2105263157894735,0.907600521681814,0.3523803134580529
2.9473684210526314,3.2105263157894735,1.0754220761125606,0.3474089027480204
2.9473684210526314,3.2105263157894735,1.2742749857031335,0.3377009656792655
2.9473684210526314,3.2105263157894735,1.5098971606184193,0.3191964634302313
2.9473684210526314,3.2105263157894735,1.789087489923219,0.30606384968752753
2.9473684210526314,3.2105263157894735,2.1199020238496082,0.2856134058211886
2.9473684210526314,3.2105263157894735,2.51188643150958,0.2681550331593244
2.9473684210526314,3.473684210526316,0.09999999999999999,0.26334896840890937
2.9473684210526314,3.473684210526316,0.11849068510006666,0.26360660007283676
2.9473684210526314,3.473684210526316,0.1404004245548316,0.24033000203933058
2.9473684210526314,3.473684210526316,0.16636142493842218,0.27710462214374765
2.9473684210526314,3.473684210526316,0.1971227921517696,0.28402763212241317
2.9473684210526314,3.473684210526316,0.23357214690901223,0.2981522426633061
2.9473684210526314,3.473684210526316,0.2767612370754227,0.30619448068332566
2.9473684210526314,3.473684210526316,0.32793628590208806,0.30933492444362
2.9473684210526314,3.473684210526316,0.3885739518570975,0.31735514643377416
2.9473684210526314,3.473684210526316,0.460423937675878,0.3274800684522206
2.9473684210526314,3.473684210526316,0.5455594781168519,0.33851771584999074
2.9473684210526314,3.473684210526316,0.646437163249006,0.3350339024947076
2.9473684210526314,3.473684210526316,0.7659678234751834,0.3334049965757286
2.9473684210526314,3.473684210526316,0.907600521681814,0.3419068742470977
2.9473684210526314,3.473684210526316,1.0754220761125606,0.33146569926215597
2.9473684210526314,3.473684210526316,1.2742749857031335,0.32417132450672936
2.9473684210526314,3.473684210526316,1.5098971606184193,0.30669679462468774
2.9473684210526314,3.473684210526316,1.789087489923219,0.29654765649167875
2.9473684210526314,3.473684210526316,2.1199020238496082,0.2776427127711605
2.9473684210526314,3.473684210526316,2.51188643150958,0.2628047832455788
2.9473684210526314,3.7368421052631575,0.09999999999999999,0.2428942871941399
2.9473684210526314,3.7368421052631575,0.11849068510006666,0.257642098862914
2.9473684210526314,3.7368421052631575,0.1404004245548316,0.2595072378561437
2.9473684210526314,3.7368421052631575,0.16636142493842218,0.259576026386866
2.9473684210526314,3.7368421052631575,0.1971227921517696,0.28775475383502086
2.9473684210526314,3.7368421052631575,0.23357214690901223,0.2948823472887615
2.9473684210526314,3.7368421052631575,0.2767612370754227,0.294314137540953
2.9473684210526314,3.7368421052631575,0.32793628590208806,0.31048810939214433
2.9473684210526314,3.7368421052631575,0.3885739518570975,0.3135409116876166
2.9473684210526314,3.7368421052631575,0.460423937675878,0.2998802491551083
2.9473684210526314,3.7368421052631575,0.5455594781168519,0.3103081898087215
2.9473684210526314,3.7368421052631575,0.646437163249006,0.32256654539937935
2.9473684210526314,3.7368421052631575,0.7659678234751834,0.3235934295116806
2.9473684210526314,3.7368421052631575,0.907600521681814,0.3259293306720109
2.9473684210526314,3.7368421052631575,1.0754220761125606,0.3202439352785307
2.9473684210526314,3.7368421052631575,1.2742749857031335,0.3106041394948754
2.9473684210526314,3.7368421052631575,1.5098971606184193,0.3007321000150526
2.9473684210526314,3.7368421052631575,1.789087489923219,0.2852738135026445
2.9473684210526314,3.7368421052631575,2.1199020238496082,0.27323296151227294
2.9473684210526314,3.7368421052631575,2.51188643150958,0.2584755709935503
2.9473684210526314,4.0,0.09999999999999999,0.25416419167823723
2.9473684210526314,4.0,0.11849068510006666,0.2711395186757679
2.9473684210526314,4.0,0.1404004245548316,0.27152603231307015
2.9473684210526314,4.0,0.16636142493842218,0.2518763354818702
2.9473684210526314,4.0,0.1971227921517696,0.2812707613858463
2.9473684210526314,4.0,0.23357214690901223,0.2627501792983207
2.9473684210526314,4.0,0.2767612370754227,0.2907296744329377
2.9473684210526314,4.0,0.32793628590208806,0.3053441669570085
2.9473684210526314,4.0,0.3885739518570975,0.30632771549476606
2.9473684210526314,4.0,0.460423937675878,0.3187357059961891
2.9473684210526314,4.0,0.5455594781168519,0.31876904952477036
2.9473684210526314,4.0,0.646437163249006,0.3265004298809832
2.9473684210526314,4.0,0.7659678234751834,0.32125142435356757
2.9473684210526314,4.0,0.907600521681814,0.3150521975796322
2.9473684210526314,4.0,1.0754220761125606,0.3094970063360783
2.9473684210526314,4.0,1.2742749857031335,0.30740575048734525
2.9473684210526314,4.0,1.5098971606184193,0.29996874780848054
2.9473684210526314,4.0,1.789087489923219,0.2816851892270496
2.9473684210526314,4.0,2.1199020238496082,0.26600796747897204
2.9473684210526314,4.0,2.51188643150958,0.2561924910652063
3.1578947368421053,-1.0,0.09999999999999999,0.6828330471846537
3.1578947368421053,-1.0,0.11849068510006666,0.7004771482016102
3.1578947368421053,-1.0,0.1404004245548316,0.6828962769796152
3.1578947368421053,-1.0,0.16636142493842218,0.6898893296050473
3.1578947368421053,-1.0,0.1971227921517696,0.6901208084591395
3.1578947368421053,-1.0,0.23357214690901223,0.6696620934936802
3.1578947368421053,-1.0,0.2767612370754227,0.6625665629183255
3.1578947368421053,-1.0,0.32793628590208806,0.6504908961516616
3.1578947368421053,-1.0,0.3885739518570975,0.6246904173792833
3.1578947368421053,-1.0,0.460423937675878,0.589131568127024
3.1578947368421053,-1.0,0.5455594781168519,0.5733170297614876
3.1578947368421053,-1.0,0.646437163249006,0.5388036762382512
3.1578947368421053,-1.0,0.7659678234751834,0.5038991025436974
3.1578947368421053,-1.0,0.907600521681814,0.46197236552210363
3.1578947368421053,-1.0,1.0754220761125606,0.41733048295779573
3.1578947368421053,-1.0,1.2742749857031335,0.37929931198457273
3.1578947368421053,-1.0,1.5098971606184193,0.3442399798995082
3.1578947368421053,-1.0,1.789087489923219,0.3093494078465368
3.1578947368421053,-1.0,2.1199020238496082,0.28401626418069825
3.1578947368421053,-1.0,2.51188643150958,0.26246017643424197
3.1578947368421053,-0.736842105263158,0.09999999999999999,0.6982880257907009
3.1578947368421053,-0.736842105263158,0.11849068510006666,0.6882928454946518
3.1578947368421053,-0.736842105263158,0.1404004245548316,0.7026814997592016
3.1578947368421053,-0.736842105263158,0.16636142493842218,0.680725803574171
3.1578947368421053,-0.736842105263158,0.1971227921517696,0.6634425175086237
3.1578947368421053,-0.736842105263158,0.23357214690901223,0.6665955096733128
3.1578947368421053,-0.736842105263158,0.2767612370754227,0.656364075782953
3.1578947368421053,-0.736842105263158,0.32793628590208806,0.6401794044746738
3.1578947368421053,-0.736842105263158,0.3885739518570975,0.6241055421666881
3.1578947368421053,-0.736842105263158,0.460423937675878,0.5952403828285011
3.1578947368421053,-0.736842105263158,0.5455594781168519,0.5694428504283301
3.1578947368421053,-0.736842105263158,0.646437163249006,0.5401453352744414
3.1578947368421053,-0.736842105263158,0.7659678234751834,0.49988737631876795
3.1578947368421053,-0.736842105263158,0.907600521681814,0.46170515183663413
3.1578947368421053,-0.736842105263158,1.0754220761125606,0.4208138206365633
3.1578947368421053,-0.736842105263158,1.2742749857031335,0.37879362325361193
3.1578947368421053,-0.736842105263158,1.5098971606184193,0.3442629747665059
3.1578947368421053,-0.736842105263158,1.789087489923219,0.31197507007599556
3.1578947368421053,-0.736842105263158,2.1199020238496082,0.2844886122301425
3.1578947368421053,-0.736842105263158,2.51188643150958,0.2620753413692448
3.1578947368421053,-0.4736842105263158,0.09999999999999999,0.6929121090415565
3.1578947368421053,-0.4736842105263158,0.11849068510006666,0.6937502915211254
3.1578947368421053,-0.4736842105263158,0.1404004245548316,0.6832429645069953
3.1578947368421053,-0.4736842105263158,0.16636142493842218,0.6901096562267173
3.1578947368421053,-0.4736842105263158,0.1971227921517696,0.6755436995031214
3.1578947368421053,-0.4736842105263158,0.23357214690901223,0.6593253612070651
3.1578947368421053,-0.4736842105263158,0.2767612370754227,0.6487609927648558
3.1578947368421053,-0.4736842105263158,0.32793628590208806,0.6411308817445063
3.1578947368421053,-0.4736842105263158,0.3885739518570975,0.6215734543042952
3.1578947368421053,-0.4736842105263158,0.460423937675878,0.5994641873420256
3.1578947368421053,-0.4736842105263158,0.5455594781168519,0.5704237259457557
3.1578947368421053,-0.4736842105263158,0.646437163249006,0.5344669417008048
3.1578947368421053,-0.4736842105263158,0.7659678234751834,0.49959910464921525
3.1578947368421053,-0.4736842105263158,0.907600521681814,0.4591267693217128
3.1578947368421053,-0.4736842105263158,1.0754220761125606,0.4209242670040081
3.1578947368421053,-0.4736842105263158,1.2742749857031335,0.37630411463248914
3.1578947368421053,-0.4736842105263158,1.5098971606184193,0.34329389893298534
3.1578947368421053,-0.4736842105263158,1.789087489923219,0.3130174447298731
3.1578947368421053,-0.4736842105263158,2.1199020238496082,0.28381458808515564
3.1578947368421053,-0.4736842105263158,2.51188643150958,0.2622682506584119
3.1578947368421053,-0.21052631578947367,0.09999999999999999,0.6981635532733267
3.1578947368421053,-0.21052631578947367,0.11849068510006666,0.6934533044267174
3.1578947368421053,-0.21052631578947367,0.1404004245548316,0.6998710038906139
3.1578947368421053,-0.21052631578947367,0.16636142493842218,0.686970119374111
3.1578947368421053,-0.21052631578947367,0.1971227921517696,0.6799224701611416
3.1578947368421053,-0.21052631578947367,0.23357214690901223,0.6592745362170481
3.1578947368421053,-0.21052631578947367,0.2767612370754227,0.6655649727437185
3.1578947368421053,-0.21052631578947367,0.32793628590208806,0.6473262655567424
3.1578947368421053,-0.21052631578947367,0.3885739518570975,0.6147989506880698
3.1578947368421053,-0.21052631578947367,0.460423937675878,0.5966241173993265
3.1578947368421053,-0.21052631578947367,0.5455594781168519,0.566475562841988
3.1578947368421053,-0.21052631578947367,0.646437163249006,0.5332657756105034
3.1578947368421053,-0.21052631578947367,0.7659678234751834,0.5015955569672897
3.1578947368421053,-0.21052631578947367,0.907600521681814,0.4606688178543333
3.1578947368421053,-0.21052631578947367,1.0754220761125606,0.41829783834696377
3.1578947368421053,-0.21052631578947367,1.2742749857031335,0.3784462029394245
3.1578947368421053,-0.21052631578947367,1.5098971606184193,0.34246326347198186
3.1578947368421053,-0.21052631578947367,1.789087489923219,0.3115123181036175
3.1578947368421053,-0.21052631578947367,2.1199020238496082,0.28449368773646916
3.1578947368421053,-0.21052631578947367,2.51188643150958,0.26335846100751864
3.1578947368421053,0.05263157894736836,0.09999999999999999,0.704554633714284
3.1578947368421053,0.05263157894736836,0.11849068510006666,0.6761352039130181
3.1578947368421053,0.05263157894736836,0.1404004245548316,0.6755514079320719
3.1578947368421053,0.05263157894736836,0.16636142493842218,0.6851064135417834
3.1578947368421053,0.05263157894736836,0.1971227921517696,0.6711156410794431
3.1578947368421053,0.05263157894736836,0.23357214690901223,0.6625809963091588
3.1578947368421053,0.05263157894736836,0.2767612370754227,0.6570638655378435
3.1578947368421053,0.05263157894736836,0.32793628590208806,0.6382148683759713
3.1578947368421053,0.05263157894736836,0.3885739518570975,0.6109561201317306
3.1578947368421053,0.05263157894736836,0.460423937675878,0.6010003794468127
3.1578947368421053,0.05263157894736836,0.5455594781168519,0.5696567428935462
3.1578947368421053,0.05263157894736836,0.646437163249006,0.5376437827488004
3.1578947368421053,0.05263157894736836,0.7659678234751834,0.495930555720798
3.1578947368421053,0.05263157894736836,0.907600521681814,0.4583163984535615
3.1578947368421053,0.05263157894736836,1.0754220761125606,0.42126612744966124
3.1578947368421053,0.05263157894736836,1.2742749857031335,0.38238607155688603
3.1578947368421053,0.05263157894736836,1.5098971606184193,0.34384002666879593
3.1578947368421053,0.05263157894736836,1.789087489923219,0.31226260782405185
3.1578947368421053,0.05263157894736836,2.1199020238496082,0.2842473902346257
3.1578947368421053,0.05263157894736836,2.51188643150958,0.26214808500073794
3.1578947368421053,0.3157894736842104,0.09999999999999999,0.6887371615054366
3.1578947368421053,0.3157894736842104,0.11849068510006666,0.6943216148836672
3.1578947368421053,0.3157894736842104,0.1404004245548316,0.6931720466346764
3.1578947368421053,0.3157894736842104,0.16636142493842218,0.6853548123104272
3.1578947368421053,0.3157894736842104,0.1971227921517696,0.675216754199248
3.1578947368421053,0.3157894736842104,0.23357214690901223,0.6495339351745645
3.1578947368421053,0.3157894736842104,0.2767612370754227,0.6570686664529003
3.1578947368421053,0.3157894736842104,0.32793628590208806,0.6471400704113698
3.1578947368421053,0.3157894736842104,0.3885739518570975,0.6313530922454484
3.1578947368421053,0.3157894736842104,0.460423937675878,0.5977768616093705
3.1578947368421053,0.3157894736842104,0.5455594781168519,0.5773314706606039
3.1578947368421053,0.3157894736842104,0.646437163249006,0.5383495796061574
3.1578947368421053,0.3157894736842104,0.7659678234751834,0.5035082536861315
3.1578947368421053,0.3157894736842104,0.907600521681814,0.45933749272632146
3.1578947368421053,0.3157894736842104,1.0754220761125606,0.4187631250422785
3.1578947368421053,0.3157894736842104,1.2742749857031335,0.3816217056249423
3.1578947368421053,0.3157894736842104,1.5098971606184193,0.34590231423106516
3.1578947368421053,0.3157894736842104,1.789087489923219,0.3121400840214251
3.1578947368421053,0.3157894736842104,2.1199020238496082,0.2839186931833051
3.1578947368421053,0.3157894736842104,2.51188643150958,0.2615109606615917
3.1578947368421053,0.5789473684210527,0.09999999999999999,0.68882555785341
3.1578947368421053,0.5789473684210527,0.11849068510006666,0.6932339763691081
3.1578947368421053,0.5789473684210527,0.1404004245548316,0.6969250628158726
3.1578947368421053,0.5789473684210527,0.16636142493842218,0.686901232123923
3.1578947368421053,0.5789473684210527,0.1971227921517696,0.6629797470884505
3.1578947368421053,0.5789473684210527,0.23357214690901223,0.6686216976810577
3.1578947368421053,0.5789473684210527,0.2767612370754227,0.6667945891695342
3.1578947368421053,0.5789473684210527,0.32793628590208806,0.6489475076440873
3.1578947368421053,0.5789473684210527,0.3885739518570975,0.6194346963678002
3.1578947368421053,0.5789473684210527,0.460423937675878,0.5901079948185464
3.1578947368421053,0.5789473684210527,0.5455594781168519,0.5713904894107878
3.1578947368421053,0.5789473684210527,0.646437163249006,0.5359880150435646
3.1578947368421053,0.5789473684210527,0.7659678234751834,0.5006363745800677
3.1578947368421053,0.5789473684210527,0.907600521681814,0.4606694146906336
3.1578947368421053,0.5789473684210527,1.0754220761125606,0.419303321089827
3.1578947368421053,0.5789473684210527,1.2742749857031335,0.38164340426922855
3.1578947368421053,0.5789473684210527,1.5098971606184193,0.34575064646914033
3.1578947368421053,0.5789473684210527,1.789087489923219,0.3108395107139781
3.1578947368421053,0.5789473684210527,2.1199020238496082,0.28503397995635293
3.1578947368421053,0.5789473684210527,2.51188643150958,0.2619424005382215
3.1578947368421053,0.8421052631578947,0.09999999999999999,0.6979803607117044
3.1578947368421053,0.8421052631578947,0.11849068510006666,0.7018122099708103
3.1578947368421053,0.8421052631578947,0.1404004245548316,0.7028049903679889
3.1578947368421053,0.8421052631578947,0.16636142493842218,0.6749926438759075
3.1578947368421053,0.8421052631578947,0.1971227921517696,0.674654234651305
3.1578947368421053,0.8421052631578947,0.23357214690901223,0.6692426156120552
3.1578947368421053,0.8421052631578947,0.2767612370754227,0.6664386594929773
3.1578947368421053,0.8421052631578947,0.32793628590208806,0.6317250259203817
3.1578947368421053,0.8421052631578947,0.3885739518570975,0.6096570184643282
3.1578947368421053,0.8421052631578947,0.460423937675878,0.58183556921058
3.1578947368421053,0.8421052631578947,0.5455594781168519,0.5668034561906224
3.1578947368421053,0.8421052631578947,0.646437163249006,0.5388197757518475
3.1578947368421053,0.8421052631578947,0.7659678234751834,0.5050633880245109
3.1578947368421053,0.8421052631578947,0.907600521681814,0.45703789465000405
3.1578947368421053,0.8421052631578947,1.0754220761125606,0.4193108390519712
3.1578947368421053,0.8421052631578947,1.2742749857031335,0.3790704936864577
3.1578947368421053,0.8421052631578947,1.5098971606184193,0.34591476001609606
3.1578947368421053,0.8421052631578947,1.789087489923219,0.3107773005266568
3.1578947368421053,0.8421052631578947,2.1199020238496082,0.28414406770291023
3.1578947368421053,0.8421052631578947,2.51188643150958,0.2619303169624152
3.1578947368421053,1.1052631578947367,0.09999999999999999,0.6857071894411767
3.1578947368421053,1.1052631578947367,0.11849068510006666,0.6917881369285894
3.1578947368421053,1.1052631578947367,0.1404004245548316,0.6828809014953847
3.1578947368421053,1.1052631578947367,0.16636142493842218,0.6850808380053572
3.1578947368421053,1.1052631578947367,0.1971227921517696,0.6972629079539319
3.1578947368421053,1.1052631578947367,0.23357214690901223,0.6767793661589004
3.1578947368421053,1.1052631578947367,0.2767612370754227,0.6515259364386938
3.1578947368421053,1.1052631578947367,0.32793628590208806,0.6330304113939932
3.1578947368421053,1.1052631578947367,0.3885739518570975,0.6200816750091659
3.1578947368421053,1.1052631578947367,0.460423937675878,0.5950926494193303
3.1578947368421053,1.1052631578947367,0.5455594781168519,0.574193409224774
3.1578947368421053,1.1052631578947367,0.646437163249006,0.5350375843598911
3.1578947368421053,1.1052631578947367,0.7659678234751834,0.500023775641803
3.1578947368421053,1.1052631578947367,0.907600521681814,0.46564512663538504
3.1578947368421053,1.1052631578947367,1.0754220761125606,0.42141133722145313
3.1578947368421053,1.1052631578947367,1.2742749857031335,0.3802682655502766
3.1578947368421053,1.1052631578947367,1.5098971606184193,0.34395979618199296
3.1578947368421053,1.1052631578947367,1.789087489923219,0.31198789989768977
3.1578947368421053,1.1052631578947367,2.1199020238496082,0.2849642191027972
3.1578947368421053,1.1052631578947367,2.51188643150958,0.26141055434745386
3.1578947368421053,1.3684210526315788,0.09999999999999999,0.7033476037893077
3.1578947368421053,1.3684210526315788,0.11849068510006666,0.6724242504321843
3.1578947368421053,1.3684210526315788,0.1404004245548316,0.6864500395279695
3.1578947368421053,1.3684210526315788,0.16636142493842218,0.6758101181522085
3.1578947368421053,1.3684210526315788,0.1971227921517696,0.6773353117367635
3.1578947368421053,1.3684210526315788,0.23357214690901223,0.6733786402285189
3.1578947368421053,1.3684210526315788,0.2767612370754227,0.6628536622619376
3.1578947368421053,1.3684210526315788,0.32793628590208806,0.6443076670951879
3.1578947368421053,1.3684210526315788,0.3885739518570975,0.6300525550630787
3.1578947368421053,1.3684210526315788,0.460423937675878,0.5969811669357631
3.1578947368421053,1.3684210526315788,0.5455594781168519,0.5735016522914566
3.1578947368421053,1.3684210526315788,0.646437163249006,0.542941154513251
3.1578947368421053,1.3684210526315788,0.7659678234751834,0.5001672781536807
3.1578947368421053,1.3684210526315788,0.907600521681814,0.4584532710800602
3.1578947368421053,1.3684210526315788,1.0754220761125606,0.4169119716796358
3.1578947368421053,1.3684210526315788,1.2742749857031335,0.38112865819449826
3.1578947368421053,1.3684210526315788,1.5098971606184193,0.34295988662220706
3.1578947368421053,1.3684210526315788,1.789087489923219,0.3118748721853368
3.1578947368421053,1.3684210526315788,2.1199020238496082,0.2842434676782995
3.1578947368421053,1.3684210526315788,2.51188643150958,0.2618444962161759
3.1578947368421053,1.6315789473684208,0.09999999999999999,0.6980085222409983
3.1578947368421053,1.6315789473684208,0.11849068510006666,0.6933572195210634
3.1578947368421053,1.6315789473684208,0.1404004245548316,0.6887088294791599
3.1578947368421053,1.6315789473684208,0.16636142493842218,0.6823077839006113
3.1578947368421053,1.6315789473684208,0.1971227921517696,0.6704488486340381
3.1578947368421053,1.6315789473684208,0.23357214690901223,0.6674041653384634
3.1578947368421053,1.6315789473684208,0.2767612370754227,0.6502375180273346
3.1578947368421053,1.6315789473684208,0.32793628590208806,0.6548797699683225
3.1578947368421053,1.6315789473684208,0.3885739518570975,0.625313975792447
3.1578947368421053,1.6315789473684208,0.460423937675878,0.5992592638598151
3.1578947368421053,1.6315789473684208,0.5455594781168519,0.5751866688504053
3.1578947368421053,1.6315789473684208,0.646437163249006,0.532543716003512
3.1578947368421053,1.6315789473684208,0.7659678234751834,0.4946778450087793
3.1578947368421053,1.6315789473684208,0.907600521681814,0.4617371157543525
3.1578947368421053,1.6315789473684208,1.0754220761125606,0.4182697326766837
3.1578947368421053,1.6315789473684208,1.2742749857031335,0.3795166463161899
3.1578947368421053,1.6315789473684208,1.5098971606184193,0.34241589741567285
3.1578947368421053,1.6315789473684208,1.789087489923219,0.3123433228872147
3.1578947368421053,1.6315789473684208,2.1199020238496082,0.283768865007475
3.1578947368421053,1.6315789473684208,2.51188643150958,0.26226675591008797
3.1578947368421053,1.8947368421052628,0.09999999999999999,0.6994791477507428
3.1578947368421053,1.8947368421052628,0.11849068510006666,0.6973365856743354
3.1578947368421053,1.8947368421052628,0.1404004245548316,0.6919316567659827
3.1578947368421053,1.8947368421052628,0.16636142493842218,0.6893765977998532
3.1578947368421053,1.8947368421052628,0.1971227921517696,0.6907809703823241
3.1578947368421053,1.8947368421052628,0.23357214690901223,0.6751643638484193
3.1578947368421053,1.8947368421052628,0.2767612370754227,0.6731657803356368
3.1578947368421053,1.8947368421052628,0.32793628590208806,0.6418117645778214
3.1578947368421053,1.8947368421052628,0.3885739518570975,0.6290819704311691
3.1578947368421053,1.8947368421052628,0.460423937675878,0.6011388017562351
3.1578947368421053,1.8947368421052628,0.5455594781168519,0.5711676317859837
3.1578947368421053,1.8947368421052628,0.646437163249006,0.5391463097039991
3.1578947368421053,1.8947368421052628,0.7659678234751834,0.502030338012968
3.1578947368421053,1.8947368421052628,0.907600521681814,0.46020374334831887
3.1578947368421053,1.8947368421052628,1.0754220761125606,0.4219839045895985
3.1578947368421053,1.8947368421052628,1.2742749857031335,0.383663750218898
3.1578947368421053,1.8947368421052628,1.5098971606184193,0.34624963007922965
3.1578947368421053,1.8947368421052628,1.789087489923219,0.3122242339256851
3.1578947368421053,1.8947368421052628,2.1199020238496082,0.28631823290216246
3.1578947368421053,1.8947368421052628,2.51188643150958,0.2638052751863155
3.1578947368421053,2.1578947368421053,0.09999999999999999,0.6595792482588314
3.1578947368421053,2.1578947368421053,0.11849068510006666,0.6957815962676583
3.1578947368421053,2.1578947368421053,0.1404004245548316,0.6630267726606085
3.1578947368421053,2.1578947368421053,0.16636142493842218,0.680997262896927
3.1578947368421053,2.1578947368421053,0.1971227921517696,0.6622239697718303
3.1578947368421053,2.1578947368421053,0.23357214690901223,0.6605962169645481
3.1578947368421053,2.1578947368421053,0.2767612370754227,0.6526616370970608
3.1578947368421053,2.1578947368421053,0.32793628590208806,0.644803469074228
3.1578947368421053,2.1578947368421053,0.3885739518570975,0.6308362794834169
3.1578947368421053,2.1578947368421053,0.460423937675878,0.5981428169089035
3.1578947368421053,2.1578947368421053,0.5455594781168519,0.5689415002617049
3.1578947368421053,2.1578947368421053,0.646437163249006,0.5356909443488254
3.1578947368421053,2.1578947368421053,0.7659678234751834,0.49921330923519686
3.1578947368421053,2.1578947368421053,0.907600521681814,0.45867663504531564
3.1578947368421053,2.1578947368421053,1.0754220761125606,0.42284434467431703
3.1578947368421053,2.1578947368421053,1.2742749857031335,0.38492203544982834
3.1578947368421053,2.1578947368421053,1.5098971606184193,0.3453803002504166
3.1578947368421053,2.1578947368421053,1.789087489923219,0.3155733173964788
3.1578947368421053,2.1578947368421053,2.1199020238496082,0.28769857673243104
3.1578947368421053,2.1578947368421053,2.51188643150958,0.2634005068547746
3.1578947368421053,2.4210526315789473,0.09999999999999999,0.6680229977052293
3.1578947368421053,2.4210526315789473,0.11849068510006666,0.6454644426864716
3.1578947368421053,2.4210526315789473,0.1404004245548316,0.643053412689659
3.1578947368421053,2.4210526315789473,0.16636142493842218,0.6596149095825048
3.1578947368421053,2.4210526315789473,0.1971227921517696,0.6601807503075701
3.1578947368421053,2.4210526315789473,0.23357214690901223,0.6397581741294303
3.1578947368421053,2.4210526315789473,0.2767612370754227,0.6577777263660417
3.1578947368421053,2.4210526315789473,0.32793628590208806,0.6259431259479336
3.1578947368421053,2.4210526315789473,0.3885739518570975,0.5951315613596913
3.1578947368421053,2.4210526315789473,0.460423937675878,0.6006923541316477
3.1578947368421053,2.4210526315789473,0.5455594781168519,0.5528681408971028
3.1578947368421053,2.4210526315789473,0.646437163249006,0.5226638408079703
3.1578947368421053,2.4210526315789473,0.7659678234751834,0.4968888342399178
3.1578947368421053,2.4210526315789473,0.907600521681814,0.45744118378512555
3.1578947368421053,2.4210526315789473,1.0754220761125606,0.4192937658198069
3.1578947368421053,2.4210526315789473,1.2742749857031335,0.3831248553952502
3.1578947368421053,2.4210526315789473,1.5098971606184193,0.34888109029682907
3.1578947368421053,2.4210526315789473,1.789087489923219,0.31574547702342814
3.1578947368421053,2.4210526315789473,2.1199020238496082,0.28809228076584564
3.1578947368421053,2.4210526315789473,2.51188643150958,0.2665188816865731
3.1578947368421053,2.6842105263157894,0.09999999999999999,0.60240992206184
3.1578947368421053,2.6842105263157894,0.11849068510006666,0.5852090347021022
3.1578947368421053,2.6842105263157894,0.1404004245548316,0.5896797053968147
3.1578947368421053,2.6842105263157894,0.16636142493842218,0.6165980626304319
3.1578947368421053,2.6842105263157894,0.1971227921517696,0.6039861931649984
3.1578947368421053,2.6842105263157894,0.23357214690901223,0.5827289558504646
3.1578947368421053,2.6842105263157894,0.2767612370754227,0.6067175790053695
3.1578947368421053,2.6842105263157894,0.32793628590208806,0.5844338780914785
3.1578947368421053,2.6842105263157894,0.3885739518570975,0.5558896474980944
3.1578947368421053,2.6842105263157894,0.460423937675878,0.5515526373228388
3.1578947368421053,2.6842105263157894,0.5455594781168519,0.5331014916008529
3.1578947368421053,2.6842105263157894,0.646437163249006,0.5113659806502397
3.1578947368421053,2.6842105263157894,0.7659678234751834,0.47660252012334386
3.1578947368421053,2.6842105263157894,0.907600521681814,0.4433130585577951
3.1578947368421053,2.6842105263157894,1.0754220761125606,0.41332090456078585
3.1578947368421053,2.6842105263157894,1.2742749857031335,0.3837836659452505
3.1578947368421053,2.6842105263157894,1.5098971606184193,0.3486587685542343
3.1578947368421053,2.6842105263157894,1.789087489923219,0.31716515866406736
3.1578947368421053,2.6842105263157894,2.1199020238496082,0.29227317230728367
3.1578947368421053,2.6842105263157894,2.51188643150958,0.26883858890030454
3.1578947368421053,2.9473684210526314,0.09999999999999999,0.4869626913141084
3.1578947368421053,2.9473684210526314,0.11849068510006666,0.48826774885006363
3.1578947368421053,2.9473684210526314,0.1404004245548316,0.52156004921575
3.1578947368421053,2.9473684210526314,0.16636142493842218,0.4874540573240221
3.1578947368421053,2.9473684210526314,0.1971227921517696,0.4769690363317974
3.1578947368421053,2.9473684210526314,0.23357214690901223,0.510506941022758
3.1578947368421053,2.9473684210526314,0.2767612370754227,0.5133900283500742
3.1578947368421053,2.9473684210526314,0.32793628590208806,0.5047990749345658
3.1578947368421053,2.9473684210526314,0.3885739518570975,0.4876932271042247
3.1578947368421053,2.9473684210526314,0.460423937675878,0.4942526462148529
3.1578947368421053,2.9473684210526314,0.5455594781168519,0.4812910783563333
3.1578947368421053,2.9473684210526314,0.646437163249006,0.46604231574632893
3.1578947368421053,2.9473684210526314,0.7659678234751834,0.43730806608079664
3.1578947368421053,2.9473684210526314,0.907600521681814,0.42424438303740913
3.1578947368421053,2.9473684210526314,1.0754220761125606,0.394951406153801
3.1578947368421053,2.9473684210526314,1.2742749857031335,0.3679740204423472
3.1578947368421053,2.9473684210526314,1.5098971606184193,0.3383323605025753
3.1578947368421053,2.9473684210526314,1.789087489923219,0.31778957850374606
3.1578947368421053,2.9473684210526314,2.1199020238496082,0.29140399330069955
3.1578947368421053,2.9473684210526314,2.51188643150958,0.2725210714279549
3.1578947368421053,3.2105263157894735,0.09999999999999999,0.33695967167315305
3.1578947368421053,3.2105263157894735,0.11849068510006666,0.32762441166967415
3.1578947368421053,3.2105263157894735,0.1404004245548316,0.3411480431229465
3.1578947368421053,3.2105263157894735,0.16636142493842218,0.3628698084526857
3.1578947368421053,3.2105263157894735,0.1971227921517696,0.3644953328341502
3.1578947368421053,3.2105263157894735,0.23357214690901223,0.34915670142403926
3.1578947368421053,3.2105263157894735,0.2767612370754227,0.3692612397255467
3.1578947368421053,3.2105263157894735,0.32793628590208806,0.3782595330170501
3.1578947368421053,3.2105263157894735,0.3885739518570975,0.40080573280603066
3.1578947368421053,3.2105263157894735,0.460423937675878,0.401274428841483
3.1578947368421053,3.2105263157894735,0.5455594781168519,0.3901612957709008
3.1578947368421053,3.2105263157894735,0.646437163249006,0.4047724599368425
3.1578947368421053,3.2105263157894735,0.7659678234751834,0.3836728917257568
3.1578947368421053,3.2105263157894735,0.907600521681814,0.38340527038645605
3.1578947368421053,3.2105263157894735,1.0754220761125606,0.3659176752830972
3.1578947368421053,3.2105263157894735,1.2742749857031335,0.348961369997255
3.1578947368421053,3.2105263157894735,1.5098971606184193,0.3320603810967847
3.1578947368421053,3.2105263157894735,1.789087489923219,0.3119805846136399
3.1578947368421053,3.2105263157894735,2.1199020238496082,0.2908220622860915
3.1578947368421053,3.2105263157894735,2.51188643150958,0.27122289482882744
3.1578947368421053,3.473684210526316,0.09999999999999999,0.26345110510499575
3.1578947368421053,3.473684210526316,0.11849068510006666,0.2891540308672418
3.1578947368421053,3.473684210526316,0.1404004245548316,0.3035925754126635
3.1578947368421053,3.473684210526316,0.16636142493842218,0.2919585021798544
3.1578947368421053,3.473684210526316,0.1971227921517696,0.2785077517845483
3.1578947368421053,3.473684210526316,0.23357214690901223,0.296613509903691
3.1578947368421053,3.473684210526316,0.2767612370754227,0.3148342198740689
3.1578947368421053,3.473684210526316,0.32793628590208806,0.3222149637120289
3.1578947368421053,3.473684210526316,0.3885739518570975,0.32282058407490744
3.1578947368421053,3.473684210526316,0.460423937675878,0.3408988964922134
3.1578947368421053,3.473684210526316,0.5455594781168519,0.3465488467554212
3.1578947368421053,3.473684210526316,0.646437163249006,0.34392565353844207
3.1578947368421053,3.473684210526316,0.7659678234751834,0.3545454945677123
3.1578947368421053,3.473684210526316,0.907600521681814,0.3433187939930085
3.1578947368421053,3.473684210526316,1.0754220761125606,0.33736278093369915
3.1578947368421053,3.473684210526316,1.2742749857031335,0.3347084223893912
3.1578947368421053,3.473684210526316,1.5098971606184193,0.32112046164744185
3.1578947368421053,3.473684210526316,1.789087489923219,0.3047632960139333
3.1578947368421053,3.473684210526316,2.1199020238496082,0.2823907347468368
3.1578947368421053,3.473684210526316,2.51188643150958,0.2676694585769726
3.1578947368421053,3.7368421052631575,0.09999999999999999,0.2412461238272474
3.1578947368421053,3.7368421052631575,0.11849068510006666,0.2783640324934462
3.1578947368421053,3.7368421052631575,0.1404004245548316,0.2696983429183544
3.1578947368421053,3.7368421052631575,0.16636142493842218,0.28282653049306583
3.1578947368421053,3.7368421052631575,0.1971227921517696,0.27605317590061307
3.1578947368421053,3.7368421052631575,0.23357214690901223,0.29689319082448523
3.1578947368421053,3.7368421052631575,0.2767612370754227,0.30238062946548544
3.1578947368421053,3.7368421052631575,0.32793628590208806,0.3215863096358241
3.1578947368421053,3.7368421052631575,0.3885739518570975,0.30959581375371753
3.1578947368421053,3.7368421052631575,0.460423937675878,0.3247242887118597
3.1578947368421053,3.7368421052631575,0.5455594781168519,0.3329072669916801
3.1578947368421053,3.7368421052631575,0.646437163249006,0.3258177523166381
3.1578947368421053,3.7368421052631575,0.7659678234751834,0.3353279612312527
3.1578947368421053,3.7368421052631575,0.907600521681814,0.3230760240882895
3.1578947368421053,3.7368421052631575,1.0754220761125606,0.32372670634267176
3.1578947368421053,3.7368421052631575,1.2742749857031335,0.3165150078387353
3.1578947368421053,3.7368421052631575,1.5098971606184193,0.3044951916906795
3.1578947368421053,3.7368421052631575,1.789087489923219,0.2904644938339862
3.1578947368421053,3.7368421052631575,2.1199020238496082,0.27867387772996327
3.1578947368421053,3.7368421052631575,2.51188643150958,0.2631513264178735
3.1578947368421053,4.0,0.09999999999999999,0.26294729238803505
3.1578947368421053,4.0,0.11849068510006666,0.25435699122407
3.1578947368421053,4.0,0.1404004245548316,0.2789107799500035
3.1578947368421053,4.0,0.16636142493842218,0.28079620244998094
3.1578947368421053,4.0,0.1971227921517696,0.27964261111389693
3.1578947368421053,4.0,0.23357214690901223,0.27449399129961716
3.1578947368421053,4.0,0.2767612370754227,0.28085487965362527
3.1578947368421053,4.0,0.32793628590208806,0.31253165933390537
3.1578947368421053,4.0,0.3885739518570975,0.30576609999983356
3.1578947368421053,4.0,0.460423937675878,0.3063755389069917
3.1578947368421053,4.0,0.5455594781168519,0.31126528448319835
3.1578947368421053,4.0,0.646437163249006,0.3258103879880701
3.1578947368421053,4.0,0.7659678234751834,0.33109392526448594
3.1578947368421053,4.0,0.907600521681814,0.3258803281288573
3.1578947368421053,4.0,1.0754220761125606,0.3239724073311521
3.1578947368421053,4.0,1.2742749857031335,0.3152104666541765
3.1578947368421053,4.0,1.5098971606184193,0.29504416919840687
3.1578947368421053,4.0,1.789087489923219,0.28511983674867
3.1578947368421053,4.0,2.1199020238496082,0.2731185600656918
3.1578947368421053,4.0,2.51188643150958,0.2579293442461557
3.3684210526315788,-1.0,0.09999999999999999,0.6844892744674509
3.3684210526315788,-1.0,0.11849068510006666,0.6988879162494175
3.3684210526315788,-1.0,0.1404004245548316,0.6883175510361108
3.3684210526315788,-1.0,0.16636142493842218,0.6934538222774259
3.3684210526315788,-1.0,0.1971227921517696,0.6690966069151733
3.3684210526315788,-1.0,0.23357214690901223,0.6686682787470466
3.3684210526315788,-1.0,0.2767612370754227,0.6567563975682522
3.3684210526315788,-1.0,0.32793628590208806,0.6485846085382326
3.3684210526315788,-1.0,0.3885739518570975,0.6236699307337088
3.3684210526315788,-1.0,0.460423937675878,0.5997800830088243
3.3684210526315788,-1.0,0.5455594781168519,0.5811846635938315
3.3684210526315788,-1.0,0.646437163249006,0.5334034617378944
3.3684210526315788,-1.0,0.7659678234751834,0.4990811268637283
3.3684210526315788,-1.0,0.907600521681814,0.46105014435613534
3.3684210526315788,-1.0,1.0754220761125606,0.42082962739902086
3.3684210526315788,-1.0,1.2742749857031335,0.3802070119957113
3.3684210526315788,-1.0,1.5098971606184193,0.34248647161885293
3.3684210526315788,-1.0,1.789087489923219,0.31247150459676604
3.3684210526315788,-1.0,2.1199020238496082,0.28327266153447406
3.3684210526315788,-1.0,2.51188643150958,0.26136579121522685
3.3684210526315788,-0.736842105263158,0.09999999999999999,0.6883284398937792
3.3684210526315788,-0.736842105263158,0.11849068510006666,0.6862466147837484
3.3684210526315788,-0.736842105263158,0.1404004245548316,0.685878002949631
3.3684210526315788,-0.736842105263158,0.16636142493842218,0.6839640274409884
3.3684210526315788,-0.736842105263158,0.1971227921517696,0.6730574523524617
3.3684210526315788,-0.736842105263158,0.23357214690901223,0.6762989264165278
3.3684210526315788,-0.736842105263158,0.2767612370754227,0.6695120192444569
3.3684210526315788,-0.736842105263158,0.32793628590208806,0.638602388155067
3.3684210526315788,-0.736842105263158,0.3885739518570975,0.628561752281938
3.3684210526315788,-0.736842105263158,0.460423937675878,0.5998590954870315
3.3684210526315788,-0.736842105263158,0.5455594781168519,0.5647397662724994
3.3684210526315788,-0.736842105263158,0.646437163249006,0.5345391335830865
3.3684210526315788,-0.736842105263158,0.7659678234751834,0.503878881272495
3.3684210526315788,-0.736842105263158,0.907600521681814,0.4647898334751603
3.3684210526315788,-0.736842105263158,1.0754220761125606,0.4190923410125013
3.3684210526315788,-0.736842105263158,1.2742749857031335,0.380336412004626
3.3684210526315788,-0.736842105263158,1.5098971606184193,0.34524544076983776
3.3684210526315788,-0.736842105263158,1.789087489923219,0.3118295561023884
3.3684210526315788,-0.736842105263158,2.1199020238496082,0.2846652692395347
3.3684210526315788,-0.736842105263158,2.51188643150958,0.2618853806009719
3.3684210526315788,-0.4736842105263158,0.09999999999999999,0.7000257678907539
3.3684210526315788,-0.4736842105263158,0.11849068510006666,0.6912633698780138
3.3684210526315788,-0.4736842105263158,0.1404004245548316,0.7008947343596461
3.3684210526315788,-0.4736842105263158,0.16636142493842218,0.6846252847856962
3.3684210526315788,-0.4736842105263158,0.1971227921517696,0.683570025722936
3.3684210526315788,-0.4736842105263158,0.23357214690901223,0.6772400823366755
3.3684210526315788,-0.4736842105263158,0.2767612370754227,0.6519456374659717
3.3684210526315788,-0.4736842105263158,0.32793628590208806,0.6461369013352085
3.3684210526315788,-0.4736842105263158,0.3885739518570975,0.6328507462906813
3.3684210526315788,-0.4736842105263158,0.460423937675878,0.6047732886034476
3.3684210526315788,-0.4736842105263158,0.5455594781168519,0.5735094000777041
3.3684210526315788,-0.4736842105263158,0.646437163249006,0.5381862398043029
3.3684210526315788,-0.4736842105263158,0.7659678234751834,0.5022978111417516
3.3684210526315788,-0.4736842105263158,0.907600521681814,0.4605673405981657
3.3684210526315788,-0.4736842105263158,1.0754220761125606,0.42012647853001717
3.3684210526315788,-0.4736842105263158,1.2742749857031335,0.382106219813932
3.3684210526315788,-0.4736842105263158,1.5098971606184193,0.34072799527848957
3.3684210526315788,-0.4736842105263158,1.789087489923219,0.31182137233357
3.3684210526315788,-0.4736842105263158,2.1199020238496082,0.2840783771184172
3.3684210526315788,-0.4736842105263158,2.51188643150958,0.2625651966093611
3.3684210526315788,-0.21052631578947367,0.09999999999999999,0.6896578345509691
3.3684210526315788,-0.21052631578947367,0.11849068510006666,0.702098438504317
3.3684210526315788,-0.21052631578947367,0.1404004245548316,0.69643401633678
3.3684210526315788,-0.21052631578947367,0.16636142493842218,0.6878487413393675
3.3684210526315788,-0.21052631578947367,0.1971227921517696,0.686483889075854
3.3684210526315788,-0.21052631578947367,0.23357214690901223,0.6729187939422909
3.3684210526315788,-0.21052631578947367,0.2767612370754227,0.646134381183309
3.3684210526315788,-0.21052631578947367,0.32793628590208806,0.642107808605336
3.3684210526315788,-0.21052631578947367,0.3885739518570975,0.6300118747458477
3.3684210526315788,-0.21052631578947367,0.460423937675878,0.601029393065394
3.3684210526315788,-0.21052631578947367,0.5455594781168519,0.5721995585954466
3.3684210526315788,-0.21052631578947367,0.646437163249006,0.5369561107605184
3.3684210526315788,-0.21052631578947367,0.7659678234751834,0.49916855755233175
3.3684210526315788,-0.21052631578947367,0.907600521681814,0.45667930396832
3.3684210526315788,-0.21052631578947367,1.0754220761125606,0.4170022841861295
3.3684210526315788,-0.21052631578947367,1.2742749857031335,0.37897174979072556
3.3684210526315788,-0.21052631578947367,1.5098971606184193,0.34469707973173674
3.3684210526315788,-0.21052631578947367,1.789087489923219,0.3128039457209845
3.3684210526315788,-0.21052631578947367,2.1199020238496082,0.2838559430790467
3.3684210526315788,-0.21052631578947367,2.51188643150958,0.26226725229265313
3.3684210526315788,0.05263157894736836,0.09999999999999999,0.703162208181162
3.3684210526315788,0.05263157894736836,0.11849068510006666,0.6886986499331945
3.3684210526315788,0.05263157894736836,0.1404004245548316,0.6964511286911488
3.3684210526315788,0.05263157894736836,0.16636142493842218,0.6850002851043407
3.3684210526315788,0.05263157894736836,0.1971227921517696,0.6736076220741029
3.3684210526315788,0.05263157894736836,0.23357214690901223,0.6567554712459894
3.3684210526315788,0.05263157894736836,0.2767612370754227,0.6483132848090587
3.3684210526315788,0.05263157894736836,0.32793628590208806,0.6486376269323906
3.3684210526315788,0.05263157894736836,0.3885739518570975,0.6244477713712617
3.3684210526315788,0.05263157894736836,0.460423937675878,0.6030161392928073
3.3684210526315788,0.05263157894736836,0.5455594781168519,0.5698878647922299
3.3684210526315788,0.05263157894736836,0.646437163249006,0.5299237230352507
3.3684210526315788,0.05263157894736836,0.7659678234751834,0.5017849017723582
3.3684210526315788,0.05263157894736836,0.907600521681814,0.4608439353454283
3.3684210526315788,0.05263157894736836,1.0754220761125606,0.4205437125183997
3.3684210526315788,0.05263157894736836,1.2742749857031335,0.37765150637540595
3.3684210526315788,0.05263157894736836,1.5098971606184193,0.34609480742507165
3.3684210526315788,0.05263157894736836,1.789087489923219,0.31250973499128337
3.3684210526315788,0.05263157894736836,2.1199020238496082,0.2836471041936383
3.3684210526315788,0.05263157894736836,2.51188643150958,0.26254852191022965
3.3684210526315788,0.3157894736842104,0.09999999999999999,0.6963085929187075
3.3684210526315788,0.3157894736842104,0.11849068510006666,0.6966251130265898
3.3684210526315788,0.3157894736842104,0.1404004245548316,0.6787945817220725
3.3684210526315788,0.3157894736842104,0.16636142493842218,0.674679265812663
3.3684210526315788,0.3157894736842104,0.1971227921517696,0.6815151540462542
3.3684210526315788,0.3157894736842104,0.23357214690901223,0.6657403848029667
3.3684210526315788,0.3157894736842104,0.2767612370754227,0.6608275188250807
3.3684210526315788,0.3157894736842104,0.32793628590208806,0.6411255495944391
3.3684210526315788,0.3157894736842104,0.3885739518570975,0.6135111438569153
3.3684210526315788,0.3157894736842104,0.460423937675878,0.5898625306481958
3.3684210526315788,0.3157894736842104,0.5455594781168519,0.5693765439082856
3.3684210526315788,0.3157894736842104,0.646437163249006,0.534344388912553
3.3684210526315788,0.3157894736842104,0.7659678234751834,0.501871480572341
3.3684210526315788,0.3157894736842104,0.907600521681814,0.4631199871060392
3.3684210526315788,0.3157894736842104,1.0754220761125606,0.42014516512526096
3.3684210526315788,0.3157894736842104,1.2742749857031335,0.38059825785811746
3.3684210526315788,0.3157894736842104,1.5098971606184193,0.3445674947744772
3.3684210526315788,0.3157894736842104,1.789087489923219,0.3110535241629779
3.3684210526315788,0.3157894736842104,2.1199020238496082,0.2830100914172312
3.3684210526315788,0.3157894736842104,2.51188643150958,0.2622587642369178
3.3684210526315788,0.5789473684210527,0.09999999999999999,0.6861407509109752
3.3684210526315788,0.5789473684210527,0.11849068510006666,0.6882665948211143
3.3684210526315788,0.5789473684210527,0.1404004245548316,0.6873811908017916
3.3684210526315788,0.5789473684210527,0.16636142493842218,0.6822419553769147
3.3684210526315788,0.5789473684210527,0.1971227921517696,0.6858664598389629
3.3684210526315788,0.5789473684210527,0.23357214690901223,0.6665510537726563
3.3684210526315788,0.5789473684210527,0.2767612370754227,0.6457592138458128
3.3684210526315788,0.5789473684210527,0.32793628590208806,0.6409864415392527
3.3684210526315788,0.5789473684210527,0.3885739518570975,0.616726345741672
3.3684210526315788,0.5789473684210527,0.460423937675878,0.6008051596650844
3.3684210526315788,0.5789473684210527,0.5455594781168519,0.5710858935879
3.3684210526315788,0.5789473684210527,0.646437163249006,0.5372591522681569
3.3684210526315788,0.5789473684210527,0.7659678234751834,0.49839311816092885
3.3684210526315788,0.5789473684210527,0.907600521681814,0.4592214401803593
3.3684210526315788,0.5789473684210527,1.0754220761125606,0.4196295066855711
3.3684210526315788,0.5789473684210527,1.2742749857031335,0.378630950276457
3.3684210526315788,0.5789473684210527,1.5098971606184193,0.3439248707116688
3.3684210526315788,0.5789473684210527,1.789087489923219,0.3104994607639232
3.3684210526315788,0.5789473684210527,2.1199020238496082,0.28403738155486047
3.3684210526315788,0.5789473684210527,2.51188643150958,0.2622092399763389
3.3684210526315788,0.8421052631578947,0.09999999999999999,0.701435516022423
3.3684210526315788,0.8421052631578947,0.11849068510006666,0.6871691949505873
3.3684210526315788,0.8421052631578947,0.1404004245548316,0.694001567994528
3.3684210526315788,0.8421052631578947,0.16636142493842218,0.6832723535812877
3.3684210526315788,0.8421052631578947,0.1971227921517696,0.6649228899672516
3.3684210526315788,0.8421052631578947,0.23357214690901223,0.6692650752437692
3.3684210526315788,0.8421052631578947,0.2767612370754227,0.6623707677676532
3.3684210526315788,0.8421052631578947,0.32793628590208806,0.6380244591107096
3.3684210526315788,0.8421052631578947,0.3885739518570975,0.6171823893252638
3.3684210526315788,0.8421052631578947,0.460423937675878,0.5965012243873592
3.3684210526315788,0.8421052631578947,0.5455594781168519,0.5667840867838908
3.3684210526315788,0.8421052631578947,0.646437163249006,0.5400023771161572
3.3684210526315788,0.8421052631578947,0.7659678234751834,0.497824505627661
3.3684210526315788,0.8421052631578947,0.907600521681814,0.45821808268998127
3.3684210526315788,0.8421052631578947,1.0754220761125606,0.42003897090172326
3.3684210526315788,0.8421052631578947,1.2742749857031335,0.3814120936957068
3.3684210526315788,0.8421052631578947,1.5098971606184193,0.34651294481840506
3.3684210526315788,0.8421052631578947,1.789087489923219,0.3109330875370338
3.3684210526315788,0.8421052631578947,2.1199020238496082,0.2845165849621559
3.3684210526315788,0.8421052631578947,2.51188643150958,0.2628150624477812
3.3684210526315788,1.1052631578947367,0.09999999999999999,0.6901182304640693
3.3684210526315788,1.1052631578947367,0.11849068510006666,0.6902703705365514
3.3684210526315788,1.1052631578947367,0.1404004245548316,0.7019798925902406
3.3684210526315788,1.1052631578947367,0.16636142493842218,0.6801952783459522
3.3684210526315788,1.1052631578947367,0.1971227921517696,0.6880742754068013
3.3684210526315788,1.1052631578947367,0.23357214690901223,0.6721333454815379
3.3684210526315788,1.1052631578947367,0.2767612370754227,0.6627714174245686
3.3684210526315788,1.1052631578947367,0.32793628590208806,0.6371637461679814
3.3684210526315788,1.1052631578947367,0.3885739518570975,0.6255367023995471
3.3684210526315788,1.1052631578947367,0.460423937675878,0.6019693860498762
3.3684210526315788,1.1052631578947367,0.5455594781168519,0.5740807139497247
3.3684210526315788,1.1052631578947367,0.646437163249006,0.5320253327184729
3.3684210526315788,1.1052631578947367,0.7659678234751834,0.49475170231968163
3.3684210526315788,1.1052631578947367,0.907600521681814,0.46279279441150983
3.3684210526315788,1.1052631578947367,1.0754220761125606,0.41943738984090967
3.3684210526315788,1.1052631578947367,1.2742749857031335,0.3802963012723037
3.3684210526315788,1.1052631578947367,1.5098971606184193,0.3450254093694893
3.3684210526315788,1.1052631578947367,1.789087489923219,0.31055949917069325
3.3684210526315788,1.1052631578947367,2.1199020238496082,0.2841289082050133
3.3684210526315788,1.1052631578947367,2.51188643150958,0.2625225685358852
3.3684210526315788,1.3684210526315788,0.09999999999999999,0.6736192732310176
3.3684210526315788,1.3684210526315788,0.11849068510006666,0.6793991303305298
3.3684210526315788,1.3684210526315788,0.1404004245548316,0.68567053647367
3.3684210526315788,1.3684210526315788,0.16636142493842218,0.6863569145467805
3.3684210526315788,1.3684210526315788,0.1971227921517696,0.6693037131888984
3.3684210526315788,1.3684210526315788,0.23357214690901223,0.6765387881516778
3.3684210526315788,1.3684210526315788,0.2767612370754227,0.6605439015572648
3.3684210526315788,1.3684210526315788,0.32793628590208806,0.6322271155125619
3.3684210526315788,1.3684210526315788,0.3885739518570975,0.6264602855068541
3.3684210526315788,1.3684210526315788,0.460423937675878,0.6049706958488645
3.3684210526315788,1.3684210526315788,0.5455594781168519,0.5636635279204096
3.3684210526315788,1.3684210526315788,0.646437163249006,0.5428779340671094
3.3684210526315788,1.3684210526315788,0.7659678234751834,0.5045556117327491
3.3684210526315788,1.3684210526315788,0.907600521681814,0.46496848441404653
3.3684210526315788,1.3684210526315788,1.0754220761125606,0.4223421956449707
3.3684210526315788,1.3684210526315788,1.2742749857031335,0.3819230550265085
3.3684210526315788,1.3684210526315788,1.5098971606184193,0.3444736894592126
3.3684210526315788,1.3684210526315788,1.789087489923219,0.31103124911670704
3.3684210526315788,1.3684210526315788,2.1199020238496082,0.28383904238632723
3.3684210526315788,1.3684210526315788,2.51188643150958,0.26116668674038845
3.3684210526315788,1.6315789473684208,0.09999999999999999,0.7004214318529555
3.3684210526315788,1.6315789473684208,0.11849068510006666,0.6923963996517493
3.3684210526315788,1.6315789473684208,0.1404004245548316,0.6812410240503824
3.3684210526315788,1.6315789473684208,0.16636142493842218,0.6641944081075927
3.3684210526315788,1.6315789473684208,0.1971227921517696,0.6742192046230611
3.3684210526315788,1.6315789473684208,0.23357214690901223,0.6658834141065609
3.3684210526315788,1.6315789473684208,0.2767612370754227,0.661538794529984
3.3684210526315788,1.6315789473684208,0.32793628590208806,0.6330690717340556
3.3684210526315788,1.6315789473684208,0.3885739518570975,0.6277964070519547
3.3684210526315788,1.6315789473684208,0.460423937675878,0.6012438990756909
3.3684210526315788,1.6315789473684208,0.5455594781168519,0.5784334682874731
3.3684210526315788,1.6315789473684208,0.646437163249006,0.5336830495015906
3.3684210526315788,1.6315789473684208,0.7659678234751834,0.49801430464920554
3.3684210526315788,1.6315789473684208,0.907600521681814,0.4558797597993156
3.3684210526315788,1.6315789473684208,1.0754220761125606,0.4181287793063553
3.3684210526315788,1.6315789473684208,1.2742749857031335,0.38246143263783383
3.3684210526315788,1.6315789473684208,1.5098971606184193,0.342141924051665
3.3684210526315788,1.6315789473684208,1.789087489923219,0.3136469191672519
3.3684210526315788,1.6315789473684208,2.1199020238496082,0.2852190445237595
3.3684210526315788,1.6315789473684208,2.51188643150958,0.2627453821721577
3.3684210526315788,1.8947368421052628,0.09999999999999999,0.681444397469452
3.3684210526315788,1.8947368421052628,0.11849068510006666,0.6775669027466441
3.3684210526315788,1.8947368421052628,0.1404004245548316,0.6855977967483549
3.3684210526315788,1.8947368421052628,0.16636142493842218,0.6930145945847659
3.3684210526315788,1.8947368421052628,0.1971227921517696,0.6815666779928101
3.3684210526315788,1.8947368421052628,0.23357214690901223,0.6692577168363413
3.3684210526315788,1.8947368421052628,0.2767612370754227,0.6658020118665107
3.3684210526315788,1.8947368421052628,0.32793628590208806,0.6351927258487997
3.3684210526315788,1.8947368421052628,0.3885739518570975,0.6286631527546407
3.3684210526315788,1.8947368421052628,0.460423937675878,0.6093544713289045
3.3684210526315788,1.8947368421052628,0.5455594781168519,0.5620301548852533
3.3684210526315788,1.8947368421052628,0.646437163249006,0.5411213271836919
3.3684210526315788,1.8947368421052628,0.7659678234751834,0.5003962895364423
3.3684210526315788,1.8947368421052628,0.907600521681814,0.4609368703507626
3.3684210526315788,1.8947368421052628,1.0754220761125606,0.4208147493564669
3.3684210526315788,1.8947368421052628,1.2742749857031335,0.3816121920425931
3.3684210526315788,1.8947368421052628,1.5098971606184193,0.34357652538739303
3.3684210526315788,1.8947368421052628,1.789087489923219,0.311095612617543
3.3684210526315788,1.8947368421052628,2.1199020238496082,0.284827057175182
3.3684210526315788,1.8947368421052628,2.51188643150958,0.2624246423726094
3.3684210526315788,2.1578947368421053,0.09999999999999999,0.6850540215576075
3.3684210526315788,2.1578947368421053,0.11849068510006666,0.6895090040101154
3.3684210526315788,2.1578947368421053,0.1404004245548316,0.6833931971176518
3.3684210526315788,2.1578947368421053,0.16636142493842218,0.6871953196186041
3.3684210526315788,2.1578947368421053,0.1971227921517696,0.6695990039519463
3.3684210526315788,2.1578947368421053,0.23357214690901223,0.6635792149065938
3.3684210526315788,2.1578947368421053,0.2767612370754227,0.6522111522575746
3.3684210526315788,2.1578947368421053,0.32793628590208806,0.6428640276750271
3.3684210526315788,2.1578947368421053,0.3885739518570975,0.6247207966870021
3.3684210526315788,2.1578947368421053,0.460423937675878,0.6040681085861778
3.3684210526315788,2.1578947368421053,0.5455594781168519,0.5768454089210676
3.3684210526315788,2.1578947368421053,0.646437163249006,0.5394295393895314
3.3684210526315788,2.1578947368421053,0.7659678234751834,0.4967444339833694
3.3684210526315788,2.1578947368421053,0.907600521681814,0.4595341891717369
3.3684210526315788,2.1578947368421053,1.0754220761125606,0.42308448532247916
3.3684210526315788,2.1578947368421053,1.2742749857031335,0.3846952681419198
3.3684210526315788,2.1578947368421053,1.5098971606184193,0.34682165688867106
3.3684210526315788,2.1578947368421053,1.789087489923219,0.31278420063211737
3.3684210526315788,2.1578947368421053,2.1199020238496082,0.2869644147472957
3.3684210526315788,2.1578947368421053,2.51188643150958,0.26350822654156647
3.3684210526315788,2.4210526315789473,0.09999999999999999,0.6720054941397822
3.3684210526315788,2.4210526315789473,0.11849068510006666,0.6906624202309287
3.3684210526315788,2.4210526315789473,0.1404004245548316,0.695714275425511
3.3684210526315788,2.4210526315789473,0.16636142493842218,0.6699142511403049
3.3684210526315788,2.4210526315789473,0.1971227921517696,0.6716211596061508
3.3684210526315788,2.4210526315789473,0.23357214690901223,0.6649888888012921
3.3684210526315788,2.4210526315789473,0.2767612370754227,0.6396698633216901
3.3684210526315788,2.4210526315789473,0.32793628590208806,0.6310945581769248
3.3684210526315788,2.4210526315789473,0.3885739518570975,0.6248217955282919
3.3684210526315788,2.4210526315789473,0.460423937675878,0.6012945874812584
3.3684210526315788,2.4210526315789473,0.5455594781168519,0.5728068393735727
3.3684210526315788,2.4210526315789473,0.646437163249006,0.5251824949811034
3.3684210526315788,2.4210526315789473,0.7659678234751834,0.49656661009358977
3.3684210526315788,2.4210526315789473,0.907600521681814,0.4572480158604694
3.3684210526315788,2.4210526315789473,1.0754220761125606,0.42024219243451116
3.3684210526315788,2.4210526315789473,1.2742749857031335,0.38236704214886075
3.3684210526315788,2.4210526315789473,1.5098971606184193,0.3471978487440519
3.3684210526315788,2.4210526315789473,1.789087489923219,0.31430396083136225
3.3684210526315788,2.4210526315789473,2.1199020238496082,0.28711991303746953
3.3684210526315788,2.4210526315789473,2.51188643150958,0.26495099421973883
3.3684210526315788,2.6842105263157894,0.09999999999999999,0.6425028800535519
3.3684210526315788,2.6842105263157894,0.11849068510006666,0.6646628183588494
3.3684210526315788,2.6842105263157894,0.1404004245548316,0.6520855325961337
3.3684210526315788,2.6842105263157894,0.16636142493842218,0.6538074898249092
3.3684210526315788,2.6842105263157894,0.1971227921517696,0.6563013643621445
3.3684210526315788,2.6842105263157894,0.23357214690901223,0.6447910787853571
3.3684210526315788,2.6842105263157894,0.2767612370754227,0.6219118782454639
3.3684210526315788,2.6842105263157894,0.32793628590208806,0.6197776397159369
3.3684210526315788,2.6842105263157894,0.3885739518570975,0.6116320134254524
3.3684210526315788,2.6842105263157894,0.460423937675878,0.5674586567557681
3.3684210526315788,2.6842105263157894,0.5455594781168519,0.5575880343044063
3.3684210526315788,2.6842105263157894,0.646437163249006,0.5306430652364166
3.3684210526315788,2.6842105263157894,0.7659678234751834,0.4968832010685479
3.3684210526315788,2.6842105263157894,0.907600521681814,0.45585833621338473
3.3684210526315788,2.6842105263157894,1.0754220761125606,0.41890689950608206
3.3684210526315788,2.6842105263157894,1.2742749857031335,0.38273382422518615
3.3684210526315788,2.6842105263157894,1.5098971606184193,0.34882321103370784
3.3684210526315788,2.6842105263157894,1.789087489923219,0.31475981801833147
3.3684210526315788,2.6842105263157894,2.1199020238496082,0.28996733782128503
3.3684210526315788,2.6842105263157894,2.51188643150958,0.2657789722101703
3.3684210526315788,2.9473684210526314,0.09999999999999999,0.5753524535977187
3.3684210526315788,2.9473684210526314,0.11849068510006666,0.5823654205232969
3.3684210526315788,2.9473684210526314,0.1404004245548316,0.6165175263769817
3.3684210526315788,2.9473684210526314,0.16636142493842218,0.5831216057816316
3.3684210526315788,2.9473684210526314,0.1971227921517696,0.5907151560212767
3.3684210526315788,2.9473684210526314,0.23357214690901223,0.5839008293309585
3.3684210526315788,2.9473684210526314,0.2767612370754227,0.5723339951178201
3.3684210526315788,2.9473684210526314,0.32793628590208806,0.5878693962648657
3.3684210526315788,2.9473684210526314,0.3885739518570975,0.5487536777362182
3.3684210526315788,2.9473684210526314,0.460423937675878,0.5420275053158559
3.3684210526315788,2.9473684210526314,0.5455594781168519,0.5126220114849432
3.3684210526315788,2.9473684210526314,0.646437163249006,0.5009899407209804
3.3684210526315788,2.9473684210526314,0.7659678234751834,0.4768357209962065
3.3684210526315788,2.9473684210526314,0.907600521681814,0.4486548257705741
3.3684210526315788,2.9473684210526314,1.0754220761125606,0.40534033315641993
3.3684210526315788,2.9473684210526314,1.2742749857031335,0.3777135622324404
3.3684210526315788,2.9473684210526314,1.5098971606184193,0.3441556441461065
3.3684210526315788,2.9473684210526314,1.789087489923219,0.31301380718952854
3.3684210526315788,2.9473684210526314,2.1199020238496082,0.29209045892940516
3.3684210526315788,2.9473684210526314,2.51188643150958,0.26936608556061725
3.3684210526315788,3.2105263157894735,0.09999999999999999,0.48242316749724007
3.3684210526315788,3.2105263157894735,0.11849068510006666,0.4442170566390674
3.3684210526315788,3.2105263157894735,0.1404004245548316,0.4929850943540264
3.3684210526315788,3.2105263157894735,0.16636142493842218,0.49080572832647223
3.3684210526315788,3.2105263157894735,0.1971227921517696,0.46962436791026124
3.3684210526315788,3.2105263157894735,0.23357214690901223,0.481503046081447
3.3684210526315788,3.2105263157894735,0.2767612370754227,0.4907728260899594
3.3684210526315788,3.2105263157894735,0.32793628590208806,0.4665715100165323
3.3684210526315788,3.2105263157894735,0.3885739518570975,0.47316146078630483
3.3684210526315788,3.2105263157894735,0.460423937675878,0.4501338370960418
3.3684210526315788,3.2105263157894735,0.5455594781168519,0.4670762668203489
3.3684210526315788,3.2105263157894735,0.646437163249006,0.4429708609566215
3.3684210526315788,3.2105263157894735,0.7659678234751834,0.43582896128768045
3.3684210526315788,3.2105263157894735,0.907600521681814,0.4197650167915199
3.3684210526315788,3.2105263157894735,1.0754220761125606,0.3896729238727248
3.3684210526315788,3.2105263157894735,1.2742749857031335,0.3639785522075864
3.3684210526315788,3.2105263157894735,1.5098971606184193,0.34117155296285884
3.3684210526315788,3.2105263157894735,1.789087489923219,0.31526708725578134
3.3684210526315788,3.2105263157894735,2.1199020238496082,0.2911861076832546
3.3684210526315788,3.2105263157894735,2.51188643150958,0.27162576792637144
3.3684210526315788,3.473684210526316,0.09999999999999999,0.30114562394304123
3.3684210526315788,3.473684210526316,0.11849068510006666,0.3284717312130685
3.3684210526315788,3.473684210526316,0.1404004245548316,0.3152922343339551
3.3684210526315788,3.473684210526316,0.16636142493842218,0.32295511553669454
3.3684210526315788,3.473684210526316,0.1971227921517696,0.326899339281381
3.3684210526315788,3.473684210526316,0.23357214690901223,0.3546652979130458
3.3684210526315788,3.473684210526316,0.2767612370754227,0.3481585913838544
3.3684210526315788,3.473684210526316,0.32793628590208806,0.3563537953396299
3.3684210526315788,3.473684210526316,0.3885739518570975,0.3530034565023955
3.3684210526315788,3.473684210526316,0.460423937675878,0.38501062650258644
3.3684210526315788,3.473684210526316,0.5455594781168519,0.3769817739604827
3.3684210526315788,3.473684210526316,0.646437163249006,0.37506073371803617
3.3684210526315788,3.473684210526316,0.7659678234751834,0.38244854552736973
3.3684210526315788,3.473684210526316,0.907600521681814,0.37262696645743704
3.3684210526315788,3.473684210526316,1.0754220761125606,0.36124588087560067
3.3684210526315788,3.473684210526316,1.2742749857031335,0.341742461093758
3.3684210526315788,3.473684210526316,1.5098971606184193,0.3300017943856344
3.3684210526315788,3.473684210526316,1.789087489923219,0.30944059147071407
3.3684210526315788,3.473684210526316,2.1199020238496082,0.2902727047523564
3.3684210526315788,3.473684210526316,2.51188643150958,0.2710919093495293
3.3684210526315788,3.7368421052631575,0.09999999999999999,0.26235319079539976
3.3684210526315788,3.7368421052631575,0.11849068510006666,0.2868823777549451
3.3684210526315788,3.7368421052631575,0.1404004245548316,0.25567943813091465
3.3684210526315788,3.7368421052631575,0.16636142493842218,0.2708348931618529
3.3684210526315788,3.7368421052631575,0.1971227921517696,0.2934299103445499
3.3684210526315788,3.7368421052631575,0.23357214690901223,0.2972892582742495
3.3684210526315788,3.7368421052631575,0.2767612370754227,0.3248662857877098
3.3684210526315788,3.7368421052631575,0.32793628590208806,0.3186440566872828
3.3684210526315788,3.7368421052631575,0.3885739518570975,0.32025511913041566
3.3684210526315788,3.7368421052631575,0.460423937675878,0.32946191392574825
3.3684210526315788,3.7368421052631575,0.5455594781168519,0.34102763420010984
3.3684210526315788,3.7368421052631575,0.646437163249006,0.34847643890088215
3.3684210526315788,3.7368421052631575,0.7659678234751834,0.34620220729741374
3.3684210526315788,3.7368421052631575,0.907600521681814,0.3462248629361475
3.3684210526315788,3.7368421052631575,1.0754220761125606,0.3441870617717087
3.3684210526315788,3.7368421052631575,1.2742749857031335,0.3312360834416027
3.3684210526315788,3.7368421052631575,1.5098971606184193,0.3128072754171547
3.3684210526315788,3.7368421052631575,1.789087489923219,0.2992590558696671
3.3684210526315788,3.7368421052631575,2.1199020238496082,0.28412936190854904
3.3684210526315788,3.7368421052631575,2.51188643150958,0.26659223357742245
3.3684210526315788,4.0,0.09999999999999999,0.24425406998188423
3.3684210526315788,4.0,0.11849068510006666,0.25381348504824613
3.3684210526315788,4.0,0.1404004245548316,0.2552081982764148
3.3684210526315788,4.0,0.16636142493842218,0.2903859447382579
3.3684210526315788,4.0,0.1971227921517696,0.3031388284208234
3.3684210526315788,4.0,0.23357214690901223,0.2778215630547886
3.3684210526315788,4.0,0.2767612370754227,0.2979539920260992
3.3684210526315788,4.0,0.32793628590208806,0.2978124002095987
3.3684210526315788,4.0,0.3885739518570975,0.3041324681010504
3.3684210526315788,4.0,0.460423937675878,0.31993916064223965
3.3684210526315788,4.0,0.5455594781168519,0.33281160124576303
3.3684210526315788,4.0,0.646437163249006,0.32856569325315177
3.3684210526315788,4.0,0.7659678234751834,0.319380041938263
3.3684210526315788,4.0,0.907600521681814,0.3291938313571227
3.3684210526315788,4.0,1.0754220761125606,0.3234714050543914
3.3684210526315788,4.0,1.2742749857031335,0.3142271993482951
3.3684210526315788,4.0,1.5098971606184193,0.304116772793366
3.3684210526315788,4.0,1.789087489923219,0.29136756261633373
3.3684210526315788,4.0,2.1199020238496082,0.27457271417707274
3.3684210526315788,4.0,2.51188643150958,0.26188896675557566
3.578947368421052,-1.0,0.09999999999999999,0.6947924034196511
3.578947368421052,-1.0,0.11849068510006666,0.68944733122626
3.578947368421052,-1.0,0.1404004245548316,0.6866433987770437
3.578947368421052,-1.0,0.16636142493842218,0.68003370499062
3.578947368421052,-1.0,0.1971227921517696,0.6781560727728352
3.578947368421052,-1.0,0.23357214690901223,0.6681330688180376
3.578947368421052,-1.0,0.2767612370754227,0.6625265405622902
3.578947368421052,-1.0,0.32793628590208806,0.6416684681744311
3.578947368421052,-1.0,0.3885739518570975,0.6180118111940989
3.578947368421052,-1.0,0.460423937675878,0.6066581460061665
3.578947368421052,-1.0,0.5455594781168519,0.5721198334883266
3.578947368421052,-1.0,0.646437163249006,0.5409148746045068
3.578947368421052,-1.0,0.7659678234751834,0.49841583655980104
3.578947368421052,-1.0,0.907600521681814,0.4580043125184638
3.578947368421052,-1.0,1.0754220761125606,0.4195995990475671
3.578947368421052,-1.0,1.2742749857031335,0.3805249572904905
3.578947368421052,-1.0,1.5098971606184193,0.34578203610721997
3.578947368421052,-1.0,1.789087489923219,0.3132553643047812
3.578947368421052,-1.0,2.1199020238496082,0.28422474446918516
3.578947368421052,-1.0,2.51188643150958,0.2611124636946573
3.578947368421052,-0.736842105263158,0.09999999999999999,0.6851354215745565
3.578947368421052,-0.736842105263158,0.11849068510006666,0.6839449258650463
3.578947368421052,-0.736842105263158,0.1404004245548316,0.684679774763834
3.578947368421052,-0.736842105263158,0.16636142493842218,0.6894717160493384
3.578947368421052,-0.736842105263158,0.1971227921517696,0.657283586596645
3.578947368421052,-0.736842105263158,0.23357214690901223,0.6761365873618724
3.578947368421052,-0.736842105263158,0.2767612370754227,0.6555377192130968
3.578947368421052,-0.736842105263158,0.32793628590208806,0.6462449501152852
3.578947368421052,-0.736842105263158,0.3885739518570975,0.6280896102976394
3.578947368421052,-0.736842105263158,0.460423937675878,0.6113726124173795
3.578947368421052,-0.736842105263158,0.5455594781168519,0.5693833647128494
3.578947368421052,-0.736842105263158,0.646437163249006,0.5400902382311438
3.578947368421052,-0.736842105263158,0.7659678234751834,0.49917235581739
3.578947368421052,-0.736842105263158,0.907600521681814,0.4592902406593549
3.578947368421052,-0.736842105263158,1.0754220761125606,0.42235720969263296
3.578947368421052,-0.736842105263158,1.2742749857031335,0.37762439982680507
3.578947368421052,-0.736842105263158,1.5098971606184193,0.34251478036785127
3.578947368421052,-0.736842105263158,1.789087489923219,0.31152590190140056
3.578947368421052,-0.736842105263158,2.1199020238496082,0.2842767077671253
3.578947368421052,-0.736842105263158,2.51188643150958,0.2620623854338498
3.578947368421052,-0.4736842105263158,0.09999999999999999,0.6958079815877949
3.578947368421052,-0.4736842105263158,0.11849068510006666,0.6981447057807231
3.578947368421052,-0.4736842105263158,0.1404004245548316,0.6934548243620484
3.578947368421052,-0.4736842105263158,0.16636142493842218,0.686514986434789
3.578947368421052,-0.4736842105263158,0.1971227921517696,0.6780875260644948
3.578947368421052,-0.4736842105263158,0.23357214690901223,0.6664583946341496
3.578947368421052,-0.4736842105263158,0.2767612370754227,0.6550719016992868
3.578947368421052,-0.4736842105263158,0.32793628590208806,0.6400033842964147
3.578947368421052,-0.4736842105263158,0.3885739518570975,0.623568107718767
3.578947368421052,-0.4736842105263158,0.460423937675878,0.6088586784662325
3.578947368421052,-0.4736842105263158,0.5455594781168519,0.572822369353461
3.578947368421052,-0.4736842105263158,0.646437163249006,0.5398055418639025
3.578947368421052,-0.4736842105263158,0.7659678234751834,0.498700903744503
3.578947368421052,-0.4736842105263158,0.907600521681814,0.4575409793385044
3.578947368421052,-0.4736842105263158,1.0754220761125606,0.4132782094011348
3.578947368421052,-0.4736842105263158,1.2742749857031335,0.38181230197586813
3.578947368421052,-0.4736842105263158,1.5098971606184193,0.342383931824674
3.578947368421052,-0.4736842105263158,1.789087489923219,0.3125827979500147
3.578947368421052,-0.4736842105263158,2.1199020238496082,0.2839161052649943
3.578947368421052,-0.4736842105263158,2.51188643150958,0.2619441760352921
3.578947368421052,-0.21052631578947367,0.09999999999999999,0.6909450028823589
3.578947368421052,-0.21052631578947367,0.11849068510006666,0.695107840887385
3.578947368421052,-0.21052631578947367,0.1404004245548316,0.6861961070573563
3.578947368421052,-0.21052631578947367,0.16636142493842218,0.6710280673238568
3.578947368421052,-0.21052631578947367,0.1971227921517696,0.6689337601170441
3.578947368421052,-0.21052631578947367,0.23357214690901223,0.6621586843529319
3.578947368421052,-0.21052631578947367,0.2767612370754227,0.6620393707638054
3.578947368421052,-0.21052631578947367,0.32793628590208806,0.6437024326558504
3.578947368421052,-0.21052631578947367,0.3885739518570975,0.6235105823421494
3.578947368421052,-0.21052631578947367,0.460423937675878,0.5946513574611209
3.578947368421052,-0.21052631578947367,0.5455594781168519,0.5673335833262669
3.578947368421052,-0.21052631578947367,0.646437163249006,0.5344643237373666
3.578947368421052,-0.21052631578947367,0.7659678234751834,0.5034722688202917
3.578947368421052,-0.21052631578947367,0.907600521681814,0.45910494779760225
3.578947368421052,-0.21052631578947367,1.0754220761125606,0.42148661314562913
3.578947368421052,-0.21052631578947367,1.2742749857031335,0.38077050072900814
3.578947368421052,-0.21052631578947367,1.5098971606184193,0.342364386204918
3.578947368421052,-0.21052631578947367,1.789087489923219,0.31098154095172825
3.578947368421052,-0.21052631578947367,2.1199020238496082,0.28436725964802634
3.578947368421052,-0.21052631578947367,2.51188643150958,0.26229751545216934
3.578947368421052,0.05263157894736836,0.09999999999999999,0.6911727669161309
3.578947368421052,0.05263157894736836,0.11849068510006666,0.6945060939873602
3.578947368421052,0.05263157894736836,0.1404004245548316,0.7051965908265365
3.578947368421052,0.05263157894736836,0.16636142493842218,0.6796411893788755
3.578947368421052,0.05263157894736836,0.1971227921517696,0.6778228517638365
3.578947368421052,0.05263157894736836,0.23357214690901223,0.663794214064967
3.578947368421052,0.05263157894736836,0.2767612370754227,0.6616535917871327
3.578947368421052,0.05263157894736836,0.32793628590208806,0.6437613107900917
3.578947368421052,0.05263157894736836,0.3885739518570975,0.6250279853661898
3.578947368421052,0.05263157894736836,0.460423937675878,0.5914038483989078
3.578947368421052,0.05263157894736836,0.5455594781168519,0.5675458632095024
3.578947368421052,0.05263157894736836,0.646437163249006,0.5406799290620603
3.578947368421052,0.05263157894736836,0.7659678234751834,0.4990473505291104
3.578947368421052,0.05263157894736836,0.907600521681814,0.4629577025649877
3.578947368421052,0.05263157894736836,1.0754220761125606,0.41703508791957294
3.578947368421052,0.05263157894736836,1.2742749857031335,0.38111076465406013
3.578947368421052,0.05263157894736836,1.5098971606184193,0.3447503696585862
3.578947368421052,0.05263157894736836,1.789087489923219,0.3105578620437381
3.578947368421052,0.05263157894736836,2.1199020238496082,0.2846667431686896
3.578947368421052,0.05263157894736836,2.51188643150958,0.26224543468126904
3.578947368421052,0.3157894736842104,0.09999999999999999,0.686101887137652
3.578947368421052,0.3157894736842104,0.11849068510006666,0.704013414011628
3.578947368421052,0.3157894736842104,0.1404004245548316,0.6895629502217384
3.578947368421052,0.3157894736842104,0.16636142493842218,0.6892845102808942
3.578947368421052,0.3157894736842104,0.1971227921517696,0.6747232133928283
3.578947368421052,0.3157894736842104,0.23357214690901223,0.6664658321649887
3.578947368421052,0.3157894736842104,0.2767612370754227,0.64132018697429
3.578947368421052,0.3157894736842104,0.32793628590208806,0.6332107694956484
3.578947368421052,0.3157894736842104,0.3885739518570975,0.621850434726686
3.578947368421052,0.3157894736842104,0.460423937675878,0.5882883857364035
3.578947368421052,0.3157894736842104,0.5455594781168519,0.5821976501114656
3.578947368421052,0.3157894736842104,0.646437163249006,0.5307699024935572
3.578947368421052,0.3157894736842104,0.7659678234751834,0.5032710699091861
3.578947368421052,0.3157894736842104,0.907600521681814,0.4600194002059218
3.578947368421052,0.3157894736842104,1.0754220761125606,0.41921278338531015
3.578947368421052,0.3157894736842104,1.2742749857031335,0.3808239491165872
3.578947368421052,0.3157894736842104,1.5098971606184193,0.3428445659547181
3.578947368421052,0.3157894736842104,1.789087489923219,0.31211489709273527
3.578947368421052,0.3157894736842104,2.1199020238496082,0.2849935141379607
3.578947368421052,0.3157894736842104,2.51188643150958,0.2624253090049273
3.578947368421052,0.5789473684210527,0.09999999999999999,0.6902458709743925
3.578947368421052,0.5789473684210527,0.11849068510006666,0.6910440169340829
3.578947368421052,0.5789473684210527,0.1404004245548316,0.6798120991937256
3.578947368421052,0.5789473684210527,0.16636142493842218,0.6829881963628707
3.578947368421052,0.5789473684210527,0.1971227921517696,0.676149932578681
3.578947368421052,0.5789473684210527,0.23357214690901223,0.6772728679618143
3.578947368421052,0.5789473684210527,0.2767612370754227,0.6566653554032613
3.578947368421052,0.5789473684210527,0.32793628590208806,0.6460300249554626
3.578947368421052,0.5789473684210527,0.3885739518570975,0.6221806479681992
3.578947368421052,0.5789473684210527,0.460423937675878,0.6029166469987634
3.578947368421052,0.5789473684210527,0.5455594781168519,0.5667633919058648
3.578947368421052,0.5789473684210527,0.646437163249006,0.5349959535561696
3.578947368421052,0.5789473684210527,0.7659678234751834,0.500180879653804
3.578947368421052,0.5789473684210527,0.907600521681814,0.45923679407168433
3.578947368421052,0.5789473684210527,1.0754220761125606,0.4218499819324654
3.578947368421052,0.5789473684210527,1.2742749857031335,0.38062018267856357
3.578947368421052,0.5789473684210527,1.5098971606184193,0.34435545071948226
3.578947368421052,0.5789473684210527,1.789087489923219,0.310940189134159
3.578947368421052,0.5789473684210527,2.1199020238496082,0.28409376850551393
3.578947368421052,0.5789473684210527,2.51188643150958,0.2618986908759023
3.578947368421052,0.8421052631578947,0.09999999999999999,0.7009705776561829
3.578947368421052,0.8421052631578947,0.11849068510006666,0.6893111823198662
3.578947368421052,0.8421052631578947,0.1404004245548316,0.6844819606601359
3.578947368421052,0.8421052631578947,0.16636142493842218,0.6860209713599121
3.578947368421052,0.8421052631578947,0.1971227921517696,0.6723283275639942
3.578947368421052,0.8421052631578947,0.23357214690901223,0.6710411587213972
3.578947368421052,0.8421052631578947,0.2767612370754227,0.666758440122408
3.578947368421052,0.8421052631578947,0.32793628590208806,0.6408127388736751
3.578947368421052,0.8421052631578947,0.3885739518570975,0.6204450165504793
3.578947368421052,0.8421052631578947,0.460423937675878,0.5907499688080197
3.578947368421052,0.8421052631578947,0.5455594781168519,0.5743868090081391
3.578947368421052,0.8421052631578947,0.646437163249006,0.539492805227703
3.578947368421052,0.8421052631578947,0.7659678234751834,0.5023034763418414
3.578947368421052,0.8421052631578947,0.907600521681814,0.4619430273398016
3.578947368421052,0.8421052631578947,1.0754220761125606,0.41725980111257266
3.578947368421052,0.8421052631578947,1.2742749857031335,0.3815920569841136
3.578947368421052,0.8421052631578947,1.5098971606184193,0.34583907149539855
3.578947368421052,0.8421052631578947,1.789087489923219,0.3095117895547968
3.578947368421052,0.8421052631578947,2.1199020238496082,0.28439174166767617
3.578947368421052,0.8421052631578947,2.51188643150958,0.2618573043310814
3.578947368421052,1.1052631578947367,0.09999999999999999,0.6826511147188329
3.578947368421052,1.1052631578947367,0.11849068510006666,0.7020381951823517
3.578947368421052,1.1052631578947367,0.1404004245548316,0.6941754578829479
3.578947368421052,1.1052631578947367,0.16636142493842218,0.668676702687281
3.578947368421052,1.1052631578947367,0.1971227921517696,0.6709767365214258
3.578947368421052,1.1052631578947367,0.23357214690901223,0.6732702243193204
3.578947368421052,1.1052631578947367,0.2767612370754227,0.6499347586891321
3.578947368421052,1.1052631578947367,0.32793628590208806,0.6412081261449982
3.578947368421052,1.1052631578947367,0.3885739518570975,0.6241993763260849
3.578947368421052,1.1052631578947367,0.460423937675878,0.5937838215538016
3.578947368421052,1.1052631578947367,0.5455594781168519,0.5726412984680882
3.578947368421052,1.1052631578947367,0.646437163249006,0.5366227050956088
3.578947368421052,1.1052631578947367,0.7659678234751834,0.5026801776970534
3.578947368421052,1.1052631578947367,0.907600521681814,0.46142465045851766
3.578947368421052,1.1052631578947367,1.0754220761125606,0.41942880355689377
3.578947368421052,1.1052631578947367,1.2742749857031335,0.38062047709937313
3.578947368421052,1.1052631578947367,1.5098971606184193,0.3462835104120983
3.578947368421052,1.1052631578947367,1.789087489923219,0.3105157057517726
3.578947368421052,1.1052631578947367,2.1199020238496082,0.2839594079075907
3.578947368421052,1.1052631578947367,2.51188643150958,0.2609732489728153
3.578947368421052,1.3684210526315788,0.09999999999999999,0.6992210895048047
3.578947368421052,1.3684210526315788,0.11849068510006666,0.6958551668675007
3.578947368421052,1.3684210526315788,0.1404004245548316,0.6777243307489018
3.578947368421052,1.3684210526315788,0.16636142493842218,0.6851403899822671
3.578947368421052,1.3684210526315788,0.1971227921517696,0.6792540562781371
3.578947368421052,1.3684210526315788,0.23357214690901223,0.6796868719103418
3.578947368421052,1.3684210526315788,0.2767612370754227,0.663568343577351
3.578947368421052,1.3684210526315788,0.32793628590208806,0.6411246644420271
3.578947368421052,1.3684210526315788,0.3885739518570975,0.6315458823281166
3.578947368421052,1.3684210526315788,0.460423937675878,0.6058558052723124
3.578947368421052,1.3684210526315788,0.5455594781168519,0.5715573748327457
3.578947368421052,1.3684210526315788,0.646437163249006,0.5298796586866955
3.578947368421052,1.3684210526315788,0.7659678234751834,0.49690477062522553
3.578947368421052,1.3684210526315788,0.907600521681814,0.4567662488360652
3.578947368421052,1.3684210526315788,1.0754220761125606,0.4208438027971141
3.578947368421052,1.3684210526315788,1.2742749857031335,0.3800667700962204
3.578947368421052,1.3684210526315788,1.5098971606184193,0.3431350741338094
3.578947368421052,1.3684210526315788,1.789087489923219,0.3107884759365387
3.578947368421052,1.3684210526315788,2.1199020238496082,0.2838573424799967
3.578947368421052,1.3684210526315788,2.51188643150958,0.2617550208800049
3.578947368421052,1.6315789473684208,0.09999999999999999,0.683900601408625
3.578947368421052,1.6315789473684208,0.11849068510006666,0.6871305858824418
3.578947368421052,1.6315789473684208,0.1404004245548316,0.6808594223553844
3.578947368421052,1.6315789473684208,0.16636142493842218,0.6934336585051373
3.578947368421052,1.6315789473684208,0.1971227921517696,0.6808180347161007
3.578947368421052,1.6315789473684208,0.23357214690901223,0.6759255506927948
3.578947368421052,1.6315789473684208,0.2767612370754227,0.6678863689351692
3.578947368421052,1.6315789473684208,0.32793628590208806,0.6422854462773598
3.578947368421052,1.6315789473684208,0.3885739518570975,0.6178068085126508
3.578947368421052,1.6315789473684208,0.460423937675878,0.5987218262235542
3.578947368421052,1.6315789473684208,0.5455594781168519,0.577599463573656
3.578947368421052,1.6315789473684208,0.646437163249006,0.5461456245511018
3.578947368421052,1.6315789473684208,0.7659678234751834,0.5028679059191128
3.578947368421052,1.6315789473684208,0.907600521681814,0.4550833040530204
3.578947368421052,1.6315789473684208,1.0754220761125606,0.4195086978750847
3.578947368421052,1.6315789473684208,1.2742749857031335,0.3780873496506073
3.578947368421052,1.6315789473684208,1.5098971606184193,0.34209071781503914
3.578947368421052,1.6315789473684208,1.789087489923219,0.3128536647274862
3.578947368421052,1.6315789473684208,2.1199020238496082,0.283805343230901
3.578947368421052,1.6315789473684208,2.51188643150958,0.26189791798276596
3.578947368421052,1.8947368421052628,0.09999999999999999,0.6889657295414925
3.578947368421052,1.8947368421052628,0.11849068510006666,0.7005914677331657
3.578947368421052,1.8947368421052628,0.1404004245548316,0.6816412049029459
3.578947368421052,1.8947368421052628,0.16636142493842218,0.6917882842019083
3.578947368421052,1.8947368421052628,0.1971227921517696,0.6778338542883968
3.578947368421052,1.8947368421052628,0.23357214690901223,0.6671390671769387
3.578947368421052,1.8947368421052628,0.2767612370754227,0.6601706646252132
3.578947368421052,1.8947368421052628,0.32793628590208806,0.6456829425000195
3.578947368421052,1.8947368421052628,0.3885739518570975,0.6170059564134086
3.578947368421052,1.8947368421052628,0.460423937675878,0.5949698369421927
3.578947368421052,1.8947368421052628,0.5455594781168519,0.5703932706121316
3.578947368421052,1.8947368421052628,0.646437163249006,0.5366066065865861
3.578947368421052,1.8947368421052628,0.7659678234751834,0.50383552807582
3.578947368421052,1.8947368421052628,0.907600521681814,0.4621660677419117
3.578947368421052,1.8947368421052628,1.0754220761125606,0.420980427393186
3.578947368421052,1.8947368421052628,1.2742749857031335,0.3821552744178101
3.578947368421052,1.8947368421052628,1.5098971606184193,0.34290559563495804
3.578947368421052,1.8947368421052628,1.789087489923219,0.311127508718291
3.578947368421052,1.8947368421052628,2.1199020238496082,0.2857089925327966
3.578947368421052,1.8947368421052628,2.51188643150958,0.26200528004172363
3.578947368421052,2.1578947368421053,0.09999999999999999,0.6999455114761547
3.578947368421052,2.1578947368421053,0.11849068510006666,0.6865747117869506
3.578947368421052,2.1578947368421053,0.1404004245548316,0.6862727723754939
3.578947368421052,2.1578947368421053,0.16636142493842218,0.6843933920514492
3.578947368421052,2.1578947368421053,0.1971227921517696,0.6803370869816048
3.578947368421052,2.1578947368421053,0.23357214690901223,0.6714030113966825
3.578947368421052,2.1578947368421053,0.2767612370754227,0.660413575788387
3.578947368421052,2.1578947368421053,0.32793628590208806,0.6395094703043745
3.578947368421052,2.1578947368421053,0.3885739518570975,0.6145760875422692
3.578947368421052,2.1578947368421053,0.460423937675878,0.5900750587737331
3.578947368421052,2.1578947368421053,0.5455594781168519,0.5815061841290379
3.578947368421052,2.1578947368421053,0.646437163249006,0.5375695985686206
3.578947368421052,2.1578947368421053,0.7659678234751834,0.5032785071139135
3.578947368421052,2.1578947368421053,0.907600521681814,0.46538016965427814
3.578947368421052,2.1578947368421053,1.0754220761125606,0.420437642739127
3.578947368421052,2.1578947368421053,1.2742749857031335,0.3813366864135776
3.578947368421052,2.1578947368421053,1.5098971606184193,0.34370899150990925
3.578947368421052,2.1578947368421053,1.789087489923219,0.31207427929294973
3.578947368421052,2.1578947368421053,2.1199020238496082,0.28536095460810285
3.578947368421052,2.1578947368421053,2.51188643150958,0.2616082895960651
3.578947368421052,2.4210526315789473,0.09999999999999999,0.7163320136112163
3.578947368421052,2.4210526315789473,0.11849068510006666,0.6869050757336881
3.578947368421052,2.4210526315789473,0.1404004245548316,0.657092941911464
3.578947368421052,2.4210526315789473,0.16636142493842218,0.6986701350830025
3.578947368421052,2.4210526315789473,0.1971227921517696,0.6660031410796873
3.578947368421052,2.4210526315789473,0.23357214690901223,0.6661048545138087
3.578947368421052,2.4210526315789473,0.2767612370754227,0.6542927009702979
3.578947368421052,2.4210526315789473,0.32793628590208806,0.6314092924429473
3.578947368421052,2.4210526315789473,0.3885739518570975,0.6128107337573271
3.578947368421052,2.4210526315789473,0.460423937675878,0.5993468792987224
3.578947368421052,2.4210526315789473,0.5455594781168519,0.5754093155354733
3.578947368421052,2.4210526315789473,0.646437163249006,0.5345310556568365
3.578947368421052,2.4210526315789473,0.7659678234751834,0.5066926105550758
3.578947368421052,2.4210526315789473,0.907600521681814,0.46415180900847297
3.578947368421052,2.4210526315789473,1.0754220761125606,0.42116347930585735
3.578947368421052,2.4210526315789473,1.2742749857031335,0.38272654637593656
3.578947368421052,2.4210526315789473,1.5098971606184193,0.3447340420514264
3.578947368421052,2.4210526315789473,1.789087489923219,0.31341110463796756
3.578947368421052,2.4210526315789473,2.1199020238496082,0.2868895491197257
3.578947368421052,2.4210526315789473,2.51188643150958,0.2641817208084024
3.578947368421052,2.6842105263157894,0.09999999999999999,0.6803060897180969
3.578947368421052,2.6842105263157894,0.11849068510006666,0.7094796891524523
3.578947368421052,2.6842105263157894,0.1404004245548316,0.6644665582930487
3.578947368421052,2.6842105263157894,0.16636142493842218,0.6572237389067322
3.578947368421052,2.6842105263157894,0.1971227921517696,0.676935452683778
3.578947368421052,2.6842105263157894,0.23357214690901223,0.6611580502856833
3.578947368421052,2.6842105263157894,0.2767612370754227,0.6315274930726625
3.578947368421052,2.6842105263157894,0.32793628590208806,0.6289688871117701
3.578947368421052,2.6842105263157894,0.3885739518570975,0.6237687501093192
3.578947368421052,2.6842105263157894,0.460423937675878,0.5841287955874409
3.578947368421052,2.6842105263157894,0.5455594781168519,0.5633970034395915
3.578947368421052,2.6842105263157894,0.646437163249006,0.5238186181345329
3.578947368421052,2.6842105263157894,0.7659678234751834,0.4971035466058763
3.578947368421052,2.6842105263157894,0.907600521681814,0.45991806465631574
3.578947368421052,2.6842105263157894,1.0754220761125606,0.42474653021990455
3.578947368421052,2.6842105263157894,1.2742749857031335,0.3829537642365339
3.578947368421052,2.6842105263157894,1.5098971606184193,0.3481605334316925
3.578947368421052,2.6842105263157894,1.789087489923219,0.31646115803311764
3.578947368421052,2.6842105263157894,2.1199020238496082,0.2886840176116678
3.578947368421052,2.6842105263157894,2.51188643150958,0.26629071569906587
3.578947368421052,2.9473684210526314,0.09999999999999999,0.655541351967789
3.578947368421052,2.9473684210526314,0.11849068510006666,0.6609377343003039
3.578947368421052,2.9473684210526314,0.1404004245548316,0.6286726158886179
3.578947368421052,2.9473684210526314,0.16636142493842218,0.6326636711753885
3.578947368421052,2.9473684210526314,0.1971227921517696,0.622084274212726
3.578947368421052,2.9473684210526314,0.23357214690901223,0.6268569319003354
3.578947368421052,2.9473684210526314,0.2767612370754227,0.6357070414927208
3.578947368421052,2.9473684210526314,0.32793628590208806,0.6119954439230749
3.578947368421052,2.9473684210526314,0.3885739518570975,0.5912169100547846
3.578947368421052,2.9473684210526314,0.460423937675878,0.5701672520855412
3.578947368421052,2.9473684210526314,0.5455594781168519,0.5511540217431604
3.578947368421052,2.9473684210526314,0.646437163249006,0.5154132886676902
3.578947368421052,2.9473684210526314,0.7659678234751834,0.49324181872397693
3.578947368421052,2.9473684210526314,0.907600521681814,0.46003052308184567
3.578947368421052,2.9473684210526314,1.0754220761125606,0.42454211266418995
3.578947368421052,2.9473684210526314,1.2742749857031335,0.3818239219617608
3.578947368421052,2.9473684210526314,1.5098971606184193,0.3465520483873342
3.578947368421052,2.9473684210526314,1.789087489923219,0.3166107935632866
3.578947368421052,2.9473684210526314,2.1199020238496082,0.29013634490719215
3.578947368421052,2.9473684210526314,2.51188643150958,0.26783919598355965
3.578947368421052,3.2105263157894735,0.09999999999999999,0.5533105651043915
3.578947368421052,3.2105263157894735,0.11849068510006666,0.5676010181998743
3.578947368421052,3.2105263157894735,0.1404004245548316,0.5652967637608087
3.578947368421052,3.2105263157894735,0.16636142493842218,0.5687183011388358
3.578947368421052,3.2105263157894735,0.1971227921517696,0.5979372707308457
3.578947368421052,3.2105263157894735,0.23357214690901223,0.578279793921633
3.578947368421052,3.2105263157894735,0.2767612370754227,0.5756354918099622
3.578947368421052,3.2105263157894735,0.32793628590208806,0.5421933694086709
3.578947368421052,3.2105263157894735,0.3885739518570975,0.5426646314730734
3.578947368421052,3.2105263157894735,0.460423937675878,0.5310907859398005
3.578947368421052,3.2105263157894735,0.5455594781168519,0.5143407235734229
3.578947368421052,3.2105263157894735,0.646437163249006,0.4775233566924251
3.578947368421052,3.2105263157894735,0.7659678234751834,0.4633964770801331
3.578947368421052,3.2105263157894735,0.907600521681814,0.43277292430255077
3.578947368421052,3.2105263157894735,1.0754220761125606,0.4092158099129078
3.578947368421052,3.2105263157894735,1.2742749857031335,0.3725345128029101
3.578947368421052,3.2105263157894735,1.5098971606184193,0.34611508227527576
3.578947368421052,3.2105263157894735,1.789087489923219,0.31977731849786
3.578947368421052,3.2105263157894735,2.1199020238496082,0.29121286858682466
3.578947368421052,3.2105263157894735,2.51188643150958,0.268854441432094
3.578947368421052,3.473684210526316,0.09999999999999999,0.44917239308940005
3.578947368421052,3.473684210526316,0.11849068510006666,0.4250990982897324
3.578947368421052,3.473684210526316,0.1404004245548316,0.447796840315815
3.578947368421052,3.473684210526316,0.16636142493842218,0.45595371197934875
3.578947368421052,3.473684210526316,0.1971227921517696,0.45302140957657716
3.578947368421052,3.473684210526316,0.23357214690901223,0.47985062556290664
3.578947368421052,3.473684210526316,0.2767612370754227,0.4638182862595054
3.578947368421052,3.473684210526316,0.32793628590208806,0.45497687680655324
3.578947368421052,3.473684210526316,0.3885739518570975,0.4353447658816127
3.578947368421052,3.473684210526316,0.460423937675878,0.4526274038756483
3.578947368421052,3.473684210526316,0.5455594781168519,0.44917427328020865
3.578947368421052,3.473684210526316,0.646437163249006,0.43548547251956116
3.578947368421052,3.473684210526316,0.7659678234751834,0.4275840876813517
3.578947368421052,3.473684210526316,0.907600521681814,0.39833131612697764
3.578947368421052,3.473684210526316,1.0754220761125606,0.3836552093290295
3.578947368421052,3.473684210526316,1.2742749857031335,0.36709607222650215
3.578947368421052,3.473684210526316,1.5098971606184193,0.3379815344081572
3.578947368421052,3.473684210526316,1.789087489923219,0.31611805488567113
3.578947368421052,3.473684210526316,2.1199020238496082,0.29084492004773166
3.578947368421052,3.473684210526316,2.51188643150958,0.271239032325914
3.578947368421052,3.7368421052631575,0.09999999999999999,0.2887347200445903
3.578947368421052,3.7368421052631575,0.11849068510006666,0.29468214959400113
3.578947368421052,3.7368421052631575,0.1404004245548316,0.3041434131241099
3.578947368421052,3.7368421052631575,0.16636142493842218,0.3075835221031338
3.578947368421052,3.7368421052631575,0.1971227921517696,0.3314671372572609
3.578947368421052,3.7368421052631575,0.23357214690901223,0.3185374001590594
3.578947368421052,3.7368421052631575,0.2767612370754227,0.3507926712439565
3.578947368421052,3.7368421052631575,0.32793628590208806,0.33688830437724215
3.578947368421052,3.7368421052631575,0.3885739518570975,0.3623415654247983
3.578947368421052,3.7368421052631575,0.460423937675878,0.37039011377555525
3.578947368421052,3.7368421052631575,0.5455594781168519,0.36978962996372305
3.578947368421052,3.7368421052631575,0.646437163249006,0.3677195687235731
3.578947368421052,3.7368421052631575,0.7659678234751834,0.3667484076630361
3.578947368421052,3.7368421052631575,0.907600521681814,0.3660909584015087
3.578947368421052,3.7368421052631575,1.0754220761125606,0.35825075501674225
3.578947368421052,3.7368421052631575,1.2742749857031335,0.3488516534472002
3.578947368421052,3.7368421052631575,1.5098971606184193,0.3230629380906094
3.578947368421052,3.7368421052631575,1.789087489923219,0.3055839005251913
3.578947368421052,3.7368421052631575,2.1199020238496082,0.28873034949825305
3.578947368421052,3.7368421052631575,2.51188643150958,0.2708279807314815
3.578947368421052,4.0,0.09999999999999999,0.25802420055717035
3.578947368421052,4.0,0.11849068510006666,0.2834922037852207
3.578947368421052,4.0,0.1404004245548316,0.2713805138383332
3.578947368421052,4.0,0.16636142493842218,0.275650676879041
3.578947368421052,4.0,0.1971227921517696,0.28413516965376545
3.578947368421052,4.0,0.23357214690901223,0.3045459593292158
3.578947368421052,4.0,0.2767612370754227,0.307309510318312
3.578947368421052,4.0,0.32793628590208806,0.3282169288977351
3.578947368421052,4.0,0.3885739518570975,0.31928217189308583
3.578947368421052,4.0,0.460423937675878,0.32317882148482097
3.578947368421052,4.0,0.5455594781168519,0.3392974862942453
3.578947368421052,4.0,0.646437163249006,0.34744260637384333
3.578947368421052,4.0,0.7659678234751834,0.342669727950789
3.578947368421052,4.0,0.907600521681814,0.33826649129414327
3.578947368421052,4.0,1.0754220761125606,0.3355715672754983
3.578947368421052,4.0,1.2742749857031335,0.3240704314083914
3.578947368421052,4.0,1.5098971606184193,0.3119143624451317
3.578947368421052,4.0,1.789087489923219,0.29650581004189897
3.578947368421052,4.0,2.1199020238496082,0.28209945724745983
3.578947368421052,4.0,2.51188643150958,0.2660764613495771
3.789473684210526,-1.0,0.09999999999999999,0.6851769238310016
3.789473684210526,-1.0,0.11849068510006666,0.6870796115879362
3.789473684210526,-1.0,0.1404004245548316,0.685018306520838
3.789473684210526,-1.0,0.16636142493842218,0.692069803380466
3.789473684210526,-1.0,0.1971227921517696,0.6807371375064317
3.789473684210526,-1.0,0.23357214690901223,0.6739256167232258
3.789473684210526,-1.0,0.2767612370754227,0.6590333383843314
3.789473684210526,-1.0,0.32793628590208806,0.65850842692863
3.789473684210526,-1.0,0.3885739518570975,0.6325502921237904
3.789473684210526,-1.0,0.460423937675878,0.6065738751911899
3.789473684210526,-1.0,0.5455594781168519,0.5610852225439146
3.789473684210526,-1.0,0.646437163249006,0.5417576633626687
3.789473684210526,-1.0,0.7659678234751834,0.497472201586959
3.789473684210526,-1.0,0.907600521681814,0.4632362714210347
3.789473684210526,-1.0,1.0754220761125606,0.42017795618094994
3.789473684210526,-1.0,1.2742749857031335,0.3797520077454904
3.789473684210526,-1.0,1.5098971606184193,0.34339845524108176
3.789473684210526,-1.0,1.789087489923219,0.3121148331994062
3.789473684210526,-1.0,2.1199020238496082,0.2843849612898369
3.789473684210526,-1.0,2.51188643150958,0.2613796739617687
3.789473684210526,-0.736842105263158,0.09999999999999999,0.7047627246390162
3.789473684210526,-0.736842105263158,0.11849068510006666,0.6825008434412412
3.789473684210526,-0.736842105263158,0.1404004245548316,0.7000282942091814
3.789473684210526,-0.736842105263158,0.16636142493842218,0.6882249447665105
3.789473684210526,-0.736842105263158,0.1971227921517696,0.6646435507019484
3.789473684210526,-0.736842105263158,0.23357214690901223,0.6606344427292804
3.789473684210526,-0.736842105263158,0.2767612370754227,0.6487969914896285
3.789473684210526,-0.736842105263158,0.32793628590208806,0.6397974422862539
3.789473684210526,-0.736842105263158,0.3885739518570975,0.6115168914843367
3.789473684210526,-0.736842105263158,0.460423937675878,0.6010125040656371
3.789473684210526,-0.736842105263158,0.5455594781168519,0.5692094684115604
3.789473684210526,-0.736842105263158,0.646437163249006,0.5382544621986775
3.789473684210526,-0.736842105263158,0.7659678234751834,0.49767898050394294
3.789473684210526,-0.736842105263158,0.907600521681814,0.45892280017488796
3.789473684210526,-0.736842105263158,1.0754220761125606,0.4191935623859902
3.789473684210526,-0.736842105263158,1.2742749857031335,0.38213335836208656
3.789473684210526,-0.736842105263158,1.5098971606184193,0.3423284776176129
3.789473684210526,-0.736842105263158,1.789087489923219,0.31115213565589117
3.789473684210526,-0.736842105263158,2.1199020238496082,0.2839046653242799
3.789473684210526,-0.736842105263158,2.51188643150958,0.2614221028523373
3.789473684210526,-0.4736842105263158,0.09999999999999999,0.7153180105360288
3.789473684210526,-0.4736842105263158,0.11849068510006666,0.7027223988370968
3.789473684210526,-0.4736842105263158,0.1404004245548316,0.6883753006965075
3.789473684210526,-0.4736842105263158,0.16636142493842218,0.6652200021078764
3.789473684210526,-0.4736842105263158,0.1971227921517696,0.6846589090998444
3.789473684210526,-0.4736842105263158,0.23357214690901223,0.6737690854726363
3.789473684210526,-0.4736842105263158,0.2767612370754227,0.6658530045781869
3.789473684210526,-0.4736842105263158,0.32793628590208806,0.6503460428037329
3.789473684210526,-0.4736842105263158,0.3885739518570975,0.6263923969651334
3.789473684210526,-0.4736842105263158,0.460423937675878,0.6107073420224021
3.789473684210526,-0.4736842105263158,0.5455594781168519,0.5736352390434084
3.789473684210526,-0.4736842105263158,0.646437163249006,0.5381749611547343
3.789473684210526,-0.4736842105263158,0.7659678234751834,0.49894834492350754
3.789473684210526,-0.4736842105263158,0.907600521681814,0.4625602160001785
3.789473684210526,-0.4736842105263158,1.0754220761125606,0.41852205264453923
3.789473684210526,-0.4736842105263158,1.2742749857031335,0.3815452832847033
3.789473684210526,-0.4736842105263158,1.5098971606184193,0.3441040857377421
3.789473684210526,-0.4736842105263158,1.789087489923219,0.3090733723879443
3.789473684210526,-0.4736842105263158,2.1199020238496082,0.2851335241552194
3.789473684210526,-0.4736842105263158,2.51188643150958,0.261123771179152
3.789473684210526,-0.21052631578947367,0.09999999999999999,0.7027292941147015
3.789473684210526,-0.21052631578947367,0.11849068510006666,0.7026154203049931
3.789473684210526,-0.21052631578947367,0.1404004245548316,0.6925930203149743
3.789473684210526,-0.21052631578947367,0.16636142493842218,0.6834815267322251
3.789473684210526,-0.21052631578947367,0.1971227921517696,0.6925438841118141
3.789473684210526,-0.21052631578947367,0.23357214690901223,0.6612534027780367
3.789473684210526,-0.21052631578947367,0.2767612370754227,0.6602983688961408
3.789473684210526,-0.21052631578947367,0.32793628590208806,0.6443988408549077
3.789473684210526,-0.21052631578947367,0.3885739518570975,0.6144522997618703
3.789473684210526,-0.21052631578947367,0.460423937675878,0.6059476586039436
3.789473684210526,-0.21052631578947367,0.5455594781168519,0.5696458070476359
3.789473684210526,-0.21052631578947367,0.646437163249006,0.5443802685206026
3.789473684210526,-0.21052631578947367,0.7659678234751834,0.5026712917305615
3.789473684210526,-0.21052631578947367,0.907600521681814,0.457065522794551
3.789473684210526,-0.21052631578947367,1.0754220761125606,0.4174177477217545
3.789473684210526,-0.21052631578947367,1.2742749857031335,0.3785401335340216
3.789473684210526,-0.21052631578947367,1.5098971606184193,0.34307378559077717
3.789473684210526,-0.21052631578947367,1.789087489923219,0.31213286773640925
3.789473684210526,-0.21052631578947367,2.1199020238496082,0.2847100241147598
3.789473684210526,-0.21052631578947367,2.51188643150958,0.2620818274028109
3.789473684210526,0.05263157894736836,0.09999999999999999,0.6849419699086157
3.789473684210526,0.05263157894736836,0.11849068510006666,0.6943061015172184
3.789473684210526,0.05263157894736836,0.1404004245548316,0.6868364174690411
3.789473684210526,0.05263157894736836,0.16636142493842218,0.6844769398757002
3.789473684210526,0.05263157894736836,0.1971227921517696,0.6573777960948407
3.789473684210526,0.05263157894736836,0.23357214690901223,0.672120664704823
3.789473684210526,0.05263157894736836,0.2767612370754227,0.6624936972380554
3.789473684210526,0.05263157894736836,0.32793628590208806,0.6621868390212255
3.789473684210526,0.05263157894736836,0.3885739518570975,0.6295420962789539
3.789473684210526,0.05263157894736836,0.460423937675878,0.6037843548076866
3.789473684210526,0.05263157894736836,0.5455594781168519,0.5686437425826082
3.789473684210526,0.05263157894736836,0.646437163249006,0.5375164098111683
3.789473684210526,0.05263157894736836,0.7659678234751834,0.5036017938985846
3.789473684210526,0.05263157894736836,0.907600521681814,0.4599359689789167
3.789473684210526,0.05263157894736836,1.0754220761125606,0.41865538770563376
3.789473684210526,0.05263157894736836,1.2742749857031335,0.38073037778412794
3.789473684210526,0.05263157894736836,1.5098971606184193,0.3433281975810357
3.789473684210526,0.05263157894736836,1.789087489923219,0.31199784192272373
3.789473684210526,0.05263157894736836,2.1199020238496082,0.28406769994228126
3.789473684210526,0.05263157894736836,2.51188643150958,0.26167177982555445
3.789473684210526,0.3157894736842104,0.09999999999999999,0.6987741717097021
3.789473684210526,0.3157894736842104,0.11849068510006666,0.700145054964746
3.789473684210526,0.3157894736842104,0.1404004245548316,0.6819397819056552
3.789473684210526,0.3157894736842104,0.16636142493842218,0.6791219924541273
3.789473684210526,0.3157894736842104,0.1971227921517696,0.6858285626218932
3.789473684210526,0.3157894736842104,0.23357214690901223,0.6529699117725519
3.789473684210526,0.3157894736842104,0.2767612370754227,0.6547604447950248
3.789473684210526,0.3157894736842104,0.32793628590208806,0.6248772903840643
3.789473684210526,0.3157894736842104,0.3885739518570975,0.6204827524643547
3.789473684210526,0.3157894736842104,0.460423937675878,0.5997298309072351
3.789473684210526,0.3157894736842104,0.5455594781168519,0.5724223359609276
3.789473684210526,0.3157894736842104,0.646437163249006,0.5430734676790685
3.789473684210526,0.3157894736842104,0.7659678234751834,0.4978092834739225
3.789473684210526,0.3157894736842104,0.907600521681814,0.4613477008134528
3.789473684210526,0.3157894736842104,1.0754220761125606,0.4196418568479576
3.789473684210526,0.3157894736842104,1.2742749857031335,0.380419509415431
3.789473684210526,0.3157894736842104,1.5098971606184193,0.3417442695106164
3.789473684210526,0.3157894736842104,1.789087489923219,0.31043253058755554
3.789473684210526,0.3157894736842104,2.1199020238496082,0.28476917687637393
3.789473684210526,0.3157894736842104,2.51188643150958,0.2625873220065558
3.789473684210526,0.5789473684210527,0.09999999999999999,0.6874010903425013
3.789473684210526,0.5789473684210527,0.11849068510006666,0.7019731648799336
3.789473684210526,0.5789473684210527,0.1404004245548316,0.6898309026698644
3.789473684210526,0.5789473684210527,0.16636142493842218,0.6827186223616699
3.789473684210526,0.5789473684210527,0.1971227921517696,0.6767797779318017
3.789473684210526,0.5789473684210527,0.23357214690901223,0.6718579327169261
3.789473684210526,0.5789473684210527,0.2767612370754227,0.6630409415591545
3.789473684210526,0.5789473684210527,0.32793628590208806,0.6477134521988986
3.789473684210526,0.5789473684210527,0.3885739518570975,0.6264300452651084
3.789473684210526,0.5789473684210527,0.460423937675878,0.5967988316070273
3.789473684210526,0.5789473684210527,0.5455594781168519,0.5715492833227239
3.789473684210526,0.5789473684210527,0.646437163249006,0.538015897831965
3.789473684210526,0.5789473684210527,0.7659678234751834,0.4962375523328306
3.789473684210526,0.5789473684210527,0.907600521681814,0.4602236221997144
3.789473684210526,0.5789473684210527,1.0754220761125606,0.42200133771671033
3.789473684210526,0.5789473684210527,1.2742749857031335,0.38130396130715005
3.789473684210526,0.5789473684210527,1.5098971606184193,0.34372284051688196
3.789473684210526,0.5789473684210527,1.789087489923219,0.3123334555016598
3.789473684210526,0.5789473684210527,2.1199020238496082,0.28338129138606616
3.789473684210526,0.5789473684210527,2.51188643150958,0.26180907085927624
3.789473684210526,0.8421052631578947,0.09999999999999999,0.6903160135976578
3.789473684210526,0.8421052631578947,0.11849068510006666,0.6924238812831791
3.789473684210526,0.8421052631578947,0.1404004245548316,0.7038195087556692
3.789473684210526,0.8421052631578947,0.16636142493842218,0.6944263719515258
3.789473684210526,0.8421052631578947,0.1971227921517696,0.6756262524289884
3.789473684210526,0.8421052631578947,0.23357214690901223,0.6729509557708914
3.789473684210526,0.8421052631578947,0.2767612370754227,0.659118755780665
3.789473684210526,0.8421052631578947,0.32793628590208806,0.646676468156766
3.789473684210526,0.8421052631578947,0.3885739518570975,0.6196765183822408
3.789473684210526,0.8421052631578947,0.460423937675878,0.5937200054880376
3.789473684210526,0.8421052631578947,0.5455594781168519,0.5756333608615763
3.789473684210526,0.8421052631578947,0.646437163249006,0.5414724176596923
3.789473684210526,0.8421052631578947,0.7659678234751834,0.500344816973623
3.789473684210526,0.8421052631578947,0.907600521681814,0.45800222566330306
3.789473684210526,0.8421052631578947,1.0754220761125606,0.42139081726027483
3.789473684210526,0.8421052631578947,1.2742749857031335,0.3787612716379295
3.789473684210526,0.8421052631578947,1.5098971606184193,0.3410287045048039
3.789473684210526,0.8421052631578947,1.789087489923219,0.3095551022829638
3.789473684210526,0.8421052631578947,2.1199020238496082,0.28390530084591187
3.789473684210526,0.8421052631578947,2.51188643150958,0.26180723494384234
3.789473684210526,1.1052631578947367,0.09999999999999999,0.6743824112089702
3.789473684210526,1.1052631578947367,0.11849068510006666,0.67508379173161
3.789473684210526,1.1052631578947367,0.1404004245548316,0.6837899661503416
3.789473684210526,1.1052631578947367,0.16636142493842218,0.6754020420024008
3.789473684210526,1.1052631578947367,0.1971227921517696,0.6824706405346498
3.789473684210526,1.1052631578947367,0.23357214690901223,0.6800541307804876
3.789473684210526,1.1052631578947367,0.2767612370754227,0.649718308849075
3.789473684210526,1.1052631578947367,0.32793628590208806,0.6379121866214967
3.789473684210526,1.1052631578947367,0.3885739518570975,0.6262514868570118
3.789473684210526,1.1052631578947367,0.460423937675878,0.5968242719633657
3.789473684210526,1.1052631578947367,0.5455594781168519,0.5721916170015551
3.789473684210526,1.1052631578947367,0.646437163249006,0.5327573440127281
3.789473684210526,1.1052631578947367,0.7659678234751834,0.5075570927018773
3.789473684210526,1.1052631578947367,0.907600521681814,0.4596500623249104
3.789473684210526,1.1052631578947367,1.0754220761125606,0.41696863434289866
3.789473684210526,1.1052631578947367,1.2742749857031335,0.37850319869756016
3.789473684210526,1.1052631578947367,1.5098971606184193,0.34299442358598653
3.789473684210526,1.1052631578947367,1.789087489923219,0.31092353041819204
3.789473684210526,1.1052631578947367,2.1199020238496082,0.28518775559237836
3.789473684210526,1.1052631578947367,2.51188643150958,0.2627553784322884
3.789473684210526,1.3684210526315788,0.09999999999999999,0.6941577161267252
3.789473684210526,1.3684210526315788,0.11849068510006666,0.6925679835789122
3.789473684210526,1.3684210526315788,0.1404004245548316,0.687121643480812
3.789473684210526,1.3684210526315788,0.16636142493842218,0.6940065264096098
3.789473684210526,1.3684210526315788,0.1971227921517696,0.6741510050947661
3.789473684210526,1.3684210526315788,0.23357214690901223,0.6754230388675714
3.789473684210526,1.3684210526315788,0.2767612370754227,0.6555481147489052
3.789473684210526,1.3684210526315788,0.32793628590208806,0.6400763379033786
3.789473684210526,1.3684210526315788,0.3885739518570975,0.6272607244502806
3.789473684210526,1.3684210526315788,0.460423937675878,0.5980494978503165
3.789473684210526,1.3684210526315788,0.5455594781168519,0.5749782313115432
3.789473684210526,1.3684210526315788,0.646437163249006,0.5396058337087212
3.789473684210526,1.3684210526315788,0.7659678234751834,0.5006007784179067
3.789473684210526,1.3684210526315788,0.907600521681814,0.45868043975200595
3.789473684210526,1.3684210526315788,1.0754220761125606,0.4190449810885866
3.789473684210526,1.3684210526315788,1.2742749857031335,0.3839760333760864
3.789473684210526,1.3684210526315788,1.5098971606184193,0.3419628854393869
3.789473684210526,1.3684210526315788,1.789087489923219,0.31106442242642385
3.789473684210526,1.3684210526315788,2.1199020238496082,0.28321241199596364
3.789473684210526,1.3684210526315788,2.51188643150958,0.2623406700000118
3.789473684210526,1.6315789473684208,0.09999999999999999,0.6926576083244378
3.789473684210526,1.6315789473684208,0.11849068510006666,0.6919711201815273
3.789473684210526,1.6315789473684208,0.1404004245548316,0.6948196956747225
3.789473684210526,1.6315789473684208,0.16636142493842218,0.6908771471042979
3.789473684210526,1.6315789473684208,0.1971227921517696,0.6798456803768463
3.789473684210526,1.6315789473684208,0.23357214690901223,0.666298326230145
3.789473684210526,1.6315789473684208,0.2767612370754227,0.6533092982765688
3.789473684210526,1.6315789473684208,0.32793628590208806,0.6414607547123579
3.789473684210526,1.6315789473684208,0.3885739518570975,0.6204848523045694
3.789473684210526,1.6315789473684208,0.460423937675878,0.6056202126961395
3.789473684210526,1.6315789473684208,0.5455594781168519,0.5766952041744474
3.789473684210526,1.6315789473684208,0.646437163249006,0.5432554060931176
3.789473684210526,1.6315789473684208,0.7659678234751834,0.501761808862189
3.789473684210526,1.6315789473684208,0.907600521681814,0.4621199535003247
3.789473684210526,1.6315789473684208,1.0754220761125606,0.419133177205775
3.789473684210526,1.6315789473684208,1.2742749857031335,0.3797624276871342
3.789473684210526,1.6315789473684208,1.5098971606184193,0.34399719760574626
3.789473684210526,1.6315789473684208,1.789087489923219,0.31259358690217015
3.789473684210526,1.6315789473684208,2.1199020238496082,0.2835153710771888
3.789473684210526,1.6315789473684208,2.51188643150958,0.2623391009162783
3.789473684210526,1.8947368421052628,0.09999999999999999,0.6751384804328294
3.789473684210526,1.8947368421052628,0.11849068510006666,0.6826757419836627
3.789473684210526,1.8947368421052628,0.1404004245548316,0.6862464801230127
3.789473684210526,1.8947368421052628,0.16636142493842218,0.6856285820536525
3.789473684210526,1.8947368421052628,0.1971227921517696,0.6832089967183649
3.789473684210526,1.8947368421052628,0.23357214690901223,0.6667520984610187
3.789473684210526,1.8947368421052628,0.2767612370754227,0.6532614001605798
3.789473684210526,1.8947368421052628,0.32793628590208806,0.6454997667272461
3.789473684210526,1.8947368421052628,0.3885739518570975,0.6278811611790529
3.789473684210526,1.8947368421052628,0.460423937675878,0.6025388502739764
3.789473684210526,1.8947368421052628,0.5455594781168519,0.5700995498674322
3.789473684210526,1.8947368421052628,0.646437163249006,0.5384112396646844
3.789473684210526,1.8947368421052628,0.7659678234751834,0.50079830024807
3.789473684210526,1.8947368421052628,0.907600521681814,0.45798442905417414
3.789473684210526,1.8947368421052628,1.0754220761125606,0.42034512607524943
3.789473684210526,1.8947368421052628,1.2742749857031335,0.3795914049177514
3.789473684210526,1.8947368421052628,1.5098971606184193,0.34518417226145337
3.789473684210526,1.8947368421052628,1.789087489923219,0.3131324550200411
3.789473684210526,1.8947368421052628,2.1199020238496082,0.2838082258377685
3.789473684210526,1.8947368421052628,2.51188643150958,0.2625486837757608
3.789473684210526,2.1578947368421053,0.09999999999999999,0.6894370773975108
3.789473684210526,2.1578947368421053,0.11849068510006666,0.696981315225065
3.789473684210526,2.1578947368421053,0.1404004245548316,0.6995710232148908
3.789473684210526,2.1578947368421053,0.16636142493842218,0.6911667491052782
3.789473684210526,2.1578947368421053,0.1971227921517696,0.6823325200530939
3.789473684210526,2.1578947368421053,0.23357214690901223,0.6781288550113505
3.789473684210526,2.1578947368421053,0.2767612370754227,0.6563655037009672
3.789473684210526,2.1578947368421053,0.32793628590208806,0.6387750845343938
3.789473684210526,2.1578947368421053,0.3885739518570975,0.6281361953824662
3.789473684210526,2.1578947368421053,0.460423937675878,0.5896302715117221
3.789473684210526,2.1578947368421053,0.5455594781168519,0.5735533421724419
3.789473684210526,2.1578947368421053,0.646437163249006,0.5375193487530064
3.789473684210526,2.1578947368421053,0.7659678234751834,0.5014631608390764
3.789473684210526,2.1578947368421053,0.907600521681814,0.45762605280547103
3.789473684210526,2.1578947368421053,1.0754220761125606,0.4215554441478257
3.789473684210526,2.1578947368421053,1.2742749857031335,0.37938113578548327
3.789473684210526,2.1578947368421053,1.5098971606184193,0.34463908048698716
3.789473684210526,2.1578947368421053,1.789087489923219,0.3137004916711923
3.789473684210526,2.1578947368421053,2.1199020238496082,0.28470570102593923
3.789473684210526,2.1578947368421053,2.51188643150958,0.26220647825127996
3.789473684210526,2.4210526315789473,0.09999999999999999,0.6711064226955574
3.789473684210526,2.4210526315789473,0.11849068510006666,0.6813717907181364
3.789473684210526,2.4210526315789473,0.1404004245548316,0.6723992679608257
3.789473684210526,2.4210526315789473,0.16636142493842218,0.6689706117771966
3.789473684210526,2.4210526315789473,0.1971227921517696,0.6770421026103943
3.789473684210526,2.4210526315789473,0.23357214690901223,0.6682453155464917
3.789473684210526,2.4210526315789473,0.2767612370754227,0.6528958425719772
3.789473684210526,2.4210526315789473,0.32793628590208806,0.6269891073637671
3.789473684210526,2.4210526315789473,0.3885739518570975,0.6304877852903276
3.789473684210526,2.4210526315789473,0.460423937675878,0.6052604299719276
3.789473684210526,2.4210526315789473,0.5455594781168519,0.5727428457359697
3.789473684210526,2.4210526315789473,0.646437163249006,0.5422953321869072
3.789473684210526,2.4210526315789473,0.7659678234751834,0.5002272153998327
3.789473684210526,2.4210526315789473,0.907600521681814,0.4622921061667531
3.789473684210526,2.4210526315789473,1.0754220761125606,0.42243201658350127
3.789473684210526,2.4210526315789473,1.2742749857031335,0.37997565362985797
3.789473684210526,2.4210526315789473,1.5098971606184193,0.3462449754343215
3.789473684210526,2.4210526315789473,1.789087489923219,0.31302731059290806
3.789473684210526,2.4210526315789473,2.1199020238496082,0.28541635007021593
3.789473684210526,2.4210526315789473,2.51188643150958,0.26240011174682043
3.789473684210526,2.6842105263157894,0.09999999999999999,0.7018981951063834
3.789473684210526,2.6842105263157894,0.11849068510006666,0.6951031083499963
3.789473684210526,2.6842105263157894,0.1404004245548316,0.677248517212632
3.789473684210526,2.6842105263157894,0.16636142493842218,0.6828245322862125
3.789473684210526,2.6842105263157894,0.1971227921517696,0.6633911313835152
3.789473684210526,2.6842105263157894,0.23357214690901223,0.6683909405755379
3.789473684210526,2.6842105263157894,0.2767612370754227,0.6555096150744827
3.789473684210526,2.6842105263157894,0.32793628590208806,0.6327378807349509
3.789473684210526,2.6842105263157894,0.3885739518570975,0.6221036312943119
3.789473684210526,2.6842105263157894,0.460423937675878,0.5929185927060829
3.789473684210526,2.6842105263157894,0.5455594781168519,0.5727749175740235
3.789473684210526,2.6842105263157894,0.646437163249006,0.5420050582725954
3.789473684210526,2.6842105263157894,0.7659678234751834,0.4950181408204796
3.789473684210526,2.6842105263157894,0.907600521681814,0.45767708209809066
3.789473684210526,2.6842105263157894,1.0754220761125606,0.4183482370858688
3.789473684210526,2.6842105263157894,1.2742749857031335,0.3826786180835968
3.789473684210526,2.6842105263157894,1.5098971606184193,0.34982074963069426
3.789473684210526,2.6842105263157894,1.789087489923219,0.3148826816772906
3.789473684210526,2.6842105263157894,2.1199020238496082,0.28724625719996766
3.789473684210526,2.6842105263157894,2.51188643150958,0.2639071143032418
3.789473684210526,2.9473684210526314,0.09999999999999999,0.6722733337987824
3.789473684210526,2.9473684210526314,0.11849068510006666,0.661972139087582
3.789473684210526,2.9473684210526314,0.1404004245548316,0.6632353714505244
3.789473684210526,2.9473684210526314,0.16636142493842218,0.6579221042537088
3.789473684210526,2.9473684210526314,0.1971227921517696,0.6553041992389551
3.789473684210526,2.9473684210526314,0.23357214690901223,0.663844362998841
3.789473684210526,2.9473684210526314,0.2767612370754227,0.653471920170598
3.789473684210526,2.9473684210526314,0.32793628590208806,0.6243342724568802
3.789473684210526,2.9473684210526314,0.3885739518570975,0.6131346830783434
3.789473684210526,2.9473684210526314,0.460423937675878,0.5937966510145444
3.789473684210526,2.9473684210526314,0.5455594781168519,0.5689903143087959
3.789473684210526,2.9473684210526314,0.646437163249006,0.5246468397643659
3.789473684210526,2.9473684210526314,0.7659678234751834,0.5028208434986094
3.789473684210526,2.9473684210526314,0.907600521681814,0.4609008581468299
3.789473684210526,2.9473684210526314,1.0754220761125606,0.4176155620920449
3.789473684210526,2.9473684210526314,1.2742749857031335,0.38152411997927144
3.789473684210526,2.9473684210526314,1.5098971606184193,0.3460216798548326
3.789473684210526,2.9473684210526314,1.789087489923219,0.31645248395326125
3.789473684210526,2.9473684210526314,2.1199020238496082,0.2879246199663135
3.789473684210526,2.9473684210526314,2.51188643150958,0.2657333445979234
3.789473684210526,3.2105263157894735,0.09999999999999999,0.639049542241396
3.789473684210526,3.2105263157894735,0.11849068510006666,0.6316743037108802
3.789473684210526,3.2105263157894735,0.1404004245548316,0.6326412779333748
3.789473684210526,3.2105263157894735,0.16636142493842218,0.6431894449756034
3.789473684210526,3.2105263157894735,0.1971227921517696,0.6311516273689136
3.789473684210526,3.2105263157894735,0.23357214690901223,0.6289457129517622
3.789473684210526,3.2105263157894735,0.2767612370754227,0.6118438280311248
3.789473684210526,3.2105263157894735,0.32793628590208806,0.619035114356714
3.789473684210526,3.2105263157894735,0.3885739518570975,0.5935145006515836
3.789473684210526,3.2105263157894735,0.460423937675878,0.572142884731296
3.789473684210526,3.2105263157894735,0.5455594781168519,0.5598951341657719
3.789473684210526,3.2105263157894735,0.646437163249006,0.5162314313327351
3.789473684210526,3.2105263157894735,0.7659678234751834,0.4874367065386552
3.789473684210526,3.2105263157894735,0.907600521681814,0.451656002815417
3.789473684210526,3.2105263157894735,1.0754220761125606,0.41539894593518506
3.789473684210526,3.2105263157894735,1.2742749857031335,0.3804452272156508
3.789473684210526,3.2105263157894735,1.5098971606184193,0.34901947092057406
3.789473684210526,3.2105263157894735,1.789087489923219,0.3142694677828801
3.789473684210526,3.2105263157894735,2.1199020238496082,0.28913964775606604
3.789473684210526,3.2105263157894735,2.51188643150958,0.2674679717594787
3.789473684210526,3.473684210526316,0.09999999999999999,0.5504018511811541
3.789473684210526,3.473684210526316,0.11849068510006666,0.565940838995255
3.789473684210526,3.473684210526316,0.1404004245548316,0.535418934500157
3.789473684210526,3.473684210526316,0.16636142493842218,0.5348442312900175
3.789473684210526,3.473684210526316,0.1971227921517696,0.5391903384883144
3.789473684210526,3.473684210526316,0.23357214690901223,0.5579464507451631
3.789473684210526,3.473684210526316,0.2767612370754227,0.5293621786992972
3.789473684210526,3.473684210526316,0.32793628590208806,0.5339747078302728
3.789473684210526,3.473684210526316,0.3885739518570975,0.5343936627704445
3.789473684210526,3.473684210526316,0.460423937675878,0.5262523861953043
3.789473684210526,3.473684210526316,0.5455594781168519,0.5017967053100503
3.789473684210526,3.473684210526316,0.646437163249006,0.49055708783051144
3.789473684210526,3.473684210526316,0.7659678234751834,0.46302028958428476
3.789473684210526,3.473684210526316,0.907600521681814,0.4345115388129292
3.789473684210526,3.473684210526316,1.0754220761125606,0.4066432716312479
3.789473684210526,3.473684210526316,1.2742749857031335,0.37290341227606355
3.789473684210526,3.473684210526316,1.5098971606184193,0.3473966037254365
3.789473684210526,3.473684210526316,1.789087489923219,0.31658204440413307
3.789473684210526,3.473684210526316,2.1199020238496082,0.29088431568792367
3.789473684210526,3.473684210526316,2.51188643150958,0.26964899667310166
3.789473684210526,3.7368421052631575,0.09999999999999999,0.39449782660097094
3.789473684210526,3.7368421052631575,0.11849068510006666,0.40269164312935796
3.789473684210526,3.7368421052631575,0.1404004245548316,0.4084128383361089
3.789473684210526,3.7368421052631575,0.16636142493842218,0.4059309316114319
3.789473684210526,3.7368421052631575,0.1971227921517696,0.39272048959551487
3.789473684210526,3.7368421052631575,0.23357214690901223,0.42438639336526884
3.789473684210526,3.7368421052631575,0.2767612370754227,0.4301693080188508
3.789473684210526,3.7368421052631575,0.32793628590208806,0.43680307002673796
3.789473684210526,3.7368421052631575,0.3885739518570975,0.43422419025531783
3.789473684210526,3.7368421052631575,0.460423937675878,0.43659218131198185
3.789473684210526,3.7368421052631575,0.5455594781168519,0.4238699276698135
3.789473684210526,3.7368421052631575,0.646437163249006,0.4183202375335912
3.789473684210526,3.7368421052631575,0.7659678234751834,0.4106147868949396
3.789473684210526,3.7368421052631575,0.907600521681814,0.3946432549211772
3.789473684210526,3.7368421052631575,1.0754220761125606,0.37682730679391757
3.789473684210526,3.7368421052631575,1.2742749857031335,0.3592490290526472
3.789473684210526,3.7368421052631575,1.5098971606184193,0.3357639409756118
3.789473684210526,3.7368421052631575,1.789087489923219,0.31436171616444303
3.789473684210526,3.7368421052631575,2.1199020238496082,0.2915449405607283
3.789473684210526,3.7368421052631575,2.51188643150958,0.27239276386356637
3.789473684210526,4.0,0.09999999999999999,0.2905304809650802
3.789473684210526,4.0,0.11849068510006666,0.2874860191692809
3.789473684210526,4.0,0.1404004245548316,0.3222264813171244
3.789473684210526,4.0,0.16636142493842218,0.29908911691010265
3.789473684210526,4.0,0.1971227921517696,0.31378980684145885
3.789473684210526,4.0,0.23357214690901223,0.3060507417437713
3.789473684210526,4.0,0.2767612370754227,0.3256459508035603
3.789473684210526,4.0,0.32793628590208806,0.3279911164904541
3.789473684210526,4.0,0.3885739518570975,0.34095453371831974
3.789473684210526,4.0,0.460423937675878,0.35672883130073896
3.789473684210526,4.0,0.5455594781168519,0.37416423182848885
3.789473684210526,4.0,0.646437163249006,0.3732076230728038
3.789473684210526,4.0,0.7659678234751834,0.3624523151440777
3.789473684210526,4.0,0.907600521681814,0.3570464579105878
3.789473684210526,4.0,1.0754220761125606,0.34889502700221986
3.789473684210526,4.0,1.2742749857031335,0.339463919181595
3.789473684210526,4.0,1.5098971606184193,0.3224820889936834
3.789473684210526,4.0,1.789087489923219,0.3059865528488342
3.789473684210526,4.0,2.1199020238496082,0.2864668132098018
3.789473684210526,4.0,2.51188643150958,0.2714159136905518
4.0,-1.0,0.09999999999999999,0.7059427913239317
4.0,-1.0,0.11849068510006666,0.6992489207513666
4.0,-1.0,0.1404004245548316,0.6882402252748975
4.0,-1.0,0.16636142493842218,0.677697470286367
4.0,-1.0,0.1971227921517696,0.6818941131309221
4.0,-1.0,0.23357214690901223,0.6705849669176417
4.0,-1.0,0.2767612370754227,0.6565528990525732
4.0,-1.0,0.32793628590208806,0.6450814926951061
4.0,-1.0,0.3885739518570975,0.6260143426079795
4.0,-1.0,0.460423937675878,0.6032997950432964
4.0,-1.0,0.5455594781168519,0.5749268586525692
4.0,-1.0,0.646437163249006,0.5280323606918266
4.0,-1.0,0.7659678234751834,0.4919070823235855
4.0,-1.0,0.907600521681814,0.46047782244700136
4.0,-1.0,1.0754220761125606,0.4180858798937289
4.0,-1.0,1.2742749857031335,0.37920721960142845
4.0,-1.0,1.5098971606184193,0.3424569980369905
4.0,-1.0,1.789087489923219,0.30947107485040615
4.0,-1.0,2.1199020238496082,0.2825743450052793
4.0,-1.0,2.51188643150958,0.2622928235520472
4.0,-0.736842105263158,0.09999999999999999,0.6944100246978994
4.0,-0.736842105263158,0.11849068510006666,0.6851971613799015
4.0,-0.736842105263158,0.1404004245548316,0.6774026990765799
4.0,-0.736842105263158,0.16636142493842218,0.6895093311051179
4.0,-0.736842105263158,0.1971227921517696,0.6722292655342097
4.0,-0.736842105263158,0.23357214690901223,0.671009394267184
4.0,-0.736842105263158,0.2767612370754227,0.6593086034552706
4.0,-0.736842105263158,0.32793628590208806,0.641800308752527
4.0,-0.736842105263158,0.3885739518570975,0.6335353957693716
4.0,-0.736842105263158,0.460423937675878,0.5924155665817734
4.0,-0.736842105263158,0.5455594781168519,0.5746632279203833
4.0,-0.736842105263158,0.646437163249006,0.535789447676717
4.0,-0.736842105263158,0.7659678234751834,0.49782986303585114
4.0,-0.736842105263158,0.907600521681814,0.457310521510665
4.0,-0.736842105263158,1.0754220761125606,0.4196844512454794
4.0,-0.736842105263158,1.2742749857031335,0.3810380104156943
4.0,-0.736842105263158,1.5098971606184193,0.34504925801170816
4.0,-0.736842105263158,1.789087489923219,0.3139268369973942
4.0,-0.736842105263158,2.1199020238496082,0.2853612363551026
4.0,-0.736842105263158,2.51188643150958,0.2620665204661464
4.0,-0.4736842105263158,0.09999999999999999,0.6854272438905954
4.0,-0.4736842105263158,0.11849068510006666,0.6898197027590589
4.0,-0.4736842105263158,0.1404004245548316,0.676898618577078
4.0,-0.4736842105263158,0.16636142493842218,0.678485630006309
4.0,-0.4736842105263158,0.1971227921517696,0.6714503100433116
4.0,-0.4736842105263158,0.23357214690901223,0.6626091305101885
4.0,-0.4736842105263158,0.2767612370754227,0.6616993577878747
4.0,-0.4736842105263158,0.32793628590208806,0.6463066642869202
4.0,-0.4736842105263158,0.3885739518570975,0.6268975525775529
4.0,-0.4736842105263158,0.460423937675878,0.5930607762281385
4.0,-0.4736842105263158,0.5455594781168519,0.5696212984004757
4.0,-0.4736842105263158,0.646437163249006,0.5371493908398601
4.0,-0.4736842105263158,0.7659678234751834,0.4974248657386674
4.0,-0.4736842105263158,0.907600521681814,0.46034435245168964
4.0,-0.4736842105263158,1.0754220761125606,0.41820084647314676
4.0,-0.4736842105263158,1.2742749857031335,0.37858935684673084
4.0,-0.4736842105263158,1.5098971606184193,0.34431241071420104
4.0,-0.4736842105263158,1.789087489923219,0.3116451791630684
4.0,-0.4736842105263158,2.1199020238496082,0.2843137566384505
4.0,-0.4736842105263158,2.51188643150958,0.2610715150244919
4.0,-0.21052631578947367,0.09999999999999999,0.6964053120424987
4.0,-0.21052631578947367,0.11849068510006666,0.6872081586501435
4.0,-0.21052631578947367,0.1404004245548316,0.6986585568333027
4.0,-0.21052631578947367,0.16636142493842218,0.6823141258295952
4.0,-0.21052631578947367,0.1971227921517696,0.6784654440878191
4.0,-0.21052631578947367,0.23357214690901223,0.6711152793236487
4.0,-0.21052631578947367,0.2767612370754227,0.6663507016691548
4.0,-0.21052631578947367,0.32793628590208806,0.6460261885977502
4.0,-0.21052631578947367,0.3885739518570975,0.631580305713849
4.0,-0.21052631578947367,0.460423937675878,0.5943197685866474
4.0,-0.21052631578947367,0.5455594781168519,0.5637714015518733
4.0,-0.21052631578947367,0.646437163249006,0.5416504521775768
4.0,-0.21052631578947367,0.7659678234751834,0.5066171835365927
4.0,-0.21052631578947367,0.907600521681814,0.46030868804746494
4.0,-0.21052631578947367,1.0754220761125606,0.4203939641720209
4.0,-0.21052631578947367,1.2742749857031335,0.37953259311885634
4.0,-0.21052631578947367,1.5098971606184193,0.34421857769213543
4.0,-0.21052631578947367,1.789087489923219,0.31107151796880034
4.0,-0.21052631578947367,2.1199020238496082,0.2842936813817434
4.0,-0.21052631578947367,2.51188643150958,0.26220578245990894
4.0,0.05263157894736836,0.09999999999999999,0.6894587527018985
4.0,0.05263157894736836,0.11849068510006666,0.690549966864075
4.0,0.05263157894736836,0.1404004245548316,0.698519460903902
4.0,0.05263157894736836,0.16636142493842218,0.6855669836467967
4.0,0.05263157894736836,0.1971227921517696,0.6856541771399745
4.0,0.05263157894736836,0.23357214690901223,0.679209618100123
4.0,0.05263157894736836,0.2767612370754227,0.6445979059386843
4.0,0.05263157894736836,0.32793628590208806,0.6339791783816126
4.0,0.05263157894736836,0.3885739518570975,0.621393752603128
4.0,0.05263157894736836,0.460423937675878,0.5890811424139688
4.0,0.05263157894736836,0.5455594781168519,0.5730255045154033
4.0,0.05263157894736836,0.646437163249006,0.5452914943733628
4.0,0.05263157894736836,0.7659678234751834,0.49784131467897613
4.0,0.05263157894736836,0.907600521681814,0.45885702581611393
4.0,0.05263157894736836,1.0754220761125606,0.41673424544947735
4.0,0.05263157894736836,1.2742749857031335,0.378857620938444
4.0,0.05263157894736836,1.5098971606184193,0.3429461189511296
4.0,0.05263157894736836,1.789087489923219,0.3102851071366608
4.0,0.05263157894736836,2.1199020238496082,0.28289545198467136
4.0,0.05263157894736836,2.51188643150958,0.26291345546828276
4.0,0.3157894736842104,0.09999999999999999,0.6908723478332605
4.0,0.3157894736842104,0.11849068510006666,0.6979328320689469
4.0,0.3157894736842104,0.1404004245548316,0.6823777505775254
4.0,0.3157894736842104,0.16636142493842218,0.6778752247348375
4.0,0.3157894736842104,0.1971227921517696,0.6716766537423299
4.0,0.3157894736842104,0.23357214690901223,0.6574125170262174
4.0,0.3157894736842104,0.2767612370754227,0.6538566048345115
4.0,0.3157894736842104,0.32793628590208806,0.6418351349983499
4.0,0.3157894736842104,0.3885739518570975,0.6168579711294554
4.0,0.3157894736842104,0.460423937675878,0.6056866833803793
4.0,0.3157894736842104,0.5455594781168519,0.5607928866399063
4.0,0.3157894736842104,0.646437163249006,0.5406375930025321
4.0,0.3157894736842104,0.7659678234751834,0.4989209020560399
4.0,0.3157894736842104,0.907600521681814,0.46156959462318975
4.0,0.3157894736842104,1.0754220761125606,0.42053105719677697
4.0,0.3157894736842104,1.2742749857031335,0.3817725903370827
4.0,0.3157894736842104,1.5098971606184193,0.34282716157703647
4.0,0.3157894736842104,1.789087489923219,0.31086282213385663
4.0,0.3157894736842104,2.1199020238496082,0.2837994687050882
4.0,0.3157894736842104,2.51188643150958,0.26159859068340785
4.0,0.5789473684210527,0.09999999999999999,0.6814043954132087
4.0,0.5789473684210527,0.11849068510006666,0.6923348588655428
4.0,0.5789473684210527,0.1404004245548316,0.6709471448263716
4.0,0.5789473684210527,0.16636142493842218,0.6971669149108157
4.0,0.5789473684210527,0.1971227921517696,0.6603515364047571
4.0,0.5789473684210527,0.23357214690901223,0.6704372143034377
4.0,0.5789473684210527,0.2767612370754227,0.6600915200726796
4.0,0.5789473684210527,0.32793628590208806,0.6393868668884093
4.0,0.5789473684210527,0.3885739518570975,0.6266999722778416
4.0,0.5789473684210527,0.460423937675878,0.5911523458989676
4.0,0.5789473684210527,0.5455594781168519,0.576445486871192
4.0,0.5789473684210527,0.646437163249006,0.5303027098305519
4.0,0.5789473684210527,0.7659678234751834,0.5003871832650184
4.0,0.5789473684210527,0.907600521681814,0.45990598030583535
4.0,0.5789473684210527,1.0754220761125606,0.4224343904198173
4.0,0.5789473684210527,1.2742749857031335,0.38051866966740483
4.0,0.5789473684210527,1.5098971606184193,0.3434435441229938
4.0,0.5789473684210527,1.789087489923219,0.31067682243436584
4.0,0.5789473684210527,2.1199020238496082,0.28465664429423837
4.0,0.5789473684210527,2.51188643150958,0.26238881159684974
4.0,0.8421052631578947,0.09999999999999999,0.7133160369217028
4.0,0.8421052631578947,0.11849068510006666,0.6999348549067962
4.0,0.8421052631578947,0.1404004245548316,0.685659167466433
4.0,0.8421052631578947,0.16636142493842218,0.6813451170460614
4.0,0.8421052631578947,0.1971227921517696,0.6739967388233958
4.0,0.8421052631578947,0.23357214690901223,0.6709628073453223
4.0,0.8421052631578947,0.2767612370754227,0.6678221374969864
4.0,0.8421052631578947,0.32793628590208806,0.6467842086428729
4.0,0.8421052631578947,0.3885739518570975,0.6216112786271707
4.0,0.8421052631578947,0.460423937675878,0.6005262252124519
4.0,0.8421052631578947,0.5455594781168519,0.5712023284743565
4.0,0.8421052631578947,0.646437163249006,0.5344923335018453
4.0,0.8421052631578947,0.7659678234751834,0.5012894639160516
4.0,0.8421052631578947,0.907600521681814,0.45546432958550453
4.0,0.8421052631578947,1.0754220761125606,0.42232656411725145
4.0,0.8421052631578947,1.2742749857031335,0.3788679258288216
4.0,0.8421052631578947,1.5098971606184193,0.34319305254940313
4.0,0.8421052631578947,1.789087489923219,0.311607038298353
4.0,0.8421052631578947,2.1199020238496082,0.2847370289206461
4.0,0.8421052631578947,2.51188643150958,0.26158767417700496
4.0,1.1052631578947367,0.09999999999999999,0.7029866947076868
4.0,1.1052631578947367,0.11849068510006666,0.7017820313557173
4.0,1.1052631578947367,0.1404004245548316,0.6967613443398858
4.0,1.1052631578947367,0.16636142493842218,0.669522818530442
4.0,1.1052631578947367,0.1971227921517696,0.6972639216349102
4.0,1.1052631578947367,0.23357214690901223,0.6690019784516122
4.0,1.1052631578947367,0.2767612370754227,0.6515853497514009
4.0,1.1052631578947367,0.32793628590208806,0.6416724452447389
4.0,1.1052631578947367,0.3885739518570975,0.6230905385859087
4.0,1.1052631578947367,0.460423937675878,0.5964409201985256
4.0,1.1052631578947367,0.5455594781168519,0.5733452276108101
4.0,1.1052631578947367,0.646437163249006,0.53501631748252
4.0,1.1052631578947367,0.7659678234751834,0.49755075532177256
4.0,1.1052631578947367,0.907600521681814,0.45442880758674753
4.0,1.1052631578947367,1.0754220761125606,0.41902432636855375
4.0,1.1052631578947367,1.2742749857031335,0.38050402645583004
4.0,1.1052631578947367,1.5098971606184193,0.3434598983688902
4.0,1.1052631578947367,1.789087489923219,0.3113851138251666
4.0,1.1052631578947367,2.1199020238496082,0.2847801992593261
4.0,1.1052631578947367,2.51188643150958,0.26252442457552133
4.0,1.3684210526315788,0.09999999999999999,0.6950202382708247
4.0,1.3684210526315788,0.11849068510006666,0.6918253418823102
4.0,1.3684210526315788,0.1404004245548316,0.6750376408212794
4.0,1.3684210526315788,0.16636142493842218,0.689856987737987
4.0,1.3684210526315788,0.1971227921517696,0.6723462761020655
4.0,1.3684210526315788,0.23357214690901223,0.6645846410197825
4.0,1.3684210526315788,0.2767612370754227,0.6640915915119455
4.0,1.3684210526315788,0.32793628590208806,0.6460162705890555
4.0,1.3684210526315788,0.3885739518570975,0.6277146002725889
4.0,1.3684210526315788,0.460423937675878,0.5981777538944089
4.0,1.3684210526315788,0.5455594781168519,0.5693068154430712
4.0,1.3684210526315788,0.646437163249006,0.5382462803357249
4.0,1.3684210526315788,0.7659678234751834,0.5059669743105142
4.0,1.3684210526315788,0.907600521681814,0.46309106094689567
4.0,1.3684210526315788,1.0754220761125606,0.41837137138623054
4.0,1.3684210526315788,1.2742749857031335,0.3798184363118573
4.0,1.3684210526315788,1.5098971606184193,0.34361763386858485
4.0,1.3684210526315788,1.789087489923219,0.30985288184379844
4.0,1.3684210526315788,2.1199020238496082,0.2842353467613443
4.0,1.3684210526315788,2.51188643150958,0.26211179022731146
4.0,1.6315789473684208,0.09999999999999999,0.7001110875644763
4.0,1.6315789473684208,0.11849068510006666,0.7000467163221948
4.0,1.6315789473684208,0.1404004245548316,0.6961741698241795
4.0,1.6315789473684208,0.16636142493842218,0.6642227338990992
4.0,1.6315789473684208,0.1971227921517696,0.6771194170768138
4.0,1.6315789473684208,0.23357214690901223,0.6674402397047792
4.0,1.6315789473684208,0.2767612370754227,0.6343424143669403
4.0,1.6315789473684208,0.32793628590208806,0.6432111299887541
4.0,1.6315789473684208,0.3885739518570975,0.6247125424006377
4.0,1.6315789473684208,0.460423937675878,0.5949763822125338
4.0,1.6315789473684208,0.5455594781168519,0.5678962262631203
4.0,1.6315789473684208,0.646437163249006,0.5337782560043622
4.0,1.6315789473684208,0.7659678234751834,0.49709823649469104
4.0,1.6315789473684208,0.907600521681814,0.4528510679907044
4.0,1.6315789473684208,1.0754220761125606,0.41921990173914836
4.0,1.6315789473684208,1.2742749857031335,0.37701945810786497
4.0,1.6315789473684208,1.5098971606184193,0.3416174059021394
4.0,1.6315789473684208,1.789087489923219,0.31339599547866354
4.0,1.6315789473684208,2.1199020238496082,0.28502570620498396
4.0,1.6315789473684208,2.51188643150958,0.26235644576358713
4.0,1.8947368421052628,0.09999999999999999,0.6985719570424987
4.0,1.8947368421052628,0.11849068510006666,0.7019713750501005
4.0,1.8947368421052628,0.1404004245548316,0.6781844507162647
4.0,1.8947368421052628,0.16636142493842218,0.7021009989326733
4.0,1.8947368421052628,0.1971227921517696,0.673405944886268
4.0,1.8947368421052628,0.23357214690901223,0.6586553135809907
4.0,1.8947368421052628,0.2767612370754227,0.6556895743361547
4.0,1.8947368421052628,0.32793628590208806,0.6384471530510059
4.0,1.8947368421052628,0.3885739518570975,0.6266281839606327
4.0,1.8947368421052628,0.460423937675878,0.605686860030437
4.0,1.8947368421052628,0.5455594781168519,0.5773617704526326
4.0,1.8947368421052628,0.646437163249006,0.5379013114092402
4.0,1.8947368421052628,0.7659678234751834,0.509099881417616
4.0,1.8947368421052628,0.907600521681814,0.46130606542816366
4.0,1.8947368421052628,1.0754220761125606,0.4179287614618944
4.0,1.8947368421052628,1.2742749857031335,0.3817851560605443
4.0,1.8947368421052628,1.5098971606184193,0.3444462923594827
4.0,1.8947368421052628,1.789087489923219,0.31118305205205543
4.0,1.8947368421052628,2.1199020238496082,0.2841423768483912
4.0,1.8947368421052628,2.51188643150958,0.2624436838970803
4.0,2.1578947368421053,0.09999999999999999,0.6783967954703373
4.0,2.1578947368421053,0.11849068510006666,0.7027846835161824
4.0,2.1578947368421053,0.1404004245548316,0.6962525755644474
4.0,2.1578947368421053,0.16636142493842218,0.6892798819611056
4.0,2.1578947368421053,0.1971227921517696,0.6784871067948907
4.0,2.1578947368421053,0.23357214690901223,0.6717385850387649
4.0,2.1578947368421053,0.2767612370754227,0.6629050432772366
4.0,2.1578947368421053,0.32793628590208806,0.6409241629994485
4.0,2.1578947368421053,0.3885739518570975,0.6198533244321159
4.0,2.1578947368421053,0.460423937675878,0.592963389457848
4.0,2.1578947368421053,0.5455594781168519,0.5695764554804479
4.0,2.1578947368421053,0.646437163249006,0.5342499008055664
4.0,2.1578947368421053,0.7659678234751834,0.5035530526688584
4.0,2.1578947368421053,0.907600521681814,0.4594049714974501
4.0,2.1578947368421053,1.0754220761125606,0.42351171951740696
4.0,2.1578947368421053,1.2742749857031335,0.37994949102160386
4.0,2.1578947368421053,1.5098971606184193,0.34201397551405954
4.0,2.1578947368421053,1.789087489923219,0.31032630909112385
4.0,2.1578947368421053,2.1199020238496082,0.28458981158866203
4.0,2.1578947368421053,2.51188643150958,0.26251581999212575
4.0,2.4210526315789473,0.09999999999999999,0.7170437099931815
4.0,2.4210526315789473,0.11849068510006666,0.6855055774680603
4.0,2.4210526315789473,0.1404004245548316,0.6813296820822251
4.0,2.4210526315789473,0.16636142493842218,0.6888231322130194
4.0,2.4210526315789473,0.1971227921517696,0.6711237997661893
4.0,2.4210526315789473,0.23357214690901223,0.6584962165326379
4.0,2.4210526315789473,0.2767612370754227,0.6530973379004441
4.0,2.4210526315789473,0.32793628590208806,0.6431075492869558
4.0,2.4210526315789473,0.3885739518570975,0.6061103127624946
4.0,2.4210526315789473,0.460423937675878,0.5981293693243086
4.0,2.4210526315789473,0.5455594781168519,0.575310953708688
4.0,2.4210526315789473,0.646437163249006,0.5417786369042971
4.0,2.4210526315789473,0.7659678234751834,0.5086368111527235
4.0,2.4210526315789473,0.907600521681814,0.46483562088054386
4.0,2.4210526315789473,1.0754220761125606,0.4174520688910577
4.0,2.4210526315789473,1.2742749857031335,0.38084818295985784
4.0,2.4210526315789473,1.5098971606184193,0.34320323401023195
4.0,2.4210526315789473,1.789087489923219,0.3139064701952379
4.0,2.4210526315789473,2.1199020238496082,0.2850408751839768
4.0,2.4210526315789473,2.51188643150958,0.26333612947821006
4.0,2.6842105263157894,0.09999999999999999,0.7001563689231273
4.0,2.6842105263157894,0.11849068510006666,0.6894386927889034
4.0,2.6842105263157894,0.1404004245548316,0.6818156054883147
4.0,2.6842105263157894,0.16636142493842218,0.6767451240289447
4.0,2.6842105263157894,0.1971227921517696,0.673243710312363
4.0,2.6842105263157894,0.23357214690901223,0.6612584825765676
4.0,2.6842105263157894,0.2767612370754227,0.6519642420034518
4.0,2.6842105263157894,0.32793628590208806,0.6360310216511229
4.0,2.6842105263157894,0.3885739518570975,0.6194060164085787
4.0,2.6842105263157894,0.460423937675878,0.595649952072422
4.0,2.6842105263157894,0.5455594781168519,0.5656961091147072
4.0,2.6842105263157894,0.646437163249006,0.5358912156360565
4.0,2.6842105263157894,0.7659678234751834,0.49954555705282294
4.0,2.6842105263157894,0.907600521681814,0.4639569480992337
4.0,2.6842105263157894,1.0754220761125606,0.42017155628924624
4.0,2.6842105263157894,1.2742749857031335,0.3807004989389856
4.0,2.6842105263157894,1.5098971606184193,0.3456051073661975
4.0,2.6842105263157894,1.789087489923219,0.31222395941666303
4.0,2.6842105263157894,2.1199020238496082,0.2854306525644795
4.0,2.6842105263157894,2.51188643150958,0.2623124940961988
4.0,2.9473684210526314,0.09999999999999999,0.6978770623329703
4.0,2.9473684210526314,0.11849068510006666,0.6922917361791769
4.0,2.9473684210526314,0.1404004245548316,0.6773428119773482
4.0,2.9473684210526314,0.16636142493842218,0.6852997035765136
4.0,2.9473684210526314,0.1971227921517696,0.6676620578171494
4.0,2.9473684210526314,0.23357214690901223,0.6597945560481928
4.0,2.9473684210526314,0.2767612370754227,0.6558242709491134
4.0,2.9473684210526314,0.32793628590208806,0.646790404499597
4.0,2.9473684210526314,0.3885739518570975,0.6329256298728321
4.0,2.9473684210526314,0.460423937675878,0.6021364379097843
4.0,2.9473684210526314,0.5455594781168519,0.5636393720145231
4.0,2.9473684210526314,0.646437163249006,0.5398590569887548
4.0,2.9473684210526314,0.7659678234751834,0.5038542748354207
4.0,2.9473684210526314,0.907600521681814,0.4645495863035976
4.0,2.9473684210526314,1.0754220761125606,0.42261517811901533
4.0,2.9473684210526314,1.2742749857031335,0.3792436584881595
4.0,2.9473684210526314,1.5098971606184193,0.346815740431211
4.0,2.9473684210526314,1.789087489923219,0.3141865851378682
4.0,2.9473684210526314,2.1199020238496082,0.2884189137190819
4.0,2.9473684210526314,2.51188643150958,0.2638693243585109
4.0,3.2105263157894735,0.09999999999999999,0.661300888343438
4.0,3.2105263157894735,0.11849068510006666,0.6658542865923732
4.0,3.2105263157894735,0.1404004245548316,0.6449463371511943
4.0,3.2105263157894735,0.16636142493842218,0.6594744304818074
4.0,3.2105263157894735,0.1971227921517696,0.6554893271697954
4.0,3.2105263157894735,0.23357214690901223,0.6480122802996844
4.0,3.2105263157894735,0.2767612370754227,0.653567276698446
4.0,3.2105263157894735,0.32793628590208806,0.6241884587256901
4.0,3.2105263157894735,0.3885739518570975,0.6089807724648265
4.0,3.2105263157894735,0.460423937675878,0.5884007295348899
4.0,3.2105263157894735,0.5455594781168519,0.5603513568727025
4.0,3.2105263157894735,0.646437163249006,0.5360796506665456
4.0,3.2105263157894735,0.7659678234751834,0.49770616415196106
4.0,3.2105263157894735,0.907600521681814,0.45953965700388966
4.0,3.2105263157894735,1.0754220761125606,0.42425649053440817
4.0,3.2105263157894735,1.2742749857031335,0.38300308126435456
4.0,3.2105263157894735,1.5098971606184193,0.34919881660741847
4.0,3.2105263157894735,1.789087489923219,0.31847317406845316
4.0,3.2105263157894735,2.1199020238496082,0.28918732952863235
4.0,3.2105263157894735,2.51188643150958,0.2657996479210749
4.0,3.473684210526316,0.09999999999999999,0.6273571199094381
4.0,3.473684210526316,0.11849068510006666,0.6109461030893943
4.0,3.473684210526316,0.1404004245548316,0.6497112739656812
4.0,3.473684210526316,0.16636142493842218,0.5808448934545319
4.0,3.473684210526316,0.1971227921517696,0.6133427130965747
4.0,3.473684210526316,0.23357214690901223,0.6042422628215826
4.0,3.473684210526316,0.2767612370754227,0.5795861483319921
4.0,3.473684210526316,0.32793628590208806,0.5945859980879308
4.0,3.473684210526316,0.3885739518570975,0.5832558589040766
4.0,3.473684210526316,0.460423937675878,0.5692890565460755
4.0,3.473684210526316,0.5455594781168519,0.5366358782458425
4.0,3.473684210526316,0.646437163249006,0.5166438368411813
4.0,3.473684210526316,0.7659678234751834,0.4906252920068337
4.0,3.473684210526316,0.907600521681814,0.44521673578249726
4.0,3.473684210526316,1.0754220761125606,0.4158932953235315
4.0,3.473684210526316,1.2742749857031335,0.38256473591699225
4.0,3.473684210526316,1.5098971606184193,0.3482939089116665
4.0,3.473684210526316,1.789087489923219,0.3166248191866823
4.0,3.473684210526316,2.1199020238496082,0.2894005145727523
4.0,3.473684210526316,2.51188643150958,0.2674207717878856
4.0,3.7368421052631575,0.09999999999999999,0.5396604751154161
4.0,3.7368421052631575,0.11849068510006666,0.5502247578494264
4.0,3.7368421052631575,0.1404004245548316,0.5249289640981517
4.0,3.7368421052631575,0.16636142493842218,0.5392896040896678
4.0,3.7368421052631575,0.1971227921517696,0.5198704977919082
4.0,3.7368421052631575,0.23357214690901223,0.5374862830320444
4.0,3.7368421052631575,0.2767612370754227,0.5215065479458796
4.0,3.7368421052631575,0.32793628590208806,0.4930433386769423
4.0,3.7368421052631575,0.3885739518570975,0.5134009538351308
4.0,3.7368421052631575,0.460423937675878,0.490554454040674
4.0,3.7368421052631575,0.5455594781168519,0.5018234545014842
4.0,3.7368421052631575,0.646437163249006,0.4749140228595808
4.0,3.7368421052631575,0.7659678234751834,0.46035049840085235
4.0,3.7368421052631575,0.907600521681814,0.42617713931223294
4.0,3.7368421052631575,1.0754220761125606,0.40540810480344935
4.0,3.7368421052631575,1.2742749857031335,0.368835158265701
4.0,3.7368421052631575,1.5098971606184193,0.3411931899164415
4.0,3.7368421052631575,1.789087489923219,0.3173639357119514
4.0,3.7368421052631575,2.1199020238496082,0.2924727940705113
4.0,3.7368421052631575,2.51188643150958,0.27010763839986685
4.0,4.0,0.09999999999999999,0.35373159107220303
4.0,4.0,0.11849068510006666,0.36275358348006903
4.0,4.0,0.1404004245548316,0.36978219436485643
4.0,4.0,0.16636142493842218,0.37280481597137255
4.0,4.0,0.1971227921517696,0.4008086492504535
4.0,4.0,0.23357214690901223,0.3979564809528063
4.0,4.0,0.2767612370754227,0.386086645327819
4.0,4.0,0.32793628590208806,0.3996985202906646
4.0,4.0,0.3885739518570975,0.40420405710925766
4.0,4.0,0.460423937675878,0.407437709101796
4.0,4.0,0.5455594781168519,0.4063642794728177
4.0,4.0,0.646437163249006,0.4064141138392224
4.0,4.0,0.7659678234751834,0.39406343976853403
4.0,4.0,0.907600521681814,0.38666550879632905
4.0,4.0,1.0754220761125606,0.3757692535948738
4.0,4.0,1.2742749857031335,0.36187841034881646
4.0,4.0,1.5098971606184193,0.3332921703351642
4.0,4.0,1.789087489923219,0.3101639937760099
4.0,4.0,2.1199020238496082,0.2919793947558675
4.0,4.0,2.51188643150958,0.27171506303273896
