alpha_d,alpha_h,decay,r2
0.0,-1.0,0.09999999999999999,0.46653869826108735
0.0,-1.0,0.11849068510006666,0.4501664222840588
0.0,-1.0,0.1404004245548316,0.463035224037534
0.0,-1.0,0.16636142493842218,0.4738743327634977
0.0,-1.0,0.1971227921517696,0.49900116153405305
0.0,-1.0,0.23357214690901223,0.5232419835416564
0.0,-1.0,0.2767612370754227,0.5280993190880814
0.0,-1.0,0.32793628590208806,0.5260196678640864
0.0,-1.0,0.3885739518570975,0.5854512826187483
0.0,-1.0,0.460423937675878,0.6049290553866542
0.0,-1.0,0.5455594781168519,0.6494210892309841
0.0,-1.0,0.646437163249006,0.7184720609872364
0.0,-1.0,0.7659678234751834,0.7294981851924512
0.0,-1.0,0.907600521681814,0.7740539556687995
0.0,-1.0,1.0754220761125606,0.7906725697060881
0.0,-1.0,1.2742749857031335,0.8066342979895944
0.0,-1.0,1.5098971606184193,0.8065340303864194
0.0,-1.0,1.789087489923219,0.8017642093079461
0.0,-1.0,2.1199020238496082,0.7605154677943611
0.0,-1.0,2.51188643150958,0.7443820299486716
0.0,-0.736842105263158,0.09999999999999999,0.47307390693674894
0.0,-0.736842105263158,0.11849068510006666,0.48727845366548767
0.0,-0.736842105263158,0.1404004245548316,0.492547317839527
0.0,-0.736842105263158,0.16636142493842218,0.5062441273370443
0.0,-0.736842105263158,0.1971227921517696,0.5469775103139554
0.0,-0.736842105263158,0.23357214690901223,0.5499331576821416
0.0,-0.736842105263158,0.2767612370754227,0.5593887933832398
0.0,-0.736842105263158,0.32793628590208806,0.6045955035882331
0.0,-0.736842105263158,0.3885739518570975,0.6204618647089912
0.0,-0.736842105263158,0.460423937675878,0.6534759665852946
0.0,-0.736842105263158,0.5455594781168519,0.6906262295034051
0.0,-0.736842105263158,0.646437163249006,0.73035918641827
0.0,-0.736842105263158,0.7659678234751834,0.8006077562005441
0.0,-0.736842105263158,0.907600521681814,0.8013608966816446
0.0,-0.736842105263158,1.0754220761125606,0.8178236328285162
0.0,-0.736842105263158,1.2742749857031335,0.8129147903298901
0.0,-0.736842105263158,1.5098971606184193,0.8277397350954686
0.0,-0.736842105263158,1.789087489923219,0.7918058117853665
0.0,-0.736842105263158,2.1199020238496082,0.7815935288115019
0.0,-0.736842105263158,2.51188643150958,0.7413085139517205
0.0,-0.4736842105263158,0.09999999999999999,0.5271432762268006
0.0,-0.4736842105263158,0.11849068510006666,0.5818116660752426
0.0,-0.4736842105263158,0.1404004245548316,0.5821809911776767
0.0,-0.4736842105263158,0.16636142493842218,0.584562077429356
0.0,-0.4736842105263158,0.1971227921517696,0.6383021567378304
0.0,-0.4736842105263158,0.23357214690901223,0.6180517613993404
0.0,-0.4736842105263158,0.2767612370754227,0.6413403063220388
0.0,-0.4736842105263158,0.32793628590208806,0.6645583973049256
0.0,-0.4736842105263158,0.3885739518570975,0.7114860710301288
0.0,-0.4736842105263158,0.460423937675878,0.7154534460122098
0.0,-0.4736842105263158,0.5455594781168519,0.7410109090240499
0.0,-0.4736842105263158,0.646437163249006,0.8199501967148024
0.0,-0.4736842105263158,0.7659678234751834,0.8404694981103217
0.0,-0.4736842105263158,0.907600521681814,0.8424034121415491
0.0,-0.4736842105263158,1.0754220761125606,0.8406528274008909
0.0,-0.4736842105263158,1.2742749857031335,0.8209360917551587
0.0,-0.4736842105263158,1.5098971606184193,0.8157795231190001
0.0,-0.4736842105263158,1.789087489923219,0.7945760100841807
0.0,-0.4736842105263158,2.1199020238496082,0.761768449544613
0.0,-0.4736842105263158,2.51188643150958,0.7335205512602824
0.0,-0.21052631578947367,0.09999999999999999,0.6315162210679331
0.0,-0.21052631578947367,0.11849068510006666,0.6629245858767974
0.0,-0.21052631578947367,0.1404004245548316,0.6372848268909366
0.0,-0.21052631578947367,0.16636142493842218,0.6618325898738849
0.0,-0.21052631578947367,0.1971227921517696,0.7013730903281669
0.0,-0.21052631578947367,0.23357214690901223,0.7128671381067974
0.0,-0.21052631578947367,0.2767612370754227,0.7577042356292478
0.0,-0.21052631578947367,0.32793628590208806,0.7376788197698323
0.0,-0.21052631578947367,0.3885739518570975,0.766600101927615
0.0,-0.21052631578947367,0.460423937675878,0.7950047733606252
0.0,-0.21052631578947367,0.5455594781168519,0.8319289991053654
0.0,-0.21052631578947367,0.646437163249006,0.8423748732056613
0.0,-0.21052631578947367,0.7659678234751834,0.8313546008274968
0.0,-0.21052631578947367,0.907600521681814,0.8230171770887025
0.0,-0.21052631578947367,1.0754220761125606,0.815239589220665
0.0,-0.21052631578947367,1.2742749857031335,0.7916681304638209
0.0,-0.21052631578947367,1.5098971606184193,0.7827966249491247
0.0,-0.21052631578947367,1.789087489923219,0.7639853970345587
0.0,-0.21052631578947367,2.1199020238496082,0.7304843137009296
0.0,-0.21052631578947367,2.51188643150958,0.7004998903485629
0.0,0.05263157894736836,0.09999999999999999,0.5064889541308449
0.0,0.05263157894736836,0.11849068510006666,0.5553677713910362
0.0,0.05263157894736836,0.1404004245548316,0.5350354741417446
0.0,0.05263157894736836,0.16636142493842218,0.5809471545647975
0.0,0.05263157894736836,0.1971227921517696,0.5979218770831939
0.0,0.05263157894736836,0.23357214690901223,0.6090274050112052
0.0,0.05263157894736836,0.2767612370754227,0.6345541356936251
0.0,0.05263157894736836,0.32793628590208806,0.6625352853769895
0.0,0.05263157894736836,0.3885739518570975,0.6840208202122127
0.0,0.05263157894736836,0.460423937675878,0.7137852791121023
0.0,0.05263157894736836,0.5455594781168519,0.740475098941605
0.0,0.05263157894736836,0.646437163249006,0.7463770990638949
0.0,0.05263157894736836,0.7659678234751834,0.7705876721176597
0.0,0.05263157894736836,0.907600521681814,0.768097471063979
0.0,0.05263157894736836,1.0754220761125606,0.7673381840926318
0.0,0.05263157894736836,1.2742749857031335,0.752615130086158
0.0,0.05263157894736836,1.5098971606184193,0.7503510141542357
0.0,0.05263157894736836,1.789087489923219,0.7278109695949139
0.0,0.05263157894736836,2.1199020238496082,0.7022576038506136
0.0,0.05263157894736836,2.51188643150958,0.6842567806914128
0.0,0.3157894736842104,0.09999999999999999,0.48876631836861395
0.0,0.3157894736842104,0.11849068510006666,0.5023394957513279
0.0,0.3157894736842104,0.1404004245548316,0.4924453821145392
0.0,0.3157894736842104,0.16636142493842218,0.5407446142206601
0.0,0.3157894736842104,0.1971227921517696,0.5417075952487497
0.0,0.3157894736842104,0.23357214690901223,0.5787538520589373
0.0,0.3157894736842104,0.2767612370754227,0.5647426223536895
0.0,0.3157894736842104,0.32793628590208806,0.6003149792832456
0.0,0.3157894736842104,0.3885739518570975,0.6361298428412266
0.0,0.3157894736842104,0.460423937675878,0.6582157704573497
0.0,0.3157894736842104,0.5455594781168519,0.6856278736199755
0.0,0.3157894736842104,0.646437163249006,0.6879897904871018
0.0,0.3157894736842104,0.7659678234751834,0.7259564334695995
0.0,0.3157894736842104,0.907600521681814,0.7390601390191978
0.0,0.3157894736842104,1.0754220761125606,0.7308526128629828
0.0,0.3157894736842104,1.2742749857031335,0.7324258852538973
0.0,0.3157894736842104,1.5098971606184193,0.7203709215215229
0.0,0.3157894736842104,1.789087489923219,0.7057323164728325
0.0,0.3157894736842104,2.1199020238496082,0.6827394989177329
0.0,0.3157894736842104,2.51188643150958,0.6669718076923888
0.0,0.5789473684210527,0.09999999999999999,0.46507949957317535
0.0,0.5789473684210527,0.11849068510006666,0.4627455717261678
0.0,0.5789473684210527,0.1404004245548316,0.4783020057702656
0.0,0.5789473684210527,0.16636142493842218,0.5165216501061995
0.0,0.5789473684210527,0.1971227921517696,0.5056792456108332
0.0,0.5789473684210527,0.23357214690901223,0.5568724509191383
0.0,0.5789473684210527,0.2767612370754227,0.5638111186974196
0.0,0.5789473684210527,0.32793628590208806,0.6068353037770542
0.0,0.5789473684210527,0.3885739518570975,0.5987052817678409
0.0,0.5789473684210527,0.460423937675878,0.6273797061356603
0.0,0.5789473684210527,0.5455594781168519,0.6505489175893535
0.0,0.5789473684210527,0.646437163249006,0.6560415829519755
0.0,0.5789473684210527,0.7659678234751834,0.706719606817785
0.0,0.5789473684210527,0.907600521681814,0.6943813762273526
0.0,0.5789473684210527,1.0754220761125606,0.7033083071004612
0.0,0.5789473684210527,1.2742749857031335,0.7216515450737012
0.0,0.5789473684210527,1.5098971606184193,0.7053807353301235
0.0,0.5789473684210527,1.789087489923219,0.6827732068285778
0.0,0.5789473684210527,2.1199020238496082,0.6672777963984825
0.0,0.5789473684210527,2.51188643150958,0.6564034003671142
0.0,0.8421052631578947,0.09999999999999999,0.48726692288067497
0.0,0.8421052631578947,0.11849068510006666,0.46631692744260467
0.0,0.8421052631578947,0.1404004245548316,0.49742980073968335
0.0,0.8421052631578947,0.16636142493842218,0.5200666301126028
0.0,0.8421052631578947,0.1971227921517696,0.5152438893417384
0.0,0.8421052631578947,0.23357214690901223,0.5428330441163584
0.0,0.8421052631578947,0.2767612370754227,0.5469586082741529
0.0,0.8421052631578947,0.32793628590208806,0.5904025948157313
0.0,0.8421052631578947,0.3885739518570975,0.6085173711599449
0.0,0.8421052631578947,0.460423937675878,0.6258973906478772
0.0,0.8421052631578947,0.5455594781168519,0.6443715258428341
0.0,0.8421052631578947,0.646437163249006,0.6785185311503825
0.0,0.8421052631578947,0.7659678234751834,0.6844095833457271
0.0,0.8421052631578947,0.907600521681814,0.6960851054794466
0.0,0.8421052631578947,1.0754220761125606,0.6876083197783575
0.0,0.8421052631578947,1.2742749857031335,0.698975152806639
0.0,0.8421052631578947,1.5098971606184193,0.6931421940716233
0.0,0.8421052631578947,1.789087489923219,0.6798100429475492
0.0,0.8421052631578947,2.1199020238496082,0.6642296201909421
0.0,0.8421052631578947,2.51188643150958,0.652598392064896
0.0,1.1052631578947367,0.09999999999999999,0.42528232618561096
0.0,1.1052631578947367,0.11849068510006666,0.46071207964043426
0.0,1.1052631578947367,0.1404004245548316,0.5122845710002257
0.0,1.1052631578947367,0.16636142493842218,0.4993209684725755
0.0,1.1052631578947367,0.1971227921517696,0.5162898012510619
0.0,1.1052631578947367,0.23357214690901223,0.5311130654186075
0.0,1.1052631578947367,0.2767612370754227,0.5766400229655892
0.0,1.1052631578947367,0.32793628590208806,0.5600399001656399
0.0,1.1052631578947367,0.3885739518570975,0.5852387242086258
0.0,1.1052631578947367,0.460423937675878,0.6090949933566319
0.0,1.1052631578947367,0.5455594781168519,0.6474108126304806
0.0,1.1052631578947367,0.646437163249006,0.6544689474063188
0.0,1.1052631578947367,0.7659678234751834,0.6704434661514405
0.0,1.1052631578947367,0.907600521681814,0.6788341988180178
0.0,1.1052631578947367,1.0754220761125606,0.6908974076709483
0.0,1.1052631578947367,1.2742749857031335,0.6930110660241072
0.0,1.1052631578947367,1.5098971606184193,0.6863021619723777
0.0,1.1052631578947367,1.789087489923219,0.6788097562204486
0.0,1.1052631578947367,2.1199020238496082,0.6672766623252682
0.0,1.1052631578947367,2.51188643150958,0.650787355789533
0.0,1.3684210526315788,0.09999999999999999,0.44222395094391864
0.0,1.3684210526315788,0.11849068510006666,0.47262073511648217
0.0,1.3684210526315788,0.1404004245548316,0.48756726713297843
0.0,1.3684210526315788,0.16636142493842218,0.5002391231038446
0.0,1.3684210526315788,0.1971227921517696,0.5014266756084149
0.0,1.3684210526315788,0.23357214690901223,0.5453189384449476
0.0,1.3684210526315788,0.2767612370754227,0.5397612837178222
0.0,1.3684210526315788,0.32793628590208806,0.5580990033309089
0.0,1.3684210526315788,0.3885739518570975,0.559938599188772
0.0,1.3684210526315788,0.460423937675878,0.6144137835678259
0.0,1.3684210526315788,0.5455594781168519,0.6138541426909282
0.0,1.3684210526315788,0.646437163249006,0.6479174380277641
0.0,1.3684210526315788,0.7659678234751834,0.6663045005851697
0.0,1.3684210526315788,0.907600521681814,0.6782327684029827
0.0,1.3684210526315788,1.0754220761125606,0.6823765495822814
0.0,1.3684210526315788,1.2742749857031335,0.6982286988546811
0.0,1.3684210526315788,1.5098971606184193,0.6892838751585334
0.0,1.3684210526315788,1.789087489923219,0.6766538028584372
0.0,1.3684210526315788,2.1199020238496082,0.6607806368338992
0.0,1.3684210526315788,2.51188643150958,0.6449462523562183
0.0,1.6315789473684208,0.09999999999999999,0.45667896106302563
0.0,1.6315789473684208,0.11849068510006666,0.4915080851749778
0.0,1.6315789473684208,0.1404004245548316,0.47815825945464535
0.0,1.6315789473684208,0.16636142493842218,0.49159577742930793
0.0,1.6315789473684208,0.1971227921517696,0.4926144725370496
0.0,1.6315789473684208,0.23357214690901223,0.5023425011399297
0.0,1.6315789473684208,0.2767612370754227,0.5473647582255641
0.0,1.6315789473684208,0.32793628590208806,0.555280071674347
0.0,1.6315789473684208,0.3885739518570975,0.5929642591714074
0.0,1.6315789473684208,0.460423937675878,0.6116074624203084
0.0,1.6315789473684208,0.5455594781168519,0.6288907085057707
0.0,1.6315789473684208,0.646437163249006,0.6403471586614827
0.0,1.6315789473684208,0.7659678234751834,0.6788765855015116
0.0,1.6315789473684208,0.907600521681814,0.6721465311584326
0.0,1.6315789473684208,1.0754220761125606,0.6836032172189256
0.0,1.6315789473684208,1.2742749857031335,0.6894936822559735
0.0,1.6315789473684208,1.5098971606184193,0.6761599743897666
0.0,1.6315789473684208,1.789087489923219,0.6841956580268184
0.0,1.6315789473684208,2.1199020238496082,0.660855911774033
0.0,1.6315789473684208,2.51188643150958,0.6485205757781373
0.0,1.8947368421052628,0.09999999999999999,0.480997680796789
0.0,1.8947368421052628,0.11849068510006666,0.4618311856517331
0.0,1.8947368421052628,0.1404004245548316,0.4708524625500457
0.0,1.8947368421052628,0.16636142493842218,0.48514073353930715
0.0,1.8947368421052628,0.1971227921517696,0.5200804562838763
0.0,1.8947368421052628,0.23357214690901223,0.508984418901168
0.0,1.8947368421052628,0.2767612370754227,0.538951806254912
0.0,1.8947368421052628,0.32793628590208806,0.5666607469739489
0.0,1.8947368421052628,0.3885739518570975,0.5814449688540677
0.0,1.8947368421052628,0.460423937675878,0.5970937889830562
0.0,1.8947368421052628,0.5455594781168519,0.6108054269652439
0.0,1.8947368421052628,0.646437163249006,0.6518924980103685
0.0,1.8947368421052628,0.7659678234751834,0.6660010557032147
0.0,1.8947368421052628,0.907600521681814,0.6654809849164817
0.0,1.8947368421052628,1.0754220761125606,0.6771089406228025
0.0,1.8947368421052628,1.2742749857031335,0.6856381411795797
0.0,1.8947368421052628,1.5098971606184193,0.6829549833004364
0.0,1.8947368421052628,1.789087489923219,0.6740853248972646
0.0,1.8947368421052628,2.1199020238496082,0.6627840552094608
0.0,1.8947368421052628,2.51188643150958,0.6490652709471515
0.0,2.1578947368421053,0.09999999999999999,0.4678284205485506
0.0,2.1578947368421053,0.11849068510006666,0.46935046970464944
0.0,2.1578947368421053,0.1404004245548316,0.4935443782808251
0.0,2.1578947368421053,0.16636142493842218,0.5133245160686275
0.0,2.1578947368421053,0.1971227921517696,0.48563773298809454
0.0,2.1578947368421053,0.23357214690901223,0.5092007625817372
0.0,2.1578947368421053,0.2767612370754227,0.5225129377621953
0.0,2.1578947368421053,0.32793628590208806,0.5529058419384314
0.0,2.1578947368421053,0.3885739518570975,0.600243561546329
0.0,2.1578947368421053,0.460423937675878,0.6029295584044422
0.0,2.1578947368421053,0.5455594781168519,0.6247559013415219
0.0,2.1578947368421053,0.646437163249006,0.6480896847066749
0.0,2.1578947368421053,0.7659678234751834,0.6736799549824264
0.0,2.1578947368421053,0.907600521681814,0.668536181759606
0.0,2.1578947368421053,1.0754220761125606,0.6773288686698384
0.0,2.1578947368421053,1.2742749857031335,0.6906710525896089
0.0,2.1578947368421053,1.5098971606184193,0.6795266302186476
0.0,2.1578947368421053,1.789087489923219,0.6721264421560303
0.0,2.1578947368421053,2.1199020238496082,0.6588687018809322
0.0,2.1578947368421053,2.51188643150958,0.6513260172473125
0.0,2.4210526315789473,0.09999999999999999,0.4497120478999868
0.0,2.4210526315789473,0.11849068510006666,0.45045485167347793
0.0,2.4210526315789473,0.1404004245548316,0.5018554805355528
0.0,2.4210526315789473,0.16636142493842218,0.4776278627165128
0.0,2.4210526315789473,0.1971227921517696,0.5073462150120386
0.0,2.4210526315789473,0.23357214690901223,0.521776012503499
0.0,2.4210526315789473,0.2767612370754227,0.5154713713448148
0.0,2.4210526315789473,0.32793628590208806,0.5561713802253739
0.0,2.4210526315789473,0.3885739518570975,0.5670609788410398
0.0,2.4210526315789473,0.460423937675878,0.6062441732434919
0.0,2.4210526315789473,0.5455594781168519,0.632211993212859
0.0,2.4210526315789473,0.646437163249006,0.656492505568507
0.0,2.4210526315789473,0.7659678234751834,0.6720906399128002
0.0,2.4210526315789473,0.907600521681814,0.6704263494141649
0.0,2.4210526315789473,1.0754220761125606,0.6964382549396912
0.0,2.4210526315789473,1.2742749857031335,0.6827756506104975
0.0,2.4210526315789473,1.5098971606184193,0.6780208341546576
0.0,2.4210526315789473,1.789087489923219,0.6710218582292383
0.0,2.4210526315789473,2.1199020238496082,0.6589143970247784
0.0,2.4210526315789473,2.51188643150958,0.6476193431016053
0.0,2.6842105263157894,0.09999999999999999,0.4625097468934725
0.0,2.6842105263157894,0.11849068510006666,0.45973669130930067
0.0,2.6842105263157894,0.1404004245548316,0.4834555961376558
0.0,2.6842105263157894,0.16636142493842218,0.48880698540711837
0.0,2.6842105263157894,0.1971227921517696,0.5080246677140594
0.0,2.6842105263157894,0.23357214690901223,0.5517708664873086
0.0,2.6842105263157894,0.2767612370754227,0.5738983125930591
0.0,2.6842105263157894,0.32793628590208806,0.5408140233152184
0.0,2.6842105263157894,0.3885739518570975,0.5752767805008638
0.0,2.6842105263157894,0.460423937675878,0.6078656412733203
0.0,2.6842105263157894,0.5455594781168519,0.6196854276171548
0.0,2.6842105263157894,0.646437163249006,0.6623104125351995
0.0,2.6842105263157894,0.7659678234751834,0.6692717785580643
0.0,2.6842105263157894,0.907600521681814,0.6754260756692014
0.0,2.6842105263157894,1.0754220761125606,0.6925104573534407
0.0,2.6842105263157894,1.2742749857031335,0.6954300159832462
0.0,2.6842105263157894,1.5098971606184193,0.6900309546624864
0.0,2.6842105263157894,1.789087489923219,0.6727626817010999
0.0,2.6842105263157894,2.1199020238496082,0.6629105293080595
0.0,2.6842105263157894,2.51188643150958,0.6480581159025516
0.0,2.9473684210526314,0.09999999999999999,0.45423237434124447
0.0,2.9473684210526314,0.11849068510006666,0.4623069280260943
0.0,2.9473684210526314,0.1404004245548316,0.46796388045836657
0.0,2.9473684210526314,0.16636142493842218,0.4855975534378453
0.0,2.9473684210526314,0.1971227921517696,0.4971657284032223
0.0,2.9473684210526314,0.23357214690901223,0.5110470424993965
0.0,2.9473684210526314,0.2767612370754227,0.5261213477193426
0.0,2.9473684210526314,0.32793628590208806,0.5692622105072045
0.0,2.9473684210526314,0.3885739518570975,0.5826373857131171
0.0,2.9473684210526314,0.460423937675878,0.5882851715493433
0.0,2.9473684210526314,0.5455594781168519,0.6259727971173167
0.0,2.9473684210526314,0.646437163249006,0.639660094427003
0.0,2.9473684210526314,0.7659678234751834,0.6420333793869386
0.0,2.9473684210526314,0.907600521681814,0.6595508949641569
0.0,2.9473684210526314,1.0754220761125606,0.6724709468262142
0.0,2.9473684210526314,1.2742749857031335,0.6839472363856944
0.0,2.9473684210526314,1.5098971606184193,0.6801582992465578
0.0,2.9473684210526314,1.789087489923219,0.6696627109837586
0.0,2.9473684210526314,2.1199020238496082,0.6613857436498076
0.0,2.9473684210526314,2.51188643150958,0.6453939803262086
0.0,3.2105263157894735,0.09999999999999999,0.45411743765942203
0.0,3.2105263157894735,0.11849068510006666,0.4606606337505688
0.0,3.2105263157894735,0.1404004245548316,0.4881670452656834
0.0,3.2105263157894735,0.16636142493842218,0.4866743535610242
0.0,3.2105263157894735,0.1971227921517696,0.4893510516361136
0.0,3.2105263157894735,0.23357214690901223,0.5203541187213273
0.0,3.2105263157894735,0.2767612370754227,0.541501109644399
0.0,3.2105263157894735,0.32793628590208806,0.5647037346248763
0.0,3.2105263157894735,0.3885739518570975,0.5735709642464324
0.0,3.2105263157894735,0.460423937675878,0.5704582915744933
0.0,3.2105263157894735,0.5455594781168519,0.6044745673217322
0.0,3.2105263157894735,0.646437163249006,0.6379601550997633
0.0,3.2105263157894735,0.7659678234751834,0.6575048581828934
0.0,3.2105263157894735,0.907600521681814,0.678001440659806
0.0,3.2105263157894735,1.0754220761125606,0.6872644586733586
0.0,3.2105263157894735,1.2742749857031335,0.6850198592744333
0.0,3.2105263157894735,1.5098971606184193,0.6765639583072939
0.0,3.2105263157894735,1.789087489923219,0.6756221055636953
0.0,3.2105263157894735,2.1199020238496082,0.6579222663970439
0.0,3.2105263157894735,2.51188643150958,0.6495691011019987
0.0,3.473684210526316,0.09999999999999999,0.470370619657249
0.0,3.473684210526316,0.11849068510006666,0.4551770389269037
0.0,3.473684210526316,0.1404004245548316,0.46226015285108274
0.0,3.473684210526316,0.16636142493842218,0.48480643907007587
0.0,3.473684210526316,0.1971227921517696,0.4994672902557549
0.0,3.473684210526316,0.23357214690901223,0.5179114539734863
0.0,3.473684210526316,0.2767612370754227,0.5282210208512023
0.0,3.473684210526316,0.32793628590208806,0.5489506462251309
0.0,3.473684210526316,0.3885739518570975,0.5632459549356271
0.0,3.473684210526316,0.460423937675878,0.6276775261913096
0.0,3.473684210526316,0.5455594781168519,0.6175717451028393
0.0,3.473684210526316,0.646437163249006,0.6315607591629854
0.0,3.473684210526316,0.7659678234751834,0.6514971483655665
0.0,3.473684210526316,0.907600521681814,0.6683242951687836
0.0,3.473684210526316,1.0754220761125606,0.6907231350795894
0.0,3.473684210526316,1.2742749857031335,0.6769298791293504
0.0,3.473684210526316,1.5098971606184193,0.6832775023661917
0.0,3.473684210526316,1.789087489923219,0.672744013017843
0.0,3.473684210526316,2.1199020238496082,0.6609985270213711
0.0,3.473684210526316,2.51188643150958,0.646262830771359
0.0,3.7368421052631575,0.09999999999999999,0.4608541898061374
0.0,3.7368421052631575,0.11849068510006666,0.45972421092346166
0.0,3.7368421052631575,0.1404004245548316,0.4831522617037385
0.0,3.7368421052631575,0.16636142493842218,0.496804314060937
0.0,3.7368421052631575,0.1971227921517696,0.5013482843735579
0.0,3.7368421052631575,0.23357214690901223,0.501070947397208
0.0,3.7368421052631575,0.2767612370754227,0.521931150375227
0.0,3.7368421052631575,0.32793628590208806,0.5652948781574197
0.0,3.7368421052631575,0.3885739518570975,0.5770612914160248
0.0,3.7368421052631575,0.460423937675878,0.571960357459701
0.0,3.7368421052631575,0.5455594781168519,0.6519078358969725
0.0,3.7368421052631575,0.646437163249006,0.6389674778931105
0.0,3.7368421052631575,0.7659678234751834,0.6625853863689134
0.0,3.7368421052631575,0.907600521681814,0.6716017532499529
0.0,3.7368421052631575,1.0754220761125606,0.6838685307153421
0.0,3.7368421052631575,1.2742749857031335,0.6836667701764622
0.0,3.7368421052631575,1.5098971606184193,0.6835863450504651
0.0,3.7368421052631575,1.789087489923219,0.6765362590541198
0.0,3.7368421052631575,2.1199020238496082,0.6631293639203959
0.0,3.7368421052631575,2.51188643150958,0.649446260120336
0.0,4.0,0.09999999999999999,0.4388116376265138
0.0,4.0,0.11849068510006666,0.44360375716143885
0.0,4.0,0.1404004245548316,0.48308014389970105
0.0,4.0,0.16636142493842218,0.4938519802074279
0.0,4.0,0.1971227921517696,0.5228446147088609
0.0,4.0,0.23357214690901223,0.49467046085333555
0.0,4.0,0.2767612370754227,0.5483208176554838
0.0,4.0,0.32793628590208806,0.5449675903717369
0.0,4.0,0.3885739518570975,0.5541721993728536
0.0,4.0,0.460423937675878,0.5947482311893766
0.0,4.0,0.5455594781168519,0.6419487948910898
0.0,4.0,0.646437163249006,0.6255995608774869
0.0,4.0,0.7659678234751834,0.6529790978129224
0.0,4.0,0.907600521681814,0.6839738469214162
0.0,4.0,1.0754220761125606,0.6852044742681594
0.0,4.0,1.2742749857031335,0.6852328395738125
0.0,4.0,1.5098971606184193,0.683220533621598
0.0,4.0,1.789087489923219,0.6669322686621162
0.0,4.0,2.1199020238496082,0.6595218575936472
0.0,4.0,2.51188643150958,0.6471694304435149
0.21052631578947367,-1.0,0.09999999999999999,0.5601251920063497
0.21052631578947367,-1.0,0.11849068510006666,0.5519166214425791
0.21052631578947367,-1.0,0.1404004245548316,0.5751715156375787
0.21052631578947367,-1.0,0.16636142493842218,0.6056008849080153
0.21052631578947367,-1.0,0.1971227921517696,0.598925872731589
0.21052631578947367,-1.0,0.23357214690901223,0.614569763094852
0.21052631578947367,-1.0,0.2767612370754227,0.6387018539573756
0.21052631578947367,-1.0,0.32793628590208806,0.673891561508543
0.21052631578947367,-1.0,0.3885739518570975,0.7064455195154304
0.21052631578947367,-1.0,0.460423937675878,0.7219044466406701
0.21052631578947367,-1.0,0.5455594781168519,0.7241721515141695
0.21052631578947367,-1.0,0.646437163249006,0.7463573619096457
0.21052631578947367,-1.0,0.7659678234751834,0.7606636848794538
0.21052631578947367,-1.0,0.907600521681814,0.7512420479133645
0.21052631578947367,-1.0,1.0754220761125606,0.7683818493919126
0.21052631578947367,-1.0,1.2742749857031335,0.7617020652580034
0.21052631578947367,-1.0,1.5098971606184193,0.746375854392989
0.21052631578947367,-1.0,1.789087489923219,0.7300039085361212
0.21052631578947367,-1.0,2.1199020238496082,0.7124148748748695
0.21052631578947367,-1.0,2.51188643150958,0.6934312064659937
0.21052631578947367,-0.736842105263158,0.09999999999999999,0.5695772851552036
0.21052631578947367,-0.736842105263158,0.11849068510006666,0.6612567936546551
0.21052631578947367,-0.736842105263158,0.1404004245548316,0.6205815364105549
0.21052631578947367,-0.736842105263158,0.16636142493842218,0.6433151482725483
0.21052631578947367,-0.736842105263158,0.1971227921517696,0.6528970566932714
0.21052631578947367,-0.736842105263158,0.23357214690901223,0.6735412883085482
0.21052631578947367,-0.736842105263158,0.2767612370754227,0.6935513688111696
0.21052631578947367,-0.736842105263158,0.32793628590208806,0.7358182884330325
0.21052631578947367,-0.736842105263158,0.3885739518570975,0.7314417758931274
0.21052631578947367,-0.736842105263158,0.460423937675878,0.7548783537366273
0.21052631578947367,-0.736842105263158,0.5455594781168519,0.7691444682240188
0.21052631578947367,-0.736842105263158,0.646437163249006,0.7799296046494203
0.21052631578947367,-0.736842105263158,0.7659678234751834,0.7866197967202102
0.21052631578947367,-0.736842105263158,0.907600521681814,0.784312532599211
0.21052631578947367,-0.736842105263158,1.0754220761125606,0.7817802410571945
0.21052631578947367,-0.736842105263158,1.2742749857031335,0.7793727070420318
0.21052631578947367,-0.736842105263158,1.5098971606184193,0.7487215471022236
0.21052631578947367,-0.736842105263158,1.789087489923219,0.7355824401400454
0.21052631578947367,-0.736842105263158,2.1199020238496082,0.7119037565065551
0.21052631578947367,-0.736842105263158,2.51188643150958,0.6858591501795122
0.21052631578947367,-0.4736842105263158,0.09999999999999999,0.6658040855139501
0.21052631578947367,-0.4736842105263158,0.11849068510006666,0.6827875785995069
0.21052631578947367,-0.4736842105263158,0.1404004245548316,0.6709243535417811
0.21052631578947367,-0.4736842105263158,0.16636142493842218,0.705111720584053
0.21052631578947367,-0.4736842105263158,0.1971227921517696,0.7105700913010479
0.21052631578947367,-0.4736842105263158,0.23357214690901223,0.7159515587714271
0.21052631578947367,-0.4736842105263158,0.2767612370754227,0.7337299650971462
0.21052631578947367,-0.4736842105263158,0.32793628590208806,0.7621212650061678
0.21052631578947367,-0.4736842105263158,0.3885739518570975,0.7844666957724656
0.21052631578947367,-0.4736842105263158,0.460423937675878,0.7805077269048539
0.21052631578947367,-0.4736842105263158,0.5455594781168519,0.8024064517839264
0.21052631578947367,-0.4736842105263158,0.646437163249006,0.8179268574360437
0.21052631578947367,-0.4736842105263158,0.7659678234751834,0.8049706511990264
0.21052631578947367,-0.4736842105263158,0.907600521681814,0.8038681941804501
0.21052631578947367,-0.4736842105263158,1.0754220761125606,0.7916040422382948
0.21052631578947367,-0.4736842105263158,1.2742749857031335,0.7875364747176771
0.21052631578947367,-0.4736842105263158,1.5098971606184193,0.752400750844876
0.21052631578947367,-0.4736842105263158,1.789087489923219,0.7402584754310234
0.21052631578947367,-0.4736842105263158,2.1199020238496082,0.7141190258938851
0.21052631578947367,-0.4736842105263158,2.51188643150958,0.6882864882674705
0.21052631578947367,-0.21052631578947367,0.09999999999999999,0.6644986835230491
0.21052631578947367,-0.21052631578947367,0.11849068510006666,0.6943302626078516
0.21052631578947367,-0.21052631578947367,0.1404004245548316,0.7047884477616765
0.21052631578947367,-0.21052631578947367,0.16636142493842218,0.7129336063285756
0.21052631578947367,-0.21052631578947367,0.1971227921517696,0.7265745764745662
0.21052631578947367,-0.21052631578947367,0.23357214690901223,0.7520781072220252
0.21052631578947367,-0.21052631578947367,0.2767612370754227,0.7754731628983292
0.21052631578947367,-0.21052631578947367,0.32793628590208806,0.7804524970577581
0.21052631578947367,-0.21052631578947367,0.3885739518570975,0.7989761714506715
0.21052631578947367,-0.21052631578947367,0.460423937675878,0.8070877847187619
0.21052631578947367,-0.21052631578947367,0.5455594781168519,0.8172491263584455
0.21052631578947367,-0.21052631578947367,0.646437163249006,0.8176998972458148
0.21052631578947367,-0.21052631578947367,0.7659678234751834,0.8113030951833435
0.21052631578947367,-0.21052631578947367,0.907600521681814,0.8090674063712624
0.21052631578947367,-0.21052631578947367,1.0754220761125606,0.7914249760950773
0.21052631578947367,-0.21052631578947367,1.2742749857031335,0.7855444919765401
0.21052631578947367,-0.21052631578947367,1.5098971606184193,0.761925973576322
0.21052631578947367,-0.21052631578947367,1.789087489923219,0.7368848897895469
0.21052631578947367,-0.21052631578947367,2.1199020238496082,0.7131675787043106
0.21052631578947367,-0.21052631578947367,2.51188643150958,0.6933102090654049
0.21052631578947367,0.05263157894736836,0.09999999999999999,0.6343360196187977
0.21052631578947367,0.05263157894736836,0.11849068510006666,0.6498913963834262
0.21052631578947367,0.05263157894736836,0.1404004245548316,0.6131685370566433
0.21052631578947367,0.05263157894736836,0.16636142493842218,0.6582316169670556
0.21052631578947367,0.05263157894736836,0.1971227921517696,0.6756233399669698
0.21052631578947367,0.05263157894736836,0.23357214690901223,0.6804169008231014
0.21052631578947367,0.05263157894736836,0.2767612370754227,0.7202457202665856
0.21052631578947367,0.05263157894736836,0.32793628590208806,0.7396995107106911
0.21052631578947367,0.05263157894736836,0.3885739518570975,0.76836455948549
0.21052631578947367,0.05263157894736836,0.460423937675878,0.7843606965084636
0.21052631578947367,0.05263157894736836,0.5455594781168519,0.7964292104617176
0.21052631578947367,0.05263157894736836,0.646437163249006,0.7953216682591087
0.21052631578947367,0.05263157894736836,0.7659678234751834,0.8008743979947776
0.21052631578947367,0.05263157894736836,0.907600521681814,0.7986962752867456
0.21052631578947367,0.05263157894736836,1.0754220761125606,0.7888379179649372
0.21052631578947367,0.05263157894736836,1.2742749857031335,0.7757236733778134
0.21052631578947367,0.05263157894736836,1.5098971606184193,0.7537388671005908
0.21052631578947367,0.05263157894736836,1.789087489923219,0.7326938958248185
0.21052631578947367,0.05263157894736836,2.1199020238496082,0.7043803042054105
0.21052631578947367,0.05263157894736836,2.51188643150958,0.6871217655485226
0.21052631578947367,0.3157894736842104,0.09999999999999999,0.5473316878089528
0.21052631578947367,0.3157894736842104,0.11849068510006666,0.5509176742022613
0.21052631578947367,0.3157894736842104,0.1404004245548316,0.5847412002478264
0.21052631578947367,0.3157894736842104,0.16636142493842218,0.5650343139329553
0.21052631578947367,0.3157894736842104,0.1971227921517696,0.5863428162689254
0.21052631578947367,0.3157894736842104,0.23357214690901223,0.6132116880910718
0.21052631578947367,0.3157894736842104,0.2767612370754227,0.6641843345199646
0.21052631578947367,0.3157894736842104,0.32793628590208806,0.6569283571482032
0.21052631578947367,0.3157894736842104,0.3885739518570975,0.6898635031712222
0.21052631578947367,0.3157894736842104,0.460423937675878,0.7086340301929434
0.21052631578947367,0.3157894736842104,0.5455594781168519,0.7365551986065811
0.21052631578947367,0.3157894736842104,0.646437163249006,0.765904353607326
0.21052631578947367,0.3157894736842104,0.7659678234751834,0.7635062981340264
0.21052631578947367,0.3157894736842104,0.907600521681814,0.7592867479920761
0.21052631578947367,0.3157894736842104,1.0754220761125606,0.7668916136683107
0.21052631578947367,0.3157894736842104,1.2742749857031335,0.7532059094937271
0.21052631578947367,0.3157894736842104,1.5098971606184193,0.7420985987908266
0.21052631578947367,0.3157894736842104,1.789087489923219,0.716576001243867
0.21052631578947367,0.3157894736842104,2.1199020238496082,0.6974750330422662
0.21052631578947367,0.3157894736842104,2.51188643150958,0.6741504009531439
0.21052631578947367,0.5789473684210527,0.09999999999999999,0.4871614039760472
0.21052631578947367,0.5789473684210527,0.11849068510006666,0.5137982516234413
0.21052631578947367,0.5789473684210527,0.1404004245548316,0.4927320478483644
0.21052631578947367,0.5789473684210527,0.16636142493842218,0.5366581948371498
0.21052631578947367,0.5789473684210527,0.1971227921517696,0.5512256840804334
0.21052631578947367,0.5789473684210527,0.23357214690901223,0.5552466907080152
0.21052631578947367,0.5789473684210527,0.2767612370754227,0.6021182453154929
0.21052631578947367,0.5789473684210527,0.32793628590208806,0.6203086055889145
0.21052631578947367,0.5789473684210527,0.3885739518570975,0.6403159337649295
0.21052631578947367,0.5789473684210527,0.460423937675878,0.6683691259035881
0.21052631578947367,0.5789473684210527,0.5455594781168519,0.6821019365006598
0.21052631578947367,0.5789473684210527,0.646437163249006,0.717574679152293
0.21052631578947367,0.5789473684210527,0.7659678234751834,0.7336384793380142
0.21052631578947367,0.5789473684210527,0.907600521681814,0.7388720845116253
0.21052631578947367,0.5789473684210527,1.0754220761125606,0.7263361758880278
0.21052631578947367,0.5789473684210527,1.2742749857031335,0.736032760915878
0.21052631578947367,0.5789473684210527,1.5098971606184193,0.7137489496223932
0.21052631578947367,0.5789473684210527,1.789087489923219,0.7004181825826137
0.21052631578947367,0.5789473684210527,2.1199020238496082,0.6845673961648683
0.21052631578947367,0.5789473684210527,2.51188643150958,0.6618760652119302
0.21052631578947367,0.8421052631578947,0.09999999999999999,0.4613416120686851
0.21052631578947367,0.8421052631578947,0.11849068510006666,0.47926416957849444
0.21052631578947367,0.8421052631578947,0.1404004245548316,0.4905770745900171
0.21052631578947367,0.8421052631578947,0.16636142493842218,0.5237488907062297
0.21052631578947367,0.8421052631578947,0.1971227921517696,0.527733107328992
0.21052631578947367,0.8421052631578947,0.23357214690901223,0.5308410144910332
0.21052631578947367,0.8421052631578947,0.2767612370754227,0.5654221449349923
0.21052631578947367,0.8421052631578947,0.32793628590208806,0.578656834685105
0.21052631578947367,0.8421052631578947,0.3885739518570975,0.6228220321748046
0.21052631578947367,0.8421052631578947,0.460423937675878,0.6263134482626648
0.21052631578947367,0.8421052631578947,0.5455594781168519,0.6452382089312738
0.21052631578947367,0.8421052631578947,0.646437163249006,0.6783761095855327
0.21052631578947367,0.8421052631578947,0.7659678234751834,0.704769837244011
0.21052631578947367,0.8421052631578947,0.907600521681814,0.702446787732106
0.21052631578947367,0.8421052631578947,1.0754220761125606,0.7069231595651021
0.21052631578947367,0.8421052631578947,1.2742749857031335,0.7098579094392757
0.21052631578947367,0.8421052631578947,1.5098971606184193,0.702381980664382
0.21052631578947367,0.8421052631578947,1.789087489923219,0.6908891434020291
0.21052631578947367,0.8421052631578947,2.1199020238496082,0.6703605908499856
0.21052631578947367,0.8421052631578947,2.51188643150958,0.6590827249513405
0.21052631578947367,1.1052631578947367,0.09999999999999999,0.4468460028252021
0.21052631578947367,1.1052631578947367,0.11849068510006666,0.47171884108969764
0.21052631578947367,1.1052631578947367,0.1404004245548316,0.4946424244602438
0.21052631578947367,1.1052631578947367,0.16636142493842218,0.5001124312720252
0.21052631578947367,1.1052631578947367,0.1971227921517696,0.5388363507379577
0.21052631578947367,1.1052631578947367,0.23357214690901223,0.5268234240144082
0.21052631578947367,1.1052631578947367,0.2767612370754227,0.5718602753129467
0.21052631578947367,1.1052631578947367,0.32793628590208806,0.589153976121944
0.21052631578947367,1.1052631578947367,0.3885739518570975,0.6015960080054781
0.21052631578947367,1.1052631578947367,0.460423937675878,0.6225205188977252
0.21052631578947367,1.1052631578947367,0.5455594781168519,0.6266189310958167
0.21052631578947367,1.1052631578947367,0.646437163249006,0.6634592135901441
0.21052631578947367,1.1052631578947367,0.7659678234751834,0.6812659955345732
0.21052631578947367,1.1052631578947367,0.907600521681814,0.6772564201443009
0.21052631578947367,1.1052631578947367,1.0754220761125606,0.6868455717317408
0.21052631578947367,1.1052631578947367,1.2742749857031335,0.6998798415213141
0.21052631578947367,1.1052631578947367,1.5098971606184193,0.6835531662084362
0.21052631578947367,1.1052631578947367,1.789087489923219,0.6779531164703224
0.21052631578947367,1.1052631578947367,2.1199020238496082,0.6684943096128211
0.21052631578947367,1.1052631578947367,2.51188643150958,0.6529549612023329
0.21052631578947367,1.3684210526315788,0.09999999999999999,0.48312962920376423
0.21052631578947367,1.3684210526315788,0.11849068510006666,0.49714431819402477
0.21052631578947367,1.3684210526315788,0.1404004245548316,0.47023082157145735
0.21052631578947367,1.3684210526315788,0.16636142493842218,0.49709727160338313
0.21052631578947367,1.3684210526315788,0.1971227921517696,0.4993582267291218
0.21052631578947367,1.3684210526315788,0.23357214690901223,0.5098915015478187
0.21052631578947367,1.3684210526315788,0.2767612370754227,0.554187345551517
0.21052631578947367,1.3684210526315788,0.32793628590208806,0.5608021560446683
0.21052631578947367,1.3684210526315788,0.3885739518570975,0.5742564564308744
0.21052631578947367,1.3684210526315788,0.460423937675878,0.6216065257426637
0.21052631578947367,1.3684210526315788,0.5455594781168519,0.6279348532431112
0.21052631578947367,1.3684210526315788,0.646437163249006,0.6491331696708835
0.21052631578947367,1.3684210526315788,0.7659678234751834,0.6714138294994112
0.21052631578947367,1.3684210526315788,0.907600521681814,0.6861418746625668
0.21052631578947367,1.3684210526315788,1.0754220761125606,0.6924696091247371
0.21052631578947367,1.3684210526315788,1.2742749857031335,0.6830565075147099
0.21052631578947367,1.3684210526315788,1.5098971606184193,0.6877181559140959
0.21052631578947367,1.3684210526315788,1.789087489923219,0.6776976507729838
0.21052631578947367,1.3684210526315788,2.1199020238496082,0.6646878049067207
0.21052631578947367,1.3684210526315788,2.51188643150958,0.6488814901802151
0.21052631578947367,1.6315789473684208,0.09999999999999999,0.4573149959305246
0.21052631578947367,1.6315789473684208,0.11849068510006666,0.4741148154649162
0.21052631578947367,1.6315789473684208,0.1404004245548316,0.4771865522540425
0.21052631578947367,1.6315789473684208,0.16636142493842218,0.4725717250543827
0.21052631578947367,1.6315789473684208,0.1971227921517696,0.5027859716875112
0.21052631578947367,1.6315789473684208,0.23357214690901223,0.5350865070716345
0.21052631578947367,1.6315789473684208,0.2767612370754227,0.5286619269594439
0.21052631578947367,1.6315789473684208,0.32793628590208806,0.5633291993578087
0.21052631578947367,1.6315789473684208,0.3885739518570975,0.5692292267817948
0.21052631578947367,1.6315789473684208,0.460423937675878,0.5954010383070174
0.21052631578947367,1.6315789473684208,0.5455594781168519,0.6278438692534513
0.21052631578947367,1.6315789473684208,0.646437163249006,0.6338230670555243
0.21052631578947367,1.6315789473684208,0.7659678234751834,0.653282261843818
0.21052631578947367,1.6315789473684208,0.907600521681814,0.673806083899573
0.21052631578947367,1.6315789473684208,1.0754220761125606,0.6852605729673665
0.21052631578947367,1.6315789473684208,1.2742749857031335,0.6814382212843559
0.21052631578947367,1.6315789473684208,1.5098971606184193,0.676037201422194
0.21052631578947367,1.6315789473684208,1.789087489923219,0.6698133468012928
0.21052631578947367,1.6315789473684208,2.1199020238496082,0.6570042341990546
0.21052631578947367,1.6315789473684208,2.51188643150958,0.648017812787625
0.21052631578947367,1.8947368421052628,0.09999999999999999,0.45834903986497466
0.21052631578947367,1.8947368421052628,0.11849068510006666,0.4593282992955227
0.21052631578947367,1.8947368421052628,0.1404004245548316,0.4631714702722427
0.21052631578947367,1.8947368421052628,0.16636142493842218,0.489895445976646
0.21052631578947367,1.8947368421052628,0.1971227921517696,0.5020649818165401
0.21052631578947367,1.8947368421052628,0.23357214690901223,0.5305418260439245
0.21052631578947367,1.8947368421052628,0.2767612370754227,0.5660077213670819
0.21052631578947367,1.8947368421052628,0.32793628590208806,0.5240031948258639
0.21052631578947367,1.8947368421052628,0.3885739518570975,0.5970316796975842
0.21052631578947367,1.8947368421052628,0.460423937675878,0.5927511995502812
0.21052631578947367,1.8947368421052628,0.5455594781168519,0.6117172330218771
0.21052631578947367,1.8947368421052628,0.646437163249006,0.6298260154434409
0.21052631578947367,1.8947368421052628,0.7659678234751834,0.6431871221288507
0.21052631578947367,1.8947368421052628,0.907600521681814,0.6564536855279333
0.21052631578947367,1.8947368421052628,1.0754220761125606,0.6868299589467521
0.21052631578947367,1.8947368421052628,1.2742749857031335,0.6684240829038018
0.21052631578947367,1.8947368421052628,1.5098971606184193,0.6793939623954323
0.21052631578947367,1.8947368421052628,1.789087489923219,0.669545804471303
0.21052631578947367,1.8947368421052628,2.1199020238496082,0.6630006889554164
0.21052631578947367,1.8947368421052628,2.51188643150958,0.6437144185214377
0.21052631578947367,2.1578947368421053,0.09999999999999999,0.47569002596735815
0.21052631578947367,2.1578947368421053,0.11849068510006666,0.45546781885811893
0.21052631578947367,2.1578947368421053,0.1404004245548316,0.4709313125877883
0.21052631578947367,2.1578947368421053,0.16636142493842218,0.4835257974251047
0.21052631578947367,2.1578947368421053,0.1971227921517696,0.49576401603788994
0.21052631578947367,2.1578947368421053,0.23357214690901223,0.5179436229101884
0.21052631578947367,2.1578947368421053,0.2767612370754227,0.5503129846769892
0.21052631578947367,2.1578947368421053,0.32793628590208806,0.5519353364842726
0.21052631578947367,2.1578947368421053,0.3885739518570975,0.5640538390849538
0.21052631578947367,2.1578947368421053,0.460423937675878,0.5700489134531318
0.21052631578947367,2.1578947368421053,0.5455594781168519,0.6226727359039061
0.21052631578947367,2.1578947368421053,0.646437163249006,0.6319598617320697
0.21052631578947367,2.1578947368421053,0.7659678234751834,0.6682145941829963
0.21052631578947367,2.1578947368421053,0.907600521681814,0.6772771534547062
0.21052631578947367,2.1578947368421053,1.0754220761125606,0.6760125202492456
0.21052631578947367,2.1578947368421053,1.2742749857031335,0.6783080562554472
0.21052631578947367,2.1578947368421053,1.5098971606184193,0.6709457369438667
0.21052631578947367,2.1578947368421053,1.789087489923219,0.6702813117092391
0.21052631578947367,2.1578947368421053,2.1199020238496082,0.6582177463967499
0.21052631578947367,2.1578947368421053,2.51188643150958,0.6470462312173376
0.21052631578947367,2.4210526315789473,0.09999999999999999,0.45330821606742505
0.21052631578947367,2.4210526315789473,0.11849068510006666,0.4346526297774399
0.21052631578947367,2.4210526315789473,0.1404004245548316,0.47029436494313936
0.21052631578947367,2.4210526315789473,0.16636142493842218,0.4847198899437525
0.21052631578947367,2.4210526315789473,0.1971227921517696,0.47224861490933306
0.21052631578947367,2.4210526315789473,0.23357214690901223,0.5021676905786387
0.21052631578947367,2.4210526315789473,0.2767612370754227,0.5140098005274117
0.21052631578947367,2.4210526315789473,0.32793628590208806,0.5227380195122239
0.21052631578947367,2.4210526315789473,0.3885739518570975,0.5688583046371967
0.21052631578947367,2.4210526315789473,0.460423937675878,0.591784053858697
0.21052631578947367,2.4210526315789473,0.5455594781168519,0.602111786809437
0.21052631578947367,2.4210526315789473,0.646437163249006,0.6451639680216358
0.21052631578947367,2.4210526315789473,0.7659678234751834,0.658992953705655
0.21052631578947367,2.4210526315789473,0.907600521681814,0.6582760101043387
0.21052631578947367,2.4210526315789473,1.0754220761125606,0.6694729412856715
0.21052631578947367,2.4210526315789473,1.2742749857031335,0.6661157885537625
0.21052631578947367,2.4210526315789473,1.5098971606184193,0.6747533452519788
0.21052631578947367,2.4210526315789473,1.789087489923219,0.6738278650898204
0.21052631578947367,2.4210526315789473,2.1199020238496082,0.6580575469547038
0.21052631578947367,2.4210526315789473,2.51188643150958,0.6475836539011878
0.21052631578947367,2.6842105263157894,0.09999999999999999,0.45503898465914766
0.21052631578947367,2.6842105263157894,0.11849068510006666,0.4531805017615556
0.21052631578947367,2.6842105263157894,0.1404004245548316,0.46696450694980635
0.21052631578947367,2.6842105263157894,0.16636142493842218,0.4809371194076062
0.21052631578947367,2.6842105263157894,0.1971227921517696,0.4804507177171773
0.21052631578947367,2.6842105263157894,0.23357214690901223,0.49212321125725605
0.21052631578947367,2.6842105263157894,0.2767612370754227,0.4958674026994402
0.21052631578947367,2.6842105263157894,0.32793628590208806,0.5465810402905218
0.21052631578947367,2.6842105263157894,0.3885739518570975,0.5720632519454072
0.21052631578947367,2.6842105263157894,0.460423937675878,0.5709618150124075
0.21052631578947367,2.6842105263157894,0.5455594781168519,0.5730482859598729
0.21052631578947367,2.6842105263157894,0.646437163249006,0.6337566186755342
0.21052631578947367,2.6842105263157894,0.7659678234751834,0.6643104730080129
0.21052631578947367,2.6842105263157894,0.907600521681814,0.6700718125003459
0.21052631578947367,2.6842105263157894,1.0754220761125606,0.6732455174534561
0.21052631578947367,2.6842105263157894,1.2742749857031335,0.668800020303663
0.21052631578947367,2.6842105263157894,1.5098971606184193,0.6753596871779655
0.21052631578947367,2.6842105263157894,1.789087489923219,0.6741618804148213
0.21052631578947367,2.6842105263157894,2.1199020238496082,0.657553908327531
0.21052631578947367,2.6842105263157894,2.51188643150958,0.6452440537978893
0.21052631578947367,2.9473684210526314,0.09999999999999999,0.4400742775124351
0.21052631578947367,2.9473684210526314,0.11849068510006666,0.44855148189190447
0.21052631578947367,2.9473684210526314,0.1404004245548316,0.4384629020701408
0.21052631578947367,2.9473684210526314,0.16636142493842218,0.47195517590345165
0.21052631578947367,2.9473684210526314,0.1971227921517696,0.49239712862858126
0.21052631578947367,2.9473684210526314,0.23357214690901223,0.4980181087924451
0.21052631578947367,2.9473684210526314,0.2767612370754227,0.5417756124258919
0.21052631578947367,2.9473684210526314,0.32793628590208806,0.5589020969709672
0.21052631578947367,2.9473684210526314,0.3885739518570975,0.5746052008363349
0.21052631578947367,2.9473684210526314,0.460423937675878,0.600358972971893
0.21052631578947367,2.9473684210526314,0.5455594781168519,0.6168694514146813
0.21052631578947367,2.9473684210526314,0.646437163249006,0.6241633183289229
0.21052631578947367,2.9473684210526314,0.7659678234751834,0.6303251337221522
0.21052631578947367,2.9473684210526314,0.907600521681814,0.6735108721947176
0.21052631578947367,2.9473684210526314,1.0754220761125606,0.6680096397360458
0.21052631578947367,2.9473684210526314,1.2742749857031335,0.6780360106559034
0.21052631578947367,2.9473684210526314,1.5098971606184193,0.6735236861103024
0.21052631578947367,2.9473684210526314,1.789087489923219,0.6656985286825599
0.21052631578947367,2.9473684210526314,2.1199020238496082,0.6568654966461746
0.21052631578947367,2.9473684210526314,2.51188643150958,0.6448550420305005
0.21052631578947367,3.2105263157894735,0.09999999999999999,0.42791624464848954
0.21052631578947367,3.2105263157894735,0.11849068510006666,0.4304999512031312
0.21052631578947367,3.2105263157894735,0.1404004245548316,0.46318516053396686
0.21052631578947367,3.2105263157894735,0.16636142493842218,0.4606386369353436
0.21052631578947367,3.2105263157894735,0.1971227921517696,0.46245100717152837
0.21052631578947367,3.2105263157894735,0.23357214690901223,0.5059621244326158
0.21052631578947367,3.2105263157894735,0.2767612370754227,0.5227854701493759
0.21052631578947367,3.2105263157894735,0.32793628590208806,0.5251314691816839
0.21052631578947367,3.2105263157894735,0.3885739518570975,0.5681203361294994
0.21052631578947367,3.2105263157894735,0.460423937675878,0.594794808992712
0.21052631578947367,3.2105263157894735,0.5455594781168519,0.6185900995252945
0.21052631578947367,3.2105263157894735,0.646437163249006,0.6348827899314337
0.21052631578947367,3.2105263157894735,0.7659678234751834,0.6505003771658026
0.21052631578947367,3.2105263157894735,0.907600521681814,0.6710105661449198
0.21052631578947367,3.2105263157894735,1.0754220761125606,0.674294408612034
0.21052631578947367,3.2105263157894735,1.2742749857031335,0.6755448416773759
0.21052631578947367,3.2105263157894735,1.5098971606184193,0.6729055026417328
0.21052631578947367,3.2105263157894735,1.789087489923219,0.6695536918779338
0.21052631578947367,3.2105263157894735,2.1199020238496082,0.6595151450869674
0.21052631578947367,3.2105263157894735,2.51188643150958,0.6458759234703787
0.21052631578947367,3.473684210526316,0.09999999999999999,0.4405013154205403
0.21052631578947367,3.473684210526316,0.11849068510006666,0.46408655948590477
0.21052631578947367,3.473684210526316,0.1404004245548316,0.47971514407608196
0.21052631578947367,3.473684210526316,0.16636142493842218,0.4815136080991998
0.21052631578947367,3.473684210526316,0.1971227921517696,0.4794290391501739
0.21052631578947367,3.473684210526316,0.23357214690901223,0.4983117138948633
0.21052631578947367,3.473684210526316,0.2767612370754227,0.5241290675925449
0.21052631578947367,3.473684210526316,0.32793628590208806,0.5544566948328759
0.21052631578947367,3.473684210526316,0.3885739518570975,0.5786782492211692
0.21052631578947367,3.473684210526316,0.460423937675878,0.5850332097645565
0.21052631578947367,3.473684210526316,0.5455594781168519,0.5912433795202489
0.21052631578947367,3.473684210526316,0.646437163249006,0.6301655158096636
0.21052631578947367,3.473684210526316,0.7659678234751834,0.652512266390301
0.21052631578947367,3.473684210526316,0.907600521681814,0.6574703504752716
0.21052631578947367,3.473684210526316,1.0754220761125606,0.6761915924582699
0.21052631578947367,3.473684210526316,1.2742749857031335,0.680971056174117
0.21052631578947367,3.473684210526316,1.5098971606184193,0.6759995068063995
0.21052631578947367,3.473684210526316,1.789087489923219,0.6660410824325387
0.21052631578947367,3.473684210526316,2.1199020238496082,0.6577899396036894
0.21052631578947367,3.473684210526316,2.51188643150958,0.6435454981276153
0.21052631578947367,3.7368421052631575,0.09999999999999999,0.44817359448536964
0.21052631578947367,3.7368421052631575,0.11849068510006666,0.45730336384306086
0.21052631578947367,3.7368421052631575,0.1404004245548316,0.44425952604435176
0.21052631578947367,3.7368421052631575,0.16636142493842218,0.46944041522779134
0.21052631578947367,3.7368421052631575,0.1971227921517696,0.5054217524665527
0.21052631578947367,3.7368421052631575,0.23357214690901223,0.4971200349086791
0.21052631578947367,3.7368421052631575,0.2767612370754227,0.5210031825740044
0.21052631578947367,3.7368421052631575,0.32793628590208806,0.5308879418556651
0.21052631578947367,3.7368421052631575,0.3885739518570975,0.5573420250628086
0.21052631578947367,3.7368421052631575,0.460423937675878,0.6104702582205027
0.21052631578947367,3.7368421052631575,0.5455594781168519,0.6274630712061721
0.21052631578947367,3.7368421052631575,0.646437163249006,0.6206954430411533
0.21052631578947367,3.7368421052631575,0.7659678234751834,0.6410459511270034
0.21052631578947367,3.7368421052631575,0.907600521681814,0.657521557463208
0.21052631578947367,3.7368421052631575,1.0754220761125606,0.6808432731827189
0.21052631578947367,3.7368421052631575,1.2742749857031335,0.6813072448990288
0.21052631578947367,3.7368421052631575,1.5098971606184193,0.6678948699059415
0.21052631578947367,3.7368421052631575,1.789087489923219,0.6657676885116398
0.21052631578947367,3.7368421052631575,2.1199020238496082,0.6560290759754318
0.21052631578947367,3.7368421052631575,2.51188643150958,0.6430793939071349
0.21052631578947367,4.0,0.09999999999999999,0.4322925266335875
0.21052631578947367,4.0,0.11849068510006666,0.4170904257261632
0.21052631578947367,4.0,0.1404004245548316,0.436165635023304
0.21052631578947367,4.0,0.16636142493842218,0.4741438887280769
0.21052631578947367,4.0,0.1971227921517696,0.49113402251114974
0.21052631578947367,4.0,0.23357214690901223,0.5144901966097241
0.21052631578947367,4.0,0.2767612370754227,0.5048320782264861
0.21052631578947367,4.0,0.32793628590208806,0.5419271616151321
0.21052631578947367,4.0,0.3885739518570975,0.5526279913792445
0.21052631578947367,4.0,0.460423937675878,0.5661600225975341
0.21052631578947367,4.0,0.5455594781168519,0.6284562264980228
0.21052631578947367,4.0,0.646437163249006,0.6276336827701609
0.21052631578947367,4.0,0.7659678234751834,0.6546742962259303
0.21052631578947367,4.0,0.907600521681814,0.6711214214981951
0.21052631578947367,4.0,1.0754220761125606,0.6687474473690096
0.21052631578947367,4.0,1.2742749857031335,0.6821595453574236
0.21052631578947367,4.0,1.5098971606184193,0.6695413916102315
0.21052631578947367,4.0,1.789087489923219,0.6703146503733973
0.21052631578947367,4.0,2.1199020238496082,0.6569853689024299
0.21052631578947367,4.0,2.51188643150958,0.6417963247313883
0.42105263157894735,-1.0,0.09999999999999999,0.6310130601577582
0.42105263157894735,-1.0,0.11849068510006666,0.627342584820478
0.42105263157894735,-1.0,0.1404004245548316,0.6645221225045168
0.42105263157894735,-1.0,0.16636142493842218,0.6714973056806758
0.42105263157894735,-1.0,0.1971227921517696,0.6745080988688179
0.42105263157894735,-1.0,0.23357214690901223,0.6976428667806482
0.42105263157894735,-1.0,0.2767612370754227,0.7006054421007187
0.42105263157894735,-1.0,0.32793628590208806,0.7365524802522586
0.42105263157894735,-1.0,0.3885739518570975,0.7238869337745093
0.42105263157894735,-1.0,0.460423937675878,0.7466418738598523
0.42105263157894735,-1.0,0.5455594781168519,0.7739342701425644
0.42105263157894735,-1.0,0.646437163249006,0.782406168784885
0.42105263157894735,-1.0,0.7659678234751834,0.7793173036546266
0.42105263157894735,-1.0,0.907600521681814,0.7767995981415157
0.42105263157894735,-1.0,1.0754220761125606,0.7560666573886936
0.42105263157894735,-1.0,1.2742749857031335,0.7384995803666512
0.42105263157894735,-1.0,1.5098971606184193,0.7337856649700311
0.42105263157894735,-1.0,1.789087489923219,0.7144324381446263
0.42105263157894735,-1.0,2.1199020238496082,0.6887831022260898
0.42105263157894735,-1.0,2.51188643150958,0.6759486631957736
0.42105263157894735,-0.736842105263158,0.09999999999999999,0.618769899608112
0.42105263157894735,-0.736842105263158,0.11849068510006666,0.649441701482578
0.42105263157894735,-0.736842105263158,0.1404004245548316,0.6982832293471127
0.42105263157894735,-0.736842105263158,0.16636142493842218,0.6800439829488315
0.42105263157894735,-0.736842105263158,0.1971227921517696,0.6908555505081706
0.42105263157894735,-0.736842105263158,0.23357214690901223,0.709520380351836
0.42105263157894735,-0.736842105263158,0.2767612370754227,0.7276932285751202
0.42105263157894735,-0.736842105263158,0.32793628590208806,0.730403530632725
0.42105263157894735,-0.736842105263158,0.3885739518570975,0.7318543302630395
0.42105263157894735,-0.736842105263158,0.460423937675878,0.7793537904470494
0.42105263157894735,-0.736842105263158,0.5455594781168519,0.7833262940484487
0.42105263157894735,-0.736842105263158,0.646437163249006,0.7806631161384063
0.42105263157894735,-0.736842105263158,0.7659678234751834,0.7770640672509942
0.42105263157894735,-0.736842105263158,0.907600521681814,0.7876711853514982
0.42105263157894735,-0.736842105263158,1.0754220761125606,0.7745955339300689
0.42105263157894735,-0.736842105263158,1.2742749857031335,0.746893025345229
0.42105263157894735,-0.736842105263158,1.5098971606184193,0.736859303859073
0.42105263157894735,-0.736842105263158,1.789087489923219,0.7136317333134603
0.42105263157894735,-0.736842105263158,2.1199020238496082,0.698188233642324
0.42105263157894735,-0.736842105263158,2.51188643150958,0.6761204318601906
0.42105263157894735,-0.4736842105263158,0.09999999999999999,0.6743135377296506
0.42105263157894735,-0.4736842105263158,0.11849068510006666,0.6733855018447392
0.42105263157894735,-0.4736842105263158,0.1404004245548316,0.6912967324714984
0.42105263157894735,-0.4736842105263158,0.16636142493842218,0.7050607118287658
0.42105263157894735,-0.4736842105263158,0.1971227921517696,0.7110933777765377
0.42105263157894735,-0.4736842105263158,0.23357214690901223,0.7629839635201134
0.42105263157894735,-0.4736842105263158,0.2767612370754227,0.7597367651443699
0.42105263157894735,-0.4736842105263158,0.32793628590208806,0.7777403098350372
0.42105263157894735,-0.4736842105263158,0.3885739518570975,0.7752605088895089
0.42105263157894735,-0.4736842105263158,0.460423937675878,0.7937917600838051
0.42105263157894735,-0.4736842105263158,0.5455594781168519,0.8002017728630945
0.42105263157894735,-0.4736842105263158,0.646437163249006,0.8089279209988085
0.42105263157894735,-0.4736842105263158,0.7659678234751834,0.8110256395892265
0.42105263157894735,-0.4736842105263158,0.907600521681814,0.8001340432554076
0.42105263157894735,-0.4736842105263158,1.0754220761125606,0.7773779517202585
0.42105263157894735,-0.4736842105263158,1.2742749857031335,0.7699738941312542
0.42105263157894735,-0.4736842105263158,1.5098971606184193,0.7443331175847464
0.42105263157894735,-0.4736842105263158,1.789087489923219,0.7139836020597516
0.42105263157894735,-0.4736842105263158,2.1199020238496082,0.6950987933150957
0.42105263157894735,-0.4736842105263158,2.51188643150958,0.6718108958830599
0.42105263157894735,-0.21052631578947367,0.09999999999999999,0.7148891097250443
0.42105263157894735,-0.21052631578947367,0.11849068510006666,0.7262292660092674
0.42105263157894735,-0.21052631578947367,0.1404004245548316,0.7079428162969825
0.42105263157894735,-0.21052631578947367,0.16636142493842218,0.707752721547142
0.42105263157894735,-0.21052631578947367,0.1971227921517696,0.7479676964698522
0.42105263157894735,-0.21052631578947367,0.23357214690901223,0.7630328530465398
0.42105263157894735,-0.21052631578947367,0.2767612370754227,0.7685260576323866
0.42105263157894735,-0.21052631578947367,0.32793628590208806,0.7985103736729837
0.42105263157894735,-0.21052631578947367,0.3885739518570975,0.8042260893873296
0.42105263157894735,-0.21052631578947367,0.460423937675878,0.8097546391075531
0.42105263157894735,-0.21052631578947367,0.5455594781168519,0.829972441659826
0.42105263157894735,-0.21052631578947367,0.646437163249006,0.8183722907325339
0.42105263157894735,-0.21052631578947367,0.7659678234751834,0.8238088367214961
0.42105263157894735,-0.21052631578947367,0.907600521681814,0.8073171623613441
0.42105263157894735,-0.21052631578947367,1.0754220761125606,0.7959924198810906
0.42105263157894735,-0.21052631578947367,1.2742749857031335,0.7773811841122994
0.42105263157894735,-0.21052631578947367,1.5098971606184193,0.7445616164660455
0.42105263157894735,-0.21052631578947367,1.789087489923219,0.7256729333927909
0.42105263157894735,-0.21052631578947367,2.1199020238496082,0.6981379088185242
0.42105263157894735,-0.21052631578947367,2.51188643150958,0.6755297750322881
0.42105263157894735,0.05263157894736836,0.09999999999999999,0.6811875298869473
0.42105263157894735,0.05263157894736836,0.11849068510006666,0.6668388836758827
0.42105263157894735,0.05263157894736836,0.1404004245548316,0.7112686319198646
0.42105263157894735,0.05263157894736836,0.16636142493842218,0.7063928923088444
0.42105263157894735,0.05263157894736836,0.1971227921517696,0.7358595337125865
0.42105263157894735,0.05263157894736836,0.23357214690901223,0.740021086539424
0.42105263157894735,0.05263157894736836,0.2767612370754227,0.7801107897245466
0.42105263157894735,0.05263157894736836,0.32793628590208806,0.7840960767384776
0.42105263157894735,0.05263157894736836,0.3885739518570975,0.8004602905786281
0.42105263157894735,0.05263157894736836,0.460423937675878,0.7937952666777233
0.42105263157894735,0.05263157894736836,0.5455594781168519,0.8144875353937907
0.42105263157894735,0.05263157894736836,0.646437163249006,0.8157313976023219
0.42105263157894735,0.05263157894736836,0.7659678234751834,0.8162175817193481
0.42105263157894735,0.05263157894736836,0.907600521681814,0.8099581548712466
0.42105263157894735,0.05263157894736836,1.0754220761125606,0.7961594460029523
0.42105263157894735,0.05263157894736836,1.2742749857031335,0.7682854039407021
0.42105263157894735,0.05263157894736836,1.5098971606184193,0.7477180367093491
0.42105263157894735,0.05263157894736836,1.789087489923219,0.7279574559853431
0.42105263157894735,0.05263157894736836,2.1199020238496082,0.6994175865621757
0.42105263157894735,0.05263157894736836,2.51188643150958,0.6763884673378587
0.42105263157894735,0.3157894736842104,0.09999999999999999,0.6331070697781029
0.42105263157894735,0.3157894736842104,0.11849068510006666,0.6355504740278894
0.42105263157894735,0.3157894736842104,0.1404004245548316,0.6284413198393801
0.42105263157894735,0.3157894736842104,0.16636142493842218,0.6584197888527151
0.42105263157894735,0.3157894736842104,0.1971227921517696,0.6780239691143726
0.42105263157894735,0.3157894736842104,0.23357214690901223,0.7007438945224913
0.42105263157894735,0.3157894736842104,0.2767612370754227,0.6987819177914668
0.42105263157894735,0.3157894736842104,0.32793628590208806,0.7436919544674729
0.42105263157894735,0.3157894736842104,0.3885739518570975,0.7598838487819943
0.42105263157894735,0.3157894736842104,0.460423937675878,0.7604274191471325
0.42105263157894735,0.3157894736842104,0.5455594781168519,0.7737364966553227
0.42105263157894735,0.3157894736842104,0.646437163249006,0.7908682180285346
0.42105263157894735,0.3157894736842104,0.7659678234751834,0.7894495639714862
0.42105263157894735,0.3157894736842104,0.907600521681814,0.7922500094890262
0.42105263157894735,0.3157894736842104,1.0754220761125606,0.7836883810685475
0.42105263157894735,0.3157894736842104,1.2742749857031335,0.7669368893582238
0.42105263157894735,0.3157894736842104,1.5098971606184193,0.7498761957222085
0.42105263157894735,0.3157894736842104,1.789087489923219,0.7263796666898783
0.42105263157894735,0.3157894736842104,2.1199020238496082,0.7001093529755943
0.42105263157894735,0.3157894736842104,2.51188643150958,0.6771146546132025
0.42105263157894735,0.5789473684210527,0.09999999999999999,0.5309719360725208
0.42105263157894735,0.5789473684210527,0.11849068510006666,0.5549302743497371
0.42105263157894735,0.5789473684210527,0.1404004245548316,0.5822805592523456
0.42105263157894735,0.5789473684210527,0.16636142493842218,0.5745437747089677
0.42105263157894735,0.5789473684210527,0.1971227921517696,0.6151712098203713
0.42105263157894735,0.5789473684210527,0.23357214690901223,0.6252760229407529
0.42105263157894735,0.5789473684210527,0.2767612370754227,0.6350429707886709
0.42105263157894735,0.5789473684210527,0.32793628590208806,0.6626623422879193
0.42105263157894735,0.5789473684210527,0.3885739518570975,0.6883107875305009
0.42105263157894735,0.5789473684210527,0.460423937675878,0.7038989014412762
0.42105263157894735,0.5789473684210527,0.5455594781168519,0.741483613946938
0.42105263157894735,0.5789473684210527,0.646437163249006,0.7435809587840488
0.42105263157894735,0.5789473684210527,0.7659678234751834,0.7512492526440007
0.42105263157894735,0.5789473684210527,0.907600521681814,0.7667669380697674
0.42105263157894735,0.5789473684210527,1.0754220761125606,0.7644040112085305
0.42105263157894735,0.5789473684210527,1.2742749857031335,0.7553244127614691
0.42105263157894735,0.5789473684210527,1.5098971606184193,0.741195913187929
0.42105263157894735,0.5789473684210527,1.789087489923219,0.7167165253625777
0.42105263157894735,0.5789473684210527,2.1199020238496082,0.6966299561953944
0.42105263157894735,0.5789473684210527,2.51188643150958,0.6721964613883228
0.42105263157894735,0.8421052631578947,0.09999999999999999,0.4984903806495316
0.42105263157894735,0.8421052631578947,0.11849068510006666,0.5512364854593025
0.42105263157894735,0.8421052631578947,0.1404004245548316,0.5303964359366465
0.42105263157894735,0.8421052631578947,0.16636142493842218,0.5331395485343614
0.42105263157894735,0.8421052631578947,0.1971227921517696,0.5571860928966158
0.42105263157894735,0.8421052631578947,0.23357214690901223,0.5901943242263218
0.42105263157894735,0.8421052631578947,0.2767612370754227,0.6004648208355166
0.42105263157894735,0.8421052631578947,0.32793628590208806,0.6057510459752682
0.42105263157894735,0.8421052631578947,0.3885739518570975,0.6553731176391334
0.42105263157894735,0.8421052631578947,0.460423937675878,0.6604818145788133
0.42105263157894735,0.8421052631578947,0.5455594781168519,0.6866027052496796
0.42105263157894735,0.8421052631578947,0.646437163249006,0.7052037747420866
0.42105263157894735,0.8421052631578947,0.7659678234751834,0.7239147947517227
0.42105263157894735,0.8421052631578947,0.907600521681814,0.730770902997668
0.42105263157894735,0.8421052631578947,1.0754220761125606,0.7319818970747879
0.42105263157894735,0.8421052631578947,1.2742749857031335,0.727171258765826
0.42105263157894735,0.8421052631578947,1.5098971606184193,0.7139175699867024
0.42105263157894735,0.8421052631578947,1.789087489923219,0.6982200870863127
0.42105263157894735,0.8421052631578947,2.1199020238496082,0.6862621730500299
0.42105263157894735,0.8421052631578947,2.51188643150958,0.6640428791439482
0.42105263157894735,1.1052631578947367,0.09999999999999999,0.46576514179613776
0.42105263157894735,1.1052631578947367,0.11849068510006666,0.4890477792190179
0.42105263157894735,1.1052631578947367,0.1404004245548316,0.5001231785174434
0.42105263157894735,1.1052631578947367,0.16636142493842218,0.5164993231420355
0.42105263157894735,1.1052631578947367,0.1971227921517696,0.5031989273882791
0.42105263157894735,1.1052631578947367,0.23357214690901223,0.5681430534114881
0.42105263157894735,1.1052631578947367,0.2767612370754227,0.5450330197805534
0.42105263157894735,1.1052631578947367,0.32793628590208806,0.5703802057329096
0.42105263157894735,1.1052631578947367,0.3885739518570975,0.5961984996319551
0.42105263157894735,1.1052631578947367,0.460423937675878,0.6351350322304071
0.42105263157894735,1.1052631578947367,0.5455594781168519,0.6574935486072218
0.42105263157894735,1.1052631578947367,0.646437163249006,0.6821483526372301
0.42105263157894735,1.1052631578947367,0.7659678234751834,0.6882569930496356
0.42105263157894735,1.1052631578947367,0.907600521681814,0.7041938924160468
0.42105263157894735,1.1052631578947367,1.0754220761125606,0.7149721043210836
0.42105263157894735,1.1052631578947367,1.2742749857031335,0.7132529670704988
0.42105263157894735,1.1052631578947367,1.5098971606184193,0.69906124506707
0.42105263157894735,1.1052631578947367,1.789087489923219,0.6882054610567905
0.42105263157894735,1.1052631578947367,2.1199020238496082,0.6739874353430338
0.42105263157894735,1.1052631578947367,2.51188643150958,0.6564528676181663
0.42105263157894735,1.3684210526315788,0.09999999999999999,0.47171947785576523
0.42105263157894735,1.3684210526315788,0.11849068510006666,0.46136730435647616
0.42105263157894735,1.3684210526315788,0.1404004245548316,0.4919914157570766
0.42105263157894735,1.3684210526315788,0.16636142493842218,0.4901689081744887
0.42105263157894735,1.3684210526315788,0.1971227921517696,0.5120611281609623
0.42105263157894735,1.3684210526315788,0.23357214690901223,0.5171678965480857
0.42105263157894735,1.3684210526315788,0.2767612370754227,0.5457759505268981
0.42105263157894735,1.3684210526315788,0.32793628590208806,0.5508538524069009
0.42105263157894735,1.3684210526315788,0.3885739518570975,0.5973056015135056
0.42105263157894735,1.3684210526315788,0.460423937675878,0.6056023651982779
0.42105263157894735,1.3684210526315788,0.5455594781168519,0.6437746298859115
0.42105263157894735,1.3684210526315788,0.646437163249006,0.6539811531889139
0.42105263157894735,1.3684210526315788,0.7659678234751834,0.6754025179381417
0.42105263157894735,1.3684210526315788,0.907600521681814,0.6912607617753932
0.42105263157894735,1.3684210526315788,1.0754220761125606,0.696517282118295
0.42105263157894735,1.3684210526315788,1.2742749857031335,0.6977052991121366
0.42105263157894735,1.3684210526315788,1.5098971606184193,0.6922377282227254
0.42105263157894735,1.3684210526315788,1.789087489923219,0.6790135811034392
0.42105263157894735,1.3684210526315788,2.1199020238496082,0.668951367441201
0.42105263157894735,1.3684210526315788,2.51188643150958,0.6533407394979969
0.42105263157894735,1.6315789473684208,0.09999999999999999,0.454364755954967
0.42105263157894735,1.6315789473684208,0.11849068510006666,0.45615880215899374
0.42105263157894735,1.6315789473684208,0.1404004245548316,0.4725804054872358
0.42105263157894735,1.6315789473684208,0.16636142493842218,0.48038033747091197
0.42105263157894735,1.6315789473684208,0.1971227921517696,0.5167938150307754
0.42105263157894735,1.6315789473684208,0.23357214690901223,0.5228567613019696
0.42105263157894735,1.6315789473684208,0.2767612370754227,0.5241022419077721
0.42105263157894735,1.6315789473684208,0.32793628590208806,0.554717961511062
0.42105263157894735,1.6315789473684208,0.3885739518570975,0.57077873202689
0.42105263157894735,1.6315789473684208,0.460423937675878,0.608937190857654
0.42105263157894735,1.6315789473684208,0.5455594781168519,0.63638915550847
0.42105263157894735,1.6315789473684208,0.646437163249006,0.6497311513035009
0.42105263157894735,1.6315789473684208,0.7659678234751834,0.6789224728984964
0.42105263157894735,1.6315789473684208,0.907600521681814,0.6812674303808173
0.42105263157894735,1.6315789473684208,1.0754220761125606,0.6885103550810193
0.42105263157894735,1.6315789473684208,1.2742749857031335,0.7018682251695826
0.42105263157894735,1.6315789473684208,1.5098971606184193,0.6878919873784499
0.42105263157894735,1.6315789473684208,1.789087489923219,0.6776638593173712
0.42105263157894735,1.6315789473684208,2.1199020238496082,0.6630987919398968
0.42105263157894735,1.6315789473684208,2.51188643150958,0.6481674135848112
0.42105263157894735,1.8947368421052628,0.09999999999999999,0.4663156721118711
0.42105263157894735,1.8947368421052628,0.11849068510006666,0.4347618577152807
0.42105263157894735,1.8947368421052628,0.1404004245548316,0.45276776700650023
0.42105263157894735,1.8947368421052628,0.16636142493842218,0.4954818724690144
0.42105263157894735,1.8947368421052628,0.1971227921517696,0.4888207692574555
0.42105263157894735,1.8947368421052628,0.23357214690901223,0.5079949569418588
0.42105263157894735,1.8947368421052628,0.2767612370754227,0.555380212680403
0.42105263157894735,1.8947368421052628,0.32793628590208806,0.567466100278777
0.42105263157894735,1.8947368421052628,0.3885739518570975,0.5927476421715187
0.42105263157894735,1.8947368421052628,0.460423937675878,0.605422210058478
0.42105263157894735,1.8947368421052628,0.5455594781168519,0.6182392222511673
0.42105263157894735,1.8947368421052628,0.646437163249006,0.640345909652676
0.42105263157894735,1.8947368421052628,0.7659678234751834,0.6485500140659461
0.42105263157894735,1.8947368421052628,0.907600521681814,0.6823640974976651
0.42105263157894735,1.8947368421052628,1.0754220761125606,0.6779915287248801
0.42105263157894735,1.8947368421052628,1.2742749857031335,0.6877798782243323
0.42105263157894735,1.8947368421052628,1.5098971606184193,0.681770016589593
0.42105263157894735,1.8947368421052628,1.789087489923219,0.669813404689628
0.42105263157894735,1.8947368421052628,2.1199020238496082,0.6617391227957122
0.42105263157894735,1.8947368421052628,2.51188643150958,0.6446715979052392
0.42105263157894735,2.1578947368421053,0.09999999999999999,0.4438502152740377
0.42105263157894735,2.1578947368421053,0.11849068510006666,0.45151190109770567
0.42105263157894735,2.1578947368421053,0.1404004245548316,0.49603435432041765
0.42105263157894735,2.1578947368421053,0.16636142493842218,0.45894418824698374
0.42105263157894735,2.1578947368421053,0.1971227921517696,0.5044388812517301
0.42105263157894735,2.1578947368421053,0.23357214690901223,0.5378541541026749
0.42105263157894735,2.1578947368421053,0.2767612370754227,0.5192022043583544
0.42105263157894735,2.1578947368421053,0.32793628590208806,0.5377667847501018
0.42105263157894735,2.1578947368421053,0.3885739518570975,0.578592429022151
0.42105263157894735,2.1578947368421053,0.460423937675878,0.59296539090535
0.42105263157894735,2.1578947368421053,0.5455594781168519,0.6154121585615224
0.42105263157894735,2.1578947368421053,0.646437163249006,0.6399873382548488
0.42105263157894735,2.1578947368421053,0.7659678234751834,0.6531820797965303
0.42105263157894735,2.1578947368421053,0.907600521681814,0.6685380192181026
0.42105263157894735,2.1578947368421053,1.0754220761125606,0.6730327150111092
0.42105263157894735,2.1578947368421053,1.2742749857031335,0.6874077915769965
0.42105263157894735,2.1578947368421053,1.5098971606184193,0.6793002265781563
0.42105263157894735,2.1578947368421053,1.789087489923219,0.6616345013014183
0.42105263157894735,2.1578947368421053,2.1199020238496082,0.6537622331770938
0.42105263157894735,2.1578947368421053,2.51188643150958,0.6456461008544842
0.42105263157894735,2.4210526315789473,0.09999999999999999,0.4423218517044889
0.42105263157894735,2.4210526315789473,0.11849068510006666,0.43591395734645183
0.42105263157894735,2.4210526315789473,0.1404004245548316,0.4785908676507286
0.42105263157894735,2.4210526315789473,0.16636142493842218,0.4537048292921961
0.42105263157894735,2.4210526315789473,0.1971227921517696,0.4820965374087087
0.42105263157894735,2.4210526315789473,0.23357214690901223,0.5238595945795221
0.42105263157894735,2.4210526315789473,0.2767612370754227,0.5086234352232263
0.42105263157894735,2.4210526315789473,0.32793628590208806,0.5286691913021184
0.42105263157894735,2.4210526315789473,0.3885739518570975,0.5518679129028112
0.42105263157894735,2.4210526315789473,0.460423937675878,0.5726790566600832
0.42105263157894735,2.4210526315789473,0.5455594781168519,0.5995028467729905
0.42105263157894735,2.4210526315789473,0.646437163249006,0.6213181584227155
0.42105263157894735,2.4210526315789473,0.7659678234751834,0.6499969639930019
0.42105263157894735,2.4210526315789473,0.907600521681814,0.6675258159855836
0.42105263157894735,2.4210526315789473,1.0754220761125606,0.6703167369168396
0.42105263157894735,2.4210526315789473,1.2742749857031335,0.6704093518152036
0.42105263157894735,2.4210526315789473,1.5098971606184193,0.6768995107344404
0.42105263157894735,2.4210526315789473,1.789087489923219,0.6643940387727721
0.42105263157894735,2.4210526315789473,2.1199020238496082,0.6556283614294177
0.42105263157894735,2.4210526315789473,2.51188643150958,0.6430453323721667
0.42105263157894735,2.6842105263157894,0.09999999999999999,0.42215092675834487
0.42105263157894735,2.6842105263157894,0.11849068510006666,0.44906654057539347
0.42105263157894735,2.6842105263157894,0.1404004245548316,0.46833177970499884
0.42105263157894735,2.6842105263157894,0.16636142493842218,0.4818320115675407
0.42105263157894735,2.6842105263157894,0.1971227921517696,0.487182692622712
0.42105263157894735,2.6842105263157894,0.23357214690901223,0.4948674771237029
0.42105263157894735,2.6842105263157894,0.2767612370754227,0.5212391557679644
0.42105263157894735,2.6842105263157894,0.32793628590208806,0.5307526185683623
0.42105263157894735,2.6842105263157894,0.3885739518570975,0.5661649677490346
0.42105263157894735,2.6842105263157894,0.460423937675878,0.5684764763650946
0.42105263157894735,2.6842105263157894,0.5455594781168519,0.6123297878935591
0.42105263157894735,2.6842105263157894,0.646437163249006,0.623346371680751
0.42105263157894735,2.6842105263157894,0.7659678234751834,0.6414591023314645
0.42105263157894735,2.6842105263157894,0.907600521681814,0.654974581260049
0.42105263157894735,2.6842105263157894,1.0754220761125606,0.6559524458796582
0.42105263157894735,2.6842105263157894,1.2742749857031335,0.6642253703177807
0.42105263157894735,2.6842105263157894,1.5098971606184193,0.6753548544396268
0.42105263157894735,2.6842105263157894,1.789087489923219,0.6649305253220464
0.42105263157894735,2.6842105263157894,2.1199020238496082,0.6528162329305301
0.42105263157894735,2.6842105263157894,2.51188643150958,0.6429400240983492
0.42105263157894735,2.9473684210526314,0.09999999999999999,0.4342858616085662
0.42105263157894735,2.9473684210526314,0.11849068510006666,0.43983312219785164
0.42105263157894735,2.9473684210526314,0.1404004245548316,0.45946903622598434
0.42105263157894735,2.9473684210526314,0.16636142493842218,0.48106503969542813
0.42105263157894735,2.9473684210526314,0.1971227921517696,0.49973026442996976
0.42105263157894735,2.9473684210526314,0.23357214690901223,0.5045035180360861
0.42105263157894735,2.9473684210526314,0.2767612370754227,0.4968377840666489
0.42105263157894735,2.9473684210526314,0.32793628590208806,0.5313750005360489
0.42105263157894735,2.9473684210526314,0.3885739518570975,0.5446607758487375
0.42105263157894735,2.9473684210526314,0.460423937675878,0.5822728212970817
0.42105263157894735,2.9473684210526314,0.5455594781168519,0.6052273448210109
0.42105263157894735,2.9473684210526314,0.646437163249006,0.6307015751281705
0.42105263157894735,2.9473684210526314,0.7659678234751834,0.6243066594341412
0.42105263157894735,2.9473684210526314,0.907600521681814,0.6620012396288804
0.42105263157894735,2.9473684210526314,1.0754220761125606,0.6684874325853012
0.42105263157894735,2.9473684210526314,1.2742749857031335,0.672361205400334
0.42105263157894735,2.9473684210526314,1.5098971606184193,0.6751265004475058
0.42105263157894735,2.9473684210526314,1.789087489923219,0.6660875653963518
0.42105263157894735,2.9473684210526314,2.1199020238496082,0.6585922726656211
0.42105263157894735,2.9473684210526314,2.51188643150958,0.6433212084288057
0.42105263157894735,3.2105263157894735,0.09999999999999999,0.4330473669298519
0.42105263157894735,3.2105263157894735,0.11849068510006666,0.4538530125101117
0.42105263157894735,3.2105263157894735,0.1404004245548316,0.4698255646532423
0.42105263157894735,3.2105263157894735,0.16636142493842218,0.46628450593511434
0.42105263157894735,3.2105263157894735,0.1971227921517696,0.4782871317304186
0.42105263157894735,3.2105263157894735,0.23357214690901223,0.5058507453698994
0.42105263157894735,3.2105263157894735,0.2767612370754227,0.5169999432773282
0.42105263157894735,3.2105263157894735,0.32793628590208806,0.5237838341427907
0.42105263157894735,3.2105263157894735,0.3885739518570975,0.5424792859481905
0.42105263157894735,3.2105263157894735,0.460423937675878,0.595164930306411
0.42105263157894735,3.2105263157894735,0.5455594781168519,0.5996632570772883
0.42105263157894735,3.2105263157894735,0.646437163249006,0.6130523670610056
0.42105263157894735,3.2105263157894735,0.7659678234751834,0.6408547895499973
0.42105263157894735,3.2105263157894735,0.907600521681814,0.667194217321886
0.42105263157894735,3.2105263157894735,1.0754220761125606,0.6649782356246118
0.42105263157894735,3.2105263157894735,1.2742749857031335,0.6688114487767598
0.42105263157894735,3.2105263157894735,1.5098971606184193,0.666142539505251
0.42105263157894735,3.2105263157894735,1.789087489923219,0.6697795737508762
0.42105263157894735,3.2105263157894735,2.1199020238496082,0.6540896898567201
0.42105263157894735,3.2105263157894735,2.51188643150958,0.6400892376212921
0.42105263157894735,3.473684210526316,0.09999999999999999,0.4317239333265679
0.42105263157894735,3.473684210526316,0.11849068510006666,0.442086105424248
0.42105263157894735,3.473684210526316,0.1404004245548316,0.45492490240334205
0.42105263157894735,3.473684210526316,0.16636142493842218,0.45373367506862144
0.42105263157894735,3.473684210526316,0.1971227921517696,0.48317834089108774
0.42105263157894735,3.473684210526316,0.23357214690901223,0.4882303079914044
0.42105263157894735,3.473684210526316,0.2767612370754227,0.5113836586512946
0.42105263157894735,3.473684210526316,0.32793628590208806,0.5195551346103574
0.42105263157894735,3.473684210526316,0.3885739518570975,0.5734590370557274
0.42105263157894735,3.473684210526316,0.460423937675878,0.5852956875047316
0.42105263157894735,3.473684210526316,0.5455594781168519,0.5955693496549281
0.42105263157894735,3.473684210526316,0.646437163249006,0.6343912363884073
0.42105263157894735,3.473684210526316,0.7659678234751834,0.6310263869176306
0.42105263157894735,3.473684210526316,0.907600521681814,0.6608935903076434
0.42105263157894735,3.473684210526316,1.0754220761125606,0.6675820129337307
0.42105263157894735,3.473684210526316,1.2742749857031335,0.6649188413350875
0.42105263157894735,3.473684210526316,1.5098971606184193,0.6715989338008131
0.42105263157894735,3.473684210526316,1.789087489923219,0.6640076324061194
0.42105263157894735,3.473684210526316,2.1199020238496082,0.6546630800507788
0.42105263157894735,3.473684210526316,2.51188643150958,0.6404457234610899
0.42105263157894735,3.7368421052631575,0.09999999999999999,0.4503617506481931
0.42105263157894735,3.7368421052631575,0.11849068510006666,0.4508853539456419
0.42105263157894735,3.7368421052631575,0.1404004245548316,0.44815503867931844
0.42105263157894735,3.7368421052631575,0.16636142493842218,0.45234871755472345
0.42105263157894735,3.7368421052631575,0.1971227921517696,0.4684688969712994
0.42105263157894735,3.7368421052631575,0.23357214690901223,0.4855389244194272
0.42105263157894735,3.7368421052631575,0.2767612370754227,0.5114366035215013
0.42105263157894735,3.7368421052631575,0.32793628590208806,0.5253826280629778
0.42105263157894735,3.7368421052631575,0.3885739518570975,0.5763718468351725
0.42105263157894735,3.7368421052631575,0.460423937675878,0.5643594089059455
0.42105263157894735,3.7368421052631575,0.5455594781168519,0.6097944748365004
0.42105263157894735,3.7368421052631575,0.646437163249006,0.6166545617590278
0.42105263157894735,3.7368421052631575,0.7659678234751834,0.6395058989746171
0.42105263157894735,3.7368421052631575,0.907600521681814,0.6440600028468039
0.42105263157894735,3.7368421052631575,1.0754220761125606,0.663201814877314
0.42105263157894735,3.7368421052631575,1.2742749857031335,0.6694030097908018
0.42105263157894735,3.7368421052631575,1.5098971606184193,0.6770680637002424
0.42105263157894735,3.7368421052631575,1.789087489923219,0.669144730768149
0.42105263157894735,3.7368421052631575,2.1199020238496082,0.6551833758510262
0.42105263157894735,3.7368421052631575,2.51188643150958,0.6427158828632896
0.42105263157894735,4.0,0.09999999999999999,0.4407706899523042
0.42105263157894735,4.0,0.11849068510006666,0.4528545068582756
0.42105263157894735,4.0,0.1404004245548316,0.473774623224705
0.42105263157894735,4.0,0.16636142493842218,0.4802132832759534
0.42105263157894735,4.0,0.1971227921517696,0.4692879393922293
0.42105263157894735,4.0,0.23357214690901223,0.5325301437910479
0.42105263157894735,4.0,0.2767612370754227,0.5219649288178881
0.42105263157894735,4.0,0.32793628590208806,0.5572858096580818
0.42105263157894735,4.0,0.3885739518570975,0.5413626638474277
0.42105263157894735,4.0,0.460423937675878,0.5793626559672271
0.42105263157894735,4.0,0.5455594781168519,0.590183568668927
0.42105263157894735,4.0,0.646437163249006,0.6307872188862362
0.42105263157894735,4.0,0.7659678234751834,0.6336683870752998
0.42105263157894735,4.0,0.907600521681814,0.6531474157818989
0.42105263157894735,4.0,1.0754220761125606,0.6745973141197676
0.42105263157894735,4.0,1.2742749857031335,0.6772749694304591
0.42105263157894735,4.0,1.5098971606184193,0.6697793960761325
0.42105263157894735,4.0,1.789087489923219,0.6625396814191269
0.42105263157894735,4.0,2.1199020238496082,0.6544427420723116
0.42105263157894735,4.0,2.51188643150958,0.6416390964704725
0.631578947368421,-1.0,0.09999999999999999,0.6460662084367412
0.631578947368421,-1.0,0.11849068510006666,0.6607301355622566
0.631578947368421,-1.0,0.1404004245548316,0.6762017010528664
0.631578947368421,-1.0,0.16636142493842218,0.6755349564238302
0.631578947368421,-1.0,0.1971227921517696,0.6921555889614712
0.631578947368421,-1.0,0.23357214690901223,0.7003714236935973
0.631578947368421,-1.0,0.2767612370754227,0.7378765407669167
0.631578947368421,-1.0,0.32793628590208806,0.7365318013287071
0.631578947368421,-1.0,0.3885739518570975,0.7467526430384401
0.631578947368421,-1.0,0.460423937675878,0.7747103317714965
0.631578947368421,-1.0,0.5455594781168519,0.7700325535146463
0.631578947368421,-1.0,0.646437163249006,0.7872382024553504
0.631578947368421,-1.0,0.7659678234751834,0.7738980210761833
0.631578947368421,-1.0,0.907600521681814,0.7775789628265227
0.631578947368421,-1.0,1.0754220761125606,0.7585469943509775
0.631578947368421,-1.0,1.2742749857031335,0.7387161762676843
0.631578947368421,-1.0,1.5098971606184193,0.7253770344681971
0.631578947368421,-1.0,1.789087489923219,0.7017895634210196
0.631578947368421,-1.0,2.1199020238496082,0.676651178724567
0.631578947368421,-1.0,2.51188643150958,0.663515411286078
0.631578947368421,-0.736842105263158,0.09999999999999999,0.6732123291794931
0.631578947368421,-0.736842105263158,0.11849068510006666,0.670211359979404
0.631578947368421,-0.736842105263158,0.1404004245548316,0.6993850248792939
0.631578947368421,-0.736842105263158,0.16636142493842218,0.7038885161665552
0.631578947368421,-0.736842105263158,0.1971227921517696,0.724488696483658
0.631578947368421,-0.736842105263158,0.23357214690901223,0.7318857628885282
0.631578947368421,-0.736842105263158,0.2767612370754227,0.7543568087111665
0.631578947368421,-0.736842105263158,0.32793628590208806,0.7563132363408026
0.631578947368421,-0.736842105263158,0.3885739518570975,0.7709312010607461
0.631578947368421,-0.736842105263158,0.460423937675878,0.7701939400047518
0.631578947368421,-0.736842105263158,0.5455594781168519,0.7918359030383147
0.631578947368421,-0.736842105263158,0.646437163249006,0.7952616454562853
0.631578947368421,-0.736842105263158,0.7659678234751834,0.7863790914803328
0.631578947368421,-0.736842105263158,0.907600521681814,0.768946896975673
0.631578947368421,-0.736842105263158,1.0754220761125606,0.7744196707617131
0.631578947368421,-0.736842105263158,1.2742749857031335,0.7475160483890338
0.631578947368421,-0.736842105263158,1.5098971606184193,0.7277382558575658
0.631578947368421,-0.736842105263158,1.789087489923219,0.7070738933386865
0.631578947368421,-0.736842105263158,2.1199020238496082,0.6812882937364089
0.631578947368421,-0.736842105263158,2.51188643150958,0.6662284350348708
0.631578947368421,-0.4736842105263158,0.09999999999999999,0.6866900702030164
0.631578947368421,-0.4736842105263158,0.11849068510006666,0.691458063893303
0.631578947368421,-0.4736842105263158,0.1404004245548316,0.7177307096189078
0.631578947368421,-0.4736842105263158,0.16636142493842218,0.7324839762324017
0.631578947368421,-0.4736842105263158,0.1971227921517696,0.7241333292364877
0.631578947368421,-0.4736842105263158,0.23357214690901223,0.723521666624549
0.631578947368421,-0.4736842105263158,0.2767612370754227,0.7698504806534843
0.631578947368421,-0.4736842105263158,0.32793628590208806,0.7733248386449245
0.631578947368421,-0.4736842105263158,0.3885739518570975,0.7906737226935062
0.631578947368421,-0.4736842105263158,0.460423937675878,0.8087735712458353
0.631578947368421,-0.4736842105263158,0.5455594781168519,0.8042462059553498
0.631578947368421,-0.4736842105263158,0.646437163249006,0.8152395828602946
0.631578947368421,-0.4736842105263158,0.7659678234751834,0.8043016044779631
0.631578947368421,-0.4736842105263158,0.907600521681814,0.7984009128729643
0.631578947368421,-0.4736842105263158,1.0754220761125606,0.7764902719926804
0.631578947368421,-0.4736842105263158,1.2742749857031335,0.7563813515375044
0.631578947368421,-0.4736842105263158,1.5098971606184193,0.7351731713140667
0.631578947368421,-0.4736842105263158,1.789087489923219,0.7150020487239684
0.631578947368421,-0.4736842105263158,2.1199020238496082,0.6867132154791358
0.631578947368421,-0.4736842105263158,2.51188643150958,0.6646650708882812
0.631578947368421,-0.21052631578947367,0.09999999999999999,0.7013868159851345
0.631578947368421,-0.21052631578947367,0.11849068510006666,0.7044027234309511
0.631578947368421,-0.21052631578947367,0.1404004245548316,0.7217137656255511
0.631578947368421,-0.21052631578947367,0.16636142493842218,0.7491152890713368
0.631578947368421,-0.21052631578947367,0.1971227921517696,0.7612108665906387
0.631578947368421,-0.21052631578947367,0.23357214690901223,0.7719138273126127
0.631578947368421,-0.21052631578947367,0.2767612370754227,0.7855572597084512
0.631578947368421,-0.21052631578947367,0.32793628590208806,0.7800164512796144
0.631578947368421,-0.21052631578947367,0.3885739518570975,0.798698398186421
0.631578947368421,-0.21052631578947367,0.460423937675878,0.8129252955144655
0.631578947368421,-0.21052631578947367,0.5455594781168519,0.8110461577805164
0.631578947368421,-0.21052631578947367,0.646437163249006,0.8091232536158333
0.631578947368421,-0.21052631578947367,0.7659678234751834,0.8142805541917763
0.631578947368421,-0.21052631578947367,0.907600521681814,0.7981654294384507
0.631578947368421,-0.21052631578947367,1.0754220761125606,0.7875477267534957
0.631578947368421,-0.21052631578947367,1.2742749857031335,0.7720234781958213
0.631578947368421,-0.21052631578947367,1.5098971606184193,0.740626927364486
0.631578947368421,-0.21052631578947367,1.789087489923219,0.7151158665273
0.631578947368421,-0.21052631578947367,2.1199020238496082,0.6884103466614211
0.631578947368421,-0.21052631578947367,2.51188643150958,0.6644636392652027
0.631578947368421,0.05263157894736836,0.09999999999999999,0.7067529255701099
0.631578947368421,0.05263157894736836,0.11849068510006666,0.7092464085150951
0.631578947368421,0.05263157894736836,0.1404004245548316,0.7356380012301623
0.631578947368421,0.05263157894736836,0.16636142493842218,0.7311939278033537
0.631578947368421,0.05263157894736836,0.1971227921517696,0.7473669154132521
0.631578947368421,0.05263157894736836,0.23357214690901223,0.7681193095585223
0.631578947368421,0.05263157894736836,0.2767612370754227,0.7716631779433994
0.631578947368421,0.05263157894736836,0.32793628590208806,0.7945072667263169
0.631578947368421,0.05263157894736836,0.3885739518570975,0.810911533511242
0.631578947368421,0.05263157894736836,0.460423937675878,0.8192079473320513
0.631578947368421,0.05263157894736836,0.5455594781168519,0.8117889021684289
0.631578947368421,0.05263157894736836,0.646437163249006,0.8206477734708943
0.631578947368421,0.05263157894736836,0.7659678234751834,0.8254775508661047
0.631578947368421,0.05263157894736836,0.907600521681814,0.8080908299864923
0.631578947368421,0.05263157894736836,1.0754220761125606,0.7956376688593063
0.631578947368421,0.05263157894736836,1.2742749857031335,0.7729345279298941
0.631578947368421,0.05263157894736836,1.5098971606184193,0.745556456632125
0.631578947368421,0.05263157894736836,1.789087489923219,0.7183959434601709
0.631578947368421,0.05263157894736836,2.1199020238496082,0.6948631674511823
0.631578947368421,0.05263157894736836,2.51188643150958,0.668850247302968
0.631578947368421,0.3157894736842104,0.09999999999999999,0.6575017756085119
0.631578947368421,0.3157894736842104,0.11849068510006666,0.6893728761859743
0.631578947368421,0.3157894736842104,0.1404004245548316,0.6839258576962576
0.631578947368421,0.3157894736842104,0.16636142493842218,0.7008334452790039
0.631578947368421,0.3157894736842104,0.1971227921517696,0.719855797506509
0.631578947368421,0.3157894736842104,0.23357214690901223,0.741027166508715
0.631578947368421,0.3157894736842104,0.2767612370754227,0.771589619142178
0.631578947368421,0.3157894736842104,0.32793628590208806,0.779385462376537
0.631578947368421,0.3157894736842104,0.3885739518570975,0.7982634972754198
0.631578947368421,0.3157894736842104,0.460423937675878,0.805350991165126
0.631578947368421,0.3157894736842104,0.5455594781168519,0.8223764619647784
0.631578947368421,0.3157894736842104,0.646437163249006,0.8195970218580806
0.631578947368421,0.3157894736842104,0.7659678234751834,0.8133118479998384
0.631578947368421,0.3157894736842104,0.907600521681814,0.8065001008965358
0.631578947368421,0.3157894736842104,1.0754220761125606,0.7954211025832831
0.631578947368421,0.3157894736842104,1.2742749857031335,0.774842478096522
0.631578947368421,0.3157894736842104,1.5098971606184193,0.7512775840566107
0.631578947368421,0.3157894736842104,1.789087489923219,0.727169470785031
0.631578947368421,0.3157894736842104,2.1199020238496082,0.697510440246177
0.631578947368421,0.3157894736842104,2.51188643150958,0.673400074636367
0.631578947368421,0.5789473684210527,0.09999999999999999,0.6045103876195989
0.631578947368421,0.5789473684210527,0.11849068510006666,0.5945536040539299
0.631578947368421,0.5789473684210527,0.1404004245548316,0.6572224609719202
0.631578947368421,0.5789473684210527,0.16636142493842218,0.6313223672464345
0.631578947368421,0.5789473684210527,0.1971227921517696,0.6506539423238579
0.631578947368421,0.5789473684210527,0.23357214690901223,0.6726671304938566
0.631578947368421,0.5789473684210527,0.2767612370754227,0.6916278472870729
0.631578947368421,0.5789473684210527,0.32793628590208806,0.7179972262191694
0.631578947368421,0.5789473684210527,0.3885739518570975,0.7543394199047394
0.631578947368421,0.5789473684210527,0.460423937675878,0.7536405994444603
0.631578947368421,0.5789473684210527,0.5455594781168519,0.7714053994289662
0.631578947368421,0.5789473684210527,0.646437163249006,0.7826173884746074
0.631578947368421,0.5789473684210527,0.7659678234751834,0.8012278827061031
0.631578947368421,0.5789473684210527,0.907600521681814,0.7956862572192279
0.631578947368421,0.5789473684210527,1.0754220761125606,0.776744086885863
0.631578947368421,0.5789473684210527,1.2742749857031335,0.7711227505263156
0.631578947368421,0.5789473684210527,1.5098971606184193,0.7483585199767451
0.631578947368421,0.5789473684210527,1.789087489923219,0.7243547274177551
0.631578947368421,0.5789473684210527,2.1199020238496082,0.7003290740967644
0.631578947368421,0.5789473684210527,2.51188643150958,0.6752679087332537
0.631578947368421,0.8421052631578947,0.09999999999999999,0.5226260681880652
0.631578947368421,0.8421052631578947,0.11849068510006666,0.5292837475262998
0.631578947368421,0.8421052631578947,0.1404004245548316,0.5564736923160954
0.631578947368421,0.8421052631578947,0.16636142493842218,0.5740992688396312
0.631578947368421,0.8421052631578947,0.1971227921517696,0.5864511310703047
0.631578947368421,0.8421052631578947,0.23357214690901223,0.6210066477641701
0.631578947368421,0.8421052631578947,0.2767612370754227,0.6236036822774087
0.631578947368421,0.8421052631578947,0.32793628590208806,0.6253533966719977
0.631578947368421,0.8421052631578947,0.3885739518570975,0.6677377047883789
0.631578947368421,0.8421052631578947,0.460423937675878,0.6971758827961231
0.631578947368421,0.8421052631578947,0.5455594781168519,0.7172093987938049
0.631578947368421,0.8421052631578947,0.646437163249006,0.734973911396018
0.631578947368421,0.8421052631578947,0.7659678234751834,0.7542474025989175
0.631578947368421,0.8421052631578947,0.907600521681814,0.7526853038854139
0.631578947368421,0.8421052631578947,1.0754220761125606,0.7575920898211196
0.631578947368421,0.8421052631578947,1.2742749857031335,0.7471372006566762
0.631578947368421,0.8421052631578947,1.5098971606184193,0.7371048672447211
0.631578947368421,0.8421052631578947,1.789087489923219,0.7198227258190534
0.631578947368421,0.8421052631578947,2.1199020238496082,0.6940678733739469
0.631578947368421,0.8421052631578947,2.51188643150958,0.6722422524396994
0.631578947368421,1.1052631578947367,0.09999999999999999,0.4903268125967531
0.631578947368421,1.1052631578947367,0.11849068510006666,0.49667141122392366
0.631578947368421,1.1052631578947367,0.1404004245548316,0.519721457533653
0.631578947368421,1.1052631578947367,0.16636142493842218,0.5386893536710486
0.631578947368421,1.1052631578947367,0.1971227921517696,0.5315706052486265
0.631578947368421,1.1052631578947367,0.23357214690901223,0.5593042724004118
0.631578947368421,1.1052631578947367,0.2767612370754227,0.5989996205445219
0.631578947368421,1.1052631578947367,0.32793628590208806,0.6092479571077472
0.631578947368421,1.1052631578947367,0.3885739518570975,0.6487983386714742
0.631578947368421,1.1052631578947367,0.460423937675878,0.666201965049719
0.631578947368421,1.1052631578947367,0.5455594781168519,0.6762254939539694
0.631578947368421,1.1052631578947367,0.646437163249006,0.7101637926527686
0.631578947368421,1.1052631578947367,0.7659678234751834,0.7182277640870571
0.631578947368421,1.1052631578947367,0.907600521681814,0.7329031332940968
0.631578947368421,1.1052631578947367,1.0754220761125606,0.7272934261725315
0.631578947368421,1.1052631578947367,1.2742749857031335,0.7226143508625177
0.631578947368421,1.1052631578947367,1.5098971606184193,0.7206661979407766
0.631578947368421,1.1052631578947367,1.789087489923219,0.7031557927349059
0.631578947368421,1.1052631578947367,2.1199020238496082,0.6857383753092466
0.631578947368421,1.1052631578947367,2.51188643150958,0.6631406135780236
0.631578947368421,1.3684210526315788,0.09999999999999999,0.49174240337483227
0.631578947368421,1.3684210526315788,0.11849068510006666,0.48676191230429555
0.631578947368421,1.3684210526315788,0.1404004245548316,0.507934173911505
0.631578947368421,1.3684210526315788,0.16636142493842218,0.5206307056515372
0.631578947368421,1.3684210526315788,0.1971227921517696,0.5210927720062839
0.631578947368421,1.3684210526315788,0.23357214690901223,0.5424343768025632
0.631578947368421,1.3684210526315788,0.2767612370754227,0.5768747618219594
0.631578947368421,1.3684210526315788,0.32793628590208806,0.5853066777821003
0.631578947368421,1.3684210526315788,0.3885739518570975,0.6016014420526926
0.631578947368421,1.3684210526315788,0.460423937675878,0.6360587819251161
0.631578947368421,1.3684210526315788,0.5455594781168519,0.6449513704765708
0.631578947368421,1.3684210526315788,0.646437163249006,0.6746920835510289
0.631578947368421,1.3684210526315788,0.7659678234751834,0.6931273310960382
0.631578947368421,1.3684210526315788,0.907600521681814,0.7017391047854845
0.631578947368421,1.3684210526315788,1.0754220761125606,0.7176240918133281
0.631578947368421,1.3684210526315788,1.2742749857031335,0.7063332358014558
0.631578947368421,1.3684210526315788,1.5098971606184193,0.7029981474696215
0.631578947368421,1.3684210526315788,1.789087489923219,0.6897263847709112
0.631578947368421,1.3684210526315788,2.1199020238496082,0.6755919984559035
0.631578947368421,1.3684210526315788,2.51188643150958,0.6564249393190642
0.631578947368421,1.6315789473684208,0.09999999999999999,0.48097578700620935
0.631578947368421,1.6315789473684208,0.11849068510006666,0.4489136647079808
0.631578947368421,1.6315789473684208,0.1404004245548316,0.4657923184235582
0.631578947368421,1.6315789473684208,0.16636142493842218,0.5124362320287116
0.631578947368421,1.6315789473684208,0.1971227921517696,0.5046449437123314
0.631578947368421,1.6315789473684208,0.23357214690901223,0.5218699472793462
0.631578947368421,1.6315789473684208,0.2767612370754227,0.5405624512113545
0.631578947368421,1.6315789473684208,0.32793628590208806,0.5635931325623201
0.631578947368421,1.6315789473684208,0.3885739518570975,0.5899374793621085
0.631578947368421,1.6315789473684208,0.460423937675878,0.624775108737607
0.631578947368421,1.6315789473684208,0.5455594781168519,0.6430065719475702
0.631578947368421,1.6315789473684208,0.646437163249006,0.6639742538537133
0.631578947368421,1.6315789473684208,0.7659678234751834,0.6804432871935909
0.631578947368421,1.6315789473684208,0.907600521681814,0.6894475046564073
0.631578947368421,1.6315789473684208,1.0754220761125606,0.6995619228556877
0.631578947368421,1.6315789473684208,1.2742749857031335,0.6941452068285792
0.631578947368421,1.6315789473684208,1.5098971606184193,0.6937027522475301
0.631578947368421,1.6315789473684208,1.789087489923219,0.680056327723274
0.631578947368421,1.6315789473684208,2.1199020238496082,0.6682350721245832
0.631578947368421,1.6315789473684208,2.51188643150958,0.6557150612910476
0.631578947368421,1.8947368421052628,0.09999999999999999,0.4568559914408996
0.631578947368421,1.8947368421052628,0.11849068510006666,0.4680436675231846
0.631578947368421,1.8947368421052628,0.1404004245548316,0.47338569858988744
0.631578947368421,1.8947368421052628,0.16636142493842218,0.5136816821817808
0.631578947368421,1.8947368421052628,0.1971227921517696,0.5195787297178024
0.631578947368421,1.8947368421052628,0.23357214690901223,0.5249838724725119
0.631578947368421,1.8947368421052628,0.2767612370754227,0.536390385725613
0.631578947368421,1.8947368421052628,0.32793628590208806,0.5522030299147871
0.631578947368421,1.8947368421052628,0.3885739518570975,0.5779644366525017
0.631578947368421,1.8947368421052628,0.460423937675878,0.6116877411744631
0.631578947368421,1.8947368421052628,0.5455594781168519,0.6265141615298413
0.631578947368421,1.8947368421052628,0.646437163249006,0.6589456997432337
0.631578947368421,1.8947368421052628,0.7659678234751834,0.6634066479714672
0.631578947368421,1.8947368421052628,0.907600521681814,0.67287358704627
0.631578947368421,1.8947368421052628,1.0754220761125606,0.6775369852231453
0.631578947368421,1.8947368421052628,1.2742749857031335,0.6943219525503135
0.631578947368421,1.8947368421052628,1.5098971606184193,0.6794816280354978
0.631578947368421,1.8947368421052628,1.789087489923219,0.6703422335367502
0.631578947368421,1.8947368421052628,2.1199020238496082,0.6673062991126221
0.631578947368421,1.8947368421052628,2.51188643150958,0.648236492202161
0.631578947368421,2.1578947368421053,0.09999999999999999,0.4323437243236941
0.631578947368421,2.1578947368421053,0.11849068510006666,0.4430309629495609
0.631578947368421,2.1578947368421053,0.1404004245548316,0.48843596126466804
0.631578947368421,2.1578947368421053,0.16636142493842218,0.46374508581176027
0.631578947368421,2.1578947368421053,0.1971227921517696,0.4851095587958231
0.631578947368421,2.1578947368421053,0.23357214690901223,0.5271047846823748
0.631578947368421,2.1578947368421053,0.2767612370754227,0.5467615038170256
0.631578947368421,2.1578947368421053,0.32793628590208806,0.537696986963916
0.631578947368421,2.1578947368421053,0.3885739518570975,0.5578961093377991
0.631578947368421,2.1578947368421053,0.460423937675878,0.5921020683169225
0.631578947368421,2.1578947368421053,0.5455594781168519,0.6144038071247991
0.631578947368421,2.1578947368421053,0.646437163249006,0.6350461286810243
0.631578947368421,2.1578947368421053,0.7659678234751834,0.6741743193825754
0.631578947368421,2.1578947368421053,0.907600521681814,0.670651880320371
0.631578947368421,2.1578947368421053,1.0754220761125606,0.6747728718313489
0.631578947368421,2.1578947368421053,1.2742749857031335,0.6775654983562552
0.631578947368421,2.1578947368421053,1.5098971606184193,0.6792934042432012
0.631578947368421,2.1578947368421053,1.789087489923219,0.6679102320628794
0.631578947368421,2.1578947368421053,2.1199020238496082,0.6600903743304143
0.631578947368421,2.1578947368421053,2.51188643150958,0.6481344713313699
0.631578947368421,2.4210526315789473,0.09999999999999999,0.43063621009767394
0.631578947368421,2.4210526315789473,0.11849068510006666,0.46252688443689993
0.631578947368421,2.4210526315789473,0.1404004245548316,0.4326510600546669
0.631578947368421,2.4210526315789473,0.16636142493842218,0.48527005966441944
0.631578947368421,2.4210526315789473,0.1971227921517696,0.5022607955566841
0.631578947368421,2.4210526315789473,0.23357214690901223,0.520910931049821
0.631578947368421,2.4210526315789473,0.2767612370754227,0.5284081383104225
0.631578947368421,2.4210526315789473,0.32793628590208806,0.5366584235944963
0.631578947368421,2.4210526315789473,0.3885739518570975,0.5664375696835805
0.631578947368421,2.4210526315789473,0.460423937675878,0.588214782386701
0.631578947368421,2.4210526315789473,0.5455594781168519,0.6035257226822405
0.631578947368421,2.4210526315789473,0.646437163249006,0.6330137859676848
0.631578947368421,2.4210526315789473,0.7659678234751834,0.6457155786513862
0.631578947368421,2.4210526315789473,0.907600521681814,0.6575306935666734
0.631578947368421,2.4210526315789473,1.0754220761125606,0.6770737853261
0.631578947368421,2.4210526315789473,1.2742749857031335,0.6830834967418953
0.631578947368421,2.4210526315789473,1.5098971606184193,0.6757105867378946
0.631578947368421,2.4210526315789473,1.789087489923219,0.669198839570801
0.631578947368421,2.4210526315789473,2.1199020238496082,0.6541358453710342
0.631578947368421,2.4210526315789473,2.51188643150958,0.6460467876444295
0.631578947368421,2.6842105263157894,0.09999999999999999,0.44218438036001656
0.631578947368421,2.6842105263157894,0.11849068510006666,0.4438795345704929
0.631578947368421,2.6842105263157894,0.1404004245548316,0.46375120953833615
0.631578947368421,2.6842105263157894,0.16636142493842218,0.47381835145119583
0.631578947368421,2.6842105263157894,0.1971227921517696,0.49364570037466665
0.631578947368421,2.6842105263157894,0.23357214690901223,0.5100271158953584
0.631578947368421,2.6842105263157894,0.2767612370754227,0.5132472551131315
0.631578947368421,2.6842105263157894,0.32793628590208806,0.5475440881165511
0.631578947368421,2.6842105263157894,0.3885739518570975,0.5660826485514096
0.631578947368421,2.6842105263157894,0.460423937675878,0.5741151887555096
0.631578947368421,2.6842105263157894,0.5455594781168519,0.6160315090778136
0.631578947368421,2.6842105263157894,0.646437163249006,0.6373375607369388
0.631578947368421,2.6842105263157894,0.7659678234751834,0.6608650009951884
0.631578947368421,2.6842105263157894,0.907600521681814,0.6613995506112013
0.631578947368421,2.6842105263157894,1.0754220761125606,0.6774393065593864
0.631578947368421,2.6842105263157894,1.2742749857031335,0.6731446142035719
0.631578947368421,2.6842105263157894,1.5098971606184193,0.6750027850997345
0.631578947368421,2.6842105263157894,1.789087489923219,0.6651359455869347
0.631578947368421,2.6842105263157894,2.1199020238496082,0.6544451471834606
0.631578947368421,2.6842105263157894,2.51188643150958,0.6414852862527268
0.631578947368421,2.9473684210526314,0.09999999999999999,0.4192423078528591
0.631578947368421,2.9473684210526314,0.11849068510006666,0.44032444479209254
0.631578947368421,2.9473684210526314,0.1404004245548316,0.46518623226884454
0.631578947368421,2.9473684210526314,0.16636142493842218,0.4598854529885786
0.631578947368421,2.9473684210526314,0.1971227921517696,0.4912039211696911
0.631578947368421,2.9473684210526314,0.23357214690901223,0.48145619767019554
0.631578947368421,2.9473684210526314,0.2767612370754227,0.5143335614826716
0.631578947368421,2.9473684210526314,0.32793628590208806,0.5507953623614038
0.631578947368421,2.9473684210526314,0.3885739518570975,0.5577622192059943
0.631578947368421,2.9473684210526314,0.460423937675878,0.5752944576603182
0.631578947368421,2.9473684210526314,0.5455594781168519,0.5974416724610795
0.631578947368421,2.9473684210526314,0.646437163249006,0.6246693222203936
0.631578947368421,2.9473684210526314,0.7659678234751834,0.6499551478264095
0.631578947368421,2.9473684210526314,0.907600521681814,0.6601510016201493
0.631578947368421,2.9473684210526314,1.0754220761125606,0.6664125604063893
0.631578947368421,2.9473684210526314,1.2742749857031335,0.6727024553101696
0.631578947368421,2.9473684210526314,1.5098971606184193,0.6722955079445322
0.631578947368421,2.9473684210526314,1.789087489923219,0.6647075412164184
0.631578947368421,2.9473684210526314,2.1199020238496082,0.6579365494620991
0.631578947368421,2.9473684210526314,2.51188643150958,0.6424891037053521
0.631578947368421,3.2105263157894735,0.09999999999999999,0.44115221678566946
0.631578947368421,3.2105263157894735,0.11849068510006666,0.446951434788615
0.631578947368421,3.2105263157894735,0.1404004245548316,0.4506885364786853
0.631578947368421,3.2105263157894735,0.16636142493842218,0.44854374468816993
0.631578947368421,3.2105263157894735,0.1971227921517696,0.49385484773392907
0.631578947368421,3.2105263157894735,0.23357214690901223,0.49703487905880855
0.631578947368421,3.2105263157894735,0.2767612370754227,0.4917773785693447
0.631578947368421,3.2105263157894735,0.32793628590208806,0.5170634333423142
0.631578947368421,3.2105263157894735,0.3885739518570975,0.5406792147130799
0.631578947368421,3.2105263157894735,0.460423937675878,0.5906572751581883
0.631578947368421,3.2105263157894735,0.5455594781168519,0.5966600474527408
0.631578947368421,3.2105263157894735,0.646437163249006,0.5950501995810195
0.631578947368421,3.2105263157894735,0.7659678234751834,0.6334418871215267
0.631578947368421,3.2105263157894735,0.907600521681814,0.6488186387745165
0.631578947368421,3.2105263157894735,1.0754220761125606,0.6630448079051167
0.631578947368421,3.2105263157894735,1.2742749857031335,0.6695293772804786
0.631578947368421,3.2105263157894735,1.5098971606184193,0.6713614802261397
0.631578947368421,3.2105263157894735,1.789087489923219,0.6629027393237673
0.631578947368421,3.2105263157894735,2.1199020238496082,0.6558297640007573
0.631578947368421,3.2105263157894735,2.51188643150958,0.6409402214925861
0.631578947368421,3.473684210526316,0.09999999999999999,0.4376428932789361
0.631578947368421,3.473684210526316,0.11849068510006666,0.4047097924693284
0.631578947368421,3.473684210526316,0.1404004245548316,0.453951512331145
0.631578947368421,3.473684210526316,0.16636142493842218,0.4620315547862151
0.631578947368421,3.473684210526316,0.1971227921517696,0.48597635834568365
0.631578947368421,3.473684210526316,0.23357214690901223,0.4949510765906484
0.631578947368421,3.473684210526316,0.2767612370754227,0.49403743164118513
0.631578947368421,3.473684210526316,0.32793628590208806,0.5296184215946469
0.631578947368421,3.473684210526316,0.3885739518570975,0.5506449950263231
0.631578947368421,3.473684210526316,0.460423937675878,0.5770952816396108
0.631578947368421,3.473684210526316,0.5455594781168519,0.6060830426072652
0.631578947368421,3.473684210526316,0.646437163249006,0.6111551924252272
0.631578947368421,3.473684210526316,0.7659678234751834,0.6357016643543646
0.631578947368421,3.473684210526316,0.907600521681814,0.6505974134694119
0.631578947368421,3.473684210526316,1.0754220761125606,0.6614116454230597
0.631578947368421,3.473684210526316,1.2742749857031335,0.6662683041886638
0.631578947368421,3.473684210526316,1.5098971606184193,0.6670625324417685
0.631578947368421,3.473684210526316,1.789087489923219,0.6576960039148434
0.631578947368421,3.473684210526316,2.1199020238496082,0.6535638231118536
0.631578947368421,3.473684210526316,2.51188643150958,0.639819425208133
0.631578947368421,3.7368421052631575,0.09999999999999999,0.4227169718080218
0.631578947368421,3.7368421052631575,0.11849068510006666,0.4355275317448882
0.631578947368421,3.7368421052631575,0.1404004245548316,0.4585413742028915
0.631578947368421,3.7368421052631575,0.16636142493842218,0.47291257588683167
0.631578947368421,3.7368421052631575,0.1971227921517696,0.47940710696239824
0.631578947368421,3.7368421052631575,0.23357214690901223,0.49632635613369663
0.631578947368421,3.7368421052631575,0.2767612370754227,0.5118311727214685
0.631578947368421,3.7368421052631575,0.32793628590208806,0.5134145190616413
0.631578947368421,3.7368421052631575,0.3885739518570975,0.559726674425447
0.631578947368421,3.7368421052631575,0.460423937675878,0.5658273388468122
0.631578947368421,3.7368421052631575,0.5455594781168519,0.5722638839780619
0.631578947368421,3.7368421052631575,0.646437163249006,0.6134059377135234
0.631578947368421,3.7368421052631575,0.7659678234751834,0.6445700082570281
0.631578947368421,3.7368421052631575,0.907600521681814,0.6555119493316975
0.631578947368421,3.7368421052631575,1.0754220761125606,0.6545943550101883
0.631578947368421,3.7368421052631575,1.2742749857031335,0.667405360527206
0.631578947368421,3.7368421052631575,1.5098971606184193,0.6670714623600295
0.631578947368421,3.7368421052631575,1.789087489923219,0.6571055257235604
0.631578947368421,3.7368421052631575,2.1199020238496082,0.65700044067668
0.631578947368421,3.7368421052631575,2.51188643150958,0.637700165108007
0.631578947368421,4.0,0.09999999999999999,0.4117312720462269
0.631578947368421,4.0,0.11849068510006666,0.42796533573423595
0.631578947368421,4.0,0.1404004245548316,0.45589252847938355
0.631578947368421,4.0,0.16636142493842218,0.46156540409023006
0.631578947368421,4.0,0.1971227921517696,0.4444020272582028
0.631578947368421,4.0,0.23357214690901223,0.5000336485770718
0.631578947368421,4.0,0.2767612370754227,0.5163702099030343
0.631578947368421,4.0,0.32793628590208806,0.5324987224035315
0.631578947368421,4.0,0.3885739518570975,0.5333077100708731
0.631578947368421,4.0,0.460423937675878,0.5840320295393262
0.631578947368421,4.0,0.5455594781168519,0.6128670850837162
0.631578947368421,4.0,0.646437163249006,0.6085203006052062
0.631578947368421,4.0,0.7659678234751834,0.6313902083891592
0.631578947368421,4.0,0.907600521681814,0.6446365441730613
0.631578947368421,4.0,1.0754220761125606,0.6609891578337155
0.631578947368421,4.0,1.2742749857031335,0.6701806187996445
0.631578947368421,4.0,1.5098971606184193,0.6653604232785915
0.631578947368421,4.0,1.789087489923219,0.6559461249481923
0.631578947368421,4.0,2.1199020238496082,0.6498046112898865
0.631578947368421,4.0,2.51188643150958,0.6416233736536477
0.8421052631578947,-1.0,0.09999999999999999,0.6589383321031188
0.8421052631578947,-1.0,0.11849068510006666,0.6723279178239473
0.8421052631578947,-1.0,0.1404004245548316,0.6799307134389966
0.8421052631578947,-1.0,0.16636142493842218,0.6735057582361187
0.8421052631578947,-1.0,0.1971227921517696,0.7012984472105952
0.8421052631578947,-1.0,0.23357214690901223,0.7318479505064294
0.8421052631578947,-1.0,0.2767612370754227,0.7399421688807549
0.8421052631578947,-1.0,0.32793628590208806,0.7717510142227284
0.8421052631578947,-1.0,0.3885739518570975,0.7550267001406016
0.8421052631578947,-1.0,0.460423937675878,0.787751010488017
0.8421052631578947,-1.0,0.5455594781168519,0.8010640383313435
0.8421052631578947,-1.0,0.646437163249006,0.7895495602201116
0.8421052631578947,-1.0,0.7659678234751834,0.7776607651602192
0.8421052631578947,-1.0,0.907600521681814,0.7837867765485739
0.8421052631578947,-1.0,1.0754220761125606,0.7659373199661408
0.8421052631578947,-1.0,1.2742749857031335,0.7382962757319714
0.8421052631578947,-1.0,1.5098971606184193,0.7230597420630577
0.8421052631578947,-1.0,1.789087489923219,0.6949833775869388
0.8421052631578947,-1.0,2.1199020238496082,0.6764100635960519
0.8421052631578947,-1.0,2.51188643150958,0.6559555366065171
0.8421052631578947,-0.736842105263158,0.09999999999999999,0.6589660149458918
0.8421052631578947,-0.736842105263158,0.11849068510006666,0.6868975592807337
0.8421052631578947,-0.736842105263158,0.1404004245548316,0.7218347101374171
0.8421052631578947,-0.736842105263158,0.16636142493842218,0.7026462674208144
0.8421052631578947,-0.736842105263158,0.1971227921517696,0.7281679351940278
0.8421052631578947,-0.736842105263158,0.23357214690901223,0.7391632022076292
0.8421052631578947,-0.736842105263158,0.2767612370754227,0.7454206531947906
0.8421052631578947,-0.736842105263158,0.32793628590208806,0.7522205622696551
0.8421052631578947,-0.736842105263158,0.3885739518570975,0.8017124300827092
0.8421052631578947,-0.736842105263158,0.460423937675878,0.7984735711021583
0.8421052631578947,-0.736842105263158,0.5455594781168519,0.7989426994680086
0.8421052631578947,-0.736842105263158,0.646437163249006,0.7892182525004594
0.8421052631578947,-0.736842105263158,0.7659678234751834,0.7900190492501614
0.8421052631578947,-0.736842105263158,0.907600521681814,0.783284008968287
0.8421052631578947,-0.736842105263158,1.0754220761125606,0.765104738886264
0.8421052631578947,-0.736842105263158,1.2742749857031335,0.754208786473348
0.8421052631578947,-0.736842105263158,1.5098971606184193,0.7289424430890882
0.8421052631578947,-0.736842105263158,1.789087489923219,0.7002510638389431
0.8421052631578947,-0.736842105263158,2.1199020238496082,0.6825969321624656
0.8421052631578947,-0.736842105263158,2.51188643150958,0.6572711783959669
0.8421052631578947,-0.4736842105263158,0.09999999999999999,0.6841823575033015
0.8421052631578947,-0.4736842105263158,0.11849068510006666,0.6893601964288637
0.8421052631578947,-0.4736842105263158,0.1404004245548316,0.7170572092095346
0.8421052631578947,-0.4736842105263158,0.16636142493842218,0.7266052012221436
0.8421052631578947,-0.4736842105263158,0.1971227921517696,0.7267865568666372
0.8421052631578947,-0.4736842105263158,0.23357214690901223,0.7683167810446571
0.8421052631578947,-0.4736842105263158,0.2767612370754227,0.7463005457602437
0.8421052631578947,-0.4736842105263158,0.32793628590208806,0.7821719169012534
0.8421052631578947,-0.4736842105263158,0.3885739518570975,0.7714779515209964
0.8421052631578947,-0.4736842105263158,0.460423937675878,0.7947253234564896
0.8421052631578947,-0.4736842105263158,0.5455594781168519,0.8085358439190169
0.8421052631578947,-0.4736842105263158,0.646437163249006,0.8077596900734131
0.8421052631578947,-0.4736842105263158,0.7659678234751834,0.8164198357824359
0.8421052631578947,-0.4736842105263158,0.907600521681814,0.7950243223124165
0.8421052631578947,-0.4736842105263158,1.0754220761125606,0.7657426492687719
0.8421052631578947,-0.4736842105263158,1.2742749857031335,0.7505943623548608
0.8421052631578947,-0.4736842105263158,1.5098971606184193,0.7296300522261532
0.8421052631578947,-0.4736842105263158,1.789087489923219,0.7026943653733588
0.8421052631578947,-0.4736842105263158,2.1199020238496082,0.6758882597274054
0.8421052631578947,-0.4736842105263158,2.51188643150958,0.6618038016236447
0.8421052631578947,-0.21052631578947367,0.09999999999999999,0.7044262836319893
0.8421052631578947,-0.21052631578947367,0.11849068510006666,0.6958546829637514
0.8421052631578947,-0.21052631578947367,0.1404004245548316,0.7176032818208843
0.8421052631578947,-0.21052631578947367,0.16636142493842218,0.7529606180231699
0.8421052631578947,-0.21052631578947367,0.1971227921517696,0.7447984167571926
0.8421052631578947,-0.21052631578947367,0.23357214690901223,0.7533831078528684
0.8421052631578947,-0.21052631578947367,0.2767612370754227,0.7859511089573833
0.8421052631578947,-0.21052631578947367,0.32793628590208806,0.7914074340673298
0.8421052631578947,-0.21052631578947367,0.3885739518570975,0.8085556717239557
0.8421052631578947,-0.21052631578947367,0.460423937675878,0.8089633085359414
0.8421052631578947,-0.21052631578947367,0.5455594781168519,0.8219496876576893
0.8421052631578947,-0.21052631578947367,0.646437163249006,0.8121094247433652
0.8421052631578947,-0.21052631578947367,0.7659678234751834,0.8161962970556411
0.8421052631578947,-0.21052631578947367,0.907600521681814,0.802039141895704
0.8421052631578947,-0.21052631578947367,1.0754220761125606,0.784741998807381
0.8421052631578947,-0.21052631578947367,1.2742749857031335,0.7633264823844811
0.8421052631578947,-0.21052631578947367,1.5098971606184193,0.7360410104818411
0.8421052631578947,-0.21052631578947367,1.789087489923219,0.7062453011903516
0.8421052631578947,-0.21052631578947367,2.1199020238496082,0.6846231412015452
0.8421052631578947,-0.21052631578947367,2.51188643150958,0.6633073704711964
0.8421052631578947,0.05263157894736836,0.09999999999999999,0.7223406192843265
0.8421052631578947,0.05263157894736836,0.11849068510006666,0.7222104806519716
0.8421052631578947,0.05263157894736836,0.1404004245548316,0.7203125630233637
0.8421052631578947,0.05263157894736836,0.16636142493842218,0.7583194319188278
0.8421052631578947,0.05263157894736836,0.1971227921517696,0.7510408539566374
0.8421052631578947,0.05263157894736836,0.23357214690901223,0.7830828486081326
0.8421052631578947,0.05263157894736836,0.2767612370754227,0.7891668838566371
0.8421052631578947,0.05263157894736836,0.32793628590208806,0.8009516522998513
0.8421052631578947,0.05263157894736836,0.3885739518570975,0.810422560362028
0.8421052631578947,0.05263157894736836,0.460423937675878,0.8254498332944565
0.8421052631578947,0.05263157894736836,0.5455594781168519,0.8326169749947665
0.8421052631578947,0.05263157894736836,0.646437163249006,0.827747004226694
0.8421052631578947,0.05263157894736836,0.7659678234751834,0.8213251971222213
0.8421052631578947,0.05263157894736836,0.907600521681814,0.8081418330682403
0.8421052631578947,0.05263157894736836,1.0754220761125606,0.7870509804730841
0.8421052631578947,0.05263157894736836,1.2742749857031335,0.7635021914154342
0.8421052631578947,0.05263157894736836,1.5098971606184193,0.7402600636394656
0.8421052631578947,0.05263157894736836,1.789087489923219,0.7109441251388651
0.8421052631578947,0.05263157894736836,2.1199020238496082,0.6876303039396404
0.8421052631578947,0.05263157894736836,2.51188643150958,0.6646056634163907
0.8421052631578947,0.3157894736842104,0.09999999999999999,0.7043744123720018
0.8421052631578947,0.3157894736842104,0.11849068510006666,0.7298338782717207
0.8421052631578947,0.3157894736842104,0.1404004245548316,0.7185538161000045
0.8421052631578947,0.3157894736842104,0.16636142493842218,0.7416970954632492
0.8421052631578947,0.3157894736842104,0.1971227921517696,0.7556681572550685
0.8421052631578947,0.3157894736842104,0.23357214690901223,0.7548206820367511
0.8421052631578947,0.3157894736842104,0.2767612370754227,0.793581833673595
0.8421052631578947,0.3157894736842104,0.32793628590208806,0.807891076846204
0.8421052631578947,0.3157894736842104,0.3885739518570975,0.8009637002235872
0.8421052631578947,0.3157894736842104,0.460423937675878,0.8325299544270514
0.8421052631578947,0.3157894736842104,0.5455594781168519,0.8349681020969344
0.8421052631578947,0.3157894736842104,0.646437163249006,0.8173151873908857
0.8421052631578947,0.3157894736842104,0.7659678234751834,0.8252482409764742
0.8421052631578947,0.3157894736842104,0.907600521681814,0.8123814197622284
0.8421052631578947,0.3157894736842104,1.0754220761125606,0.79640937111112
0.8421052631578947,0.3157894736842104,1.2742749857031335,0.7678767214391572
0.8421052631578947,0.3157894736842104,1.5098971606184193,0.7374203687763351
0.8421052631578947,0.3157894736842104,1.789087489923219,0.7170407806931959
0.8421052631578947,0.3157894736842104,2.1199020238496082,0.6890473057536147
0.8421052631578947,0.3157894736842104,2.51188643150958,0.6686171827895723
0.8421052631578947,0.5789473684210527,0.09999999999999999,0.6471213925722733
0.8421052631578947,0.5789473684210527,0.11849068510006666,0.689798076705782
0.8421052631578947,0.5789473684210527,0.1404004245548316,0.6809788478580022
0.8421052631578947,0.5789473684210527,0.16636142493842218,0.6923486090132941
0.8421052631578947,0.5789473684210527,0.1971227921517696,0.7190619260340666
0.8421052631578947,0.5789473684210527,0.23357214690901223,0.7386250702323673
0.8421052631578947,0.5789473684210527,0.2767612370754227,0.7648775319357436
0.8421052631578947,0.5789473684210527,0.32793628590208806,0.7910899805715125
0.8421052631578947,0.5789473684210527,0.3885739518570975,0.8014263930109984
0.8421052631578947,0.5789473684210527,0.460423937675878,0.8136484245349325
0.8421052631578947,0.5789473684210527,0.5455594781168519,0.8118035070893105
0.8421052631578947,0.5789473684210527,0.646437163249006,0.8195059917408767
0.8421052631578947,0.5789473684210527,0.7659678234751834,0.8168056947894599
0.8421052631578947,0.5789473684210527,0.907600521681814,0.8090834384099261
0.8421052631578947,0.5789473684210527,1.0754220761125606,0.7960085055946451
0.8421052631578947,0.5789473684210527,1.2742749857031335,0.7738553814107046
0.8421052631578947,0.5789473684210527,1.5098971606184193,0.7470752605463402
0.8421052631578947,0.5789473684210527,1.789087489923219,0.7268852584096699
0.8421052631578947,0.5789473684210527,2.1199020238496082,0.6979235282244096
0.8421052631578947,0.5789473684210527,2.51188643150958,0.6718088667088987
0.8421052631578947,0.8421052631578947,0.09999999999999999,0.5967428567687764
0.8421052631578947,0.8421052631578947,0.11849068510006666,0.59823151642571
0.8421052631578947,0.8421052631578947,0.1404004245548316,0.6261975136295395
0.8421052631578947,0.8421052631578947,0.16636142493842218,0.6085126062669527
0.8421052631578947,0.8421052631578947,0.1971227921517696,0.646677385246854
0.8421052631578947,0.8421052631578947,0.23357214690901223,0.6717838172426112
0.8421052631578947,0.8421052631578947,0.2767612370754227,0.6883854307991742
0.8421052631578947,0.8421052631578947,0.32793628590208806,0.7136349055168378
0.8421052631578947,0.8421052631578947,0.3885739518570975,0.73676824508975
0.8421052631578947,0.8421052631578947,0.460423937675878,0.7445762045878331
0.8421052631578947,0.8421052631578947,0.5455594781168519,0.7515549728622004
0.8421052631578947,0.8421052631578947,0.646437163249006,0.7725264872248199
0.8421052631578947,0.8421052631578947,0.7659678234751834,0.7845696942212916
0.8421052631578947,0.8421052631578947,0.907600521681814,0.7937020207190714
0.8421052631578947,0.8421052631578947,1.0754220761125606,0.7716590784380976
0.8421052631578947,0.8421052631578947,1.2742749857031335,0.7653782002103686
0.8421052631578947,0.8421052631578947,1.5098971606184193,0.7485062004762153
0.8421052631578947,0.8421052631578947,1.789087489923219,0.7272397899720223
0.8421052631578947,0.8421052631578947,2.1199020238496082,0.7016694864545161
0.8421052631578947,0.8421052631578947,2.51188643150958,0.6754742222920124
0.8421052631578947,1.1052631578947367,0.09999999999999999,0.5364926126328735
0.8421052631578947,1.1052631578947367,0.11849068510006666,0.5452110787515988
0.8421052631578947,1.1052631578947367,0.1404004245548316,0.5461330472104602
0.8421052631578947,1.1052631578947367,0.16636142493842218,0.5782560254860449
0.8421052631578947,1.1052631578947367,0.1971227921517696,0.5699850970325235
0.8421052631578947,1.1052631578947367,0.23357214690901223,0.5904738974338785
0.8421052631578947,1.1052631578947367,0.2767612370754227,0.6192104664486097
0.8421052631578947,1.1052631578947367,0.32793628590208806,0.6323518668006725
0.8421052631578947,1.1052631578947367,0.3885739518570975,0.6617707572484083
0.8421052631578947,1.1052631578947367,0.460423937675878,0.6948182248788617
0.8421052631578947,1.1052631578947367,0.5455594781168519,0.7116553677763464
0.8421052631578947,1.1052631578947367,0.646437163249006,0.728572736169987
0.8421052631578947,1.1052631578947367,0.7659678234751834,0.7434422261606204
0.8421052631578947,1.1052631578947367,0.907600521681814,0.7545956737458004
0.8421052631578947,1.1052631578947367,1.0754220761125606,0.7471222614929807
0.8421052631578947,1.1052631578947367,1.2742749857031335,0.7490859825716738
0.8421052631578947,1.1052631578947367,1.5098971606184193,0.733270818171821
0.8421052631578947,1.1052631578947367,1.789087489923219,0.7153774223065652
0.8421052631578947,1.1052631578947367,2.1199020238496082,0.6933472365265183
0.8421052631578947,1.1052631578947367,2.51188643150958,0.6734000979132613
0.8421052631578947,1.3684210526315788,0.09999999999999999,0.49472169037108915
0.8421052631578947,1.3684210526315788,0.11849068510006666,0.5165914195498108
0.8421052631578947,1.3684210526315788,0.1404004245548316,0.5351317697709612
0.8421052631578947,1.3684210526315788,0.16636142493842218,0.5333685940521845
0.8421052631578947,1.3684210526315788,0.1971227921517696,0.5441648951348079
0.8421052631578947,1.3684210526315788,0.23357214690901223,0.5665740879131409
0.8421052631578947,1.3684210526315788,0.2767612370754227,0.5878474232432899
0.8421052631578947,1.3684210526315788,0.32793628590208806,0.6138235116812432
0.8421052631578947,1.3684210526315788,0.3885739518570975,0.6262535101535136
0.8421052631578947,1.3684210526315788,0.460423937675878,0.6583747464701486
0.8421052631578947,1.3684210526315788,0.5455594781168519,0.6782243859649874
0.8421052631578947,1.3684210526315788,0.646437163249006,0.7010080389245196
0.8421052631578947,1.3684210526315788,0.7659678234751834,0.7177273657232746
0.8421052631578947,1.3684210526315788,0.907600521681814,0.7322343351806108
0.8421052631578947,1.3684210526315788,1.0754220761125606,0.7271656492095788
0.8421052631578947,1.3684210526315788,1.2742749857031335,0.7295481843167573
0.8421052631578947,1.3684210526315788,1.5098971606184193,0.7121638649039624
0.8421052631578947,1.3684210526315788,1.789087489923219,0.7030392905319026
0.8421052631578947,1.3684210526315788,2.1199020238496082,0.6837612086623304
0.8421052631578947,1.3684210526315788,2.51188643150958,0.6661532008308931
0.8421052631578947,1.6315789473684208,0.09999999999999999,0.4861944485281622
0.8421052631578947,1.6315789473684208,0.11849068510006666,0.5138700163808388
0.8421052631578947,1.6315789473684208,0.1404004245548316,0.4940706402635637
0.8421052631578947,1.6315789473684208,0.16636142493842218,0.49477519552054267
0.8421052631578947,1.6315789473684208,0.1971227921517696,0.5396881943659436
0.8421052631578947,1.6315789473684208,0.23357214690901223,0.5587497595153629
0.8421052631578947,1.6315789473684208,0.2767612370754227,0.5579735658623566
0.8421052631578947,1.6315789473684208,0.32793628590208806,0.5798066354630002
0.8421052631578947,1.6315789473684208,0.3885739518570975,0.6294839309557073
0.8421052631578947,1.6315789473684208,0.460423937675878,0.6228658339053799
0.8421052631578947,1.6315789473684208,0.5455594781168519,0.6421400059234365
0.8421052631578947,1.6315789473684208,0.646437163249006,0.6713275277834266
0.8421052631578947,1.6315789473684208,0.7659678234751834,0.6994114954550813
0.8421052631578947,1.6315789473684208,0.907600521681814,0.706458755731089
0.8421052631578947,1.6315789473684208,1.0754220761125606,0.7076834735299627
0.8421052631578947,1.6315789473684208,1.2742749857031335,0.7075608490416959
0.8421052631578947,1.6315789473684208,1.5098971606184193,0.7019199028138923
0.8421052631578947,1.6315789473684208,1.789087489923219,0.6897339548903852
0.8421052631578947,1.6315789473684208,2.1199020238496082,0.6747518206471189
0.8421052631578947,1.6315789473684208,2.51188643150958,0.659336894610988
0.8421052631578947,1.8947368421052628,0.09999999999999999,0.4702816371833387
0.8421052631578947,1.8947368421052628,0.11849068510006666,0.4833668632928646
0.8421052631578947,1.8947368421052628,0.1404004245548316,0.5003753047052751
0.8421052631578947,1.8947368421052628,0.16636142493842218,0.5007961885436788
0.8421052631578947,1.8947368421052628,0.1971227921517696,0.5083854034489212
0.8421052631578947,1.8947368421052628,0.23357214690901223,0.5490357359500869
0.8421052631578947,1.8947368421052628,0.2767612370754227,0.5532954234523232
0.8421052631578947,1.8947368421052628,0.32793628590208806,0.5600563108559092
0.8421052631578947,1.8947368421052628,0.3885739518570975,0.5983942591973513
0.8421052631578947,1.8947368421052628,0.460423937675878,0.6055673097218964
0.8421052631578947,1.8947368421052628,0.5455594781168519,0.6394400590219638
0.8421052631578947,1.8947368421052628,0.646437163249006,0.6711775726845985
0.8421052631578947,1.8947368421052628,0.7659678234751834,0.6843550159347287
0.8421052631578947,1.8947368421052628,0.907600521681814,0.6965086836126179
0.8421052631578947,1.8947368421052628,1.0754220761125606,0.685323561570404
0.8421052631578947,1.8947368421052628,1.2742749857031335,0.6906049807267008
0.8421052631578947,1.8947368421052628,1.5098971606184193,0.6969172426396669
0.8421052631578947,1.8947368421052628,1.789087489923219,0.6805096937822893
0.8421052631578947,1.8947368421052628,2.1199020238496082,0.6686183730733293
0.8421052631578947,1.8947368421052628,2.51188643150958,0.6537695364154634
0.8421052631578947,2.1578947368421053,0.09999999999999999,0.4609214209057095
0.8421052631578947,2.1578947368421053,0.11849068510006666,0.4804566679320976
0.8421052631578947,2.1578947368421053,0.1404004245548316,0.485256470172318
0.8421052631578947,2.1578947368421053,0.16636142493842218,0.4984812969301408
0.8421052631578947,2.1578947368421053,0.1971227921517696,0.5054402915258203
0.8421052631578947,2.1578947368421053,0.23357214690901223,0.5163209359023414
0.8421052631578947,2.1578947368421053,0.2767612370754227,0.5483220052263451
0.8421052631578947,2.1578947368421053,0.32793628590208806,0.5645133158520607
0.8421052631578947,2.1578947368421053,0.3885739518570975,0.5788730558265889
0.8421052631578947,2.1578947368421053,0.460423937675878,0.5894060283755074
0.8421052631578947,2.1578947368421053,0.5455594781168519,0.6182348063847363
0.8421052631578947,2.1578947368421053,0.646437163249006,0.6480533304445768
0.8421052631578947,2.1578947368421053,0.7659678234751834,0.6622911371013279
0.8421052631578947,2.1578947368421053,0.907600521681814,0.6844363673777292
0.8421052631578947,2.1578947368421053,1.0754220761125606,0.6936636460978084
0.8421052631578947,2.1578947368421053,1.2742749857031335,0.6882740078897608
0.8421052631578947,2.1578947368421053,1.5098971606184193,0.6867956031765112
0.8421052631578947,2.1578947368421053,1.789087489923219,0.677220131410593
0.8421052631578947,2.1578947368421053,2.1199020238496082,0.6640703168592231
0.8421052631578947,2.1578947368421053,2.51188643150958,0.651703655818573
0.8421052631578947,2.4210526315789473,0.09999999999999999,0.4181802093384963
0.8421052631578947,2.4210526315789473,0.11849068510006666,0.46615492234970374
0.8421052631578947,2.4210526315789473,0.1404004245548316,0.4980775147174314
0.8421052631578947,2.4210526315789473,0.16636142493842218,0.4966732302897927
0.8421052631578947,2.4210526315789473,0.1971227921517696,0.4747886774831298
0.8421052631578947,2.4210526315789473,0.23357214690901223,0.506827484065454
0.8421052631578947,2.4210526315789473,0.2767612370754227,0.5233086353051855
0.8421052631578947,2.4210526315789473,0.32793628590208806,0.5531940910066955
0.8421052631578947,2.4210526315789473,0.3885739518570975,0.5850635116417995
0.8421052631578947,2.4210526315789473,0.460423937675878,0.5737829688501725
0.8421052631578947,2.4210526315789473,0.5455594781168519,0.6438720196195908
0.8421052631578947,2.4210526315789473,0.646437163249006,0.6540029264996409
0.8421052631578947,2.4210526315789473,0.7659678234751834,0.6479623351085275
0.8421052631578947,2.4210526315789473,0.907600521681814,0.6800520921153407
0.8421052631578947,2.4210526315789473,1.0754220761125606,0.6763200665614147
0.8421052631578947,2.4210526315789473,1.2742749857031335,0.678338040660854
0.8421052631578947,2.4210526315789473,1.5098971606184193,0.672808678773299
0.8421052631578947,2.4210526315789473,1.789087489923219,0.6690045536924767
0.8421052631578947,2.4210526315789473,2.1199020238496082,0.6644230832649308
0.8421052631578947,2.4210526315789473,2.51188643150958,0.6486146179624124
0.8421052631578947,2.6842105263157894,0.09999999999999999,0.466537193582636
0.8421052631578947,2.6842105263157894,0.11849068510006666,0.4622642835689281
0.8421052631578947,2.6842105263157894,0.1404004245548316,0.46565265337349815
0.8421052631578947,2.6842105263157894,0.16636142493842218,0.4893471112344344
0.8421052631578947,2.6842105263157894,0.1971227921517696,0.4911835491189595
0.8421052631578947,2.6842105263157894,0.23357214690901223,0.49772599132179346
0.8421052631578947,2.6842105263157894,0.2767612370754227,0.5259286409728069
0.8421052631578947,2.6842105263157894,0.32793628590208806,0.5441430615730116
0.8421052631578947,2.6842105263157894,0.3885739518570975,0.5652909999760256
0.8421052631578947,2.6842105263157894,0.460423937675878,0.6014367228973222
0.8421052631578947,2.6842105263157894,0.5455594781168519,0.6303508371260569
0.8421052631578947,2.6842105263157894,0.646437163249006,0.6452077710294791
0.8421052631578947,2.6842105263157894,0.7659678234751834,0.6506732371490945
0.8421052631578947,2.6842105263157894,0.907600521681814,0.6609993819405613
0.8421052631578947,2.6842105263157894,1.0754220761125606,0.6789516862318479
0.8421052631578947,2.6842105263157894,1.2742749857031335,0.6819386263986487
0.8421052631578947,2.6842105263157894,1.5098971606184193,0.6722172155917141
0.8421052631578947,2.6842105263157894,1.789087489923219,0.6642999605663342
0.8421052631578947,2.6842105263157894,2.1199020238496082,0.6589676895884611
0.8421052631578947,2.6842105263157894,2.51188643150958,0.6448610765501088
0.8421052631578947,2.9473684210526314,0.09999999999999999,0.4183207976619532
0.8421052631578947,2.9473684210526314,0.11849068510006666,0.4438581514148089
0.8421052631578947,2.9473684210526314,0.1404004245548316,0.4453098856482623
0.8421052631578947,2.9473684210526314,0.16636142493842218,0.49607957532615327
0.8421052631578947,2.9473684210526314,0.1971227921517696,0.5059688775022517
0.8421052631578947,2.9473684210526314,0.23357214690901223,0.48143919260296536
0.8421052631578947,2.9473684210526314,0.2767612370754227,0.5225288223207032
0.8421052631578947,2.9473684210526314,0.32793628590208806,0.5363717626151938
0.8421052631578947,2.9473684210526314,0.3885739518570975,0.5659858476716613
0.8421052631578947,2.9473684210526314,0.460423937675878,0.5834788187252112
0.8421052631578947,2.9473684210526314,0.5455594781168519,0.604286746086706
0.8421052631578947,2.9473684210526314,0.646437163249006,0.6206263629588227
0.8421052631578947,2.9473684210526314,0.7659678234751834,0.6405608680798853
0.8421052631578947,2.9473684210526314,0.907600521681814,0.6467747353186948
0.8421052631578947,2.9473684210526314,1.0754220761125606,0.6674631437443826
0.8421052631578947,2.9473684210526314,1.2742749857031335,0.6741348880698703
0.8421052631578947,2.9473684210526314,1.5098971606184193,0.6692113647395308
0.8421052631578947,2.9473684210526314,1.789087489923219,0.6623597030024448
0.8421052631578947,2.9473684210526314,2.1199020238496082,0.6550410494473868
0.8421052631578947,2.9473684210526314,2.51188643150958,0.6429420018202343
0.8421052631578947,3.2105263157894735,0.09999999999999999,0.41794378847914987
0.8421052631578947,3.2105263157894735,0.11849068510006666,0.4318186564500362
0.8421052631578947,3.2105263157894735,0.1404004245548316,0.44461634332573025
0.8421052631578947,3.2105263157894735,0.16636142493842218,0.45547721315332934
0.8421052631578947,3.2105263157894735,0.1971227921517696,0.46606640959135737
0.8421052631578947,3.2105263157894735,0.23357214690901223,0.4757224395006997
0.8421052631578947,3.2105263157894735,0.2767612370754227,0.510721020741322
0.8421052631578947,3.2105263157894735,0.32793628590208806,0.5323208057513822
0.8421052631578947,3.2105263157894735,0.3885739518570975,0.5648909128592047
0.8421052631578947,3.2105263157894735,0.460423937675878,0.5690283199240107
0.8421052631578947,3.2105263157894735,0.5455594781168519,0.6047422562601267
0.8421052631578947,3.2105263157894735,0.646437163249006,0.607337127127551
0.8421052631578947,3.2105263157894735,0.7659678234751834,0.6327103404571112
0.8421052631578947,3.2105263157894735,0.907600521681814,0.6523525978697762
0.8421052631578947,3.2105263157894735,1.0754220761125606,0.6733173300355594
0.8421052631578947,3.2105263157894735,1.2742749857031335,0.6746307096641293
0.8421052631578947,3.2105263157894735,1.5098971606184193,0.6687013350746308
0.8421052631578947,3.2105263157894735,1.789087489923219,0.6705701749708646
0.8421052631578947,3.2105263157894735,2.1199020238496082,0.6506331608433045
0.8421052631578947,3.2105263157894735,2.51188643150958,0.6415662939628183
0.8421052631578947,3.473684210526316,0.09999999999999999,0.42400963416997434
0.8421052631578947,3.473684210526316,0.11849068510006666,0.4224921295830584
0.8421052631578947,3.473684210526316,0.1404004245548316,0.439135173557877
0.8421052631578947,3.473684210526316,0.16636142493842218,0.46778343367449143
0.8421052631578947,3.473684210526316,0.1971227921517696,0.4748705088750008
0.8421052631578947,3.473684210526316,0.23357214690901223,0.47865359369730837
0.8421052631578947,3.473684210526316,0.2767612370754227,0.5077088643335327
0.8421052631578947,3.473684210526316,0.32793628590208806,0.5196865162165752
0.8421052631578947,3.473684210526316,0.3885739518570975,0.5560957959673164
0.8421052631578947,3.473684210526316,0.460423937675878,0.576222377164712
0.8421052631578947,3.473684210526316,0.5455594781168519,0.5859886398968409
0.8421052631578947,3.473684210526316,0.646437163249006,0.6035276104041951
0.8421052631578947,3.473684210526316,0.7659678234751834,0.6330648460570674
0.8421052631578947,3.473684210526316,0.907600521681814,0.6708506130675561
0.8421052631578947,3.473684210526316,1.0754220761125606,0.6587337576082358
0.8421052631578947,3.473684210526316,1.2742749857031335,0.6784720798866017
0.8421052631578947,3.473684210526316,1.5098971606184193,0.6639559159134006
0.8421052631578947,3.473684210526316,1.789087489923219,0.6593051317827403
0.8421052631578947,3.473684210526316,2.1199020238496082,0.6574699984466928
0.8421052631578947,3.473684210526316,2.51188643150958,0.6376646713817271
0.8421052631578947,3.7368421052631575,0.09999999999999999,0.42171257108540083
0.8421052631578947,3.7368421052631575,0.11849068510006666,0.4403271449777854
0.8421052631578947,3.7368421052631575,0.1404004245548316,0.46032913481019305
0.8421052631578947,3.7368421052631575,0.16636142493842218,0.46458517734994276
0.8421052631578947,3.7368421052631575,0.1971227921517696,0.46386916652022564
0.8421052631578947,3.7368421052631575,0.23357214690901223,0.46393569451090394
0.8421052631578947,3.7368421052631575,0.2767612370754227,0.4911459994428413
0.8421052631578947,3.7368421052631575,0.32793628590208806,0.5223671403088209
0.8421052631578947,3.7368421052631575,0.3885739518570975,0.5634533104219002
0.8421052631578947,3.7368421052631575,0.460423937675878,0.5903052433637691
0.8421052631578947,3.7368421052631575,0.5455594781168519,0.5969620750878053
0.8421052631578947,3.7368421052631575,0.646437163249006,0.5993043751721381
0.8421052631578947,3.7368421052631575,0.7659678234751834,0.639487925007637
0.8421052631578947,3.7368421052631575,0.907600521681814,0.6454957587571116
0.8421052631578947,3.7368421052631575,1.0754220761125606,0.6535595278311707
0.8421052631578947,3.7368421052631575,1.2742749857031335,0.6812192396115075
0.8421052631578947,3.7368421052631575,1.5098971606184193,0.6623912453792996
0.8421052631578947,3.7368421052631575,1.789087489923219,0.6582324693980325
0.8421052631578947,3.7368421052631575,2.1199020238496082,0.6458829450836686
0.8421052631578947,3.7368421052631575,2.51188643150958,0.6407655875860631
0.8421052631578947,4.0,0.09999999999999999,0.4241893057054469
0.8421052631578947,4.0,0.11849068510006666,0.43881708565866634
0.8421052631578947,4.0,0.1404004245548316,0.44805651118935824
0.8421052631578947,4.0,0.16636142493842218,0.47404242959276277
0.8421052631578947,4.0,0.1971227921517696,0.46885748851337045
0.8421052631578947,4.0,0.23357214690901223,0.47940485011323974
0.8421052631578947,4.0,0.2767612370754227,0.5287373043529912
0.8421052631578947,4.0,0.32793628590208806,0.5055449855379903
0.8421052631578947,4.0,0.3885739518570975,0.5326315977151796
0.8421052631578947,4.0,0.460423937675878,0.5672762602739835
0.8421052631578947,4.0,0.5455594781168519,0.5914715953356724
0.8421052631578947,4.0,0.646437163249006,0.607844013912963
0.8421052631578947,4.0,0.7659678234751834,0.6390185334652588
0.8421052631578947,4.0,0.907600521681814,0.6446314138865686
0.8421052631578947,4.0,1.0754220761125606,0.6654956443494602
0.8421052631578947,4.0,1.2742749857031335,0.6767363710842623
0.8421052631578947,4.0,1.5098971606184193,0.6628238329081493
0.8421052631578947,4.0,1.789087489923219,0.6550142345684843
0.8421052631578947,4.0,2.1199020238496082,0.6476451064205125
0.8421052631578947,4.0,2.51188643150958,0.638658892507211
1.0526315789473684,-1.0,0.09999999999999999,0.6563109651949124
1.0526315789473684,-1.0,0.11849068510006666,0.6902345449145676
1.0526315789473684,-1.0,0.1404004245548316,0.6828668851129049
1.0526315789473684,-1.0,0.16636142493842218,0.6997364255958423
1.0526315789473684,-1.0,0.1971227921517696,0.7214729078152631
1.0526315789473684,-1.0,0.23357214690901223,0.7209730348813606
1.0526315789473684,-1.0,0.2767612370754227,0.7608798125528378
1.0526315789473684,-1.0,0.32793628590208806,0.7683545676977659
1.0526315789473684,-1.0,0.3885739518570975,0.7810126156326136
1.0526315789473684,-1.0,0.460423937675878,0.7823376683049403
1.0526315789473684,-1.0,0.5455594781168519,0.7972362461457179
1.0526315789473684,-1.0,0.646437163249006,0.7925087138169182
1.0526315789473684,-1.0,0.7659678234751834,0.7939379283771669
1.0526315789473684,-1.0,0.907600521681814,0.7873633448629564
1.0526315789473684,-1.0,1.0754220761125606,0.7661753110951777
1.0526315789473684,-1.0,1.2742749857031335,0.7333179370017403
1.0526315789473684,-1.0,1.5098971606184193,0.7191544129241199
1.0526315789473684,-1.0,1.789087489923219,0.6994672020965043
1.0526315789473684,-1.0,2.1199020238496082,0.6769956180691618
1.0526315789473684,-1.0,2.51188643150958,0.6535628486352726
1.0526315789473684,-0.736842105263158,0.09999999999999999,0.6771326404405451
1.0526315789473684,-0.736842105263158,0.11849068510006666,0.705422125271478
1.0526315789473684,-0.736842105263158,0.1404004245548316,0.7104821799072305
1.0526315789473684,-0.736842105263158,0.16636142493842218,0.7036117160587435
1.0526315789473684,-0.736842105263158,0.1971227921517696,0.7170799429428963
1.0526315789473684,-0.736842105263158,0.23357214690901223,0.7480913778490521
1.0526315789473684,-0.736842105263158,0.2767612370754227,0.7712322175706742
1.0526315789473684,-0.736842105263158,0.32793628590208806,0.7747511072883506
1.0526315789473684,-0.736842105263158,0.3885739518570975,0.7918318910453861
1.0526315789473684,-0.736842105263158,0.460423937675878,0.7870211326873492
1.0526315789473684,-0.736842105263158,0.5455594781168519,0.8065298581652958
1.0526315789473684,-0.736842105263158,0.646437163249006,0.8036947309950478
1.0526315789473684,-0.736842105263158,0.7659678234751834,0.8037405997242271
1.0526315789473684,-0.736842105263158,0.907600521681814,0.7821774295861449
1.0526315789473684,-0.736842105263158,1.0754220761125606,0.7695121090849063
1.0526315789473684,-0.736842105263158,1.2742749857031335,0.7472239254076272
1.0526315789473684,-0.736842105263158,1.5098971606184193,0.7223640309057666
1.0526315789473684,-0.736842105263158,1.789087489923219,0.7004568193290521
1.0526315789473684,-0.736842105263158,2.1199020238496082,0.6756536691729124
1.0526315789473684,-0.736842105263158,2.51188643150958,0.6525633455848733
1.0526315789473684,-0.4736842105263158,0.09999999999999999,0.6824817964459892
1.0526315789473684,-0.4736842105263158,0.11849068510006666,0.7175347116846611
1.0526315789473684,-0.4736842105263158,0.1404004245548316,0.7058225076290165
1.0526315789473684,-0.4736842105263158,0.16636142493842218,0.7197699453961423
1.0526315789473684,-0.4736842105263158,0.1971227921517696,0.735996113020702
1.0526315789473684,-0.4736842105263158,0.23357214690901223,0.7525090169834752
1.0526315789473684,-0.4736842105263158,0.2767612370754227,0.7558620912268174
1.0526315789473684,-0.4736842105263158,0.32793628590208806,0.7746428478241624
1.0526315789473684,-0.4736842105263158,0.3885739518570975,0.7723815391935057
1.0526315789473684,-0.4736842105263158,0.460423937675878,0.8025896963691965
1.0526315789473684,-0.4736842105263158,0.5455594781168519,0.8083197596556331
1.0526315789473684,-0.4736842105263158,0.646437163249006,0.8157767701200184
1.0526315789473684,-0.4736842105263158,0.7659678234751834,0.801259755772404
1.0526315789473684,-0.4736842105263158,0.907600521681814,0.790484368536114
1.0526315789473684,-0.4736842105263158,1.0754220761125606,0.7757632534502761
1.0526315789473684,-0.4736842105263158,1.2742749857031335,0.7543197181172667
1.0526315789473684,-0.4736842105263158,1.5098971606184193,0.7253245796126443
1.0526315789473684,-0.4736842105263158,1.789087489923219,0.7006824929392478
1.0526315789473684,-0.4736842105263158,2.1199020238496082,0.6786277197289123
1.0526315789473684,-0.4736842105263158,2.51188643150958,0.6545836880455904
1.0526315789473684,-0.21052631578947367,0.09999999999999999,0.6980613466737833
1.0526315789473684,-0.21052631578947367,0.11849068510006666,0.7105610930623703
1.0526315789473684,-0.21052631578947367,0.1404004245548316,0.7123391208793699
1.0526315789473684,-0.21052631578947367,0.16636142493842218,0.7337913601883832
1.0526315789473684,-0.21052631578947367,0.1971227921517696,0.7557470811272105
1.0526315789473684,-0.21052631578947367,0.23357214690901223,0.7492997028567928
1.0526315789473684,-0.21052631578947367,0.2767612370754227,0.784647783291175
1.0526315789473684,-0.21052631578947367,0.32793628590208806,0.8001132733186057
1.0526315789473684,-0.21052631578947367,0.3885739518570975,0.8026103501880743
1.0526315789473684,-0.21052631578947367,0.460423937675878,0.8133686067459319
1.0526315789473684,-0.21052631578947367,0.5455594781168519,0.8029740566737529
1.0526315789473684,-0.21052631578947367,0.646437163249006,0.813923121160222
1.0526315789473684,-0.21052631578947367,0.7659678234751834,0.8077277387761734
1.0526315789473684,-0.21052631578947367,0.907600521681814,0.7980125658700262
1.0526315789473684,-0.21052631578947367,1.0754220761125606,0.7716193880619657
1.0526315789473684,-0.21052631578947367,1.2742749857031335,0.752634867025174
1.0526315789473684,-0.21052631578947367,1.5098971606184193,0.7243808564976921
1.0526315789473684,-0.21052631578947367,1.789087489923219,0.704561351522761
1.0526315789473684,-0.21052631578947367,2.1199020238496082,0.6763216576380836
1.0526315789473684,-0.21052631578947367,2.51188643150958,0.6553861682504148
1.0526315789473684,0.05263157894736836,0.09999999999999999,0.7020598710018584
1.0526315789473684,0.05263157894736836,0.11849068510006666,0.7163914175954229
1.0526315789473684,0.05263157894736836,0.1404004245548316,0.7250954704719644
1.0526315789473684,0.05263157894736836,0.16636142493842218,0.7376187087430917
1.0526315789473684,0.05263157894736836,0.1971227921517696,0.7511704612059804
1.0526315789473684,0.05263157894736836,0.23357214690901223,0.7585085577631715
1.0526315789473684,0.05263157894736836,0.2767612370754227,0.7752893656083351
1.0526315789473684,0.05263157894736836,0.32793628590208806,0.8020317723293674
1.0526315789473684,0.05263157894736836,0.3885739518570975,0.8080582351285117
1.0526315789473684,0.05263157894736836,0.460423937675878,0.8163540688743175
1.0526315789473684,0.05263157894736836,0.5455594781168519,0.8196737616272392
1.0526315789473684,0.05263157894736836,0.646437163249006,0.814527034730115
1.0526315789473684,0.05263157894736836,0.7659678234751834,0.8141992836356825
1.0526315789473684,0.05263157894736836,0.907600521681814,0.7980975899204648
1.0526315789473684,0.05263157894736836,1.0754220761125606,0.7832942962521612
1.0526315789473684,0.05263157894736836,1.2742749857031335,0.7610913611415456
1.0526315789473684,0.05263157894736836,1.5098971606184193,0.7343042453549175
1.0526315789473684,0.05263157894736836,1.789087489923219,0.7060578390615588
1.0526315789473684,0.05263157894736836,2.1199020238496082,0.679020840232013
1.0526315789473684,0.05263157894736836,2.51188643150958,0.6591164870797092
1.0526315789473684,0.3157894736842104,0.09999999999999999,0.7172356550830163
1.0526315789473684,0.3157894736842104,0.11849068510006666,0.7383890338746616
1.0526315789473684,0.3157894736842104,0.1404004245548316,0.730617440537
1.0526315789473684,0.3157894736842104,0.16636142493842218,0.7350430265727943
1.0526315789473684,0.3157894736842104,0.1971227921517696,0.7673379644131912
1.0526315789473684,0.3157894736842104,0.23357214690901223,0.7684548045446037
1.0526315789473684,0.3157894736842104,0.2767612370754227,0.792697692470664
1.0526315789473684,0.3157894736842104,0.32793628590208806,0.784256178723778
1.0526315789473684,0.3157894736842104,0.3885739518570975,0.8127599498858379
1.0526315789473684,0.3157894736842104,0.460423937675878,0.8278299006708206
1.0526315789473684,0.3157894736842104,0.5455594781168519,0.8278733375888798
1.0526315789473684,0.3157894736842104,0.646437163249006,0.8185024734892065
1.0526315789473684,0.3157894736842104,0.7659678234751834,0.8246762933100054
1.0526315789473684,0.3157894736842104,0.907600521681814,0.8021409567528961
1.0526315789473684,0.3157894736842104,1.0754220761125606,0.7877016804257667
1.0526315789473684,0.3157894736842104,1.2742749857031335,0.7679459328870045
1.0526315789473684,0.3157894736842104,1.5098971606184193,0.7379011564270195
1.0526315789473684,0.3157894736842104,1.789087489923219,0.7099957592849611
1.0526315789473684,0.3157894736842104,2.1199020238496082,0.6827023906788185
1.0526315789473684,0.3157894736842104,2.51188643150958,0.6625566870538775
1.0526315789473684,0.5789473684210527,0.09999999999999999,0.7263110192331717
1.0526315789473684,0.5789473684210527,0.11849068510006666,0.7078498625503495
1.0526315789473684,0.5789473684210527,0.1404004245548316,0.7298577560507362
1.0526315789473684,0.5789473684210527,0.16636142493842218,0.7403584259569178
1.0526315789473684,0.5789473684210527,0.1971227921517696,0.7648842733997289
1.0526315789473684,0.5789473684210527,0.23357214690901223,0.786121349316286
1.0526315789473684,0.5789473684210527,0.2767612370754227,0.7908033557979365
1.0526315789473684,0.5789473684210527,0.32793628590208806,0.799553812809862
1.0526315789473684,0.5789473684210527,0.3885739518570975,0.8141262654019944
1.0526315789473684,0.5789473684210527,0.460423937675878,0.8152505230666308
1.0526315789473684,0.5789473684210527,0.5455594781168519,0.8305357088163877
1.0526315789473684,0.5789473684210527,0.646437163249006,0.8326300111488701
1.0526315789473684,0.5789473684210527,0.7659678234751834,0.8270905562994023
1.0526315789473684,0.5789473684210527,0.907600521681814,0.8153062648418946
1.0526315789473684,0.5789473684210527,1.0754220761125606,0.792457105827113
1.0526315789473684,0.5789473684210527,1.2742749857031335,0.774321985637765
1.0526315789473684,0.5789473684210527,1.5098971606184193,0.7479317207499139
1.0526315789473684,0.5789473684210527,1.789087489923219,0.7181729070645627
1.0526315789473684,0.5789473684210527,2.1199020238496082,0.6959011441453749
1.0526315789473684,0.5789473684210527,2.51188643150958,0.6659091189961563
1.0526315789473684,0.8421052631578947,0.09999999999999999,0.6652739754856134
1.0526315789473684,0.8421052631578947,0.11849068510006666,0.6862785255913169
1.0526315789473684,0.8421052631578947,0.1404004245548316,0.687759366337924
1.0526315789473684,0.8421052631578947,0.16636142493842218,0.6969256619721804
1.0526315789473684,0.8421052631578947,0.1971227921517696,0.7181041404614027
1.0526315789473684,0.8421052631578947,0.23357214690901223,0.6998526100048575
1.0526315789473684,0.8421052631578947,0.2767612370754227,0.7485777973576394
1.0526315789473684,0.8421052631578947,0.32793628590208806,0.770023638291866
1.0526315789473684,0.8421052631578947,0.3885739518570975,0.7856881135102469
1.0526315789473684,0.8421052631578947,0.460423937675878,0.8148400610260307
1.0526315789473684,0.8421052631578947,0.5455594781168519,0.8034322027148226
1.0526315789473684,0.8421052631578947,0.646437163249006,0.8101431249012622
1.0526315789473684,0.8421052631578947,0.7659678234751834,0.808570016488785
1.0526315789473684,0.8421052631578947,0.907600521681814,0.8116924626718158
1.0526315789473684,0.8421052631578947,1.0754220761125606,0.794764846578066
1.0526315789473684,0.8421052631578947,1.2742749857031335,0.7723791868930409
1.0526315789473684,0.8421052631578947,1.5098971606184193,0.7505343203231698
1.0526315789473684,0.8421052631578947,1.789087489923219,0.7252094253387257
1.0526315789473684,0.8421052631578947,2.1199020238496082,0.6976431233828072
1.0526315789473684,0.8421052631578947,2.51188643150958,0.6724029390174
1.0526315789473684,1.1052631578947367,0.09999999999999999,0.5843691271401992
1.0526315789473684,1.1052631578947367,0.11849068510006666,0.600401416681205
1.0526315789473684,1.1052631578947367,0.1404004245548316,0.6053858865167786
1.0526315789473684,1.1052631578947367,0.16636142493842218,0.6079299938625844
1.0526315789473684,1.1052631578947367,0.1971227921517696,0.6144923538716061
1.0526315789473684,1.1052631578947367,0.23357214690901223,0.6557512217666831
1.0526315789473684,1.1052631578947367,0.2767612370754227,0.6624192544319544
1.0526315789473684,1.1052631578947367,0.32793628590208806,0.6762616888609646
1.0526315789473684,1.1052631578947367,0.3885739518570975,0.708495364121361
1.0526315789473684,1.1052631578947367,0.460423937675878,0.7387439240199651
1.0526315789473684,1.1052631578947367,0.5455594781168519,0.7623237271828505
1.0526315789473684,1.1052631578947367,0.646437163249006,0.7719456952526251
1.0526315789473684,1.1052631578947367,0.7659678234751834,0.7865100028638944
1.0526315789473684,1.1052631578947367,0.907600521681814,0.7847354623068353
1.0526315789473684,1.1052631578947367,1.0754220761125606,0.779780023719682
1.0526315789473684,1.1052631578947367,1.2742749857031335,0.7619168357995609
1.0526315789473684,1.1052631578947367,1.5098971606184193,0.7490060918149517
1.0526315789473684,1.1052631578947367,1.789087489923219,0.7273324188706316
1.0526315789473684,1.1052631578947367,2.1199020238496082,0.7042342828558229
1.0526315789473684,1.1052631578947367,2.51188643150958,0.6791710291575986
1.0526315789473684,1.3684210526315788,0.09999999999999999,0.49901953919560466
1.0526315789473684,1.3684210526315788,0.11849068510006666,0.5224235794180829
1.0526315789473684,1.3684210526315788,0.1404004245548316,0.5460626866190413
1.0526315789473684,1.3684210526315788,0.16636142493842218,0.5335256241395289
1.0526315789473684,1.3684210526315788,0.1971227921517696,0.5766183776191455
1.0526315789473684,1.3684210526315788,0.23357214690901223,0.5811436648825827
1.0526315789473684,1.3684210526315788,0.2767612370754227,0.6053423242357324
1.0526315789473684,1.3684210526315788,0.32793628590208806,0.6274497090889546
1.0526315789473684,1.3684210526315788,0.3885739518570975,0.6554018312898802
1.0526315789473684,1.3684210526315788,0.460423937675878,0.6908783216524937
1.0526315789473684,1.3684210526315788,0.5455594781168519,0.7119925458868608
1.0526315789473684,1.3684210526315788,0.646437163249006,0.7332332109131969
1.0526315789473684,1.3684210526315788,0.7659678234751834,0.7443485655499945
1.0526315789473684,1.3684210526315788,0.907600521681814,0.7464026641507103
1.0526315789473684,1.3684210526315788,1.0754220761125606,0.7483956633491499
1.0526315789473684,1.3684210526315788,1.2742749857031335,0.7426649576381685
1.0526315789473684,1.3684210526315788,1.5098971606184193,0.7399543865546575
1.0526315789473684,1.3684210526315788,1.789087489923219,0.7122283592238731
1.0526315789473684,1.3684210526315788,2.1199020238496082,0.6934990496269478
1.0526315789473684,1.3684210526315788,2.51188643150958,0.6716554451326116
1.0526315789473684,1.6315789473684208,0.09999999999999999,0.49505672286636637
1.0526315789473684,1.6315789473684208,0.11849068510006666,0.4992661431245459
1.0526315789473684,1.6315789473684208,0.1404004245548316,0.5399680645202171
1.0526315789473684,1.6315789473684208,0.16636142493842218,0.526168013631204
1.0526315789473684,1.6315789473684208,0.1971227921517696,0.5582367604664068
1.0526315789473684,1.6315789473684208,0.23357214690901223,0.5649623333651631
1.0526315789473684,1.6315789473684208,0.2767612370754227,0.5940562149302993
1.0526315789473684,1.6315789473684208,0.32793628590208806,0.6249262241191735
1.0526315789473684,1.6315789473684208,0.3885739518570975,0.6457363085510385
1.0526315789473684,1.6315789473684208,0.460423937675878,0.6544240830302447
1.0526315789473684,1.6315789473684208,0.5455594781168519,0.6695973005949094
1.0526315789473684,1.6315789473684208,0.646437163249006,0.7043234848541761
1.0526315789473684,1.6315789473684208,0.7659678234751834,0.7224447326970495
1.0526315789473684,1.6315789473684208,0.907600521681814,0.7124540153490281
1.0526315789473684,1.6315789473684208,1.0754220761125606,0.7310303356864103
1.0526315789473684,1.6315789473684208,1.2742749857031335,0.7137784210113792
1.0526315789473684,1.6315789473684208,1.5098971606184193,0.718971057160734
1.0526315789473684,1.6315789473684208,1.789087489923219,0.7041201300740441
1.0526315789473684,1.6315789473684208,2.1199020238496082,0.6842538577668936
1.0526315789473684,1.6315789473684208,2.51188643150958,0.664834673684796
1.0526315789473684,1.8947368421052628,0.09999999999999999,0.4810077110331887
1.0526315789473684,1.8947368421052628,0.11849068510006666,0.48909872364875334
1.0526315789473684,1.8947368421052628,0.1404004245548316,0.5265254722777291
1.0526315789473684,1.8947368421052628,0.16636142493842218,0.5269114455859215
1.0526315789473684,1.8947368421052628,0.1971227921517696,0.5405168421690929
1.0526315789473684,1.8947368421052628,0.23357214690901223,0.5638599805768437
1.0526315789473684,1.8947368421052628,0.2767612370754227,0.5866157687207066
1.0526315789473684,1.8947368421052628,0.32793628590208806,0.6012855371252895
1.0526315789473684,1.8947368421052628,0.3885739518570975,0.6198100822014867
1.0526315789473684,1.8947368421052628,0.460423937675878,0.6238448821887472
1.0526315789473684,1.8947368421052628,0.5455594781168519,0.655511368796173
1.0526315789473684,1.8947368421052628,0.646437163249006,0.6667167298604942
1.0526315789473684,1.8947368421052628,0.7659678234751834,0.6919110652489846
1.0526315789473684,1.8947368421052628,0.907600521681814,0.710152860768219
1.0526315789473684,1.8947368421052628,1.0754220761125606,0.7065393696472921
1.0526315789473684,1.8947368421052628,1.2742749857031335,0.714587656623684
1.0526315789473684,1.8947368421052628,1.5098971606184193,0.6999033079379059
1.0526315789473684,1.8947368421052628,1.789087489923219,0.6897001929964344
1.0526315789473684,1.8947368421052628,2.1199020238496082,0.673277919965716
1.0526315789473684,1.8947368421052628,2.51188643150958,0.6552411454993001
1.0526315789473684,2.1578947368421053,0.09999999999999999,0.46984865205245313
1.0526315789473684,2.1578947368421053,0.11849068510006666,0.4831701781670458
1.0526315789473684,2.1578947368421053,0.1404004245548316,0.49815786318040584
1.0526315789473684,2.1578947368421053,0.16636142493842218,0.5342605855835044
1.0526315789473684,2.1578947368421053,0.1971227921517696,0.5301111837178504
1.0526315789473684,2.1578947368421053,0.23357214690901223,0.5492283312684162
1.0526315789473684,2.1578947368421053,0.2767612370754227,0.5557192953351762
1.0526315789473684,2.1578947368421053,0.32793628590208806,0.5813942356114319
1.0526315789473684,2.1578947368421053,0.3885739518570975,0.585149577753543
1.0526315789473684,2.1578947368421053,0.460423937675878,0.6188897922685043
1.0526315789473684,2.1578947368421053,0.5455594781168519,0.6408953328127642
1.0526315789473684,2.1578947368421053,0.646437163249006,0.6669148917613431
1.0526315789473684,2.1578947368421053,0.7659678234751834,0.6862090844682432
1.0526315789473684,2.1578947368421053,0.907600521681814,0.6916303952673608
1.0526315789473684,2.1578947368421053,1.0754220761125606,0.6973061969355686
1.0526315789473684,2.1578947368421053,1.2742749857031335,0.6952514447353165
1.0526315789473684,2.1578947368421053,1.5098971606184193,0.6965340818241202
1.0526315789473684,2.1578947368421053,1.789087489923219,0.684167987376824
1.0526315789473684,2.1578947368421053,2.1199020238496082,0.66651657226952
1.0526315789473684,2.1578947368421053,2.51188643150958,0.6515644231076009
1.0526315789473684,2.4210526315789473,0.09999999999999999,0.4481546886180878
1.0526315789473684,2.4210526315789473,0.11849068510006666,0.4896723305027024
1.0526315789473684,2.4210526315789473,0.1404004245548316,0.49259805033610043
1.0526315789473684,2.4210526315789473,0.16636142493842218,0.49157350181313847
1.0526315789473684,2.4210526315789473,0.1971227921517696,0.5143833399135715
1.0526315789473684,2.4210526315789473,0.23357214690901223,0.5292464633281887
1.0526315789473684,2.4210526315789473,0.2767612370754227,0.5519311799601252
1.0526315789473684,2.4210526315789473,0.32793628590208806,0.5742781835770046
1.0526315789473684,2.4210526315789473,0.3885739518570975,0.5891678383946497
1.0526315789473684,2.4210526315789473,0.460423937675878,0.6195844104545443
1.0526315789473684,2.4210526315789473,0.5455594781168519,0.6452827901394704
1.0526315789473684,2.4210526315789473,0.646437163249006,0.6622002949113688
1.0526315789473684,2.4210526315789473,0.7659678234751834,0.6616217221094326
1.0526315789473684,2.4210526315789473,0.907600521681814,0.6808644469890435
1.0526315789473684,2.4210526315789473,1.0754220761125606,0.6822957233815731
1.0526315789473684,2.4210526315789473,1.2742749857031335,0.6960542812188356
1.0526315789473684,2.4210526315789473,1.5098971606184193,0.6800270938358927
1.0526315789473684,2.4210526315789473,1.789087489923219,0.6749511520005343
1.0526315789473684,2.4210526315789473,2.1199020238496082,0.6639669640532825
1.0526315789473684,2.4210526315789473,2.51188643150958,0.648461786477664
1.0526315789473684,2.6842105263157894,0.09999999999999999,0.4444858324793134
1.0526315789473684,2.6842105263157894,0.11849068510006666,0.4666019799561921
1.0526315789473684,2.6842105263157894,0.1404004245548316,0.4785913091658845
1.0526315789473684,2.6842105263157894,0.16636142493842218,0.4710925681046146
1.0526315789473684,2.6842105263157894,0.1971227921517696,0.5082529071642771
1.0526315789473684,2.6842105263157894,0.23357214690901223,0.5164021008964578
1.0526315789473684,2.6842105263157894,0.2767612370754227,0.5286579992838806
1.0526315789473684,2.6842105263157894,0.32793628590208806,0.5382812723653052
1.0526315789473684,2.6842105263157894,0.3885739518570975,0.5820823035684342
1.0526315789473684,2.6842105263157894,0.460423937675878,0.5898346648983531
1.0526315789473684,2.6842105263157894,0.5455594781168519,0.6246221958331538
1.0526315789473684,2.6842105263157894,0.646437163249006,0.6427693799381168
1.0526315789473684,2.6842105263157894,0.7659678234751834,0.661365873505602
1.0526315789473684,2.6842105263157894,0.907600521681814,0.6850297536143439
1.0526315789473684,2.6842105263157894,1.0754220761125606,0.6694030262932418
1.0526315789473684,2.6842105263157894,1.2742749857031335,0.6827149456235607
1.0526315789473684,2.6842105263157894,1.5098971606184193,0.6793211653587945
1.0526315789473684,2.6842105263157894,1.789087489923219,0.6738061386386325
1.0526315789473684,2.6842105263157894,2.1199020238496082,0.6579935938249989
1.0526315789473684,2.6842105263157894,2.51188643150958,0.6468299221599921
1.0526315789473684,2.9473684210526314,0.09999999999999999,0.4215434308005035
1.0526315789473684,2.9473684210526314,0.11849068510006666,0.4470155427768065
1.0526315789473684,2.9473684210526314,0.1404004245548316,0.4730614707074815
1.0526315789473684,2.9473684210526314,0.16636142493842218,0.46317485619771187
1.0526315789473684,2.9473684210526314,0.1971227921517696,0.5062676695855207
1.0526315789473684,2.9473684210526314,0.23357214690901223,0.5033971499570734
1.0526315789473684,2.9473684210526314,0.2767612370754227,0.5206140950912567
1.0526315789473684,2.9473684210526314,0.32793628590208806,0.5435917139282511
1.0526315789473684,2.9473684210526314,0.3885739518570975,0.5797285471880576
1.0526315789473684,2.9473684210526314,0.460423937675878,0.5817737331356851
1.0526315789473684,2.9473684210526314,0.5455594781168519,0.6188862325300204
1.0526315789473684,2.9473684210526314,0.646437163249006,0.6329253638252347
1.0526315789473684,2.9473684210526314,0.7659678234751834,0.6597732802669123
1.0526315789473684,2.9473684210526314,0.907600521681814,0.644341576514885
1.0526315789473684,2.9473684210526314,1.0754220761125606,0.6785441063103074
1.0526315789473684,2.9473684210526314,1.2742749857031335,0.6730197026583793
1.0526315789473684,2.9473684210526314,1.5098971606184193,0.6786724505665386
1.0526315789473684,2.9473684210526314,1.789087489923219,0.6674699835171
1.0526315789473684,2.9473684210526314,2.1199020238496082,0.6601795421926283
1.0526315789473684,2.9473684210526314,2.51188643150958,0.6448076231257097
1.0526315789473684,3.2105263157894735,0.09999999999999999,0.43811629967571764
1.0526315789473684,3.2105263157894735,0.11849068510006666,0.4582245664959522
1.0526315789473684,3.2105263157894735,0.1404004245548316,0.4594299799275349
1.0526315789473684,3.2105263157894735,0.16636142493842218,0.4628835804397357
1.0526315789473684,3.2105263157894735,0.1971227921517696,0.49857000892493514
1.0526315789473684,3.2105263157894735,0.23357214690901223,0.5068667046227012
1.0526315789473684,3.2105263157894735,0.2767612370754227,0.5144247915943491
1.0526315789473684,3.2105263157894735,0.32793628590208806,0.5374832441254572
1.0526315789473684,3.2105263157894735,0.3885739518570975,0.5668445778567104
1.0526315789473684,3.2105263157894735,0.460423937675878,0.5966835488979386
1.0526315789473684,3.2105263157894735,0.5455594781168519,0.6014550441292824
1.0526315789473684,3.2105263157894735,0.646437163249006,0.6279096537780519
1.0526315789473684,3.2105263157894735,0.7659678234751834,0.6470072367692074
1.0526315789473684,3.2105263157894735,0.907600521681814,0.6596671364854476
1.0526315789473684,3.2105263157894735,1.0754220761125606,0.6697671938762919
1.0526315789473684,3.2105263157894735,1.2742749857031335,0.6757888197310984
1.0526315789473684,3.2105263157894735,1.5098971606184193,0.6710883898812239
1.0526315789473684,3.2105263157894735,1.789087489923219,0.6656691153328249
1.0526315789473684,3.2105263157894735,2.1199020238496082,0.659624383946019
1.0526315789473684,3.2105263157894735,2.51188643150958,0.64306616104992
1.0526315789473684,3.473684210526316,0.09999999999999999,0.4667616851250502
1.0526315789473684,3.473684210526316,0.11849068510006666,0.4485248528507382
1.0526315789473684,3.473684210526316,0.1404004245548316,0.4609737954551087
1.0526315789473684,3.473684210526316,0.16636142493842218,0.4670233822748325
1.0526315789473684,3.473684210526316,0.1971227921517696,0.48669843636789034
1.0526315789473684,3.473684210526316,0.23357214690901223,0.5032864068078224
1.0526315789473684,3.473684210526316,0.2767612370754227,0.5152436354106934
1.0526315789473684,3.473684210526316,0.32793628590208806,0.5115421266524594
1.0526315789473684,3.473684210526316,0.3885739518570975,0.5643495137235016
1.0526315789473684,3.473684210526316,0.460423937675878,0.5758984342870254
1.0526315789473684,3.473684210526316,0.5455594781168519,0.6005459606439407
1.0526315789473684,3.473684210526316,0.646437163249006,0.6086937970228117
1.0526315789473684,3.473684210526316,0.7659678234751834,0.639261891709884
1.0526315789473684,3.473684210526316,0.907600521681814,0.6480741071436339
1.0526315789473684,3.473684210526316,1.0754220761125606,0.6552582185319029
1.0526315789473684,3.473684210526316,1.2742749857031335,0.6579754829465162
1.0526315789473684,3.473684210526316,1.5098971606184193,0.6696223686631488
1.0526315789473684,3.473684210526316,1.789087489923219,0.6693482552085067
1.0526315789473684,3.473684210526316,2.1199020238496082,0.6537669821409006
1.0526315789473684,3.473684210526316,2.51188643150958,0.6401320250585931
1.0526315789473684,3.7368421052631575,0.09999999999999999,0.41814149447623156
1.0526315789473684,3.7368421052631575,0.11849068510006666,0.43545059859303004
1.0526315789473684,3.7368421052631575,0.1404004245548316,0.4343199682734522
1.0526315789473684,3.7368421052631575,0.16636142493842218,0.45649633023288055
1.0526315789473684,3.7368421052631575,0.1971227921517696,0.4919236851692436
1.0526315789473684,3.7368421052631575,0.23357214690901223,0.4918755948875128
1.0526315789473684,3.7368421052631575,0.2767612370754227,0.5024033220660149
1.0526315789473684,3.7368421052631575,0.32793628590208806,0.5286450570405484
1.0526315789473684,3.7368421052631575,0.3885739518570975,0.5516422653528102
1.0526315789473684,3.7368421052631575,0.460423937675878,0.5547500381126833
1.0526315789473684,3.7368421052631575,0.5455594781168519,0.5989105692144139
1.0526315789473684,3.7368421052631575,0.646437163249006,0.6081343581616374
1.0526315789473684,3.7368421052631575,0.7659678234751834,0.6248557529793605
1.0526315789473684,3.7368421052631575,0.907600521681814,0.6603861084099147
1.0526315789473684,3.7368421052631575,1.0754220761125606,0.6682636554715754
1.0526315789473684,3.7368421052631575,1.2742749857031335,0.6635257439200403
1.0526315789473684,3.7368421052631575,1.5098971606184193,0.6652896998325935
1.0526315789473684,3.7368421052631575,1.789087489923219,0.6680382251456923
1.0526315789473684,3.7368421052631575,2.1199020238496082,0.6499231910895232
1.0526315789473684,3.7368421052631575,2.51188643150958,0.6395029013858116
1.0526315789473684,4.0,0.09999999999999999,0.41534019136848244
1.0526315789473684,4.0,0.11849068510006666,0.45548878048652774
1.0526315789473684,4.0,0.1404004245548316,0.4479864993255285
1.0526315789473684,4.0,0.16636142493842218,0.44863767646740704
1.0526315789473684,4.0,0.1971227921517696,0.47833288256292883
1.0526315789473684,4.0,0.23357214690901223,0.48530538412858615
1.0526315789473684,4.0,0.2767612370754227,0.5142633377094397
1.0526315789473684,4.0,0.32793628590208806,0.5098292518617574
1.0526315789473684,4.0,0.3885739518570975,0.5501445949974559
1.0526315789473684,4.0,0.460423937675878,0.5645055585266879
1.0526315789473684,4.0,0.5455594781168519,0.5963221372144766
1.0526315789473684,4.0,0.646437163249006,0.6177765730170255
1.0526315789473684,4.0,0.7659678234751834,0.6331071064731629
1.0526315789473684,4.0,0.907600521681814,0.6517111214429113
1.0526315789473684,4.0,1.0754220761125606,0.6538595932902508
1.0526315789473684,4.0,1.2742749857031335,0.6655905473516504
1.0526315789473684,4.0,1.5098971606184193,0.6647569536100384
1.0526315789473684,4.0,1.789087489923219,0.6614059523523013
1.0526315789473684,4.0,2.1199020238496082,0.6510906327003877
1.0526315789473684,4.0,2.51188643150958,0.640601186685618
1.263157894736842,-1.0,0.09999999999999999,0.6995666458180757
1.263157894736842,-1.0,0.11849068510006666,0.6984228276929653
1.263157894736842,-1.0,0.1404004245548316,0.7172681809329178
1.263157894736842,-1.0,0.16636142493842218,0.7212218775436277
1.263157894736842,-1.0,0.1971227921517696,0.716604328398867
1.263157894736842,-1.0,0.23357214690901223,0.7373371892043795
1.263157894736842,-1.0,0.2767612370754227,0.7664013664858774
1.263157894736842,-1.0,0.32793628590208806,0.7717933850610742
1.263157894736842,-1.0,0.3885739518570975,0.7920702002793438
1.263157894736842,-1.0,0.460423937675878,0.7905485058542183
1.263157894736842,-1.0,0.5455594781168519,0.8018876770760908
1.263157894736842,-1.0,0.646437163249006,0.7987592713465822
1.263157894736842,-1.0,0.7659678234751834,0.7931139484597686
1.263157894736842,-1.0,0.907600521681814,0.7763803184728169
1.263157894736842,-1.0,1.0754220761125606,0.7673684287025629
1.263157894736842,-1.0,1.2742749857031335,0.7365094658880943
1.263157894736842,-1.0,1.5098971606184193,0.7261624068006365
1.263157894736842,-1.0,1.789087489923219,0.693495112612018
1.263157894736842,-1.0,2.1199020238496082,0.6739513434285362
1.263157894736842,-1.0,2.51188643150958,0.65199333585833
1.263157894736842,-0.736842105263158,0.09999999999999999,0.6733216718391524
1.263157894736842,-0.736842105263158,0.11849068510006666,0.692501131389566
1.263157894736842,-0.736842105263158,0.1404004245548316,0.7089264267698538
1.263157894736842,-0.736842105263158,0.16636142493842218,0.7122598765584737
1.263157894736842,-0.736842105263158,0.1971227921517696,0.7421395243176421
1.263157894736842,-0.736842105263158,0.23357214690901223,0.7439339856667987
1.263157894736842,-0.736842105263158,0.2767612370754227,0.7506355156495954
1.263157894736842,-0.736842105263158,0.32793628590208806,0.7679833082590414
1.263157894736842,-0.736842105263158,0.3885739518570975,0.7912803899315928
1.263157894736842,-0.736842105263158,0.460423937675878,0.7886151904005613
1.263157894736842,-0.736842105263158,0.5455594781168519,0.8078132636277376
1.263157894736842,-0.736842105263158,0.646437163249006,0.8073923330752814
1.263157894736842,-0.736842105263158,0.7659678234751834,0.7973950538009857
1.263157894736842,-0.736842105263158,0.907600521681814,0.7938983538918233
1.263157894736842,-0.736842105263158,1.0754220761125606,0.7643399094648198
1.263157894736842,-0.736842105263158,1.2742749857031335,0.750037480420802
1.263157894736842,-0.736842105263158,1.5098971606184193,0.7224272153374214
1.263157894736842,-0.736842105263158,1.789087489923219,0.6958622728233382
1.263157894736842,-0.736842105263158,2.1199020238496082,0.6755497203676363
1.263157894736842,-0.736842105263158,2.51188643150958,0.6519097677462217
1.263157894736842,-0.4736842105263158,0.09999999999999999,0.6994955484402335
1.263157894736842,-0.4736842105263158,0.11849068510006666,0.6980938471856796
1.263157894736842,-0.4736842105263158,0.1404004245548316,0.7148677046077152
1.263157894736842,-0.4736842105263158,0.16636142493842218,0.7243120134529416
1.263157894736842,-0.4736842105263158,0.1971227921517696,0.7317825537693418
1.263157894736842,-0.4736842105263158,0.23357214690901223,0.7631663132380985
1.263157894736842,-0.4736842105263158,0.2767612370754227,0.7684524778370921
1.263157894736842,-0.4736842105263158,0.32793628590208806,0.7751694165111133
1.263157894736842,-0.4736842105263158,0.3885739518570975,0.7929906871980694
1.263157894736842,-0.4736842105263158,0.460423937675878,0.8013012014459955
1.263157894736842,-0.4736842105263158,0.5455594781168519,0.806802447206573
1.263157894736842,-0.4736842105263158,0.646437163249006,0.8036189798007242
1.263157894736842,-0.4736842105263158,0.7659678234751834,0.798063918515568
1.263157894736842,-0.4736842105263158,0.907600521681814,0.7874870114993965
1.263157894736842,-0.4736842105263158,1.0754220761125606,0.7730597846195364
1.263157894736842,-0.4736842105263158,1.2742749857031335,0.743974113335301
1.263157894736842,-0.4736842105263158,1.5098971606184193,0.7230768670893127
1.263157894736842,-0.4736842105263158,1.789087489923219,0.6944811753235596
1.263157894736842,-0.4736842105263158,2.1199020238496082,0.6779706053257842
1.263157894736842,-0.4736842105263158,2.51188643150958,0.6558991997537664
1.263157894736842,-0.21052631578947367,0.09999999999999999,0.6849327348193078
1.263157894736842,-0.21052631578947367,0.11849068510006666,0.6949053867005949
1.263157894736842,-0.21052631578947367,0.1404004245548316,0.7155413030660183
1.263157894736842,-0.21052631578947367,0.16636142493842218,0.7420499327921494
1.263157894736842,-0.21052631578947367,0.1971227921517696,0.7340549137731625
1.263157894736842,-0.21052631578947367,0.23357214690901223,0.7553273058977826
1.263157894736842,-0.21052631578947367,0.2767612370754227,0.7630847141588359
1.263157894736842,-0.21052631578947367,0.32793628590208806,0.7820566622326667
1.263157894736842,-0.21052631578947367,0.3885739518570975,0.7932057038016835
1.263157894736842,-0.21052631578947367,0.460423937675878,0.7984591672713593
1.263157894736842,-0.21052631578947367,0.5455594781168519,0.811487071642163
1.263157894736842,-0.21052631578947367,0.646437163249006,0.8106339206206601
1.263157894736842,-0.21052631578947367,0.7659678234751834,0.8111160700322237
1.263157894736842,-0.21052631578947367,0.907600521681814,0.7941831884206588
1.263157894736842,-0.21052631578947367,1.0754220761125606,0.7700843621267623
1.263157894736842,-0.21052631578947367,1.2742749857031335,0.7527101083659428
1.263157894736842,-0.21052631578947367,1.5098971606184193,0.7237327946127046
1.263157894736842,-0.21052631578947367,1.789087489923219,0.6951668016623933
1.263157894736842,-0.21052631578947367,2.1199020238496082,0.6717673587362325
1.263157894736842,-0.21052631578947367,2.51188643150958,0.6525234237040862
1.263157894736842,0.05263157894736836,0.09999999999999999,0.697570353179163
1.263157894736842,0.05263157894736836,0.11849068510006666,0.7016117790021857
1.263157894736842,0.05263157894736836,0.1404004245548316,0.7197585218796002
1.263157894736842,0.05263157894736836,0.16636142493842218,0.7386378120403746
1.263157894736842,0.05263157894736836,0.1971227921517696,0.7427908590286485
1.263157894736842,0.05263157894736836,0.23357214690901223,0.7668342895642155
1.263157894736842,0.05263157894736836,0.2767612370754227,0.7633766415180498
1.263157894736842,0.05263157894736836,0.32793628590208806,0.7895799218837086
1.263157894736842,0.05263157894736836,0.3885739518570975,0.8032095409290181
1.263157894736842,0.05263157894736836,0.460423937675878,0.7977571849140637
1.263157894736842,0.05263157894736836,0.5455594781168519,0.8139589303794595
1.263157894736842,0.05263157894736836,0.646437163249006,0.8102746013735624
1.263157894736842,0.05263157894736836,0.7659678234751834,0.8016353282768147
1.263157894736842,0.05263157894736836,0.907600521681814,0.7949178066225564
1.263157894736842,0.05263157894736836,1.0754220761125606,0.7767728616991941
1.263157894736842,0.05263157894736836,1.2742749857031335,0.752272960035567
1.263157894736842,0.05263157894736836,1.5098971606184193,0.728430731471946
1.263157894736842,0.05263157894736836,1.789087489923219,0.7011919152065136
1.263157894736842,0.05263157894736836,2.1199020238496082,0.6762311145202723
1.263157894736842,0.05263157894736836,2.51188643150958,0.6549746683384601
1.263157894736842,0.3157894736842104,0.09999999999999999,0.7047522684034843
1.263157894736842,0.3157894736842104,0.11849068510006666,0.7058200229754861
1.263157894736842,0.3157894736842104,0.1404004245548316,0.7296180306561448
1.263157894736842,0.3157894736842104,0.16636142493842218,0.7525483184314093
1.263157894736842,0.3157894736842104,0.1971227921517696,0.7489155267023387
1.263157894736842,0.3157894736842104,0.23357214690901223,0.7641291417738033
1.263157894736842,0.3157894736842104,0.2767612370754227,0.7848710784935957
1.263157894736842,0.3157894736842104,0.32793628590208806,0.7881845470285713
1.263157894736842,0.3157894736842104,0.3885739518570975,0.8152745816955148
1.263157894736842,0.3157894736842104,0.460423937675878,0.8245602197689564
1.263157894736842,0.3157894736842104,0.5455594781168519,0.8224755113109383
1.263157894736842,0.3157894736842104,0.646437163249006,0.8107143885339658
1.263157894736842,0.3157894736842104,0.7659678234751834,0.8061625697927302
1.263157894736842,0.3157894736842104,0.907600521681814,0.8085623958284957
1.263157894736842,0.3157894736842104,1.0754220761125606,0.7827638320489537
1.263157894736842,0.3157894736842104,1.2742749857031335,0.7516009588184969
1.263157894736842,0.3157894736842104,1.5098971606184193,0.7365330116380729
1.263157894736842,0.3157894736842104,1.789087489923219,0.7030417787342853
1.263157894736842,0.3157894736842104,2.1199020238496082,0.6786173093470392
1.263157894736842,0.3157894736842104,2.51188643150958,0.6555804988875187
1.263157894736842,0.5789473684210527,0.09999999999999999,0.7053153571123106
1.263157894736842,0.5789473684210527,0.11849068510006666,0.7213499744846398
1.263157894736842,0.5789473684210527,0.1404004245548316,0.718654757493485
1.263157894736842,0.5789473684210527,0.16636142493842218,0.7520416790813513
1.263157894736842,0.5789473684210527,0.1971227921517696,0.7569242895003541
1.263157894736842,0.5789473684210527,0.23357214690901223,0.7644781387554476
1.263157894736842,0.5789473684210527,0.2767612370754227,0.7886990555360581
1.263157894736842,0.5789473684210527,0.32793628590208806,0.8049506014601474
1.263157894736842,0.5789473684210527,0.3885739518570975,0.8174601607381022
1.263157894736842,0.5789473684210527,0.460423937675878,0.8283823634142196
1.263157894736842,0.5789473684210527,0.5455594781168519,0.8348607664355451
1.263157894736842,0.5789473684210527,0.646437163249006,0.8280476788579022
1.263157894736842,0.5789473684210527,0.7659678234751834,0.8237309850866856
1.263157894736842,0.5789473684210527,0.907600521681814,0.8121880378268125
1.263157894736842,0.5789473684210527,1.0754220761125606,0.7927234207218473
1.263157894736842,0.5789473684210527,1.2742749857031335,0.7679949351200612
1.263157894736842,0.5789473684210527,1.5098971606184193,0.7414774233987109
1.263157894736842,0.5789473684210527,1.789087489923219,0.7144438474180512
1.263157894736842,0.5789473684210527,2.1199020238496082,0.6853419596862025
1.263157894736842,0.5789473684210527,2.51188643150958,0.6619006350023631
1.263157894736842,0.8421052631578947,0.09999999999999999,0.6940766830443027
1.263157894736842,0.8421052631578947,0.11849068510006666,0.6957197017025817
1.263157894736842,0.8421052631578947,0.1404004245548316,0.7211412151144728
1.263157894736842,0.8421052631578947,0.16636142493842218,0.7336213371935042
1.263157894736842,0.8421052631578947,0.1971227921517696,0.7485453070628169
1.263157894736842,0.8421052631578947,0.23357214690901223,0.7671058460076347
1.263157894736842,0.8421052631578947,0.2767612370754227,0.7790384453926591
1.263157894736842,0.8421052631578947,0.32793628590208806,0.7941422019131343
1.263157894736842,0.8421052631578947,0.3885739518570975,0.8046889555073031
1.263157894736842,0.8421052631578947,0.460423937675878,0.817225527245145
1.263157894736842,0.8421052631578947,0.5455594781168519,0.8157148934597025
1.263157894736842,0.8421052631578947,0.646437163249006,0.8275932989437883
1.263157894736842,0.8421052631578947,0.7659678234751834,0.8250517404932529
1.263157894736842,0.8421052631578947,0.907600521681814,0.8144459680497937
1.263157894736842,0.8421052631578947,1.0754220761125606,0.7957483435292492
1.263157894736842,0.8421052631578947,1.2742749857031335,0.7738999952496164
1.263157894736842,0.8421052631578947,1.5098971606184193,0.7484183639932139
1.263157894736842,0.8421052631578947,1.789087489923219,0.7204279771000189
1.263157894736842,0.8421052631578947,2.1199020238496082,0.6932024250914661
1.263157894736842,0.8421052631578947,2.51188643150958,0.6687525872850932
1.263157894736842,1.1052631578947367,0.09999999999999999,0.645628934305224
1.263157894736842,1.1052631578947367,0.11849068510006666,0.6748448975627013
1.263157894736842,1.1052631578947367,0.1404004245548316,0.6898349515243124
1.263157894736842,1.1052631578947367,0.16636142493842218,0.6552112533864556
1.263157894736842,1.1052631578947367,0.1971227921517696,0.6903069794707969
1.263157894736842,1.1052631578947367,0.23357214690901223,0.7093889428006481
1.263157894736842,1.1052631578947367,0.2767612370754227,0.7326910121746785
1.263157894736842,1.1052631578947367,0.32793628590208806,0.7537463625990869
1.263157894736842,1.1052631578947367,0.3885739518570975,0.7667226113573544
1.263157894736842,1.1052631578947367,0.460423937675878,0.7954428513743803
1.263157894736842,1.1052631578947367,0.5455594781168519,0.7992257629240384
1.263157894736842,1.1052631578947367,0.646437163249006,0.810826498146354
1.263157894736842,1.1052631578947367,0.7659678234751834,0.8131003359053848
1.263157894736842,1.1052631578947367,0.907600521681814,0.8107476396644564
1.263157894736842,1.1052631578947367,1.0754220761125606,0.7927085483203765
1.263157894736842,1.1052631578947367,1.2742749857031335,0.7745914823212742
1.263157894736842,1.1052631578947367,1.5098971606184193,0.7495665619533737
1.263157894736842,1.1052631578947367,1.789087489923219,0.7295064758573312
1.263157894736842,1.1052631578947367,2.1199020238496082,0.7040048998025371
1.263157894736842,1.1052631578947367,2.51188643150958,0.6760429530750718
1.263157894736842,1.3684210526315788,0.09999999999999999,0.551227131181912
1.263157894736842,1.3684210526315788,0.11849068510006666,0.5577569303199033
1.263157894736842,1.3684210526315788,0.1404004245548316,0.5567568363836926
1.263157894736842,1.3684210526315788,0.16636142493842218,0.5924903896675751
1.263157894736842,1.3684210526315788,0.1971227921517696,0.6025354663506803
1.263157894736842,1.3684210526315788,0.23357214690901223,0.6336433187436018
1.263157894736842,1.3684210526315788,0.2767612370754227,0.6541030993247189
1.263157894736842,1.3684210526315788,0.32793628590208806,0.6627537127970511
1.263157894736842,1.3684210526315788,0.3885739518570975,0.7055291724045626
1.263157894736842,1.3684210526315788,0.460423937675878,0.7049188295285759
1.263157894736842,1.3684210526315788,0.5455594781168519,0.7364223681938737
1.263157894736842,1.3684210526315788,0.646437163249006,0.7536093757012571
1.263157894736842,1.3684210526315788,0.7659678234751834,0.7715305077265665
1.263157894736842,1.3684210526315788,0.907600521681814,0.7817689586520861
1.263157894736842,1.3684210526315788,1.0754220761125606,0.7759286838629847
1.263157894736842,1.3684210526315788,1.2742749857031335,0.7639266674696938
1.263157894736842,1.3684210526315788,1.5098971606184193,0.7500534930750171
1.263157894736842,1.3684210526315788,1.789087489923219,0.7257546119462982
1.263157894736842,1.3684210526315788,2.1199020238496082,0.7028922632122173
1.263157894736842,1.3684210526315788,2.51188643150958,0.6782765501986664
1.263157894736842,1.6315789473684208,0.09999999999999999,0.5040520264318852
1.263157894736842,1.6315789473684208,0.11849068510006666,0.5107145001853877
1.263157894736842,1.6315789473684208,0.1404004245548316,0.5169681780493584
1.263157894736842,1.6315789473684208,0.16636142493842218,0.5552367083181322
1.263157894736842,1.6315789473684208,0.1971227921517696,0.5646210182608142
1.263157894736842,1.6315789473684208,0.23357214690901223,0.5737932166619961
1.263157894736842,1.6315789473684208,0.2767612370754227,0.601179215130766
1.263157894736842,1.6315789473684208,0.32793628590208806,0.6329182646096503
1.263157894736842,1.6315789473684208,0.3885739518570975,0.6462849146766163
1.263157894736842,1.6315789473684208,0.460423937675878,0.6689782802605813
1.263157894736842,1.6315789473684208,0.5455594781168519,0.6970718290046267
1.263157894736842,1.6315789473684208,0.646437163249006,0.7200149792674772
1.263157894736842,1.6315789473684208,0.7659678234751834,0.7296634308268336
1.263157894736842,1.6315789473684208,0.907600521681814,0.7494197046929171
1.263157894736842,1.6315789473684208,1.0754220761125606,0.7511728002847323
1.263157894736842,1.6315789473684208,1.2742749857031335,0.7434885580482627
1.263157894736842,1.6315789473684208,1.5098971606184193,0.7298871712203789
1.263157894736842,1.6315789473684208,1.789087489923219,0.7180714477271706
1.263157894736842,1.6315789473684208,2.1199020238496082,0.6958322055133093
1.263157894736842,1.6315789473684208,2.51188643150958,0.6711273329825704
1.263157894736842,1.8947368421052628,0.09999999999999999,0.4970334650427012
1.263157894736842,1.8947368421052628,0.11849068510006666,0.5072675197075938
1.263157894736842,1.8947368421052628,0.1404004245548316,0.5256491288022055
1.263157894736842,1.8947368421052628,0.16636142493842218,0.5314707239915134
1.263157894736842,1.8947368421052628,0.1971227921517696,0.5403235570347574
1.263157894736842,1.8947368421052628,0.23357214690901223,0.563859823024407
1.263157894736842,1.8947368421052628,0.2767612370754227,0.5886669601240806
1.263157894736842,1.8947368421052628,0.32793628590208806,0.6113907577054843
1.263157894736842,1.8947368421052628,0.3885739518570975,0.6165670574037364
1.263157894736842,1.8947368421052628,0.460423937675878,0.674031615361531
1.263157894736842,1.8947368421052628,0.5455594781168519,0.6846760653397195
1.263157894736842,1.8947368421052628,0.646437163249006,0.6797233571238575
1.263157894736842,1.8947368421052628,0.7659678234751834,0.7193500246679408
1.263157894736842,1.8947368421052628,0.907600521681814,0.7190945213850023
1.263157894736842,1.8947368421052628,1.0754220761125606,0.7252598673118887
1.263157894736842,1.8947368421052628,1.2742749857031335,0.7178117759825576
1.263157894736842,1.8947368421052628,1.5098971606184193,0.7150836924223919
1.263157894736842,1.8947368421052628,1.789087489923219,0.7012531325351258
1.263157894736842,1.8947368421052628,2.1199020238496082,0.6827267572527211
1.263157894736842,1.8947368421052628,2.51188643150958,0.6644217410278337
1.263157894736842,2.1578947368421053,0.09999999999999999,0.48919220718496087
1.263157894736842,2.1578947368421053,0.11849068510006666,0.506052388520834
1.263157894736842,2.1578947368421053,0.1404004245548316,0.5067653194595858
1.263157894736842,2.1578947368421053,0.16636142493842218,0.5085388673345712
1.263157894736842,2.1578947368421053,0.1971227921517696,0.5412136790315591
1.263157894736842,2.1578947368421053,0.23357214690901223,0.5604338648858159
1.263157894736842,2.1578947368421053,0.2767612370754227,0.5845205030963019
1.263157894736842,2.1578947368421053,0.32793628590208806,0.5779546996559163
1.263157894736842,2.1578947368421053,0.3885739518570975,0.59036598431156
1.263157894736842,2.1578947368421053,0.460423937675878,0.6463480747565936
1.263157894736842,2.1578947368421053,0.5455594781168519,0.6528020489782749
1.263157894736842,2.1578947368421053,0.646437163249006,0.6699055207837304
1.263157894736842,2.1578947368421053,0.7659678234751834,0.6902460931395332
1.263157894736842,2.1578947368421053,0.907600521681814,0.702690840400524
1.263157894736842,2.1578947368421053,1.0754220761125606,0.7185158492430718
1.263157894736842,2.1578947368421053,1.2742749857031335,0.7077836589264767
1.263157894736842,2.1578947368421053,1.5098971606184193,0.7035943558450116
1.263157894736842,2.1578947368421053,1.789087489923219,0.6834874954151765
1.263157894736842,2.1578947368421053,2.1199020238496082,0.6713117042916512
1.263157894736842,2.1578947368421053,2.51188643150958,0.6576730002011962
1.263157894736842,2.4210526315789473,0.09999999999999999,0.4897537636598583
1.263157894736842,2.4210526315789473,0.11849068510006666,0.4845479121909732
1.263157894736842,2.4210526315789473,0.1404004245548316,0.5020616658771296
1.263157894736842,2.4210526315789473,0.16636142493842218,0.5097648433655223
1.263157894736842,2.4210526315789473,0.1971227921517696,0.5291730422331613
1.263157894736842,2.4210526315789473,0.23357214690901223,0.5402084399184803
1.263157894736842,2.4210526315789473,0.2767612370754227,0.5562186149907746
1.263157894736842,2.4210526315789473,0.32793628590208806,0.5844746883875042
1.263157894736842,2.4210526315789473,0.3885739518570975,0.6026775637403332
1.263157894736842,2.4210526315789473,0.460423937675878,0.622611609865232
1.263157894736842,2.4210526315789473,0.5455594781168519,0.6530140818397367
1.263157894736842,2.4210526315789473,0.646437163249006,0.6454045846814788
1.263157894736842,2.4210526315789473,0.7659678234751834,0.6567987498289026
1.263157894736842,2.4210526315789473,0.907600521681814,0.6901386014928677
1.263157894736842,2.4210526315789473,1.0754220761125606,0.6969034568990057
1.263157894736842,2.4210526315789473,1.2742749857031335,0.6977402479665471
1.263157894736842,2.4210526315789473,1.5098971606184193,0.6892216875882049
1.263157894736842,2.4210526315789473,1.789087489923219,0.682557006971625
1.263157894736842,2.4210526315789473,2.1199020238496082,0.667772377149817
1.263157894736842,2.4210526315789473,2.51188643150958,0.6528940764452603
1.263157894736842,2.6842105263157894,0.09999999999999999,0.48153212404404167
1.263157894736842,2.6842105263157894,0.11849068510006666,0.48465536214674465
1.263157894736842,2.6842105263157894,0.1404004245548316,0.45883396203100707
1.263157894736842,2.6842105263157894,0.16636142493842218,0.47717036740706525
1.263157894736842,2.6842105263157894,0.1971227921517696,0.5140104172044149
1.263157894736842,2.6842105263157894,0.23357214690901223,0.5287902644355936
1.263157894736842,2.6842105263157894,0.2767612370754227,0.5650237664383236
1.263157894736842,2.6842105263157894,0.32793628590208806,0.5614947544715909
1.263157894736842,2.6842105263157894,0.3885739518570975,0.5819974012155873
1.263157894736842,2.6842105263157894,0.460423937675878,0.6029514244663481
1.263157894736842,2.6842105263157894,0.5455594781168519,0.6352698555252054
1.263157894736842,2.6842105263157894,0.646437163249006,0.6399284631794017
1.263157894736842,2.6842105263157894,0.7659678234751834,0.6527085484049765
1.263157894736842,2.6842105263157894,0.907600521681814,0.6903740812717284
1.263157894736842,2.6842105263157894,1.0754220761125606,0.6989467280547169
1.263157894736842,2.6842105263157894,1.2742749857031335,0.6861362293741815
1.263157894736842,2.6842105263157894,1.5098971606184193,0.6867811680779623
1.263157894736842,2.6842105263157894,1.789087489923219,0.6797701023637872
1.263157894736842,2.6842105263157894,2.1199020238496082,0.6648996736629037
1.263157894736842,2.6842105263157894,2.51188643150958,0.6468273319434492
1.263157894736842,2.9473684210526314,0.09999999999999999,0.45547523730981393
1.263157894736842,2.9473684210526314,0.11849068510006666,0.4640182795535076
1.263157894736842,2.9473684210526314,0.1404004245548316,0.46983999369336976
1.263157894736842,2.9473684210526314,0.16636142493842218,0.4980207535021554
1.263157894736842,2.9473684210526314,0.1971227921517696,0.49749472684955476
1.263157894736842,2.9473684210526314,0.23357214690901223,0.5262129390793729
1.263157894736842,2.9473684210526314,0.2767612370754227,0.5328820454823922
1.263157894736842,2.9473684210526314,0.32793628590208806,0.559572225159379
1.263157894736842,2.9473684210526314,0.3885739518570975,0.5594360087004067
1.263157894736842,2.9473684210526314,0.460423937675878,0.6038908312394438
1.263157894736842,2.9473684210526314,0.5455594781168519,0.6102312275478501
1.263157894736842,2.9473684210526314,0.646437163249006,0.6396208670779121
1.263157894736842,2.9473684210526314,0.7659678234751834,0.6526640160565954
1.263157894736842,2.9473684210526314,0.907600521681814,0.6556384686764255
1.263157894736842,2.9473684210526314,1.0754220761125606,0.6737370825437585
1.263157894736842,2.9473684210526314,1.2742749857031335,0.6786659140567282
1.263157894736842,2.9473684210526314,1.5098971606184193,0.6828539594868533
1.263157894736842,2.9473684210526314,1.789087489923219,0.6694368877095102
1.263157894736842,2.9473684210526314,2.1199020238496082,0.6608410591262825
1.263157894736842,2.9473684210526314,2.51188643150958,0.6479682793982907
1.263157894736842,3.2105263157894735,0.09999999999999999,0.4202516061184471
1.263157894736842,3.2105263157894735,0.11849068510006666,0.47321877109877275
1.263157894736842,3.2105263157894735,0.1404004245548316,0.4735784943144125
1.263157894736842,3.2105263157894735,0.16636142493842218,0.4669720704821569
1.263157894736842,3.2105263157894735,0.1971227921517696,0.523003105013689
1.263157894736842,3.2105263157894735,0.23357214690901223,0.5099616176747693
1.263157894736842,3.2105263157894735,0.2767612370754227,0.5329432656353079
1.263157894736842,3.2105263157894735,0.32793628590208806,0.5467105827555361
1.263157894736842,3.2105263157894735,0.3885739518570975,0.5608576921189645
1.263157894736842,3.2105263157894735,0.460423937675878,0.5875151620143774
1.263157894736842,3.2105263157894735,0.5455594781168519,0.5982443383168315
1.263157894736842,3.2105263157894735,0.646437163249006,0.631619307839576
1.263157894736842,3.2105263157894735,0.7659678234751834,0.6534760682782955
1.263157894736842,3.2105263157894735,0.907600521681814,0.6547233214556317
1.263157894736842,3.2105263157894735,1.0754220761125606,0.6790156901369614
1.263157894736842,3.2105263157894735,1.2742749857031335,0.6647483821460195
1.263157894736842,3.2105263157894735,1.5098971606184193,0.677693309797493
1.263157894736842,3.2105263157894735,1.789087489923219,0.6657917067266966
1.263157894736842,3.2105263157894735,2.1199020238496082,0.6556265539050159
1.263157894736842,3.2105263157894735,2.51188643150958,0.6424442767995099
1.263157894736842,3.473684210526316,0.09999999999999999,0.44446341459423366
1.263157894736842,3.473684210526316,0.11849068510006666,0.4736453455735627
1.263157894736842,3.473684210526316,0.1404004245548316,0.45862179949693355
1.263157894736842,3.473684210526316,0.16636142493842218,0.4840605857972569
1.263157894736842,3.473684210526316,0.1971227921517696,0.489584271323456
1.263157894736842,3.473684210526316,0.23357214690901223,0.5164928346023823
1.263157894736842,3.473684210526316,0.2767612370754227,0.5227271240232692
1.263157894736842,3.473684210526316,0.32793628590208806,0.5396701049010303
1.263157894736842,3.473684210526316,0.3885739518570975,0.5721128351952496
1.263157894736842,3.473684210526316,0.460423937675878,0.5844121325409807
1.263157894736842,3.473684210526316,0.5455594781168519,0.6147659370009209
1.263157894736842,3.473684210526316,0.646437163249006,0.6295990771875591
1.263157894736842,3.473684210526316,0.7659678234751834,0.6397993021979783
1.263157894736842,3.473684210526316,0.907600521681814,0.6652808322273345
1.263157894736842,3.473684210526316,1.0754220761125606,0.674414515276918
1.263157894736842,3.473684210526316,1.2742749857031335,0.6754473134822286
1.263157894736842,3.473684210526316,1.5098971606184193,0.6690424240867046
1.263157894736842,3.473684210526316,1.789087489923219,0.6649604089299969
1.263157894736842,3.473684210526316,2.1199020238496082,0.6535294530959765
1.263157894736842,3.473684210526316,2.51188643150958,0.6419404216288666
1.263157894736842,3.7368421052631575,0.09999999999999999,0.42884525794182504
1.263157894736842,3.7368421052631575,0.11849068510006666,0.4306632457168612
1.263157894736842,3.7368421052631575,0.1404004245548316,0.4470889923235447
1.263157894736842,3.7368421052631575,0.16636142493842218,0.457449305774379
1.263157894736842,3.7368421052631575,0.1971227921517696,0.492060582799289
1.263157894736842,3.7368421052631575,0.23357214690901223,0.4950460177599086
1.263157894736842,3.7368421052631575,0.2767612370754227,0.5120260612708484
1.263157894736842,3.7368421052631575,0.32793628590208806,0.5284390673163267
1.263157894736842,3.7368421052631575,0.3885739518570975,0.5551989335181045
1.263157894736842,3.7368421052631575,0.460423937675878,0.5666772609222446
1.263157894736842,3.7368421052631575,0.5455594781168519,0.603490817060584
1.263157894736842,3.7368421052631575,0.646437163249006,0.6337072181133414
1.263157894736842,3.7368421052631575,0.7659678234751834,0.6381397549653391
1.263157894736842,3.7368421052631575,0.907600521681814,0.6558667237960619
1.263157894736842,3.7368421052631575,1.0754220761125606,0.6680069398745199
1.263157894736842,3.7368421052631575,1.2742749857031335,0.6720374631540291
1.263157894736842,3.7368421052631575,1.5098971606184193,0.6718132460119302
1.263157894736842,3.7368421052631575,1.789087489923219,0.6676956902595605
1.263157894736842,3.7368421052631575,2.1199020238496082,0.6524930919298528
1.263157894736842,3.7368421052631575,2.51188643150958,0.6414856466326848
1.263157894736842,4.0,0.09999999999999999,0.43022234325700653
1.263157894736842,4.0,0.11849068510006666,0.44228875171191195
1.263157894736842,4.0,0.1404004245548316,0.4622879110749871
1.263157894736842,4.0,0.16636142493842218,0.4743552727108972
1.263157894736842,4.0,0.1971227921517696,0.46558806318385626
1.263157894736842,4.0,0.23357214690901223,0.48845958947204665
1.263157894736842,4.0,0.2767612370754227,0.5226727314259205
1.263157894736842,4.0,0.32793628590208806,0.51769909276233
1.263157894736842,4.0,0.3885739518570975,0.5603995012909971
1.263157894736842,4.0,0.460423937675878,0.5591396959624211
1.263157894736842,4.0,0.5455594781168519,0.6173761415335168
1.263157894736842,4.0,0.646437163249006,0.6290086537406844
1.263157894736842,4.0,0.7659678234751834,0.6404168842849506
1.263157894736842,4.0,0.907600521681814,0.6616785534139075
1.263157894736842,4.0,1.0754220761125606,0.6568320785718239
1.263157894736842,4.0,1.2742749857031335,0.6734545136043159
1.263157894736842,4.0,1.5098971606184193,0.6717492074792693
1.263157894736842,4.0,1.789087489923219,0.662746859170675
1.263157894736842,4.0,2.1199020238496082,0.6507063172390992
1.263157894736842,4.0,2.51188643150958,0.6403467726556514
1.4736842105263157,-1.0,0.09999999999999999,0.6757147886230515
1.4736842105263157,-1.0,0.11849068510006666,0.6758672977161242
1.4736842105263157,-1.0,0.1404004245548316,0.7186352694497575
1.4736842105263157,-1.0,0.16636142493842218,0.7238198722513913
1.4736842105263157,-1.0,0.1971227921517696,0.7226930831640345
1.4736842105263157,-1.0,0.23357214690901223,0.7456942544808545
1.4736842105263157,-1.0,0.2767612370754227,0.7571774894617288
1.4736842105263157,-1.0,0.32793628590208806,0.7700859324411746
1.4736842105263157,-1.0,0.3885739518570975,0.789423621938651
1.4736842105263157,-1.0,0.460423937675878,0.7970711423588637
1.4736842105263157,-1.0,0.5455594781168519,0.8053386050152154
1.4736842105263157,-1.0,0.646437163249006,0.799503821955175
1.4736842105263157,-1.0,0.7659678234751834,0.7983917285392844
1.4736842105263157,-1.0,0.907600521681814,0.7808986311303081
1.4736842105263157,-1.0,1.0754220761125606,0.7646147537464324
1.4736842105263157,-1.0,1.2742749857031335,0.7418571180410332
1.4736842105263157,-1.0,1.5098971606184193,0.7200944833047114
1.4736842105263157,-1.0,1.789087489923219,0.6930495536028036
1.4736842105263157,-1.0,2.1199020238496082,0.6725021257028144
1.4736842105263157,-1.0,2.51188643150958,0.6542494049358701
1.4736842105263157,-0.736842105263158,0.09999999999999999,0.6796912611172636
1.4736842105263157,-0.736842105263158,0.11849068510006666,0.6959970148248562
1.4736842105263157,-0.736842105263158,0.1404004245548316,0.7155893611255155
1.4736842105263157,-0.736842105263158,0.16636142493842218,0.7156474341138948
1.4736842105263157,-0.736842105263158,0.1971227921517696,0.7359166555595854
1.4736842105263157,-0.736842105263158,0.23357214690901223,0.7434451207444923
1.4736842105263157,-0.736842105263158,0.2767612370754227,0.7624482234572387
1.4736842105263157,-0.736842105263158,0.32793628590208806,0.764263778660155
1.4736842105263157,-0.736842105263158,0.3885739518570975,0.786424000989181
1.4736842105263157,-0.736842105263158,0.460423937675878,0.7961494456724274
1.4736842105263157,-0.736842105263158,0.5455594781168519,0.7987958458353445
1.4736842105263157,-0.736842105263158,0.646437163249006,0.8018812145263842
1.4736842105263157,-0.736842105263158,0.7659678234751834,0.7910312796445128
1.4736842105263157,-0.736842105263158,0.907600521681814,0.7816810184714851
1.4736842105263157,-0.736842105263158,1.0754220761125606,0.7677700150308806
1.4736842105263157,-0.736842105263158,1.2742749857031335,0.7363495437931267
1.4736842105263157,-0.736842105263158,1.5098971606184193,0.7205321637021846
1.4736842105263157,-0.736842105263158,1.789087489923219,0.6959541640860611
1.4736842105263157,-0.736842105263158,2.1199020238496082,0.6726304006882481
1.4736842105263157,-0.736842105263158,2.51188643150958,0.652670339921906
1.4736842105263157,-0.4736842105263158,0.09999999999999999,0.6817731971695559
1.4736842105263157,-0.4736842105263158,0.11849068510006666,0.6886303803370939
1.4736842105263157,-0.4736842105263158,0.1404004245548316,0.7057381814650572
1.4736842105263157,-0.4736842105263158,0.16636142493842218,0.7242080132674176
1.4736842105263157,-0.4736842105263158,0.1971227921517696,0.7443653867877746
1.4736842105263157,-0.4736842105263158,0.23357214690901223,0.7511844022859544
1.4736842105263157,-0.4736842105263158,0.2767612370754227,0.774387421402455
1.4736842105263157,-0.4736842105263158,0.32793628590208806,0.7716925808710069
1.4736842105263157,-0.4736842105263158,0.3885739518570975,0.7851894277447681
1.4736842105263157,-0.4736842105263158,0.460423937675878,0.8091810360150096
1.4736842105263157,-0.4736842105263158,0.5455594781168519,0.8008172897000222
1.4736842105263157,-0.4736842105263158,0.646437163249006,0.811512876124461
1.4736842105263157,-0.4736842105263158,0.7659678234751834,0.7969490344310726
1.4736842105263157,-0.4736842105263158,0.907600521681814,0.7846300396616784
1.4736842105263157,-0.4736842105263158,1.0754220761125606,0.7679351374937196
1.4736842105263157,-0.4736842105263158,1.2742749857031335,0.7462647053457145
1.4736842105263157,-0.4736842105263158,1.5098971606184193,0.7217232114348665
1.4736842105263157,-0.4736842105263158,1.789087489923219,0.694976532213379
1.4736842105263157,-0.4736842105263158,2.1199020238496082,0.6723567047062033
1.4736842105263157,-0.4736842105263158,2.51188643150958,0.6501030343103558
1.4736842105263157,-0.21052631578947367,0.09999999999999999,0.6894953050246031
1.4736842105263157,-0.21052631578947367,0.11849068510006666,0.6883119966878999
1.4736842105263157,-0.21052631578947367,0.1404004245548316,0.7052576672375421
1.4736842105263157,-0.21052631578947367,0.16636142493842218,0.7355607070678659
1.4736842105263157,-0.21052631578947367,0.1971227921517696,0.7392071750869071
1.4736842105263157,-0.21052631578947367,0.23357214690901223,0.751810345036413
1.4736842105263157,-0.21052631578947367,0.2767612370754227,0.7728584064651081
1.4736842105263157,-0.21052631578947367,0.32793628590208806,0.7816586716449068
1.4736842105263157,-0.21052631578947367,0.3885739518570975,0.7832404277197469
1.4736842105263157,-0.21052631578947367,0.460423937675878,0.798256611028564
1.4736842105263157,-0.21052631578947367,0.5455594781168519,0.7938763758000992
1.4736842105263157,-0.21052631578947367,0.646437163249006,0.8037967137820327
1.4736842105263157,-0.21052631578947367,0.7659678234751834,0.8013544193327848
1.4736842105263157,-0.21052631578947367,0.907600521681814,0.7811088278808339
1.4736842105263157,-0.21052631578947367,1.0754220761125606,0.7726736029918908
1.4736842105263157,-0.21052631578947367,1.2742749857031335,0.7449994514497775
1.4736842105263157,-0.21052631578947367,1.5098971606184193,0.7219962103907147
1.4736842105263157,-0.21052631578947367,1.789087489923219,0.6955131228556156
1.4736842105263157,-0.21052631578947367,2.1199020238496082,0.6716484770187652
1.4736842105263157,-0.21052631578947367,2.51188643150958,0.6518860885875569
1.4736842105263157,0.05263157894736836,0.09999999999999999,0.6818904253257089
1.4736842105263157,0.05263157894736836,0.11849068510006666,0.7065724004974745
1.4736842105263157,0.05263157894736836,0.1404004245548316,0.7018877716205195
1.4736842105263157,0.05263157894736836,0.16636142493842218,0.7157972981625506
1.4736842105263157,0.05263157894736836,0.1971227921517696,0.7414801704147228
1.4736842105263157,0.05263157894736836,0.23357214690901223,0.7515092614228343
1.4736842105263157,0.05263157894736836,0.2767612370754227,0.7776890832638065
1.4736842105263157,0.05263157894736836,0.32793628590208806,0.787126801619071
1.4736842105263157,0.05263157894736836,0.3885739518570975,0.7934516492435161
1.4736842105263157,0.05263157894736836,0.460423937675878,0.8006267454804482
1.4736842105263157,0.05263157894736836,0.5455594781168519,0.8031127527081884
1.4736842105263157,0.05263157894736836,0.646437163249006,0.7995667980210813
1.4736842105263157,0.05263157894736836,0.7659678234751834,0.805866563543519
1.4736842105263157,0.05263157894736836,0.907600521681814,0.7950544220014016
1.4736842105263157,0.05263157894736836,1.0754220761125606,0.768653968367478
1.4736842105263157,0.05263157894736836,1.2742749857031335,0.7478986667526529
1.4736842105263157,0.05263157894736836,1.5098971606184193,0.7187788766264733
1.4736842105263157,0.05263157894736836,1.789087489923219,0.7000267300555669
1.4736842105263157,0.05263157894736836,2.1199020238496082,0.67097260741361
1.4736842105263157,0.05263157894736836,2.51188643150958,0.6502379258343542
1.4736842105263157,0.3157894736842104,0.09999999999999999,0.6929689489806058
1.4736842105263157,0.3157894736842104,0.11849068510006666,0.7236061551631328
1.4736842105263157,0.3157894736842104,0.1404004245548316,0.6996820683789408
1.4736842105263157,0.3157894736842104,0.16636142493842218,0.7283418825782338
1.4736842105263157,0.3157894736842104,0.1971227921517696,0.7529294930822876
1.4736842105263157,0.3157894736842104,0.23357214690901223,0.7562416760200189
1.4736842105263157,0.3157894736842104,0.2767612370754227,0.7740213009286816
1.4736842105263157,0.3157894736842104,0.32793628590208806,0.7899494358246598
1.4736842105263157,0.3157894736842104,0.3885739518570975,0.8064504848445437
1.4736842105263157,0.3157894736842104,0.460423937675878,0.8083305413698891
1.4736842105263157,0.3157894736842104,0.5455594781168519,0.8107118088180668
1.4736842105263157,0.3157894736842104,0.646437163249006,0.8073773750720444
1.4736842105263157,0.3157894736842104,0.7659678234751834,0.8042616311399545
1.4736842105263157,0.3157894736842104,0.907600521681814,0.7939773140297189
1.4736842105263157,0.3157894736842104,1.0754220761125606,0.7780948382449479
1.4736842105263157,0.3157894736842104,1.2742749857031335,0.748007748190566
1.4736842105263157,0.3157894736842104,1.5098971606184193,0.7271910114603903
1.4736842105263157,0.3157894736842104,1.789087489923219,0.7040959658394546
1.4736842105263157,0.3157894736842104,2.1199020238496082,0.6721862690084615
1.4736842105263157,0.3157894736842104,2.51188643150958,0.6548460073331829
1.4736842105263157,0.5789473684210527,0.09999999999999999,0.6912253814515612
1.4736842105263157,0.5789473684210527,0.11849068510006666,0.724119202206569
1.4736842105263157,0.5789473684210527,0.1404004245548316,0.7225552726457737
1.4736842105263157,0.5789473684210527,0.16636142493842218,0.7289092381913889
1.4736842105263157,0.5789473684210527,0.1971227921517696,0.7454841281800709
1.4736842105263157,0.5789473684210527,0.23357214690901223,0.7749776482794977
1.4736842105263157,0.5789473684210527,0.2767612370754227,0.784754120511787
1.4736842105263157,0.5789473684210527,0.32793628590208806,0.8094471105880838
1.4736842105263157,0.5789473684210527,0.3885739518570975,0.8117022036505539
1.4736842105263157,0.5789473684210527,0.460423937675878,0.8112228410666219
1.4736842105263157,0.5789473684210527,0.5455594781168519,0.8221622156038304
1.4736842105263157,0.5789473684210527,0.646437163249006,0.8295122572079878
1.4736842105263157,0.5789473684210527,0.7659678234751834,0.8134709533342399
1.4736842105263157,0.5789473684210527,0.907600521681814,0.80289381170272
1.4736842105263157,0.5789473684210527,1.0754220761125606,0.782851843957607
1.4736842105263157,0.5789473684210527,1.2742749857031335,0.7562730192233192
1.4736842105263157,0.5789473684210527,1.5098971606184193,0.7292087745385528
1.4736842105263157,0.5789473684210527,1.789087489923219,0.7039669462582216
1.4736842105263157,0.5789473684210527,2.1199020238496082,0.6778494874262612
1.4736842105263157,0.5789473684210527,2.51188643150958,0.6562481784043878
1.4736842105263157,0.8421052631578947,0.09999999999999999,0.6998486561450444
1.4736842105263157,0.8421052631578947,0.11849068510006666,0.7260769891279455
1.4736842105263157,0.8421052631578947,0.1404004245548316,0.7282993344683506
1.4736842105263157,0.8421052631578947,0.16636142493842218,0.753889924163596
1.4736842105263157,0.8421052631578947,0.1971227921517696,0.7495909847116511
1.4736842105263157,0.8421052631578947,0.23357214690901223,0.7718816190687245
1.4736842105263157,0.8421052631578947,0.2767612370754227,0.7895900479165939
1.4736842105263157,0.8421052631578947,0.32793628590208806,0.7862554648730908
1.4736842105263157,0.8421052631578947,0.3885739518570975,0.8014116576480369
1.4736842105263157,0.8421052631578947,0.460423937675878,0.8390575540377195
1.4736842105263157,0.8421052631578947,0.5455594781168519,0.8281791017635768
1.4736842105263157,0.8421052631578947,0.646437163249006,0.8334833790656349
1.4736842105263157,0.8421052631578947,0.7659678234751834,0.8213634484112781
1.4736842105263157,0.8421052631578947,0.907600521681814,0.8171776358930062
1.4736842105263157,0.8421052631578947,1.0754220761125606,0.7897305987329724
1.4736842105263157,0.8421052631578947,1.2742749857031335,0.7676269320148565
1.4736842105263157,0.8421052631578947,1.5098971606184193,0.7367926705164423
1.4736842105263157,0.8421052631578947,1.789087489923219,0.712390921478004
1.4736842105263157,0.8421052631578947,2.1199020238496082,0.6892488455772764
1.4736842105263157,0.8421052631578947,2.51188643150958,0.6639256833244692
1.4736842105263157,1.1052631578947367,0.09999999999999999,0.6923208471726827
1.4736842105263157,1.1052631578947367,0.11849068510006666,0.7152403192662418
1.4736842105263157,1.1052631578947367,0.1404004245548316,0.7035259085039726
1.4736842105263157,1.1052631578947367,0.16636142493842218,0.7316286782459315
1.4736842105263157,1.1052631578947367,0.1971227921517696,0.7324587358175897
1.4736842105263157,1.1052631578947367,0.23357214690901223,0.7556553325693266
1.4736842105263157,1.1052631578947367,0.2767612370754227,0.7691113586341262
1.4736842105263157,1.1052631578947367,0.32793628590208806,0.7876474546446773
1.4736842105263157,1.1052631578947367,0.3885739518570975,0.805868632437265
1.4736842105263157,1.1052631578947367,0.460423937675878,0.8110142395685931
1.4736842105263157,1.1052631578947367,0.5455594781168519,0.8147005324527529
1.4736842105263157,1.1052631578947367,0.646437163249006,0.8275852421960759
1.4736842105263157,1.1052631578947367,0.7659678234751834,0.8216134466283015
1.4736842105263157,1.1052631578947367,0.907600521681814,0.8184269854752129
1.4736842105263157,1.1052631578947367,1.0754220761125606,0.7952669175010272
1.4736842105263157,1.1052631578947367,1.2742749857031335,0.7760663055597385
1.4736842105263157,1.1052631578947367,1.5098971606184193,0.7477584080649182
1.4736842105263157,1.1052631578947367,1.789087489923219,0.7239797851977992
1.4736842105263157,1.1052631578947367,2.1199020238496082,0.6935812732692523
1.4736842105263157,1.1052631578947367,2.51188643150958,0.6688654927024945
1.4736842105263157,1.3684210526315788,0.09999999999999999,0.6094456202219279
1.4736842105263157,1.3684210526315788,0.11849068510006666,0.6404379366681545
1.4736842105263157,1.3684210526315788,0.1404004245548316,0.6564267959416124
1.4736842105263157,1.3684210526315788,0.16636142493842218,0.6420484591577299
1.4736842105263157,1.3684210526315788,0.1971227921517696,0.6789460059553302
1.4736842105263157,1.3684210526315788,0.23357214690901223,0.6940625350316539
1.4736842105263157,1.3684210526315788,0.2767612370754227,0.7065625671711312
1.4736842105263157,1.3684210526315788,0.32793628590208806,0.7284068862840753
1.4736842105263157,1.3684210526315788,0.3885739518570975,0.7633765797008052
1.4736842105263157,1.3684210526315788,0.460423937675878,0.768276701673894
1.4736842105263157,1.3684210526315788,0.5455594781168519,0.7961668779619253
1.4736842105263157,1.3684210526315788,0.646437163249006,0.797367533857239
1.4736842105263157,1.3684210526315788,0.7659678234751834,0.80906398918443
1.4736842105263157,1.3684210526315788,0.907600521681814,0.805016632762716
1.4736842105263157,1.3684210526315788,1.0754220761125606,0.7969528384047956
1.4736842105263157,1.3684210526315788,1.2742749857031335,0.7709413999378582
1.4736842105263157,1.3684210526315788,1.5098971606184193,0.7522825172634497
1.4736842105263157,1.3684210526315788,1.789087489923219,0.7288484305367694
1.4736842105263157,1.3684210526315788,2.1199020238496082,0.701435727202596
1.4736842105263157,1.3684210526315788,2.51188643150958,0.6765625116786793
1.4736842105263157,1.6315789473684208,0.09999999999999999,0.549460432759182
1.4736842105263157,1.6315789473684208,0.11849068510006666,0.5406587082667437
1.4736842105263157,1.6315789473684208,0.1404004245548316,0.5431856671564143
1.4736842105263157,1.6315789473684208,0.16636142493842218,0.5680723231989375
1.4736842105263157,1.6315789473684208,0.1971227921517696,0.5971898809473344
1.4736842105263157,1.6315789473684208,0.23357214690901223,0.6233785874459555
1.4736842105263157,1.6315789473684208,0.2767612370754227,0.6375074246247331
1.4736842105263157,1.6315789473684208,0.32793628590208806,0.6425802660474629
1.4736842105263157,1.6315789473684208,0.3885739518570975,0.7042553690792441
1.4736842105263157,1.6315789473684208,0.460423937675878,0.7208819501663304
1.4736842105263157,1.6315789473684208,0.5455594781168519,0.7349405108705778
1.4736842105263157,1.6315789473684208,0.646437163249006,0.7508885024158474
1.4736842105263157,1.6315789473684208,0.7659678234751834,0.7680145999000256
1.4736842105263157,1.6315789473684208,0.907600521681814,0.7708292800696424
1.4736842105263157,1.6315789473684208,1.0754220761125606,0.772152236954701
1.4736842105263157,1.6315789473684208,1.2742749857031335,0.7623058534485821
1.4736842105263157,1.6315789473684208,1.5098971606184193,0.7410993027388894
1.4736842105263157,1.6315789473684208,1.789087489923219,0.728090460232226
1.4736842105263157,1.6315789473684208,2.1199020238496082,0.7044148733109993
1.4736842105263157,1.6315789473684208,2.51188643150958,0.6784319940477723
1.4736842105263157,1.8947368421052628,0.09999999999999999,0.5132794502675838
1.4736842105263157,1.8947368421052628,0.11849068510006666,0.5198817726214147
1.4736842105263157,1.8947368421052628,0.1404004245548316,0.5247253041158918
1.4736842105263157,1.8947368421052628,0.16636142493842218,0.5541139113448714
1.4736842105263157,1.8947368421052628,0.1971227921517696,0.5500086215887946
1.4736842105263157,1.8947368421052628,0.23357214690901223,0.5720488401806532
1.4736842105263157,1.8947368421052628,0.2767612370754227,0.6134326994847316
1.4736842105263157,1.8947368421052628,0.32793628590208806,0.6226599309770919
1.4736842105263157,1.8947368421052628,0.3885739518570975,0.6584151062751062
1.4736842105263157,1.8947368421052628,0.460423937675878,0.675053530106344
1.4736842105263157,1.8947368421052628,0.5455594781168519,0.683557603836984
1.4736842105263157,1.8947368421052628,0.646437163249006,0.7155361256883277
1.4736842105263157,1.8947368421052628,0.7659678234751834,0.7209191663591944
1.4736842105263157,1.8947368421052628,0.907600521681814,0.7301239987938651
1.4736842105263157,1.8947368421052628,1.0754220761125606,0.7451660276575515
1.4736842105263157,1.8947368421052628,1.2742749857031335,0.7393497476138853
1.4736842105263157,1.8947368421052628,1.5098971606184193,0.7271714949458046
1.4736842105263157,1.8947368421052628,1.789087489923219,0.7131572457473477
1.4736842105263157,1.8947368421052628,2.1199020238496082,0.6910025145236931
1.4736842105263157,1.8947368421052628,2.51188643150958,0.6709865739695333
1.4736842105263157,2.1578947368421053,0.09999999999999999,0.5084631526868919
1.4736842105263157,2.1578947368421053,0.11849068510006666,0.5064353818989031
1.4736842105263157,2.1578947368421053,0.1404004245548316,0.5237033990042456
1.4736842105263157,2.1578947368421053,0.16636142493842218,0.5179211212397439
1.4736842105263157,2.1578947368421053,0.1971227921517696,0.5582491641084399
1.4736842105263157,2.1578947368421053,0.23357214690901223,0.5633724510413188
1.4736842105263157,2.1578947368421053,0.2767612370754227,0.5819482661518356
1.4736842105263157,2.1578947368421053,0.32793628590208806,0.6048430225127569
1.4736842105263157,2.1578947368421053,0.3885739518570975,0.6293931445151808
1.4736842105263157,2.1578947368421053,0.460423937675878,0.6588961673945569
1.4736842105263157,2.1578947368421053,0.5455594781168519,0.6690202608468784
1.4736842105263157,2.1578947368421053,0.646437163249006,0.6919753166775163
1.4736842105263157,2.1578947368421053,0.7659678234751834,0.7141586586843018
1.4736842105263157,2.1578947368421053,0.907600521681814,0.7227482245306743
1.4736842105263157,2.1578947368421053,1.0754220761125606,0.7273782492921171
1.4736842105263157,2.1578947368421053,1.2742749857031335,0.7255346304471708
1.4736842105263157,2.1578947368421053,1.5098971606184193,0.7164845489188632
1.4736842105263157,2.1578947368421053,1.789087489923219,0.700066285989444
1.4736842105263157,2.1578947368421053,2.1199020238496082,0.6835616678890782
1.4736842105263157,2.1578947368421053,2.51188643150958,0.6633454835172096
1.4736842105263157,2.4210526315789473,0.09999999999999999,0.4996089607635399
1.4736842105263157,2.4210526315789473,0.11849068510006666,0.5014955764119
1.4736842105263157,2.4210526315789473,0.1404004245548316,0.5172312650249565
1.4736842105263157,2.4210526315789473,0.16636142493842218,0.5122554692110454
1.4736842105263157,2.4210526315789473,0.1971227921517696,0.5375153900800084
1.4736842105263157,2.4210526315789473,0.23357214690901223,0.5743344545135319
1.4736842105263157,2.4210526315789473,0.2767612370754227,0.5520131804044326
1.4736842105263157,2.4210526315789473,0.32793628590208806,0.5862629015162976
1.4736842105263157,2.4210526315789473,0.3885739518570975,0.6226616868190394
1.4736842105263157,2.4210526315789473,0.460423937675878,0.6467452951266706
1.4736842105263157,2.4210526315789473,0.5455594781168519,0.6571691697636516
1.4736842105263157,2.4210526315789473,0.646437163249006,0.6622745516972361
1.4736842105263157,2.4210526315789473,0.7659678234751834,0.6999568210768452
1.4736842105263157,2.4210526315789473,0.907600521681814,0.704633550969134
1.4736842105263157,2.4210526315789473,1.0754220761125606,0.7158077949830717
1.4736842105263157,2.4210526315789473,1.2742749857031335,0.7091216855436784
1.4736842105263157,2.4210526315789473,1.5098971606184193,0.7029658859870682
1.4736842105263157,2.4210526315789473,1.789087489923219,0.6870176792602065
1.4736842105263157,2.4210526315789473,2.1199020238496082,0.6723279959569357
1.4736842105263157,2.4210526315789473,2.51188643150958,0.6562908684831861
1.4736842105263157,2.6842105263157894,0.09999999999999999,0.49180716173056604
1.4736842105263157,2.6842105263157894,0.11849068510006666,0.48586618156484773
1.4736842105263157,2.6842105263157894,0.1404004245548316,0.5003069221052202
1.4736842105263157,2.6842105263157894,0.16636142493842218,0.520128362633986
1.4736842105263157,2.6842105263157894,0.1971227921517696,0.5299392106180529
1.4736842105263157,2.6842105263157894,0.23357214690901223,0.5432858679397811
1.4736842105263157,2.6842105263157894,0.2767612370754227,0.5584507020863702
1.4736842105263157,2.6842105263157894,0.32793628590208806,0.5784493207054853
1.4736842105263157,2.6842105263157894,0.3885739518570975,0.6179135458737988
1.4736842105263157,2.6842105263157894,0.460423937675878,0.6101068504020924
1.4736842105263157,2.6842105263157894,0.5455594781168519,0.66304499294397
1.4736842105263157,2.6842105263157894,0.646437163249006,0.6707529782998913
1.4736842105263157,2.6842105263157894,0.7659678234751834,0.68266872925269
1.4736842105263157,2.6842105263157894,0.907600521681814,0.6732659142864728
1.4736842105263157,2.6842105263157894,1.0754220761125606,0.6929848143390775
1.4736842105263157,2.6842105263157894,1.2742749857031335,0.6925820731232012
1.4736842105263157,2.6842105263157894,1.5098971606184193,0.6950833805606754
1.4736842105263157,2.6842105263157894,1.789087489923219,0.6816044889308182
1.4736842105263157,2.6842105263157894,2.1199020238496082,0.6676175011632562
1.4736842105263157,2.6842105263157894,2.51188643150958,0.6524228155621633
1.4736842105263157,2.9473684210526314,0.09999999999999999,0.4776377692977058
1.4736842105263157,2.9473684210526314,0.11849068510006666,0.5009142447235371
1.4736842105263157,2.9473684210526314,0.1404004245548316,0.4948066681538089
1.4736842105263157,2.9473684210526314,0.16636142493842218,0.49879015465676846
1.4736842105263157,2.9473684210526314,0.1971227921517696,0.5181523601359657
1.4736842105263157,2.9473684210526314,0.23357214690901223,0.5494092546534973
1.4736842105263157,2.9473684210526314,0.2767612370754227,0.5782751858322989
1.4736842105263157,2.9473684210526314,0.32793628590208806,0.5611383911140919
1.4736842105263157,2.9473684210526314,0.3885739518570975,0.5863370513893822
1.4736842105263157,2.9473684210526314,0.460423937675878,0.6132927957907711
1.4736842105263157,2.9473684210526314,0.5455594781168519,0.6331708217372353
1.4736842105263157,2.9473684210526314,0.646437163249006,0.6404751200433777
1.4736842105263157,2.9473684210526314,0.7659678234751834,0.6576359225844343
1.4736842105263157,2.9473684210526314,0.907600521681814,0.6911117837740841
1.4736842105263157,2.9473684210526314,1.0754220761125606,0.6913547502271742
1.4736842105263157,2.9473684210526314,1.2742749857031335,0.6833680135409952
1.4736842105263157,2.9473684210526314,1.5098971606184193,0.6822938043504669
1.4736842105263157,2.9473684210526314,1.789087489923219,0.675725563933167
1.4736842105263157,2.9473684210526314,2.1199020238496082,0.6609654051613701
1.4736842105263157,2.9473684210526314,2.51188643150958,0.64791225053968
1.4736842105263157,3.2105263157894735,0.09999999999999999,0.44361509694209394
1.4736842105263157,3.2105263157894735,0.11849068510006666,0.46414316580481857
1.4736842105263157,3.2105263157894735,0.1404004245548316,0.47647578612630165
1.4736842105263157,3.2105263157894735,0.16636142493842218,0.5027140477930383
1.4736842105263157,3.2105263157894735,0.1971227921517696,0.5088036024495648
1.4736842105263157,3.2105263157894735,0.23357214690901223,0.5287684786045913
1.4736842105263157,3.2105263157894735,0.2767612370754227,0.5305029942379358
1.4736842105263157,3.2105263157894735,0.32793628590208806,0.5643370642790425
1.4736842105263157,3.2105263157894735,0.3885739518570975,0.5813697950815837
1.4736842105263157,3.2105263157894735,0.460423937675878,0.5964727114743525
1.4736842105263157,3.2105263157894735,0.5455594781168519,0.6395869054864712
1.4736842105263157,3.2105263157894735,0.646437163249006,0.6436684447912786
1.4736842105263157,3.2105263157894735,0.7659678234751834,0.6640860817316514
1.4736842105263157,3.2105263157894735,0.907600521681814,0.6696752814543634
1.4736842105263157,3.2105263157894735,1.0754220761125606,0.6883682425465243
1.4736842105263157,3.2105263157894735,1.2742749857031335,0.6793487383980535
1.4736842105263157,3.2105263157894735,1.5098971606184193,0.6757554930317293
1.4736842105263157,3.2105263157894735,1.789087489923219,0.6714064262598117
1.4736842105263157,3.2105263157894735,2.1199020238496082,0.6595012766890244
1.4736842105263157,3.2105263157894735,2.51188643150958,0.6459901133164837
1.4736842105263157,3.473684210526316,0.09999999999999999,0.461222245567839
1.4736842105263157,3.473684210526316,0.11849068510006666,0.4716048741334646
1.4736842105263157,3.473684210526316,0.1404004245548316,0.45378998442833574
1.4736842105263157,3.473684210526316,0.16636142493842218,0.48941187421101573
1.4736842105263157,3.473684210526316,0.1971227921517696,0.4868123493936181
1.4736842105263157,3.473684210526316,0.23357214690901223,0.5192770226999319
1.4736842105263157,3.473684210526316,0.2767612370754227,0.5392972961532746
1.4736842105263157,3.473684210526316,0.32793628590208806,0.5635340040598572
1.4736842105263157,3.473684210526316,0.3885739518570975,0.5882729202628408
1.4736842105263157,3.473684210526316,0.460423937675878,0.5726900281375141
1.4736842105263157,3.473684210526316,0.5455594781168519,0.623884978534505
1.4736842105263157,3.473684210526316,0.646437163249006,0.6367712487510349
1.4736842105263157,3.473684210526316,0.7659678234751834,0.6490573717215081
1.4736842105263157,3.473684210526316,0.907600521681814,0.6560919209607188
1.4736842105263157,3.473684210526316,1.0754220761125606,0.6628570452757081
1.4736842105263157,3.473684210526316,1.2742749857031335,0.6760737202558404
1.4736842105263157,3.473684210526316,1.5098971606184193,0.6689631296386923
1.4736842105263157,3.473684210526316,1.789087489923219,0.6638819211421152
1.4736842105263157,3.473684210526316,2.1199020238496082,0.656673096980253
1.4736842105263157,3.473684210526316,2.51188643150958,0.6448495776646412
1.4736842105263157,3.7368421052631575,0.09999999999999999,0.4265818259901839
1.4736842105263157,3.7368421052631575,0.11849068510006666,0.4459478689332313
1.4736842105263157,3.7368421052631575,0.1404004245548316,0.4818189169439787
1.4736842105263157,3.7368421052631575,0.16636142493842218,0.4829449351678829
1.4736842105263157,3.7368421052631575,0.1971227921517696,0.49709315237905394
1.4736842105263157,3.7368421052631575,0.23357214690901223,0.49811574690356575
1.4736842105263157,3.7368421052631575,0.2767612370754227,0.5307114611856246
1.4736842105263157,3.7368421052631575,0.32793628590208806,0.5384706155909285
1.4736842105263157,3.7368421052631575,0.3885739518570975,0.5428589642998277
1.4736842105263157,3.7368421052631575,0.460423937675878,0.5839322082408276
1.4736842105263157,3.7368421052631575,0.5455594781168519,0.590016730283828
1.4736842105263157,3.7368421052631575,0.646437163249006,0.6105408151719651
1.4736842105263157,3.7368421052631575,0.7659678234751834,0.6650458200673443
1.4736842105263157,3.7368421052631575,0.907600521681814,0.6587797711110303
1.4736842105263157,3.7368421052631575,1.0754220761125606,0.6642448026648909
1.4736842105263157,3.7368421052631575,1.2742749857031335,0.6749383084080443
1.4736842105263157,3.7368421052631575,1.5098971606184193,0.6729236966564438
1.4736842105263157,3.7368421052631575,1.789087489923219,0.6702828085323439
1.4736842105263157,3.7368421052631575,2.1199020238496082,0.6504423776277579
1.4736842105263157,3.7368421052631575,2.51188643150958,0.6439938002011021
1.4736842105263157,4.0,0.09999999999999999,0.4458181095507671
1.4736842105263157,4.0,0.11849068510006666,0.4719387536284233
1.4736842105263157,4.0,0.1404004245548316,0.45586952121781793
1.4736842105263157,4.0,0.16636142493842218,0.4540777255751767
1.4736842105263157,4.0,0.1971227921517696,0.5053748058505627
1.4736842105263157,4.0,0.23357214690901223,0.4999778548242322
1.4736842105263157,4.0,0.2767612370754227,0.5234764371976389
1.4736842105263157,4.0,0.32793628590208806,0.5311403068840911
1.4736842105263157,4.0,0.3885739518570975,0.555213712613043
1.4736842105263157,4.0,0.460423937675878,0.5626459552401176
1.4736842105263157,4.0,0.5455594781168519,0.605808440446517
1.4736842105263157,4.0,0.646437163249006,0.5990089837032251
1.4736842105263157,4.0,0.7659678234751834,0.6364389265085015
1.4736842105263157,4.0,0.907600521681814,0.6516964034904256
1.4736842105263157,4.0,1.0754220761125606,0.6567192709625097
1.4736842105263157,4.0,1.2742749857031335,0.6806957153046787
1.4736842105263157,4.0,1.5098971606184193,0.6704039071776408
1.4736842105263157,4.0,1.789087489923219,0.6638682236306607
1.4736842105263157,4.0,2.1199020238496082,0.6526651873640987
1.4736842105263157,4.0,2.51188643150958,0.6403214331286772
1.6842105263157894,-1.0,0.09999999999999999,0.6644010030298266
1.6842105263157894,-1.0,0.11849068510006666,0.6852226292919104
1.6842105263157894,-1.0,0.1404004245548316,0.7022915256936495
1.6842105263157894,-1.0,0.16636142493842218,0.7195659227673864
1.6842105263157894,-1.0,0.1971227921517696,0.726434573403776
1.6842105263157894,-1.0,0.23357214690901223,0.747388498403225
1.6842105263157894,-1.0,0.2767612370754227,0.7700194729035111
1.6842105263157894,-1.0,0.32793628590208806,0.7769892104010415
1.6842105263157894,-1.0,0.3885739518570975,0.7767750497384905
1.6842105263157894,-1.0,0.460423937675878,0.8018156078744667
1.6842105263157894,-1.0,0.5455594781168519,0.8137397340896746
1.6842105263157894,-1.0,0.646437163249006,0.7993341535362107
1.6842105263157894,-1.0,0.7659678234751834,0.8012945033162748
1.6842105263157894,-1.0,0.907600521681814,0.7926328603985584
1.6842105263157894,-1.0,1.0754220761125606,0.7666401010225502
1.6842105263157894,-1.0,1.2742749857031335,0.7435081831492498
1.6842105263157894,-1.0,1.5098971606184193,0.7216713847842079
1.6842105263157894,-1.0,1.789087489923219,0.6931354248199783
1.6842105263157894,-1.0,2.1199020238496082,0.6713192386814888
1.6842105263157894,-1.0,2.51188643150958,0.6511264013771254
1.6842105263157894,-0.736842105263158,0.09999999999999999,0.685593517112081
1.6842105263157894,-0.736842105263158,0.11849068510006666,0.6813433754961143
1.6842105263157894,-0.736842105263158,0.1404004245548316,0.7136291796642227
1.6842105263157894,-0.736842105263158,0.16636142493842218,0.722445912510573
1.6842105263157894,-0.736842105263158,0.1971227921517696,0.7039711444337311
1.6842105263157894,-0.736842105263158,0.23357214690901223,0.7430068668173311
1.6842105263157894,-0.736842105263158,0.2767612370754227,0.7514558147359319
1.6842105263157894,-0.736842105263158,0.32793628590208806,0.7722595220384296
1.6842105263157894,-0.736842105263158,0.3885739518570975,0.7857360212073754
1.6842105263157894,-0.736842105263158,0.460423937675878,0.7906528517762489
1.6842105263157894,-0.736842105263158,0.5455594781168519,0.7941967767535341
1.6842105263157894,-0.736842105263158,0.646437163249006,0.8059475929414741
1.6842105263157894,-0.736842105263158,0.7659678234751834,0.7926138773578038
1.6842105263157894,-0.736842105263158,0.907600521681814,0.7850241810630708
1.6842105263157894,-0.736842105263158,1.0754220761125606,0.7726296517713548
1.6842105263157894,-0.736842105263158,1.2742749857031335,0.7430478521136502
1.6842105263157894,-0.736842105263158,1.5098971606184193,0.7227698103017232
1.6842105263157894,-0.736842105263158,1.789087489923219,0.6937842453620621
1.6842105263157894,-0.736842105263158,2.1199020238496082,0.6704371774512394
1.6842105263157894,-0.736842105263158,2.51188643150958,0.6524306663036326
1.6842105263157894,-0.4736842105263158,0.09999999999999999,0.6873004938392345
1.6842105263157894,-0.4736842105263158,0.11849068510006666,0.7121322313924451
1.6842105263157894,-0.4736842105263158,0.1404004245548316,0.7015050714713683
1.6842105263157894,-0.4736842105263158,0.16636142493842218,0.717204686243558
1.6842105263157894,-0.4736842105263158,0.1971227921517696,0.7293220001108827
1.6842105263157894,-0.4736842105263158,0.23357214690901223,0.740743652658026
1.6842105263157894,-0.4736842105263158,0.2767612370754227,0.7631530859980057
1.6842105263157894,-0.4736842105263158,0.32793628590208806,0.7832990236207266
1.6842105263157894,-0.4736842105263158,0.3885739518570975,0.7800323349028925
1.6842105263157894,-0.4736842105263158,0.460423937675878,0.7942543358481052
1.6842105263157894,-0.4736842105263158,0.5455594781168519,0.7978150454702694
1.6842105263157894,-0.4736842105263158,0.646437163249006,0.802842308408871
1.6842105263157894,-0.4736842105263158,0.7659678234751834,0.7926086469451914
1.6842105263157894,-0.4736842105263158,0.907600521681814,0.7831382083014768
1.6842105263157894,-0.4736842105263158,1.0754220761125606,0.764347796801687
1.6842105263157894,-0.4736842105263158,1.2742749857031335,0.7411765148486484
1.6842105263157894,-0.4736842105263158,1.5098971606184193,0.7194364902855784
1.6842105263157894,-0.4736842105263158,1.789087489923219,0.6958142984282749
1.6842105263157894,-0.4736842105263158,2.1199020238496082,0.6716674264609516
1.6842105263157894,-0.4736842105263158,2.51188643150958,0.6504497536621862
1.6842105263157894,-0.21052631578947367,0.09999999999999999,0.6840284814152258
1.6842105263157894,-0.21052631578947367,0.11849068510006666,0.6930026449574458
1.6842105263157894,-0.21052631578947367,0.1404004245548316,0.7300140249485305
1.6842105263157894,-0.21052631578947367,0.16636142493842218,0.7098508062053444
1.6842105263157894,-0.21052631578947367,0.1971227921517696,0.7309189380066569
1.6842105263157894,-0.21052631578947367,0.23357214690901223,0.7501023527893739
1.6842105263157894,-0.21052631578947367,0.2767612370754227,0.7592237154611347
1.6842105263157894,-0.21052631578947367,0.32793628590208806,0.7659671010216521
1.6842105263157894,-0.21052631578947367,0.3885739518570975,0.7946685267047582
1.6842105263157894,-0.21052631578947367,0.460423937675878,0.7958077032477632
1.6842105263157894,-0.21052631578947367,0.5455594781168519,0.8046049657593237
1.6842105263157894,-0.21052631578947367,0.646437163249006,0.8038309730528248
1.6842105263157894,-0.21052631578947367,0.7659678234751834,0.8017223669918518
1.6842105263157894,-0.21052631578947367,0.907600521681814,0.7855134165667088
1.6842105263157894,-0.21052631578947367,1.0754220761125606,0.7636773939173755
1.6842105263157894,-0.21052631578947367,1.2742749857031335,0.7457183461844203
1.6842105263157894,-0.21052631578947367,1.5098971606184193,0.7197644444789583
1.6842105263157894,-0.21052631578947367,1.789087489923219,0.693909389218162
1.6842105263157894,-0.21052631578947367,2.1199020238496082,0.6702395225598223
1.6842105263157894,-0.21052631578947367,2.51188643150958,0.6491265359357905
1.6842105263157894,0.05263157894736836,0.09999999999999999,0.692709768577724
1.6842105263157894,0.05263157894736836,0.11849068510006666,0.6905767580306895
1.6842105263157894,0.05263157894736836,0.1404004245548316,0.6941044887988237
1.6842105263157894,0.05263157894736836,0.16636142493842218,0.7187109353304706
1.6842105263157894,0.05263157894736836,0.1971227921517696,0.7360641607780026
1.6842105263157894,0.05263157894736836,0.23357214690901223,0.7444181555391511
1.6842105263157894,0.05263157894736836,0.2767612370754227,0.7658924664123014
1.6842105263157894,0.05263157894736836,0.32793628590208806,0.7894891694801538
1.6842105263157894,0.05263157894736836,0.3885739518570975,0.7968402734759915
1.6842105263157894,0.05263157894736836,0.460423937675878,0.8065562603322091
1.6842105263157894,0.05263157894736836,0.5455594781168519,0.807646274752076
1.6842105263157894,0.05263157894736836,0.646437163249006,0.804946420316696
1.6842105263157894,0.05263157894736836,0.7659678234751834,0.7920038055131329
1.6842105263157894,0.05263157894736836,0.907600521681814,0.7852727976257479
1.6842105263157894,0.05263157894736836,1.0754220761125606,0.76800878341734
1.6842105263157894,0.05263157894736836,1.2742749857031335,0.7448526664019627
1.6842105263157894,0.05263157894736836,1.5098971606184193,0.7175142284667447
1.6842105263157894,0.05263157894736836,1.789087489923219,0.6935263619536588
1.6842105263157894,0.05263157894736836,2.1199020238496082,0.6709335826798317
1.6842105263157894,0.05263157894736836,2.51188643150958,0.6490590248985972
1.6842105263157894,0.3157894736842104,0.09999999999999999,0.6838511797498807
1.6842105263157894,0.3157894736842104,0.11849068510006666,0.7057233514559009
1.6842105263157894,0.3157894736842104,0.1404004245548316,0.7204642646444216
1.6842105263157894,0.3157894736842104,0.16636142493842218,0.7070994464296891
1.6842105263157894,0.3157894736842104,0.1971227921517696,0.7363684251124184
1.6842105263157894,0.3157894736842104,0.23357214690901223,0.7647509771815292
1.6842105263157894,0.3157894736842104,0.2767612370754227,0.7722081996970651
1.6842105263157894,0.3157894736842104,0.32793628590208806,0.7783415714389164
1.6842105263157894,0.3157894736842104,0.3885739518570975,0.79958969351843
1.6842105263157894,0.3157894736842104,0.460423937675878,0.8040288396698911
1.6842105263157894,0.3157894736842104,0.5455594781168519,0.812512730627343
1.6842105263157894,0.3157894736842104,0.646437163249006,0.8082662093030732
1.6842105263157894,0.3157894736842104,0.7659678234751834,0.8055236151063616
1.6842105263157894,0.3157894736842104,0.907600521681814,0.7935136045819082
1.6842105263157894,0.3157894736842104,1.0754220761125606,0.7742866095211351
1.6842105263157894,0.3157894736842104,1.2742749857031335,0.7505708924974216
1.6842105263157894,0.3157894736842104,1.5098971606184193,0.7242933433058081
1.6842105263157894,0.3157894736842104,1.789087489923219,0.6992045775073474
1.6842105263157894,0.3157894736842104,2.1199020238496082,0.674889666040323
1.6842105263157894,0.3157894736842104,2.51188643150958,0.6520698310598482
1.6842105263157894,0.5789473684210527,0.09999999999999999,0.7050689243104639
1.6842105263157894,0.5789473684210527,0.11849068510006666,0.6976957037192166
1.6842105263157894,0.5789473684210527,0.1404004245548316,0.7125596393359259
1.6842105263157894,0.5789473684210527,0.16636142493842218,0.7317055226167883
1.6842105263157894,0.5789473684210527,0.1971227921517696,0.7435073702780707
1.6842105263157894,0.5789473684210527,0.23357214690901223,0.7664751388687675
1.6842105263157894,0.5789473684210527,0.2767612370754227,0.7692656315348746
1.6842105263157894,0.5789473684210527,0.32793628590208806,0.80086168487601
1.6842105263157894,0.5789473684210527,0.3885739518570975,0.8072188427875742
1.6842105263157894,0.5789473684210527,0.460423937675878,0.8069480807026247
1.6842105263157894,0.5789473684210527,0.5455594781168519,0.8117384219767431
1.6842105263157894,0.5789473684210527,0.646437163249006,0.8150026608713117
1.6842105263157894,0.5789473684210527,0.7659678234751834,0.8120648225536171
1.6842105263157894,0.5789473684210527,0.907600521681814,0.7956899567857102
1.6842105263157894,0.5789473684210527,1.0754220761125606,0.776726678645476
1.6842105263157894,0.5789473684210527,1.2742749857031335,0.7549391797557399
1.6842105263157894,0.5789473684210527,1.5098971606184193,0.7282145891233753
1.6842105263157894,0.5789473684210527,1.789087489923219,0.6994775803571915
1.6842105263157894,0.5789473684210527,2.1199020238496082,0.674667631371706
1.6842105263157894,0.5789473684210527,2.51188643150958,0.6559773804849794
1.6842105263157894,0.8421052631578947,0.09999999999999999,0.7129458081908078
1.6842105263157894,0.8421052631578947,0.11849068510006666,0.7311489535203031
1.6842105263157894,0.8421052631578947,0.1404004245548316,0.7267222621206717
1.6842105263157894,0.8421052631578947,0.16636142493842218,0.7453315193370151
1.6842105263157894,0.8421052631578947,0.1971227921517696,0.7425041201406771
1.6842105263157894,0.8421052631578947,0.23357214690901223,0.7713227307585941
1.6842105263157894,0.8421052631578947,0.2767612370754227,0.7793587694870241
1.6842105263157894,0.8421052631578947,0.32793628590208806,0.7902299769001772
1.6842105263157894,0.8421052631578947,0.3885739518570975,0.8129876641426496
1.6842105263157894,0.8421052631578947,0.460423937675878,0.8144778585197145
1.6842105263157894,0.8421052631578947,0.5455594781168519,0.8290056218360164
1.6842105263157894,0.8421052631578947,0.646437163249006,0.8264778806758193
1.6842105263157894,0.8421052631578947,0.7659678234751834,0.8160193551067197
1.6842105263157894,0.8421052631578947,0.907600521681814,0.8006617680548178
1.6842105263157894,0.8421052631578947,1.0754220761125606,0.7858317973322574
1.6842105263157894,0.8421052631578947,1.2742749857031335,0.7629786339145207
1.6842105263157894,0.8421052631578947,1.5098971606184193,0.7328575534339229
1.6842105263157894,0.8421052631578947,1.789087489923219,0.7078931958752381
1.6842105263157894,0.8421052631578947,2.1199020238496082,0.6835044244265617
1.6842105263157894,0.8421052631578947,2.51188643150958,0.6574314320423056
1.6842105263157894,1.1052631578947367,0.09999999999999999,0.6977444746938035
1.6842105263157894,1.1052631578947367,0.11849068510006666,0.7263244285835593
1.6842105263157894,1.1052631578947367,0.1404004245548316,0.7211561477601273
1.6842105263157894,1.1052631578947367,0.16636142493842218,0.7418121414593346
1.6842105263157894,1.1052631578947367,0.1971227921517696,0.7503043222732705
1.6842105263157894,1.1052631578947367,0.23357214690901223,0.7746888003880503
1.6842105263157894,1.1052631578947367,0.2767612370754227,0.7715283672983823
1.6842105263157894,1.1052631578947367,0.32793628590208806,0.7935391003998095
1.6842105263157894,1.1052631578947367,0.3885739518570975,0.8212192979865873
1.6842105263157894,1.1052631578947367,0.460423937675878,0.8189361374615776
1.6842105263157894,1.1052631578947367,0.5455594781168519,0.8281142570111559
1.6842105263157894,1.1052631578947367,0.646437163249006,0.8232474548855648
1.6842105263157894,1.1052631578947367,0.7659678234751834,0.8278712875095157
1.6842105263157894,1.1052631578947367,0.907600521681814,0.8104985045769265
1.6842105263157894,1.1052631578947367,1.0754220761125606,0.7958193292934665
1.6842105263157894,1.1052631578947367,1.2742749857031335,0.7689997229352011
1.6842105263157894,1.1052631578947367,1.5098971606184193,0.7439409648079879
1.6842105263157894,1.1052631578947367,1.789087489923219,0.7150110565139725
1.6842105263157894,1.1052631578947367,2.1199020238496082,0.6876853331973348
1.6842105263157894,1.1052631578947367,2.51188643150958,0.6641378077441867
1.6842105263157894,1.3684210526315788,0.09999999999999999,0.6692708588501195
1.6842105263157894,1.3684210526315788,0.11849068510006666,0.7023786653739849
1.6842105263157894,1.3684210526315788,0.1404004245548316,0.7001467643915544
1.6842105263157894,1.3684210526315788,0.16636142493842218,0.7186647760967092
1.6842105263157894,1.3684210526315788,0.1971227921517696,0.7322664995366018
1.6842105263157894,1.3684210526315788,0.23357214690901223,0.742164026985321
1.6842105263157894,1.3684210526315788,0.2767612370754227,0.7663449073762731
1.6842105263157894,1.3684210526315788,0.32793628590208806,0.7788077038414746
1.6842105263157894,1.3684210526315788,0.3885739518570975,0.7998302047059603
1.6842105263157894,1.3684210526315788,0.460423937675878,0.8113764967996606
1.6842105263157894,1.3684210526315788,0.5455594781168519,0.8232116117957291
1.6842105263157894,1.3684210526315788,0.646437163249006,0.8180843240894403
1.6842105263157894,1.3684210526315788,0.7659678234751834,0.8186486646647653
1.6842105263157894,1.3684210526315788,0.907600521681814,0.8168234100489101
1.6842105263157894,1.3684210526315788,1.0754220761125606,0.7968001160545659
1.6842105263157894,1.3684210526315788,1.2742749857031335,0.7684571005418191
1.6842105263157894,1.3684210526315788,1.5098971606184193,0.7498161750858358
1.6842105263157894,1.3684210526315788,1.789087489923219,0.7248985325816638
1.6842105263157894,1.3684210526315788,2.1199020238496082,0.6977542782655838
1.6842105263157894,1.3684210526315788,2.51188643150958,0.6737145932279904
1.6842105263157894,1.6315789473684208,0.09999999999999999,0.5998046010285639
1.6842105263157894,1.6315789473684208,0.11849068510006666,0.5884990643855018
1.6842105263157894,1.6315789473684208,0.1404004245548316,0.6153952294046064
1.6842105263157894,1.6315789473684208,0.16636142493842218,0.6566176846748719
1.6842105263157894,1.6315789473684208,0.1971227921517696,0.655794925454891
1.6842105263157894,1.6315789473684208,0.23357214690901223,0.6888085469936627
1.6842105263157894,1.6315789473684208,0.2767612370754227,0.7035772908572764
1.6842105263157894,1.6315789473684208,0.32793628590208806,0.7225101504238489
1.6842105263157894,1.6315789473684208,0.3885739518570975,0.7452829947842415
1.6842105263157894,1.6315789473684208,0.460423937675878,0.7673348387927051
1.6842105263157894,1.6315789473684208,0.5455594781168519,0.7800820477481241
1.6842105263157894,1.6315789473684208,0.646437163249006,0.7907952717562644
1.6842105263157894,1.6315789473684208,0.7659678234751834,0.7953824025763093
1.6842105263157894,1.6315789473684208,0.907600521681814,0.8014238954759422
1.6842105263157894,1.6315789473684208,1.0754220761125606,0.7951051944162332
1.6842105263157894,1.6315789473684208,1.2742749857031335,0.77354495274432
1.6842105263157894,1.6315789473684208,1.5098971606184193,0.7566826716050622
1.6842105263157894,1.6315789473684208,1.789087489923219,0.7314022126469706
1.6842105263157894,1.6315789473684208,2.1199020238496082,0.7023142731331301
1.6842105263157894,1.6315789473684208,2.51188643150958,0.6783385105558797
1.6842105263157894,1.8947368421052628,0.09999999999999999,0.5314329174062916
1.6842105263157894,1.8947368421052628,0.11849068510006666,0.5347886300562651
1.6842105263157894,1.8947368421052628,0.1404004245548316,0.5514890120219814
1.6842105263157894,1.8947368421052628,0.16636142493842218,0.576108308469894
1.6842105263157894,1.8947368421052628,0.1971227921517696,0.5823499019299102
1.6842105263157894,1.8947368421052628,0.23357214690901223,0.603244895705174
1.6842105263157894,1.8947368421052628,0.2767612370754227,0.6255751614262614
1.6842105263157894,1.8947368421052628,0.32793628590208806,0.6292085694927204
1.6842105263157894,1.8947368421052628,0.3885739518570975,0.6724098369657093
1.6842105263157894,1.8947368421052628,0.460423937675878,0.6825485644807089
1.6842105263157894,1.8947368421052628,0.5455594781168519,0.7192418514817465
1.6842105263157894,1.8947368421052628,0.646437163249006,0.747827568867219
1.6842105263157894,1.8947368421052628,0.7659678234751834,0.7527745478888356
1.6842105263157894,1.8947368421052628,0.907600521681814,0.7671713426635316
1.6842105263157894,1.8947368421052628,1.0754220761125606,0.76780289907652
1.6842105263157894,1.8947368421052628,1.2742749857031335,0.7644941442046235
1.6842105263157894,1.8947368421052628,1.5098971606184193,0.7455591778000578
1.6842105263157894,1.8947368421052628,1.789087489923219,0.7262539622589408
1.6842105263157894,1.8947368421052628,2.1199020238496082,0.7019902671858184
1.6842105263157894,1.8947368421052628,2.51188643150958,0.6772955776835343
1.6842105263157894,2.1578947368421053,0.09999999999999999,0.5185494667252544
1.6842105263157894,2.1578947368421053,0.11849068510006666,0.5057947334759229
1.6842105263157894,2.1578947368421053,0.1404004245548316,0.5517762201474369
1.6842105263157894,2.1578947368421053,0.16636142493842218,0.568372592879006
1.6842105263157894,2.1578947368421053,0.1971227921517696,0.5648581151024578
1.6842105263157894,2.1578947368421053,0.23357214690901223,0.5945021083483136
1.6842105263157894,2.1578947368421053,0.2767612370754227,0.6022143603858282
1.6842105263157894,2.1578947368421053,0.32793628590208806,0.6103028650965492
1.6842105263157894,2.1578947368421053,0.3885739518570975,0.6270951509713125
1.6842105263157894,2.1578947368421053,0.460423937675878,0.6702920082037992
1.6842105263157894,2.1578947368421053,0.5455594781168519,0.692736059733601
1.6842105263157894,2.1578947368421053,0.646437163249006,0.7090160315624966
1.6842105263157894,2.1578947368421053,0.7659678234751834,0.7256088001520044
1.6842105263157894,2.1578947368421053,0.907600521681814,0.740575809442641
1.6842105263157894,2.1578947368421053,1.0754220761125606,0.7436144028311219
1.6842105263157894,2.1578947368421053,1.2742749857031335,0.7433064990301023
1.6842105263157894,2.1578947368421053,1.5098971606184193,0.7277960844971428
1.6842105263157894,2.1578947368421053,1.789087489923219,0.7130133570362132
1.6842105263157894,2.1578947368421053,2.1199020238496082,0.6886247344278319
1.6842105263157894,2.1578947368421053,2.51188643150958,0.6648470950376105
1.6842105263157894,2.4210526315789473,0.09999999999999999,0.5098461837017347
1.6842105263157894,2.4210526315789473,0.11849068510006666,0.5308573453970196
1.6842105263157894,2.4210526315789473,0.1404004245548316,0.5291658044272675
1.6842105263157894,2.4210526315789473,0.16636142493842218,0.5483274582509692
1.6842105263157894,2.4210526315789473,0.1971227921517696,0.5690141969570701
1.6842105263157894,2.4210526315789473,0.23357214690901223,0.5770825679504377
1.6842105263157894,2.4210526315789473,0.2767612370754227,0.6074574471535731
1.6842105263157894,2.4210526315789473,0.32793628590208806,0.6066493818765673
1.6842105263157894,2.4210526315789473,0.3885739518570975,0.6147455340880091
1.6842105263157894,2.4210526315789473,0.460423937675878,0.6373581966210895
1.6842105263157894,2.4210526315789473,0.5455594781168519,0.6611380658604479
1.6842105263157894,2.4210526315789473,0.646437163249006,0.684335276227224
1.6842105263157894,2.4210526315789473,0.7659678234751834,0.7014670438212953
1.6842105263157894,2.4210526315789473,0.907600521681814,0.7110805790099991
1.6842105263157894,2.4210526315789473,1.0754220761125606,0.7215419812502077
1.6842105263157894,2.4210526315789473,1.2742749857031335,0.7127198104443778
1.6842105263157894,2.4210526315789473,1.5098971606184193,0.7071992248315752
1.6842105263157894,2.4210526315789473,1.789087489923219,0.6922961611858071
1.6842105263157894,2.4210526315789473,2.1199020238496082,0.679902464198616
1.6842105263157894,2.4210526315789473,2.51188643150958,0.6608910897783371
1.6842105263157894,2.6842105263157894,0.09999999999999999,0.49644500066219144
1.6842105263157894,2.6842105263157894,0.11849068510006666,0.5019029336767675
1.6842105263157894,2.6842105263157894,0.1404004245548316,0.5360888503338609
1.6842105263157894,2.6842105263157894,0.16636142493842218,0.5292730655598864
1.6842105263157894,2.6842105263157894,0.1971227921517696,0.5504556099775378
1.6842105263157894,2.6842105263157894,0.23357214690901223,0.569891200883658
1.6842105263157894,2.6842105263157894,0.2767612370754227,0.6002391013868696
1.6842105263157894,2.6842105263157894,0.32793628590208806,0.5723163045520012
1.6842105263157894,2.6842105263157894,0.3885739518570975,0.612465002965817
1.6842105263157894,2.6842105263157894,0.460423937675878,0.6255502616963073
1.6842105263157894,2.6842105263157894,0.5455594781168519,0.6435558833746163
1.6842105263157894,2.6842105263157894,0.646437163249006,0.6737694514438651
1.6842105263157894,2.6842105263157894,0.7659678234751834,0.6840019753587261
1.6842105263157894,2.6842105263157894,0.907600521681814,0.6962355305690959
1.6842105263157894,2.6842105263157894,1.0754220761125606,0.7108803894763395
1.6842105263157894,2.6842105263157894,1.2742749857031335,0.7072229555425743
1.6842105263157894,2.6842105263157894,1.5098971606184193,0.7018018436924247
1.6842105263157894,2.6842105263157894,1.789087489923219,0.6865456168225731
1.6842105263157894,2.6842105263157894,2.1199020238496082,0.6724767625779667
1.6842105263157894,2.6842105263157894,2.51188643150958,0.6572578911021248
1.6842105263157894,2.9473684210526314,0.09999999999999999,0.4799862066838103
1.6842105263157894,2.9473684210526314,0.11849068510006666,0.5025740694830192
1.6842105263157894,2.9473684210526314,0.1404004245548316,0.5100626392070349
1.6842105263157894,2.9473684210526314,0.16636142493842218,0.5309555995452059
1.6842105263157894,2.9473684210526314,0.1971227921517696,0.5152477124435033
1.6842105263157894,2.9473684210526314,0.23357214690901223,0.5479142073951233
1.6842105263157894,2.9473684210526314,0.2767612370754227,0.5689636111294878
1.6842105263157894,2.9473684210526314,0.32793628590208806,0.5750421745024691
1.6842105263157894,2.9473684210526314,0.3885739518570975,0.6142925712002429
1.6842105263157894,2.9473684210526314,0.460423937675878,0.6232985267065663
1.6842105263157894,2.9473684210526314,0.5455594781168519,0.6375764309273215
1.6842105263157894,2.9473684210526314,0.646437163249006,0.6721995697232739
1.6842105263157894,2.9473684210526314,0.7659678234751834,0.6628869295270463
1.6842105263157894,2.9473684210526314,0.907600521681814,0.6918862439689771
1.6842105263157894,2.9473684210526314,1.0754220761125606,0.7018411860663966
1.6842105263157894,2.9473684210526314,1.2742749857031335,0.6989087121254696
1.6842105263157894,2.9473684210526314,1.5098971606184193,0.6847574347633624
1.6842105263157894,2.9473684210526314,1.789087489923219,0.6780099768383918
1.6842105263157894,2.9473684210526314,2.1199020238496082,0.6667229192345345
1.6842105263157894,2.9473684210526314,2.51188643150958,0.6501668430072365
1.6842105263157894,3.2105263157894735,0.09999999999999999,0.4941827168002678
1.6842105263157894,3.2105263157894735,0.11849068510006666,0.4703402774891825
1.6842105263157894,3.2105263157894735,0.1404004245548316,0.47761767886493056
1.6842105263157894,3.2105263157894735,0.16636142493842218,0.49065189316572383
1.6842105263157894,3.2105263157894735,0.1971227921517696,0.519316307106411
1.6842105263157894,3.2105263157894735,0.23357214690901223,0.534213938947555
1.6842105263157894,3.2105263157894735,0.2767612370754227,0.5488441230507783
1.6842105263157894,3.2105263157894735,0.32793628590208806,0.5699781346416891
1.6842105263157894,3.2105263157894735,0.3885739518570975,0.5963653002337076
1.6842105263157894,3.2105263157894735,0.460423937675878,0.6231726916527665
1.6842105263157894,3.2105263157894735,0.5455594781168519,0.6242410742694176
1.6842105263157894,3.2105263157894735,0.646437163249006,0.6653540749978646
1.6842105263157894,3.2105263157894735,0.7659678234751834,0.6666257092694099
1.6842105263157894,3.2105263157894735,0.907600521681814,0.6691231445914447
1.6842105263157894,3.2105263157894735,1.0754220761125606,0.6835080842674317
1.6842105263157894,3.2105263157894735,1.2742749857031335,0.6879841507637285
1.6842105263157894,3.2105263157894735,1.5098971606184193,0.679051540415722
1.6842105263157894,3.2105263157894735,1.789087489923219,0.6682165436379843
1.6842105263157894,3.2105263157894735,2.1199020238496082,0.6643435862958095
1.6842105263157894,3.2105263157894735,2.51188643150958,0.6478950958036767
1.6842105263157894,3.473684210526316,0.09999999999999999,0.45620833854789866
1.6842105263157894,3.473684210526316,0.11849068510006666,0.4985085864801513
1.6842105263157894,3.473684210526316,0.1404004245548316,0.49987840974394154
1.6842105263157894,3.473684210526316,0.16636142493842218,0.5036884494985757
1.6842105263157894,3.473684210526316,0.1971227921517696,0.5011291552973117
1.6842105263157894,3.473684210526316,0.23357214690901223,0.5288351144653197
1.6842105263157894,3.473684210526316,0.2767612370754227,0.5379225540044004
1.6842105263157894,3.473684210526316,0.32793628590208806,0.5680991238177314
1.6842105263157894,3.473684210526316,0.3885739518570975,0.5712326101977603
1.6842105263157894,3.473684210526316,0.460423937675878,0.5941739024004777
1.6842105263157894,3.473684210526316,0.5455594781168519,0.6269194726036744
1.6842105263157894,3.473684210526316,0.646437163249006,0.6273845285979819
1.6842105263157894,3.473684210526316,0.7659678234751834,0.6612569903556166
1.6842105263157894,3.473684210526316,0.907600521681814,0.6657290360907396
1.6842105263157894,3.473684210526316,1.0754220761125606,0.6844201959756773
1.6842105263157894,3.473684210526316,1.2742749857031335,0.6829714966865653
1.6842105263157894,3.473684210526316,1.5098971606184193,0.6861753081356287
1.6842105263157894,3.473684210526316,1.789087489923219,0.665012485546384
1.6842105263157894,3.473684210526316,2.1199020238496082,0.6577563262908
1.6842105263157894,3.473684210526316,2.51188643150958,0.6457104870046727
1.6842105263157894,3.7368421052631575,0.09999999999999999,0.4759971474763413
1.6842105263157894,3.7368421052631575,0.11849068510006666,0.47017017712358816
1.6842105263157894,3.7368421052631575,0.1404004245548316,0.47856089546784075
1.6842105263157894,3.7368421052631575,0.16636142493842218,0.4997426179551222
1.6842105263157894,3.7368421052631575,0.1971227921517696,0.5025759662779262
1.6842105263157894,3.7368421052631575,0.23357214690901223,0.49675958554725064
1.6842105263157894,3.7368421052631575,0.2767612370754227,0.5216081027208057
1.6842105263157894,3.7368421052631575,0.32793628590208806,0.554736541472262
1.6842105263157894,3.7368421052631575,0.3885739518570975,0.5728307832031104
1.6842105263157894,3.7368421052631575,0.460423937675878,0.6185865415676671
1.6842105263157894,3.7368421052631575,0.5455594781168519,0.6056031191225508
1.6842105263157894,3.7368421052631575,0.646437163249006,0.6460653341970961
1.6842105263157894,3.7368421052631575,0.7659678234751834,0.6612781306228919
1.6842105263157894,3.7368421052631575,0.907600521681814,0.6692003160214548
1.6842105263157894,3.7368421052631575,1.0754220761125606,0.6713843423049838
1.6842105263157894,3.7368421052631575,1.2742749857031335,0.6809708803061983
1.6842105263157894,3.7368421052631575,1.5098971606184193,0.6720492148104522
1.6842105263157894,3.7368421052631575,1.789087489923219,0.6750320440935745
1.6842105263157894,3.7368421052631575,2.1199020238496082,0.6535516185684723
1.6842105263157894,3.7368421052631575,2.51188643150958,0.6475032217655942
1.6842105263157894,4.0,0.09999999999999999,0.4645492991698328
1.6842105263157894,4.0,0.11849068510006666,0.4543345637706626
1.6842105263157894,4.0,0.1404004245548316,0.47799283268374415
1.6842105263157894,4.0,0.16636142493842218,0.48258900157423057
1.6842105263157894,4.0,0.1971227921517696,0.502418674586331
1.6842105263157894,4.0,0.23357214690901223,0.5170153508067091
1.6842105263157894,4.0,0.2767612370754227,0.5188633224289615
1.6842105263157894,4.0,0.32793628590208806,0.5248358597298205
1.6842105263157894,4.0,0.3885739518570975,0.5737208576678569
1.6842105263157894,4.0,0.460423937675878,0.5814865664421589
1.6842105263157894,4.0,0.5455594781168519,0.608067468482457
1.6842105263157894,4.0,0.646437163249006,0.6219031989011942
1.6842105263157894,4.0,0.7659678234751834,0.6332578877390559
1.6842105263157894,4.0,0.907600521681814,0.6609749624827128
1.6842105263157894,4.0,1.0754220761125606,0.672986118126605
1.6842105263157894,4.0,1.2742749857031335,0.6728047836577377
1.6842105263157894,4.0,1.5098971606184193,0.6702818330066846
1.6842105263157894,4.0,1.789087489923219,0.6642655820830626
1.6842105263157894,4.0,2.1199020238496082,0.6577107703790068
1.6842105263157894,4.0,2.51188643150958,0.6450875160883041
1.894736842105263,-1.0,0.09999999999999999,0.6721033607898094
1.894736842105263,-1.0,0.11849068510006666,0.6924573235945907
1.894736842105263,-1.0,0.1404004245548316,0.707243137029249
1.894736842105263,-1.0,0.16636142493842218,0.7126728561578946
1.894736842105263,-1.0,0.1971227921517696,0.7407864495846543
1.894736842105263,-1.0,0.23357214690901223,0.7468815466410258
1.894736842105263,-1.0,0.2767612370754227,0.7549615935071318
1.894736842105263,-1.0,0.32793628590208806,0.7646245975373617
1.894736842105263,-1.0,0.3885739518570975,0.7685989274676099
1.894736842105263,-1.0,0.460423937675878,0.8023489168597135
1.894736842105263,-1.0,0.5455594781168519,0.8017985803885992
1.894736842105263,-1.0,0.646437163249006,0.7999538619553327
1.894736842105263,-1.0,0.7659678234751834,0.788637688656344
1.894736842105263,-1.0,0.907600521681814,0.7794578462117829
1.894736842105263,-1.0,1.0754220761125606,0.7708303808190615
1.894736842105263,-1.0,1.2742749857031335,0.742017759107899
1.894736842105263,-1.0,1.5098971606184193,0.7193055238355666
1.894736842105263,-1.0,1.789087489923219,0.6947750302160892
1.894736842105263,-1.0,2.1199020238496082,0.671476362435563
1.894736842105263,-1.0,2.51188643150958,0.6494301092179496
1.894736842105263,-0.736842105263158,0.09999999999999999,0.6762427898515496
1.894736842105263,-0.736842105263158,0.11849068510006666,0.7010900650133497
1.894736842105263,-0.736842105263158,0.1404004245548316,0.7027012218016185
1.894736842105263,-0.736842105263158,0.16636142493842218,0.7163895260556701
1.894736842105263,-0.736842105263158,0.1971227921517696,0.7361949296005906
1.894736842105263,-0.736842105263158,0.23357214690901223,0.7343677928408585
1.894736842105263,-0.736842105263158,0.2767612370754227,0.7470201939385209
1.894736842105263,-0.736842105263158,0.32793628590208806,0.7797379015649706
1.894736842105263,-0.736842105263158,0.3885739518570975,0.7860388739285942
1.894736842105263,-0.736842105263158,0.460423937675878,0.797477334603531
1.894736842105263,-0.736842105263158,0.5455594781168519,0.8002273026384737
1.894736842105263,-0.736842105263158,0.646437163249006,0.8032111515651796
1.894736842105263,-0.736842105263158,0.7659678234751834,0.7905091920490647
1.894736842105263,-0.736842105263158,0.907600521681814,0.7875582903393636
1.894736842105263,-0.736842105263158,1.0754220761125606,0.7721438106623265
1.894736842105263,-0.736842105263158,1.2742749857031335,0.7411378899334341
1.894736842105263,-0.736842105263158,1.5098971606184193,0.7165989200356148
1.894736842105263,-0.736842105263158,1.789087489923219,0.6957432027974497
1.894736842105263,-0.736842105263158,2.1199020238496082,0.6696522292683708
1.894736842105263,-0.736842105263158,2.51188643150958,0.6499331087378737
1.894736842105263,-0.4736842105263158,0.09999999999999999,0.680160511105711
1.894736842105263,-0.4736842105263158,0.11849068510006666,0.6953565352299989
1.894736842105263,-0.4736842105263158,0.1404004245548316,0.7076046785526584
1.894736842105263,-0.4736842105263158,0.16636142493842218,0.7185048364530628
1.894736842105263,-0.4736842105263158,0.1971227921517696,0.727602199160126
1.894736842105263,-0.4736842105263158,0.23357214690901223,0.7318958805562451
1.894736842105263,-0.4736842105263158,0.2767612370754227,0.7531756483630266
1.894736842105263,-0.4736842105263158,0.32793628590208806,0.7758661575698615
1.894736842105263,-0.4736842105263158,0.3885739518570975,0.7990382460332378
1.894736842105263,-0.4736842105263158,0.460423937675878,0.7976223321845932
1.894736842105263,-0.4736842105263158,0.5455594781168519,0.804377384613088
1.894736842105263,-0.4736842105263158,0.646437163249006,0.8088021187679113
1.894736842105263,-0.4736842105263158,0.7659678234751834,0.7970588269219867
1.894736842105263,-0.4736842105263158,0.907600521681814,0.7857575460661096
1.894736842105263,-0.4736842105263158,1.0754220761125606,0.7661205541629315
1.894736842105263,-0.4736842105263158,1.2742749857031335,0.7496980672837011
1.894736842105263,-0.4736842105263158,1.5098971606184193,0.7211748502494199
1.894736842105263,-0.4736842105263158,1.789087489923219,0.695798701855028
1.894736842105263,-0.4736842105263158,2.1199020238496082,0.6725784202585973
1.894736842105263,-0.4736842105263158,2.51188643150958,0.6500318132857678
1.894736842105263,-0.21052631578947367,0.09999999999999999,0.6711322704801166
1.894736842105263,-0.21052631578947367,0.11849068510006666,0.6867646078640199
1.894736842105263,-0.21052631578947367,0.1404004245548316,0.6947224671535442
1.894736842105263,-0.21052631578947367,0.16636142493842218,0.7200697326617677
1.894736842105263,-0.21052631578947367,0.1971227921517696,0.7346181590887879
1.894736842105263,-0.21052631578947367,0.23357214690901223,0.7451358887437987
1.894736842105263,-0.21052631578947367,0.2767612370754227,0.7669663252211865
1.894736842105263,-0.21052631578947367,0.32793628590208806,0.7720423871683889
1.894736842105263,-0.21052631578947367,0.3885739518570975,0.7866465844458223
1.894736842105263,-0.21052631578947367,0.460423937675878,0.7833745511008631
1.894736842105263,-0.21052631578947367,0.5455594781168519,0.7996278702426987
1.894736842105263,-0.21052631578947367,0.646437163249006,0.8050079803243317
1.894736842105263,-0.21052631578947367,0.7659678234751834,0.7921947641229955
1.894736842105263,-0.21052631578947367,0.907600521681814,0.7802224190921554
1.894736842105263,-0.21052631578947367,1.0754220761125606,0.7725888028271917
1.894736842105263,-0.21052631578947367,1.2742749857031335,0.7499036160535528
1.894736842105263,-0.21052631578947367,1.5098971606184193,0.7177080343857574
1.894736842105263,-0.21052631578947367,1.789087489923219,0.6936403492516424
1.894736842105263,-0.21052631578947367,2.1199020238496082,0.6671712973716026
1.894736842105263,-0.21052631578947367,2.51188643150958,0.6497350369197433
1.894736842105263,0.05263157894736836,0.09999999999999999,0.6680519249476352
1.894736842105263,0.05263157894736836,0.11849068510006666,0.6976801417806521
1.894736842105263,0.05263157894736836,0.1404004245548316,0.7166969892083206
1.894736842105263,0.05263157894736836,0.16636142493842218,0.7163809407089834
1.894736842105263,0.05263157894736836,0.1971227921517696,0.7258710293787548
1.894736842105263,0.05263157894736836,0.23357214690901223,0.7538564104251784
1.894736842105263,0.05263157894736836,0.2767612370754227,0.7711796651420155
1.894736842105263,0.05263157894736836,0.32793628590208806,0.7844988853841972
1.894736842105263,0.05263157894736836,0.3885739518570975,0.7905704146350735
1.894736842105263,0.05263157894736836,0.460423937675878,0.8010642637231877
1.894736842105263,0.05263157894736836,0.5455594781168519,0.8044239806384406
1.894736842105263,0.05263157894736836,0.646437163249006,0.8054174671339557
1.894736842105263,0.05263157894736836,0.7659678234751834,0.7933858920503726
1.894736842105263,0.05263157894736836,0.907600521681814,0.7889566157511604
1.894736842105263,0.05263157894736836,1.0754220761125606,0.7699380873970058
1.894736842105263,0.05263157894736836,1.2742749857031335,0.7415904598519676
1.894736842105263,0.05263157894736836,1.5098971606184193,0.7214207606253037
1.894736842105263,0.05263157894736836,1.789087489923219,0.6964549244089921
1.894736842105263,0.05263157894736836,2.1199020238496082,0.6698468560009413
1.894736842105263,0.05263157894736836,2.51188643150958,0.6520268865260895
1.894736842105263,0.3157894736842104,0.09999999999999999,0.6873627504687163
1.894736842105263,0.3157894736842104,0.11849068510006666,0.7081625377149898
1.894736842105263,0.3157894736842104,0.1404004245548316,0.70804745701017
1.894736842105263,0.3157894736842104,0.16636142493842218,0.7213837663852903
1.894736842105263,0.3157894736842104,0.1971227921517696,0.7386619303939714
1.894736842105263,0.3157894736842104,0.23357214690901223,0.7506789286707621
1.894736842105263,0.3157894736842104,0.2767612370754227,0.7617138861884931
1.894736842105263,0.3157894736842104,0.32793628590208806,0.7789803338880656
1.894736842105263,0.3157894736842104,0.3885739518570975,0.8109622852060658
1.894736842105263,0.3157894736842104,0.460423937675878,0.8021370142736683
1.894736842105263,0.3157894736842104,0.5455594781168519,0.8048019506879638
1.894736842105263,0.3157894736842104,0.646437163249006,0.8039186049313649
1.894736842105263,0.3157894736842104,0.7659678234751834,0.8011910646305201
1.894736842105263,0.3157894736842104,0.907600521681814,0.7819354617543356
1.894736842105263,0.3157894736842104,1.0754220761125606,0.7704821856212651
1.894736842105263,0.3157894736842104,1.2742749857031335,0.7453707844275226
1.894736842105263,0.3157894736842104,1.5098971606184193,0.7230561543690105
1.894736842105263,0.3157894736842104,1.789087489923219,0.6947713401720209
1.894736842105263,0.3157894736842104,2.1199020238496082,0.6718965297382058
1.894736842105263,0.3157894736842104,2.51188643150958,0.650220325368914
1.894736842105263,0.5789473684210527,0.09999999999999999,0.7021084076211591
1.894736842105263,0.5789473684210527,0.11849068510006666,0.7049217107892901
1.894736842105263,0.5789473684210527,0.1404004245548316,0.7212920241387332
1.894736842105263,0.5789473684210527,0.16636142493842218,0.7184516128866896
1.894736842105263,0.5789473684210527,0.1971227921517696,0.7587589673990095
1.894736842105263,0.5789473684210527,0.23357214690901223,0.7488180577992
1.894736842105263,0.5789473684210527,0.2767612370754227,0.7794454141358476
1.894736842105263,0.5789473684210527,0.32793628590208806,0.7824734759229508
1.894736842105263,0.5789473684210527,0.3885739518570975,0.8044724442935437
1.894736842105263,0.5789473684210527,0.460423937675878,0.802830151850756
1.894736842105263,0.5789473684210527,0.5455594781168519,0.8106342658331851
1.894736842105263,0.5789473684210527,0.646437163249006,0.8133687597059456
1.894736842105263,0.5789473684210527,0.7659678234751834,0.8011604722839453
1.894736842105263,0.5789473684210527,0.907600521681814,0.7935791568426653
1.894736842105263,0.5789473684210527,1.0754220761125606,0.765077751125711
1.894736842105263,0.5789473684210527,1.2742749857031335,0.7505579263541615
1.894736842105263,0.5789473684210527,1.5098971606184193,0.7201032371100415
1.894736842105263,0.5789473684210527,1.789087489923219,0.6998445301923204
1.894736842105263,0.5789473684210527,2.1199020238496082,0.6730451650565106
1.894736842105263,0.5789473684210527,2.51188643150958,0.6526250363241317
1.894736842105263,0.8421052631578947,0.09999999999999999,0.6865241753769322
1.894736842105263,0.8421052631578947,0.11849068510006666,0.7212109737714315
1.894736842105263,0.8421052631578947,0.1404004245548316,0.7185024187875075
1.894736842105263,0.8421052631578947,0.16636142493842218,0.739693374294481
1.894736842105263,0.8421052631578947,0.1971227921517696,0.7433590474507428
1.894736842105263,0.8421052631578947,0.23357214690901223,0.7537023707576509
1.894736842105263,0.8421052631578947,0.2767612370754227,0.7699385051610657
1.894736842105263,0.8421052631578947,0.32793628590208806,0.7913518384227617
1.894736842105263,0.8421052631578947,0.3885739518570975,0.8038563954913042
1.894736842105263,0.8421052631578947,0.460423937675878,0.8043478238652537
1.894736842105263,0.8421052631578947,0.5455594781168519,0.8190425509538204
1.894736842105263,0.8421052631578947,0.646437163249006,0.8171711319722083
1.894736842105263,0.8421052631578947,0.7659678234751834,0.8186322059519011
1.894736842105263,0.8421052631578947,0.907600521681814,0.796520969719375
1.894736842105263,0.8421052631578947,1.0754220761125606,0.7757860643333888
1.894736842105263,0.8421052631578947,1.2742749857031335,0.7570241355955941
1.894736842105263,0.8421052631578947,1.5098971606184193,0.7305677775532146
1.894736842105263,0.8421052631578947,1.789087489923219,0.7026667976844491
1.894736842105263,0.8421052631578947,2.1199020238496082,0.6746670942744547
1.894736842105263,0.8421052631578947,2.51188643150958,0.6580751927023437
1.894736842105263,1.1052631578947367,0.09999999999999999,0.7130918710771966
1.894736842105263,1.1052631578947367,0.11849068510006666,0.727701340349958
1.894736842105263,1.1052631578947367,0.1404004245548316,0.7279452087861882
1.894736842105263,1.1052631578947367,0.16636142493842218,0.7393964272112364
1.894736842105263,1.1052631578947367,0.1971227921517696,0.757340400516574
1.894736842105263,1.1052631578947367,0.23357214690901223,0.7649120916973347
1.894736842105263,1.1052631578947367,0.2767612370754227,0.7881815151370486
1.894736842105263,1.1052631578947367,0.32793628590208806,0.8060769780187959
1.894736842105263,1.1052631578947367,0.3885739518570975,0.8179603246114033
1.894736842105263,1.1052631578947367,0.460423937675878,0.8172886719073909
1.894736842105263,1.1052631578947367,0.5455594781168519,0.8307965312147717
1.894736842105263,1.1052631578947367,0.646437163249006,0.8191014696601022
1.894736842105263,1.1052631578947367,0.7659678234751834,0.8098358526746416
1.894736842105263,1.1052631578947367,0.907600521681814,0.8041780272074123
1.894736842105263,1.1052631578947367,1.0754220761125606,0.7838555379823833
1.894736842105263,1.1052631578947367,1.2742749857031335,0.763571887576954
1.894736842105263,1.1052631578947367,1.5098971606184193,0.7353955854453657
1.894736842105263,1.1052631578947367,1.789087489923219,0.7116157507931361
1.894736842105263,1.1052631578947367,2.1199020238496082,0.6846585555189514
1.894736842105263,1.1052631578947367,2.51188643150958,0.6612510539169641
1.894736842105263,1.3684210526315788,0.09999999999999999,0.7099337387041939
1.894736842105263,1.3684210526315788,0.11849068510006666,0.7274011262636936
1.894736842105263,1.3684210526315788,0.1404004245548316,0.7149676885360224
1.894736842105263,1.3684210526315788,0.16636142493842218,0.7363143480931604
1.894736842105263,1.3684210526315788,0.1971227921517696,0.7489039213921452
1.894736842105263,1.3684210526315788,0.23357214690901223,0.7572171180787317
1.894736842105263,1.3684210526315788,0.2767612370754227,0.7914928536256917
1.894736842105263,1.3684210526315788,0.32793628590208806,0.7942885810177372
1.894736842105263,1.3684210526315788,0.3885739518570975,0.8176659612260961
1.894736842105263,1.3684210526315788,0.460423937675878,0.8200953660829559
1.894736842105263,1.3684210526315788,0.5455594781168519,0.8317135975974417
1.894736842105263,1.3684210526315788,0.646437163249006,0.8235093313841364
1.894736842105263,1.3684210526315788,0.7659678234751834,0.8231711213507978
1.894736842105263,1.3684210526315788,0.907600521681814,0.8126145193237643
1.894736842105263,1.3684210526315788,1.0754220761125606,0.8004451072354323
1.894736842105263,1.3684210526315788,1.2742749857031335,0.7720386986028903
1.894736842105263,1.3684210526315788,1.5098971606184193,0.7458575658039447
1.894736842105263,1.3684210526315788,1.789087489923219,0.719253289256417
1.894736842105263,1.3684210526315788,2.1199020238496082,0.6907058567239132
1.894736842105263,1.3684210526315788,2.51188643150958,0.6673673024113841
1.894736842105263,1.6315789473684208,0.09999999999999999,0.658173995164796
1.894736842105263,1.6315789473684208,0.11849068510006666,0.6980165893123063
1.894736842105263,1.6315789473684208,0.1404004245548316,0.7071304496253824
1.894736842105263,1.6315789473684208,0.16636142493842218,0.7060393258083072
1.894736842105263,1.6315789473684208,0.1971227921517696,0.7308896714268844
1.894736842105263,1.6315789473684208,0.23357214690901223,0.7414391485680988
1.894736842105263,1.6315789473684208,0.2767612370754227,0.7712474611264656
1.894736842105263,1.6315789473684208,0.32793628590208806,0.7863279015947078
1.894736842105263,1.6315789473684208,0.3885739518570975,0.7912990618418635
1.894736842105263,1.6315789473684208,0.460423937675878,0.8064500002672503
1.894736842105263,1.6315789473684208,0.5455594781168519,0.806779161050274
1.894736842105263,1.6315789473684208,0.646437163249006,0.8207883695142056
1.894736842105263,1.6315789473684208,0.7659678234751834,0.8182916231610964
1.894736842105263,1.6315789473684208,0.907600521681814,0.808627264466961
1.894736842105263,1.6315789473684208,1.0754220761125606,0.7985877506392183
1.894736842105263,1.6315789473684208,1.2742749857031335,0.7761266366211245
1.894736842105263,1.6315789473684208,1.5098971606184193,0.751259509583012
1.894736842105263,1.6315789473684208,1.789087489923219,0.7278155828341463
1.894736842105263,1.6315789473684208,2.1199020238496082,0.6981623713941669
1.894736842105263,1.6315789473684208,2.51188643150958,0.6728574053549135
1.894736842105263,1.8947368421052628,0.09999999999999999,0.5709489741653891
1.894736842105263,1.8947368421052628,0.11849068510006666,0.5750798369238014
1.894736842105263,1.8947368421052628,0.1404004245548316,0.6140578095770538
1.894736842105263,1.8947368421052628,0.16636142493842218,0.6222648355338718
1.894736842105263,1.8947368421052628,0.1971227921517696,0.6568375416397579
1.894736842105263,1.8947368421052628,0.23357214690901223,0.674360213616661
1.894736842105263,1.8947368421052628,0.2767612370754227,0.6714893210158596
1.894736842105263,1.8947368421052628,0.32793628590208806,0.6977175745081752
1.894736842105263,1.8947368421052628,0.3885739518570975,0.717126933353367
1.894736842105263,1.8947368421052628,0.460423937675878,0.7454486304129773
1.894736842105263,1.8947368421052628,0.5455594781168519,0.7772006886024713
1.894736842105263,1.8947368421052628,0.646437163249006,0.7837283505511629
1.894736842105263,1.8947368421052628,0.7659678234751834,0.7879486636498897
1.894736842105263,1.8947368421052628,0.907600521681814,0.78954644414027
1.894736842105263,1.8947368421052628,1.0754220761125606,0.7856494612735824
1.894736842105263,1.8947368421052628,1.2742749857031335,0.7723649266226853
1.894736842105263,1.8947368421052628,1.5098971606184193,0.7536397990311137
1.894736842105263,1.8947368421052628,1.789087489923219,0.730846494509795
1.894736842105263,1.8947368421052628,2.1199020238496082,0.7049460624016907
1.894736842105263,1.8947368421052628,2.51188643150958,0.6783240702329707
1.894736842105263,2.1578947368421053,0.09999999999999999,0.5178309358169495
1.894736842105263,2.1578947368421053,0.11849068510006666,0.5124593035026149
1.894736842105263,2.1578947368421053,0.1404004245548316,0.5389506744634394
1.894736842105263,2.1578947368421053,0.16636142493842218,0.5541443831790828
1.894736842105263,2.1578947368421053,0.1971227921517696,0.5622518044266492
1.894736842105263,2.1578947368421053,0.23357214690901223,0.5987512873669675
1.894736842105263,2.1578947368421053,0.2767612370754227,0.6299514638221743
1.894736842105263,2.1578947368421053,0.32793628590208806,0.6527448588937208
1.894736842105263,2.1578947368421053,0.3885739518570975,0.675551360872908
1.894736842105263,2.1578947368421053,0.460423937675878,0.6929328374162139
1.894736842105263,2.1578947368421053,0.5455594781168519,0.7158025496749579
1.894736842105263,2.1578947368421053,0.646437163249006,0.7331504147701111
1.894736842105263,2.1578947368421053,0.7659678234751834,0.7527190154608997
1.894736842105263,2.1578947368421053,0.907600521681814,0.7600764805562341
1.894736842105263,2.1578947368421053,1.0754220761125606,0.7561338819076384
1.894736842105263,2.1578947368421053,1.2742749857031335,0.7499237407682315
1.894736842105263,2.1578947368421053,1.5098971606184193,0.7405590567200765
1.894736842105263,2.1578947368421053,1.789087489923219,0.7230835820119307
1.894736842105263,2.1578947368421053,2.1199020238496082,0.6991241474885749
1.894736842105263,2.1578947368421053,2.51188643150958,0.6763635133651243
1.894736842105263,2.4210526315789473,0.09999999999999999,0.5190874919532447
1.894736842105263,2.4210526315789473,0.11849068510006666,0.5291606209155636
1.894736842105263,2.4210526315789473,0.1404004245548316,0.5397132685497544
1.894736842105263,2.4210526315789473,0.16636142493842218,0.5409671572827118
1.894736842105263,2.4210526315789473,0.1971227921517696,0.5616575032608592
1.894736842105263,2.4210526315789473,0.23357214690901223,0.5643899603849334
1.894736842105263,2.4210526315789473,0.2767612370754227,0.5842557113131559
1.894736842105263,2.4210526315789473,0.32793628590208806,0.6153682484518808
1.894736842105263,2.4210526315789473,0.3885739518570975,0.6466421727522939
1.894736842105263,2.4210526315789473,0.460423937675878,0.6820350545646946
1.894736842105263,2.4210526315789473,0.5455594781168519,0.6747005690683643
1.894736842105263,2.4210526315789473,0.646437163249006,0.7064643041010741
1.894736842105263,2.4210526315789473,0.7659678234751834,0.7232212098926128
1.894736842105263,2.4210526315789473,0.907600521681814,0.7357533703593411
1.894736842105263,2.4210526315789473,1.0754220761125606,0.7272856780080414
1.894736842105263,2.4210526315789473,1.2742749857031335,0.7382136796990706
1.894736842105263,2.4210526315789473,1.5098971606184193,0.7212605216629925
1.894736842105263,2.4210526315789473,1.789087489923219,0.7090035292694302
1.894736842105263,2.4210526315789473,2.1199020238496082,0.6879611039178779
1.894736842105263,2.4210526315789473,2.51188643150958,0.6668817281744585
1.894736842105263,2.6842105263157894,0.09999999999999999,0.4973944894247463
1.894736842105263,2.6842105263157894,0.11849068510006666,0.4943496167410742
1.894736842105263,2.6842105263157894,0.1404004245548316,0.5070700578490578
1.894736842105263,2.6842105263157894,0.16636142493842218,0.5554753048215323
1.894736842105263,2.6842105263157894,0.1971227921517696,0.553311119309493
1.894736842105263,2.6842105263157894,0.23357214690901223,0.5655757969937087
1.894736842105263,2.6842105263157894,0.2767612370754227,0.5828204807329602
1.894736842105263,2.6842105263157894,0.32793628590208806,0.6150462896909393
1.894736842105263,2.6842105263157894,0.3885739518570975,0.630870043899889
1.894736842105263,2.6842105263157894,0.460423937675878,0.6376865143491077
1.894736842105263,2.6842105263157894,0.5455594781168519,0.6755098106238446
1.894736842105263,2.6842105263157894,0.646437163249006,0.6948832400990111
1.894736842105263,2.6842105263157894,0.7659678234751834,0.6990855091328467
1.894736842105263,2.6842105263157894,0.907600521681814,0.7153602714507877
1.894736842105263,2.6842105263157894,1.0754220761125606,0.7154645837040355
1.894736842105263,2.6842105263157894,1.2742749857031335,0.7265027264367467
1.894736842105263,2.6842105263157894,1.5098971606184193,0.7101607490083006
1.894736842105263,2.6842105263157894,1.789087489923219,0.6950091603474814
1.894736842105263,2.6842105263157894,2.1199020238496082,0.679619236011751
1.894736842105263,2.6842105263157894,2.51188643150958,0.6608906840496122
1.894736842105263,2.9473684210526314,0.09999999999999999,0.5047694170782507
1.894736842105263,2.9473684210526314,0.11849068510006666,0.5305781222133916
1.894736842105263,2.9473684210526314,0.1404004245548316,0.5011344346110713
1.894736842105263,2.9473684210526314,0.16636142493842218,0.5397008809722773
1.894736842105263,2.9473684210526314,0.1971227921517696,0.5596213242491138
1.894736842105263,2.9473684210526314,0.23357214690901223,0.5604332038872769
1.894736842105263,2.9473684210526314,0.2767612370754227,0.5665899202313568
1.894736842105263,2.9473684210526314,0.32793628590208806,0.5795333350399677
1.894736842105263,2.9473684210526314,0.3885739518570975,0.6108965560583168
1.894736842105263,2.9473684210526314,0.460423937675878,0.6437068481202631
1.894736842105263,2.9473684210526314,0.5455594781168519,0.6481791554867327
1.894736842105263,2.9473684210526314,0.646437163249006,0.6715222056773672
1.894736842105263,2.9473684210526314,0.7659678234751834,0.6796941518305014
1.894736842105263,2.9473684210526314,0.907600521681814,0.6980142772165542
1.894736842105263,2.9473684210526314,1.0754220761125606,0.7048549796010546
1.894736842105263,2.9473684210526314,1.2742749857031335,0.7016009597252559
1.894736842105263,2.9473684210526314,1.5098971606184193,0.6951789700889722
1.894736842105263,2.9473684210526314,1.789087489923219,0.6882141402574944
1.894736842105263,2.9473684210526314,2.1199020238496082,0.6705715406275071
1.894736842105263,2.9473684210526314,2.51188643150958,0.6585650407438975
1.894736842105263,3.2105263157894735,0.09999999999999999,0.4925010668876296
1.894736842105263,3.2105263157894735,0.11849068510006666,0.4834157552534571
1.894736842105263,3.2105263157894735,0.1404004245548316,0.49006322800815333
1.894736842105263,3.2105263157894735,0.16636142493842218,0.5160846508174202
1.894736842105263,3.2105263157894735,0.1971227921517696,0.5278149304329578
1.894736842105263,3.2105263157894735,0.23357214690901223,0.5272373739790627
1.894736842105263,3.2105263157894735,0.2767612370754227,0.5713048367021912
1.894736842105263,3.2105263157894735,0.32793628590208806,0.5879002671385658
1.894736842105263,3.2105263157894735,0.3885739518570975,0.592659594731415
1.894736842105263,3.2105263157894735,0.460423937675878,0.6015355508991206
1.894736842105263,3.2105263157894735,0.5455594781168519,0.6458978139542957
1.894736842105263,3.2105263157894735,0.646437163249006,0.6749511073736121
1.894736842105263,3.2105263157894735,0.7659678234751834,0.6714038139287717
1.894736842105263,3.2105263157894735,0.907600521681814,0.6854028967734733
1.894736842105263,3.2105263157894735,1.0754220761125606,0.6880847448544379
1.894736842105263,3.2105263157894735,1.2742749857031335,0.6951260281166213
1.894736842105263,3.2105263157894735,1.5098971606184193,0.6883627647680423
1.894736842105263,3.2105263157894735,1.789087489923219,0.6770267598277933
1.894736842105263,3.2105263157894735,2.1199020238496082,0.6672322705946738
1.894736842105263,3.2105263157894735,2.51188643150958,0.6494880649755974
1.894736842105263,3.473684210526316,0.09999999999999999,0.47969105763256076
1.894736842105263,3.473684210526316,0.11849068510006666,0.46672362941132206
1.894736842105263,3.473684210526316,0.1404004245548316,0.4981187034489626
1.894736842105263,3.473684210526316,0.16636142493842218,0.5107833592739467
1.894736842105263,3.473684210526316,0.1971227921517696,0.5431669433507599
1.894736842105263,3.473684210526316,0.23357214690901223,0.5542069754753338
1.894736842105263,3.473684210526316,0.2767612370754227,0.5603033163799409
1.894736842105263,3.473684210526316,0.32793628590208806,0.5926082068927087
1.894736842105263,3.473684210526316,0.3885739518570975,0.5978307147730766
1.894736842105263,3.473684210526316,0.460423937675878,0.6050360985616582
1.894736842105263,3.473684210526316,0.5455594781168519,0.6350098015120639
1.894736842105263,3.473684210526316,0.646437163249006,0.6502046377060942
1.894736842105263,3.473684210526316,0.7659678234751834,0.6678089645529434
1.894736842105263,3.473684210526316,0.907600521681814,0.6741391347976806
1.894736842105263,3.473684210526316,1.0754220761125606,0.6736120627984515
1.894736842105263,3.473684210526316,1.2742749857031335,0.6817365609680197
1.894736842105263,3.473684210526316,1.5098971606184193,0.6766272398771569
1.894736842105263,3.473684210526316,1.789087489923219,0.674787501498772
1.894736842105263,3.473684210526316,2.1199020238496082,0.6636785764206632
1.894736842105263,3.473684210526316,2.51188643150958,0.6472155501182384
1.894736842105263,3.7368421052631575,0.09999999999999999,0.46906467864678153
1.894736842105263,3.7368421052631575,0.11849068510006666,0.49264353108733866
1.894736842105263,3.7368421052631575,0.1404004245548316,0.4839851763946135
1.894736842105263,3.7368421052631575,0.16636142493842218,0.4970407417642653
1.894736842105263,3.7368421052631575,0.1971227921517696,0.5007873168479905
1.894736842105263,3.7368421052631575,0.23357214690901223,0.5404820199980505
1.894736842105263,3.7368421052631575,0.2767612370754227,0.539050740362868
1.894736842105263,3.7368421052631575,0.32793628590208806,0.5657770092970458
1.894736842105263,3.7368421052631575,0.3885739518570975,0.578492823964147
1.894736842105263,3.7368421052631575,0.460423937675878,0.5920897933981182
1.894736842105263,3.7368421052631575,0.5455594781168519,0.6400905356762346
1.894736842105263,3.7368421052631575,0.646437163249006,0.6422726309419727
1.894736842105263,3.7368421052631575,0.7659678234751834,0.6476789200188208
1.894736842105263,3.7368421052631575,0.907600521681814,0.6662424192858944
1.894736842105263,3.7368421052631575,1.0754220761125606,0.6770341134698251
1.894736842105263,3.7368421052631575,1.2742749857031335,0.6800685767479036
1.894736842105263,3.7368421052631575,1.5098971606184193,0.6759587135614152
1.894736842105263,3.7368421052631575,1.789087489923219,0.6675715206752518
1.894736842105263,3.7368421052631575,2.1199020238496082,0.6593260160039306
1.894736842105263,3.7368421052631575,2.51188643150958,0.6455010191474122
1.894736842105263,4.0,0.09999999999999999,0.48274754076902593
1.894736842105263,4.0,0.11849068510006666,0.46375837585874524
1.894736842105263,4.0,0.1404004245548316,0.46949107312555993
1.894736842105263,4.0,0.16636142493842218,0.475592050797438
1.894736842105263,4.0,0.1971227921517696,0.5286137456208365
1.894736842105263,4.0,0.23357214690901223,0.49164957572844553
1.894736842105263,4.0,0.2767612370754227,0.5377907192895607
1.894736842105263,4.0,0.32793628590208806,0.5525589407319411
1.894736842105263,4.0,0.3885739518570975,0.5886863245506839
1.894736842105263,4.0,0.460423937675878,0.5883858080081207
1.894736842105263,4.0,0.5455594781168519,0.6211119176442296
1.894736842105263,4.0,0.646437163249006,0.6206993872860967
1.894736842105263,4.0,0.7659678234751834,0.6545100792132394
1.894736842105263,4.0,0.907600521681814,0.6606027598471373
1.894736842105263,4.0,1.0754220761125606,0.6818429776334809
1.894736842105263,4.0,1.2742749857031335,0.6795111802503772
1.894736842105263,4.0,1.5098971606184193,0.6768033338984875
1.894736842105263,4.0,1.789087489923219,0.6659846915553841
1.894736842105263,4.0,2.1199020238496082,0.6568711671216237
1.894736842105263,4.0,2.51188643150958,0.6430731334395194
2.1052631578947367,-1.0,0.09999999999999999,0.6815778571025156
2.1052631578947367,-1.0,0.11849068510006666,0.7009858889233885
2.1052631578947367,-1.0,0.1404004245548316,0.7028579804331421
2.1052631578947367,-1.0,0.16636142493842218,0.7115569455337801
2.1052631578947367,-1.0,0.1971227921517696,0.7307405318615628
2.1052631578947367,-1.0,0.23357214690901223,0.7344953844047918
2.1052631578947367,-1.0,0.2767612370754227,0.7636173655102516
2.1052631578947367,-1.0,0.32793628590208806,0.7711496526440241
2.1052631578947367,-1.0,0.3885739518570975,0.7748389574238276
2.1052631578947367,-1.0,0.460423937675878,0.8010580763127593
2.1052631578947367,-1.0,0.5455594781168519,0.7908056418017596
2.1052631578947367,-1.0,0.646437163249006,0.8054738435480074
2.1052631578947367,-1.0,0.7659678234751834,0.7974475036915409
2.1052631578947367,-1.0,0.907600521681814,0.7897092960892043
2.1052631578947367,-1.0,1.0754220761125606,0.7707479340670135
2.1052631578947367,-1.0,1.2742749857031335,0.7463968216428627
2.1052631578947367,-1.0,1.5098971606184193,0.7182287178369825
2.1052631578947367,-1.0,1.789087489923219,0.6956742507046928
2.1052631578947367,-1.0,2.1199020238496082,0.6688381787410684
2.1052631578947367,-1.0,2.51188643150958,0.648843613726145
2.1052631578947367,-0.736842105263158,0.09999999999999999,0.6717085009364941
2.1052631578947367,-0.736842105263158,0.11849068510006666,0.6863699564829785
2.1052631578947367,-0.736842105263158,0.1404004245548316,0.701527208730323
2.1052631578947367,-0.736842105263158,0.16636142493842218,0.7085193513960887
2.1052631578947367,-0.736842105263158,0.1971227921517696,0.7274002266204231
2.1052631578947367,-0.736842105263158,0.23357214690901223,0.7512785396526501
2.1052631578947367,-0.736842105263158,0.2767612370754227,0.7619834292563668
2.1052631578947367,-0.736842105263158,0.32793628590208806,0.7752921426997211
2.1052631578947367,-0.736842105263158,0.3885739518570975,0.770597730829089
2.1052631578947367,-0.736842105263158,0.460423937675878,0.7872789249678299
2.1052631578947367,-0.736842105263158,0.5455594781168519,0.7956884619171591
2.1052631578947367,-0.736842105263158,0.646437163249006,0.8054757952895827
2.1052631578947367,-0.736842105263158,0.7659678234751834,0.7962743041695429
2.1052631578947367,-0.736842105263158,0.907600521681814,0.7792442001549882
2.1052631578947367,-0.736842105263158,1.0754220761125606,0.7653799726198909
2.1052631578947367,-0.736842105263158,1.2742749857031335,0.7435488153918165
2.1052631578947367,-0.736842105263158,1.5098971606184193,0.7183225020003703
2.1052631578947367,-0.736842105263158,1.789087489923219,0.694361782619652
2.1052631578947367,-0.736842105263158,2.1199020238496082,0.6716087960794854
2.1052631578947367,-0.736842105263158,2.51188643150958,0.6500525435811151
2.1052631578947367,-0.4736842105263158,0.09999999999999999,0.6654496480362828
2.1052631578947367,-0.4736842105263158,0.11849068510006666,0.6887231673616382
2.1052631578947367,-0.4736842105263158,0.1404004245548316,0.7089791112950352
2.1052631578947367,-0.4736842105263158,0.16636142493842218,0.7262602324470153
2.1052631578947367,-0.4736842105263158,0.1971227921517696,0.7285099922212774
2.1052631578947367,-0.4736842105263158,0.23357214690901223,0.7407182270867302
2.1052631578947367,-0.4736842105263158,0.2767612370754227,0.7595807454872611
2.1052631578947367,-0.4736842105263158,0.32793628590208806,0.767002784746407
2.1052631578947367,-0.4736842105263158,0.3885739518570975,0.7945086408838026
2.1052631578947367,-0.4736842105263158,0.460423937675878,0.7891525105106041
2.1052631578947367,-0.4736842105263158,0.5455594781168519,0.8024284413912526
2.1052631578947367,-0.4736842105263158,0.646437163249006,0.7966014271015605
2.1052631578947367,-0.4736842105263158,0.7659678234751834,0.7969575873778847
2.1052631578947367,-0.4736842105263158,0.907600521681814,0.7874161103331782
2.1052631578947367,-0.4736842105263158,1.0754220761125606,0.7694901600582317
2.1052631578947367,-0.4736842105263158,1.2742749857031335,0.7408745283403064
2.1052631578947367,-0.4736842105263158,1.5098971606184193,0.7166596117117734
2.1052631578947367,-0.4736842105263158,1.789087489923219,0.6919519382711073
2.1052631578947367,-0.4736842105263158,2.1199020238496082,0.6708257622476018
2.1052631578947367,-0.4736842105263158,2.51188643150958,0.6486400256987347
2.1052631578947367,-0.21052631578947367,0.09999999999999999,0.680932534841802
2.1052631578947367,-0.21052631578947367,0.11849068510006666,0.6885289905344717
2.1052631578947367,-0.21052631578947367,0.1404004245548316,0.6874984982870744
2.1052631578947367,-0.21052631578947367,0.16636142493842218,0.7144209588517232
2.1052631578947367,-0.21052631578947367,0.1971227921517696,0.7182026134476054
2.1052631578947367,-0.21052631578947367,0.23357214690901223,0.749584959028352
2.1052631578947367,-0.21052631578947367,0.2767612370754227,0.7510763254908788
2.1052631578947367,-0.21052631578947367,0.32793628590208806,0.7714956670331243
2.1052631578947367,-0.21052631578947367,0.3885739518570975,0.7914103212914818
2.1052631578947367,-0.21052631578947367,0.460423937675878,0.7938373293912695
2.1052631578947367,-0.21052631578947367,0.5455594781168519,0.7954734341221695
2.1052631578947367,-0.21052631578947367,0.646437163249006,0.8019523047236562
2.1052631578947367,-0.21052631578947367,0.7659678234751834,0.7927002366894872
2.1052631578947367,-0.21052631578947367,0.907600521681814,0.784161189014791
2.1052631578947367,-0.21052631578947367,1.0754220761125606,0.7667899081795068
2.1052631578947367,-0.21052631578947367,1.2742749857031335,0.7375384286735146
2.1052631578947367,-0.21052631578947367,1.5098971606184193,0.719632285290266
2.1052631578947367,-0.21052631578947367,1.789087489923219,0.69431119272058
2.1052631578947367,-0.21052631578947367,2.1199020238496082,0.6690489644061771
2.1052631578947367,-0.21052631578947367,2.51188643150958,0.6487862116455956
2.1052631578947367,0.05263157894736836,0.09999999999999999,0.6740048135589647
2.1052631578947367,0.05263157894736836,0.11849068510006666,0.6834509497637786
2.1052631578947367,0.05263157894736836,0.1404004245548316,0.7012650436577169
2.1052631578947367,0.05263157894736836,0.16636142493842218,0.7240460503518212
2.1052631578947367,0.05263157894736836,0.1971227921517696,0.7383327039171607
2.1052631578947367,0.05263157894736836,0.23357214690901223,0.7393563074962592
2.1052631578947367,0.05263157894736836,0.2767612370754227,0.7686418414985806
2.1052631578947367,0.05263157894736836,0.32793628590208806,0.7747186482427327
2.1052631578947367,0.05263157894736836,0.3885739518570975,0.7937769285803452
2.1052631578947367,0.05263157894736836,0.460423937675878,0.8023623860392136
2.1052631578947367,0.05263157894736836,0.5455594781168519,0.7960265698573193
2.1052631578947367,0.05263157894736836,0.646437163249006,0.7945017862551267
2.1052631578947367,0.05263157894736836,0.7659678234751834,0.7937723967658338
2.1052631578947367,0.05263157894736836,0.907600521681814,0.785647258615904
2.1052631578947367,0.05263157894736836,1.0754220761125606,0.7657747585452888
2.1052631578947367,0.05263157894736836,1.2742749857031335,0.7492034872503915
2.1052631578947367,0.05263157894736836,1.5098971606184193,0.7154797145996827
2.1052631578947367,0.05263157894736836,1.789087489923219,0.6923038162902608
2.1052631578947367,0.05263157894736836,2.1199020238496082,0.6706950884923486
2.1052631578947367,0.05263157894736836,2.51188643150958,0.6483955119303273
2.1052631578947367,0.3157894736842104,0.09999999999999999,0.6779001314070253
2.1052631578947367,0.3157894736842104,0.11849068510006666,0.6980715745855978
2.1052631578947367,0.3157894736842104,0.1404004245548316,0.6986586560699812
2.1052631578947367,0.3157894736842104,0.16636142493842218,0.7096549885240138
2.1052631578947367,0.3157894736842104,0.1971227921517696,0.7335050136342027
2.1052631578947367,0.3157894736842104,0.23357214690901223,0.7429910434927377
2.1052631578947367,0.3157894736842104,0.2767612370754227,0.7561936119776267
2.1052631578947367,0.3157894736842104,0.32793628590208806,0.7654187008121185
2.1052631578947367,0.3157894736842104,0.3885739518570975,0.7929143410469576
2.1052631578947367,0.3157894736842104,0.460423937675878,0.8017259141131924
2.1052631578947367,0.3157894736842104,0.5455594781168519,0.7999275332886183
2.1052631578947367,0.3157894736842104,0.646437163249006,0.8060747739020061
2.1052631578947367,0.3157894736842104,0.7659678234751834,0.7967111210298331
2.1052631578947367,0.3157894736842104,0.907600521681814,0.7856404114124028
2.1052631578947367,0.3157894736842104,1.0754220761125606,0.7659908316827432
2.1052631578947367,0.3157894736842104,1.2742749857031335,0.748400821611139
2.1052631578947367,0.3157894736842104,1.5098971606184193,0.7219406803604963
2.1052631578947367,0.3157894736842104,1.789087489923219,0.6925113827090817
2.1052631578947367,0.3157894736842104,2.1199020238496082,0.6686577753933575
2.1052631578947367,0.3157894736842104,2.51188643150958,0.6511700659088038
2.1052631578947367,0.5789473684210527,0.09999999999999999,0.7024790113741828
2.1052631578947367,0.5789473684210527,0.11849068510006666,0.6860339329477932
2.1052631578947367,0.5789473684210527,0.1404004245548316,0.7109189543892087
2.1052631578947367,0.5789473684210527,0.16636142493842218,0.7213042329134086
2.1052631578947367,0.5789473684210527,0.1971227921517696,0.7415478431189823
2.1052631578947367,0.5789473684210527,0.23357214690901223,0.7432123884817612
2.1052631578947367,0.5789473684210527,0.2767612370754227,0.7589764070361606
2.1052631578947367,0.5789473684210527,0.32793628590208806,0.7841045853352648
2.1052631578947367,0.5789473684210527,0.3885739518570975,0.801622577204203
2.1052631578947367,0.5789473684210527,0.460423937675878,0.802070193620273
2.1052631578947367,0.5789473684210527,0.5455594781168519,0.805217775399385
2.1052631578947367,0.5789473684210527,0.646437163249006,0.8121262650519061
2.1052631578947367,0.5789473684210527,0.7659678234751834,0.7981446226139056
2.1052631578947367,0.5789473684210527,0.907600521681814,0.7921851356275035
2.1052631578947367,0.5789473684210527,1.0754220761125606,0.7691739532538077
2.1052631578947367,0.5789473684210527,1.2742749857031335,0.7431392909596103
2.1052631578947367,0.5789473684210527,1.5098971606184193,0.7197256134022182
2.1052631578947367,0.5789473684210527,1.789087489923219,0.6968921510619953
2.1052631578947367,0.5789473684210527,2.1199020238496082,0.6702096870457693
2.1052631578947367,0.5789473684210527,2.51188643150958,0.6497156836249142
2.1052631578947367,0.8421052631578947,0.09999999999999999,0.6861647414898702
2.1052631578947367,0.8421052631578947,0.11849068510006666,0.6988602144222104
2.1052631578947367,0.8421052631578947,0.1404004245548316,0.7054778495777655
2.1052631578947367,0.8421052631578947,0.16636142493842218,0.7283466903456671
2.1052631578947367,0.8421052631578947,0.1971227921517696,0.7455777955937927
2.1052631578947367,0.8421052631578947,0.23357214690901223,0.7443562585050961
2.1052631578947367,0.8421052631578947,0.2767612370754227,0.7594577516039392
2.1052631578947367,0.8421052631578947,0.32793628590208806,0.7884959877756383
2.1052631578947367,0.8421052631578947,0.3885739518570975,0.8003879764280283
2.1052631578947367,0.8421052631578947,0.460423937675878,0.8060702505106084
2.1052631578947367,0.8421052631578947,0.5455594781168519,0.8171214478305417
2.1052631578947367,0.8421052631578947,0.646437163249006,0.8138269787299605
2.1052631578947367,0.8421052631578947,0.7659678234751834,0.8065053863546202
2.1052631578947367,0.8421052631578947,0.907600521681814,0.7882266821337179
2.1052631578947367,0.8421052631578947,1.0754220761125606,0.7693966677151516
2.1052631578947367,0.8421052631578947,1.2742749857031335,0.7486682416912765
2.1052631578947367,0.8421052631578947,1.5098971606184193,0.7260966238591533
2.1052631578947367,0.8421052631578947,1.789087489923219,0.6975949799913308
2.1052631578947367,0.8421052631578947,2.1199020238496082,0.6750351704896509
2.1052631578947367,0.8421052631578947,2.51188643150958,0.6511620688163371
2.1052631578947367,1.1052631578947367,0.09999999999999999,0.6989569967300299
2.1052631578947367,1.1052631578947367,0.11849068510006666,0.7251103468122169
2.1052631578947367,1.1052631578947367,0.1404004245548316,0.7161013932547562
2.1052631578947367,1.1052631578947367,0.16636142493842218,0.7475645928505229
2.1052631578947367,1.1052631578947367,0.1971227921517696,0.764685663604182
2.1052631578947367,1.1052631578947367,0.23357214690901223,0.7720223159890924
2.1052631578947367,1.1052631578947367,0.2767612370754227,0.7871926547065082
2.1052631578947367,1.1052631578947367,0.32793628590208806,0.7776857484946845
2.1052631578947367,1.1052631578947367,0.3885739518570975,0.808248374336743
2.1052631578947367,1.1052631578947367,0.460423937675878,0.8127060556798447
2.1052631578947367,1.1052631578947367,0.5455594781168519,0.8176758704106273
2.1052631578947367,1.1052631578947367,0.646437163249006,0.8163140703841583
2.1052631578947367,1.1052631578947367,0.7659678234751834,0.8060679538361165
2.1052631578947367,1.1052631578947367,0.907600521681814,0.796015806674632
2.1052631578947367,1.1052631578947367,1.0754220761125606,0.7825461177440335
2.1052631578947367,1.1052631578947367,1.2742749857031335,0.7554946501937546
2.1052631578947367,1.1052631578947367,1.5098971606184193,0.729959741716428
2.1052631578947367,1.1052631578947367,1.789087489923219,0.702224382208658
2.1052631578947367,1.1052631578947367,2.1199020238496082,0.6792998859386368
2.1052631578947367,1.1052631578947367,2.51188643150958,0.6541013447354228
2.1052631578947367,1.3684210526315788,0.09999999999999999,0.7124589055871785
2.1052631578947367,1.3684210526315788,0.11849068510006666,0.6991498223752078
2.1052631578947367,1.3684210526315788,0.1404004245548316,0.728076960837283
2.1052631578947367,1.3684210526315788,0.16636142493842218,0.7328051763516132
2.1052631578947367,1.3684210526315788,0.1971227921517696,0.7579323683193944
2.1052631578947367,1.3684210526315788,0.23357214690901223,0.779609256337019
2.1052631578947367,1.3684210526315788,0.2767612370754227,0.7919299918049514
2.1052631578947367,1.3684210526315788,0.32793628590208806,0.8078265353821945
2.1052631578947367,1.3684210526315788,0.3885739518570975,0.8046441015800705
2.1052631578947367,1.3684210526315788,0.460423937675878,0.8210506641787031
2.1052631578947367,1.3684210526315788,0.5455594781168519,0.8281894785345649
2.1052631578947367,1.3684210526315788,0.646437163249006,0.83142680677619
2.1052631578947367,1.3684210526315788,0.7659678234751834,0.8283203109947815
2.1052631578947367,1.3684210526315788,0.907600521681814,0.8065493946308732
2.1052631578947367,1.3684210526315788,1.0754220761125606,0.7867751192786876
2.1052631578947367,1.3684210526315788,1.2742749857031335,0.7624782336782292
2.1052631578947367,1.3684210526315788,1.5098971606184193,0.7398793604116924
2.1052631578947367,1.3684210526315788,1.789087489923219,0.7096807256756229
2.1052631578947367,1.3684210526315788,2.1199020238496082,0.6820264352995217
2.1052631578947367,1.3684210526315788,2.51188643150958,0.6597021743554609
2.1052631578947367,1.6315789473684208,0.09999999999999999,0.6982680465797377
2.1052631578947367,1.6315789473684208,0.11849068510006666,0.7086050640600847
2.1052631578947367,1.6315789473684208,0.1404004245548316,0.7065279983277538
2.1052631578947367,1.6315789473684208,0.16636142493842218,0.7422468582164128
2.1052631578947367,1.6315789473684208,0.1971227921517696,0.7633675107050532
2.1052631578947367,1.6315789473684208,0.23357214690901223,0.7669764070732472
2.1052631578947367,1.6315789473684208,0.2767612370754227,0.7707865975400136
2.1052631578947367,1.6315789473684208,0.32793628590208806,0.8006309808600861
2.1052631578947367,1.6315789473684208,0.3885739518570975,0.8127453485042827
2.1052631578947367,1.6315789473684208,0.460423937675878,0.8121752053773771
2.1052631578947367,1.6315789473684208,0.5455594781168519,0.8237195704440641
2.1052631578947367,1.6315789473684208,0.646437163249006,0.8280499107152931
2.1052631578947367,1.6315789473684208,0.7659678234751834,0.8237280235769536
2.1052631578947367,1.6315789473684208,0.907600521681814,0.8095717820061062
2.1052631578947367,1.6315789473684208,1.0754220761125606,0.7964118310072207
2.1052631578947367,1.6315789473684208,1.2742749857031335,0.7738675602463994
2.1052631578947367,1.6315789473684208,1.5098971606184193,0.7440311819081549
2.1052631578947367,1.6315789473684208,1.789087489923219,0.7172622513795075
2.1052631578947367,1.6315789473684208,2.1199020238496082,0.6932391863893983
2.1052631578947367,1.6315789473684208,2.51188643150958,0.6670442772713953
2.1052631578947367,1.8947368421052628,0.09999999999999999,0.6478917104829254
2.1052631578947367,1.8947368421052628,0.11849068510006666,0.6683195232751591
2.1052631578947367,1.8947368421052628,0.1404004245548316,0.6847182656642515
2.1052631578947367,1.8947368421052628,0.16636142493842218,0.6738017830159955
2.1052631578947367,1.8947368421052628,0.1971227921517696,0.6970200091851686
2.1052631578947367,1.8947368421052628,0.23357214690901223,0.7308734369273212
2.1052631578947367,1.8947368421052628,0.2767612370754227,0.7558386920115665
2.1052631578947367,1.8947368421052628,0.32793628590208806,0.7621133578701654
2.1052631578947367,1.8947368421052628,0.3885739518570975,0.7805846106121526
2.1052631578947367,1.8947368421052628,0.460423937675878,0.7875990912482882
2.1052631578947367,1.8947368421052628,0.5455594781168519,0.8111288667662916
2.1052631578947367,1.8947368421052628,0.646437163249006,0.8115753051505743
2.1052631578947367,1.8947368421052628,0.7659678234751834,0.8109698787865625
2.1052631578947367,1.8947368421052628,0.907600521681814,0.8135809548154597
2.1052631578947367,1.8947368421052628,1.0754220761125606,0.7962659213810412
2.1052631578947367,1.8947368421052628,1.2742749857031335,0.7790714023149385
2.1052631578947367,1.8947368421052628,1.5098971606184193,0.7544796089044076
2.1052631578947367,1.8947368421052628,1.789087489923219,0.7272560978556014
2.1052631578947367,1.8947368421052628,2.1199020238496082,0.699757324437829
2.1052631578947367,1.8947368421052628,2.51188643150958,0.6742108931877004
2.1052631578947367,2.1578947368421053,0.09999999999999999,0.5262911373631051
2.1052631578947367,2.1578947368421053,0.11849068510006666,0.5695865091271125
2.1052631578947367,2.1578947368421053,0.1404004245548316,0.572928298346253
2.1052631578947367,2.1578947368421053,0.16636142493842218,0.6006260513213404
2.1052631578947367,2.1578947368421053,0.1971227921517696,0.6233350729050232
2.1052631578947367,2.1578947368421053,0.23357214690901223,0.6347631748271365
2.1052631578947367,2.1578947368421053,0.2767612370754227,0.6617223422073424
2.1052631578947367,2.1578947368421053,0.32793628590208806,0.6905432116489257
2.1052631578947367,2.1578947368421053,0.3885739518570975,0.7126387428596255
2.1052631578947367,2.1578947368421053,0.460423937675878,0.7444675624303849
2.1052631578947367,2.1578947368421053,0.5455594781168519,0.7628621303850948
2.1052631578947367,2.1578947368421053,0.646437163249006,0.7682197527824746
2.1052631578947367,2.1578947368421053,0.7659678234751834,0.7854149172754145
2.1052631578947367,2.1578947368421053,0.907600521681814,0.7782365330895361
2.1052631578947367,2.1578947368421053,1.0754220761125606,0.7874384780879603
2.1052631578947367,2.1578947368421053,1.2742749857031335,0.7701666666898082
2.1052631578947367,2.1578947368421053,1.5098971606184193,0.7480786197677716
2.1052631578947367,2.1578947368421053,1.789087489923219,0.7299527547294254
2.1052631578947367,2.1578947368421053,2.1199020238496082,0.7040961143658739
2.1052631578947367,2.1578947368421053,2.51188643150958,0.6792764197666699
2.1052631578947367,2.4210526315789473,0.09999999999999999,0.5282443816585075
2.1052631578947367,2.4210526315789473,0.11849068510006666,0.5034563624760912
2.1052631578947367,2.4210526315789473,0.1404004245548316,0.5259082824872107
2.1052631578947367,2.4210526315789473,0.16636142493842218,0.5366248429925955
2.1052631578947367,2.4210526315789473,0.1971227921517696,0.5684133665734843
2.1052631578947367,2.4210526315789473,0.23357214690901223,0.5816300961137659
2.1052631578947367,2.4210526315789473,0.2767612370754227,0.6143112946806586
2.1052631578947367,2.4210526315789473,0.32793628590208806,0.6251098851562942
2.1052631578947367,2.4210526315789473,0.3885739518570975,0.6630177478475227
2.1052631578947367,2.4210526315789473,0.460423937675878,0.6776028089062849
2.1052631578947367,2.4210526315789473,0.5455594781168519,0.7017153612240272
2.1052631578947367,2.4210526315789473,0.646437163249006,0.7287170348540617
2.1052631578947367,2.4210526315789473,0.7659678234751834,0.7392616028454975
2.1052631578947367,2.4210526315789473,0.907600521681814,0.7422867329455999
2.1052631578947367,2.4210526315789473,1.0754220761125606,0.7587446786630012
2.1052631578947367,2.4210526315789473,1.2742749857031335,0.7480214846099893
2.1052631578947367,2.4210526315789473,1.5098971606184193,0.7396128035640963
2.1052631578947367,2.4210526315789473,1.789087489923219,0.7217196061406244
2.1052631578947367,2.4210526315789473,2.1199020238496082,0.7003088707225008
2.1052631578947367,2.4210526315789473,2.51188643150958,0.6757084845487298
2.1052631578947367,2.6842105263157894,0.09999999999999999,0.5226232669810118
2.1052631578947367,2.6842105263157894,0.11849068510006666,0.522980052819805
2.1052631578947367,2.6842105263157894,0.1404004245548316,0.5287934501971511
2.1052631578947367,2.6842105263157894,0.16636142493842218,0.5386426019170395
2.1052631578947367,2.6842105263157894,0.1971227921517696,0.5625800779512354
2.1052631578947367,2.6842105263157894,0.23357214690901223,0.568749806104565
2.1052631578947367,2.6842105263157894,0.2767612370754227,0.5926497422877647
2.1052631578947367,2.6842105263157894,0.32793628590208806,0.6269276305971854
2.1052631578947367,2.6842105263157894,0.3885739518570975,0.6485869581954484
2.1052631578947367,2.6842105263157894,0.460423937675878,0.6543420023800084
2.1052631578947367,2.6842105263157894,0.5455594781168519,0.6828252614779871
2.1052631578947367,2.6842105263157894,0.646437163249006,0.7161690526815856
2.1052631578947367,2.6842105263157894,0.7659678234751834,0.7109732440955565
2.1052631578947367,2.6842105263157894,0.907600521681814,0.718866752992894
2.1052631578947367,2.6842105263157894,1.0754220761125606,0.7310142602628712
2.1052631578947367,2.6842105263157894,1.2742749857031335,0.7340073977464113
2.1052631578947367,2.6842105263157894,1.5098971606184193,0.7179741301104394
2.1052631578947367,2.6842105263157894,1.789087489923219,0.6997706919131935
2.1052631578947367,2.6842105263157894,2.1199020238496082,0.6843422747535358
2.1052631578947367,2.6842105263157894,2.51188643150958,0.668648817874378
2.1052631578947367,2.9473684210526314,0.09999999999999999,0.5002182341870433
2.1052631578947367,2.9473684210526314,0.11849068510006666,0.501342410506527
2.1052631578947367,2.9473684210526314,0.1404004245548316,0.5100542493881743
2.1052631578947367,2.9473684210526314,0.16636142493842218,0.5349290861861832
2.1052631578947367,2.9473684210526314,0.1971227921517696,0.5623798518605507
2.1052631578947367,2.9473684210526314,0.23357214690901223,0.5701878866595047
2.1052631578947367,2.9473684210526314,0.2767612370754227,0.5877724173144837
2.1052631578947367,2.9473684210526314,0.32793628590208806,0.6196704211486301
2.1052631578947367,2.9473684210526314,0.3885739518570975,0.6339553597401519
2.1052631578947367,2.9473684210526314,0.460423937675878,0.6354081549946274
2.1052631578947367,2.9473684210526314,0.5455594781168519,0.675298218336416
2.1052631578947367,2.9473684210526314,0.646437163249006,0.6955234236196726
2.1052631578947367,2.9473684210526314,0.7659678234751834,0.7084942854368487
2.1052631578947367,2.9473684210526314,0.907600521681814,0.7049982096233803
2.1052631578947367,2.9473684210526314,1.0754220761125606,0.7235613285554758
2.1052631578947367,2.9473684210526314,1.2742749857031335,0.7193907877874715
2.1052631578947367,2.9473684210526314,1.5098971606184193,0.7113521748531368
2.1052631578947367,2.9473684210526314,1.789087489923219,0.6992120991626714
2.1052631578947367,2.9473684210526314,2.1199020238496082,0.6734370862731341
2.1052631578947367,2.9473684210526314,2.51188643150958,0.6593197965213791
2.1052631578947367,3.2105263157894735,0.09999999999999999,0.5151656322833184
2.1052631578947367,3.2105263157894735,0.11849068510006666,0.49571971342900706
2.1052631578947367,3.2105263157894735,0.1404004245548316,0.5188909081791387
2.1052631578947367,3.2105263157894735,0.16636142493842218,0.5141547846006386
2.1052631578947367,3.2105263157894735,0.1971227921517696,0.5738119306013083
2.1052631578947367,3.2105263157894735,0.23357214690901223,0.5760325293586975
2.1052631578947367,3.2105263157894735,0.2767612370754227,0.5777423085515532
2.1052631578947367,3.2105263157894735,0.32793628590208806,0.5837574629380167
2.1052631578947367,3.2105263157894735,0.3885739518570975,0.620329481397825
2.1052631578947367,3.2105263157894735,0.460423937675878,0.6523884895284965
2.1052631578947367,3.2105263157894735,0.5455594781168519,0.6578759156853878
2.1052631578947367,3.2105263157894735,0.646437163249006,0.6570829119639529
2.1052631578947367,3.2105263157894735,0.7659678234751834,0.6902726771310292
2.1052631578947367,3.2105263157894735,0.907600521681814,0.7025958030557536
2.1052631578947367,3.2105263157894735,1.0754220761125606,0.6974359730070203
2.1052631578947367,3.2105263157894735,1.2742749857031335,0.6931257719344344
2.1052631578947367,3.2105263157894735,1.5098971606184193,0.701171754892911
2.1052631578947367,3.2105263157894735,1.789087489923219,0.6831169523889681
2.1052631578947367,3.2105263157894735,2.1199020238496082,0.668388624151796
2.1052631578947367,3.2105263157894735,2.51188643150958,0.6568479583323549
2.1052631578947367,3.473684210526316,0.09999999999999999,0.5040672408562753
2.1052631578947367,3.473684210526316,0.11849068510006666,0.4740682072134975
2.1052631578947367,3.473684210526316,0.1404004245548316,0.5142480991689772
2.1052631578947367,3.473684210526316,0.16636142493842218,0.5330833349097198
2.1052631578947367,3.473684210526316,0.1971227921517696,0.5265625460307399
2.1052631578947367,3.473684210526316,0.23357214690901223,0.5532691825212817
2.1052631578947367,3.473684210526316,0.2767612370754227,0.5731199477652167
2.1052631578947367,3.473684210526316,0.32793628590208806,0.5671870228991844
2.1052631578947367,3.473684210526316,0.3885739518570975,0.5999465848175853
2.1052631578947367,3.473684210526316,0.460423937675878,0.6225283302528568
2.1052631578947367,3.473684210526316,0.5455594781168519,0.6333565917930446
2.1052631578947367,3.473684210526316,0.646437163249006,0.647615949937288
2.1052631578947367,3.473684210526316,0.7659678234751834,0.6754883002476374
2.1052631578947367,3.473684210526316,0.907600521681814,0.6850385926649338
2.1052631578947367,3.473684210526316,1.0754220761125606,0.6914598625057418
2.1052631578947367,3.473684210526316,1.2742749857031335,0.6821650218154504
2.1052631578947367,3.473684210526316,1.5098971606184193,0.6961697326571842
2.1052631578947367,3.473684210526316,1.789087489923219,0.6821818609685402
2.1052631578947367,3.473684210526316,2.1199020238496082,0.6640175672972367
2.1052631578947367,3.473684210526316,2.51188643150958,0.6519011378704705
2.1052631578947367,3.7368421052631575,0.09999999999999999,0.4981969151732506
2.1052631578947367,3.7368421052631575,0.11849068510006666,0.49070907206225317
2.1052631578947367,3.7368421052631575,0.1404004245548316,0.5208560931327141
2.1052631578947367,3.7368421052631575,0.16636142493842218,0.5051207517227885
2.1052631578947367,3.7368421052631575,0.1971227921517696,0.5393248008624101
2.1052631578947367,3.7368421052631575,0.23357214690901223,0.537977657232512
2.1052631578947367,3.7368421052631575,0.2767612370754227,0.5510644909765892
2.1052631578947367,3.7368421052631575,0.32793628590208806,0.5744474859094524
2.1052631578947367,3.7368421052631575,0.3885739518570975,0.6083950448861655
2.1052631578947367,3.7368421052631575,0.460423937675878,0.6181451670041767
2.1052631578947367,3.7368421052631575,0.5455594781168519,0.6175999803903384
2.1052631578947367,3.7368421052631575,0.646437163249006,0.6551752114215875
2.1052631578947367,3.7368421052631575,0.7659678234751834,0.6641139564030705
2.1052631578947367,3.7368421052631575,0.907600521681814,0.6799261612885896
2.1052631578947367,3.7368421052631575,1.0754220761125606,0.6864513251196639
2.1052631578947367,3.7368421052631575,1.2742749857031335,0.681494222636438
2.1052631578947367,3.7368421052631575,1.5098971606184193,0.6874206284801695
2.1052631578947367,3.7368421052631575,1.789087489923219,0.6754168617023882
2.1052631578947367,3.7368421052631575,2.1199020238496082,0.6609950769247086
2.1052631578947367,3.7368421052631575,2.51188643150958,0.6480770938768834
2.1052631578947367,4.0,0.09999999999999999,0.47788820852024394
2.1052631578947367,4.0,0.11849068510006666,0.47091340429275885
2.1052631578947367,4.0,0.1404004245548316,0.4838912527153203
2.1052631578947367,4.0,0.16636142493842218,0.48942282406208426
2.1052631578947367,4.0,0.1971227921517696,0.5139079975617178
2.1052631578947367,4.0,0.23357214690901223,0.5092158979765846
2.1052631578947367,4.0,0.2767612370754227,0.5362447796436297
2.1052631578947367,4.0,0.32793628590208806,0.5636308653156721
2.1052631578947367,4.0,0.3885739518570975,0.5878048530179292
2.1052631578947367,4.0,0.460423937675878,0.607351137013543
2.1052631578947367,4.0,0.5455594781168519,0.6314426027584021
2.1052631578947367,4.0,0.646437163249006,0.6304859999119962
2.1052631578947367,4.0,0.7659678234751834,0.6630565093214146
2.1052631578947367,4.0,0.907600521681814,0.672431844214862
2.1052631578947367,4.0,1.0754220761125606,0.6660243545878801
2.1052631578947367,4.0,1.2742749857031335,0.6773134259452616
2.1052631578947367,4.0,1.5098971606184193,0.6733984199123627
2.1052631578947367,4.0,1.789087489923219,0.6706478466543079
2.1052631578947367,4.0,2.1199020238496082,0.6547886161961861
2.1052631578947367,4.0,2.51188643150958,0.6446892149104828
2.3157894736842106,-1.0,0.09999999999999999,0.6838426153495454
2.3157894736842106,-1.0,0.11849068510006666,0.6948010512352715
2.3157894736842106,-1.0,0.1404004245548316,0.7115532903802593
2.3157894736842106,-1.0,0.16636142493842218,0.7162666309137642
2.3157894736842106,-1.0,0.1971227921517696,0.7308370531394695
2.3157894736842106,-1.0,0.23357214690901223,0.7459067752837567
2.3157894736842106,-1.0,0.2767612370754227,0.7508449703588784
2.3157894736842106,-1.0,0.32793628590208806,0.7672719360689341
2.3157894736842106,-1.0,0.3885739518570975,0.7806667501914178
2.3157894736842106,-1.0,0.460423937675878,0.7980932820695201
2.3157894736842106,-1.0,0.5455594781168519,0.8046433133505865
2.3157894736842106,-1.0,0.646437163249006,0.7982190987588709
2.3157894736842106,-1.0,0.7659678234751834,0.7949340603319939
2.3157894736842106,-1.0,0.907600521681814,0.788376417765366
2.3157894736842106,-1.0,1.0754220761125606,0.7648695024741308
2.3157894736842106,-1.0,1.2742749857031335,0.7450084649795001
2.3157894736842106,-1.0,1.5098971606184193,0.7145414805408451
2.3157894736842106,-1.0,1.789087489923219,0.6903384384288633
2.3157894736842106,-1.0,2.1199020238496082,0.6679266331377676
2.3157894736842106,-1.0,2.51188643150958,0.6489481287302098
2.3157894736842106,-0.736842105263158,0.09999999999999999,0.6651819213162593
2.3157894736842106,-0.736842105263158,0.11849068510006666,0.7005405779232903
2.3157894736842106,-0.736842105263158,0.1404004245548316,0.6938939874990143
2.3157894736842106,-0.736842105263158,0.16636142493842218,0.719143639874068
2.3157894736842106,-0.736842105263158,0.1971227921517696,0.7228839008491854
2.3157894736842106,-0.736842105263158,0.23357214690901223,0.752585642727578
2.3157894736842106,-0.736842105263158,0.2767612370754227,0.7528548436919232
2.3157894736842106,-0.736842105263158,0.32793628590208806,0.7770984131201789
2.3157894736842106,-0.736842105263158,0.3885739518570975,0.7849399766336189
2.3157894736842106,-0.736842105263158,0.460423937675878,0.7905855952589644
2.3157894736842106,-0.736842105263158,0.5455594781168519,0.7988270165926545
2.3157894736842106,-0.736842105263158,0.646437163249006,0.8057944168510716
2.3157894736842106,-0.736842105263158,0.7659678234751834,0.7941216606999139
2.3157894736842106,-0.736842105263158,0.907600521681814,0.7844622405704669
2.3157894736842106,-0.736842105263158,1.0754220761125606,0.7677642471362917
2.3157894736842106,-0.736842105263158,1.2742749857031335,0.7431267815723497
2.3157894736842106,-0.736842105263158,1.5098971606184193,0.7169852191569763
2.3157894736842106,-0.736842105263158,1.789087489923219,0.6928389024852156
2.3157894736842106,-0.736842105263158,2.1199020238496082,0.6676684876584399
2.3157894736842106,-0.736842105263158,2.51188643150958,0.6472344263502392
2.3157894736842106,-0.4736842105263158,0.09999999999999999,0.6857776443152409
2.3157894736842106,-0.4736842105263158,0.11849068510006666,0.6875454536253223
2.3157894736842106,-0.4736842105263158,0.1404004245548316,0.6980008958946042
2.3157894736842106,-0.4736842105263158,0.16636142493842218,0.7181108985865388
2.3157894736842106,-0.4736842105263158,0.1971227921517696,0.7292419281094216
2.3157894736842106,-0.4736842105263158,0.23357214690901223,0.7428410326668543
2.3157894736842106,-0.4736842105263158,0.2767612370754227,0.7690407795793066
2.3157894736842106,-0.4736842105263158,0.32793628590208806,0.7727218313725669
2.3157894736842106,-0.4736842105263158,0.3885739518570975,0.7809701214812527
2.3157894736842106,-0.4736842105263158,0.460423937675878,0.7925164804466396
2.3157894736842106,-0.4736842105263158,0.5455594781168519,0.7958669543191337
2.3157894736842106,-0.4736842105263158,0.646437163249006,0.8022828387404685
2.3157894736842106,-0.4736842105263158,0.7659678234751834,0.8010330331383797
2.3157894736842106,-0.4736842105263158,0.907600521681814,0.7923504147230537
2.3157894736842106,-0.4736842105263158,1.0754220761125606,0.7646853632221128
2.3157894736842106,-0.4736842105263158,1.2742749857031335,0.7452560009716279
2.3157894736842106,-0.4736842105263158,1.5098971606184193,0.7228172130630149
2.3157894736842106,-0.4736842105263158,1.789087489923219,0.6932974873128591
2.3157894736842106,-0.4736842105263158,2.1199020238496082,0.6697483050422373
2.3157894736842106,-0.4736842105263158,2.51188643150958,0.6465184088103267
2.3157894736842106,-0.21052631578947367,0.09999999999999999,0.6854585564723726
2.3157894736842106,-0.21052631578947367,0.11849068510006666,0.6862480654897976
2.3157894736842106,-0.21052631578947367,0.1404004245548316,0.695700980322386
2.3157894736842106,-0.21052631578947367,0.16636142493842218,0.7284491798707117
2.3157894736842106,-0.21052631578947367,0.1971227921517696,0.7244245295059938
2.3157894736842106,-0.21052631578947367,0.23357214690901223,0.7609802044238971
2.3157894736842106,-0.21052631578947367,0.2767612370754227,0.7529881204730323
2.3157894736842106,-0.21052631578947367,0.32793628590208806,0.7658307825650866
2.3157894736842106,-0.21052631578947367,0.3885739518570975,0.7754732786453242
2.3157894736842106,-0.21052631578947367,0.460423937675878,0.8023128610076792
2.3157894736842106,-0.21052631578947367,0.5455594781168519,0.8015452718314399
2.3157894736842106,-0.21052631578947367,0.646437163249006,0.8060129012076099
2.3157894736842106,-0.21052631578947367,0.7659678234751834,0.7962641339745142
2.3157894736842106,-0.21052631578947367,0.907600521681814,0.7806576173723201
2.3157894736842106,-0.21052631578947367,1.0754220761125606,0.7624750558102557
2.3157894736842106,-0.21052631578947367,1.2742749857031335,0.7508552273745246
2.3157894736842106,-0.21052631578947367,1.5098971606184193,0.7187471540442353
2.3157894736842106,-0.21052631578947367,1.789087489923219,0.6935500066376261
2.3157894736842106,-0.21052631578947367,2.1199020238496082,0.6698569307853243
2.3157894736842106,-0.21052631578947367,2.51188643150958,0.6476348767487021
2.3157894736842106,0.05263157894736836,0.09999999999999999,0.6757057613029712
2.3157894736842106,0.05263157894736836,0.11849068510006666,0.6875173495235608
2.3157894736842106,0.05263157894736836,0.1404004245548316,0.6928897551405637
2.3157894736842106,0.05263157894736836,0.16636142493842218,0.7079394809814858
2.3157894736842106,0.05263157894736836,0.1971227921517696,0.7159937733711127
2.3157894736842106,0.05263157894736836,0.23357214690901223,0.7461639308182352
2.3157894736842106,0.05263157894736836,0.2767612370754227,0.7564563257347261
2.3157894736842106,0.05263157894736836,0.32793628590208806,0.7791256056191354
2.3157894736842106,0.05263157894736836,0.3885739518570975,0.7748922745445929
2.3157894736842106,0.05263157894736836,0.460423937675878,0.7858851049248298
2.3157894736842106,0.05263157894736836,0.5455594781168519,0.81395675926235
2.3157894736842106,0.05263157894736836,0.646437163249006,0.803173154980903
2.3157894736842106,0.05263157894736836,0.7659678234751834,0.7892187365416573
2.3157894736842106,0.05263157894736836,0.907600521681814,0.7814957018716469
2.3157894736842106,0.05263157894736836,1.0754220761125606,0.7645293662107207
2.3157894736842106,0.05263157894736836,1.2742749857031335,0.7481066424172701
2.3157894736842106,0.05263157894736836,1.5098971606184193,0.7175477287504967
2.3157894736842106,0.05263157894736836,1.789087489923219,0.6930118883839166
2.3157894736842106,0.05263157894736836,2.1199020238496082,0.6670190433897808
2.3157894736842106,0.05263157894736836,2.51188643150958,0.6491968208934042
2.3157894736842106,0.3157894736842104,0.09999999999999999,0.6866393924908251
2.3157894736842106,0.3157894736842104,0.11849068510006666,0.6886051401955012
2.3157894736842106,0.3157894736842104,0.1404004245548316,0.7049749577949799
2.3157894736842106,0.3157894736842104,0.16636142493842218,0.7136581679349545
2.3157894736842106,0.3157894736842104,0.1971227921517696,0.7320668851345299
2.3157894736842106,0.3157894736842104,0.23357214690901223,0.7409327658245749
2.3157894736842106,0.3157894736842104,0.2767612370754227,0.7586879361564697
2.3157894736842106,0.3157894736842104,0.32793628590208806,0.7753357412966964
2.3157894736842106,0.3157894736842104,0.3885739518570975,0.7747517270756344
2.3157894736842106,0.3157894736842104,0.460423937675878,0.7960471015041141
2.3157894736842106,0.3157894736842104,0.5455594781168519,0.7986634219978705
2.3157894736842106,0.3157894736842104,0.646437163249006,0.8005226300784795
2.3157894736842106,0.3157894736842104,0.7659678234751834,0.7881282155854447
2.3157894736842106,0.3157894736842104,0.907600521681814,0.7820431164834935
2.3157894736842106,0.3157894736842104,1.0754220761125606,0.7649006924824795
2.3157894736842106,0.3157894736842104,1.2742749857031335,0.7495438711434267
2.3157894736842106,0.3157894736842104,1.5098971606184193,0.7187529995737444
2.3157894736842106,0.3157894736842104,1.789087489923219,0.6936989547911592
2.3157894736842106,0.3157894736842104,2.1199020238496082,0.6698828029736369
2.3157894736842106,0.3157894736842104,2.51188643150958,0.6463477286434968
2.3157894736842106,0.5789473684210527,0.09999999999999999,0.6839343382770172
2.3157894736842106,0.5789473684210527,0.11849068510006666,0.6965233914922988
2.3157894736842106,0.5789473684210527,0.1404004245548316,0.7062243207358402
2.3157894736842106,0.5789473684210527,0.16636142493842218,0.7265478776316119
2.3157894736842106,0.5789473684210527,0.1971227921517696,0.7115345854457096
2.3157894736842106,0.5789473684210527,0.23357214690901223,0.7501973805848842
2.3157894736842106,0.5789473684210527,0.2767612370754227,0.7718675368746739
2.3157894736842106,0.5789473684210527,0.32793628590208806,0.7804251723657311
2.3157894736842106,0.5789473684210527,0.3885739518570975,0.7915601678050838
2.3157894736842106,0.5789473684210527,0.460423937675878,0.8058106678313868
2.3157894736842106,0.5789473684210527,0.5455594781168519,0.8050794610738685
2.3157894736842106,0.5789473684210527,0.646437163249006,0.7949490298097827
2.3157894736842106,0.5789473684210527,0.7659678234751834,0.7940699377649172
2.3157894736842106,0.5789473684210527,0.907600521681814,0.7881399512891756
2.3157894736842106,0.5789473684210527,1.0754220761125606,0.7698081355624887
2.3157894736842106,0.5789473684210527,1.2742749857031335,0.7419052116381838
2.3157894736842106,0.5789473684210527,1.5098971606184193,0.7132344149704801
2.3157894736842106,0.5789473684210527,1.789087489923219,0.6949481242789036
2.3157894736842106,0.5789473684210527,2.1199020238496082,0.6691469075116461
2.3157894736842106,0.5789473684210527,2.51188643150958,0.6494851823197105
2.3157894736842106,0.8421052631578947,0.09999999999999999,0.690023073916079
2.3157894736842106,0.8421052631578947,0.11849068510006666,0.6994254846273197
2.3157894736842106,0.8421052631578947,0.1404004245548316,0.7017209233075118
2.3157894736842106,0.8421052631578947,0.16636142493842218,0.7306383639713048
2.3157894736842106,0.8421052631578947,0.1971227921517696,0.7214693993062253
2.3157894736842106,0.8421052631578947,0.23357214690901223,0.7553343696246484
2.3157894736842106,0.8421052631578947,0.2767612370754227,0.7645030072316779
2.3157894736842106,0.8421052631578947,0.32793628590208806,0.7773571001641671
2.3157894736842106,0.8421052631578947,0.3885739518570975,0.794095867138752
2.3157894736842106,0.8421052631578947,0.460423937675878,0.796215327252199
2.3157894736842106,0.8421052631578947,0.5455594781168519,0.8143478557839147
2.3157894736842106,0.8421052631578947,0.646437163249006,0.805352476155134
2.3157894736842106,0.8421052631578947,0.7659678234751834,0.8026801004813519
2.3157894736842106,0.8421052631578947,0.907600521681814,0.7819368060948475
2.3157894736842106,0.8421052631578947,1.0754220761125606,0.7720202774635068
2.3157894736842106,0.8421052631578947,1.2742749857031335,0.7456841305800342
2.3157894736842106,0.8421052631578947,1.5098971606184193,0.7193588755688527
2.3157894736842106,0.8421052631578947,1.789087489923219,0.6933091207032638
2.3157894736842106,0.8421052631578947,2.1199020238496082,0.6729599490279927
2.3157894736842106,0.8421052631578947,2.51188643150958,0.6493923526231051
2.3157894736842106,1.1052631578947367,0.09999999999999999,0.6813798637669927
2.3157894736842106,1.1052631578947367,0.11849068510006666,0.7005420602276128
2.3157894736842106,1.1052631578947367,0.1404004245548316,0.7237877233377367
2.3157894736842106,1.1052631578947367,0.16636142493842218,0.7311140761662395
2.3157894736842106,1.1052631578947367,0.1971227921517696,0.7489733390886595
2.3157894736842106,1.1052631578947367,0.23357214690901223,0.7608942898806398
2.3157894736842106,1.1052631578947367,0.2767612370754227,0.7570277289181709
2.3157894736842106,1.1052631578947367,0.32793628590208806,0.7816550508298094
2.3157894736842106,1.1052631578947367,0.3885739518570975,0.7924617995728327
2.3157894736842106,1.1052631578947367,0.460423937675878,0.8000058818847864
2.3157894736842106,1.1052631578947367,0.5455594781168519,0.8170865427097931
2.3157894736842106,1.1052631578947367,0.646437163249006,0.8101397641072907
2.3157894736842106,1.1052631578947367,0.7659678234751834,0.7970473533685036
2.3157894736842106,1.1052631578947367,0.907600521681814,0.7865706031313715
2.3157894736842106,1.1052631578947367,1.0754220761125606,0.773906609822715
2.3157894736842106,1.1052631578947367,1.2742749857031335,0.7513715935139804
2.3157894736842106,1.1052631578947367,1.5098971606184193,0.7289048382259299
2.3157894736842106,1.1052631578947367,1.789087489923219,0.7015288853213676
2.3157894736842106,1.1052631578947367,2.1199020238496082,0.6760872272351782
2.3157894736842106,1.1052631578947367,2.51188643150958,0.6515974979766224
2.3157894736842106,1.3684210526315788,0.09999999999999999,0.6907092871262147
2.3157894736842106,1.3684210526315788,0.11849068510006666,0.7186747648517419
2.3157894736842106,1.3684210526315788,0.1404004245548316,0.7287710748485479
2.3157894736842106,1.3684210526315788,0.16636142493842218,0.7423797058793968
2.3157894736842106,1.3684210526315788,0.1971227921517696,0.7435942088237129
2.3157894736842106,1.3684210526315788,0.23357214690901223,0.7646671178236484
2.3157894736842106,1.3684210526315788,0.2767612370754227,0.7804095201504438
2.3157894736842106,1.3684210526315788,0.32793628590208806,0.7893446185399505
2.3157894736842106,1.3684210526315788,0.3885739518570975,0.7960044803557851
2.3157894736842106,1.3684210526315788,0.460423937675878,0.8126405117289883
2.3157894736842106,1.3684210526315788,0.5455594781168519,0.8282618617006443
2.3157894736842106,1.3684210526315788,0.646437163249006,0.8222469875767364
2.3157894736842106,1.3684210526315788,0.7659678234751834,0.809586496345652
2.3157894736842106,1.3684210526315788,0.907600521681814,0.7967619225984862
2.3157894736842106,1.3684210526315788,1.0754220761125606,0.7793578848261304
2.3157894736842106,1.3684210526315788,1.2742749857031335,0.7594562991777882
2.3157894736842106,1.3684210526315788,1.5098971606184193,0.7289275858415104
2.3157894736842106,1.3684210526315788,1.789087489923219,0.7063359824143144
2.3157894736842106,1.3684210526315788,2.1199020238496082,0.6829945412778192
2.3157894736842106,1.3684210526315788,2.51188643150958,0.6594921966382614
2.3157894736842106,1.6315789473684208,0.09999999999999999,0.7079757064542299
2.3157894736842106,1.6315789473684208,0.11849068510006666,0.714508754268211
2.3157894736842106,1.6315789473684208,0.1404004245548316,0.6974929348864096
2.3157894736842106,1.6315789473684208,0.16636142493842218,0.737547724759274
2.3157894736842106,1.6315789473684208,0.1971227921517696,0.7528650167306705
2.3157894736842106,1.6315789473684208,0.23357214690901223,0.7754300011602931
2.3157894736842106,1.6315789473684208,0.2767612370754227,0.7829659633984138
2.3157894736842106,1.6315789473684208,0.32793628590208806,0.7992706198190294
2.3157894736842106,1.6315789473684208,0.3885739518570975,0.8071959616929572
2.3157894736842106,1.6315789473684208,0.460423937675878,0.8307607282004201
2.3157894736842106,1.6315789473684208,0.5455594781168519,0.8281761051750185
2.3157894736842106,1.6315789473684208,0.646437163249006,0.825601670635876
2.3157894736842106,1.6315789473684208,0.7659678234751834,0.8206094057021296
2.3157894736842106,1.6315789473684208,0.907600521681814,0.8045342796421163
2.3157894736842106,1.6315789473684208,1.0754220761125606,0.789379762006618
2.3157894736842106,1.6315789473684208,1.2742749857031335,0.7659033455707845
2.3157894736842106,1.6315789473684208,1.5098971606184193,0.7435755757951873
2.3157894736842106,1.6315789473684208,1.789087489923219,0.7121951934705598
2.3157894736842106,1.6315789473684208,2.1199020238496082,0.6848726461805282
2.3157894736842106,1.6315789473684208,2.51188643150958,0.6612321339099964
2.3157894736842106,1.8947368421052628,0.09999999999999999,0.6873568136710688
2.3157894736842106,1.8947368421052628,0.11849068510006666,0.7094107887551848
2.3157894736842106,1.8947368421052628,0.1404004245548316,0.7054788000850647
2.3157894736842106,1.8947368421052628,0.16636142493842218,0.7256842780572403
2.3157894736842106,1.8947368421052628,0.1971227921517696,0.7602678294273552
2.3157894736842106,1.8947368421052628,0.23357214690901223,0.763739986849949
2.3157894736842106,1.8947368421052628,0.2767612370754227,0.7766015034590055
2.3157894736842106,1.8947368421052628,0.32793628590208806,0.7871163020723047
2.3157894736842106,1.8947368421052628,0.3885739518570975,0.7975936013946829
2.3157894736842106,1.8947368421052628,0.460423937675878,0.8160865754405987
2.3157894736842106,1.8947368421052628,0.5455594781168519,0.8320133301696216
2.3157894736842106,1.8947368421052628,0.646437163249006,0.8391848273836799
2.3157894736842106,1.8947368421052628,0.7659678234751834,0.8287381738266253
2.3157894736842106,1.8947368421052628,0.907600521681814,0.8118205292237585
2.3157894736842106,1.8947368421052628,1.0754220761125606,0.7969036041361505
2.3157894736842106,1.8947368421052628,1.2742749857031335,0.7671080563404901
2.3157894736842106,1.8947368421052628,1.5098971606184193,0.7508968338019364
2.3157894736842106,1.8947368421052628,1.789087489923219,0.7199408647191446
2.3157894736842106,1.8947368421052628,2.1199020238496082,0.6939408743003228
2.3157894736842106,1.8947368421052628,2.51188643150958,0.6691513925112318
2.3157894736842106,2.1578947368421053,0.09999999999999999,0.6360329198753504
2.3157894736842106,2.1578947368421053,0.11849068510006666,0.6538443368696503
2.3157894736842106,2.1578947368421053,0.1404004245548316,0.6726191896724686
2.3157894736842106,2.1578947368421053,0.16636142493842218,0.6815496844423361
2.3157894736842106,2.1578947368421053,0.1971227921517696,0.7052948819431308
2.3157894736842106,2.1578947368421053,0.23357214690901223,0.6982662319870907
2.3157894736842106,2.1578947368421053,0.2767612370754227,0.7454928187504689
2.3157894736842106,2.1578947368421053,0.32793628590208806,0.7639623492244634
2.3157894736842106,2.1578947368421053,0.3885739518570975,0.7669905553678735
2.3157894736842106,2.1578947368421053,0.460423937675878,0.7843978098589329
2.3157894736842106,2.1578947368421053,0.5455594781168519,0.8010828237548832
2.3157894736842106,2.1578947368421053,0.646437163249006,0.8077407174879649
2.3157894736842106,2.1578947368421053,0.7659678234751834,0.814333728909294
2.3157894736842106,2.1578947368421053,0.907600521681814,0.8021768701222226
2.3157894736842106,2.1578947368421053,1.0754220761125606,0.7939014551791556
2.3157894736842106,2.1578947368421053,1.2742749857031335,0.7763013132218554
2.3157894736842106,2.1578947368421053,1.5098971606184193,0.7516881077119208
2.3157894736842106,2.1578947368421053,1.789087489923219,0.729310382008239
2.3157894736842106,2.1578947368421053,2.1199020238496082,0.7044748774651937
2.3157894736842106,2.1578947368421053,2.51188643150958,0.6775628639800412
2.3157894736842106,2.4210526315789473,0.09999999999999999,0.5400076635112858
2.3157894736842106,2.4210526315789473,0.11849068510006666,0.5565904027499237
2.3157894736842106,2.4210526315789473,0.1404004245548316,0.5723644116122335
2.3157894736842106,2.4210526315789473,0.16636142493842218,0.578521377162008
2.3157894736842106,2.4210526315789473,0.1971227921517696,0.5986391629810989
2.3157894736842106,2.4210526315789473,0.23357214690901223,0.6160159617773168
2.3157894736842106,2.4210526315789473,0.2767612370754227,0.6675397250077705
2.3157894736842106,2.4210526315789473,0.32793628590208806,0.6701951512643577
2.3157894736842106,2.4210526315789473,0.3885739518570975,0.6828756557696877
2.3157894736842106,2.4210526315789473,0.460423937675878,0.7210902188246644
2.3157894736842106,2.4210526315789473,0.5455594781168519,0.7476916480558553
2.3157894736842106,2.4210526315789473,0.646437163249006,0.756597735109948
2.3157894736842106,2.4210526315789473,0.7659678234751834,0.7710191714061108
2.3157894736842106,2.4210526315789473,0.907600521681814,0.777555899550427
2.3157894736842106,2.4210526315789473,1.0754220761125606,0.7859205745132102
2.3157894736842106,2.4210526315789473,1.2742749857031335,0.7718831485194375
2.3157894736842106,2.4210526315789473,1.5098971606184193,0.752096113793589
2.3157894736842106,2.4210526315789473,1.789087489923219,0.7282902664478542
2.3157894736842106,2.4210526315789473,2.1199020238496082,0.7035217658427891
2.3157894736842106,2.4210526315789473,2.51188643150958,0.6814751964459079
2.3157894736842106,2.6842105263157894,0.09999999999999999,0.4902455040527604
2.3157894736842106,2.6842105263157894,0.11849068510006666,0.5004742744364258
2.3157894736842106,2.6842105263157894,0.1404004245548316,0.5201197599085148
2.3157894736842106,2.6842105263157894,0.16636142493842218,0.5394558596337038
2.3157894736842106,2.6842105263157894,0.1971227921517696,0.5789428038318509
2.3157894736842106,2.6842105263157894,0.23357214690901223,0.5887486717129535
2.3157894736842106,2.6842105263157894,0.2767612370754227,0.6087442612583266
2.3157894736842106,2.6842105263157894,0.32793628590208806,0.6413707685057264
2.3157894736842106,2.6842105263157894,0.3885739518570975,0.6557891431059246
2.3157894736842106,2.6842105263157894,0.460423937675878,0.6895706448447277
2.3157894736842106,2.6842105263157894,0.5455594781168519,0.711676666428229
2.3157894736842106,2.6842105263157894,0.646437163249006,0.7271520147141443
2.3157894736842106,2.6842105263157894,0.7659678234751834,0.7331581094523474
2.3157894736842106,2.6842105263157894,0.907600521681814,0.7559219306768965
2.3157894736842106,2.6842105263157894,1.0754220761125606,0.7424217163057586
2.3157894736842106,2.6842105263157894,1.2742749857031335,0.7453644658093838
2.3157894736842106,2.6842105263157894,1.5098971606184193,0.7316702048829204
2.3157894736842106,2.6842105263157894,1.789087489923219,0.7134760093588435
2.3157894736842106,2.6842105263157894,2.1199020238496082,0.6943170875775928
2.3157894736842106,2.6842105263157894,2.51188643150958,0.67410324583463
2.3157894736842106,2.9473684210526314,0.09999999999999999,0.5068903438944845
2.3157894736842106,2.9473684210526314,0.11849068510006666,0.5053456004669897
2.3157894736842106,2.9473684210526314,0.1404004245548316,0.5254697391978022
2.3157894736842106,2.9473684210526314,0.16636142493842218,0.5462691174281606
2.3157894736842106,2.9473684210526314,0.1971227921517696,0.554445654925894
2.3157894736842106,2.9473684210526314,0.23357214690901223,0.5713571191344212
2.3157894736842106,2.9473684210526314,0.2767612370754227,0.5839661168533051
2.3157894736842106,2.9473684210526314,0.32793628590208806,0.6222405002524867
2.3157894736842106,2.9473684210526314,0.3885739518570975,0.6381760811426722
2.3157894736842106,2.9473684210526314,0.460423937675878,0.6433019111861551
2.3157894736842106,2.9473684210526314,0.5455594781168519,0.6773909220098812
2.3157894736842106,2.9473684210526314,0.646437163249006,0.6965635736773342
2.3157894736842106,2.9473684210526314,0.7659678234751834,0.7229833799459092
2.3157894736842106,2.9473684210526314,0.907600521681814,0.7299573972222747
2.3157894736842106,2.9473684210526314,1.0754220761125606,0.7341903128029785
2.3157894736842106,2.9473684210526314,1.2742749857031335,0.7296364841908859
2.3157894736842106,2.9473684210526314,1.5098971606184193,0.7236324331056164
2.3157894736842106,2.9473684210526314,1.789087489923219,0.7021575098747513
2.3157894736842106,2.9473684210526314,2.1199020238496082,0.6850721310656406
2.3157894736842106,2.9473684210526314,2.51188643150958,0.666419176515487
2.3157894736842106,3.2105263157894735,0.09999999999999999,0.5231459291860995
2.3157894736842106,3.2105263157894735,0.11849068510006666,0.5242783529765782
2.3157894736842106,3.2105263157894735,0.1404004245548316,0.5022453700715153
2.3157894736842106,3.2105263157894735,0.16636142493842218,0.5390014621218643
2.3157894736842106,3.2105263157894735,0.1971227921517696,0.5746275952012944
2.3157894736842106,3.2105263157894735,0.23357214690901223,0.5567544250882682
2.3157894736842106,3.2105263157894735,0.2767612370754227,0.582553121597722
2.3157894736842106,3.2105263157894735,0.32793628590208806,0.5922995473581915
2.3157894736842106,3.2105263157894735,0.3885739518570975,0.6237484542212022
2.3157894736842106,3.2105263157894735,0.460423937675878,0.651111188181459
2.3157894736842106,3.2105263157894735,0.5455594781168519,0.6470202431605196
2.3157894736842106,3.2105263157894735,0.646437163249006,0.684549760042346
2.3157894736842106,3.2105263157894735,0.7659678234751834,0.701605565099779
2.3157894736842106,3.2105263157894735,0.907600521681814,0.7068250565312855
2.3157894736842106,3.2105263157894735,1.0754220761125606,0.7122309373433755
2.3157894736842106,3.2105263157894735,1.2742749857031335,0.7112869212397365
2.3157894736842106,3.2105263157894735,1.5098971606184193,0.7009864958860915
2.3157894736842106,3.2105263157894735,1.789087489923219,0.6943281708927124
2.3157894736842106,3.2105263157894735,2.1199020238496082,0.6742481732589493
2.3157894736842106,3.2105263157894735,2.51188643150958,0.6595426140158569
2.3157894736842106,3.473684210526316,0.09999999999999999,0.501255816621403
2.3157894736842106,3.473684210526316,0.11849068510006666,0.5144369836082722
2.3157894736842106,3.473684210526316,0.1404004245548316,0.5213312700415689
2.3157894736842106,3.473684210526316,0.16636142493842218,0.5118511202994918
2.3157894736842106,3.473684210526316,0.1971227921517696,0.5385160450026442
2.3157894736842106,3.473684210526316,0.23357214690901223,0.5858167830321063
2.3157894736842106,3.473684210526316,0.2767612370754227,0.5640842868636111
2.3157894736842106,3.473684210526316,0.32793628590208806,0.6077400211901848
2.3157894736842106,3.473684210526316,0.3885739518570975,0.6086280718082144
2.3157894736842106,3.473684210526316,0.460423937675878,0.6349708602757687
2.3157894736842106,3.473684210526316,0.5455594781168519,0.6557203693001405
2.3157894736842106,3.473684210526316,0.646437163249006,0.6707819852728808
2.3157894736842106,3.473684210526316,0.7659678234751834,0.6717141066177208
2.3157894736842106,3.473684210526316,0.907600521681814,0.6895405639839156
2.3157894736842106,3.473684210526316,1.0754220761125606,0.6963136428159445
2.3157894736842106,3.473684210526316,1.2742749857031335,0.7052488179240859
2.3157894736842106,3.473684210526316,1.5098971606184193,0.693486353348436
2.3157894736842106,3.473684210526316,1.789087489923219,0.6853695765462012
2.3157894736842106,3.473684210526316,2.1199020238496082,0.6686908518736474
2.3157894736842106,3.473684210526316,2.51188643150958,0.651775385855742
2.3157894736842106,3.7368421052631575,0.09999999999999999,0.5244434035663649
2.3157894736842106,3.7368421052631575,0.11849068510006666,0.4896322283552554
2.3157894736842106,3.7368421052631575,0.1404004245548316,0.49041827927544457
2.3157894736842106,3.7368421052631575,0.16636142493842218,0.5274922610540946
2.3157894736842106,3.7368421052631575,0.1971227921517696,0.5312401657785688
2.3157894736842106,3.7368421052631575,0.23357214690901223,0.571941802722012
2.3157894736842106,3.7368421052631575,0.2767612370754227,0.5534495252506475
2.3157894736842106,3.7368421052631575,0.32793628590208806,0.5710151081367235
2.3157894736842106,3.7368421052631575,0.3885739518570975,0.6002669388707447
2.3157894736842106,3.7368421052631575,0.460423937675878,0.6203515507437523
2.3157894736842106,3.7368421052631575,0.5455594781168519,0.6403463376633642
2.3157894736842106,3.7368421052631575,0.646437163249006,0.6566215384587346
2.3157894736842106,3.7368421052631575,0.7659678234751834,0.6660656403663604
2.3157894736842106,3.7368421052631575,0.907600521681814,0.6824195255041006
2.3157894736842106,3.7368421052631575,1.0754220761125606,0.6888740830314121
2.3157894736842106,3.7368421052631575,1.2742749857031335,0.6973875613914743
2.3157894736842106,3.7368421052631575,1.5098971606184193,0.6837249164593753
2.3157894736842106,3.7368421052631575,1.789087489923219,0.6753608023401466
2.3157894736842106,3.7368421052631575,2.1199020238496082,0.6629193700281831
2.3157894736842106,3.7368421052631575,2.51188643150958,0.64904840047092
2.3157894736842106,4.0,0.09999999999999999,0.4826816785309901
2.3157894736842106,4.0,0.11849068510006666,0.48112269903809063
2.3157894736842106,4.0,0.1404004245548316,0.501738539055534
2.3157894736842106,4.0,0.16636142493842218,0.4865499484006518
2.3157894736842106,4.0,0.1971227921517696,0.5182631872479028
2.3157894736842106,4.0,0.23357214690901223,0.5392602744271243
2.3157894736842106,4.0,0.2767612370754227,0.5566399377869519
2.3157894736842106,4.0,0.32793628590208806,0.5687677331814577
2.3157894736842106,4.0,0.3885739518570975,0.6116799023068388
2.3157894736842106,4.0,0.460423937675878,0.6144162035810299
2.3157894736842106,4.0,0.5455594781168519,0.6291056862534675
2.3157894736842106,4.0,0.646437163249006,0.6482623344076638
2.3157894736842106,4.0,0.7659678234751834,0.6795254675311706
2.3157894736842106,4.0,0.907600521681814,0.6765163019696759
2.3157894736842106,4.0,1.0754220761125606,0.6755478639847936
2.3157894736842106,4.0,1.2742749857031335,0.6768670742715863
2.3157894736842106,4.0,1.5098971606184193,0.6836532370251647
2.3157894736842106,4.0,1.789087489923219,0.6695339913898691
2.3157894736842106,4.0,2.1199020238496082,0.6604231422842541
2.3157894736842106,4.0,2.51188643150958,0.6468528677968456
2.526315789473684,-1.0,0.09999999999999999,0.6762883902226794
2.526315789473684,-1.0,0.11849068510006666,0.6937317520795078
2.526315789473684,-1.0,0.1404004245548316,0.693739918991323
2.526315789473684,-1.0,0.16636142493842218,0.7158204278468604
2.526315789473684,-1.0,0.1971227921517696,0.7300655633135807
2.526315789473684,-1.0,0.23357214690901223,0.757039720914608
2.526315789473684,-1.0,0.2767612370754227,0.7553097512802976
2.526315789473684,-1.0,0.32793628590208806,0.7837818958901542
2.526315789473684,-1.0,0.3885739518570975,0.7758348194941688
2.526315789473684,-1.0,0.460423937675878,0.7983625832390379
2.526315789473684,-1.0,0.5455594781168519,0.797444603328905
2.526315789473684,-1.0,0.646437163249006,0.7982279864334988
2.526315789473684,-1.0,0.7659678234751834,0.7904491300850686
2.526315789473684,-1.0,0.907600521681814,0.7825504299069603
2.526315789473684,-1.0,1.0754220761125606,0.7612741950557219
2.526315789473684,-1.0,1.2742749857031335,0.7425477362982411
2.526315789473684,-1.0,1.5098971606184193,0.7214875526293899
2.526315789473684,-1.0,1.789087489923219,0.6940129156811585
2.526315789473684,-1.0,2.1199020238496082,0.670424990138558
2.526315789473684,-1.0,2.51188643150958,0.648007908448627
2.526315789473684,-0.736842105263158,0.09999999999999999,0.6833423497382941
2.526315789473684,-0.736842105263158,0.11849068510006666,0.6984694655694562
2.526315789473684,-0.736842105263158,0.1404004245548316,0.7105862380255261
2.526315789473684,-0.736842105263158,0.16636142493842218,0.7185363415785222
2.526315789473684,-0.736842105263158,0.1971227921517696,0.7319945552383432
2.526315789473684,-0.736842105263158,0.23357214690901223,0.7383654303177676
2.526315789473684,-0.736842105263158,0.2767612370754227,0.7556058417041673
2.526315789473684,-0.736842105263158,0.32793628590208806,0.7647833206583936
2.526315789473684,-0.736842105263158,0.3885739518570975,0.7873231127041276
2.526315789473684,-0.736842105263158,0.460423937675878,0.7991002843968633
2.526315789473684,-0.736842105263158,0.5455594781168519,0.8118788622372112
2.526315789473684,-0.736842105263158,0.646437163249006,0.807734489028946
2.526315789473684,-0.736842105263158,0.7659678234751834,0.7964412116291484
2.526315789473684,-0.736842105263158,0.907600521681814,0.7853943651345102
2.526315789473684,-0.736842105263158,1.0754220761125606,0.7620424730415897
2.526315789473684,-0.736842105263158,1.2742749857031335,0.7447708363969057
2.526315789473684,-0.736842105263158,1.5098971606184193,0.7247426517789847
2.526315789473684,-0.736842105263158,1.789087489923219,0.6927729774812486
2.526315789473684,-0.736842105263158,2.1199020238496082,0.672729631942305
2.526315789473684,-0.736842105263158,2.51188643150958,0.6503626455417314
2.526315789473684,-0.4736842105263158,0.09999999999999999,0.6736432508698733
2.526315789473684,-0.4736842105263158,0.11849068510006666,0.6919532059837421
2.526315789473684,-0.4736842105263158,0.1404004245548316,0.7147560246013948
2.526315789473684,-0.4736842105263158,0.16636142493842218,0.7203444609161358
2.526315789473684,-0.4736842105263158,0.1971227921517696,0.7298466662770396
2.526315789473684,-0.4736842105263158,0.23357214690901223,0.7441665881738234
2.526315789473684,-0.4736842105263158,0.2767612370754227,0.7503036598875755
2.526315789473684,-0.4736842105263158,0.32793628590208806,0.7630435215188601
2.526315789473684,-0.4736842105263158,0.3885739518570975,0.7903714999533769
2.526315789473684,-0.4736842105263158,0.460423937675878,0.7925380007386417
2.526315789473684,-0.4736842105263158,0.5455594781168519,0.7973992852484636
2.526315789473684,-0.4736842105263158,0.646437163249006,0.8009605704835154
2.526315789473684,-0.4736842105263158,0.7659678234751834,0.7948662919950374
2.526315789473684,-0.4736842105263158,0.907600521681814,0.779633025298895
2.526315789473684,-0.4736842105263158,1.0754220761125606,0.7676260889205333
2.526315789473684,-0.4736842105263158,1.2742749857031335,0.7417303255491823
2.526315789473684,-0.4736842105263158,1.5098971606184193,0.7202488912708708
2.526315789473684,-0.4736842105263158,1.789087489923219,0.6938427586761183
2.526315789473684,-0.4736842105263158,2.1199020238496082,0.6699567603028201
2.526315789473684,-0.4736842105263158,2.51188643150958,0.6472798264915146
2.526315789473684,-0.21052631578947367,0.09999999999999999,0.667168544635894
2.526315789473684,-0.21052631578947367,0.11849068510006666,0.6897590322960621
2.526315789473684,-0.21052631578947367,0.1404004245548316,0.6934902231726069
2.526315789473684,-0.21052631578947367,0.16636142493842218,0.7153522277490161
2.526315789473684,-0.21052631578947367,0.1971227921517696,0.7237298146846429
2.526315789473684,-0.21052631578947367,0.23357214690901223,0.7413274063080315
2.526315789473684,-0.21052631578947367,0.2767612370754227,0.7516209367251099
2.526315789473684,-0.21052631578947367,0.32793628590208806,0.7784672224703086
2.526315789473684,-0.21052631578947367,0.3885739518570975,0.7883120281709978
2.526315789473684,-0.21052631578947367,0.460423937675878,0.7954396449871118
2.526315789473684,-0.21052631578947367,0.5455594781168519,0.8055057468480096
2.526315789473684,-0.21052631578947367,0.646437163249006,0.8046011672544816
2.526315789473684,-0.21052631578947367,0.7659678234751834,0.7978603729161587
2.526315789473684,-0.21052631578947367,0.907600521681814,0.7882973195749686
2.526315789473684,-0.21052631578947367,1.0754220761125606,0.7737546529864179
2.526315789473684,-0.21052631578947367,1.2742749857031335,0.7454255653765142
2.526315789473684,-0.21052631578947367,1.5098971606184193,0.7197995838989395
2.526315789473684,-0.21052631578947367,1.789087489923219,0.693547484439455
2.526315789473684,-0.21052631578947367,2.1199020238496082,0.6668806100597917
2.526315789473684,-0.21052631578947367,2.51188643150958,0.6481944389016309
2.526315789473684,0.05263157894736836,0.09999999999999999,0.6779512341187083
2.526315789473684,0.05263157894736836,0.11849068510006666,0.673739635253384
2.526315789473684,0.05263157894736836,0.1404004245548316,0.7022019895717191
2.526315789473684,0.05263157894736836,0.16636142493842218,0.7240652090259095
2.526315789473684,0.05263157894736836,0.1971227921517696,0.7301547253587661
2.526315789473684,0.05263157894736836,0.23357214690901223,0.7410445098491589
2.526315789473684,0.05263157894736836,0.2767612370754227,0.7528481541348732
2.526315789473684,0.05263157894736836,0.32793628590208806,0.7635390064546814
2.526315789473684,0.05263157894736836,0.3885739518570975,0.7803803031152434
2.526315789473684,0.05263157894736836,0.460423937675878,0.7991004397800318
2.526315789473684,0.05263157894736836,0.5455594781168519,0.7990949351869833
2.526315789473684,0.05263157894736836,0.646437163249006,0.8044365998252561
2.526315789473684,0.05263157894736836,0.7659678234751834,0.786317931695729
2.526315789473684,0.05263157894736836,0.907600521681814,0.7787451398535573
2.526315789473684,0.05263157894736836,1.0754220761125606,0.7688788796644115
2.526315789473684,0.05263157894736836,1.2742749857031335,0.7411766243737913
2.526315789473684,0.05263157894736836,1.5098971606184193,0.7189355825006261
2.526315789473684,0.05263157894736836,1.789087489923219,0.695152036391
2.526315789473684,0.05263157894736836,2.1199020238496082,0.668763994049216
2.526315789473684,0.05263157894736836,2.51188643150958,0.6491478289446047
2.526315789473684,0.3157894736842104,0.09999999999999999,0.6747527360894169
2.526315789473684,0.3157894736842104,0.11849068510006666,0.7045888690848909
2.526315789473684,0.3157894736842104,0.1404004245548316,0.7077702431767189
2.526315789473684,0.3157894736842104,0.16636142493842218,0.7164846761910945
2.526315789473684,0.3157894736842104,0.1971227921517696,0.739821296827037
2.526315789473684,0.3157894736842104,0.23357214690901223,0.7473710477223998
2.526315789473684,0.3157894736842104,0.2767612370754227,0.7551516084133275
2.526315789473684,0.3157894736842104,0.32793628590208806,0.7633704428518907
2.526315789473684,0.3157894736842104,0.3885739518570975,0.7850535527347434
2.526315789473684,0.3157894736842104,0.460423937675878,0.7997867836701834
2.526315789473684,0.3157894736842104,0.5455594781168519,0.8001076108506906
2.526315789473684,0.3157894736842104,0.646437163249006,0.796726737101964
2.526315789473684,0.3157894736842104,0.7659678234751834,0.8010315942897707
2.526315789473684,0.3157894736842104,0.907600521681814,0.788841690721679
2.526315789473684,0.3157894736842104,1.0754220761125606,0.7664973219371038
2.526315789473684,0.3157894736842104,1.2742749857031335,0.7384224377209704
2.526315789473684,0.3157894736842104,1.5098971606184193,0.7191739119649923
2.526315789473684,0.3157894736842104,1.789087489923219,0.6919786556548579
2.526315789473684,0.3157894736842104,2.1199020238496082,0.6686083396624416
2.526315789473684,0.3157894736842104,2.51188643150958,0.6475755076644489
2.526315789473684,0.5789473684210527,0.09999999999999999,0.6826905082103776
2.526315789473684,0.5789473684210527,0.11849068510006666,0.690895214824197
2.526315789473684,0.5789473684210527,0.1404004245548316,0.7110113613251866
2.526315789473684,0.5789473684210527,0.16636142493842218,0.7203121612216608
2.526315789473684,0.5789473684210527,0.1971227921517696,0.722968462543381
2.526315789473684,0.5789473684210527,0.23357214690901223,0.7393316646258238
2.526315789473684,0.5789473684210527,0.2767612370754227,0.7638213024718176
2.526315789473684,0.5789473684210527,0.32793628590208806,0.7767293180808389
2.526315789473684,0.5789473684210527,0.3885739518570975,0.7894861900993813
2.526315789473684,0.5789473684210527,0.460423937675878,0.7913599350167063
2.526315789473684,0.5789473684210527,0.5455594781168519,0.8101912609067468
2.526315789473684,0.5789473684210527,0.646437163249006,0.8056531187293452
2.526315789473684,0.5789473684210527,0.7659678234751834,0.7932347277662867
2.526315789473684,0.5789473684210527,0.907600521681814,0.7821047330511852
2.526315789473684,0.5789473684210527,1.0754220761125606,0.767614263050975
2.526315789473684,0.5789473684210527,1.2742749857031335,0.7478383325455852
2.526315789473684,0.5789473684210527,1.5098971606184193,0.7200525171858039
2.526315789473684,0.5789473684210527,1.789087489923219,0.6934817085132189
2.526315789473684,0.5789473684210527,2.1199020238496082,0.6705698026004371
2.526315789473684,0.5789473684210527,2.51188643150958,0.6496746805409989
2.526315789473684,0.8421052631578947,0.09999999999999999,0.6926700867989383
2.526315789473684,0.8421052631578947,0.11849068510006666,0.6992529331492516
2.526315789473684,0.8421052631578947,0.1404004245548316,0.7040977720624557
2.526315789473684,0.8421052631578947,0.16636142493842218,0.725942717660616
2.526315789473684,0.8421052631578947,0.1971227921517696,0.7384132602634492
2.526315789473684,0.8421052631578947,0.23357214690901223,0.739840167077722
2.526315789473684,0.8421052631578947,0.2767612370754227,0.7602254050855548
2.526315789473684,0.8421052631578947,0.32793628590208806,0.7761781914151464
2.526315789473684,0.8421052631578947,0.3885739518570975,0.7972256364119049
2.526315789473684,0.8421052631578947,0.460423937675878,0.8052921029558777
2.526315789473684,0.8421052631578947,0.5455594781168519,0.8013535140388813
2.526315789473684,0.8421052631578947,0.646437163249006,0.8025068021877723
2.526315789473684,0.8421052631578947,0.7659678234751834,0.7954909973188979
2.526315789473684,0.8421052631578947,0.907600521681814,0.7842586183583686
2.526315789473684,0.8421052631578947,1.0754220761125606,0.7631473657278827
2.526315789473684,0.8421052631578947,1.2742749857031335,0.7416562151953228
2.526315789473684,0.8421052631578947,1.5098971606184193,0.7237702531124339
2.526315789473684,0.8421052631578947,1.789087489923219,0.6944940658034956
2.526315789473684,0.8421052631578947,2.1199020238496082,0.6715356661663163
2.526315789473684,0.8421052631578947,2.51188643150958,0.6501010534961025
2.526315789473684,1.1052631578947367,0.09999999999999999,0.6772986271673859
2.526315789473684,1.1052631578947367,0.11849068510006666,0.6933572589434067
2.526315789473684,1.1052631578947367,0.1404004245548316,0.7182543731432329
2.526315789473684,1.1052631578947367,0.16636142493842218,0.7349429264643124
2.526315789473684,1.1052631578947367,0.1971227921517696,0.7376612437786709
2.526315789473684,1.1052631578947367,0.23357214690901223,0.7647147981777083
2.526315789473684,1.1052631578947367,0.2767612370754227,0.7635279027261747
2.526315789473684,1.1052631578947367,0.32793628590208806,0.7746907539737049
2.526315789473684,1.1052631578947367,0.3885739518570975,0.7958747779675018
2.526315789473684,1.1052631578947367,0.460423937675878,0.8042946656839068
2.526315789473684,1.1052631578947367,0.5455594781168519,0.811109746435608
2.526315789473684,1.1052631578947367,0.646437163249006,0.8065196710573671
2.526315789473684,1.1052631578947367,0.7659678234751834,0.8035057487992788
2.526315789473684,1.1052631578947367,0.907600521681814,0.7922970699230231
2.526315789473684,1.1052631578947367,1.0754220761125606,0.767726170837639
2.526315789473684,1.1052631578947367,1.2742749857031335,0.7504174251778231
2.526315789473684,1.1052631578947367,1.5098971606184193,0.7200490928419384
2.526315789473684,1.1052631578947367,1.789087489923219,0.6965734648965317
2.526315789473684,1.1052631578947367,2.1199020238496082,0.6722694049371756
2.526315789473684,1.1052631578947367,2.51188643150958,0.6500901625512253
2.526315789473684,1.3684210526315788,0.09999999999999999,0.6937485112052295
2.526315789473684,1.3684210526315788,0.11849068510006666,0.7035415546885495
2.526315789473684,1.3684210526315788,0.1404004245548316,0.7206577124659341
2.526315789473684,1.3684210526315788,0.16636142493842218,0.7270503181503242
2.526315789473684,1.3684210526315788,0.1971227921517696,0.7416765590815918
2.526315789473684,1.3684210526315788,0.23357214690901223,0.7607354034538536
2.526315789473684,1.3684210526315788,0.2767612370754227,0.784445758610648
2.526315789473684,1.3684210526315788,0.32793628590208806,0.7899648760707497
2.526315789473684,1.3684210526315788,0.3885739518570975,0.7891770792205427
2.526315789473684,1.3684210526315788,0.460423937675878,0.8004312806404427
2.526315789473684,1.3684210526315788,0.5455594781168519,0.802429586217119
2.526315789473684,1.3684210526315788,0.646437163249006,0.8085020189127173
2.526315789473684,1.3684210526315788,0.7659678234751834,0.8127469060431338
2.526315789473684,1.3684210526315788,0.907600521681814,0.7910863184315952
2.526315789473684,1.3684210526315788,1.0754220761125606,0.7779079406851321
2.526315789473684,1.3684210526315788,1.2742749857031335,0.7467285750923945
2.526315789473684,1.3684210526315788,1.5098971606184193,0.7240374802392908
2.526315789473684,1.3684210526315788,1.789087489923219,0.7011034577650583
2.526315789473684,1.3684210526315788,2.1199020238496082,0.6747991284783865
2.526315789473684,1.3684210526315788,2.51188643150958,0.6514189945408355
2.526315789473684,1.6315789473684208,0.09999999999999999,0.7235847831332113
2.526315789473684,1.6315789473684208,0.11849068510006666,0.7180060034015426
2.526315789473684,1.6315789473684208,0.1404004245548316,0.728401514776567
2.526315789473684,1.6315789473684208,0.16636142493842218,0.7478798284774929
2.526315789473684,1.6315789473684208,0.1971227921517696,0.7577353814262305
2.526315789473684,1.6315789473684208,0.23357214690901223,0.7680740845106511
2.526315789473684,1.6315789473684208,0.2767612370754227,0.7838046747964624
2.526315789473684,1.6315789473684208,0.32793628590208806,0.8033609362482972
2.526315789473684,1.6315789473684208,0.3885739518570975,0.8046095637355465
2.526315789473684,1.6315789473684208,0.460423937675878,0.8162562177367916
2.526315789473684,1.6315789473684208,0.5455594781168519,0.8180239755663903
2.526315789473684,1.6315789473684208,0.646437163249006,0.821401040240438
2.526315789473684,1.6315789473684208,0.7659678234751834,0.8137770002686688
2.526315789473684,1.6315789473684208,0.907600521681814,0.8014441809215904
2.526315789473684,1.6315789473684208,1.0754220761125606,0.78251100592187
2.526315789473684,1.6315789473684208,1.2742749857031335,0.7602992414116888
2.526315789473684,1.6315789473684208,1.5098971606184193,0.7306201419415527
2.526315789473684,1.6315789473684208,1.789087489923219,0.7051706729934566
2.526315789473684,1.6315789473684208,2.1199020238496082,0.680235333273327
2.526315789473684,1.6315789473684208,2.51188643150958,0.657005771604975
2.526315789473684,1.8947368421052628,0.09999999999999999,0.7215936578254251
2.526315789473684,1.8947368421052628,0.11849068510006666,0.7057156907040921
2.526315789473684,1.8947368421052628,0.1404004245548316,0.7330039407263851
2.526315789473684,1.8947368421052628,0.16636142493842218,0.7333822962501635
2.526315789473684,1.8947368421052628,0.1971227921517696,0.7489798058877094
2.526315789473684,1.8947368421052628,0.23357214690901223,0.7551832440105583
2.526315789473684,1.8947368421052628,0.2767612370754227,0.7868516802651175
2.526315789473684,1.8947368421052628,0.32793628590208806,0.7966829326836131
2.526315789473684,1.8947368421052628,0.3885739518570975,0.8052864396671553
2.526315789473684,1.8947368421052628,0.460423937675878,0.8329589153593633
2.526315789473684,1.8947368421052628,0.5455594781168519,0.8287993874689553
2.526315789473684,1.8947368421052628,0.646437163249006,0.8279588617418716
2.526315789473684,1.8947368421052628,0.7659678234751834,0.8178750602996894
2.526315789473684,1.8947368421052628,0.907600521681814,0.8080508407856853
2.526315789473684,1.8947368421052628,1.0754220761125606,0.7896469359775922
2.526315789473684,1.8947368421052628,1.2742749857031335,0.7694755935001425
2.526315789473684,1.8947368421052628,1.5098971606184193,0.7430434681218958
2.526315789473684,1.8947368421052628,1.789087489923219,0.7128795161358931
2.526315789473684,1.8947368421052628,2.1199020238496082,0.6889562663582389
2.526315789473684,1.8947368421052628,2.51188643150958,0.6621928239682903
2.526315789473684,2.1578947368421053,0.09999999999999999,0.6933481715719922
2.526315789473684,2.1578947368421053,0.11849068510006666,0.7076763738278924
2.526315789473684,2.1578947368421053,0.1404004245548316,0.7105958168092142
2.526315789473684,2.1578947368421053,0.16636142493842218,0.7141253631700897
2.526315789473684,2.1578947368421053,0.1971227921517696,0.7279733477389236
2.526315789473684,2.1578947368421053,0.23357214690901223,0.7466692390393034
2.526315789473684,2.1578947368421053,0.2767612370754227,0.7586313279145183
2.526315789473684,2.1578947368421053,0.32793628590208806,0.7783726230080665
2.526315789473684,2.1578947368421053,0.3885739518570975,0.8065155506997123
2.526315789473684,2.1578947368421053,0.460423937675878,0.8041260689984571
2.526315789473684,2.1578947368421053,0.5455594781168519,0.814371188341076
2.526315789473684,2.1578947368421053,0.646437163249006,0.8268814917402573
2.526315789473684,2.1578947368421053,0.7659678234751834,0.8269082161995163
2.526315789473684,2.1578947368421053,0.907600521681814,0.8096015920933891
2.526315789473684,2.1578947368421053,1.0754220761125606,0.7961303732318304
2.526315789473684,2.1578947368421053,1.2742749857031335,0.7737380075636463
2.526315789473684,2.1578947368421053,1.5098971606184193,0.7482491567577662
2.526315789473684,2.1578947368421053,1.789087489923219,0.7224060652847085
2.526315789473684,2.1578947368421053,2.1199020238496082,0.6959834831450639
2.526315789473684,2.1578947368421053,2.51188643150958,0.6723628829494909
2.526315789473684,2.4210526315789473,0.09999999999999999,0.6015674250952542
2.526315789473684,2.4210526315789473,0.11849068510006666,0.6242199461939117
2.526315789473684,2.4210526315789473,0.1404004245548316,0.6495798701886124
2.526315789473684,2.4210526315789473,0.16636142493842218,0.658223103100147
2.526315789473684,2.4210526315789473,0.1971227921517696,0.6767494936285303
2.526315789473684,2.4210526315789473,0.23357214690901223,0.6929767063326172
2.526315789473684,2.4210526315789473,0.2767612370754227,0.7386392018987404
2.526315789473684,2.4210526315789473,0.32793628590208806,0.7401756826529018
2.526315789473684,2.4210526315789473,0.3885739518570975,0.7594699404185687
2.526315789473684,2.4210526315789473,0.460423937675878,0.7845490831277945
2.526315789473684,2.4210526315789473,0.5455594781168519,0.7841727606214616
2.526315789473684,2.4210526315789473,0.646437163249006,0.8085101620779872
2.526315789473684,2.4210526315789473,0.7659678234751834,0.8146208917699345
2.526315789473684,2.4210526315789473,0.907600521681814,0.8057190547145577
2.526315789473684,2.4210526315789473,1.0754220761125606,0.7931487345947661
2.526315789473684,2.4210526315789473,1.2742749857031335,0.7751601556756222
2.526315789473684,2.4210526315789473,1.5098971606184193,0.7595743821712915
2.526315789473684,2.4210526315789473,1.789087489923219,0.7299400402483881
2.526315789473684,2.4210526315789473,2.1199020238496082,0.7030008904779493
2.526315789473684,2.4210526315789473,2.51188643150958,0.6815013553326139
2.526315789473684,2.6842105263157894,0.09999999999999999,0.5305555094931991
2.526315789473684,2.6842105263157894,0.11849068510006666,0.5424330705203612
2.526315789473684,2.6842105263157894,0.1404004245548316,0.5567306479308948
2.526315789473684,2.6842105263157894,0.16636142493842218,0.5510704270291934
2.526315789473684,2.6842105263157894,0.1971227921517696,0.6057525038388392
2.526315789473684,2.6842105263157894,0.23357214690901223,0.6174260082016936
2.526315789473684,2.6842105263157894,0.2767612370754227,0.62331523157736
2.526315789473684,2.6842105263157894,0.32793628590208806,0.6566401297582593
2.526315789473684,2.6842105263157894,0.3885739518570975,0.6661559226682331
2.526315789473684,2.6842105263157894,0.460423937675878,0.6973165851772355
2.526315789473684,2.6842105263157894,0.5455594781168519,0.7396947917487856
2.526315789473684,2.6842105263157894,0.646437163249006,0.747753468245634
2.526315789473684,2.6842105263157894,0.7659678234751834,0.7753074957947257
2.526315789473684,2.6842105263157894,0.907600521681814,0.7760932662600282
2.526315789473684,2.6842105263157894,1.0754220761125606,0.7708741763890876
2.526315789473684,2.6842105263157894,1.2742749857031335,0.7669735826331361
2.526315789473684,2.6842105263157894,1.5098971606184193,0.7488380921935823
2.526315789473684,2.6842105263157894,1.789087489923219,0.7271637998084811
2.526315789473684,2.6842105263157894,2.1199020238496082,0.7043598425184936
2.526315789473684,2.6842105263157894,2.51188643150958,0.677317038575215
2.526315789473684,2.9473684210526314,0.09999999999999999,0.504038101692001
2.526315789473684,2.9473684210526314,0.11849068510006666,0.515484108753872
2.526315789473684,2.9473684210526314,0.1404004245548316,0.5137405120097787
2.526315789473684,2.9473684210526314,0.16636142493842218,0.5617812854423395
2.526315789473684,2.9473684210526314,0.1971227921517696,0.5562962322305913
2.526315789473684,2.9473684210526314,0.23357214690901223,0.5933007511771664
2.526315789473684,2.9473684210526314,0.2767612370754227,0.5925988318136041
2.526315789473684,2.9473684210526314,0.32793628590208806,0.6252028286316882
2.526315789473684,2.9473684210526314,0.3885739518570975,0.6529413666379655
2.526315789473684,2.9473684210526314,0.460423937675878,0.6677078535367206
2.526315789473684,2.9473684210526314,0.5455594781168519,0.6969908378736356
2.526315789473684,2.9473684210526314,0.646437163249006,0.7216326435683666
2.526315789473684,2.9473684210526314,0.7659678234751834,0.7361593782029742
2.526315789473684,2.9473684210526314,0.907600521681814,0.7417232124195939
2.526315789473684,2.9473684210526314,1.0754220761125606,0.7483177187184605
2.526315789473684,2.9473684210526314,1.2742749857031335,0.7491681684015538
2.526315789473684,2.9473684210526314,1.5098971606184193,0.7278497997696532
2.526315789473684,2.9473684210526314,1.789087489923219,0.7159071740025633
2.526315789473684,2.9473684210526314,2.1199020238496082,0.6934146655771799
2.526315789473684,2.9473684210526314,2.51188643150958,0.6720495323866545
2.526315789473684,3.2105263157894735,0.09999999999999999,0.524936803331554
2.526315789473684,3.2105263157894735,0.11849068510006666,0.5192397450114155
2.526315789473684,3.2105263157894735,0.1404004245548316,0.5252020429679571
2.526315789473684,3.2105263157894735,0.16636142493842218,0.5593549646502389
2.526315789473684,3.2105263157894735,0.1971227921517696,0.5631500353196074
2.526315789473684,3.2105263157894735,0.23357214690901223,0.5595757372503302
2.526315789473684,3.2105263157894735,0.2767612370754227,0.6104078319034645
2.526315789473684,3.2105263157894735,0.32793628590208806,0.6222055920899328
2.526315789473684,3.2105263157894735,0.3885739518570975,0.634814862881048
2.526315789473684,3.2105263157894735,0.460423937675878,0.6477237953469784
2.526315789473684,3.2105263157894735,0.5455594781168519,0.6817947453781216
2.526315789473684,3.2105263157894735,0.646437163249006,0.697177307841517
2.526315789473684,3.2105263157894735,0.7659678234751834,0.7100057510125594
2.526315789473684,3.2105263157894735,0.907600521681814,0.7247404548650541
2.526315789473684,3.2105263157894735,1.0754220761125606,0.7319619010542256
2.526315789473684,3.2105263157894735,1.2742749857031335,0.7228399911404217
2.526315789473684,3.2105263157894735,1.5098971606184193,0.7190331621384102
2.526315789473684,3.2105263157894735,1.789087489923219,0.6950285232652778
2.526315789473684,3.2105263157894735,2.1199020238496082,0.687739139402009
2.526315789473684,3.2105263157894735,2.51188643150958,0.6613274168090185
2.526315789473684,3.473684210526316,0.09999999999999999,0.5021156324119679
2.526315789473684,3.473684210526316,0.11849068510006666,0.5398365466794901
2.526315789473684,3.473684210526316,0.1404004245548316,0.5433974365199444
2.526315789473684,3.473684210526316,0.16636142493842218,0.5602559821743326
2.526315789473684,3.473684210526316,0.1971227921517696,0.5501340644445721
2.526315789473684,3.473684210526316,0.23357214690901223,0.5754942575214846
2.526315789473684,3.473684210526316,0.2767612370754227,0.5827543139337793
2.526315789473684,3.473684210526316,0.32793628590208806,0.607453101773103
2.526315789473684,3.473684210526316,0.3885739518570975,0.6197568854554383
2.526315789473684,3.473684210526316,0.460423937675878,0.6318259626228774
2.526315789473684,3.473684210526316,0.5455594781168519,0.6706837360316951
2.526315789473684,3.473684210526316,0.646437163249006,0.6856792449268793
2.526315789473684,3.473684210526316,0.7659678234751834,0.6976919222635911
2.526315789473684,3.473684210526316,0.907600521681814,0.7109516935087079
2.526315789473684,3.473684210526316,1.0754220761125606,0.7169711380243974
2.526315789473684,3.473684210526316,1.2742749857031335,0.7092562116297227
2.526315789473684,3.473684210526316,1.5098971606184193,0.705130981011489
2.526315789473684,3.473684210526316,1.789087489923219,0.6919558268649861
2.526315789473684,3.473684210526316,2.1199020238496082,0.6713702488720578
2.526315789473684,3.473684210526316,2.51188643150958,0.6544275670046433
2.526315789473684,3.7368421052631575,0.09999999999999999,0.4992753507443474
2.526315789473684,3.7368421052631575,0.11849068510006666,0.495036217751482
2.526315789473684,3.7368421052631575,0.1404004245548316,0.5093728754048922
2.526315789473684,3.7368421052631575,0.16636142493842218,0.5363426092770234
2.526315789473684,3.7368421052631575,0.1971227921517696,0.5488209933405697
2.526315789473684,3.7368421052631575,0.23357214690901223,0.5747637916529763
2.526315789473684,3.7368421052631575,0.2767612370754227,0.5770437711765422
2.526315789473684,3.7368421052631575,0.32793628590208806,0.5865509837498161
2.526315789473684,3.7368421052631575,0.3885739518570975,0.6050379052839279
2.526315789473684,3.7368421052631575,0.460423937675878,0.6330888212356399
2.526315789473684,3.7368421052631575,0.5455594781168519,0.6412078557663473
2.526315789473684,3.7368421052631575,0.646437163249006,0.6678593034102482
2.526315789473684,3.7368421052631575,0.7659678234751834,0.6793470061761524
2.526315789473684,3.7368421052631575,0.907600521681814,0.6979446360276507
2.526315789473684,3.7368421052631575,1.0754220761125606,0.7051572062937815
2.526315789473684,3.7368421052631575,1.2742749857031335,0.6933029658363008
2.526315789473684,3.7368421052631575,1.5098971606184193,0.693177804805078
2.526315789473684,3.7368421052631575,1.789087489923219,0.68042064953279
2.526315789473684,3.7368421052631575,2.1199020238496082,0.6648273614186457
2.526315789473684,3.7368421052631575,2.51188643150958,0.656295470578755
2.526315789473684,4.0,0.09999999999999999,0.4933737290891825
2.526315789473684,4.0,0.11849068510006666,0.49860135604411154
2.526315789473684,4.0,0.1404004245548316,0.5162175744709853
2.526315789473684,4.0,0.16636142493842218,0.5083638897272098
2.526315789473684,4.0,0.1971227921517696,0.5314028340078296
2.526315789473684,4.0,0.23357214690901223,0.531317920901307
2.526315789473684,4.0,0.2767612370754227,0.5714638073650591
2.526315789473684,4.0,0.32793628590208806,0.5815388779477257
2.526315789473684,4.0,0.3885739518570975,0.5992149934713782
2.526315789473684,4.0,0.460423937675878,0.6165667824221128
2.526315789473684,4.0,0.5455594781168519,0.6358261361764665
2.526315789473684,4.0,0.646437163249006,0.6648592747149717
2.526315789473684,4.0,0.7659678234751834,0.6680043967377758
2.526315789473684,4.0,0.907600521681814,0.6845126686403918
2.526315789473684,4.0,1.0754220761125606,0.6937526524503662
2.526315789473684,4.0,1.2742749857031335,0.690708711524501
2.526315789473684,4.0,1.5098971606184193,0.6903416880880104
2.526315789473684,4.0,1.789087489923219,0.6763099548222473
2.526315789473684,4.0,2.1199020238496082,0.6649428883357489
2.526315789473684,4.0,2.51188643150958,0.6493197528334387
2.7368421052631575,-1.0,0.09999999999999999,0.6732660491494034
2.7368421052631575,-1.0,0.11849068510006666,0.6826771720755535
2.7368421052631575,-1.0,0.1404004245548316,0.6914182317633988
2.7368421052631575,-1.0,0.16636142493842218,0.7155286450856675
2.7368421052631575,-1.0,0.1971227921517696,0.7261833207260547
2.7368421052631575,-1.0,0.23357214690901223,0.7503960006333023
2.7368421052631575,-1.0,0.2767612370754227,0.7515025149358191
2.7368421052631575,-1.0,0.32793628590208806,0.7738245650222368
2.7368421052631575,-1.0,0.3885739518570975,0.7872727312838275
2.7368421052631575,-1.0,0.460423937675878,0.8006269920107888
2.7368421052631575,-1.0,0.5455594781168519,0.7983773547114335
2.7368421052631575,-1.0,0.646437163249006,0.8030820214638449
2.7368421052631575,-1.0,0.7659678234751834,0.7936557143335988
2.7368421052631575,-1.0,0.907600521681814,0.7827166799276224
2.7368421052631575,-1.0,1.0754220761125606,0.7660401436514525
2.7368421052631575,-1.0,1.2742749857031335,0.7410270575744837
2.7368421052631575,-1.0,1.5098971606184193,0.71911355862349
2.7368421052631575,-1.0,1.789087489923219,0.6931834244525149
2.7368421052631575,-1.0,2.1199020238496082,0.6696608662351133
2.7368421052631575,-1.0,2.51188643150958,0.6461448193194397
2.7368421052631575,-0.736842105263158,0.09999999999999999,0.6890778549776072
2.7368421052631575,-0.736842105263158,0.11849068510006666,0.6830732919690259
2.7368421052631575,-0.736842105263158,0.1404004245548316,0.6870735578070882
2.7368421052631575,-0.736842105263158,0.16636142493842218,0.7055151664831727
2.7368421052631575,-0.736842105263158,0.1971227921517696,0.7158826435458979
2.7368421052631575,-0.736842105263158,0.23357214690901223,0.7478579789037576
2.7368421052631575,-0.736842105263158,0.2767612370754227,0.7674510314181161
2.7368421052631575,-0.736842105263158,0.32793628590208806,0.77830223934146
2.7368421052631575,-0.736842105263158,0.3885739518570975,0.7910158297670219
2.7368421052631575,-0.736842105263158,0.460423937675878,0.7936876424562139
2.7368421052631575,-0.736842105263158,0.5455594781168519,0.8041739750146303
2.7368421052631575,-0.736842105263158,0.646437163249006,0.8031962604550568
2.7368421052631575,-0.736842105263158,0.7659678234751834,0.797358022706506
2.7368421052631575,-0.736842105263158,0.907600521681814,0.7868493017336133
2.7368421052631575,-0.736842105263158,1.0754220761125606,0.7668267615074018
2.7368421052631575,-0.736842105263158,1.2742749857031335,0.7441162046747268
2.7368421052631575,-0.736842105263158,1.5098971606184193,0.7140851170194185
2.7368421052631575,-0.736842105263158,1.789087489923219,0.6914317807035619
2.7368421052631575,-0.736842105263158,2.1199020238496082,0.6731907661370202
2.7368421052631575,-0.736842105263158,2.51188643150958,0.6485506075998902
2.7368421052631575,-0.4736842105263158,0.09999999999999999,0.6807715121997459
2.7368421052631575,-0.4736842105263158,0.11849068510006666,0.6828251250130813
2.7368421052631575,-0.4736842105263158,0.1404004245548316,0.7067321735864196
2.7368421052631575,-0.4736842105263158,0.16636142493842218,0.7314024950196139
2.7368421052631575,-0.4736842105263158,0.1971227921517696,0.7227986765268793
2.7368421052631575,-0.4736842105263158,0.23357214690901223,0.740597684807942
2.7368421052631575,-0.4736842105263158,0.2767612370754227,0.7546700239161929
2.7368421052631575,-0.4736842105263158,0.32793628590208806,0.7791652082540691
2.7368421052631575,-0.4736842105263158,0.3885739518570975,0.7749339422504675
2.7368421052631575,-0.4736842105263158,0.460423937675878,0.7920862622142231
2.7368421052631575,-0.4736842105263158,0.5455594781168519,0.7985245188629002
2.7368421052631575,-0.4736842105263158,0.646437163249006,0.7974040972058629
2.7368421052631575,-0.4736842105263158,0.7659678234751834,0.7863144994485743
2.7368421052631575,-0.4736842105263158,0.907600521681814,0.7906028871469176
2.7368421052631575,-0.4736842105263158,1.0754220761125606,0.7683763005618819
2.7368421052631575,-0.4736842105263158,1.2742749857031335,0.7446440397541086
2.7368421052631575,-0.4736842105263158,1.5098971606184193,0.721163798837266
2.7368421052631575,-0.4736842105263158,1.789087489923219,0.6952135098791487
2.7368421052631575,-0.4736842105263158,2.1199020238496082,0.6707037444680853
2.7368421052631575,-0.4736842105263158,2.51188643150958,0.6496193093879675
2.7368421052631575,-0.21052631578947367,0.09999999999999999,0.6832780200836488
2.7368421052631575,-0.21052631578947367,0.11849068510006666,0.7070577007003942
2.7368421052631575,-0.21052631578947367,0.1404004245548316,0.693115651890043
2.7368421052631575,-0.21052631578947367,0.16636142493842218,0.7151065395274938
2.7368421052631575,-0.21052631578947367,0.1971227921517696,0.727319820945481
2.7368421052631575,-0.21052631578947367,0.23357214690901223,0.7590139360873434
2.7368421052631575,-0.21052631578947367,0.2767612370754227,0.7649451275146545
2.7368421052631575,-0.21052631578947367,0.32793628590208806,0.7818345242536361
2.7368421052631575,-0.21052631578947367,0.3885739518570975,0.7819108798571359
2.7368421052631575,-0.21052631578947367,0.460423937675878,0.797877924340811
2.7368421052631575,-0.21052631578947367,0.5455594781168519,0.8042266917369311
2.7368421052631575,-0.21052631578947367,0.646437163249006,0.8132367929848374
2.7368421052631575,-0.21052631578947367,0.7659678234751834,0.7970061816532499
2.7368421052631575,-0.21052631578947367,0.907600521681814,0.7865209103376017
2.7368421052631575,-0.21052631578947367,1.0754220761125606,0.7707323001422787
2.7368421052631575,-0.21052631578947367,1.2742749857031335,0.7370489892510224
2.7368421052631575,-0.21052631578947367,1.5098971606184193,0.7156184926139098
2.7368421052631575,-0.21052631578947367,1.789087489923219,0.6892421120346164
2.7368421052631575,-0.21052631578947367,2.1199020238496082,0.6697885399386135
2.7368421052631575,-0.21052631578947367,2.51188643150958,0.6509355740189307
2.7368421052631575,0.05263157894736836,0.09999999999999999,0.6682177539138293
2.7368421052631575,0.05263157894736836,0.11849068510006666,0.6734123057094261
2.7368421052631575,0.05263157894736836,0.1404004245548316,0.695791397170084
2.7368421052631575,0.05263157894736836,0.16636142493842218,0.7235784538135617
2.7368421052631575,0.05263157894736836,0.1971227921517696,0.7339573896710043
2.7368421052631575,0.05263157894736836,0.23357214690901223,0.7401748147343702
2.7368421052631575,0.05263157894736836,0.2767612370754227,0.7656123953129996
2.7368421052631575,0.05263157894736836,0.32793628590208806,0.7805466396205081
2.7368421052631575,0.05263157894736836,0.3885739518570975,0.7886513899814123
2.7368421052631575,0.05263157894736836,0.460423937675878,0.7947445215444168
2.7368421052631575,0.05263157894736836,0.5455594781168519,0.7961725163225757
2.7368421052631575,0.05263157894736836,0.646437163249006,0.7937965575520705
2.7368421052631575,0.05263157894736836,0.7659678234751834,0.7959687494289569
2.7368421052631575,0.05263157894736836,0.907600521681814,0.7841066040654134
2.7368421052631575,0.05263157894736836,1.0754220761125606,0.7609829128859246
2.7368421052631575,0.05263157894736836,1.2742749857031335,0.7509138767473392
2.7368421052631575,0.05263157894736836,1.5098971606184193,0.7183687247297775
2.7368421052631575,0.05263157894736836,1.789087489923219,0.6947406586653562
2.7368421052631575,0.05263157894736836,2.1199020238496082,0.6697054509853775
2.7368421052631575,0.05263157894736836,2.51188643150958,0.6489462866266776
2.7368421052631575,0.3157894736842104,0.09999999999999999,0.6902867992233974
2.7368421052631575,0.3157894736842104,0.11849068510006666,0.6886307342428406
2.7368421052631575,0.3157894736842104,0.1404004245548316,0.6974443873294152
2.7368421052631575,0.3157894736842104,0.16636142493842218,0.714616985738987
2.7368421052631575,0.3157894736842104,0.1971227921517696,0.7353292235481046
2.7368421052631575,0.3157894736842104,0.23357214690901223,0.7398591375679585
2.7368421052631575,0.3157894736842104,0.2767612370754227,0.7558344538099999
2.7368421052631575,0.3157894736842104,0.32793628590208806,0.7683631177244674
2.7368421052631575,0.3157894736842104,0.3885739518570975,0.7857828318243087
2.7368421052631575,0.3157894736842104,0.460423937675878,0.801622079801144
2.7368421052631575,0.3157894736842104,0.5455594781168519,0.8027560287249021
2.7368421052631575,0.3157894736842104,0.646437163249006,0.8035977714041338
2.7368421052631575,0.3157894736842104,0.7659678234751834,0.798155053374407
2.7368421052631575,0.3157894736842104,0.907600521681814,0.7831907758960481
2.7368421052631575,0.3157894736842104,1.0754220761125606,0.7646329132110077
2.7368421052631575,0.3157894736842104,1.2742749857031335,0.7446605438104332
2.7368421052631575,0.3157894736842104,1.5098971606184193,0.721643615766544
2.7368421052631575,0.3157894736842104,1.789087489923219,0.6951242229194934
2.7368421052631575,0.3157894736842104,2.1199020238496082,0.6701136891369388
2.7368421052631575,0.3157894736842104,2.51188643150958,0.6472730131373029
2.7368421052631575,0.5789473684210527,0.09999999999999999,0.6722216208170161
2.7368421052631575,0.5789473684210527,0.11849068510006666,0.6817782670669827
2.7368421052631575,0.5789473684210527,0.1404004245548316,0.6973006902228863
2.7368421052631575,0.5789473684210527,0.16636142493842218,0.7135146335780868
2.7368421052631575,0.5789473684210527,0.1971227921517696,0.7298187587760332
2.7368421052631575,0.5789473684210527,0.23357214690901223,0.7521529034356484
2.7368421052631575,0.5789473684210527,0.2767612370754227,0.7626086172970261
2.7368421052631575,0.5789473684210527,0.32793628590208806,0.7633594666996708
2.7368421052631575,0.5789473684210527,0.3885739518570975,0.7893443905646572
2.7368421052631575,0.5789473684210527,0.460423937675878,0.7989745430745087
2.7368421052631575,0.5789473684210527,0.5455594781168519,0.7973190947896583
2.7368421052631575,0.5789473684210527,0.646437163249006,0.801931463350211
2.7368421052631575,0.5789473684210527,0.7659678234751834,0.7942224673640428
2.7368421052631575,0.5789473684210527,0.907600521681814,0.782864124857577
2.7368421052631575,0.5789473684210527,1.0754220761125606,0.7641482987909127
2.7368421052631575,0.5789473684210527,1.2742749857031335,0.7380252097186002
2.7368421052631575,0.5789473684210527,1.5098971606184193,0.7186608551333507
2.7368421052631575,0.5789473684210527,1.789087489923219,0.6957884708721154
2.7368421052631575,0.5789473684210527,2.1199020238496082,0.6711121393442934
2.7368421052631575,0.5789473684210527,2.51188643150958,0.6494348352199923
2.7368421052631575,0.8421052631578947,0.09999999999999999,0.687821446360583
2.7368421052631575,0.8421052631578947,0.11849068510006666,0.6950321921637785
2.7368421052631575,0.8421052631578947,0.1404004245548316,0.7021038835959765
2.7368421052631575,0.8421052631578947,0.16636142493842218,0.7220752992965882
2.7368421052631575,0.8421052631578947,0.1971227921517696,0.7263394640953527
2.7368421052631575,0.8421052631578947,0.23357214690901223,0.7622579388957776
2.7368421052631575,0.8421052631578947,0.2767612370754227,0.7577044669672545
2.7368421052631575,0.8421052631578947,0.32793628590208806,0.7718587652876486
2.7368421052631575,0.8421052631578947,0.3885739518570975,0.7714127767547863
2.7368421052631575,0.8421052631578947,0.460423937675878,0.7997106671312951
2.7368421052631575,0.8421052631578947,0.5455594781168519,0.8032658237054485
2.7368421052631575,0.8421052631578947,0.646437163249006,0.7995718223270658
2.7368421052631575,0.8421052631578947,0.7659678234751834,0.7897217369368987
2.7368421052631575,0.8421052631578947,0.907600521681814,0.7783933402609925
2.7368421052631575,0.8421052631578947,1.0754220761125606,0.7622900821120799
2.7368421052631575,0.8421052631578947,1.2742749857031335,0.7440496949206621
2.7368421052631575,0.8421052631578947,1.5098971606184193,0.7203384127623775
2.7368421052631575,0.8421052631578947,1.789087489923219,0.6933336005269383
2.7368421052631575,0.8421052631578947,2.1199020238496082,0.6684716621932283
2.7368421052631575,0.8421052631578947,2.51188643150958,0.6502593526973295
2.7368421052631575,1.1052631578947367,0.09999999999999999,0.6930666168794706
2.7368421052631575,1.1052631578947367,0.11849068510006666,0.6866085008978897
2.7368421052631575,1.1052631578947367,0.1404004245548316,0.7087467083933668
2.7368421052631575,1.1052631578947367,0.16636142493842218,0.7167829228735448
2.7368421052631575,1.1052631578947367,0.1971227921517696,0.736296264958969
2.7368421052631575,1.1052631578947367,0.23357214690901223,0.741988128297595
2.7368421052631575,1.1052631578947367,0.2767612370754227,0.7510238854061886
2.7368421052631575,1.1052631578947367,0.32793628590208806,0.7857483534333604
2.7368421052631575,1.1052631578947367,0.3885739518570975,0.7931998246202132
2.7368421052631575,1.1052631578947367,0.460423937675878,0.7952311860234841
2.7368421052631575,1.1052631578947367,0.5455594781168519,0.8126642090134703
2.7368421052631575,1.1052631578947367,0.646437163249006,0.8000148631973243
2.7368421052631575,1.1052631578947367,0.7659678234751834,0.7993265259246393
2.7368421052631575,1.1052631578947367,0.907600521681814,0.7887455780993919
2.7368421052631575,1.1052631578947367,1.0754220761125606,0.7694474076965766
2.7368421052631575,1.1052631578947367,1.2742749857031335,0.7496962418448178
2.7368421052631575,1.1052631578947367,1.5098971606184193,0.725385677882816
2.7368421052631575,1.1052631578947367,1.789087489923219,0.6947805450448554
2.7368421052631575,1.1052631578947367,2.1199020238496082,0.6698285531940879
2.7368421052631575,1.1052631578947367,2.51188643150958,0.6506460843503923
2.7368421052631575,1.3684210526315788,0.09999999999999999,0.6930578617588679
2.7368421052631575,1.3684210526315788,0.11849068510006666,0.69790167910801
2.7368421052631575,1.3684210526315788,0.1404004245548316,0.7151830616735447
2.7368421052631575,1.3684210526315788,0.16636142493842218,0.7343415800393777
2.7368421052631575,1.3684210526315788,0.1971227921517696,0.7424229626291899
2.7368421052631575,1.3684210526315788,0.23357214690901223,0.7462877549018996
2.7368421052631575,1.3684210526315788,0.2767612370754227,0.769825647554006
2.7368421052631575,1.3684210526315788,0.32793628590208806,0.7922307707444868
2.7368421052631575,1.3684210526315788,0.3885739518570975,0.7962108739385592
2.7368421052631575,1.3684210526315788,0.460423937675878,0.8114627549185989
2.7368421052631575,1.3684210526315788,0.5455594781168519,0.8232671864067987
2.7368421052631575,1.3684210526315788,0.646437163249006,0.813290028893663
2.7368421052631575,1.3684210526315788,0.7659678234751834,0.8117488632105445
2.7368421052631575,1.3684210526315788,0.907600521681814,0.7865754506256287
2.7368421052631575,1.3684210526315788,1.0754220761125606,0.7683662949409323
2.7368421052631575,1.3684210526315788,1.2742749857031335,0.7487716456502492
2.7368421052631575,1.3684210526315788,1.5098971606184193,0.7216482706240255
2.7368421052631575,1.3684210526315788,1.789087489923219,0.6935112011300809
2.7368421052631575,1.3684210526315788,2.1199020238496082,0.6730212215592687
2.7368421052631575,1.3684210526315788,2.51188643150958,0.652776511649003
2.7368421052631575,1.6315789473684208,0.09999999999999999,0.7073081251517092
2.7368421052631575,1.6315789473684208,0.11849068510006666,0.7107394716467964
2.7368421052631575,1.6315789473684208,0.1404004245548316,0.7020088754092035
2.7368421052631575,1.6315789473684208,0.16636142493842218,0.7365837708703069
2.7368421052631575,1.6315789473684208,0.1971227921517696,0.7348431927013989
2.7368421052631575,1.6315789473684208,0.23357214690901223,0.7573915062117442
2.7368421052631575,1.6315789473684208,0.2767612370754227,0.7739166505330205
2.7368421052631575,1.6315789473684208,0.32793628590208806,0.780197289271333
2.7368421052631575,1.6315789473684208,0.3885739518570975,0.8060337327960778
2.7368421052631575,1.6315789473684208,0.460423937675878,0.8130089907209909
2.7368421052631575,1.6315789473684208,0.5455594781168519,0.819833360996981
2.7368421052631575,1.6315789473684208,0.646437163249006,0.8104313800615028
2.7368421052631575,1.6315789473684208,0.7659678234751834,0.8080227920265156
2.7368421052631575,1.6315789473684208,0.907600521681814,0.7942086921675073
2.7368421052631575,1.6315789473684208,1.0754220761125606,0.7816497321481406
2.7368421052631575,1.6315789473684208,1.2742749857031335,0.7476859959918414
2.7368421052631575,1.6315789473684208,1.5098971606184193,0.7288098367148648
2.7368421052631575,1.6315789473684208,1.789087489923219,0.7013786510969509
2.7368421052631575,1.6315789473684208,2.1199020238496082,0.6741133962941686
2.7368421052631575,1.6315789473684208,2.51188643150958,0.6545730119255189
2.7368421052631575,1.8947368421052628,0.09999999999999999,0.7063933003102916
2.7368421052631575,1.8947368421052628,0.11849068510006666,0.7057317230305984
2.7368421052631575,1.8947368421052628,0.1404004245548316,0.7496550244732215
2.7368421052631575,1.8947368421052628,0.16636142493842218,0.7312094419451083
2.7368421052631575,1.8947368421052628,0.1971227921517696,0.7627781887021875
2.7368421052631575,1.8947368421052628,0.23357214690901223,0.7587460785546813
2.7368421052631575,1.8947368421052628,0.2767612370754227,0.775605676024579
2.7368421052631575,1.8947368421052628,0.32793628590208806,0.7957684770563024
2.7368421052631575,1.8947368421052628,0.3885739518570975,0.7972841857205741
2.7368421052631575,1.8947368421052628,0.460423937675878,0.823628139085735
2.7368421052631575,1.8947368421052628,0.5455594781168519,0.8252024613780652
2.7368421052631575,1.8947368421052628,0.646437163249006,0.8221032046808852
2.7368421052631575,1.8947368421052628,0.7659678234751834,0.8150435656536177
2.7368421052631575,1.8947368421052628,0.907600521681814,0.8060684740775285
2.7368421052631575,1.8947368421052628,1.0754220761125606,0.7865614309663639
2.7368421052631575,1.8947368421052628,1.2742749857031335,0.7670925432727307
2.7368421052631575,1.8947368421052628,1.5098971606184193,0.7303185060342251
2.7368421052631575,1.8947368421052628,1.789087489923219,0.7091741885571373
2.7368421052631575,1.8947368421052628,2.1199020238496082,0.6800390494009791
2.7368421052631575,1.8947368421052628,2.51188643150958,0.6599578828981337
2.7368421052631575,2.1578947368421053,0.09999999999999999,0.7095696016265879
2.7368421052631575,2.1578947368421053,0.11849068510006666,0.6991459626553646
2.7368421052631575,2.1578947368421053,0.1404004245548316,0.7374975576622519
2.7368421052631575,2.1578947368421053,0.16636142493842218,0.7262568888318837
2.7368421052631575,2.1578947368421053,0.1971227921517696,0.75420989556652
2.7368421052631575,2.1578947368421053,0.23357214690901223,0.7740397774241522
2.7368421052631575,2.1578947368421053,0.2767612370754227,0.7877624831357631
2.7368421052631575,2.1578947368421053,0.32793628590208806,0.7917275079124664
2.7368421052631575,2.1578947368421053,0.3885739518570975,0.8198104710358314
2.7368421052631575,2.1578947368421053,0.460423937675878,0.8143929652155816
2.7368421052631575,2.1578947368421053,0.5455594781168519,0.8242998578063983
2.7368421052631575,2.1578947368421053,0.646437163249006,0.8266896790260582
2.7368421052631575,2.1578947368421053,0.7659678234751834,0.827301865685047
2.7368421052631575,2.1578947368421053,0.907600521681814,0.8154470161837803
2.7368421052631575,2.1578947368421053,1.0754220761125606,0.7910637569688505
2.7368421052631575,2.1578947368421053,1.2742749857031335,0.769309225372414
2.7368421052631575,2.1578947368421053,1.5098971606184193,0.7457152215759559
2.7368421052631575,2.1578947368421053,1.789087489923219,0.7155412746511064
2.7368421052631575,2.1578947368421053,2.1199020238496082,0.6890009794497185
2.7368421052631575,2.1578947368421053,2.51188643150958,0.662936156028478
2.7368421052631575,2.4210526315789473,0.09999999999999999,0.6833502849078296
2.7368421052631575,2.4210526315789473,0.11849068510006666,0.6883577531454932
2.7368421052631575,2.4210526315789473,0.1404004245548316,0.7006644374230779
2.7368421052631575,2.4210526315789473,0.16636142493842218,0.7039818143621732
2.7368421052631575,2.4210526315789473,0.1971227921517696,0.7170266085009633
2.7368421052631575,2.4210526315789473,0.23357214690901223,0.7417780796812954
2.7368421052631575,2.4210526315789473,0.2767612370754227,0.7563855478818897
2.7368421052631575,2.4210526315789473,0.32793628590208806,0.7814481248625295
2.7368421052631575,2.4210526315789473,0.3885739518570975,0.7967543440896516
2.7368421052631575,2.4210526315789473,0.460423937675878,0.8089995861912574
2.7368421052631575,2.4210526315789473,0.5455594781168519,0.8215614491518715
2.7368421052631575,2.4210526315789473,0.646437163249006,0.821250870366408
2.7368421052631575,2.4210526315789473,0.7659678234751834,0.8111303425996721
2.7368421052631575,2.4210526315789473,0.907600521681814,0.8169679697513429
2.7368421052631575,2.4210526315789473,1.0754220761125606,0.8002814296066928
2.7368421052631575,2.4210526315789473,1.2742749857031335,0.7809028109416335
2.7368421052631575,2.4210526315789473,1.5098971606184193,0.7499638169227623
2.7368421052631575,2.4210526315789473,1.789087489923219,0.7235700300786971
2.7368421052631575,2.4210526315789473,2.1199020238496082,0.6982702528220707
2.7368421052631575,2.4210526315789473,2.51188643150958,0.6719087681493282
2.7368421052631575,2.6842105263157894,0.09999999999999999,0.584595039576382
2.7368421052631575,2.6842105263157894,0.11849068510006666,0.6190181118182407
2.7368421052631575,2.6842105263157894,0.1404004245548316,0.6215439436808949
2.7368421052631575,2.6842105263157894,0.16636142493842218,0.6554414841226593
2.7368421052631575,2.6842105263157894,0.1971227921517696,0.6607113383091235
2.7368421052631575,2.6842105263157894,0.23357214690901223,0.685776470549482
2.7368421052631575,2.6842105263157894,0.2767612370754227,0.7084362004978085
2.7368421052631575,2.6842105263157894,0.32793628590208806,0.7164961822353254
2.7368421052631575,2.6842105263157894,0.3885739518570975,0.746736320609424
2.7368421052631575,2.6842105263157894,0.460423937675878,0.7600311799945416
2.7368421052631575,2.6842105263157894,0.5455594781168519,0.7817082289011046
2.7368421052631575,2.6842105263157894,0.646437163249006,0.7938672287321998
2.7368421052631575,2.6842105263157894,0.7659678234751834,0.7903257497291292
2.7368421052631575,2.6842105263157894,0.907600521681814,0.7993868196587401
2.7368421052631575,2.6842105263157894,1.0754220761125606,0.790849047090845
2.7368421052631575,2.6842105263157894,1.2742749857031335,0.7752039155535756
2.7368421052631575,2.6842105263157894,1.5098971606184193,0.7548366486587704
2.7368421052631575,2.6842105263157894,1.789087489923219,0.7319582611866994
2.7368421052631575,2.6842105263157894,2.1199020238496082,0.7032764515328116
2.7368421052631575,2.6842105263157894,2.51188643150958,0.6798547649850418
2.7368421052631575,2.9473684210526314,0.09999999999999999,0.5225317650980237
2.7368421052631575,2.9473684210526314,0.11849068510006666,0.5250447287103723
2.7368421052631575,2.9473684210526314,0.1404004245548316,0.5531939210683887
2.7368421052631575,2.9473684210526314,0.16636142493842218,0.5630711910108169
2.7368421052631575,2.9473684210526314,0.1971227921517696,0.5740948994768954
2.7368421052631575,2.9473684210526314,0.23357214690901223,0.5756422961632413
2.7368421052631575,2.9473684210526314,0.2767612370754227,0.6252817643334868
2.7368421052631575,2.9473684210526314,0.32793628590208806,0.6540079586385857
2.7368421052631575,2.9473684210526314,0.3885739518570975,0.6760678140510747
2.7368421052631575,2.9473684210526314,0.460423937675878,0.6930014899540273
2.7368421052631575,2.9473684210526314,0.5455594781168519,0.7115920882182564
2.7368421052631575,2.9473684210526314,0.646437163249006,0.7405584138800404
2.7368421052631575,2.9473684210526314,0.7659678234751834,0.7664613047364099
2.7368421052631575,2.9473684210526314,0.907600521681814,0.7717197349419977
2.7368421052631575,2.9473684210526314,1.0754220761125606,0.771548871289031
2.7368421052631575,2.9473684210526314,1.2742749857031335,0.7579704300149017
2.7368421052631575,2.9473684210526314,1.5098971606184193,0.7406095335472361
2.7368421052631575,2.9473684210526314,1.789087489923219,0.7262894317551544
2.7368421052631575,2.9473684210526314,2.1199020238496082,0.7059996402135182
2.7368421052631575,2.9473684210526314,2.51188643150958,0.6799641299692905
2.7368421052631575,3.2105263157894735,0.09999999999999999,0.5102270322112151
2.7368421052631575,3.2105263157894735,0.11849068510006666,0.5208155572696246
2.7368421052631575,3.2105263157894735,0.1404004245548316,0.5456869831127941
2.7368421052631575,3.2105263157894735,0.16636142493842218,0.5548279564340056
2.7368421052631575,3.2105263157894735,0.1971227921517696,0.5596242830963416
2.7368421052631575,3.2105263157894735,0.23357214690901223,0.5711836387964385
2.7368421052631575,3.2105263157894735,0.2767612370754227,0.5796793482000294
2.7368421052631575,3.2105263157894735,0.32793628590208806,0.6309269694849857
2.7368421052631575,3.2105263157894735,0.3885739518570975,0.637007849553985
2.7368421052631575,3.2105263157894735,0.460423937675878,0.6689388096273594
2.7368421052631575,3.2105263157894735,0.5455594781168519,0.6965749248026578
2.7368421052631575,3.2105263157894735,0.646437163249006,0.7173168872982334
2.7368421052631575,3.2105263157894735,0.7659678234751834,0.7358831150289448
2.7368421052631575,3.2105263157894735,0.907600521681814,0.7315883631294564
2.7368421052631575,3.2105263157894735,1.0754220761125606,0.7327018651092901
2.7368421052631575,3.2105263157894735,1.2742749857031335,0.7427548760419898
2.7368421052631575,3.2105263157894735,1.5098971606184193,0.7280022025480515
2.7368421052631575,3.2105263157894735,1.789087489923219,0.7110112107648588
2.7368421052631575,3.2105263157894735,2.1199020238496082,0.6891010666750055
2.7368421052631575,3.2105263157894735,2.51188643150958,0.6671221594184877
2.7368421052631575,3.473684210526316,0.09999999999999999,0.5049598225697804
2.7368421052631575,3.473684210526316,0.11849068510006666,0.5224968047869344
2.7368421052631575,3.473684210526316,0.1404004245548316,0.5160611953869125
2.7368421052631575,3.473684210526316,0.16636142493842218,0.5486878036682444
2.7368421052631575,3.473684210526316,0.1971227921517696,0.5499001164526947
2.7368421052631575,3.473684210526316,0.23357214690901223,0.5734915341063296
2.7368421052631575,3.473684210526316,0.2767612370754227,0.6053733489988409
2.7368421052631575,3.473684210526316,0.32793628590208806,0.6304013282353891
2.7368421052631575,3.473684210526316,0.3885739518570975,0.6163998382793476
2.7368421052631575,3.473684210526316,0.460423937675878,0.647011734322181
2.7368421052631575,3.473684210526316,0.5455594781168519,0.667891086045707
2.7368421052631575,3.473684210526316,0.646437163249006,0.6872997057241576
2.7368421052631575,3.473684210526316,0.7659678234751834,0.7154920286730132
2.7368421052631575,3.473684210526316,0.907600521681814,0.722562085430554
2.7368421052631575,3.473684210526316,1.0754220761125606,0.7232650268131501
2.7368421052631575,3.473684210526316,1.2742749857031335,0.7197977419715521
2.7368421052631575,3.473684210526316,1.5098971606184193,0.7170827153209738
2.7368421052631575,3.473684210526316,1.789087489923219,0.7020413650831783
2.7368421052631575,3.473684210526316,2.1199020238496082,0.681630882120523
2.7368421052631575,3.473684210526316,2.51188643150958,0.6625002711097973
2.7368421052631575,3.7368421052631575,0.09999999999999999,0.49184395634990863
2.7368421052631575,3.7368421052631575,0.11849068510006666,0.5158571856952588
2.7368421052631575,3.7368421052631575,0.1404004245548316,0.5229330055348133
2.7368421052631575,3.7368421052631575,0.16636142493842218,0.5196825471289094
2.7368421052631575,3.7368421052631575,0.1971227921517696,0.5478053154904923
2.7368421052631575,3.7368421052631575,0.23357214690901223,0.5678948552411218
2.7368421052631575,3.7368421052631575,0.2767612370754227,0.5875037629228197
2.7368421052631575,3.7368421052631575,0.32793628590208806,0.5985369067529287
2.7368421052631575,3.7368421052631575,0.3885739518570975,0.6181682613091519
2.7368421052631575,3.7368421052631575,0.460423937675878,0.621221039673312
2.7368421052631575,3.7368421052631575,0.5455594781168519,0.6616083500263376
2.7368421052631575,3.7368421052631575,0.646437163249006,0.6759084117079239
2.7368421052631575,3.7368421052631575,0.7659678234751834,0.6869239760102525
2.7368421052631575,3.7368421052631575,0.907600521681814,0.7050065989928731
2.7368421052631575,3.7368421052631575,1.0754220761125606,0.7127468472994384
2.7368421052631575,3.7368421052631575,1.2742749857031335,0.7008354928958347
2.7368421052631575,3.7368421052631575,1.5098971606184193,0.6937194922884216
2.7368421052631575,3.7368421052631575,1.789087489923219,0.6866130524750089
2.7368421052631575,3.7368421052631575,2.1199020238496082,0.6764264269663769
2.7368421052631575,3.7368421052631575,2.51188643150958,0.6572713064412349
2.7368421052631575,4.0,0.09999999999999999,0.49378432997244803
2.7368421052631575,4.0,0.11849068510006666,0.5165240726912722
2.7368421052631575,4.0,0.1404004245548316,0.5402258822911961
2.7368421052631575,4.0,0.16636142493842218,0.5407187670841137
2.7368421052631575,4.0,0.1971227921517696,0.5373843294863055
2.7368421052631575,4.0,0.23357214690901223,0.5631632809186902
2.7368421052631575,4.0,0.2767612370754227,0.5758186564546929
2.7368421052631575,4.0,0.32793628590208806,0.5947374200407148
2.7368421052631575,4.0,0.3885739518570975,0.601075977798335
2.7368421052631575,4.0,0.460423937675878,0.640640277375191
2.7368421052631575,4.0,0.5455594781168519,0.6446041780957138
2.7368421052631575,4.0,0.646437163249006,0.6548796603050835
2.7368421052631575,4.0,0.7659678234751834,0.6677301284054941
2.7368421052631575,4.0,0.907600521681814,0.684354145939416
2.7368421052631575,4.0,1.0754220761125606,0.6903260267527153
2.7368421052631575,4.0,1.2742749857031335,0.695027218073251
2.7368421052631575,4.0,1.5098971606184193,0.6946477068868532
2.7368421052631575,4.0,1.789087489923219,0.6841252852262583
2.7368421052631575,4.0,2.1199020238496082,0.6627034327158012
2.7368421052631575,4.0,2.51188643150958,0.6505805913320257
2.9473684210526314,-1.0,0.09999999999999999,0.6673112702275574
2.9473684210526314,-1.0,0.11849068510006666,0.6881130831088168
2.9473684210526314,-1.0,0.1404004245548316,0.6944295924137334
2.9473684210526314,-1.0,0.16636142493842218,0.7150941406777012
2.9473684210526314,-1.0,0.1971227921517696,0.7280932947006382
2.9473684210526314,-1.0,0.23357214690901223,0.7353324094032977
2.9473684210526314,-1.0,0.2767612370754227,0.7563719892620783
2.9473684210526314,-1.0,0.32793628590208806,0.7845172978867019
2.9473684210526314,-1.0,0.3885739518570975,0.7765707244671489
2.9473684210526314,-1.0,0.460423937675878,0.7945289734592936
2.9473684210526314,-1.0,0.5455594781168519,0.8077614422073011
2.9473684210526314,-1.0,0.646437163249006,0.8007384005876328
2.9473684210526314,-1.0,0.7659678234751834,0.796391175777468
2.9473684210526314,-1.0,0.907600521681814,0.7824404781336597
2.9473684210526314,-1.0,1.0754220761125606,0.7635706894524299
2.9473684210526314,-1.0,1.2742749857031335,0.7363937348464793
2.9473684210526314,-1.0,1.5098971606184193,0.7179275055453026
2.9473684210526314,-1.0,1.789087489923219,0.6899116794623841
2.9473684210526314,-1.0,2.1199020238496082,0.668133290066336
2.9473684210526314,-1.0,2.51188643150958,0.6477623452890083
2.9473684210526314,-0.736842105263158,0.09999999999999999,0.6789892448545007
2.9473684210526314,-0.736842105263158,0.11849068510006666,0.697699664754196
2.9473684210526314,-0.736842105263158,0.1404004245548316,0.7034383111713145
2.9473684210526314,-0.736842105263158,0.16636142493842218,0.7138983618724452
2.9473684210526314,-0.736842105263158,0.1971227921517696,0.7300920142542581
2.9473684210526314,-0.736842105263158,0.23357214690901223,0.7487318787741845
2.9473684210526314,-0.736842105263158,0.2767612370754227,0.7514291175113419
2.9473684210526314,-0.736842105263158,0.32793628590208806,0.7740751024768204
2.9473684210526314,-0.736842105263158,0.3885739518570975,0.7816489969632882
2.9473684210526314,-0.736842105263158,0.460423937675878,0.7919819177739336
2.9473684210526314,-0.736842105263158,0.5455594781168519,0.803982440402669
2.9473684210526314,-0.736842105263158,0.646437163249006,0.7896213644403517
2.9473684210526314,-0.736842105263158,0.7659678234751834,0.8003282804023322
2.9473684210526314,-0.736842105263158,0.907600521681814,0.786963574597734
2.9473684210526314,-0.736842105263158,1.0754220761125606,0.7673097504370389
2.9473684210526314,-0.736842105263158,1.2742749857031335,0.7402113040980942
2.9473684210526314,-0.736842105263158,1.5098971606184193,0.7177063427831666
2.9473684210526314,-0.736842105263158,1.789087489923219,0.6956733879575059
2.9473684210526314,-0.736842105263158,2.1199020238496082,0.66966235161816
2.9473684210526314,-0.736842105263158,2.51188643150958,0.6485037715573975
2.9473684210526314,-0.4736842105263158,0.09999999999999999,0.6760866756728247
2.9473684210526314,-0.4736842105263158,0.11849068510006666,0.6806675002388414
2.9473684210526314,-0.4736842105263158,0.1404004245548316,0.6935221441417652
2.9473684210526314,-0.4736842105263158,0.16636142493842218,0.7149376397039372
2.9473684210526314,-0.4736842105263158,0.1971227921517696,0.7232215986750601
2.9473684210526314,-0.4736842105263158,0.23357214690901223,0.742389067414098
2.9473684210526314,-0.4736842105263158,0.2767612370754227,0.7576197448111318
2.9473684210526314,-0.4736842105263158,0.32793628590208806,0.7671602212045625
2.9473684210526314,-0.4736842105263158,0.3885739518570975,0.791951526673753
2.9473684210526314,-0.4736842105263158,0.460423937675878,0.7953614663071042
2.9473684210526314,-0.4736842105263158,0.5455594781168519,0.8024859917466692
2.9473684210526314,-0.4736842105263158,0.646437163249006,0.8052925635786268
2.9473684210526314,-0.4736842105263158,0.7659678234751834,0.8027495917781335
2.9473684210526314,-0.4736842105263158,0.907600521681814,0.7827825600870224
2.9473684210526314,-0.4736842105263158,1.0754220761125606,0.7721402004400735
2.9473684210526314,-0.4736842105263158,1.2742749857031335,0.7439952731906654
2.9473684210526314,-0.4736842105263158,1.5098971606184193,0.7221479866600223
2.9473684210526314,-0.4736842105263158,1.789087489923219,0.692959079893085
2.9473684210526314,-0.4736842105263158,2.1199020238496082,0.667393404775891
2.9473684210526314,-0.4736842105263158,2.51188643150958,0.6493704186376491
2.9473684210526314,-0.21052631578947367,0.09999999999999999,0.6728519120314426
2.9473684210526314,-0.21052631578947367,0.11849068510006666,0.6992848447612061
2.9473684210526314,-0.21052631578947367,0.1404004245548316,0.7178047121018263
2.9473684210526314,-0.21052631578947367,0.16636142493842218,0.7107080367352266
2.9473684210526314,-0.21052631578947367,0.1971227921517696,0.73012448807597
2.9473684210526314,-0.21052631578947367,0.23357214690901223,0.7496177872234904
2.9473684210526314,-0.21052631578947367,0.2767612370754227,0.7415267488184115
2.9473684210526314,-0.21052631578947367,0.32793628590208806,0.7746311363159329
2.9473684210526314,-0.21052631578947367,0.3885739518570975,0.7946805906014224
2.9473684210526314,-0.21052631578947367,0.460423937675878,0.7955064521759764
2.9473684210526314,-0.21052631578947367,0.5455594781168519,0.7970447141890651
2.9473684210526314,-0.21052631578947367,0.646437163249006,0.7964278067329988
2.9473684210526314,-0.21052631578947367,0.7659678234751834,0.7917011319839886
2.9473684210526314,-0.21052631578947367,0.907600521681814,0.7826891884854412
2.9473684210526314,-0.21052631578947367,1.0754220761125606,0.767661938270194
2.9473684210526314,-0.21052631578947367,1.2742749857031335,0.7450355947453116
2.9473684210526314,-0.21052631578947367,1.5098971606184193,0.7202269211491219
2.9473684210526314,-0.21052631578947367,1.789087489923219,0.6955665994150594
2.9473684210526314,-0.21052631578947367,2.1199020238496082,0.670052904617441
2.9473684210526314,-0.21052631578947367,2.51188643150958,0.6483282142585821
2.9473684210526314,0.05263157894736836,0.09999999999999999,0.6834423660685505
2.9473684210526314,0.05263157894736836,0.11849068510006666,0.6809602942913172
2.9473684210526314,0.05263157894736836,0.1404004245548316,0.6962215477384043
2.9473684210526314,0.05263157894736836,0.16636142493842218,0.7112814853326547
2.9473684210526314,0.05263157894736836,0.1971227921517696,0.7245521026097167
2.9473684210526314,0.05263157894736836,0.23357214690901223,0.7419996695387716
2.9473684210526314,0.05263157894736836,0.2767612370754227,0.762028207231346
2.9473684210526314,0.05263157894736836,0.32793628590208806,0.7772465425116155
2.9473684210526314,0.05263157894736836,0.3885739518570975,0.790078051514172
2.9473684210526314,0.05263157894736836,0.460423937675878,0.7950402909303749
2.9473684210526314,0.05263157894736836,0.5455594781168519,0.8006868173077474
2.9473684210526314,0.05263157894736836,0.646437163249006,0.8009052183170478
2.9473684210526314,0.05263157894736836,0.7659678234751834,0.8014482091968134
2.9473684210526314,0.05263157894736836,0.907600521681814,0.7860785575748975
2.9473684210526314,0.05263157894736836,1.0754220761125606,0.7656588486648623
2.9473684210526314,0.05263157894736836,1.2742749857031335,0.7390525535162018
2.9473684210526314,0.05263157894736836,1.5098971606184193,0.7189079333890487
2.9473684210526314,0.05263157894736836,1.789087489923219,0.6923479469616597
2.9473684210526314,0.05263157894736836,2.1199020238496082,0.6669610803495613
2.9473684210526314,0.05263157894736836,2.51188643150958,0.6468490366455487
2.9473684210526314,0.3157894736842104,0.09999999999999999,0.6740165920037958
2.9473684210526314,0.3157894736842104,0.11849068510006666,0.6957751163136251
2.9473684210526314,0.3157894736842104,0.1404004245548316,0.704161477999162
2.9473684210526314,0.3157894736842104,0.16636142493842218,0.7215789781881724
2.9473684210526314,0.3157894736842104,0.1971227921517696,0.7106887022262722
2.9473684210526314,0.3157894736842104,0.23357214690901223,0.7483246249551324
2.9473684210526314,0.3157894736842104,0.2767612370754227,0.7618321771977172
2.9473684210526314,0.3157894736842104,0.32793628590208806,0.7730439804186394
2.9473684210526314,0.3157894736842104,0.3885739518570975,0.7815501786965184
2.9473684210526314,0.3157894736842104,0.460423937675878,0.7952045790009921
2.9473684210526314,0.3157894736842104,0.5455594781168519,0.8005825815034225
2.9473684210526314,0.3157894736842104,0.646437163249006,0.7961548769595617
2.9473684210526314,0.3157894736842104,0.7659678234751834,0.7976888292447373
2.9473684210526314,0.3157894736842104,0.907600521681814,0.7835383300199525
2.9473684210526314,0.3157894736842104,1.0754220761125606,0.7598156919251494
2.9473684210526314,0.3157894736842104,1.2742749857031335,0.7353365572194998
2.9473684210526314,0.3157894736842104,1.5098971606184193,0.7171162133516413
2.9473684210526314,0.3157894736842104,1.789087489923219,0.6910443006879537
2.9473684210526314,0.3157894736842104,2.1199020238496082,0.6693918704326619
2.9473684210526314,0.3157894736842104,2.51188643150958,0.6482579119107332
2.9473684210526314,0.5789473684210527,0.09999999999999999,0.6827256623717538
2.9473684210526314,0.5789473684210527,0.11849068510006666,0.683929604912244
2.9473684210526314,0.5789473684210527,0.1404004245548316,0.6903682723384896
2.9473684210526314,0.5789473684210527,0.16636142493842218,0.7131443494635812
2.9473684210526314,0.5789473684210527,0.1971227921517696,0.7259461832542642
2.9473684210526314,0.5789473684210527,0.23357214690901223,0.7466750185363698
2.9473684210526314,0.5789473684210527,0.2767612370754227,0.763775969635272
2.9473684210526314,0.5789473684210527,0.32793628590208806,0.7686569124032383
2.9473684210526314,0.5789473684210527,0.3885739518570975,0.7760898128464984
2.9473684210526314,0.5789473684210527,0.460423937675878,0.8013218037248366
2.9473684210526314,0.5789473684210527,0.5455594781168519,0.8034939348229738
2.9473684210526314,0.5789473684210527,0.646437163249006,0.8001779248454475
2.9473684210526314,0.5789473684210527,0.7659678234751834,0.7977833313566555
2.9473684210526314,0.5789473684210527,0.907600521681814,0.7812966494399003
2.9473684210526314,0.5789473684210527,1.0754220761125606,0.7671881145464658
2.9473684210526314,0.5789473684210527,1.2742749857031335,0.7428118498323981
2.9473684210526314,0.5789473684210527,1.5098971606184193,0.7190784183867763
2.9473684210526314,0.5789473684210527,1.789087489923219,0.6914696771491868
2.9473684210526314,0.5789473684210527,2.1199020238496082,0.6696073536466355
2.9473684210526314,0.5789473684210527,2.51188643150958,0.6496376145763049
2.9473684210526314,0.8421052631578947,0.09999999999999999,0.67754397048529
2.9473684210526314,0.8421052631578947,0.11849068510006666,0.7046380841907488
2.9473684210526314,0.8421052631578947,0.1404004245548316,0.6971031828149806
2.9473684210526314,0.8421052631578947,0.16636142493842218,0.7081277174862958
2.9473684210526314,0.8421052631578947,0.1971227921517696,0.7294611277897324
2.9473684210526314,0.8421052631578947,0.23357214690901223,0.7472357033827616
2.9473684210526314,0.8421052631578947,0.2767612370754227,0.7604396035138865
2.9473684210526314,0.8421052631578947,0.32793628590208806,0.7710018180697915
2.9473684210526314,0.8421052631578947,0.3885739518570975,0.7880422504678213
2.9473684210526314,0.8421052631578947,0.460423937675878,0.7938397033820082
2.9473684210526314,0.8421052631578947,0.5455594781168519,0.7991258195933654
2.9473684210526314,0.8421052631578947,0.646437163249006,0.8035251641858121
2.9473684210526314,0.8421052631578947,0.7659678234751834,0.788639643044535
2.9473684210526314,0.8421052631578947,0.907600521681814,0.781423419619258
2.9473684210526314,0.8421052631578947,1.0754220761125606,0.7711982284094414
2.9473684210526314,0.8421052631578947,1.2742749857031335,0.7449453770695099
2.9473684210526314,0.8421052631578947,1.5098971606184193,0.7172106635730123
2.9473684210526314,0.8421052631578947,1.789087489923219,0.6940440961134656
2.9473684210526314,0.8421052631578947,2.1199020238496082,0.6713807358989919
2.9473684210526314,0.8421052631578947,2.51188643150958,0.6526701802342626
2.9473684210526314,1.1052631578947367,0.09999999999999999,0.6721538966474009
2.9473684210526314,1.1052631578947367,0.11849068510006666,0.6942811849094376
2.9473684210526314,1.1052631578947367,0.1404004245548316,0.7056886744186857
2.9473684210526314,1.1052631578947367,0.16636142493842218,0.7230146083005662
2.9473684210526314,1.1052631578947367,0.1971227921517696,0.7326714434259877
2.9473684210526314,1.1052631578947367,0.23357214690901223,0.7330809460791743
2.9473684210526314,1.1052631578947367,0.2767612370754227,0.7565158685401832
2.9473684210526314,1.1052631578947367,0.32793628590208806,0.7787412869558631
2.9473684210526314,1.1052631578947367,0.3885739518570975,0.7941631787694478
2.9473684210526314,1.1052631578947367,0.460423937675878,0.8000164657441262
2.9473684210526314,1.1052631578947367,0.5455594781168519,0.8052874842791612
2.9473684210526314,1.1052631578947367,0.646437163249006,0.8096580654909896
2.9473684210526314,1.1052631578947367,0.7659678234751834,0.7911622712829715
2.9473684210526314,1.1052631578947367,0.907600521681814,0.7845747396108718
2.9473684210526314,1.1052631578947367,1.0754220761125606,0.7702625061635763
2.9473684210526314,1.1052631578947367,1.2742749857031335,0.744822280500633
2.9473684210526314,1.1052631578947367,1.5098971606184193,0.7168515821998985
2.9473684210526314,1.1052631578947367,1.789087489923219,0.6945759942994187
2.9473684210526314,1.1052631578947367,2.1199020238496082,0.6698021916191975
2.9473684210526314,1.1052631578947367,2.51188643150958,0.6496289966634597
2.9473684210526314,1.3684210526315788,0.09999999999999999,0.6739491252343551
2.9473684210526314,1.3684210526315788,0.11849068510006666,0.7089565099441444
2.9473684210526314,1.3684210526315788,0.1404004245548316,0.6959570654548665
2.9473684210526314,1.3684210526315788,0.16636142493842218,0.7253388682616594
2.9473684210526314,1.3684210526315788,0.1971227921517696,0.7441078349804519
2.9473684210526314,1.3684210526315788,0.23357214690901223,0.7398012363154598
2.9473684210526314,1.3684210526315788,0.2767612370754227,0.7641114835914439
2.9473684210526314,1.3684210526315788,0.32793628590208806,0.7798988297292467
2.9473684210526314,1.3684210526315788,0.3885739518570975,0.7822730660684566
2.9473684210526314,1.3684210526315788,0.460423937675878,0.8019010205703717
2.9473684210526314,1.3684210526315788,0.5455594781168519,0.8075118062930073
2.9473684210526314,1.3684210526315788,0.646437163249006,0.8039579788854696
2.9473684210526314,1.3684210526315788,0.7659678234751834,0.797050672467183
2.9473684210526314,1.3684210526315788,0.907600521681814,0.7893883935629261
2.9473684210526314,1.3684210526315788,1.0754220761125606,0.7678764687349706
2.9473684210526314,1.3684210526315788,1.2742749857031335,0.7516767714051396
2.9473684210526314,1.3684210526315788,1.5098971606184193,0.7163944476664501
2.9473684210526314,1.3684210526315788,1.789087489923219,0.6978373738488707
2.9473684210526314,1.3684210526315788,2.1199020238496082,0.6702518311546413
2.9473684210526314,1.3684210526315788,2.51188643150958,0.6512274679560112
2.9473684210526314,1.6315789473684208,0.09999999999999999,0.6944094651211867
2.9473684210526314,1.6315789473684208,0.11849068510006666,0.7055460012133701
2.9473684210526314,1.6315789473684208,0.1404004245548316,0.7190333568505323
2.9473684210526314,1.6315789473684208,0.16636142493842218,0.7218803432059557
2.9473684210526314,1.6315789473684208,0.1971227921517696,0.732781317262156
2.9473684210526314,1.6315789473684208,0.23357214690901223,0.7552411135430396
2.9473684210526314,1.6315789473684208,0.2767612370754227,0.7681280301222174
2.9473684210526314,1.6315789473684208,0.32793628590208806,0.780219576288544
2.9473684210526314,1.6315789473684208,0.3885739518570975,0.8006128955121419
2.9473684210526314,1.6315789473684208,0.460423937675878,0.7976352805768607
2.9473684210526314,1.6315789473684208,0.5455594781168519,0.8116559339731181
2.9473684210526314,1.6315789473684208,0.646437163249006,0.8065769506590155
2.9473684210526314,1.6315789473684208,0.7659678234751834,0.810298393355137
2.9473684210526314,1.6315789473684208,0.907600521681814,0.788963494349016
2.9473684210526314,1.6315789473684208,1.0754220761125606,0.77166928894932
2.9473684210526314,1.6315789473684208,1.2742749857031335,0.7453106960002878
2.9473684210526314,1.6315789473684208,1.5098971606184193,0.720421213954388
2.9473684210526314,1.6315789473684208,1.789087489923219,0.6961984758038623
2.9473684210526314,1.6315789473684208,2.1199020238496082,0.6728208782343541
2.9473684210526314,1.6315789473684208,2.51188643150958,0.6520435935411989
2.9473684210526314,1.8947368421052628,0.09999999999999999,0.6971129130852869
2.9473684210526314,1.8947368421052628,0.11849068510006666,0.7151850597280688
2.9473684210526314,1.8947368421052628,0.1404004245548316,0.722776829733855
2.9473684210526314,1.8947368421052628,0.16636142493842218,0.7118758998743947
2.9473684210526314,1.8947368421052628,0.1971227921517696,0.7547669256282019
2.9473684210526314,1.8947368421052628,0.23357214690901223,0.7707859575504394
2.9473684210526314,1.8947368421052628,0.2767612370754227,0.7734688068034565
2.9473684210526314,1.8947368421052628,0.32793628590208806,0.7945221328647067
2.9473684210526314,1.8947368421052628,0.3885739518570975,0.8122375538105427
2.9473684210526314,1.8947368421052628,0.460423937675878,0.8141343568780438
2.9473684210526314,1.8947368421052628,0.5455594781168519,0.8223437356607002
2.9473684210526314,1.8947368421052628,0.646437163249006,0.8155683783202112
2.9473684210526314,1.8947368421052628,0.7659678234751834,0.8117847689860669
2.9473684210526314,1.8947368421052628,0.907600521681814,0.7942635398327431
2.9473684210526314,1.8947368421052628,1.0754220761125606,0.7764284392001104
2.9473684210526314,1.8947368421052628,1.2742749857031335,0.7534093095752218
2.9473684210526314,1.8947368421052628,1.5098971606184193,0.7253757956884144
2.9473684210526314,1.8947368421052628,1.789087489923219,0.701065270951003
2.9473684210526314,1.8947368421052628,2.1199020238496082,0.6764481208474639
2.9473684210526314,1.8947368421052628,2.51188643150958,0.6555867757843626
2.9473684210526314,2.1578947368421053,0.09999999999999999,0.6981243873774595
2.9473684210526314,2.1578947368421053,0.11849068510006666,0.7181604565997292
2.9473684210526314,2.1578947368421053,0.1404004245548316,0.7128563633952925
2.9473684210526314,2.1578947368421053,0.16636142493842218,0.7418324479651935
2.9473684210526314,2.1578947368421053,0.1971227921517696,0.7640109550952027
2.9473684210526314,2.1578947368421053,0.23357214690901223,0.7523214135327586
2.9473684210526314,2.1578947368421053,0.2767612370754227,0.7815541749199914
2.9473684210526314,2.1578947368421053,0.32793628590208806,0.801071538482218
2.9473684210526314,2.1578947368421053,0.3885739518570975,0.8128128598149457
2.9473684210526314,2.1578947368421053,0.460423937675878,0.8264010746842211
2.9473684210526314,2.1578947368421053,0.5455594781168519,0.8233551329874448
2.9473684210526314,2.1578947368421053,0.646437163249006,0.8191982191724727
2.9473684210526314,2.1578947368421053,0.7659678234751834,0.8191038194239234
2.9473684210526314,2.1578947368421053,0.907600521681814,0.8076418693101745
2.9473684210526314,2.1578947368421053,1.0754220761125606,0.7889668953711989
2.9473684210526314,2.1578947368421053,1.2742749857031335,0.7587828008199852
2.9473684210526314,2.1578947368421053,1.5098971606184193,0.7352842026051326
2.9473684210526314,2.1578947368421053,1.789087489923219,0.7134964286220927
2.9473684210526314,2.1578947368421053,2.1199020238496082,0.6825631469801048
2.9473684210526314,2.1578947368421053,2.51188643150958,0.6570494964608425
2.9473684210526314,2.4210526315789473,0.09999999999999999,0.7070876919305205
2.9473684210526314,2.4210526315789473,0.11849068510006666,0.7102400400934785
2.9473684210526314,2.4210526315789473,0.1404004245548316,0.7272041002626821
2.9473684210526314,2.4210526315789473,0.16636142493842218,0.7538490516246946
2.9473684210526314,2.4210526315789473,0.1971227921517696,0.762021653769594
2.9473684210526314,2.4210526315789473,0.23357214690901223,0.7852255819911986
2.9473684210526314,2.4210526315789473,0.2767612370754227,0.7695890853973726
2.9473684210526314,2.4210526315789473,0.32793628590208806,0.7997616840049255
2.9473684210526314,2.4210526315789473,0.3885739518570975,0.820519510492714
2.9473684210526314,2.4210526315789473,0.460423937675878,0.8244268220981682
2.9473684210526314,2.4210526315789473,0.5455594781168519,0.8322891734158478
2.9473684210526314,2.4210526315789473,0.646437163249006,0.8274680399839569
2.9473684210526314,2.4210526315789473,0.7659678234751834,0.8197170293144738
2.9473684210526314,2.4210526315789473,0.907600521681814,0.8094961270171338
2.9473684210526314,2.4210526315789473,1.0754220761125606,0.7919563074440331
2.9473684210526314,2.4210526315789473,1.2742749857031335,0.7717324926403601
2.9473684210526314,2.4210526315789473,1.5098971606184193,0.7442026278454505
2.9473684210526314,2.4210526315789473,1.789087489923219,0.718381075883382
2.9473684210526314,2.4210526315789473,2.1199020238496082,0.6898742194344111
2.9473684210526314,2.4210526315789473,2.51188643150958,0.6649638406125336
2.9473684210526314,2.6842105263157894,0.09999999999999999,0.6422525796694551
2.9473684210526314,2.6842105263157894,0.11849068510006666,0.6844403455678364
2.9473684210526314,2.6842105263157894,0.1404004245548316,0.7004270451615556
2.9473684210526314,2.6842105263157894,0.16636142493842218,0.7043060104018676
2.9473684210526314,2.6842105263157894,0.1971227921517696,0.7215939752137192
2.9473684210526314,2.6842105263157894,0.23357214690901223,0.7403915163854842
2.9473684210526314,2.6842105263157894,0.2767612370754227,0.7475583858973297
2.9473684210526314,2.6842105263157894,0.32793628590208806,0.7796630146778777
2.9473684210526314,2.6842105263157894,0.3885739518570975,0.7936211908647964
2.9473684210526314,2.6842105263157894,0.460423937675878,0.8121015375550041
2.9473684210526314,2.6842105263157894,0.5455594781168519,0.8217583705340064
2.9473684210526314,2.6842105263157894,0.646437163249006,0.8188556364413833
2.9473684210526314,2.6842105263157894,0.7659678234751834,0.8216083971931827
2.9473684210526314,2.6842105263157894,0.907600521681814,0.8137296097879354
2.9473684210526314,2.6842105263157894,1.0754220761125606,0.7997321548570798
2.9473684210526314,2.6842105263157894,1.2742749857031335,0.7748825245007448
2.9473684210526314,2.6842105263157894,1.5098971606184193,0.7555694828783477
2.9473684210526314,2.6842105263157894,1.789087489923219,0.7260875098739363
2.9473684210526314,2.6842105263157894,2.1199020238496082,0.7003535315942376
2.9473684210526314,2.6842105263157894,2.51188643150958,0.6750633550173762
2.9473684210526314,2.9473684210526314,0.09999999999999999,0.5776396515727871
2.9473684210526314,2.9473684210526314,0.11849068510006666,0.588571743493559
2.9473684210526314,2.9473684210526314,0.1404004245548316,0.6162576292364124
2.9473684210526314,2.9473684210526314,0.16636142493842218,0.624180581937297
2.9473684210526314,2.9473684210526314,0.1971227921517696,0.6456263188497806
2.9473684210526314,2.9473684210526314,0.23357214690901223,0.6637244086422972
2.9473684210526314,2.9473684210526314,0.2767612370754227,0.6774571588921243
2.9473684210526314,2.9473684210526314,0.32793628590208806,0.7069188727021914
2.9473684210526314,2.9473684210526314,0.3885739518570975,0.7208668865949186
2.9473684210526314,2.9473684210526314,0.460423937675878,0.7529064599269689
2.9473684210526314,2.9473684210526314,0.5455594781168519,0.7635534644036931
2.9473684210526314,2.9473684210526314,0.646437163249006,0.7786190565367984
2.9473684210526314,2.9473684210526314,0.7659678234751834,0.7950045482221225
2.9473684210526314,2.9473684210526314,0.907600521681814,0.7965625786324594
2.9473684210526314,2.9473684210526314,1.0754220761125606,0.7842769526174607
2.9473684210526314,2.9473684210526314,1.2742749857031335,0.773679924410582
2.9473684210526314,2.9473684210526314,1.5098971606184193,0.7522248327433362
2.9473684210526314,2.9473684210526314,1.789087489923219,0.729510534491987
2.9473684210526314,2.9473684210526314,2.1199020238496082,0.7077706090538939
2.9473684210526314,2.9473684210526314,2.51188643150958,0.6799306939941501
2.9473684210526314,3.2105263157894735,0.09999999999999999,0.5092376175192037
2.9473684210526314,3.2105263157894735,0.11849068510006666,0.5393945334560174
2.9473684210526314,3.2105263157894735,0.1404004245548316,0.5287896305630678
2.9473684210526314,3.2105263157894735,0.16636142493842218,0.5520594164230562
2.9473684210526314,3.2105263157894735,0.1971227921517696,0.5792512493877376
2.9473684210526314,3.2105263157894735,0.23357214690901223,0.5910609109114559
2.9473684210526314,3.2105263157894735,0.2767612370754227,0.6189211007703903
2.9473684210526314,3.2105263157894735,0.32793628590208806,0.6419729780980401
2.9473684210526314,3.2105263157894735,0.3885739518570975,0.6660923667038149
2.9473684210526314,3.2105263157894735,0.460423937675878,0.6888892556700157
2.9473684210526314,3.2105263157894735,0.5455594781168519,0.7117553296609094
2.9473684210526314,3.2105263157894735,0.646437163249006,0.737607210268364
2.9473684210526314,3.2105263157894735,0.7659678234751834,0.7484238856859392
2.9473684210526314,3.2105263157894735,0.907600521681814,0.7611240529575476
2.9473684210526314,3.2105263157894735,1.0754220761125606,0.7558193582201801
2.9473684210526314,3.2105263157894735,1.2742749857031335,0.758560582431401
2.9473684210526314,3.2105263157894735,1.5098971606184193,0.7442896775096949
2.9473684210526314,3.2105263157894735,1.789087489923219,0.7233593855853472
2.9473684210526314,3.2105263157894735,2.1199020238496082,0.7014120415060022
2.9473684210526314,3.2105263157894735,2.51188643150958,0.6758612183748657
2.9473684210526314,3.473684210526316,0.09999999999999999,0.4889178740644621
2.9473684210526314,3.473684210526316,0.11849068510006666,0.5040506066781142
2.9473684210526314,3.473684210526316,0.1404004245548316,0.5223207509364547
2.9473684210526314,3.473684210526316,0.16636142493842218,0.5195434249949051
2.9473684210526314,3.473684210526316,0.1971227921517696,0.5575681763640726
2.9473684210526314,3.473684210526316,0.23357214690901223,0.5837559019616627
2.9473684210526314,3.473684210526316,0.2767612370754227,0.5890879132549731
2.9473684210526314,3.473684210526316,0.32793628590208806,0.6382300079268824
2.9473684210526314,3.473684210526316,0.3885739518570975,0.6375690037003948
2.9473684210526314,3.473684210526316,0.460423937675878,0.658574016864816
2.9473684210526314,3.473684210526316,0.5455594781168519,0.6868146985939164
2.9473684210526314,3.473684210526316,0.646437163249006,0.7190018636392542
2.9473684210526314,3.473684210526316,0.7659678234751834,0.7209226484405301
2.9473684210526314,3.473684210526316,0.907600521681814,0.7401158957124526
2.9473684210526314,3.473684210526316,1.0754220761125606,0.7350009045190328
2.9473684210526314,3.473684210526316,1.2742749857031335,0.7363831656266571
2.9473684210526314,3.473684210526316,1.5098971606184193,0.7259123789761286
2.9473684210526314,3.473684210526316,1.789087489923219,0.7090128512104932
2.9473684210526314,3.473684210526316,2.1199020238496082,0.6896539813199235
2.9473684210526314,3.473684210526316,2.51188643150958,0.6686444414661281
2.9473684210526314,3.7368421052631575,0.09999999999999999,0.510296971891006
2.9473684210526314,3.7368421052631575,0.11849068510006666,0.49987064517024593
2.9473684210526314,3.7368421052631575,0.1404004245548316,0.5322588982061033
2.9473684210526314,3.7368421052631575,0.16636142493842218,0.5279401749517493
2.9473684210526314,3.7368421052631575,0.1971227921517696,0.5601351164442778
2.9473684210526314,3.7368421052631575,0.23357214690901223,0.5614380688775422
2.9473684210526314,3.7368421052631575,0.2767612370754227,0.59160034001749
2.9473684210526314,3.7368421052631575,0.32793628590208806,0.6030353456313454
2.9473684210526314,3.7368421052631575,0.3885739518570975,0.6297816436524969
2.9473684210526314,3.7368421052631575,0.460423937675878,0.6421752704454233
2.9473684210526314,3.7368421052631575,0.5455594781168519,0.6631338946294683
2.9473684210526314,3.7368421052631575,0.646437163249006,0.709581772324009
2.9473684210526314,3.7368421052631575,0.7659678234751834,0.6923116260369588
2.9473684210526314,3.7368421052631575,0.907600521681814,0.7212642278405216
2.9473684210526314,3.7368421052631575,1.0754220761125606,0.7179232255135998
2.9473684210526314,3.7368421052631575,1.2742749857031335,0.7137320996555698
2.9473684210526314,3.7368421052631575,1.5098971606184193,0.7079815253933206
2.9473684210526314,3.7368421052631575,1.789087489923219,0.7005419765565853
2.9473684210526314,3.7368421052631575,2.1199020238496082,0.6787674810655673
2.9473684210526314,3.7368421052631575,2.51188643150958,0.6585197051314016
2.9473684210526314,4.0,0.09999999999999999,0.5015454399522169
2.9473684210526314,4.0,0.11849068510006666,0.49348068378953813
2.9473684210526314,4.0,0.1404004245548316,0.5159119377692492
2.9473684210526314,4.0,0.16636142493842218,0.5344804208439166
2.9473684210526314,4.0,0.1971227921517696,0.5453278886722102
2.9473684210526314,4.0,0.23357214690901223,0.5449065237415766
2.9473684210526314,4.0,0.2767612370754227,0.5999990966871134
2.9473684210526314,4.0,0.32793628590208806,0.6062016666347846
2.9473684210526314,4.0,0.3885739518570975,0.620434063418796
2.9473684210526314,4.0,0.460423937675878,0.6349675262865901
2.9473684210526314,4.0,0.5455594781168519,0.6612530846200935
2.9473684210526314,4.0,0.646437163249006,0.6748046241841361
2.9473684210526314,4.0,0.7659678234751834,0.6830135035340293
2.9473684210526314,4.0,0.907600521681814,0.7011340936706434
2.9473684210526314,4.0,1.0754220761125606,0.7080803159949745
2.9473684210526314,4.0,1.2742749857031335,0.6983145776968159
2.9473684210526314,4.0,1.5098971606184193,0.6985539135946561
2.9473684210526314,4.0,1.789087489923219,0.6855461985756011
2.9473684210526314,4.0,2.1199020238496082,0.6724777574668166
2.9473684210526314,4.0,2.51188643150958,0.6574079104330318
3.1578947368421053,-1.0,0.09999999999999999,0.6811171035617561
3.1578947368421053,-1.0,0.11849068510006666,0.6979210583702168
3.1578947368421053,-1.0,0.1404004245548316,0.6919635947883025
3.1578947368421053,-1.0,0.16636142493842218,0.7236173030580533
3.1578947368421053,-1.0,0.1971227921517696,0.7245290168569346
3.1578947368421053,-1.0,0.23357214690901223,0.733220417732859
3.1578947368421053,-1.0,0.2767612370754227,0.7462725435771104
3.1578947368421053,-1.0,0.32793628590208806,0.7664468050214984
3.1578947368421053,-1.0,0.3885739518570975,0.7940014839912011
3.1578947368421053,-1.0,0.460423937675878,0.7913192726704679
3.1578947368421053,-1.0,0.5455594781168519,0.8004834395568128
3.1578947368421053,-1.0,0.646437163249006,0.8003916708599702
3.1578947368421053,-1.0,0.7659678234751834,0.7886663961800455
3.1578947368421053,-1.0,0.907600521681814,0.7792232944225758
3.1578947368421053,-1.0,1.0754220761125606,0.7553441054485374
3.1578947368421053,-1.0,1.2742749857031335,0.7440891517811141
3.1578947368421053,-1.0,1.5098971606184193,0.7192761689450644
3.1578947368421053,-1.0,1.789087489923219,0.6943618012361453
3.1578947368421053,-1.0,2.1199020238496082,0.6723043606815635
3.1578947368421053,-1.0,2.51188643150958,0.6468890971044735
3.1578947368421053,-0.736842105263158,0.09999999999999999,0.6742370228614529
3.1578947368421053,-0.736842105263158,0.11849068510006666,0.6942542113808976
3.1578947368421053,-0.736842105263158,0.1404004245548316,0.6997004283041443
3.1578947368421053,-0.736842105263158,0.16636142493842218,0.7069152776340852
3.1578947368421053,-0.736842105263158,0.1971227921517696,0.7337459172285303
3.1578947368421053,-0.736842105263158,0.23357214690901223,0.7479732448294888
3.1578947368421053,-0.736842105263158,0.2767612370754227,0.7458964919208357
3.1578947368421053,-0.736842105263158,0.32793628590208806,0.7664075331310064
3.1578947368421053,-0.736842105263158,0.3885739518570975,0.7988383272388945
3.1578947368421053,-0.736842105263158,0.460423937675878,0.786795952330662
3.1578947368421053,-0.736842105263158,0.5455594781168519,0.7989240507411511
3.1578947368421053,-0.736842105263158,0.646437163249006,0.8024567173606071
3.1578947368421053,-0.736842105263158,0.7659678234751834,0.7966729215045876
3.1578947368421053,-0.736842105263158,0.907600521681814,0.7891382703925345
3.1578947368421053,-0.736842105263158,1.0754220761125606,0.7633944782490745
3.1578947368421053,-0.736842105263158,1.2742749857031335,0.7458411688123037
3.1578947368421053,-0.736842105263158,1.5098971606184193,0.7145863107138902
3.1578947368421053,-0.736842105263158,1.789087489923219,0.6944502091985179
3.1578947368421053,-0.736842105263158,2.1199020238496082,0.670901384119799
3.1578947368421053,-0.736842105263158,2.51188643150958,0.6478937226412491
3.1578947368421053,-0.4736842105263158,0.09999999999999999,0.6835476378866615
3.1578947368421053,-0.4736842105263158,0.11849068510006666,0.682474739476154
3.1578947368421053,-0.4736842105263158,0.1404004245548316,0.6898490011333311
3.1578947368421053,-0.4736842105263158,0.16636142493842218,0.7151146807394058
3.1578947368421053,-0.4736842105263158,0.1971227921517696,0.7297291260286858
3.1578947368421053,-0.4736842105263158,0.23357214690901223,0.7520240605424486
3.1578947368421053,-0.4736842105263158,0.2767612370754227,0.7494689895663076
3.1578947368421053,-0.4736842105263158,0.32793628590208806,0.7587277131446905
3.1578947368421053,-0.4736842105263158,0.3885739518570975,0.7863570128558983
3.1578947368421053,-0.4736842105263158,0.460423937675878,0.8050816590834386
3.1578947368421053,-0.4736842105263158,0.5455594781168519,0.8053444308865179
3.1578947368421053,-0.4736842105263158,0.646437163249006,0.787100772465157
3.1578947368421053,-0.4736842105263158,0.7659678234751834,0.7953334679629679
3.1578947368421053,-0.4736842105263158,0.907600521681814,0.7802351440165193
3.1578947368421053,-0.4736842105263158,1.0754220761125606,0.7611597739938969
3.1578947368421053,-0.4736842105263158,1.2742749857031335,0.7406861011047441
3.1578947368421053,-0.4736842105263158,1.5098971606184193,0.7173457463420666
3.1578947368421053,-0.4736842105263158,1.789087489923219,0.6954696883710045
3.1578947368421053,-0.4736842105263158,2.1199020238496082,0.6709680838098867
3.1578947368421053,-0.4736842105263158,2.51188643150958,0.6469980689258809
3.1578947368421053,-0.21052631578947367,0.09999999999999999,0.6869791273350471
3.1578947368421053,-0.21052631578947367,0.11849068510006666,0.6945596563388958
3.1578947368421053,-0.21052631578947367,0.1404004245548316,0.7009810517914453
3.1578947368421053,-0.21052631578947367,0.16636142493842218,0.7185438530473548
3.1578947368421053,-0.21052631578947367,0.1971227921517696,0.7341563330031228
3.1578947368421053,-0.21052631578947367,0.23357214690901223,0.738311005274279
3.1578947368421053,-0.21052631578947367,0.2767612370754227,0.7534089521583468
3.1578947368421053,-0.21052631578947367,0.32793628590208806,0.7803907980619761
3.1578947368421053,-0.21052631578947367,0.3885739518570975,0.7879879990685732
3.1578947368421053,-0.21052631578947367,0.460423937675878,0.7885921669238546
3.1578947368421053,-0.21052631578947367,0.5455594781168519,0.8040346959153761
3.1578947368421053,-0.21052631578947367,0.646437163249006,0.7997806443610325
3.1578947368421053,-0.21052631578947367,0.7659678234751834,0.7959244804313275
3.1578947368421053,-0.21052631578947367,0.907600521681814,0.777644164201937
3.1578947368421053,-0.21052631578947367,1.0754220761125606,0.7597493550114027
3.1578947368421053,-0.21052631578947367,1.2742749857031335,0.7413285709121371
3.1578947368421053,-0.21052631578947367,1.5098971606184193,0.7161891317159563
3.1578947368421053,-0.21052631578947367,1.789087489923219,0.6922099789072752
3.1578947368421053,-0.21052631578947367,2.1199020238496082,0.6658931583480145
3.1578947368421053,-0.21052631578947367,2.51188643150958,0.649441892476562
3.1578947368421053,0.05263157894736836,0.09999999999999999,0.67659685001934
3.1578947368421053,0.05263157894736836,0.11849068510006666,0.691283980353401
3.1578947368421053,0.05263157894736836,0.1404004245548316,0.6948493497230052
3.1578947368421053,0.05263157894736836,0.16636142493842218,0.7119874043009512
3.1578947368421053,0.05263157894736836,0.1971227921517696,0.7115796178618305
3.1578947368421053,0.05263157894736836,0.23357214690901223,0.7366920300226216
3.1578947368421053,0.05263157894736836,0.2767612370754227,0.7659154094244178
3.1578947368421053,0.05263157894736836,0.32793628590208806,0.7716073735492943
3.1578947368421053,0.05263157894736836,0.3885739518570975,0.7901014665357141
3.1578947368421053,0.05263157894736836,0.460423937675878,0.7993776410949307
3.1578947368421053,0.05263157894736836,0.5455594781168519,0.7897841337753588
3.1578947368421053,0.05263157894736836,0.646437163249006,0.8014391119013738
3.1578947368421053,0.05263157894736836,0.7659678234751834,0.7890552458737127
3.1578947368421053,0.05263157894736836,0.907600521681814,0.7770422777435818
3.1578947368421053,0.05263157894736836,1.0754220761125606,0.7649877053930835
3.1578947368421053,0.05263157894736836,1.2742749857031335,0.746519842937055
3.1578947368421053,0.05263157894736836,1.5098971606184193,0.7222791403302937
3.1578947368421053,0.05263157894736836,1.789087489923219,0.6924258074604333
3.1578947368421053,0.05263157894736836,2.1199020238496082,0.6704019568991879
3.1578947368421053,0.05263157894736836,2.51188643150958,0.6500074734480756
3.1578947368421053,0.3157894736842104,0.09999999999999999,0.6849978315641068
3.1578947368421053,0.3157894736842104,0.11849068510006666,0.6823234701179534
3.1578947368421053,0.3157894736842104,0.1404004245548316,0.704581680466238
3.1578947368421053,0.3157894736842104,0.16636142493842218,0.7070423786613486
3.1578947368421053,0.3157894736842104,0.1971227921517696,0.7279721425492341
3.1578947368421053,0.3157894736842104,0.23357214690901223,0.7451284756763563
3.1578947368421053,0.3157894736842104,0.2767612370754227,0.7584386882104777
3.1578947368421053,0.3157894736842104,0.32793628590208806,0.7679064038091119
3.1578947368421053,0.3157894736842104,0.3885739518570975,0.7818985638991589
3.1578947368421053,0.3157894736842104,0.460423937675878,0.7934304554043752
3.1578947368421053,0.3157894736842104,0.5455594781168519,0.79808089334526
3.1578947368421053,0.3157894736842104,0.646437163249006,0.8011330980714544
3.1578947368421053,0.3157894736842104,0.7659678234751834,0.8018270562759923
3.1578947368421053,0.3157894736842104,0.907600521681814,0.783748757675378
3.1578947368421053,0.3157894736842104,1.0754220761125606,0.7665380795833183
3.1578947368421053,0.3157894736842104,1.2742749857031335,0.7412038199767015
3.1578947368421053,0.3157894736842104,1.5098971606184193,0.7196748930432392
3.1578947368421053,0.3157894736842104,1.789087489923219,0.6936942685637362
3.1578947368421053,0.3157894736842104,2.1199020238496082,0.6682885750226958
3.1578947368421053,0.3157894736842104,2.51188643150958,0.6460051139276827
3.1578947368421053,0.5789473684210527,0.09999999999999999,0.6875473761743391
3.1578947368421053,0.5789473684210527,0.11849068510006666,0.6998631926229998
3.1578947368421053,0.5789473684210527,0.1404004245548316,0.6904922817543084
3.1578947368421053,0.5789473684210527,0.16636142493842218,0.7173668835694605
3.1578947368421053,0.5789473684210527,0.1971227921517696,0.7333778950091216
3.1578947368421053,0.5789473684210527,0.23357214690901223,0.7337781306971317
3.1578947368421053,0.5789473684210527,0.2767612370754227,0.7547724014664629
3.1578947368421053,0.5789473684210527,0.32793628590208806,0.7697820768180553
3.1578947368421053,0.5789473684210527,0.3885739518570975,0.7770743040884589
3.1578947368421053,0.5789473684210527,0.460423937675878,0.7952013646517645
3.1578947368421053,0.5789473684210527,0.5455594781168519,0.8028215072495231
3.1578947368421053,0.5789473684210527,0.646437163249006,0.7978441759811398
3.1578947368421053,0.5789473684210527,0.7659678234751834,0.7935245228688805
3.1578947368421053,0.5789473684210527,0.907600521681814,0.7808328364447801
3.1578947368421053,0.5789473684210527,1.0754220761125606,0.7625310075529327
3.1578947368421053,0.5789473684210527,1.2742749857031335,0.7418287545617773
3.1578947368421053,0.5789473684210527,1.5098971606184193,0.7156807745292699
3.1578947368421053,0.5789473684210527,1.789087489923219,0.6933332433202378
3.1578947368421053,0.5789473684210527,2.1199020238496082,0.6705463970044744
3.1578947368421053,0.5789473684210527,2.51188643150958,0.6474104031149889
3.1578947368421053,0.8421052631578947,0.09999999999999999,0.6739350161219534
3.1578947368421053,0.8421052631578947,0.11849068510006666,0.6866114289224635
3.1578947368421053,0.8421052631578947,0.1404004245548316,0.7070916802480576
3.1578947368421053,0.8421052631578947,0.16636142493842218,0.7245207361339258
3.1578947368421053,0.8421052631578947,0.1971227921517696,0.7289131825871609
3.1578947368421053,0.8421052631578947,0.23357214690901223,0.7458479366253497
3.1578947368421053,0.8421052631578947,0.2767612370754227,0.7599953704127216
3.1578947368421053,0.8421052631578947,0.32793628590208806,0.7749011711122541
3.1578947368421053,0.8421052631578947,0.3885739518570975,0.7839334508422174
3.1578947368421053,0.8421052631578947,0.460423937675878,0.7827450268536035
3.1578947368421053,0.8421052631578947,0.5455594781168519,0.7958485239233557
3.1578947368421053,0.8421052631578947,0.646437163249006,0.8073899815979795
3.1578947368421053,0.8421052631578947,0.7659678234751834,0.7960530985162177
3.1578947368421053,0.8421052631578947,0.907600521681814,0.7858055528356434
3.1578947368421053,0.8421052631578947,1.0754220761125606,0.766478987963768
3.1578947368421053,0.8421052631578947,1.2742749857031335,0.7437339431208656
3.1578947368421053,0.8421052631578947,1.5098971606184193,0.7198733393371718
3.1578947368421053,0.8421052631578947,1.789087489923219,0.6922861344474809
3.1578947368421053,0.8421052631578947,2.1199020238496082,0.6701432733658265
3.1578947368421053,0.8421052631578947,2.51188643150958,0.6492646598445264
3.1578947368421053,1.1052631578947367,0.09999999999999999,0.6887687838011393
3.1578947368421053,1.1052631578947367,0.11849068510006666,0.687681448986496
3.1578947368421053,1.1052631578947367,0.1404004245548316,0.698942923221339
3.1578947368421053,1.1052631578947367,0.16636142493842218,0.7101378388083956
3.1578947368421053,1.1052631578947367,0.1971227921517696,0.7354538454701832
3.1578947368421053,1.1052631578947367,0.23357214690901223,0.7407117850337673
3.1578947368421053,1.1052631578947367,0.2767612370754227,0.7599411818078867
3.1578947368421053,1.1052631578947367,0.32793628590208806,0.7893363988906436
3.1578947368421053,1.1052631578947367,0.3885739518570975,0.7867639376221939
3.1578947368421053,1.1052631578947367,0.460423937675878,0.7979291883794964
3.1578947368421053,1.1052631578947367,0.5455594781168519,0.812166462659487
3.1578947368421053,1.1052631578947367,0.646437163249006,0.8008597617781131
3.1578947368421053,1.1052631578947367,0.7659678234751834,0.7907870440476628
3.1578947368421053,1.1052631578947367,0.907600521681814,0.7820076316775447
3.1578947368421053,1.1052631578947367,1.0754220761125606,0.769421783449276
3.1578947368421053,1.1052631578947367,1.2742749857031335,0.7446466003054661
3.1578947368421053,1.1052631578947367,1.5098971606184193,0.7181728412181154
3.1578947368421053,1.1052631578947367,1.789087489923219,0.6918788213832813
3.1578947368421053,1.1052631578947367,2.1199020238496082,0.6698426169716224
3.1578947368421053,1.1052631578947367,2.51188643150958,0.6481183154743024
3.1578947368421053,1.3684210526315788,0.09999999999999999,0.6869263067914673
3.1578947368421053,1.3684210526315788,0.11849068510006666,0.7016485988918345
3.1578947368421053,1.3684210526315788,0.1404004245548316,0.6944312269405167
3.1578947368421053,1.3684210526315788,0.16636142493842218,0.707654164032146
3.1578947368421053,1.3684210526315788,0.1971227921517696,0.7268010167152616
3.1578947368421053,1.3684210526315788,0.23357214690901223,0.7587376516044491
3.1578947368421053,1.3684210526315788,0.2767612370754227,0.7664502403361799
3.1578947368421053,1.3684210526315788,0.32793628590208806,0.7766397649393811
3.1578947368421053,1.3684210526315788,0.3885739518570975,0.7941404235444655
3.1578947368421053,1.3684210526315788,0.460423937675878,0.7992821838738812
3.1578947368421053,1.3684210526315788,0.5455594781168519,0.8022214602661487
3.1578947368421053,1.3684210526315788,0.646437163249006,0.808822030070472
3.1578947368421053,1.3684210526315788,0.7659678234751834,0.7986248216957872
3.1578947368421053,1.3684210526315788,0.907600521681814,0.779605698844856
3.1578947368421053,1.3684210526315788,1.0754220761125606,0.7662215146011091
3.1578947368421053,1.3684210526315788,1.2742749857031335,0.7486436865017783
3.1578947368421053,1.3684210526315788,1.5098971606184193,0.7200874243384062
3.1578947368421053,1.3684210526315788,1.789087489923219,0.6977569887384691
3.1578947368421053,1.3684210526315788,2.1199020238496082,0.6701619627205034
3.1578947368421053,1.3684210526315788,2.51188643150958,0.6470061714486562
3.1578947368421053,1.6315789473684208,0.09999999999999999,0.6873169947367431
3.1578947368421053,1.6315789473684208,0.11849068510006666,0.6911866813632205
3.1578947368421053,1.6315789473684208,0.1404004245548316,0.7111462733265282
3.1578947368421053,1.6315789473684208,0.16636142493842218,0.7082299431861803
3.1578947368421053,1.6315789473684208,0.1971227921517696,0.7293712799331368
3.1578947368421053,1.6315789473684208,0.23357214690901223,0.7547783525128352
3.1578947368421053,1.6315789473684208,0.2767612370754227,0.7629372808200834
3.1578947368421053,1.6315789473684208,0.32793628590208806,0.7761279771865992
3.1578947368421053,1.6315789473684208,0.3885739518570975,0.795126867972716
3.1578947368421053,1.6315789473684208,0.460423937675878,0.7992797759441643
3.1578947368421053,1.6315789473684208,0.5455594781168519,0.8038174687701053
3.1578947368421053,1.6315789473684208,0.646437163249006,0.8067918816075427
3.1578947368421053,1.6315789473684208,0.7659678234751834,0.8024705470562186
3.1578947368421053,1.6315789473684208,0.907600521681814,0.7816548603736712
3.1578947368421053,1.6315789473684208,1.0754220761125606,0.7727666193386342
3.1578947368421053,1.6315789473684208,1.2742749857031335,0.7486879562406642
3.1578947368421053,1.6315789473684208,1.5098971606184193,0.7199152898732407
3.1578947368421053,1.6315789473684208,1.789087489923219,0.6974674393456578
3.1578947368421053,1.6315789473684208,2.1199020238496082,0.673426754472348
3.1578947368421053,1.6315789473684208,2.51188643150958,0.6506576739054634
3.1578947368421053,1.8947368421052628,0.09999999999999999,0.7009994670759306
3.1578947368421053,1.8947368421052628,0.11849068510006666,0.7112825168746469
3.1578947368421053,1.8947368421052628,0.1404004245548316,0.721269592301456
3.1578947368421053,1.8947368421052628,0.16636142493842218,0.7383486933599436
3.1578947368421053,1.8947368421052628,0.1971227921517696,0.7315093453813736
3.1578947368421053,1.8947368421052628,0.23357214690901223,0.7514729228362098
3.1578947368421053,1.8947368421052628,0.2767612370754227,0.7736168742763825
3.1578947368421053,1.8947368421052628,0.32793628590208806,0.791574860757438
3.1578947368421053,1.8947368421052628,0.3885739518570975,0.800708692833175
3.1578947368421053,1.8947368421052628,0.460423937675878,0.8028388640494788
3.1578947368421053,1.8947368421052628,0.5455594781168519,0.812195576176241
3.1578947368421053,1.8947368421052628,0.646437163249006,0.8157401204442047
3.1578947368421053,1.8947368421052628,0.7659678234751834,0.80376601802499
3.1578947368421053,1.8947368421052628,0.907600521681814,0.7880113613457916
3.1578947368421053,1.8947368421052628,1.0754220761125606,0.7712498901531373
3.1578947368421053,1.8947368421052628,1.2742749857031335,0.7507443529949669
3.1578947368421053,1.8947368421052628,1.5098971606184193,0.7281062379212521
3.1578947368421053,1.8947368421052628,1.789087489923219,0.6986205446928513
3.1578947368421053,1.8947368421052628,2.1199020238496082,0.6689708639541527
3.1578947368421053,1.8947368421052628,2.51188643150958,0.6526292212577168
3.1578947368421053,2.1578947368421053,0.09999999999999999,0.6896514981062728
3.1578947368421053,2.1578947368421053,0.11849068510006666,0.7113146560648727
3.1578947368421053,2.1578947368421053,0.1404004245548316,0.7189896692026135
3.1578947368421053,2.1578947368421053,0.16636142493842218,0.7363882645551911
3.1578947368421053,2.1578947368421053,0.1971227921517696,0.7504600115131579
3.1578947368421053,2.1578947368421053,0.23357214690901223,0.7651642745977291
3.1578947368421053,2.1578947368421053,0.2767612370754227,0.7829633308372618
3.1578947368421053,2.1578947368421053,0.32793628590208806,0.8011216171565786
3.1578947368421053,2.1578947368421053,0.3885739518570975,0.7953268029176298
3.1578947368421053,2.1578947368421053,0.460423937675878,0.8133399917420677
3.1578947368421053,2.1578947368421053,0.5455594781168519,0.8112588479555137
3.1578947368421053,2.1578947368421053,0.646437163249006,0.818761743459118
3.1578947368421053,2.1578947368421053,0.7659678234751834,0.8085081226669971
3.1578947368421053,2.1578947368421053,0.907600521681814,0.7953259681291388
3.1578947368421053,2.1578947368421053,1.0754220761125606,0.7821368019371666
3.1578947368421053,2.1578947368421053,1.2742749857031335,0.7563680556223975
3.1578947368421053,2.1578947368421053,1.5098971606184193,0.7289889530112715
3.1578947368421053,2.1578947368421053,1.789087489923219,0.7051847582383011
3.1578947368421053,2.1578947368421053,2.1199020238496082,0.6771309478319663
3.1578947368421053,2.1578947368421053,2.51188643150958,0.656568615934593
3.1578947368421053,2.4210526315789473,0.09999999999999999,0.7022317090768304
3.1578947368421053,2.4210526315789473,0.11849068510006666,0.7234058848256018
3.1578947368421053,2.4210526315789473,0.1404004245548316,0.7217719622116313
3.1578947368421053,2.4210526315789473,0.16636142493842218,0.7430481003604165
3.1578947368421053,2.4210526315789473,0.1971227921517696,0.7477786686877795
3.1578947368421053,2.4210526315789473,0.23357214690901223,0.769511624553107
3.1578947368421053,2.4210526315789473,0.2767612370754227,0.7770270109341448
3.1578947368421053,2.4210526315789473,0.32793628590208806,0.793440685607333
3.1578947368421053,2.4210526315789473,0.3885739518570975,0.8171770961971241
3.1578947368421053,2.4210526315789473,0.460423937675878,0.8263796625590241
3.1578947368421053,2.4210526315789473,0.5455594781168519,0.8325664067198902
3.1578947368421053,2.4210526315789473,0.646437163249006,0.823151788265474
3.1578947368421053,2.4210526315789473,0.7659678234751834,0.8131883465387734
3.1578947368421053,2.4210526315789473,0.907600521681814,0.8086176825852263
3.1578947368421053,2.4210526315789473,1.0754220761125606,0.7874367520645471
3.1578947368421053,2.4210526315789473,1.2742749857031335,0.7643435006626477
3.1578947368421053,2.4210526315789473,1.5098971606184193,0.7429225358830062
3.1578947368421053,2.4210526315789473,1.789087489923219,0.7130494656427003
3.1578947368421053,2.4210526315789473,2.1199020238496082,0.6850864115247671
3.1578947368421053,2.4210526315789473,2.51188643150958,0.6602061049191976
3.1578947368421053,2.6842105263157894,0.09999999999999999,0.7107104400032598
3.1578947368421053,2.6842105263157894,0.11849068510006666,0.7080731148447281
3.1578947368421053,2.6842105263157894,0.1404004245548316,0.7098754770565263
3.1578947368421053,2.6842105263157894,0.16636142493842218,0.739193155066971
3.1578947368421053,2.6842105263157894,0.1971227921517696,0.7435571235804509
3.1578947368421053,2.6842105263157894,0.23357214690901223,0.7707000941421209
3.1578947368421053,2.6842105263157894,0.2767612370754227,0.7800677516297633
3.1578947368421053,2.6842105263157894,0.32793628590208806,0.7853411644539903
3.1578947368421053,2.6842105263157894,0.3885739518570975,0.8082192431888418
3.1578947368421053,2.6842105263157894,0.460423937675878,0.8293056587436423
3.1578947368421053,2.6842105263157894,0.5455594781168519,0.8285813387350065
3.1578947368421053,2.6842105263157894,0.646437163249006,0.8250419020664989
3.1578947368421053,2.6842105263157894,0.7659678234751834,0.8300371276940638
3.1578947368421053,2.6842105263157894,0.907600521681814,0.8128998059538692
3.1578947368421053,2.6842105263157894,1.0754220761125606,0.7955742447367429
3.1578947368421053,2.6842105263157894,1.2742749857031335,0.7757017249760888
3.1578947368421053,2.6842105263157894,1.5098971606184193,0.7470944898649089
3.1578947368421053,2.6842105263157894,1.789087489923219,0.7189365430640094
3.1578947368421053,2.6842105263157894,2.1199020238496082,0.6922500212636359
3.1578947368421053,2.6842105263157894,2.51188643150958,0.6699811503785138
3.1578947368421053,2.9473684210526314,0.09999999999999999,0.6473901005202821
3.1578947368421053,2.9473684210526314,0.11849068510006666,0.6668499769820845
3.1578947368421053,2.9473684210526314,0.1404004245548316,0.6970350526655866
3.1578947368421053,2.9473684210526314,0.16636142493842218,0.6829451262073385
3.1578947368421053,2.9473684210526314,0.1971227921517696,0.7144298511426826
3.1578947368421053,2.9473684210526314,0.23357214690901223,0.7155917699402345
3.1578947368421053,2.9473684210526314,0.2767612370754227,0.7352689272591523
3.1578947368421053,2.9473684210526314,0.32793628590208806,0.7573361602355368
3.1578947368421053,2.9473684210526314,0.3885739518570975,0.7896535578362099
3.1578947368421053,2.9473684210526314,0.460423937675878,0.8002507820356175
3.1578947368421053,2.9473684210526314,0.5455594781168519,0.7988857766237226
3.1578947368421053,2.9473684210526314,0.646437163249006,0.8127561016723819
3.1578947368421053,2.9473684210526314,0.7659678234751834,0.8253989689322005
3.1578947368421053,2.9473684210526314,0.907600521681814,0.8117282060644563
3.1578947368421053,2.9473684210526314,1.0754220761125606,0.7985833578498177
3.1578947368421053,2.9473684210526314,1.2742749857031335,0.7718391916524903
3.1578947368421053,2.9473684210526314,1.5098971606184193,0.7524955571586671
3.1578947368421053,2.9473684210526314,1.789087489923219,0.7308631816928987
3.1578947368421053,2.9473684210526314,2.1199020238496082,0.7038208352497125
3.1578947368421053,2.9473684210526314,2.51188643150958,0.6756834852761973
3.1578947368421053,3.2105263157894735,0.09999999999999999,0.5663842585982775
3.1578947368421053,3.2105263157894735,0.11849068510006666,0.5828810678118405
3.1578947368421053,3.2105263157894735,0.1404004245548316,0.5632999368816153
3.1578947368421053,3.2105263157894735,0.16636142493842218,0.6099492835586997
3.1578947368421053,3.2105263157894735,0.1971227921517696,0.6163528815892715
3.1578947368421053,3.2105263157894735,0.23357214690901223,0.6369687568968023
3.1578947368421053,3.2105263157894735,0.2767612370754227,0.6410091687488734
3.1578947368421053,3.2105263157894735,0.32793628590208806,0.6740695662672891
3.1578947368421053,3.2105263157894735,0.3885739518570975,0.706569423474098
3.1578947368421053,3.2105263157894735,0.460423937675878,0.7415867347998116
3.1578947368421053,3.2105263157894735,0.5455594781168519,0.7444373773370796
3.1578947368421053,3.2105263157894735,0.646437163249006,0.7724762887752088
3.1578947368421053,3.2105263157894735,0.7659678234751834,0.7806648857081075
3.1578947368421053,3.2105263157894735,0.907600521681814,0.7788367342981801
3.1578947368421053,3.2105263157894735,1.0754220761125606,0.7860716779980543
3.1578947368421053,3.2105263157894735,1.2742749857031335,0.7722148259412237
3.1578947368421053,3.2105263157894735,1.5098971606184193,0.7558362019135
3.1578947368421053,3.2105263157894735,1.789087489923219,0.730754208127888
3.1578947368421053,3.2105263157894735,2.1199020238496082,0.7064326629907608
3.1578947368421053,3.2105263157894735,2.51188643150958,0.6810005228328041
3.1578947368421053,3.473684210526316,0.09999999999999999,0.4944127575927567
3.1578947368421053,3.473684210526316,0.11849068510006666,0.5045690360211366
3.1578947368421053,3.473684210526316,0.1404004245548316,0.5269266735061302
3.1578947368421053,3.473684210526316,0.16636142493842218,0.5473042129660534
3.1578947368421053,3.473684210526316,0.1971227921517696,0.5736554028982612
3.1578947368421053,3.473684210526316,0.23357214690901223,0.5893927772307613
3.1578947368421053,3.473684210526316,0.2767612370754227,0.6155674938030016
3.1578947368421053,3.473684210526316,0.32793628590208806,0.6400907758013524
3.1578947368421053,3.473684210526316,0.3885739518570975,0.6508017138126355
3.1578947368421053,3.473684210526316,0.460423937675878,0.6801131170642599
3.1578947368421053,3.473684210526316,0.5455594781168519,0.7143920443382689
3.1578947368421053,3.473684210526316,0.646437163249006,0.7251608831641283
3.1578947368421053,3.473684210526316,0.7659678234751834,0.7468525617865903
3.1578947368421053,3.473684210526316,0.907600521681814,0.7487210075146667
3.1578947368421053,3.473684210526316,1.0754220761125606,0.7644610739582015
3.1578947368421053,3.473684210526316,1.2742749857031335,0.7522233842653578
3.1578947368421053,3.473684210526316,1.5098971606184193,0.7346599529099204
3.1578947368421053,3.473684210526316,1.789087489923219,0.717692927427966
3.1578947368421053,3.473684210526316,2.1199020238496082,0.6946742071454434
3.1578947368421053,3.473684210526316,2.51188643150958,0.6745188133176445
3.1578947368421053,3.7368421052631575,0.09999999999999999,0.4831281872282853
3.1578947368421053,3.7368421052631575,0.11849068510006666,0.5068967941146264
3.1578947368421053,3.7368421052631575,0.1404004245548316,0.5300049426452068
3.1578947368421053,3.7368421052631575,0.16636142493842218,0.5346111631222363
3.1578947368421053,3.7368421052631575,0.1971227921517696,0.562187101984809
3.1578947368421053,3.7368421052631575,0.23357214690901223,0.5648825507415292
3.1578947368421053,3.7368421052631575,0.2767612370754227,0.5916865689469955
3.1578947368421053,3.7368421052631575,0.32793628590208806,0.6245649077206739
3.1578947368421053,3.7368421052631575,0.3885739518570975,0.6422272757225965
3.1578947368421053,3.7368421052631575,0.460423937675878,0.6527436632654422
3.1578947368421053,3.7368421052631575,0.5455594781168519,0.6714561815863811
3.1578947368421053,3.7368421052631575,0.646437163249006,0.7044301084432406
3.1578947368421053,3.7368421052631575,0.7659678234751834,0.7205145762182799
3.1578947368421053,3.7368421052631575,0.907600521681814,0.7364113635311045
3.1578947368421053,3.7368421052631575,1.0754220761125606,0.7414603543209511
3.1578947368421053,3.7368421052631575,1.2742749857031335,0.7378138713629102
3.1578947368421053,3.7368421052631575,1.5098971606184193,0.7226535620062364
3.1578947368421053,3.7368421052631575,1.789087489923219,0.7072009958659997
3.1578947368421053,3.7368421052631575,2.1199020238496082,0.6870079477770713
3.1578947368421053,3.7368421052631575,2.51188643150958,0.6668539087992907
3.1578947368421053,4.0,0.09999999999999999,0.5079077507278327
3.1578947368421053,4.0,0.11849068510006666,0.522020243366522
3.1578947368421053,4.0,0.1404004245548316,0.5156152396705354
3.1578947368421053,4.0,0.16636142493842218,0.5621844066634996
3.1578947368421053,4.0,0.1971227921517696,0.5161941664783285
3.1578947368421053,4.0,0.23357214690901223,0.5805507082767289
3.1578947368421053,4.0,0.2767612370754227,0.5863891162530406
3.1578947368421053,4.0,0.32793628590208806,0.6030035415162254
3.1578947368421053,4.0,0.3885739518570975,0.645183156221119
3.1578947368421053,4.0,0.460423937675878,0.6575609229245394
3.1578947368421053,4.0,0.5455594781168519,0.6791644144289676
3.1578947368421053,4.0,0.646437163249006,0.6820505716973314
3.1578947368421053,4.0,0.7659678234751834,0.6933667939095256
3.1578947368421053,4.0,0.907600521681814,0.712770773459395
3.1578947368421053,4.0,1.0754220761125606,0.7160999807901853
3.1578947368421053,4.0,1.2742749857031335,0.7142561180626938
3.1578947368421053,4.0,1.5098971606184193,0.7054673739983275
3.1578947368421053,4.0,1.789087489923219,0.7001338266254946
3.1578947368421053,4.0,2.1199020238496082,0.6786794335502239
3.1578947368421053,4.0,2.51188643150958,0.660706361283467
3.3684210526315788,-1.0,0.09999999999999999,0.6824190989558732
3.3684210526315788,-1.0,0.11849068510006666,0.7039085535502234
3.3684210526315788,-1.0,0.1404004245548316,0.6988757113718401
3.3684210526315788,-1.0,0.16636142493842218,0.7158130929324913
3.3684210526315788,-1.0,0.1971227921517696,0.7186744135467478
3.3684210526315788,-1.0,0.23357214690901223,0.7389933853660012
3.3684210526315788,-1.0,0.2767612370754227,0.7534069091879957
3.3684210526315788,-1.0,0.32793628590208806,0.7749017503680201
3.3684210526315788,-1.0,0.3885739518570975,0.7901476883540226
3.3684210526315788,-1.0,0.460423937675878,0.7979122385971978
3.3684210526315788,-1.0,0.5455594781168519,0.8050263222287412
3.3684210526315788,-1.0,0.646437163249006,0.803419079168425
3.3684210526315788,-1.0,0.7659678234751834,0.7903898571429562
3.3684210526315788,-1.0,0.907600521681814,0.7757605199007446
3.3684210526315788,-1.0,1.0754220761125606,0.7612929846005639
3.3684210526315788,-1.0,1.2742749857031335,0.7385701030325166
3.3684210526315788,-1.0,1.5098971606184193,0.7211404037394565
3.3684210526315788,-1.0,1.789087489923219,0.6941625901030457
3.3684210526315788,-1.0,2.1199020238496082,0.6680993480364531
3.3684210526315788,-1.0,2.51188643150958,0.6483585209022545
3.3684210526315788,-0.736842105263158,0.09999999999999999,0.6941407235183888
3.3684210526315788,-0.736842105263158,0.11849068510006666,0.6870475995481008
3.3684210526315788,-0.736842105263158,0.1404004245548316,0.7027012883387829
3.3684210526315788,-0.736842105263158,0.16636142493842218,0.7158331245850664
3.3684210526315788,-0.736842105263158,0.1971227921517696,0.7321221712640794
3.3684210526315788,-0.736842105263158,0.23357214690901223,0.7492146550705234
3.3684210526315788,-0.736842105263158,0.2767612370754227,0.7516286606303997
3.3684210526315788,-0.736842105263158,0.32793628590208806,0.7702219068234929
3.3684210526315788,-0.736842105263158,0.3885739518570975,0.7789439546874337
3.3684210526315788,-0.736842105263158,0.460423937675878,0.7916086801915208
3.3684210526315788,-0.736842105263158,0.5455594781168519,0.7963321392624519
3.3684210526315788,-0.736842105263158,0.646437163249006,0.8028860180153709
3.3684210526315788,-0.736842105263158,0.7659678234751834,0.7880390371248284
3.3684210526315788,-0.736842105263158,0.907600521681814,0.789063445810502
3.3684210526315788,-0.736842105263158,1.0754220761125606,0.7638181360545874
3.3684210526315788,-0.736842105263158,1.2742749857031335,0.7426292765136219
3.3684210526315788,-0.736842105263158,1.5098971606184193,0.7206675660046952
3.3684210526315788,-0.736842105263158,1.789087489923219,0.6931148634121954
3.3684210526315788,-0.736842105263158,2.1199020238496082,0.6673017402880543
3.3684210526315788,-0.736842105263158,2.51188643150958,0.6480702837709726
3.3684210526315788,-0.4736842105263158,0.09999999999999999,0.6761102439714652
3.3684210526315788,-0.4736842105263158,0.11849068510006666,0.6918378329957472
3.3684210526315788,-0.4736842105263158,0.1404004245548316,0.7027808511454212
3.3684210526315788,-0.4736842105263158,0.16636142493842218,0.7125705894854525
3.3684210526315788,-0.4736842105263158,0.1971227921517696,0.7300320625103115
3.3684210526315788,-0.4736842105263158,0.23357214690901223,0.747328083987148
3.3684210526315788,-0.4736842105263158,0.2767612370754227,0.7535829095170907
3.3684210526315788,-0.4736842105263158,0.32793628590208806,0.75885449575229
3.3684210526315788,-0.4736842105263158,0.3885739518570975,0.784690433311491
3.3684210526315788,-0.4736842105263158,0.460423937675878,0.7945843021143841
3.3684210526315788,-0.4736842105263158,0.5455594781168519,0.7857086797862484
3.3684210526315788,-0.4736842105263158,0.646437163249006,0.8006820040774408
3.3684210526315788,-0.4736842105263158,0.7659678234751834,0.7977137975774149
3.3684210526315788,-0.4736842105263158,0.907600521681814,0.7798792075200444
3.3684210526315788,-0.4736842105263158,1.0754220761125606,0.7596147564829875
3.3684210526315788,-0.4736842105263158,1.2742749857031335,0.7432614176155335
3.3684210526315788,-0.4736842105263158,1.5098971606184193,0.716362153740361
3.3684210526315788,-0.4736842105263158,1.789087489923219,0.6963145291812791
3.3684210526315788,-0.4736842105263158,2.1199020238496082,0.6680915790108263
3.3684210526315788,-0.4736842105263158,2.51188643150958,0.6503864233995122
3.3684210526315788,-0.21052631578947367,0.09999999999999999,0.6759858204135007
3.3684210526315788,-0.21052631578947367,0.11849068510006666,0.6880232381599058
3.3684210526315788,-0.21052631578947367,0.1404004245548316,0.6965228763891133
3.3684210526315788,-0.21052631578947367,0.16636142493842218,0.7000309744098984
3.3684210526315788,-0.21052631578947367,0.1971227921517696,0.7182455145258639
3.3684210526315788,-0.21052631578947367,0.23357214690901223,0.7356077188519292
3.3684210526315788,-0.21052631578947367,0.2767612370754227,0.749487642392214
3.3684210526315788,-0.21052631578947367,0.32793628590208806,0.7803359529128706
3.3684210526315788,-0.21052631578947367,0.3885739518570975,0.7877868043234795
3.3684210526315788,-0.21052631578947367,0.460423937675878,0.7971885937847983
3.3684210526315788,-0.21052631578947367,0.5455594781168519,0.8031052664021112
3.3684210526315788,-0.21052631578947367,0.646437163249006,0.8006436626145594
3.3684210526315788,-0.21052631578947367,0.7659678234751834,0.7924631118364788
3.3684210526315788,-0.21052631578947367,0.907600521681814,0.7785000429384691
3.3684210526315788,-0.21052631578947367,1.0754220761125606,0.7612245476021198
3.3684210526315788,-0.21052631578947367,1.2742749857031335,0.7397927433690169
3.3684210526315788,-0.21052631578947367,1.5098971606184193,0.7191354385695146
3.3684210526315788,-0.21052631578947367,1.789087489923219,0.6940702145626231
3.3684210526315788,-0.21052631578947367,2.1199020238496082,0.6704415294577432
3.3684210526315788,-0.21052631578947367,2.51188643150958,0.6471331574067166
3.3684210526315788,0.05263157894736836,0.09999999999999999,0.6625977098066307
3.3684210526315788,0.05263157894736836,0.11849068510006666,0.6978110844241638
3.3684210526315788,0.05263157894736836,0.1404004245548316,0.7032054351402812
3.3684210526315788,0.05263157894736836,0.16636142493842218,0.7207622838431699
3.3684210526315788,0.05263157894736836,0.1971227921517696,0.742550071256876
3.3684210526315788,0.05263157894736836,0.23357214690901223,0.747826683770243
3.3684210526315788,0.05263157894736836,0.2767612370754227,0.7611384439093422
3.3684210526315788,0.05263157894736836,0.32793628590208806,0.7826271469849755
3.3684210526315788,0.05263157894736836,0.3885739518570975,0.7971668766589893
3.3684210526315788,0.05263157894736836,0.460423937675878,0.7901425304496216
3.3684210526315788,0.05263157894736836,0.5455594781168519,0.7971718087448575
3.3684210526315788,0.05263157894736836,0.646437163249006,0.8018847743748266
3.3684210526315788,0.05263157894736836,0.7659678234751834,0.7944725526928178
3.3684210526315788,0.05263157894736836,0.907600521681814,0.7887599040896062
3.3684210526315788,0.05263157894736836,1.0754220761125606,0.7650048792200819
3.3684210526315788,0.05263157894736836,1.2742749857031335,0.7441410685305745
3.3684210526315788,0.05263157894736836,1.5098971606184193,0.7224979666901661
3.3684210526315788,0.05263157894736836,1.789087489923219,0.6942922312620577
3.3684210526315788,0.05263157894736836,2.1199020238496082,0.6697566598480523
3.3684210526315788,0.05263157894736836,2.51188643150958,0.647714305794496
3.3684210526315788,0.3157894736842104,0.09999999999999999,0.6885541686992197
3.3684210526315788,0.3157894736842104,0.11849068510006666,0.693192415531149
3.3684210526315788,0.3157894736842104,0.1404004245548316,0.7031899259179818
3.3684210526315788,0.3157894736842104,0.16636142493842218,0.7173251818862655
3.3684210526315788,0.3157894736842104,0.1971227921517696,0.7296390828900015
3.3684210526315788,0.3157894736842104,0.23357214690901223,0.7393726107714703
3.3684210526315788,0.3157894736842104,0.2767612370754227,0.7641973318278463
3.3684210526315788,0.3157894736842104,0.32793628590208806,0.7713901915491905
3.3684210526315788,0.3157894736842104,0.3885739518570975,0.7847510111705612
3.3684210526315788,0.3157894736842104,0.460423937675878,0.8014588274251224
3.3684210526315788,0.3157894736842104,0.5455594781168519,0.8046856143277412
3.3684210526315788,0.3157894736842104,0.646437163249006,0.805424412165664
3.3684210526315788,0.3157894736842104,0.7659678234751834,0.7978962104935746
3.3684210526315788,0.3157894736842104,0.907600521681814,0.7867918283640638
3.3684210526315788,0.3157894736842104,1.0754220761125606,0.7625318961577764
3.3684210526315788,0.3157894736842104,1.2742749857031335,0.7392757145095398
3.3684210526315788,0.3157894736842104,1.5098971606184193,0.7152436778143751
3.3684210526315788,0.3157894736842104,1.789087489923219,0.6930471272666413
3.3684210526315788,0.3157894736842104,2.1199020238496082,0.6693211070652377
3.3684210526315788,0.3157894736842104,2.51188643150958,0.6495132714482327
3.3684210526315788,0.5789473684210527,0.09999999999999999,0.6815829997989975
3.3684210526315788,0.5789473684210527,0.11849068510006666,0.6990492595110359
3.3684210526315788,0.5789473684210527,0.1404004245548316,0.7103414971221254
3.3684210526315788,0.5789473684210527,0.16636142493842218,0.7236422526293275
3.3684210526315788,0.5789473684210527,0.1971227921517696,0.731076995568736
3.3684210526315788,0.5789473684210527,0.23357214690901223,0.737638105853067
3.3684210526315788,0.5789473684210527,0.2767612370754227,0.7575323759964689
3.3684210526315788,0.5789473684210527,0.32793628590208806,0.7736443164817179
3.3684210526315788,0.5789473684210527,0.3885739518570975,0.7849987186022288
3.3684210526315788,0.5789473684210527,0.460423937675878,0.7916293860860388
3.3684210526315788,0.5789473684210527,0.5455594781168519,0.7961335492308526
3.3684210526315788,0.5789473684210527,0.646437163249006,0.7998909948964796
3.3684210526315788,0.5789473684210527,0.7659678234751834,0.8024572539773053
3.3684210526315788,0.5789473684210527,0.907600521681814,0.7786809391893518
3.3684210526315788,0.5789473684210527,1.0754220761125606,0.7629155661504897
3.3684210526315788,0.5789473684210527,1.2742749857031335,0.7461695373736726
3.3684210526315788,0.5789473684210527,1.5098971606184193,0.7184722543381304
3.3684210526315788,0.5789473684210527,1.789087489923219,0.6887562053234172
3.3684210526315788,0.5789473684210527,2.1199020238496082,0.6695084649220336
3.3684210526315788,0.5789473684210527,2.51188643150958,0.6499173357986708
3.3684210526315788,0.8421052631578947,0.09999999999999999,0.6769370530362018
3.3684210526315788,0.8421052631578947,0.11849068510006666,0.6877523814003312
3.3684210526315788,0.8421052631578947,0.1404004245548316,0.6967237862452679
3.3684210526315788,0.8421052631578947,0.16636142493842218,0.7079391675019358
3.3684210526315788,0.8421052631578947,0.1971227921517696,0.7231171354230408
3.3684210526315788,0.8421052631578947,0.23357214690901223,0.7350221646538907
3.3684210526315788,0.8421052631578947,0.2767612370754227,0.7533028447761333
3.3684210526315788,0.8421052631578947,0.32793628590208806,0.7652539742539546
3.3684210526315788,0.8421052631578947,0.3885739518570975,0.7716044830496123
3.3684210526315788,0.8421052631578947,0.460423937675878,0.7902135272568516
3.3684210526315788,0.8421052631578947,0.5455594781168519,0.8042557790588438
3.3684210526315788,0.8421052631578947,0.646437163249006,0.8041392102942928
3.3684210526315788,0.8421052631578947,0.7659678234751834,0.7983653787533781
3.3684210526315788,0.8421052631578947,0.907600521681814,0.7833320832243513
3.3684210526315788,0.8421052631578947,1.0754220761125606,0.7640509765789952
3.3684210526315788,0.8421052631578947,1.2742749857031335,0.7411428632784268
3.3684210526315788,0.8421052631578947,1.5098971606184193,0.7201415689235698
3.3684210526315788,0.8421052631578947,1.789087489923219,0.692895523979825
3.3684210526315788,0.8421052631578947,2.1199020238496082,0.6690374246805765
3.3684210526315788,0.8421052631578947,2.51188643150958,0.6484671609339339
3.3684210526315788,1.1052631578947367,0.09999999999999999,0.6683725767276482
3.3684210526315788,1.1052631578947367,0.11849068510006666,0.6862550232850988
3.3684210526315788,1.1052631578947367,0.1404004245548316,0.7094958050285333
3.3684210526315788,1.1052631578947367,0.16636142493842218,0.7201513348384848
3.3684210526315788,1.1052631578947367,0.1971227921517696,0.7138103253827977
3.3684210526315788,1.1052631578947367,0.23357214690901223,0.7356316507202499
3.3684210526315788,1.1052631578947367,0.2767612370754227,0.7613556419894159
3.3684210526315788,1.1052631578947367,0.32793628590208806,0.7704891850317008
3.3684210526315788,1.1052631578947367,0.3885739518570975,0.7853511328318239
3.3684210526315788,1.1052631578947367,0.460423937675878,0.7988865539349512
3.3684210526315788,1.1052631578947367,0.5455594781168519,0.812632178183669
3.3684210526315788,1.1052631578947367,0.646437163249006,0.8073832295937136
3.3684210526315788,1.1052631578947367,0.7659678234751834,0.7909262101782835
3.3684210526315788,1.1052631578947367,0.907600521681814,0.7825412950520035
3.3684210526315788,1.1052631578947367,1.0754220761125606,0.7683142079708006
3.3684210526315788,1.1052631578947367,1.2742749857031335,0.7464408115059114
3.3684210526315788,1.1052631578947367,1.5098971606184193,0.7158169920766099
3.3684210526315788,1.1052631578947367,1.789087489923219,0.6929557784246424
3.3684210526315788,1.1052631578947367,2.1199020238496082,0.6720407926053403
3.3684210526315788,1.1052631578947367,2.51188643150958,0.6497568579007892
3.3684210526315788,1.3684210526315788,0.09999999999999999,0.6845619572915226
3.3684210526315788,1.3684210526315788,0.11849068510006666,0.6913975847200312
3.3684210526315788,1.3684210526315788,0.1404004245548316,0.7062596922573561
3.3684210526315788,1.3684210526315788,0.16636142493842218,0.7223696666233856
3.3684210526315788,1.3684210526315788,0.1971227921517696,0.7388649553694805
3.3684210526315788,1.3684210526315788,0.23357214690901223,0.7496053566204436
3.3684210526315788,1.3684210526315788,0.2767612370754227,0.7515418881621937
3.3684210526315788,1.3684210526315788,0.32793628590208806,0.76983649039631
3.3684210526315788,1.3684210526315788,0.3885739518570975,0.7786124296378012
3.3684210526315788,1.3684210526315788,0.460423937675878,0.7988928573166386
3.3684210526315788,1.3684210526315788,0.5455594781168519,0.7921766072498799
3.3684210526315788,1.3684210526315788,0.646437163249006,0.8004036679571847
3.3684210526315788,1.3684210526315788,0.7659678234751834,0.7985747180195418
3.3684210526315788,1.3684210526315788,0.907600521681814,0.7806961481550803
3.3684210526315788,1.3684210526315788,1.0754220761125606,0.7717238818223959
3.3684210526315788,1.3684210526315788,1.2742749857031335,0.7462325650734565
3.3684210526315788,1.3684210526315788,1.5098971606184193,0.7223270568581907
3.3684210526315788,1.3684210526315788,1.789087489923219,0.6954611456724852
3.3684210526315788,1.3684210526315788,2.1199020238496082,0.6720543959589179
3.3684210526315788,1.3684210526315788,2.51188643150958,0.6493259596127334
3.3684210526315788,1.6315789473684208,0.09999999999999999,0.687712941805718
3.3684210526315788,1.6315789473684208,0.11849068510006666,0.6951448082700139
3.3684210526315788,1.6315789473684208,0.1404004245548316,0.6987456949321111
3.3684210526315788,1.6315789473684208,0.16636142493842218,0.7171520217529092
3.3684210526315788,1.6315789473684208,0.1971227921517696,0.7323012041709192
3.3684210526315788,1.6315789473684208,0.23357214690901223,0.7548150504712364
3.3684210526315788,1.6315789473684208,0.2767612370754227,0.7636132375035959
3.3684210526315788,1.6315789473684208,0.32793628590208806,0.781335587670425
3.3684210526315788,1.6315789473684208,0.3885739518570975,0.785659602868835
3.3684210526315788,1.6315789473684208,0.460423937675878,0.8016240209679811
3.3684210526315788,1.6315789473684208,0.5455594781168519,0.8021577268775307
3.3684210526315788,1.6315789473684208,0.646437163249006,0.7985744178316793
3.3684210526315788,1.6315789473684208,0.7659678234751834,0.8025717038548508
3.3684210526315788,1.6315789473684208,0.907600521681814,0.786917049112161
3.3684210526315788,1.6315789473684208,1.0754220761125606,0.7632002638593612
3.3684210526315788,1.6315789473684208,1.2742749857031335,0.7437896726238559
3.3684210526315788,1.6315789473684208,1.5098971606184193,0.7175028630237361
3.3684210526315788,1.6315789473684208,1.789087489923219,0.6974362359530585
3.3684210526315788,1.6315789473684208,2.1199020238496082,0.6699564082166366
3.3684210526315788,1.6315789473684208,2.51188643150958,0.6490186578055123
3.3684210526315788,1.8947368421052628,0.09999999999999999,0.6762806043753531
3.3684210526315788,1.8947368421052628,0.11849068510006666,0.7029956139607174
3.3684210526315788,1.8947368421052628,0.1404004245548316,0.7013160961179838
3.3684210526315788,1.8947368421052628,0.16636142493842218,0.7219790241464251
3.3684210526315788,1.8947368421052628,0.1971227921517696,0.733923976017264
3.3684210526315788,1.8947368421052628,0.23357214690901223,0.7491495828890471
3.3684210526315788,1.8947368421052628,0.2767612370754227,0.7603187210636966
3.3684210526315788,1.8947368421052628,0.32793628590208806,0.7826494282612632
3.3684210526315788,1.8947368421052628,0.3885739518570975,0.7817406389944662
3.3684210526315788,1.8947368421052628,0.460423937675878,0.7889816932478864
3.3684210526315788,1.8947368421052628,0.5455594781168519,0.8064627246479091
3.3684210526315788,1.8947368421052628,0.646437163249006,0.8149035111022606
3.3684210526315788,1.8947368421052628,0.7659678234751834,0.798338051045898
3.3684210526315788,1.8947368421052628,0.907600521681814,0.7828216545138784
3.3684210526315788,1.8947368421052628,1.0754220761125606,0.7705194043914106
3.3684210526315788,1.8947368421052628,1.2742749857031335,0.7456861559356089
3.3684210526315788,1.8947368421052628,1.5098971606184193,0.723979835503493
3.3684210526315788,1.8947368421052628,1.789087489923219,0.6987271543687822
3.3684210526315788,1.8947368421052628,2.1199020238496082,0.6712566553164597
3.3684210526315788,1.8947368421052628,2.51188643150958,0.6489171937478515
3.3684210526315788,2.1578947368421053,0.09999999999999999,0.6970418762501643
3.3684210526315788,2.1578947368421053,0.11849068510006666,0.7016284868469893
3.3684210526315788,2.1578947368421053,0.1404004245548316,0.7113900172254536
3.3684210526315788,2.1578947368421053,0.16636142493842218,0.7231333589812496
3.3684210526315788,2.1578947368421053,0.1971227921517696,0.7466142911854837
3.3684210526315788,2.1578947368421053,0.23357214690901223,0.7569385703031635
3.3684210526315788,2.1578947368421053,0.2767612370754227,0.7645347375744846
3.3684210526315788,2.1578947368421053,0.32793628590208806,0.7895570239541849
3.3684210526315788,2.1578947368421053,0.3885739518570975,0.7990355484811152
3.3684210526315788,2.1578947368421053,0.460423937675878,0.8164795895658926
3.3684210526315788,2.1578947368421053,0.5455594781168519,0.7988219291387709
3.3684210526315788,2.1578947368421053,0.646437163249006,0.8185569280451086
3.3684210526315788,2.1578947368421053,0.7659678234751834,0.8076974541597304
3.3684210526315788,2.1578947368421053,0.907600521681814,0.7964303903279657
3.3684210526315788,2.1578947368421053,1.0754220761125606,0.7702847255912407
3.3684210526315788,2.1578947368421053,1.2742749857031335,0.748103921627579
3.3684210526315788,2.1578947368421053,1.5098971606184193,0.7257910191228226
3.3684210526315788,2.1578947368421053,1.789087489923219,0.7012124622423426
3.3684210526315788,2.1578947368421053,2.1199020238496082,0.67368475404754
3.3684210526315788,2.1578947368421053,2.51188643150958,0.6529156128669692
3.3684210526315788,2.4210526315789473,0.09999999999999999,0.70702563856865
3.3684210526315788,2.4210526315789473,0.11849068510006666,0.7069082068129654
3.3684210526315788,2.4210526315789473,0.1404004245548316,0.7208808306085575
3.3684210526315788,2.4210526315789473,0.16636142493842218,0.7419333108453989
3.3684210526315788,2.4210526315789473,0.1971227921517696,0.744960232379309
3.3684210526315788,2.4210526315789473,0.23357214690901223,0.7638641749581164
3.3684210526315788,2.4210526315789473,0.2767612370754227,0.787133563626844
3.3684210526315788,2.4210526315789473,0.32793628590208806,0.7937151680099359
3.3684210526315788,2.4210526315789473,0.3885739518570975,0.8100625570287745
3.3684210526315788,2.4210526315789473,0.460423937675878,0.8059302011516314
3.3684210526315788,2.4210526315789473,0.5455594781168519,0.8207373044563788
3.3684210526315788,2.4210526315789473,0.646437163249006,0.8278073963190374
3.3684210526315788,2.4210526315789473,0.7659678234751834,0.8157356002942443
3.3684210526315788,2.4210526315789473,0.907600521681814,0.805177995224936
3.3684210526315788,2.4210526315789473,1.0754220761125606,0.784046400880595
3.3684210526315788,2.4210526315789473,1.2742749857031335,0.7626025099324267
3.3684210526315788,2.4210526315789473,1.5098971606184193,0.7339736879478028
3.3684210526315788,2.4210526315789473,1.789087489923219,0.7077759864902072
3.3684210526315788,2.4210526315789473,2.1199020238496082,0.6808363593534893
3.3684210526315788,2.4210526315789473,2.51188643150958,0.6588561663906073
3.3684210526315788,2.6842105263157894,0.09999999999999999,0.7047629668640962
3.3684210526315788,2.6842105263157894,0.11849068510006666,0.715134570988301
3.3684210526315788,2.6842105263157894,0.1404004245548316,0.7301675297251313
3.3684210526315788,2.6842105263157894,0.16636142493842218,0.7370000259093016
3.3684210526315788,2.6842105263157894,0.1971227921517696,0.7605622243705167
3.3684210526315788,2.6842105263157894,0.23357214690901223,0.7667833698539376
3.3684210526315788,2.6842105263157894,0.2767612370754227,0.791102955012809
3.3684210526315788,2.6842105263157894,0.32793628590208806,0.793946681392666
3.3684210526315788,2.6842105263157894,0.3885739518570975,0.8165898576800966
3.3684210526315788,2.6842105263157894,0.460423937675878,0.8176050657171797
3.3684210526315788,2.6842105263157894,0.5455594781168519,0.8311961272816608
3.3684210526315788,2.6842105263157894,0.646437163249006,0.8264509601470404
3.3684210526315788,2.6842105263157894,0.7659678234751834,0.8200282488469331
3.3684210526315788,2.6842105263157894,0.907600521681814,0.8116882626673368
3.3684210526315788,2.6842105263157894,1.0754220761125606,0.7883070558397268
3.3684210526315788,2.6842105263157894,1.2742749857031335,0.7651236485397059
3.3684210526315788,2.6842105263157894,1.5098971606184193,0.7411036107412143
3.3684210526315788,2.6842105263157894,1.789087489923219,0.71369140630524
3.3684210526315788,2.6842105263157894,2.1199020238496082,0.6858622712068994
3.3684210526315788,2.6842105263157894,2.51188643150958,0.6643742713549659
3.3684210526315788,2.9473684210526314,0.09999999999999999,0.6924707836641291
3.3684210526315788,2.9473684210526314,0.11849068510006666,0.7087554406774473
3.3684210526315788,2.9473684210526314,0.1404004245548316,0.713386442788557
3.3684210526315788,2.9473684210526314,0.16636142493842218,0.7236858456644714
3.3684210526315788,2.9473684210526314,0.1971227921517696,0.7510565607198477
3.3684210526315788,2.9473684210526314,0.23357214690901223,0.7510995503107272
3.3684210526315788,2.9473684210526314,0.2767612370754227,0.7701231864946106
3.3684210526315788,2.9473684210526314,0.32793628590208806,0.7967551348109139
3.3684210526315788,2.9473684210526314,0.3885739518570975,0.7986512516627837
3.3684210526315788,2.9473684210526314,0.460423937675878,0.8072678325528949
3.3684210526315788,2.9473684210526314,0.5455594781168519,0.8295942957698467
3.3684210526315788,2.9473684210526314,0.646437163249006,0.8350948353085738
3.3684210526315788,2.9473684210526314,0.7659678234751834,0.81665902073519
3.3684210526315788,2.9473684210526314,0.907600521681814,0.8158453923448545
3.3684210526315788,2.9473684210526314,1.0754220761125606,0.8008793689863409
3.3684210526315788,2.9473684210526314,1.2742749857031335,0.7759646890124552
3.3684210526315788,2.9473684210526314,1.5098971606184193,0.7467598140426623
3.3684210526315788,2.9473684210526314,1.789087489923219,0.7218064284017895
3.3684210526315788,2.9473684210526314,2.1199020238496082,0.695500237844121
3.3684210526315788,2.9473684210526314,2.51188643150958,0.6705283592471707
3.3684210526315788,3.2105263157894735,0.09999999999999999,0.6485668439956177
3.3684210526315788,3.2105263157894735,0.11849068510006666,0.648481998857167
3.3684210526315788,3.2105263157894735,0.1404004245548316,0.6798804228732508
3.3684210526315788,3.2105263157894735,0.16636142493842218,0.65409380330462
3.3684210526315788,3.2105263157894735,0.1971227921517696,0.6825503362397606
3.3684210526315788,3.2105263157894735,0.23357214690901223,0.7240820455008674
3.3684210526315788,3.2105263157894735,0.2767612370754227,0.731423832031477
3.3684210526315788,3.2105263157894735,0.32793628590208806,0.7510448080300768
3.3684210526315788,3.2105263157894735,0.3885739518570975,0.7714712139416087
3.3684210526315788,3.2105263157894735,0.460423937675878,0.7848628912811818
3.3684210526315788,3.2105263157894735,0.5455594781168519,0.7968124060953183
3.3684210526315788,3.2105263157894735,0.646437163249006,0.8058773352672789
3.3684210526315788,3.2105263157894735,0.7659678234751834,0.8137592240369259
3.3684210526315788,3.2105263157894735,0.907600521681814,0.8122865485742179
3.3684210526315788,3.2105263157894735,1.0754220761125606,0.7936924319794614
3.3684210526315788,3.2105263157894735,1.2742749857031335,0.7740418387897551
3.3684210526315788,3.2105263157894735,1.5098971606184193,0.7539063961443291
3.3684210526315788,3.2105263157894735,1.789087489923219,0.7310036994648794
3.3684210526315788,3.2105263157894735,2.1199020238496082,0.7005056764955705
3.3684210526315788,3.2105263157894735,2.51188643150958,0.6780248668917337
3.3684210526315788,3.473684210526316,0.09999999999999999,0.5448010931683637
3.3684210526315788,3.473684210526316,0.11849068510006666,0.5375351374412666
3.3684210526315788,3.473684210526316,0.1404004245548316,0.5562248736592267
3.3684210526315788,3.473684210526316,0.16636142493842218,0.5899261631077155
3.3684210526315788,3.473684210526316,0.1971227921517696,0.6264122969494114
3.3684210526315788,3.473684210526316,0.23357214690901223,0.6253688840038866
3.3684210526315788,3.473684210526316,0.2767612370754227,0.6475605788506941
3.3684210526315788,3.473684210526316,0.32793628590208806,0.6613583594732869
3.3684210526315788,3.473684210526316,0.3885739518570975,0.6919787453789218
3.3684210526315788,3.473684210526316,0.460423937675878,0.7134737897923984
3.3684210526315788,3.473684210526316,0.5455594781168519,0.7341680864590596
3.3684210526315788,3.473684210526316,0.646437163249006,0.761654027056831
3.3684210526315788,3.473684210526316,0.7659678234751834,0.774390020654752
3.3684210526315788,3.473684210526316,0.907600521681814,0.7804743669865801
3.3684210526315788,3.473684210526316,1.0754220761125606,0.77310353497157
3.3684210526315788,3.473684210526316,1.2742749857031335,0.768582991085336
3.3684210526315788,3.473684210526316,1.5098971606184193,0.7532254102479794
3.3684210526315788,3.473684210526316,1.789087489923219,0.7312132970944806
3.3684210526315788,3.473684210526316,2.1199020238496082,0.7049711987782901
3.3684210526315788,3.473684210526316,2.51188643150958,0.682254436135426
3.3684210526315788,3.7368421052631575,0.09999999999999999,0.5017964909230537
3.3684210526315788,3.7368421052631575,0.11849068510006666,0.5097025035060596
3.3684210526315788,3.7368421052631575,0.1404004245548316,0.5246182835610353
3.3684210526315788,3.7368421052631575,0.16636142493842218,0.5407031856056913
3.3684210526315788,3.7368421052631575,0.1971227921517696,0.573602058667269
3.3684210526315788,3.7368421052631575,0.23357214690901223,0.5961130980507524
3.3684210526315788,3.7368421052631575,0.2767612370754227,0.6059737850037168
3.3684210526315788,3.7368421052631575,0.32793628590208806,0.6343829702237032
3.3684210526315788,3.7368421052631575,0.3885739518570975,0.6473865524608909
3.3684210526315788,3.7368421052631575,0.460423937675878,0.6812824545290013
3.3684210526315788,3.7368421052631575,0.5455594781168519,0.7086559118190089
3.3684210526315788,3.7368421052631575,0.646437163249006,0.726118227146174
3.3684210526315788,3.7368421052631575,0.7659678234751834,0.7451440339595764
3.3684210526315788,3.7368421052631575,0.907600521681814,0.7551480662018568
3.3684210526315788,3.7368421052631575,1.0754220761125606,0.7456872659129649
3.3684210526315788,3.7368421052631575,1.2742749857031335,0.7406195909260082
3.3684210526315788,3.7368421052631575,1.5098971606184193,0.7316934830728331
3.3684210526315788,3.7368421052631575,1.789087489923219,0.7205698806451393
3.3684210526315788,3.7368421052631575,2.1199020238496082,0.69849105331956
3.3684210526315788,3.7368421052631575,2.51188643150958,0.6737356425909986
3.3684210526315788,4.0,0.09999999999999999,0.5341496175575062
3.3684210526315788,4.0,0.11849068510006666,0.5261632467965616
3.3684210526315788,4.0,0.1404004245548316,0.49555372813756676
3.3684210526315788,4.0,0.16636142493842218,0.5319686541976602
3.3684210526315788,4.0,0.1971227921517696,0.5602322406198448
3.3684210526315788,4.0,0.23357214690901223,0.5743469603924127
3.3684210526315788,4.0,0.2767612370754227,0.6034227607489319
3.3684210526315788,4.0,0.32793628590208806,0.6248982923665322
3.3684210526315788,4.0,0.3885739518570975,0.6218307920253436
3.3684210526315788,4.0,0.460423937675878,0.6419731411350764
3.3684210526315788,4.0,0.5455594781168519,0.6852865170971691
3.3684210526315788,4.0,0.646437163249006,0.7051505878181613
3.3684210526315788,4.0,0.7659678234751834,0.7196759835719734
3.3684210526315788,4.0,0.907600521681814,0.7339250708112348
3.3684210526315788,4.0,1.0754220761125606,0.7321090299957266
3.3684210526315788,4.0,1.2742749857031335,0.7247505610917594
3.3684210526315788,4.0,1.5098971606184193,0.7180183500460978
3.3684210526315788,4.0,1.789087489923219,0.7001002246658925
3.3684210526315788,4.0,2.1199020238496082,0.6820806178047802
3.3684210526315788,4.0,2.51188643150958,0.6672135265225809
3.578947368421052,-1.0,0.09999999999999999,0.6777207504565976
3.578947368421052,-1.0,0.11849068510006666,0.6962739164202145
3.578947368421052,-1.0,0.1404004245548316,0.6905673231956381
3.578947368421052,-1.0,0.16636142493842218,0.7159018459281872
3.578947368421052,-1.0,0.1971227921517696,0.7246032285076817
3.578947368421052,-1.0,0.23357214690901223,0.7332482026094612
3.578947368421052,-1.0,0.2767612370754227,0.751799319490988
3.578947368421052,-1.0,0.32793628590208806,0.7831835307756265
3.578947368421052,-1.0,0.3885739518570975,0.7826368536152751
3.578947368421052,-1.0,0.460423937675878,0.8008091889370094
3.578947368421052,-1.0,0.5455594781168519,0.8048168055102646
3.578947368421052,-1.0,0.646437163249006,0.8016680392478892
3.578947368421052,-1.0,0.7659678234751834,0.7967901843384184
3.578947368421052,-1.0,0.907600521681814,0.7790364676146528
3.578947368421052,-1.0,1.0754220761125606,0.7609054366306576
3.578947368421052,-1.0,1.2742749857031335,0.7413404948901325
3.578947368421052,-1.0,1.5098971606184193,0.7158706797758487
3.578947368421052,-1.0,1.789087489923219,0.693270869146596
3.578947368421052,-1.0,2.1199020238496082,0.6665617538543062
3.578947368421052,-1.0,2.51188643150958,0.6480752101278756
3.578947368421052,-0.736842105263158,0.09999999999999999,0.67513631565499
3.578947368421052,-0.736842105263158,0.11849068510006666,0.6835385949001794
3.578947368421052,-0.736842105263158,0.1404004245548316,0.7110009925498515
3.578947368421052,-0.736842105263158,0.16636142493842218,0.7176367240699677
3.578947368421052,-0.736842105263158,0.1971227921517696,0.726423756288777
3.578947368421052,-0.736842105263158,0.23357214690901223,0.7515986619570204
3.578947368421052,-0.736842105263158,0.2767612370754227,0.7548367290713416
3.578947368421052,-0.736842105263158,0.32793628590208806,0.7796043086587147
3.578947368421052,-0.736842105263158,0.3885739518570975,0.7917445643267265
3.578947368421052,-0.736842105263158,0.460423937675878,0.7881045556748408
3.578947368421052,-0.736842105263158,0.5455594781168519,0.8003850191135152
3.578947368421052,-0.736842105263158,0.646437163249006,0.8022753024144642
3.578947368421052,-0.736842105263158,0.7659678234751834,0.7914439613634826
3.578947368421052,-0.736842105263158,0.907600521681814,0.7802524449535878
3.578947368421052,-0.736842105263158,1.0754220761125606,0.7682027861501919
3.578947368421052,-0.736842105263158,1.2742749857031335,0.739768456431664
3.578947368421052,-0.736842105263158,1.5098971606184193,0.719542496276574
3.578947368421052,-0.736842105263158,1.789087489923219,0.6921841190154928
3.578947368421052,-0.736842105263158,2.1199020238496082,0.6728487860961001
3.578947368421052,-0.736842105263158,2.51188643150958,0.6481063293590915
3.578947368421052,-0.4736842105263158,0.09999999999999999,0.6829524596862107
3.578947368421052,-0.4736842105263158,0.11849068510006666,0.705196473216486
3.578947368421052,-0.4736842105263158,0.1404004245548316,0.6868977268928326
3.578947368421052,-0.4736842105263158,0.16636142493842218,0.7228186709590363
3.578947368421052,-0.4736842105263158,0.1971227921517696,0.730242924815011
3.578947368421052,-0.4736842105263158,0.23357214690901223,0.7428167878230498
3.578947368421052,-0.4736842105263158,0.2767612370754227,0.753930280329016
3.578947368421052,-0.4736842105263158,0.32793628590208806,0.7683191827824624
3.578947368421052,-0.4736842105263158,0.3885739518570975,0.7741192201696749
3.578947368421052,-0.4736842105263158,0.460423937675878,0.8003831483848679
3.578947368421052,-0.4736842105263158,0.5455594781168519,0.8032693278147799
3.578947368421052,-0.4736842105263158,0.646437163249006,0.8107161885048209
3.578947368421052,-0.4736842105263158,0.7659678234751834,0.7952603106450883
3.578947368421052,-0.4736842105263158,0.907600521681814,0.7855285136829362
3.578947368421052,-0.4736842105263158,1.0754220761125606,0.7676551508962052
3.578947368421052,-0.4736842105263158,1.2742749857031335,0.7376925466008325
3.578947368421052,-0.4736842105263158,1.5098971606184193,0.7207699873539509
3.578947368421052,-0.4736842105263158,1.789087489923219,0.6932100722642482
3.578947368421052,-0.4736842105263158,2.1199020238496082,0.6697276851365987
3.578947368421052,-0.4736842105263158,2.51188643150958,0.6483287952415587
3.578947368421052,-0.21052631578947367,0.09999999999999999,0.6877143434452747
3.578947368421052,-0.21052631578947367,0.11849068510006666,0.6846259681461913
3.578947368421052,-0.21052631578947367,0.1404004245548316,0.706106678391896
3.578947368421052,-0.21052631578947367,0.16636142493842218,0.7163561593036909
3.578947368421052,-0.21052631578947367,0.1971227921517696,0.7306714427995962
3.578947368421052,-0.21052631578947367,0.23357214690901223,0.7360684888532206
3.578947368421052,-0.21052631578947367,0.2767612370754227,0.7642176391987701
3.578947368421052,-0.21052631578947367,0.32793628590208806,0.7752760442879382
3.578947368421052,-0.21052631578947367,0.3885739518570975,0.7768772482848666
3.578947368421052,-0.21052631578947367,0.460423937675878,0.79206306567249
3.578947368421052,-0.21052631578947367,0.5455594781168519,0.8070523500875002
3.578947368421052,-0.21052631578947367,0.646437163249006,0.801470698586742
3.578947368421052,-0.21052631578947367,0.7659678234751834,0.7986667348191437
3.578947368421052,-0.21052631578947367,0.907600521681814,0.7835338105610722
3.578947368421052,-0.21052631578947367,1.0754220761125606,0.7603956641020704
3.578947368421052,-0.21052631578947367,1.2742749857031335,0.7448407116583268
3.578947368421052,-0.21052631578947367,1.5098971606184193,0.7161536573594532
3.578947368421052,-0.21052631578947367,1.789087489923219,0.6945885994423775
3.578947368421052,-0.21052631578947367,2.1199020238496082,0.6650382394680485
3.578947368421052,-0.21052631578947367,2.51188643150958,0.6465437385857712
3.578947368421052,0.05263157894736836,0.09999999999999999,0.6796413773114031
3.578947368421052,0.05263157894736836,0.11849068510006666,0.6721396441014033
3.578947368421052,0.05263157894736836,0.1404004245548316,0.7033905302209006
3.578947368421052,0.05263157894736836,0.16636142493842218,0.7155943889538646
3.578947368421052,0.05263157894736836,0.1971227921517696,0.7252381837542027
3.578947368421052,0.05263157894736836,0.23357214690901223,0.7379772710212513
3.578947368421052,0.05263157894736836,0.2767612370754227,0.7578778449599757
3.578947368421052,0.05263157894736836,0.32793628590208806,0.7804060548551384
3.578947368421052,0.05263157894736836,0.3885739518570975,0.782914933378672
3.578947368421052,0.05263157894736836,0.460423937675878,0.7929637919577095
3.578947368421052,0.05263157894736836,0.5455594781168519,0.7959018836330037
3.578947368421052,0.05263157894736836,0.646437163249006,0.808642255811673
3.578947368421052,0.05263157894736836,0.7659678234751834,0.7867777162062967
3.578947368421052,0.05263157894736836,0.907600521681814,0.7830873499500474
3.578947368421052,0.05263157894736836,1.0754220761125606,0.7603341756856673
3.578947368421052,0.05263157894736836,1.2742749857031335,0.7370474107912968
3.578947368421052,0.05263157894736836,1.5098971606184193,0.7244343902534994
3.578947368421052,0.05263157894736836,1.789087489923219,0.6916505241170029
3.578947368421052,0.05263157894736836,2.1199020238496082,0.6707381780127688
3.578947368421052,0.05263157894736836,2.51188643150958,0.6491248637884647
3.578947368421052,0.3157894736842104,0.09999999999999999,0.6828898035854685
3.578947368421052,0.3157894736842104,0.11849068510006666,0.6942181305118887
3.578947368421052,0.3157894736842104,0.1404004245548316,0.700044500971323
3.578947368421052,0.3157894736842104,0.16636142493842218,0.7092907859141852
3.578947368421052,0.3157894736842104,0.1971227921517696,0.7299219690896259
3.578947368421052,0.3157894736842104,0.23357214690901223,0.7388699527441007
3.578947368421052,0.3157894736842104,0.2767612370754227,0.7595160167971893
3.578947368421052,0.3157894736842104,0.32793628590208806,0.771925689564902
3.578947368421052,0.3157894736842104,0.3885739518570975,0.7822519935384513
3.578947368421052,0.3157894736842104,0.460423937675878,0.7948927593859265
3.578947368421052,0.3157894736842104,0.5455594781168519,0.8001901394589835
3.578947368421052,0.3157894736842104,0.646437163249006,0.7994321845584198
3.578947368421052,0.3157894736842104,0.7659678234751834,0.7945955362421435
3.578947368421052,0.3157894736842104,0.907600521681814,0.7783800912199255
3.578947368421052,0.3157894736842104,1.0754220761125606,0.7654316456101983
3.578947368421052,0.3157894736842104,1.2742749857031335,0.741598886190972
3.578947368421052,0.3157894736842104,1.5098971606184193,0.7221623900394635
3.578947368421052,0.3157894736842104,1.789087489923219,0.6921212299680802
3.578947368421052,0.3157894736842104,2.1199020238496082,0.6681293416243304
3.578947368421052,0.3157894736842104,2.51188643150958,0.647277155998086
3.578947368421052,0.5789473684210527,0.09999999999999999,0.6750912166102112
3.578947368421052,0.5789473684210527,0.11849068510006666,0.6877766414170081
3.578947368421052,0.5789473684210527,0.1404004245548316,0.6992544056173309
3.578947368421052,0.5789473684210527,0.16636142493842218,0.7227447501469318
3.578947368421052,0.5789473684210527,0.1971227921517696,0.7318329561165797
3.578947368421052,0.5789473684210527,0.23357214690901223,0.7368652199307857
3.578947368421052,0.5789473684210527,0.2767612370754227,0.769074761174568
3.578947368421052,0.5789473684210527,0.32793628590208806,0.7739686424974674
3.578947368421052,0.5789473684210527,0.3885739518570975,0.7942185136448606
3.578947368421052,0.5789473684210527,0.460423937675878,0.7980316292929425
3.578947368421052,0.5789473684210527,0.5455594781168519,0.8020369945158009
3.578947368421052,0.5789473684210527,0.646437163249006,0.799975412849786
3.578947368421052,0.5789473684210527,0.7659678234751834,0.7883349194213024
3.578947368421052,0.5789473684210527,0.907600521681814,0.7844142018180182
3.578947368421052,0.5789473684210527,1.0754220761125606,0.7616914963520729
3.578947368421052,0.5789473684210527,1.2742749857031335,0.7425006538847114
3.578947368421052,0.5789473684210527,1.5098971606184193,0.7177693131139682
3.578947368421052,0.5789473684210527,1.789087489923219,0.6935027920108061
3.578947368421052,0.5789473684210527,2.1199020238496082,0.6675089323431666
3.578947368421052,0.5789473684210527,2.51188643150958,0.6484424776859544
3.578947368421052,0.8421052631578947,0.09999999999999999,0.681250457453074
3.578947368421052,0.8421052631578947,0.11849068510006666,0.6827830711762835
3.578947368421052,0.8421052631578947,0.1404004245548316,0.6984381062214404
3.578947368421052,0.8421052631578947,0.16636142493842218,0.7160534988869046
3.578947368421052,0.8421052631578947,0.1971227921517696,0.7366871462362248
3.578947368421052,0.8421052631578947,0.23357214690901223,0.7385301532170425
3.578947368421052,0.8421052631578947,0.2767612370754227,0.7426295127535467
3.578947368421052,0.8421052631578947,0.32793628590208806,0.7705676021724513
3.578947368421052,0.8421052631578947,0.3885739518570975,0.7926105832187886
3.578947368421052,0.8421052631578947,0.460423937675878,0.800255657888239
3.578947368421052,0.8421052631578947,0.5455594781168519,0.7962362369592765
3.578947368421052,0.8421052631578947,0.646437163249006,0.8010416288949447
3.578947368421052,0.8421052631578947,0.7659678234751834,0.7910558540294348
3.578947368421052,0.8421052631578947,0.907600521681814,0.7804082440946253
3.578947368421052,0.8421052631578947,1.0754220761125606,0.7669344594306803
3.578947368421052,0.8421052631578947,1.2742749857031335,0.7420968277718966
3.578947368421052,0.8421052631578947,1.5098971606184193,0.7172258289433081
3.578947368421052,0.8421052631578947,1.789087489923219,0.6969685334626634
3.578947368421052,0.8421052631578947,2.1199020238496082,0.6716041290391009
3.578947368421052,0.8421052631578947,2.51188643150958,0.6492028055215617
3.578947368421052,1.1052631578947367,0.09999999999999999,0.6733765472283708
3.578947368421052,1.1052631578947367,0.11849068510006666,0.6965539936072906
3.578947368421052,1.1052631578947367,0.1404004245548316,0.7009572295857668
3.578947368421052,1.1052631578947367,0.16636142493842218,0.7138581334200647
3.578947368421052,1.1052631578947367,0.1971227921517696,0.7317389983740196
3.578947368421052,1.1052631578947367,0.23357214690901223,0.7520558079437062
3.578947368421052,1.1052631578947367,0.2767612370754227,0.7605072977045224
3.578947368421052,1.1052631578947367,0.32793628590208806,0.779603589942655
3.578947368421052,1.1052631578947367,0.3885739518570975,0.7822133317108018
3.578947368421052,1.1052631578947367,0.460423937675878,0.793088993894225
3.578947368421052,1.1052631578947367,0.5455594781168519,0.802432788820995
3.578947368421052,1.1052631578947367,0.646437163249006,0.8046894501962709
3.578947368421052,1.1052631578947367,0.7659678234751834,0.8017862043927059
3.578947368421052,1.1052631578947367,0.907600521681814,0.7745873426445519
3.578947368421052,1.1052631578947367,1.0754220761125606,0.7667693810314679
3.578947368421052,1.1052631578947367,1.2742749857031335,0.7400315735975157
3.578947368421052,1.1052631578947367,1.5098971606184193,0.7149501398859895
3.578947368421052,1.1052631578947367,1.789087489923219,0.6917916365198832
3.578947368421052,1.1052631578947367,2.1199020238496082,0.6693316272685066
3.578947368421052,1.1052631578947367,2.51188643150958,0.6486666201545648
3.578947368421052,1.3684210526315788,0.09999999999999999,0.6809799123410218
3.578947368421052,1.3684210526315788,0.11849068510006666,0.684445363831417
3.578947368421052,1.3684210526315788,0.1404004245548316,0.7152187976597398
3.578947368421052,1.3684210526315788,0.16636142493842218,0.7046641949694626
3.578947368421052,1.3684210526315788,0.1971227921517696,0.7228572636158509
3.578947368421052,1.3684210526315788,0.23357214690901223,0.743933354327227
3.578947368421052,1.3684210526315788,0.2767612370754227,0.7558504148300553
3.578947368421052,1.3684210526315788,0.32793628590208806,0.7719235112952757
3.578947368421052,1.3684210526315788,0.3885739518570975,0.782113909690919
3.578947368421052,1.3684210526315788,0.460423937675878,0.7991222121165835
3.578947368421052,1.3684210526315788,0.5455594781168519,0.7930036921667031
3.578947368421052,1.3684210526315788,0.646437163249006,0.806071007111125
3.578947368421052,1.3684210526315788,0.7659678234751834,0.7968627137816215
3.578947368421052,1.3684210526315788,0.907600521681814,0.786623211588056
3.578947368421052,1.3684210526315788,1.0754220761125606,0.7665456502974286
3.578947368421052,1.3684210526315788,1.2742749857031335,0.7461348926977499
3.578947368421052,1.3684210526315788,1.5098971606184193,0.7186744716132191
3.578947368421052,1.3684210526315788,1.789087489923219,0.6944908517012238
3.578947368421052,1.3684210526315788,2.1199020238496082,0.6746900427563816
3.578947368421052,1.3684210526315788,2.51188643150958,0.6479067320553608
3.578947368421052,1.6315789473684208,0.09999999999999999,0.6867436150718744
3.578947368421052,1.6315789473684208,0.11849068510006666,0.7014392547465174
3.578947368421052,1.6315789473684208,0.1404004245548316,0.701658042090387
3.578947368421052,1.6315789473684208,0.16636142493842218,0.7138011653313344
3.578947368421052,1.6315789473684208,0.1971227921517696,0.738356574444819
3.578947368421052,1.6315789473684208,0.23357214690901223,0.7468759391690564
3.578947368421052,1.6315789473684208,0.2767612370754227,0.7668326179903635
3.578947368421052,1.6315789473684208,0.32793628590208806,0.7755982990565637
3.578947368421052,1.6315789473684208,0.3885739518570975,0.7914577356804331
3.578947368421052,1.6315789473684208,0.460423937675878,0.7921771695101152
3.578947368421052,1.6315789473684208,0.5455594781168519,0.7920262918050982
3.578947368421052,1.6315789473684208,0.646437163249006,0.8029439690633792
3.578947368421052,1.6315789473684208,0.7659678234751834,0.8015033820402689
3.578947368421052,1.6315789473684208,0.907600521681814,0.7804983846009059
3.578947368421052,1.6315789473684208,1.0754220761125606,0.7717563140667453
3.578947368421052,1.6315789473684208,1.2742749857031335,0.7366692498139152
3.578947368421052,1.6315789473684208,1.5098971606184193,0.7141814505175113
3.578947368421052,1.6315789473684208,1.789087489923219,0.6941443882521299
3.578947368421052,1.6315789473684208,2.1199020238496082,0.6725118962587227
3.578947368421052,1.6315789473684208,2.51188643150958,0.6481106811137731
3.578947368421052,1.8947368421052628,0.09999999999999999,0.6757283130488997
3.578947368421052,1.8947368421052628,0.11849068510006666,0.7025668538830097
3.578947368421052,1.8947368421052628,0.1404004245548316,0.714667701336538
3.578947368421052,1.8947368421052628,0.16636142493842218,0.7108880875473811
3.578947368421052,1.8947368421052628,0.1971227921517696,0.7265862873867491
3.578947368421052,1.8947368421052628,0.23357214690901223,0.7439180078650398
3.578947368421052,1.8947368421052628,0.2767612370754227,0.7669420996507675
3.578947368421052,1.8947368421052628,0.32793628590208806,0.7708157128609422
3.578947368421052,1.8947368421052628,0.3885739518570975,0.7861823391668683
3.578947368421052,1.8947368421052628,0.460423937675878,0.800077336563444
3.578947368421052,1.8947368421052628,0.5455594781168519,0.8007513562607813
3.578947368421052,1.8947368421052628,0.646437163249006,0.8042641083135293
3.578947368421052,1.8947368421052628,0.7659678234751834,0.8007525734170448
3.578947368421052,1.8947368421052628,0.907600521681814,0.7845684104115425
3.578947368421052,1.8947368421052628,1.0754220761125606,0.7665614615660491
3.578947368421052,1.8947368421052628,1.2742749857031335,0.7415293659275589
3.578947368421052,1.8947368421052628,1.5098971606184193,0.7251470023291938
3.578947368421052,1.8947368421052628,1.789087489923219,0.6941768893381425
3.578947368421052,1.8947368421052628,2.1199020238496082,0.6710047238554666
3.578947368421052,1.8947368421052628,2.51188643150958,0.6500276151036622
3.578947368421052,2.1578947368421053,0.09999999999999999,0.6991108599492322
3.578947368421052,2.1578947368421053,0.11849068510006666,0.7042943651676568
3.578947368421052,2.1578947368421053,0.1404004245548316,0.7214808746568322
3.578947368421052,2.1578947368421053,0.16636142493842218,0.7253991562694858
3.578947368421052,2.1578947368421053,0.1971227921517696,0.7500906415447436
3.578947368421052,2.1578947368421053,0.23357214690901223,0.7660811839646406
3.578947368421052,2.1578947368421053,0.2767612370754227,0.777636619766627
3.578947368421052,2.1578947368421053,0.32793628590208806,0.7768987304765795
3.578947368421052,2.1578947368421053,0.3885739518570975,0.7839402937336454
3.578947368421052,2.1578947368421053,0.460423937675878,0.8029912948548347
3.578947368421052,2.1578947368421053,0.5455594781168519,0.810441146077651
3.578947368421052,2.1578947368421053,0.646437163249006,0.8062976312099551
3.578947368421052,2.1578947368421053,0.7659678234751834,0.8046994802403091
3.578947368421052,2.1578947368421053,0.907600521681814,0.7873680817872704
3.578947368421052,2.1578947368421053,1.0754220761125606,0.7706467798190931
3.578947368421052,2.1578947368421053,1.2742749857031335,0.751098383824362
3.578947368421052,2.1578947368421053,1.5098971606184193,0.7215791055269497
3.578947368421052,2.1578947368421053,1.789087489923219,0.695241233195188
3.578947368421052,2.1578947368421053,2.1199020238496082,0.670836122371368
3.578947368421052,2.1578947368421053,2.51188643150958,0.6513404734116275
3.578947368421052,2.4210526315789473,0.09999999999999999,0.6962923095752852
3.578947368421052,2.4210526315789473,0.11849068510006666,0.6998318971534866
3.578947368421052,2.4210526315789473,0.1404004245548316,0.7189584353111775
3.578947368421052,2.4210526315789473,0.16636142493842218,0.7391884959033969
3.578947368421052,2.4210526315789473,0.1971227921517696,0.7497278122842612
3.578947368421052,2.4210526315789473,0.23357214690901223,0.7530983620473555
3.578947368421052,2.4210526315789473,0.2767612370754227,0.7779971413379593
3.578947368421052,2.4210526315789473,0.32793628590208806,0.7756535395335357
3.578947368421052,2.4210526315789473,0.3885739518570975,0.8004822574374266
3.578947368421052,2.4210526315789473,0.460423937675878,0.8060494593043822
3.578947368421052,2.4210526315789473,0.5455594781168519,0.8188939586586318
3.578947368421052,2.4210526315789473,0.646437163249006,0.8167517648571025
3.578947368421052,2.4210526315789473,0.7659678234751834,0.8135353754185524
3.578947368421052,2.4210526315789473,0.907600521681814,0.7936006986503634
3.578947368421052,2.4210526315789473,1.0754220761125606,0.7720146369932644
3.578947368421052,2.4210526315789473,1.2742749857031335,0.753504616818068
3.578947368421052,2.4210526315789473,1.5098971606184193,0.7272782490590552
3.578947368421052,2.4210526315789473,1.789087489923219,0.6959323156802111
3.578947368421052,2.4210526315789473,2.1199020238496082,0.6742567872405488
3.578947368421052,2.4210526315789473,2.51188643150958,0.6547404597400401
3.578947368421052,2.6842105263157894,0.09999999999999999,0.7121216123322573
3.578947368421052,2.6842105263157894,0.11849068510006666,0.717442660351478
3.578947368421052,2.6842105263157894,0.1404004245548316,0.7342094203774634
3.578947368421052,2.6842105263157894,0.16636142493842218,0.7349541439715076
3.578947368421052,2.6842105263157894,0.1971227921517696,0.7465998622553197
3.578947368421052,2.6842105263157894,0.23357214690901223,0.7730543938617278
3.578947368421052,2.6842105263157894,0.2767612370754227,0.7829751489978961
3.578947368421052,2.6842105263157894,0.32793628590208806,0.7857919891543108
3.578947368421052,2.6842105263157894,0.3885739518570975,0.8070104998254011
3.578947368421052,2.6842105263157894,0.460423937675878,0.8105917566323465
3.578947368421052,2.6842105263157894,0.5455594781168519,0.82566763608857
3.578947368421052,2.6842105263157894,0.646437163249006,0.8213557956524611
3.578947368421052,2.6842105263157894,0.7659678234751834,0.808889657398515
3.578947368421052,2.6842105263157894,0.907600521681814,0.8015744088789876
3.578947368421052,2.6842105263157894,1.0754220761125606,0.7827626525523204
3.578947368421052,2.6842105263157894,1.2742749857031335,0.7540137728625788
3.578947368421052,2.6842105263157894,1.5098971606184193,0.733687995730682
3.578947368421052,2.6842105263157894,1.789087489923219,0.7039299400595372
3.578947368421052,2.6842105263157894,2.1199020238496082,0.6842712403345838
3.578947368421052,2.6842105263157894,2.51188643150958,0.6578961663592129
3.578947368421052,2.9473684210526314,0.09999999999999999,0.7034457355944381
3.578947368421052,2.9473684210526314,0.11849068510006666,0.7234778359440507
3.578947368421052,2.9473684210526314,0.1404004245548316,0.7229936668409088
3.578947368421052,2.9473684210526314,0.16636142493842218,0.7430150228910365
3.578947368421052,2.9473684210526314,0.1971227921517696,0.7538263751400102
3.578947368421052,2.9473684210526314,0.23357214690901223,0.7705096114467826
3.578947368421052,2.9473684210526314,0.2767612370754227,0.7831735117159764
3.578947368421052,2.9473684210526314,0.32793628590208806,0.7960428026081862
3.578947368421052,2.9473684210526314,0.3885739518570975,0.8123846098193407
3.578947368421052,2.9473684210526314,0.460423937675878,0.8127916293997964
3.578947368421052,2.9473684210526314,0.5455594781168519,0.8262478840548552
3.578947368421052,2.9473684210526314,0.646437163249006,0.8351453301971108
3.578947368421052,2.9473684210526314,0.7659678234751834,0.8257314836179034
3.578947368421052,2.9473684210526314,0.907600521681814,0.8148932225823539
3.578947368421052,2.9473684210526314,1.0754220761125606,0.7926889546703714
3.578947368421052,2.9473684210526314,1.2742749857031335,0.7706731514997648
3.578947368421052,2.9473684210526314,1.5098971606184193,0.743070665987849
3.578947368421052,2.9473684210526314,1.789087489923219,0.7126596704915027
3.578947368421052,2.9473684210526314,2.1199020238496082,0.6857629513291806
3.578947368421052,2.9473684210526314,2.51188643150958,0.663048388639152
3.578947368421052,3.2105263157894735,0.09999999999999999,0.7084256229048144
3.578947368421052,3.2105263157894735,0.11849068510006666,0.7049150515504164
3.578947368421052,3.2105263157894735,0.1404004245548316,0.7254922860570033
3.578947368421052,3.2105263157894735,0.16636142493842218,0.7114537827992011
3.578947368421052,3.2105263157894735,0.1971227921517696,0.7451622899027577
3.578947368421052,3.2105263157894735,0.23357214690901223,0.7600899458523621
3.578947368421052,3.2105263157894735,0.2767612370754227,0.7745490245368699
3.578947368421052,3.2105263157894735,0.32793628590208806,0.7808937246068578
3.578947368421052,3.2105263157894735,0.3885739518570975,0.8001879798506272
3.578947368421052,3.2105263157894735,0.460423937675878,0.8123498124391924
3.578947368421052,3.2105263157894735,0.5455594781168519,0.8282237833416256
3.578947368421052,3.2105263157894735,0.646437163249006,0.8255461482042218
3.578947368421052,3.2105263157894735,0.7659678234751834,0.8264752409668571
3.578947368421052,3.2105263157894735,0.907600521681814,0.81482202302022
3.578947368421052,3.2105263157894735,1.0754220761125606,0.8011120577906015
3.578947368421052,3.2105263157894735,1.2742749857031335,0.7772646731135011
3.578947368421052,3.2105263157894735,1.5098971606184193,0.749575186122354
3.578947368421052,3.2105263157894735,1.789087489923219,0.7248723395487282
3.578947368421052,3.2105263157894735,2.1199020238496082,0.6977429243621022
3.578947368421052,3.2105263157894735,2.51188643150958,0.6671957810919478
3.578947368421052,3.473684210526316,0.09999999999999999,0.6110734850504227
3.578947368421052,3.473684210526316,0.11849068510006666,0.6477602784869128
3.578947368421052,3.473684210526316,0.1404004245548316,0.6545511002376203
3.578947368421052,3.473684210526316,0.16636142493842218,0.6594216111281546
3.578947368421052,3.473684210526316,0.1971227921517696,0.6668893849737265
3.578947368421052,3.473684210526316,0.23357214690901223,0.6907831946834189
3.578947368421052,3.473684210526316,0.2767612370754227,0.7240004159510837
3.578947368421052,3.473684210526316,0.32793628590208806,0.7373512207281192
3.578947368421052,3.473684210526316,0.3885739518570975,0.7599807670553407
3.578947368421052,3.473684210526316,0.460423937675878,0.7913285648890569
3.578947368421052,3.473684210526316,0.5455594781168519,0.7947119141351253
3.578947368421052,3.473684210526316,0.646437163249006,0.79737167172392
3.578947368421052,3.473684210526316,0.7659678234751834,0.8050492702857898
3.578947368421052,3.473684210526316,0.907600521681814,0.8028057630632629
3.578947368421052,3.473684210526316,1.0754220761125606,0.7956812832241883
3.578947368421052,3.473684210526316,1.2742749857031335,0.7757896031658079
3.578947368421052,3.473684210526316,1.5098971606184193,0.759489141779507
3.578947368421052,3.473684210526316,1.789087489923219,0.7306533029820914
3.578947368421052,3.473684210526316,2.1199020238496082,0.7064090746227408
3.578947368421052,3.473684210526316,2.51188643150958,0.6777143931522475
3.578947368421052,3.7368421052631575,0.09999999999999999,0.5112164721411825
3.578947368421052,3.7368421052631575,0.11849068510006666,0.5330184764161014
3.578947368421052,3.7368421052631575,0.1404004245548316,0.5506448785157215
3.578947368421052,3.7368421052631575,0.16636142493842218,0.5652889628057202
3.578947368421052,3.7368421052631575,0.1971227921517696,0.5773651992441063
3.578947368421052,3.7368421052631575,0.23357214690901223,0.6164392817690472
3.578947368421052,3.7368421052631575,0.2767612370754227,0.6279795932406533
3.578947368421052,3.7368421052631575,0.32793628590208806,0.658678556047566
3.578947368421052,3.7368421052631575,0.3885739518570975,0.6834584471324613
3.578947368421052,3.7368421052631575,0.460423937675878,0.703735448069439
3.578947368421052,3.7368421052631575,0.5455594781168519,0.7275092554316552
3.578947368421052,3.7368421052631575,0.646437163249006,0.7487786364641592
3.578947368421052,3.7368421052631575,0.7659678234751834,0.7774835938186431
3.578947368421052,3.7368421052631575,0.907600521681814,0.7823422887698448
3.578947368421052,3.7368421052631575,1.0754220761125606,0.7779731878184328
3.578947368421052,3.7368421052631575,1.2742749857031335,0.7669820512400227
3.578947368421052,3.7368421052631575,1.5098971606184193,0.7508263957082759
3.578947368421052,3.7368421052631575,1.789087489923219,0.7272205849399667
3.578947368421052,3.7368421052631575,2.1199020238496082,0.7021618316350584
3.578947368421052,3.7368421052631575,2.51188643150958,0.6799728998145305
3.578947368421052,4.0,0.09999999999999999,0.5027573581357796
3.578947368421052,4.0,0.11849068510006666,0.5291465274170652
3.578947368421052,4.0,0.1404004245548316,0.5231951445931423
3.578947368421052,4.0,0.16636142493842218,0.5464859819951529
3.578947368421052,4.0,0.1971227921517696,0.5547113218232786
3.578947368421052,4.0,0.23357214690901223,0.5806937406803808
3.578947368421052,4.0,0.2767612370754227,0.6018650025920068
3.578947368421052,4.0,0.32793628590208806,0.6149180920420141
3.578947368421052,4.0,0.3885739518570975,0.6492386308453346
3.578947368421052,4.0,0.460423937675878,0.6673427645060346
3.578947368421052,4.0,0.5455594781168519,0.6936797599303572
3.578947368421052,4.0,0.646437163249006,0.7263063631387277
3.578947368421052,4.0,0.7659678234751834,0.7387304645947984
3.578947368421052,4.0,0.907600521681814,0.7489787243735773
3.578947368421052,4.0,1.0754220761125606,0.7515292676895211
3.578947368421052,4.0,1.2742749857031335,0.7429040011262849
3.578947368421052,4.0,1.5098971606184193,0.7318796671614255
3.578947368421052,4.0,1.789087489923219,0.7112322980722969
3.578947368421052,4.0,2.1199020238496082,0.6918728085467388
3.578947368421052,4.0,2.51188643150958,0.6731936713026551
3.789473684210526,-1.0,0.09999999999999999,0.6830015824358309
3.789473684210526,-1.0,0.11849068510006666,0.6832996734981552
3.789473684210526,-1.0,0.1404004245548316,0.6902200104650692
3.789473684210526,-1.0,0.16636142493842218,0.7186398871662502
3.789473684210526,-1.0,0.1971227921517696,0.7391386940734169
3.789473684210526,-1.0,0.23357214690901223,0.7457894238876314
3.789473684210526,-1.0,0.2767612370754227,0.7559693446108284
3.789473684210526,-1.0,0.32793628590208806,0.7756789824925294
3.789473684210526,-1.0,0.3885739518570975,0.7801096051444785
3.789473684210526,-1.0,0.460423937675878,0.7962687396804841
3.789473684210526,-1.0,0.5455594781168519,0.7953006302449676
3.789473684210526,-1.0,0.646437163249006,0.7982328587613675
3.789473684210526,-1.0,0.7659678234751834,0.7906016800687987
3.789473684210526,-1.0,0.907600521681814,0.7872207341959612
3.789473684210526,-1.0,1.0754220761125606,0.7694350026185248
3.789473684210526,-1.0,1.2742749857031335,0.7437758045056935
3.789473684210526,-1.0,1.5098971606184193,0.7202431312120933
3.789473684210526,-1.0,1.789087489923219,0.6955959264255167
3.789473684210526,-1.0,2.1199020238496082,0.6690559085466434
3.789473684210526,-1.0,2.51188643150958,0.6485922003035735
3.789473684210526,-0.736842105263158,0.09999999999999999,0.6658858677977804
3.789473684210526,-0.736842105263158,0.11849068510006666,0.6772964323857554
3.789473684210526,-0.736842105263158,0.1404004245548316,0.6945948818159848
3.789473684210526,-0.736842105263158,0.16636142493842218,0.7269823681161617
3.789473684210526,-0.736842105263158,0.1971227921517696,0.7117310958188038
3.789473684210526,-0.736842105263158,0.23357214690901223,0.7519334201886079
3.789473684210526,-0.736842105263158,0.2767612370754227,0.7690373107684646
3.789473684210526,-0.736842105263158,0.32793628590208806,0.7847599322421965
3.789473684210526,-0.736842105263158,0.3885739518570975,0.7827053337998198
3.789473684210526,-0.736842105263158,0.460423937675878,0.7796618332245275
3.789473684210526,-0.736842105263158,0.5455594781168519,0.7898617047529799
3.789473684210526,-0.736842105263158,0.646437163249006,0.7957220913654438
3.789473684210526,-0.736842105263158,0.7659678234751834,0.7990344105725264
3.789473684210526,-0.736842105263158,0.907600521681814,0.7886339958841508
3.789473684210526,-0.736842105263158,1.0754220761125606,0.7634559219829166
3.789473684210526,-0.736842105263158,1.2742749857031335,0.7438926721680271
3.789473684210526,-0.736842105263158,1.5098971606184193,0.7145634105562703
3.789473684210526,-0.736842105263158,1.789087489923219,0.6951939886118068
3.789473684210526,-0.736842105263158,2.1199020238496082,0.6711500026773648
3.789473684210526,-0.736842105263158,2.51188643150958,0.6497978780571839
3.789473684210526,-0.4736842105263158,0.09999999999999999,0.6859750483946832
3.789473684210526,-0.4736842105263158,0.11849068510006666,0.6901321167221074
3.789473684210526,-0.4736842105263158,0.1404004245548316,0.696552825485802
3.789473684210526,-0.4736842105263158,0.16636142493842218,0.7131156309124845
3.789473684210526,-0.4736842105263158,0.1971227921517696,0.7297142939152657
3.789473684210526,-0.4736842105263158,0.23357214690901223,0.7518053774152702
3.789473684210526,-0.4736842105263158,0.2767612370754227,0.7583624046255139
3.789473684210526,-0.4736842105263158,0.32793628590208806,0.7760863363693304
3.789473684210526,-0.4736842105263158,0.3885739518570975,0.7787795885802813
3.789473684210526,-0.4736842105263158,0.460423937675878,0.7965808026785032
3.789473684210526,-0.4736842105263158,0.5455594781168519,0.8002489649978675
3.789473684210526,-0.4736842105263158,0.646437163249006,0.8043758362364611
3.789473684210526,-0.4736842105263158,0.7659678234751834,0.7930031314280792
3.789473684210526,-0.4736842105263158,0.907600521681814,0.7866889014712872
3.789473684210526,-0.4736842105263158,1.0754220761125606,0.7704799105329283
3.789473684210526,-0.4736842105263158,1.2742749857031335,0.7414155220309501
3.789473684210526,-0.4736842105263158,1.5098971606184193,0.7176335013712721
3.789473684210526,-0.4736842105263158,1.789087489923219,0.6916659967298948
3.789473684210526,-0.4736842105263158,2.1199020238496082,0.6703624754974467
3.789473684210526,-0.4736842105263158,2.51188643150958,0.6471370320311679
3.789473684210526,-0.21052631578947367,0.09999999999999999,0.6753963215638505
3.789473684210526,-0.21052631578947367,0.11849068510006666,0.6877529679515377
3.789473684210526,-0.21052631578947367,0.1404004245548316,0.7079852008237657
3.789473684210526,-0.21052631578947367,0.16636142493842218,0.7176741877340332
3.789473684210526,-0.21052631578947367,0.1971227921517696,0.7270455106803224
3.789473684210526,-0.21052631578947367,0.23357214690901223,0.751777135553901
3.789473684210526,-0.21052631578947367,0.2767612370754227,0.7611213310414681
3.789473684210526,-0.21052631578947367,0.32793628590208806,0.7721703699946919
3.789473684210526,-0.21052631578947367,0.3885739518570975,0.7811331794610824
3.789473684210526,-0.21052631578947367,0.460423937675878,0.7948841525845807
3.789473684210526,-0.21052631578947367,0.5455594781168519,0.8081583498864868
3.789473684210526,-0.21052631578947367,0.646437163249006,0.8037262398074625
3.789473684210526,-0.21052631578947367,0.7659678234751834,0.7962941516641161
3.789473684210526,-0.21052631578947367,0.907600521681814,0.7846950053140335
3.789473684210526,-0.21052631578947367,1.0754220761125606,0.7661541988071675
3.789473684210526,-0.21052631578947367,1.2742749857031335,0.7450927193635457
3.789473684210526,-0.21052631578947367,1.5098971606184193,0.7175277670068037
3.789473684210526,-0.21052631578947367,1.789087489923219,0.6955393296253463
3.789473684210526,-0.21052631578947367,2.1199020238496082,0.668441164914398
3.789473684210526,-0.21052631578947367,2.51188643150958,0.6472287002135061
3.789473684210526,0.05263157894736836,0.09999999999999999,0.6755099382930412
3.789473684210526,0.05263157894736836,0.11849068510006666,0.6887548213873301
3.789473684210526,0.05263157894736836,0.1404004245548316,0.6867829771934051
3.789473684210526,0.05263157894736836,0.16636142493842218,0.7187776723511976
3.789473684210526,0.05263157894736836,0.1971227921517696,0.7171271617379382
3.789473684210526,0.05263157894736836,0.23357214690901223,0.7537722470016414
3.789473684210526,0.05263157894736836,0.2767612370754227,0.763590914894286
3.789473684210526,0.05263157894736836,0.32793628590208806,0.7705094217619495
3.789473684210526,0.05263157894736836,0.3885739518570975,0.7837840033957851
3.789473684210526,0.05263157894736836,0.460423937675878,0.7874879467012388
3.789473684210526,0.05263157894736836,0.5455594781168519,0.8032038001641222
3.789473684210526,0.05263157894736836,0.646437163249006,0.8021385764530203
3.789473684210526,0.05263157894736836,0.7659678234751834,0.7981380180687853
3.789473684210526,0.05263157894736836,0.907600521681814,0.7823442143621273
3.789473684210526,0.05263157894736836,1.0754220761125606,0.77421517487265
3.789473684210526,0.05263157894736836,1.2742749857031335,0.74391348319872
3.789473684210526,0.05263157894736836,1.5098971606184193,0.7122347933112044
3.789473684210526,0.05263157894736836,1.789087489923219,0.6935318306362169
3.789473684210526,0.05263157894736836,2.1199020238496082,0.6701792361782001
3.789473684210526,0.05263157894736836,2.51188643150958,0.6496015759586438
3.789473684210526,0.3157894736842104,0.09999999999999999,0.681273180228391
3.789473684210526,0.3157894736842104,0.11849068510006666,0.700371436434483
3.789473684210526,0.3157894736842104,0.1404004245548316,0.7027887183430215
3.789473684210526,0.3157894736842104,0.16636142493842218,0.7039624407635436
3.789473684210526,0.3157894736842104,0.1971227921517696,0.7297575084017464
3.789473684210526,0.3157894736842104,0.23357214690901223,0.7532637706494835
3.789473684210526,0.3157894736842104,0.2767612370754227,0.7580367119962176
3.789473684210526,0.3157894736842104,0.32793628590208806,0.7779708047071133
3.789473684210526,0.3157894736842104,0.3885739518570975,0.7913042109041417
3.789473684210526,0.3157894736842104,0.460423937675878,0.7996112758886729
3.789473684210526,0.3157894736842104,0.5455594781168519,0.8003034070583693
3.789473684210526,0.3157894736842104,0.646437163249006,0.7954674242496542
3.789473684210526,0.3157894736842104,0.7659678234751834,0.788236004432317
3.789473684210526,0.3157894736842104,0.907600521681814,0.7824387626880497
3.789473684210526,0.3157894736842104,1.0754220761125606,0.7631426132176519
3.789473684210526,0.3157894736842104,1.2742749857031335,0.7392399047107807
3.789473684210526,0.3157894736842104,1.5098971606184193,0.7163397932206387
3.789473684210526,0.3157894736842104,1.789087489923219,0.694625977958384
3.789473684210526,0.3157894736842104,2.1199020238496082,0.6685640995023291
3.789473684210526,0.3157894736842104,2.51188643150958,0.6490078979971791
3.789473684210526,0.5789473684210527,0.09999999999999999,0.6786271684534024
3.789473684210526,0.5789473684210527,0.11849068510006666,0.689787582519821
3.789473684210526,0.5789473684210527,0.1404004245548316,0.7109177923726314
3.789473684210526,0.5789473684210527,0.16636142493842218,0.7217281812607146
3.789473684210526,0.5789473684210527,0.1971227921517696,0.7214512950526103
3.789473684210526,0.5789473684210527,0.23357214690901223,0.7411684086808042
3.789473684210526,0.5789473684210527,0.2767612370754227,0.7482454710975184
3.789473684210526,0.5789473684210527,0.32793628590208806,0.7682270061179415
3.789473684210526,0.5789473684210527,0.3885739518570975,0.778778845574987
3.789473684210526,0.5789473684210527,0.460423937675878,0.798568767744673
3.789473684210526,0.5789473684210527,0.5455594781168519,0.8044033272167114
3.789473684210526,0.5789473684210527,0.646437163249006,0.790393652012008
3.789473684210526,0.5789473684210527,0.7659678234751834,0.7981258963027938
3.789473684210526,0.5789473684210527,0.907600521681814,0.778486205809145
3.789473684210526,0.5789473684210527,1.0754220761125606,0.767097310772332
3.789473684210526,0.5789473684210527,1.2742749857031335,0.740554418476148
3.789473684210526,0.5789473684210527,1.5098971606184193,0.7183622151555898
3.789473684210526,0.5789473684210527,1.789087489923219,0.6935257444237738
3.789473684210526,0.5789473684210527,2.1199020238496082,0.6698751553603473
3.789473684210526,0.5789473684210527,2.51188643150958,0.6474080444952934
3.789473684210526,0.8421052631578947,0.09999999999999999,0.6935413832721616
3.789473684210526,0.8421052631578947,0.11849068510006666,0.6945294442693002
3.789473684210526,0.8421052631578947,0.1404004245548316,0.7047071409616449
3.789473684210526,0.8421052631578947,0.16636142493842218,0.7152150510129465
3.789473684210526,0.8421052631578947,0.1971227921517696,0.7250499438849572
3.789473684210526,0.8421052631578947,0.23357214690901223,0.7503142263710212
3.789473684210526,0.8421052631578947,0.2767612370754227,0.7583001308430836
3.789473684210526,0.8421052631578947,0.32793628590208806,0.7654799084373358
3.789473684210526,0.8421052631578947,0.3885739518570975,0.7727192580473718
3.789473684210526,0.8421052631578947,0.460423937675878,0.7925449768799504
3.789473684210526,0.8421052631578947,0.5455594781168519,0.7953052417927308
3.789473684210526,0.8421052631578947,0.646437163249006,0.8033183141273444
3.789473684210526,0.8421052631578947,0.7659678234751834,0.7968330716256997
3.789473684210526,0.8421052631578947,0.907600521681814,0.7839633137758902
3.789473684210526,0.8421052631578947,1.0754220761125606,0.7594600026717189
3.789473684210526,0.8421052631578947,1.2742749857031335,0.7406078651126601
3.789473684210526,0.8421052631578947,1.5098971606184193,0.7171864250520341
3.789473684210526,0.8421052631578947,1.789087489923219,0.6933338122640357
3.789473684210526,0.8421052631578947,2.1199020238496082,0.6702422811032288
3.789473684210526,0.8421052631578947,2.51188643150958,0.6487951602527046
3.789473684210526,1.1052631578947367,0.09999999999999999,0.6699975059233758
3.789473684210526,1.1052631578947367,0.11849068510006666,0.6961867381163814
3.789473684210526,1.1052631578947367,0.1404004245548316,0.6955327055192674
3.789473684210526,1.1052631578947367,0.16636142493842218,0.7212056053014605
3.789473684210526,1.1052631578947367,0.1971227921517696,0.7334319750508667
3.789473684210526,1.1052631578947367,0.23357214690901223,0.7454182511646361
3.789473684210526,1.1052631578947367,0.2767612370754227,0.7608018250752321
3.789473684210526,1.1052631578947367,0.32793628590208806,0.7767432373778081
3.789473684210526,1.1052631578947367,0.3885739518570975,0.7887804123856706
3.789473684210526,1.1052631578947367,0.460423937675878,0.7944857013091788
3.789473684210526,1.1052631578947367,0.5455594781168519,0.7986580312408622
3.789473684210526,1.1052631578947367,0.646437163249006,0.8041035152441885
3.789473684210526,1.1052631578947367,0.7659678234751834,0.7901105799444932
3.789473684210526,1.1052631578947367,0.907600521681814,0.7869882576686067
3.789473684210526,1.1052631578947367,1.0754220761125606,0.7590204598120434
3.789473684210526,1.1052631578947367,1.2742749857031335,0.7516527327092067
3.789473684210526,1.1052631578947367,1.5098971606184193,0.7188388853131902
3.789473684210526,1.1052631578947367,1.789087489923219,0.6930883931086564
3.789473684210526,1.1052631578947367,2.1199020238496082,0.6722107842005746
3.789473684210526,1.1052631578947367,2.51188643150958,0.6482850452624945
3.789473684210526,1.3684210526315788,0.09999999999999999,0.6745967256671364
3.789473684210526,1.3684210526315788,0.11849068510006666,0.6795317539772555
3.789473684210526,1.3684210526315788,0.1404004245548316,0.6992353846525176
3.789473684210526,1.3684210526315788,0.16636142493842218,0.729124737640038
3.789473684210526,1.3684210526315788,0.1971227921517696,0.7404392319153827
3.789473684210526,1.3684210526315788,0.23357214690901223,0.7394635465626334
3.789473684210526,1.3684210526315788,0.2767612370754227,0.7668098178038651
3.789473684210526,1.3684210526315788,0.32793628590208806,0.7685245355508082
3.789473684210526,1.3684210526315788,0.3885739518570975,0.7901039442114283
3.789473684210526,1.3684210526315788,0.460423937675878,0.7850169258893999
3.789473684210526,1.3684210526315788,0.5455594781168519,0.798354351513843
3.789473684210526,1.3684210526315788,0.646437163249006,0.7981176560057983
3.789473684210526,1.3684210526315788,0.7659678234751834,0.794151523345159
3.789473684210526,1.3684210526315788,0.907600521681814,0.7828183647452367
3.789473684210526,1.3684210526315788,1.0754220761125606,0.7647897254960834
3.789473684210526,1.3684210526315788,1.2742749857031335,0.7405338698900655
3.789473684210526,1.3684210526315788,1.5098971606184193,0.7184622918249267
3.789473684210526,1.3684210526315788,1.789087489923219,0.6922764095269187
3.789473684210526,1.3684210526315788,2.1199020238496082,0.6704224078844983
3.789473684210526,1.3684210526315788,2.51188643150958,0.6505017118534955
3.789473684210526,1.6315789473684208,0.09999999999999999,0.6849612683942422
3.789473684210526,1.6315789473684208,0.11849068510006666,0.6911039464643909
3.789473684210526,1.6315789473684208,0.1404004245548316,0.7102959302766368
3.789473684210526,1.6315789473684208,0.16636142493842218,0.7115824358105011
3.789473684210526,1.6315789473684208,0.1971227921517696,0.7231702540585487
3.789473684210526,1.6315789473684208,0.23357214690901223,0.7495925444495393
3.789473684210526,1.6315789473684208,0.2767612370754227,0.7625504329178262
3.789473684210526,1.6315789473684208,0.32793628590208806,0.7619454803047795
3.789473684210526,1.6315789473684208,0.3885739518570975,0.7839143479912688
3.789473684210526,1.6315789473684208,0.460423937675878,0.7953918540911098
3.789473684210526,1.6315789473684208,0.5455594781168519,0.80201720640581
3.789473684210526,1.6315789473684208,0.646437163249006,0.808135842426474
3.789473684210526,1.6315789473684208,0.7659678234751834,0.7939988308654263
3.789473684210526,1.6315789473684208,0.907600521681814,0.7908583007639823
3.789473684210526,1.6315789473684208,1.0754220761125606,0.7651821093492798
3.789473684210526,1.6315789473684208,1.2742749857031335,0.7432858902741928
3.789473684210526,1.6315789473684208,1.5098971606184193,0.7219822886639292
3.789473684210526,1.6315789473684208,1.789087489923219,0.6959595071301437
3.789473684210526,1.6315789473684208,2.1199020238496082,0.6710325445850952
3.789473684210526,1.6315789473684208,2.51188643150958,0.6492475443726785
3.789473684210526,1.8947368421052628,0.09999999999999999,0.6927117798752886
3.789473684210526,1.8947368421052628,0.11849068510006666,0.6872204551171927
3.789473684210526,1.8947368421052628,0.1404004245548316,0.7046136338193842
3.789473684210526,1.8947368421052628,0.16636142493842218,0.7179740734232583
3.789473684210526,1.8947368421052628,0.1971227921517696,0.7282492256015636
3.789473684210526,1.8947368421052628,0.23357214690901223,0.7473937408037687
3.789473684210526,1.8947368421052628,0.2767612370754227,0.7524671866915581
3.789473684210526,1.8947368421052628,0.32793628590208806,0.7727882093761628
3.789473684210526,1.8947368421052628,0.3885739518570975,0.7837591628685748
3.789473684210526,1.8947368421052628,0.460423937675878,0.7888690426241605
3.789473684210526,1.8947368421052628,0.5455594781168519,0.7990215369608383
3.789473684210526,1.8947368421052628,0.646437163249006,0.8019023746681444
3.789473684210526,1.8947368421052628,0.7659678234751834,0.7920993851058759
3.789473684210526,1.8947368421052628,0.907600521681814,0.7886914051159265
3.789473684210526,1.8947368421052628,1.0754220761125606,0.7666139340808121
3.789473684210526,1.8947368421052628,1.2742749857031335,0.7453847389722844
3.789473684210526,1.8947368421052628,1.5098971606184193,0.7173246254396592
3.789473684210526,1.8947368421052628,1.789087489923219,0.6935663623295992
3.789473684210526,1.8947368421052628,2.1199020238496082,0.6710625068240311
3.789473684210526,1.8947368421052628,2.51188643150958,0.6500816580449702
3.789473684210526,2.1578947368421053,0.09999999999999999,0.6753803250159731
3.789473684210526,2.1578947368421053,0.11849068510006666,0.6994489715797059
3.789473684210526,2.1578947368421053,0.1404004245548316,0.704289856837547
3.789473684210526,2.1578947368421053,0.16636142493842218,0.7114203849449603
3.789473684210526,2.1578947368421053,0.1971227921517696,0.733928843836523
3.789473684210526,2.1578947368421053,0.23357214690901223,0.7646153535172626
3.789473684210526,2.1578947368421053,0.2767612370754227,0.7646267784358696
3.789473684210526,2.1578947368421053,0.32793628590208806,0.7734535345373602
3.789473684210526,2.1578947368421053,0.3885739518570975,0.7827698988801962
3.789473684210526,2.1578947368421053,0.460423937675878,0.7924973888785597
3.789473684210526,2.1578947368421053,0.5455594781168519,0.8085159593011145
3.789473684210526,2.1578947368421053,0.646437163249006,0.8092565053081918
3.789473684210526,2.1578947368421053,0.7659678234751834,0.7976549963505005
3.789473684210526,2.1578947368421053,0.907600521681814,0.7837704137099832
3.789473684210526,2.1578947368421053,1.0754220761125606,0.7704669646731247
3.789473684210526,2.1578947368421053,1.2742749857031335,0.741318040145461
3.789473684210526,2.1578947368421053,1.5098971606184193,0.7193003380843285
3.789473684210526,2.1578947368421053,1.789087489923219,0.6940114983642063
3.789473684210526,2.1578947368421053,2.1199020238496082,0.6697494733270264
3.789473684210526,2.1578947368421053,2.51188643150958,0.6505398662918938
3.789473684210526,2.4210526315789473,0.09999999999999999,0.6841007726612297
3.789473684210526,2.4210526315789473,0.11849068510006666,0.7074788543876109
3.789473684210526,2.4210526315789473,0.1404004245548316,0.6982892314265184
3.789473684210526,2.4210526315789473,0.16636142493842218,0.7259615433301919
3.789473684210526,2.4210526315789473,0.1971227921517696,0.7350956472506945
3.789473684210526,2.4210526315789473,0.23357214690901223,0.7469204052576077
3.789473684210526,2.4210526315789473,0.2767612370754227,0.7697184623209876
3.789473684210526,2.4210526315789473,0.32793628590208806,0.7713745249745265
3.789473684210526,2.4210526315789473,0.3885739518570975,0.7903262421151683
3.789473684210526,2.4210526315789473,0.460423937675878,0.8069790024893285
3.789473684210526,2.4210526315789473,0.5455594781168519,0.8022205373869291
3.789473684210526,2.4210526315789473,0.646437163249006,0.8094147406746194
3.789473684210526,2.4210526315789473,0.7659678234751834,0.7996942710067453
3.789473684210526,2.4210526315789473,0.907600521681814,0.7867580958940532
3.789473684210526,2.4210526315789473,1.0754220761125606,0.7759646976281518
3.789473684210526,2.4210526315789473,1.2742749857031335,0.7518543450854615
3.789473684210526,2.4210526315789473,1.5098971606184193,0.7227402383266
3.789473684210526,2.4210526315789473,1.789087489923219,0.6942856326876149
3.789473684210526,2.4210526315789473,2.1199020238496082,0.6744400992905357
3.789473684210526,2.4210526315789473,2.51188643150958,0.6521809237895422
3.789473684210526,2.6842105263157894,0.09999999999999999,0.7039455114084631
3.789473684210526,2.6842105263157894,0.11849068510006666,0.6892356227154607
3.789473684210526,2.6842105263157894,0.1404004245548316,0.7050857628136
3.789473684210526,2.6842105263157894,0.16636142493842218,0.7303394327165805
3.789473684210526,2.6842105263157894,0.1971227921517696,0.7412544862567145
3.789473684210526,2.6842105263157894,0.23357214690901223,0.7580277208810102
3.789473684210526,2.6842105263157894,0.2767612370754227,0.7830953870539004
3.789473684210526,2.6842105263157894,0.32793628590208806,0.7847904514703882
3.789473684210526,2.6842105263157894,0.3885739518570975,0.79878987418143
3.789473684210526,2.6842105263157894,0.460423937675878,0.8093732154146005
3.789473684210526,2.6842105263157894,0.5455594781168519,0.8203511373696906
3.789473684210526,2.6842105263157894,0.646437163249006,0.812175311352966
3.789473684210526,2.6842105263157894,0.7659678234751834,0.8070222786621615
3.789473684210526,2.6842105263157894,0.907600521681814,0.7962018256519311
3.789473684210526,2.6842105263157894,1.0754220761125606,0.7801484830033235
3.789473684210526,2.6842105263157894,1.2742749857031335,0.7501845163047682
3.789473684210526,2.6842105263157894,1.5098971606184193,0.7309232487523423
3.789473684210526,2.6842105263157894,1.789087489923219,0.7004891898682112
3.789473684210526,2.6842105263157894,2.1199020238496082,0.6770714122468718
3.789473684210526,2.6842105263157894,2.51188643150958,0.6544117140876062
3.789473684210526,2.9473684210526314,0.09999999999999999,0.7153156907383139
3.789473684210526,2.9473684210526314,0.11849068510006666,0.727935937375031
3.789473684210526,2.9473684210526314,0.1404004245548316,0.7369115458787847
3.789473684210526,2.9473684210526314,0.16636142493842218,0.7454862883881181
3.789473684210526,2.9473684210526314,0.1971227921517696,0.7419483114843752
3.789473684210526,2.9473684210526314,0.23357214690901223,0.7789279510959413
3.789473684210526,2.9473684210526314,0.2767612370754227,0.7647261948752166
3.789473684210526,2.9473684210526314,0.32793628590208806,0.7963852081143079
3.789473684210526,2.9473684210526314,0.3885739518570975,0.81332510011455
3.789473684210526,2.9473684210526314,0.460423937675878,0.8076474237439295
3.789473684210526,2.9473684210526314,0.5455594781168519,0.8244699419967115
3.789473684210526,2.9473684210526314,0.646437163249006,0.8253860239768191
3.789473684210526,2.9473684210526314,0.7659678234751834,0.8097115156361903
3.789473684210526,2.9473684210526314,0.907600521681814,0.7992472229493779
3.789473684210526,2.9473684210526314,1.0754220761125606,0.7811004863548904
3.789473684210526,2.9473684210526314,1.2742749857031335,0.7627701866635344
3.789473684210526,2.9473684210526314,1.5098971606184193,0.732816087296785
3.789473684210526,2.9473684210526314,1.789087489923219,0.7083317708197551
3.789473684210526,2.9473684210526314,2.1199020238496082,0.6789252353235274
3.789473684210526,2.9473684210526314,2.51188643150958,0.6585097931679015
3.789473684210526,3.2105263157894735,0.09999999999999999,0.7083035294696297
3.789473684210526,3.2105263157894735,0.11849068510006666,0.7230168610682479
3.789473684210526,3.2105263157894735,0.1404004245548316,0.7215132689566501
3.789473684210526,3.2105263157894735,0.16636142493842218,0.7313713962045308
3.789473684210526,3.2105263157894735,0.1971227921517696,0.7540434972288931
3.789473684210526,3.2105263157894735,0.23357214690901223,0.7804265056344636
3.789473684210526,3.2105263157894735,0.2767612370754227,0.7809111704465043
3.789473684210526,3.2105263157894735,0.32793628590208806,0.8031450270920613
3.789473684210526,3.2105263157894735,0.3885739518570975,0.8019107141994938
3.789473684210526,3.2105263157894735,0.460423937675878,0.8221597744947255
3.789473684210526,3.2105263157894735,0.5455594781168519,0.8208152212710697
3.789473684210526,3.2105263157894735,0.646437163249006,0.8343743472071072
3.789473684210526,3.2105263157894735,0.7659678234751834,0.8222902651823306
3.789473684210526,3.2105263157894735,0.907600521681814,0.8091105296041662
3.789473684210526,3.2105263157894735,1.0754220761125606,0.7927983613411521
3.789473684210526,3.2105263157894735,1.2742749857031335,0.7684473472235621
3.789473684210526,3.2105263157894735,1.5098971606184193,0.7431525562007399
3.789473684210526,3.2105263157894735,1.789087489923219,0.7152580577424615
3.789473684210526,3.2105263157894735,2.1199020238496082,0.6890843621208856
3.789473684210526,3.2105263157894735,2.51188643150958,0.6658517444319176
3.789473684210526,3.473684210526316,0.09999999999999999,0.6720597171877101
3.789473684210526,3.473684210526316,0.11849068510006666,0.6650984047420648
3.789473684210526,3.473684210526316,0.1404004245548316,0.7169985588646777
3.789473684210526,3.473684210526316,0.16636142493842218,0.7110453767036544
3.789473684210526,3.473684210526316,0.1971227921517696,0.7311510059937834
3.789473684210526,3.473684210526316,0.23357214690901223,0.7373910950860728
3.789473684210526,3.473684210526316,0.2767612370754227,0.7743314992767547
3.789473684210526,3.473684210526316,0.32793628590208806,0.771561922229802
3.789473684210526,3.473684210526316,0.3885739518570975,0.792609478234721
3.789473684210526,3.473684210526316,0.460423937675878,0.8084908067611024
3.789473684210526,3.473684210526316,0.5455594781168519,0.8195463269886669
3.789473684210526,3.473684210526316,0.646437163249006,0.8152931209507894
3.789473684210526,3.473684210526316,0.7659678234751834,0.8245477702366539
3.789473684210526,3.473684210526316,0.907600521681814,0.813700228759798
3.789473684210526,3.473684210526316,1.0754220761125606,0.7961381060945967
3.789473684210526,3.473684210526316,1.2742749857031335,0.7777443898033269
3.789473684210526,3.473684210526316,1.5098971606184193,0.7526873202503903
3.789473684210526,3.473684210526316,1.789087489923219,0.7228684073666877
3.789473684210526,3.473684210526316,2.1199020238496082,0.6974693120219906
3.789473684210526,3.473684210526316,2.51188643150958,0.6706751934042064
3.789473684210526,3.7368421052631575,0.09999999999999999,0.6160929309190896
3.789473684210526,3.7368421052631575,0.11849068510006666,0.6078595044684802
3.789473684210526,3.7368421052631575,0.1404004245548316,0.62033483422277
3.789473684210526,3.7368421052631575,0.16636142493842218,0.6373164739727066
3.789473684210526,3.7368421052631575,0.1971227921517696,0.6500533909458561
3.789473684210526,3.7368421052631575,0.23357214690901223,0.6866886614381358
3.789473684210526,3.7368421052631575,0.2767612370754227,0.7017214536978147
3.789473684210526,3.7368421052631575,0.32793628590208806,0.7125382702798962
3.789473684210526,3.7368421052631575,0.3885739518570975,0.7403151273211964
3.789473684210526,3.7368421052631575,0.460423937675878,0.760417376190136
3.789473684210526,3.7368421052631575,0.5455594781168519,0.7641964797748719
3.789473684210526,3.7368421052631575,0.646437163249006,0.797307870727145
3.789473684210526,3.7368421052631575,0.7659678234751834,0.7967040876336305
3.789473684210526,3.7368421052631575,0.907600521681814,0.8027563323884082
3.789473684210526,3.7368421052631575,1.0754220761125606,0.7865255229040559
3.789473684210526,3.7368421052631575,1.2742749857031335,0.7738061380675051
3.789473684210526,3.7368421052631575,1.5098971606184193,0.7526792105769833
3.789473684210526,3.7368421052631575,1.789087489923219,0.7298661632853849
3.789473684210526,3.7368421052631575,2.1199020238496082,0.7064382971846033
3.789473684210526,3.7368421052631575,2.51188643150958,0.6800608235706005
3.789473684210526,4.0,0.09999999999999999,0.5247206896460676
3.789473684210526,4.0,0.11849068510006666,0.5456773231207919
3.789473684210526,4.0,0.1404004245548316,0.5609899300468237
3.789473684210526,4.0,0.16636142493842218,0.5418141767858524
3.789473684210526,4.0,0.1971227921517696,0.5803609118642592
3.789473684210526,4.0,0.23357214690901223,0.6093198286627687
3.789473684210526,4.0,0.2767612370754227,0.6195718792118475
3.789473684210526,4.0,0.32793628590208806,0.6320646641702188
3.789473684210526,4.0,0.3885739518570975,0.6710285450408905
3.789473684210526,4.0,0.460423937675878,0.700937212354143
3.789473684210526,4.0,0.5455594781168519,0.7291784220675556
3.789473684210526,4.0,0.646437163249006,0.7401253818023447
3.789473684210526,4.0,0.7659678234751834,0.7559390575083098
3.789473684210526,4.0,0.907600521681814,0.7618177994458089
3.789473684210526,4.0,1.0754220761125606,0.7641580243900231
3.789473684210526,4.0,1.2742749857031335,0.7613556317500275
3.789473684210526,4.0,1.5098971606184193,0.749977543635574
3.789473684210526,4.0,1.789087489923219,0.7255998728771212
3.789473684210526,4.0,2.1199020238496082,0.7039581251583447
3.789473684210526,4.0,2.51188643150958,0.6796403668153426
4.0,-1.0,0.09999999999999999,0.6785715738429521
4.0,-1.0,0.11849068510006666,0.6868889331917851
4.0,-1.0,0.1404004245548316,0.7047030237920819
4.0,-1.0,0.16636142493842218,0.7176834133719692
4.0,-1.0,0.1971227921517696,0.7176120769866939
4.0,-1.0,0.23357214690901223,0.7409815666570829
4.0,-1.0,0.2767612370754227,0.7637002131660912
4.0,-1.0,0.32793628590208806,0.7673871371080897
4.0,-1.0,0.3885739518570975,0.7893485346538199
4.0,-1.0,0.460423937675878,0.7947344118459778
4.0,-1.0,0.5455594781168519,0.8002216348930724
4.0,-1.0,0.646437163249006,0.8006903160121721
4.0,-1.0,0.7659678234751834,0.7951405274674807
4.0,-1.0,0.907600521681814,0.7789083425711912
4.0,-1.0,1.0754220761125606,0.770741112101551
4.0,-1.0,1.2742749857031335,0.7411597726653095
4.0,-1.0,1.5098971606184193,0.7166971761699789
4.0,-1.0,1.789087489923219,0.6945998566910062
4.0,-1.0,2.1199020238496082,0.6721717879291889
4.0,-1.0,2.51188643150958,0.6484602438546619
4.0,-0.736842105263158,0.09999999999999999,0.6753351024671168
4.0,-0.736842105263158,0.11849068510006666,0.6961060341056173
4.0,-0.736842105263158,0.1404004245548316,0.7146782944756359
4.0,-0.736842105263158,0.16636142493842218,0.7200555006593726
4.0,-0.736842105263158,0.1971227921517696,0.7243556101651141
4.0,-0.736842105263158,0.23357214690901223,0.7283536037596305
4.0,-0.736842105263158,0.2767612370754227,0.7560239765894033
4.0,-0.736842105263158,0.32793628590208806,0.7620137191751752
4.0,-0.736842105263158,0.3885739518570975,0.7864734800661364
4.0,-0.736842105263158,0.460423937675878,0.8023874508443823
4.0,-0.736842105263158,0.5455594781168519,0.7919781347805182
4.0,-0.736842105263158,0.646437163249006,0.7960081014483597
4.0,-0.736842105263158,0.7659678234751834,0.7900254156094784
4.0,-0.736842105263158,0.907600521681814,0.7838585804867457
4.0,-0.736842105263158,1.0754220761125606,0.7661550105939026
4.0,-0.736842105263158,1.2742749857031335,0.7433209031599294
4.0,-0.736842105263158,1.5098971606184193,0.7192013050052717
4.0,-0.736842105263158,1.789087489923219,0.6932051029439189
4.0,-0.736842105263158,2.1199020238496082,0.6687135241328419
4.0,-0.736842105263158,2.51188643150958,0.6477314537633477
4.0,-0.4736842105263158,0.09999999999999999,0.6698245313292518
4.0,-0.4736842105263158,0.11849068510006666,0.6857857329127967
4.0,-0.4736842105263158,0.1404004245548316,0.7012286326169922
4.0,-0.4736842105263158,0.16636142493842218,0.7109138970451668
4.0,-0.4736842105263158,0.1971227921517696,0.7364173781916754
4.0,-0.4736842105263158,0.23357214690901223,0.7387519442761927
4.0,-0.4736842105263158,0.2767612370754227,0.7608198837693689
4.0,-0.4736842105263158,0.32793628590208806,0.7691744767296349
4.0,-0.4736842105263158,0.3885739518570975,0.7967859668454873
4.0,-0.4736842105263158,0.460423937675878,0.7934022167070911
4.0,-0.4736842105263158,0.5455594781168519,0.8040541815222443
4.0,-0.4736842105263158,0.646437163249006,0.7957098516624573
4.0,-0.4736842105263158,0.7659678234751834,0.7978999973550763
4.0,-0.4736842105263158,0.907600521681814,0.7849267815676306
4.0,-0.4736842105263158,1.0754220761125606,0.7678694865005843
4.0,-0.4736842105263158,1.2742749857031335,0.7394555674517997
4.0,-0.4736842105263158,1.5098971606184193,0.7157154307000843
4.0,-0.4736842105263158,1.789087489923219,0.6898745025364295
4.0,-0.4736842105263158,2.1199020238496082,0.6703287965003205
4.0,-0.4736842105263158,2.51188643150958,0.6474685105022089
4.0,-0.21052631578947367,0.09999999999999999,0.6738741251556037
4.0,-0.21052631578947367,0.11849068510006666,0.6907731790214469
4.0,-0.21052631578947367,0.1404004245548316,0.7099824957382475
4.0,-0.21052631578947367,0.16636142493842218,0.7079373809010517
4.0,-0.21052631578947367,0.1971227921517696,0.72277462488462
4.0,-0.21052631578947367,0.23357214690901223,0.7332767252318485
4.0,-0.21052631578947367,0.2767612370754227,0.7633361681758869
4.0,-0.21052631578947367,0.32793628590208806,0.7716393858630725
4.0,-0.21052631578947367,0.3885739518570975,0.7833396638185143
4.0,-0.21052631578947367,0.460423937675878,0.7940490120859851
4.0,-0.21052631578947367,0.5455594781168519,0.802322427969463
4.0,-0.21052631578947367,0.646437163249006,0.8001538210173504
4.0,-0.21052631578947367,0.7659678234751834,0.7930564898745133
4.0,-0.21052631578947367,0.907600521681814,0.7846824793346618
4.0,-0.21052631578947367,1.0754220761125606,0.7667818935097109
4.0,-0.21052631578947367,1.2742749857031335,0.7396278453971958
4.0,-0.21052631578947367,1.5098971606184193,0.7197598312120917
4.0,-0.21052631578947367,1.789087489923219,0.692016862281871
4.0,-0.21052631578947367,2.1199020238496082,0.6654285354408972
4.0,-0.21052631578947367,2.51188643150958,0.649845538683334
4.0,0.05263157894736836,0.09999999999999999,0.6799151004508032
4.0,0.05263157894736836,0.11849068510006666,0.7002006589242692
4.0,0.05263157894736836,0.1404004245548316,0.7024650599533676
4.0,0.05263157894736836,0.16636142493842218,0.7149469871484591
4.0,0.05263157894736836,0.1971227921517696,0.7278679344909113
4.0,0.05263157894736836,0.23357214690901223,0.7448213188518703
4.0,0.05263157894736836,0.2767612370754227,0.7658174080613366
4.0,0.05263157894736836,0.32793628590208806,0.7746739644411674
4.0,0.05263157894736836,0.3885739518570975,0.7804958906424756
4.0,0.05263157894736836,0.460423937675878,0.8069103248575415
4.0,0.05263157894736836,0.5455594781168519,0.7991312625789352
4.0,0.05263157894736836,0.646437163249006,0.7986437575167578
4.0,0.05263157894736836,0.7659678234751834,0.7952661892380194
4.0,0.05263157894736836,0.907600521681814,0.7804017129065542
4.0,0.05263157894736836,1.0754220761125606,0.7630652518383894
4.0,0.05263157894736836,1.2742749857031335,0.7438806504292735
4.0,0.05263157894736836,1.5098971606184193,0.7174140448453514
4.0,0.05263157894736836,1.789087489923219,0.6956699233902613
4.0,0.05263157894736836,2.1199020238496082,0.6685149119120806
4.0,0.05263157894736836,2.51188643150958,0.648025701860554
4.0,0.3157894736842104,0.09999999999999999,0.6821995396319321
4.0,0.3157894736842104,0.11849068510006666,0.6997618618030362
4.0,0.3157894736842104,0.1404004245548316,0.6996538172618808
4.0,0.3157894736842104,0.16636142493842218,0.7101846570979675
4.0,0.3157894736842104,0.1971227921517696,0.7282276195039786
4.0,0.3157894736842104,0.23357214690901223,0.7351460284988021
4.0,0.3157894736842104,0.2767612370754227,0.7503001636307467
4.0,0.3157894736842104,0.32793628590208806,0.7827468684057642
4.0,0.3157894736842104,0.3885739518570975,0.7792272871034707
4.0,0.3157894736842104,0.460423937675878,0.802025385935581
4.0,0.3157894736842104,0.5455594781168519,0.8069370062953405
4.0,0.3157894736842104,0.646437163249006,0.8000718071673626
4.0,0.3157894736842104,0.7659678234751834,0.7933501363014227
4.0,0.3157894736842104,0.907600521681814,0.7896691566273437
4.0,0.3157894736842104,1.0754220761125606,0.7677380853833057
4.0,0.3157894736842104,1.2742749857031335,0.7418735036141528
4.0,0.3157894736842104,1.5098971606184193,0.721250044453827
4.0,0.3157894736842104,1.789087489923219,0.693545741786252
4.0,0.3157894736842104,2.1199020238496082,0.6724565908456188
4.0,0.3157894736842104,2.51188643150958,0.6472384192472603
4.0,0.5789473684210527,0.09999999999999999,0.6846520542095726
4.0,0.5789473684210527,0.11849068510006666,0.6896610469427978
4.0,0.5789473684210527,0.1404004245548316,0.6993277063356069
4.0,0.5789473684210527,0.16636142493842218,0.7066737322509292
4.0,0.5789473684210527,0.1971227921517696,0.7305659876629629
4.0,0.5789473684210527,0.23357214690901223,0.7524694770792159
4.0,0.5789473684210527,0.2767612370754227,0.7514777591189237
4.0,0.5789473684210527,0.32793628590208806,0.7771602412288237
4.0,0.5789473684210527,0.3885739518570975,0.789453277214729
4.0,0.5789473684210527,0.460423937675878,0.7792955053331727
4.0,0.5789473684210527,0.5455594781168519,0.7851577400344425
4.0,0.5789473684210527,0.646437163249006,0.7856749044830579
4.0,0.5789473684210527,0.7659678234751834,0.7948452417952797
4.0,0.5789473684210527,0.907600521681814,0.7881623666535195
4.0,0.5789473684210527,1.0754220761125606,0.7636624477797774
4.0,0.5789473684210527,1.2742749857031335,0.744601036068336
4.0,0.5789473684210527,1.5098971606184193,0.716447935237142
4.0,0.5789473684210527,1.789087489923219,0.6914055113518703
4.0,0.5789473684210527,2.1199020238496082,0.6682014291804161
4.0,0.5789473684210527,2.51188643150958,0.6497607318493431
4.0,0.8421052631578947,0.09999999999999999,0.6796807805073994
4.0,0.8421052631578947,0.11849068510006666,0.6945740442338246
4.0,0.8421052631578947,0.1404004245548316,0.7062700857225958
4.0,0.8421052631578947,0.16636142493842218,0.6971276326028523
4.0,0.8421052631578947,0.1971227921517696,0.7212528065515378
4.0,0.8421052631578947,0.23357214690901223,0.7448122709317126
4.0,0.8421052631578947,0.2767612370754227,0.7561756176942599
4.0,0.8421052631578947,0.32793628590208806,0.7852554175600391
4.0,0.8421052631578947,0.3885739518570975,0.7770476923265096
4.0,0.8421052631578947,0.460423937675878,0.7907498294623838
4.0,0.8421052631578947,0.5455594781168519,0.8107904862072082
4.0,0.8421052631578947,0.646437163249006,0.7949380828440573
4.0,0.8421052631578947,0.7659678234751834,0.7962216634442482
4.0,0.8421052631578947,0.907600521681814,0.7787744083138517
4.0,0.8421052631578947,1.0754220761125606,0.7645060790017054
4.0,0.8421052631578947,1.2742749857031335,0.7410089804012788
4.0,0.8421052631578947,1.5098971606184193,0.7206349943123846
4.0,0.8421052631578947,1.789087489923219,0.6903410392474679
4.0,0.8421052631578947,2.1199020238496082,0.6696589198592902
4.0,0.8421052631578947,2.51188643150958,0.6508410374420869
4.0,1.1052631578947367,0.09999999999999999,0.6803971324582473
4.0,1.1052631578947367,0.11849068510006666,0.6996462181571261
4.0,1.1052631578947367,0.1404004245548316,0.6889292239871351
4.0,1.1052631578947367,0.16636142493842218,0.7166949435675363
4.0,1.1052631578947367,0.1971227921517696,0.7169252585913342
4.0,1.1052631578947367,0.23357214690901223,0.7496526012168637
4.0,1.1052631578947367,0.2767612370754227,0.7598121315581439
4.0,1.1052631578947367,0.32793628590208806,0.7760229798662377
4.0,1.1052631578947367,0.3885739518570975,0.7948044554155685
4.0,1.1052631578947367,0.460423937675878,0.7970866547976233
4.0,1.1052631578947367,0.5455594781168519,0.8030686229551538
4.0,1.1052631578947367,0.646437163249006,0.7974173185441785
4.0,1.1052631578947367,0.7659678234751834,0.7911436774661618
4.0,1.1052631578947367,0.907600521681814,0.788005709532934
4.0,1.1052631578947367,1.0754220761125606,0.771175232591798
4.0,1.1052631578947367,1.2742749857031335,0.7424319640457313
4.0,1.1052631578947367,1.5098971606184193,0.7154274902170003
4.0,1.1052631578947367,1.789087489923219,0.6918986205557331
4.0,1.1052631578947367,2.1199020238496082,0.669095259828426
4.0,1.1052631578947367,2.51188643150958,0.648566150299907
4.0,1.3684210526315788,0.09999999999999999,0.6626978927472953
4.0,1.3684210526315788,0.11849068510006666,0.6726770179226738
4.0,1.3684210526315788,0.1404004245548316,0.7114707649002494
4.0,1.3684210526315788,0.16636142493842218,0.7163650601893237
4.0,1.3684210526315788,0.1971227921517696,0.7304970398079687
4.0,1.3684210526315788,0.23357214690901223,0.7437812037120766
4.0,1.3684210526315788,0.2767612370754227,0.7652440031883758
4.0,1.3684210526315788,0.32793628590208806,0.7653906796951443
4.0,1.3684210526315788,0.3885739518570975,0.7773616008765315
4.0,1.3684210526315788,0.460423937675878,0.806607591813644
4.0,1.3684210526315788,0.5455594781168519,0.8034283768851432
4.0,1.3684210526315788,0.646437163249006,0.8040589692890997
4.0,1.3684210526315788,0.7659678234751834,0.7860894109122154
4.0,1.3684210526315788,0.907600521681814,0.7873940502908281
4.0,1.3684210526315788,1.0754220761125606,0.7680061905285411
4.0,1.3684210526315788,1.2742749857031335,0.7425750490752501
4.0,1.3684210526315788,1.5098971606184193,0.7202845487349542
4.0,1.3684210526315788,1.789087489923219,0.6920517805378743
4.0,1.3684210526315788,2.1199020238496082,0.667698055146477
4.0,1.3684210526315788,2.51188643150958,0.6495403899832647
4.0,1.6315789473684208,0.09999999999999999,0.6646705927641469
4.0,1.6315789473684208,0.11849068510006666,0.6930882329640656
4.0,1.6315789473684208,0.1404004245548316,0.7010784586137844
4.0,1.6315789473684208,0.16636142493842218,0.7044172940713563
4.0,1.6315789473684208,0.1971227921517696,0.7227540415704189
4.0,1.6315789473684208,0.23357214690901223,0.7471452026434814
4.0,1.6315789473684208,0.2767612370754227,0.7617521525269475
4.0,1.6315789473684208,0.32793628590208806,0.7753259861416861
4.0,1.6315789473684208,0.3885739518570975,0.7920010820771572
4.0,1.6315789473684208,0.460423937675878,0.8006307425601608
4.0,1.6315789473684208,0.5455594781168519,0.8034810205294138
4.0,1.6315789473684208,0.646437163249006,0.8050897546912753
4.0,1.6315789473684208,0.7659678234751834,0.7951026450473376
4.0,1.6315789473684208,0.907600521681814,0.7837004522680114
4.0,1.6315789473684208,1.0754220761125606,0.7692068987291336
4.0,1.6315789473684208,1.2742749857031335,0.7444800440695744
4.0,1.6315789473684208,1.5098971606184193,0.7177526198046699
4.0,1.6315789473684208,1.789087489923219,0.695000391641908
4.0,1.6315789473684208,2.1199020238496082,0.6676674274440475
4.0,1.6315789473684208,2.51188643150958,0.6491824692521012
4.0,1.8947368421052628,0.09999999999999999,0.6759684223449334
4.0,1.8947368421052628,0.11849068510006666,0.6978696190108987
4.0,1.8947368421052628,0.1404004245548316,0.693444787044427
4.0,1.8947368421052628,0.16636142493842218,0.7118109880861268
4.0,1.8947368421052628,0.1971227921517696,0.7281978021015113
4.0,1.8947368421052628,0.23357214690901223,0.7422458472978617
4.0,1.8947368421052628,0.2767612370754227,0.7637343635416489
4.0,1.8947368421052628,0.32793628590208806,0.7657691792935809
4.0,1.8947368421052628,0.3885739518570975,0.7869307044337511
4.0,1.8947368421052628,0.460423937675878,0.7996423625092158
4.0,1.8947368421052628,0.5455594781168519,0.8049523948062316
4.0,1.8947368421052628,0.646437163249006,0.7976576344753634
4.0,1.8947368421052628,0.7659678234751834,0.7954444397447094
4.0,1.8947368421052628,0.907600521681814,0.7769773604058479
4.0,1.8947368421052628,1.0754220761125606,0.7620078348562276
4.0,1.8947368421052628,1.2742749857031335,0.7434577521578681
4.0,1.8947368421052628,1.5098971606184193,0.718398792693147
4.0,1.8947368421052628,1.789087489923219,0.6950515057336661
4.0,1.8947368421052628,2.1199020238496082,0.6704642227177735
4.0,1.8947368421052628,2.51188643150958,0.6492509539305323
4.0,2.1578947368421053,0.09999999999999999,0.6787439706228439
4.0,2.1578947368421053,0.11849068510006666,0.6909555398626613
4.0,2.1578947368421053,0.1404004245548316,0.7097762678167581
4.0,2.1578947368421053,0.16636142493842218,0.700594831910611
4.0,2.1578947368421053,0.1971227921517696,0.7370553217125726
4.0,2.1578947368421053,0.23357214690901223,0.7360182599192995
4.0,2.1578947368421053,0.2767612370754227,0.7589777630107586
4.0,2.1578947368421053,0.32793628590208806,0.7715637291434767
4.0,2.1578947368421053,0.3885739518570975,0.7892465865452943
4.0,2.1578947368421053,0.460423937675878,0.7935280509160587
4.0,2.1578947368421053,0.5455594781168519,0.7945681750498392
4.0,2.1578947368421053,0.646437163249006,0.8097960525145875
4.0,2.1578947368421053,0.7659678234751834,0.7999036244377475
4.0,2.1578947368421053,0.907600521681814,0.7862767116024285
4.0,2.1578947368421053,1.0754220761125606,0.7645435655825448
4.0,2.1578947368421053,1.2742749857031335,0.7444961725129288
4.0,2.1578947368421053,1.5098971606184193,0.7190565786963773
4.0,2.1578947368421053,1.789087489923219,0.6936864548406838
4.0,2.1578947368421053,2.1199020238496082,0.6702053593424618
4.0,2.1578947368421053,2.51188643150958,0.6486885406631475
4.0,2.4210526315789473,0.09999999999999999,0.6841422758850877
4.0,2.4210526315789473,0.11849068510006666,0.6875289524610931
4.0,2.4210526315789473,0.1404004245548316,0.6999785167664728
4.0,2.4210526315789473,0.16636142493842218,0.7061724493133572
4.0,2.4210526315789473,0.1971227921517696,0.7240705369150325
4.0,2.4210526315789473,0.23357214690901223,0.7501912362778523
4.0,2.4210526315789473,0.2767612370754227,0.7644578402727414
4.0,2.4210526315789473,0.32793628590208806,0.7704722419239968
4.0,2.4210526315789473,0.3885739518570975,0.7930292728255697
4.0,2.4210526315789473,0.460423937675878,0.802060012514984
4.0,2.4210526315789473,0.5455594781168519,0.8083082119527204
4.0,2.4210526315789473,0.646437163249006,0.8073314874643399
4.0,2.4210526315789473,0.7659678234751834,0.7982549770793852
4.0,2.4210526315789473,0.907600521681814,0.7867530004873916
4.0,2.4210526315789473,1.0754220761125606,0.7653448387147389
4.0,2.4210526315789473,1.2742749857031335,0.7480043332879485
4.0,2.4210526315789473,1.5098971606184193,0.7213830460660745
4.0,2.4210526315789473,1.789087489923219,0.6945885133911683
4.0,2.4210526315789473,2.1199020238496082,0.6707224553716152
4.0,2.4210526315789473,2.51188643150958,0.6489074580042756
4.0,2.6842105263157894,0.09999999999999999,0.6904419213809591
4.0,2.6842105263157894,0.11849068510006666,0.7008979082066134
4.0,2.6842105263157894,0.1404004245548316,0.7141476505916514
4.0,2.6842105263157894,0.16636142493842218,0.7191847369082502
4.0,2.6842105263157894,0.1971227921517696,0.7450573497567701
4.0,2.6842105263157894,0.23357214690901223,0.7531890522607355
4.0,2.6842105263157894,0.2767612370754227,0.7739183621108743
4.0,2.6842105263157894,0.32793628590208806,0.7834413801785579
4.0,2.6842105263157894,0.3885739518570975,0.7930333964175765
4.0,2.6842105263157894,0.460423937675878,0.8082908081257457
4.0,2.6842105263157894,0.5455594781168519,0.8099984606077232
4.0,2.6842105263157894,0.646437163249006,0.8060464514909009
4.0,2.6842105263157894,0.7659678234751834,0.8090720717516645
4.0,2.6842105263157894,0.907600521681814,0.7943801232780404
4.0,2.6842105263157894,1.0754220761125606,0.7766632454538778
4.0,2.6842105263157894,1.2742749857031335,0.7455464543879986
4.0,2.6842105263157894,1.5098971606184193,0.726516496718294
4.0,2.6842105263157894,1.789087489923219,0.6981997503061249
4.0,2.6842105263157894,2.1199020238496082,0.6740608995556808
4.0,2.6842105263157894,2.51188643150958,0.6535742650867664
4.0,2.9473684210526314,0.09999999999999999,0.70311033688042
4.0,2.9473684210526314,0.11849068510006666,0.6967118369163229
4.0,2.9473684210526314,0.1404004245548316,0.7265994309629591
4.0,2.9473684210526314,0.16636142493842218,0.7406191254544492
4.0,2.9473684210526314,0.1971227921517696,0.7500171265367175
4.0,2.9473684210526314,0.23357214690901223,0.7699046626681478
4.0,2.9473684210526314,0.2767612370754227,0.7705251481398947
4.0,2.9473684210526314,0.32793628590208806,0.7871425764478914
4.0,2.9473684210526314,0.3885739518570975,0.8031618261796261
4.0,2.9473684210526314,0.460423937675878,0.817621079556479
4.0,2.9473684210526314,0.5455594781168519,0.8178980207728398
4.0,2.9473684210526314,0.646437163249006,0.8179721493458216
4.0,2.9473684210526314,0.7659678234751834,0.807912112191961
4.0,2.9473684210526314,0.907600521681814,0.796912480476861
4.0,2.9473684210526314,1.0754220761125606,0.7763024381745177
4.0,2.9473684210526314,1.2742749857031335,0.7508086518399653
4.0,2.9473684210526314,1.5098971606184193,0.735149276533437
4.0,2.9473684210526314,1.789087489923219,0.703113412677461
4.0,2.9473684210526314,2.1199020238496082,0.6748684069484205
4.0,2.9473684210526314,2.51188643150958,0.6549101672654164
4.0,3.2105263157894735,0.09999999999999999,0.7057037635932731
4.0,3.2105263157894735,0.11849068510006666,0.7076368120189771
4.0,3.2105263157894735,0.1404004245548316,0.7311248896734733
4.0,3.2105263157894735,0.16636142493842218,0.7437632619476668
4.0,3.2105263157894735,0.1971227921517696,0.7513184133146763
4.0,3.2105263157894735,0.23357214690901223,0.767046012629174
4.0,3.2105263157894735,0.2767612370754227,0.7842605722067392
4.0,3.2105263157894735,0.32793628590208806,0.7943559026045698
4.0,3.2105263157894735,0.3885739518570975,0.8171556801378821
4.0,3.2105263157894735,0.460423937675878,0.8231258835258807
4.0,3.2105263157894735,0.5455594781168519,0.8227950025546549
4.0,3.2105263157894735,0.646437163249006,0.8262310512184466
4.0,3.2105263157894735,0.7659678234751834,0.8147955730184
4.0,3.2105263157894735,0.907600521681814,0.80688187771225
4.0,3.2105263157894735,1.0754220761125606,0.7844714924111804
4.0,3.2105263157894735,1.2742749857031335,0.7616067278045036
4.0,3.2105263157894735,1.5098971606184193,0.7390530301266356
4.0,3.2105263157894735,1.789087489923219,0.7112688647452156
4.0,3.2105263157894735,2.1199020238496082,0.6829011076196826
4.0,3.2105263157894735,2.51188643150958,0.6603412095740705
4.0,3.473684210526316,0.09999999999999999,0.7122501966297476
4.0,3.473684210526316,0.11849068510006666,0.7086709599512667
4.0,3.473684210526316,0.1404004245548316,0.7309246826296398
4.0,3.473684210526316,0.16636142493842218,0.7413348627080947
4.0,3.473684210526316,0.1971227921517696,0.7515148392179859
4.0,3.473684210526316,0.23357214690901223,0.763673707078901
4.0,3.473684210526316,0.2767612370754227,0.7760104540551855
4.0,3.473684210526316,0.32793628590208806,0.7928745665327189
4.0,3.473684210526316,0.3885739518570975,0.7966803317963972
4.0,3.473684210526316,0.460423937675878,0.821026429982934
4.0,3.473684210526316,0.5455594781168519,0.8259644692141792
4.0,3.473684210526316,0.646437163249006,0.8273189995374935
4.0,3.473684210526316,0.7659678234751834,0.8213964974131427
4.0,3.473684210526316,0.907600521681814,0.8164005576751101
4.0,3.473684210526316,1.0754220761125606,0.7977238221501043
4.0,3.473684210526316,1.2742749857031335,0.7713061207274754
4.0,3.473684210526316,1.5098971606184193,0.7448684740441333
4.0,3.473684210526316,1.789087489923219,0.7176947401285367
4.0,3.473684210526316,2.1199020238496082,0.6927758444966455
4.0,3.473684210526316,2.51188643150958,0.666708713204311
4.0,3.7368421052631575,0.09999999999999999,0.6676358166409019
4.0,3.7368421052631575,0.11849068510006666,0.6694033498958004
4.0,3.7368421052631575,0.1404004245548316,0.7059417897246698
4.0,3.7368421052631575,0.16636142493842218,0.701066223062397
4.0,3.7368421052631575,0.1971227921517696,0.7232446460734078
4.0,3.7368421052631575,0.23357214690901223,0.7374129276786825
4.0,3.7368421052631575,0.2767612370754227,0.7676006971264538
4.0,3.7368421052631575,0.32793628590208806,0.7631060458668095
4.0,3.7368421052631575,0.3885739518570975,0.7958458087837867
4.0,3.7368421052631575,0.460423937675878,0.8055670283304018
4.0,3.7368421052631575,0.5455594781168519,0.8201054253237708
4.0,3.7368421052631575,0.646437163249006,0.8164950523682619
4.0,3.7368421052631575,0.7659678234751834,0.8204700918235708
4.0,3.7368421052631575,0.907600521681814,0.8083031582505897
4.0,3.7368421052631575,1.0754220761125606,0.8024752026756651
4.0,3.7368421052631575,1.2742749857031335,0.778744138217797
4.0,3.7368421052631575,1.5098971606184193,0.7501296685114713
4.0,3.7368421052631575,1.789087489923219,0.7272381543530705
4.0,3.7368421052631575,2.1199020238496082,0.7004456882325948
4.0,3.7368421052631575,2.51188643150958,0.672414202080361
4.0,4.0,0.09999999999999999,0.5972837579517004
4.0,4.0,0.11849068510006666,0.5922334835869747
4.0,4.0,0.1404004245548316,0.6088522774881724
4.0,4.0,0.16636142493842218,0.6004876117499842
4.0,4.0,0.1971227921517696,0.6415592072645967
4.0,4.0,0.23357214690901223,0.65520302950056
4.0,4.0,0.2767612370754227,0.6947628506958257
4.0,4.0,0.32793628590208806,0.7102321245850566
4.0,4.0,0.3885739518570975,0.7169353238302638
4.0,4.0,0.460423937675878,0.751037246134101
4.0,4.0,0.5455594781168519,0.7669220945649712
4.0,4.0,0.646437163249006,0.7833194700112807
4.0,4.0,0.7659678234751834,0.7971233753200311
4.0,4.0,0.907600521681814,0.799385456834798
4.0,4.0,1.0754220761125606,0.7865901764134873
4.0,4.0,1.2742749857031335,0.7774706911501357
4.0,4.0,1.5098971606184193,0.7564094104898458
4.0,4.0,1.789087489923219,0.7323095040792804
4.0,4.0,2.1199020238496082,0.7069960100760966
4.0,4.0,2.51188643150958,0.6819221916057537
