,answer0,baseImg0,cond0,modifiedImg0,response0,rt0,world0,binary_response0,correct0,answer1,baseImg1,cond1,modifiedImg1,response1,rt1,world1,binary_response1,correct1,answer2,baseImg2,cond2,modifiedImg2,response2,rt2,world2,binary_response2,correct2,answer3,baseImg3,cond3,modifiedImg3,response3,rt3,world3,binary_response3,correct3,answer4,baseImg4,cond4,modifiedImg4,response4,rt4,world4,binary_response4,correct4,answer5,baseImg5,cond5,modifiedImg5,response5,rt5,world5,binary_response5,correct5,answer6,baseImg6,cond6,modifiedImg6,response6,rt6,world6,binary_response6,correct6,answer7,baseImg7,cond7,modifiedImg7,response7,rt7,world7,binary_response7,correct7,answer8,baseImg8,cond8,modifiedImg8,response8,rt8,world8,binary_response8,correct8,answer9,baseImg9,cond9,modifiedImg9,response9,rt9,world9,binary_response9,correct9,answer10,baseImg10,cond10,modifiedImg10,response10,rt10,world10,binary_response10,correct10,answer11,baseImg11,cond11,modifiedImg11,response11,rt11,world11,binary_response11,correct11,answer12,baseImg12,cond12,modifiedImg12,response12,rt12,world12,binary_response12,correct12,answer13,baseImg13,cond13,modifiedImg13,response13,rt13,world13,binary_response13,correct13,answer14,baseImg14,cond14,modifiedImg14,response14,rt14,world14,binary_response14,correct14,answer15,baseImg15,cond15,modifiedImg15,response15,rt15,world15,binary_response15,correct15,pid
0,0,assets/targets/lh_ll_unlink_plinko_0091/col_late_basered.jpg,col_late_translate,assets/targets/lh_ll_unlink_plinko_0091/col_late_translate1blue.jpg,0,26474,lh_ll_unlink_plinko_0091,0,True,0,assets/targets/hh_hl_unlink_plinko_0240/nocol_basered.jpg,nocol_translate,assets/targets/hh_hl_unlink_plinko_0240/nocol_translateblue.jpg,25,11104,hh_hl_unlink_plinko_0240,0,True,1,assets/targets/lh_hl_unlink_plinko_0049/col_late_baseblue.jpg,col_late_translate,assets/targets/lh_hl_unlink_plinko_0049/col_late_translate1red.jpg,100,4536,lh_hl_unlink_plinko_0049,1,True,1,assets/targets/lh_ll_unlink_plinko_0155/col_late_baseblue.jpg,col_late_translate,assets/targets/lh_ll_unlink_plinko_0155/col_late_translate1red.jpg,76,12457,lh_ll_unlink_plinko_0155,1,True,0,assets/targets/hh_hl_unlink_plinko_0252/maybecol_basered.jpg,maybecol_translate,assets/targets/hh_hl_unlink_plinko_0252/maybecol_translateblue.jpg,0,5122,hh_hl_unlink_plinko_0252,0,True,1,assets/targets/hh_hl_unlink_plinko_0315/maybecol_baseblue.jpg,maybecol_translate,assets/targets/hh_hl_unlink_plinko_0315/maybecol_translatered.jpg,90,5911,hh_hl_unlink_plinko_0315,1,True,1,assets/targets/hh_hl_unlink_plinko_0246/maybecol_baseblue.jpg,maybecol_translate,assets/targets/hh_hl_unlink_plinko_0246/maybecol_translate1red.jpg,65,5503,hh_hl_unlink_plinko_0246,1,True,1,assets/targets/lh_ll_unlink_plinko_0060/col_early_baseblue.jpg,col_early_translate,assets/targets/lh_ll_unlink_plinko_0060/col_early_translatered.jpg,100,8572,lh_ll_unlink_plinko_0060,1,True,0,assets/targets/lh_ll_unlink_plinko_0217/nocol_basered.jpg,nocol_translate,assets/targets/lh_ll_unlink_plinko_0217/nocol_translate1blue.jpg,28,3990,lh_ll_unlink_plinko_0217,0,True,1,assets/targets/hh_hl_unlink_plinko_0105/maybecol_baseblue.jpg,maybecol_translate,assets/targets/hh_hl_unlink_plinko_0105/maybecol_translatered.jpg,28,4558,hh_hl_unlink_plinko_0105,0,False,1,assets/targets/lh_hl_unlink_plinko_0036/col_late_baseblue.jpg,col_late_translate,assets/targets/lh_hl_unlink_plinko_0036/col_late_translatered.jpg,82,3454,lh_hl_unlink_plinko_0036,1,True,1,assets/targets/lh_hl_unlink_plinko_0110/col_early_baseblue.jpg,col_early_translate,assets/targets/lh_hl_unlink_plinko_0110/col_early_translate1red.jpg,100,6623,lh_hl_unlink_plinko_0110,1,True,0,assets/targets/hh_hl_unlink_plinko_0202/col_early_basered.jpg,col_early_translate,assets/targets/hh_hl_unlink_plinko_0202/col_early_translate1blue.jpg,16,5970,hh_hl_unlink_plinko_0202,0,True,1,assets/targets/hh_hl_unlink_plinko_0393/col_early_baseblue.jpg,col_early_translate,assets/targets/hh_hl_unlink_plinko_0393/col_early_translate1red.jpg,0,5186,hh_hl_unlink_plinko_0393,0,False,0,assets/targets/hh_hl_unlink_plinko_0269/nocol_basered.jpg,nocol_translate,assets/targets/hh_hl_unlink_plinko_0269/nocol_translate1blue.jpg,38,4626,hh_hl_unlink_plinko_0269,0,True,0,assets/targets/lh_hl_unlink_plinko_0111/nocol_basered.jpg,nocol_translate,assets/targets/lh_hl_unlink_plinko_0111/nocol_translate1blue.jpg,63,2870,lh_hl_unlink_plinko_0111,1,False,6310f89536acffb9a2eca63d
1,1,assets/targets/lh_hl_unlink_plinko_0036/nocol_baseblue.jpg,nocol_translate,assets/targets/lh_hl_unlink_plinko_0036/nocol_translate1red.jpg,50,11293,lh_hl_unlink_plinko_0036,-1,False,0,assets/targets/hh_hl_unlink_plinko_0252/col_early_basered.jpg,col_early_translate,assets/targets/hh_hl_unlink_plinko_0252/col_early_translate1blue.jpg,62,7273,hh_hl_unlink_plinko_0252,1,False,0,assets/targets/hh_hl_unlink_plinko_0240/maybecol_basered.jpg,maybecol_translate,assets/targets/hh_hl_unlink_plinko_0240/maybecol_translate1blue.jpg,34,4811,hh_hl_unlink_plinko_0240,0,True,0,assets/targets/lh_ll_unlink_plinko_0217/col_early_basered.jpg,col_early_translate,assets/targets/lh_ll_unlink_plinko_0217/col_early_translate1blue.jpg,29,6644,lh_ll_unlink_plinko_0217,0,True,0,assets/targets/lh_ll_unlink_plinko_0091/col_late_basered.jpg,col_late_translate,assets/targets/lh_ll_unlink_plinko_0091/col_late_translateblue.jpg,67,4730,lh_ll_unlink_plinko_0091,1,False,0,assets/targets/lh_ll_unlink_plinko_0060/col_late_basered.jpg,col_late_translate,assets/targets/lh_ll_unlink_plinko_0060/col_late_translateblue.jpg,64,6522,lh_ll_unlink_plinko_0060,1,False,0,assets/targets/hh_hl_unlink_plinko_0202/col_early_basered.jpg,col_early_translate,assets/targets/hh_hl_unlink_plinko_0202/col_early_translateblue.jpg,22,5426,hh_hl_unlink_plinko_0202,0,True,0,assets/targets/lh_hl_unlink_plinko_0111/col_early_basered.jpg,col_early_translate,assets/targets/lh_hl_unlink_plinko_0111/col_early_translate1blue.jpg,71,4710,lh_hl_unlink_plinko_0111,1,False,0,assets/targets/hh_hl_unlink_plinko_0315/maybecol_basered.jpg,maybecol_translate,assets/targets/hh_hl_unlink_plinko_0315/maybecol_translate1blue.jpg,90,6497,hh_hl_unlink_plinko_0315,1,False,1,assets/targets/hh_hl_unlink_plinko_0105/nocol_baseblue.jpg,nocol_translate,assets/targets/hh_hl_unlink_plinko_0105/nocol_translatered.jpg,52,5597,hh_hl_unlink_plinko_0105,1,True,1,assets/targets/hh_hl_unlink_plinko_0393/nocol_baseblue.jpg,nocol_translate,assets/targets/hh_hl_unlink_plinko_0393/nocol_translate1red.jpg,22,8208,hh_hl_unlink_plinko_0393,0,False,0,assets/targets/hh_hl_unlink_plinko_0269/maybecol_basered.jpg,maybecol_translate,assets/targets/hh_hl_unlink_plinko_0269/maybecol_translateblue.jpg,59,4645,hh_hl_unlink_plinko_0269,1,False,0,assets/targets/lh_ll_unlink_plinko_0155/col_late_basered.jpg,col_late_translate,assets/targets/lh_ll_unlink_plinko_0155/col_late_translateblue.jpg,31,4982,lh_ll_unlink_plinko_0155,0,True,1,assets/targets/lh_hl_unlink_plinko_0049/col_late_baseblue.jpg,col_late_translate,assets/targets/lh_hl_unlink_plinko_0049/col_late_translatered.jpg,23,4571,lh_hl_unlink_plinko_0049,0,False,0,assets/targets/hh_hl_unlink_plinko_0246/maybecol_basered.jpg,maybecol_translate,assets/targets/hh_hl_unlink_plinko_0246/maybecol_translateblue.jpg,51,4111,hh_hl_unlink_plinko_0246,1,False,1,assets/targets/lh_hl_unlink_plinko_0110/nocol_baseblue.jpg,nocol_translate,assets/targets/lh_hl_unlink_plinko_0110/nocol_translate1red.jpg,32,4802,lh_hl_unlink_plinko_0110,0,False,6160943a64a548ea3e261fc2
2,1,assets/targets/hh_hl_unlink_plinko_0393/maybecol_baseblue.jpg,maybecol_translate,assets/targets/hh_hl_unlink_plinko_0393/maybecol_translatered.jpg,87,19967,hh_hl_unlink_plinko_0393,1,True,0,assets/targets/lh_hl_unlink_plinko_0049/col_early_basered.jpg,col_early_translate,assets/targets/lh_hl_unlink_plinko_0049/col_early_translate1blue.jpg,0,6698,lh_hl_unlink_plinko_0049,0,True,1,assets/targets/lh_ll_unlink_plinko_0091/nocol_baseblue.jpg,nocol_translate,assets/targets/lh_ll_unlink_plinko_0091/nocol_translate1red.jpg,50,6255,lh_ll_unlink_plinko_0091,-1,False,1,assets/targets/lh_ll_unlink_plinko_0155/nocol_baseblue.jpg,nocol_translate,assets/targets/lh_ll_unlink_plinko_0155/nocol_translatered.jpg,50,3055,lh_ll_unlink_plinko_0155,-1,False,0,assets/targets/hh_hl_unlink_plinko_0252/maybecol_basered.jpg,maybecol_translate,assets/targets/hh_hl_unlink_plinko_0252/maybecol_translate1blue.jpg,5,7250,hh_hl_unlink_plinko_0252,0,True,1,assets/targets/hh_hl_unlink_plinko_0246/col_early_baseblue.jpg,col_early_translate,assets/targets/hh_hl_unlink_plinko_0246/col_early_translatered.jpg,100,7202,hh_hl_unlink_plinko_0246,1,True,1,assets/targets/hh_hl_unlink_plinko_0105/nocol_baseblue.jpg,nocol_translate,assets/targets/hh_hl_unlink_plinko_0105/nocol_translate1red.jpg,50,2799,hh_hl_unlink_plinko_0105,-1,False,0,assets/targets/hh_hl_unlink_plinko_0240/col_early_basered.jpg,col_early_translate,assets/targets/hh_hl_unlink_plinko_0240/col_early_translate1blue.jpg,0,7359,hh_hl_unlink_plinko_0240,0,True,0,assets/targets/lh_hl_unlink_plinko_0036/col_early_basered.jpg,col_early_translate,assets/targets/lh_hl_unlink_plinko_0036/col_early_translate1blue.jpg,0,6529,lh_hl_unlink_plinko_0036,0,True,1,assets/targets/hh_hl_unlink_plinko_0315/nocol_baseblue.jpg,nocol_translate,assets/targets/hh_hl_unlink_plinko_0315/nocol_translate1red.jpg,50,4204,hh_hl_unlink_plinko_0315,-1,False,0,assets/targets/lh_ll_unlink_plinko_0217/col_late_basered.jpg,col_late_translate,assets/targets/lh_ll_unlink_plinko_0217/col_late_translateblue.jpg,3,5737,lh_ll_unlink_plinko_0217,0,True,0,assets/targets/hh_hl_unlink_plinko_0269/maybecol_basered.jpg,maybecol_translate,assets/targets/hh_hl_unlink_plinko_0269/maybecol_translate1blue.jpg,8,8272,hh_hl_unlink_plinko_0269,0,True,1,assets/targets/lh_ll_unlink_plinko_0060/col_late_baseblue.jpg,col_late_translate,assets/targets/lh_ll_unlink_plinko_0060/col_late_translate1red.jpg,86,7025,lh_ll_unlink_plinko_0060,1,True,1,assets/targets/lh_hl_unlink_plinko_0111/col_late_baseblue.jpg,col_late_translate,assets/targets/lh_hl_unlink_plinko_0111/col_late_translatered.jpg,33,6222,lh_hl_unlink_plinko_0111,0,False,1,assets/targets/lh_hl_unlink_plinko_0110/col_late_baseblue.jpg,col_late_translate,assets/targets/lh_hl_unlink_plinko_0110/col_late_translatered.jpg,100,4781,lh_hl_unlink_plinko_0110,1,True,0,assets/targets/hh_hl_unlink_plinko_0202/maybecol_basered.jpg,maybecol_translate,assets/targets/hh_hl_unlink_plinko_0202/maybecol_translateblue.jpg,50,2745,hh_hl_unlink_plinko_0202,-1,False,63bd856eebd3d8dbef467978
3,1,assets/targets/lh_ll_unlink_plinko_0217/nocol_baseblue.jpg,nocol_translate,assets/targets/lh_ll_unlink_plinko_0217/nocol_translatered.jpg,86,18021,lh_ll_unlink_plinko_0217,1,True,0,assets/targets/lh_ll_unlink_plinko_0155/col_late_basered.jpg,col_late_translate,assets/targets/lh_ll_unlink_plinko_0155/col_late_translate1blue.jpg,27,10569,lh_ll_unlink_plinko_0155,0,True,1,assets/targets/hh_hl_unlink_plinko_0240/maybecol_baseblue.jpg,maybecol_translate,assets/targets/hh_hl_unlink_plinko_0240/maybecol_translatered.jpg,86,5279,hh_hl_unlink_plinko_0240,1,True,1,assets/targets/lh_hl_unlink_plinko_0111/nocol_baseblue.jpg,nocol_translate,assets/targets/lh_hl_unlink_plinko_0111/nocol_translatered.jpg,49,13634,lh_hl_unlink_plinko_0111,0,False,1,assets/targets/hh_hl_unlink_plinko_0252/maybecol_baseblue.jpg,maybecol_translate,assets/targets/hh_hl_unlink_plinko_0252/maybecol_translate1red.jpg,17,14353,hh_hl_unlink_plinko_0252,0,False,1,assets/targets/lh_hl_unlink_plinko_0036/col_late_baseblue.jpg,col_late_translate,assets/targets/lh_hl_unlink_plinko_0036/col_late_translate1red.jpg,27,7024,lh_hl_unlink_plinko_0036,0,False,0,assets/targets/hh_hl_unlink_plinko_0202/nocol_basered.jpg,nocol_translate,assets/targets/hh_hl_unlink_plinko_0202/nocol_translate1blue.jpg,92,7254,hh_hl_unlink_plinko_0202,1,False,0,assets/targets/hh_hl_unlink_plinko_0393/col_early_basered.jpg,col_early_translate,assets/targets/hh_hl_unlink_plinko_0393/col_early_translateblue.jpg,79,26524,hh_hl_unlink_plinko_0393,1,False,1,assets/targets/lh_ll_unlink_plinko_0091/col_early_baseblue.jpg,col_early_translate,assets/targets/lh_ll_unlink_plinko_0091/col_early_translatered.jpg,8,10044,lh_ll_unlink_plinko_0091,0,False,0,assets/targets/hh_hl_unlink_plinko_0269/maybecol_basered.jpg,maybecol_translate,assets/targets/hh_hl_unlink_plinko_0269/maybecol_translate1blue.jpg,79,12733,hh_hl_unlink_plinko_0269,1,False,1,assets/targets/lh_hl_unlink_plinko_0110/col_late_baseblue.jpg,col_late_translate,assets/targets/lh_hl_unlink_plinko_0110/col_late_translate1red.jpg,89,9390,lh_hl_unlink_plinko_0110,1,True,1,assets/targets/lh_hl_unlink_plinko_0049/col_early_baseblue.jpg,col_early_translate,assets/targets/lh_hl_unlink_plinko_0049/col_early_translatered.jpg,16,7819,lh_hl_unlink_plinko_0049,0,False,1,assets/targets/hh_hl_unlink_plinko_0315/col_early_baseblue.jpg,col_early_translate,assets/targets/hh_hl_unlink_plinko_0315/col_early_translate1red.jpg,8,16732,hh_hl_unlink_plinko_0315,0,False,0,assets/targets/hh_hl_unlink_plinko_0246/nocol_basered.jpg,nocol_translate,assets/targets/hh_hl_unlink_plinko_0246/nocol_translate1blue.jpg,76,6461,hh_hl_unlink_plinko_0246,1,False,1,assets/targets/lh_ll_unlink_plinko_0060/col_late_baseblue.jpg,col_late_translate,assets/targets/lh_ll_unlink_plinko_0060/col_late_translate1red.jpg,85,8626,lh_ll_unlink_plinko_0060,1,True,0,assets/targets/hh_hl_unlink_plinko_0105/maybecol_basered.jpg,maybecol_translate,assets/targets/hh_hl_unlink_plinko_0105/maybecol_translate1blue.jpg,84,6544,hh_hl_unlink_plinko_0105,1,False,6285851a54a1511bfcab385c
4,0,assets/targets/lh_hl_unlink_plinko_0110/col_late_basered.jpg,col_late_translate,assets/targets/lh_hl_unlink_plinko_0110/col_late_translateblue.jpg,15,13967,lh_hl_unlink_plinko_0110,0,True,0,assets/targets/hh_hl_unlink_plinko_0202/maybecol_basered.jpg,maybecol_translate,assets/targets/hh_hl_unlink_plinko_0202/maybecol_translate1blue.jpg,44,7342,hh_hl_unlink_plinko_0202,0,True,1,assets/targets/hh_hl_unlink_plinko_0315/nocol_baseblue.jpg,nocol_translate,assets/targets/hh_hl_unlink_plinko_0315/nocol_translatered.jpg,98,5539,hh_hl_unlink_plinko_0315,1,True,0,assets/targets/hh_hl_unlink_plinko_0269/maybecol_basered.jpg,maybecol_translate,assets/targets/hh_hl_unlink_plinko_0269/maybecol_translateblue.jpg,90,5448,hh_hl_unlink_plinko_0269,1,False,1,assets/targets/lh_ll_unlink_plinko_0091/col_late_baseblue.jpg,col_late_translate,assets/targets/lh_ll_unlink_plinko_0091/col_late_translate1red.jpg,71,4548,lh_ll_unlink_plinko_0091,1,True,1,assets/targets/lh_hl_unlink_plinko_0036/col_early_baseblue.jpg,col_early_translate,assets/targets/lh_hl_unlink_plinko_0036/col_early_translatered.jpg,94,4329,lh_hl_unlink_plinko_0036,1,True,1,assets/targets/hh_hl_unlink_plinko_0246/nocol_baseblue.jpg,nocol_translate,assets/targets/hh_hl_unlink_plinko_0246/nocol_translatered.jpg,49,5191,hh_hl_unlink_plinko_0246,0,False,0,assets/targets/lh_hl_unlink_plinko_0049/nocol_basered.jpg,nocol_translate,assets/targets/lh_hl_unlink_plinko_0049/nocol_translateblue.jpg,50,28691,lh_hl_unlink_plinko_0049,-1,False,0,assets/targets/lh_ll_unlink_plinko_0217/col_late_basered.jpg,col_late_translate,assets/targets/lh_ll_unlink_plinko_0217/col_late_translate1blue.jpg,50,4609,lh_ll_unlink_plinko_0217,-1,False,1,assets/targets/hh_hl_unlink_plinko_0393/maybecol_baseblue.jpg,maybecol_translate,assets/targets/hh_hl_unlink_plinko_0393/maybecol_translate1red.jpg,22,5644,hh_hl_unlink_plinko_0393,0,False,0,assets/targets/lh_ll_unlink_plinko_0155/col_late_basered.jpg,col_late_translate,assets/targets/lh_ll_unlink_plinko_0155/col_late_translateblue.jpg,14,5488,lh_ll_unlink_plinko_0155,0,True,1,assets/targets/lh_ll_unlink_plinko_0060/nocol_baseblue.jpg,nocol_translate,assets/targets/lh_ll_unlink_plinko_0060/nocol_translate1red.jpg,64,7598,lh_ll_unlink_plinko_0060,1,True,1,assets/targets/hh_hl_unlink_plinko_0252/col_early_baseblue.jpg,col_early_translate,assets/targets/hh_hl_unlink_plinko_0252/col_early_translatered.jpg,80,7570,hh_hl_unlink_plinko_0252,1,True,1,assets/targets/hh_hl_unlink_plinko_0105/col_early_baseblue.jpg,col_early_translate,assets/targets/hh_hl_unlink_plinko_0105/col_early_translate1red.jpg,100,5979,hh_hl_unlink_plinko_0105,1,True,1,assets/targets/lh_hl_unlink_plinko_0111/col_early_baseblue.jpg,col_early_translate,assets/targets/lh_hl_unlink_plinko_0111/col_early_translatered.jpg,100,4454,lh_hl_unlink_plinko_0111,1,True,1,assets/targets/hh_hl_unlink_plinko_0240/maybecol_baseblue.jpg,maybecol_translate,assets/targets/hh_hl_unlink_plinko_0240/maybecol_translate1red.jpg,15,22335,hh_hl_unlink_plinko_0240,0,False,5e1974bcdb54d72191658210
5,1,assets/targets/lh_ll_unlink_plinko_0060/nocol_baseblue.jpg,nocol_translate,assets/targets/lh_ll_unlink_plinko_0060/nocol_translate1red.jpg,50,13511,lh_ll_unlink_plinko_0060,-1,False,0,assets/targets/lh_hl_unlink_plinko_0049/col_late_basered.jpg,col_late_translate,assets/targets/lh_hl_unlink_plinko_0049/col_late_translateblue.jpg,0,6260,lh_hl_unlink_plinko_0049,0,True,0,assets/targets/lh_ll_unlink_plinko_0217/col_late_basered.jpg,col_late_translate,assets/targets/lh_ll_unlink_plinko_0217/col_late_translate1blue.jpg,0,6356,lh_ll_unlink_plinko_0217,0,True,1,assets/targets/hh_hl_unlink_plinko_0202/maybecol_baseblue.jpg,maybecol_translate,assets/targets/hh_hl_unlink_plinko_0202/maybecol_translate1red.jpg,100,7272,hh_hl_unlink_plinko_0202,1,True,0,assets/targets/hh_hl_unlink_plinko_0393/nocol_basered.jpg,nocol_translate,assets/targets/hh_hl_unlink_plinko_0393/nocol_translateblue.jpg,50,3469,hh_hl_unlink_plinko_0393,-1,False,0,assets/targets/hh_hl_unlink_plinko_0246/col_early_basered.jpg,col_early_translate,assets/targets/hh_hl_unlink_plinko_0246/col_early_translate1blue.jpg,0,4237,hh_hl_unlink_plinko_0246,0,True,0,assets/targets/hh_hl_unlink_plinko_0269/maybecol_basered.jpg,maybecol_translate,assets/targets/hh_hl_unlink_plinko_0269/maybecol_translate1blue.jpg,0,6625,hh_hl_unlink_plinko_0269,0,True,0,assets/targets/hh_hl_unlink_plinko_0240/maybecol_basered.jpg,maybecol_translate,assets/targets/hh_hl_unlink_plinko_0240/maybecol_translate1blue.jpg,100,33614,hh_hl_unlink_plinko_0240,1,False,1,assets/targets/hh_hl_unlink_plinko_0105/maybecol_baseblue.jpg,maybecol_translate,assets/targets/hh_hl_unlink_plinko_0105/maybecol_translate1red.jpg,50,4656,hh_hl_unlink_plinko_0105,-1,False,1,assets/targets/lh_hl_unlink_plinko_0111/col_late_baseblue.jpg,col_late_translate,assets/targets/lh_hl_unlink_plinko_0111/col_late_translate1red.jpg,100,8160,lh_hl_unlink_plinko_0111,1,True,0,assets/targets/hh_hl_unlink_plinko_0315/nocol_basered.jpg,nocol_translate,assets/targets/hh_hl_unlink_plinko_0315/nocol_translate1blue.jpg,50,4120,hh_hl_unlink_plinko_0315,-1,False,1,assets/targets/lh_ll_unlink_plinko_0155/col_late_baseblue.jpg,col_late_translate,assets/targets/lh_ll_unlink_plinko_0155/col_late_translate1red.jpg,100,5669,lh_ll_unlink_plinko_0155,1,True,1,assets/targets/lh_ll_unlink_plinko_0091/col_early_baseblue.jpg,col_early_translate,assets/targets/lh_ll_unlink_plinko_0091/col_early_translatered.jpg,100,5602,lh_ll_unlink_plinko_0091,1,True,1,assets/targets/lh_hl_unlink_plinko_0110/nocol_baseblue.jpg,nocol_translate,assets/targets/lh_hl_unlink_plinko_0110/nocol_translatered.jpg,50,3379,lh_hl_unlink_plinko_0110,-1,False,1,assets/targets/lh_hl_unlink_plinko_0036/col_early_baseblue.jpg,col_early_translate,assets/targets/lh_hl_unlink_plinko_0036/col_early_translatered.jpg,100,9845,lh_hl_unlink_plinko_0036,1,True,1,assets/targets/hh_hl_unlink_plinko_0252/col_early_baseblue.jpg,col_early_translate,assets/targets/hh_hl_unlink_plinko_0252/col_early_translatered.jpg,100,8269,hh_hl_unlink_plinko_0252,1,True,63178a6f2213dd2fe9ef8500
6,1,assets/targets/hh_hl_unlink_plinko_0315/col_early_baseblue.jpg,col_early_translate,assets/targets/hh_hl_unlink_plinko_0315/col_early_translatered.jpg,49,35442,hh_hl_unlink_plinko_0315,0,False,0,assets/targets/hh_hl_unlink_plinko_0393/nocol_basered.jpg,nocol_translate,assets/targets/hh_hl_unlink_plinko_0393/nocol_translate1blue.jpg,44,11375,hh_hl_unlink_plinko_0393,0,True,0,assets/targets/lh_ll_unlink_plinko_0091/col_late_basered.jpg,col_late_translate,assets/targets/lh_ll_unlink_plinko_0091/col_late_translateblue.jpg,67,10931,lh_ll_unlink_plinko_0091,1,False,1,assets/targets/hh_hl_unlink_plinko_0246/maybecol_baseblue.jpg,maybecol_translate,assets/targets/hh_hl_unlink_plinko_0246/maybecol_translatered.jpg,14,7926,hh_hl_unlink_plinko_0246,0,False,0,assets/targets/hh_hl_unlink_plinko_0240/maybecol_basered.jpg,maybecol_translate,assets/targets/hh_hl_unlink_plinko_0240/maybecol_translateblue.jpg,6,6215,hh_hl_unlink_plinko_0240,0,True,1,assets/targets/lh_hl_unlink_plinko_0110/col_late_baseblue.jpg,col_late_translate,assets/targets/lh_hl_unlink_plinko_0110/col_late_translate1red.jpg,100,6090,lh_hl_unlink_plinko_0110,1,True,0,assets/targets/hh_hl_unlink_plinko_0269/col_early_basered.jpg,col_early_translate,assets/targets/hh_hl_unlink_plinko_0269/col_early_translateblue.jpg,52,4472,hh_hl_unlink_plinko_0269,1,False,0,assets/targets/hh_hl_unlink_plinko_0105/maybecol_basered.jpg,maybecol_translate,assets/targets/hh_hl_unlink_plinko_0105/maybecol_translateblue.jpg,32,5808,hh_hl_unlink_plinko_0105,0,True,0,assets/targets/lh_hl_unlink_plinko_0111/col_early_basered.jpg,col_early_translate,assets/targets/lh_hl_unlink_plinko_0111/col_early_translateblue.jpg,0,7125,lh_hl_unlink_plinko_0111,0,True,1,assets/targets/hh_hl_unlink_plinko_0252/maybecol_baseblue.jpg,maybecol_translate,assets/targets/hh_hl_unlink_plinko_0252/maybecol_translate1red.jpg,41,4598,hh_hl_unlink_plinko_0252,0,False,1,assets/targets/hh_hl_unlink_plinko_0202/nocol_baseblue.jpg,nocol_translate,assets/targets/hh_hl_unlink_plinko_0202/nocol_translate1red.jpg,46,5590,hh_hl_unlink_plinko_0202,0,False,0,assets/targets/lh_hl_unlink_plinko_0036/col_late_basered.jpg,col_late_translate,assets/targets/lh_hl_unlink_plinko_0036/col_late_translate1blue.jpg,47,7100,lh_hl_unlink_plinko_0036,0,True,1,assets/targets/lh_hl_unlink_plinko_0049/nocol_baseblue.jpg,nocol_translate,assets/targets/lh_hl_unlink_plinko_0049/nocol_translatered.jpg,53,9696,lh_hl_unlink_plinko_0049,1,True,0,assets/targets/lh_ll_unlink_plinko_0060/col_late_basered.jpg,col_late_translate,assets/targets/lh_ll_unlink_plinko_0060/col_late_translateblue.jpg,38,4578,lh_ll_unlink_plinko_0060,0,True,0,assets/targets/lh_ll_unlink_plinko_0217/col_early_basered.jpg,col_early_translate,assets/targets/lh_ll_unlink_plinko_0217/col_early_translate1blue.jpg,0,5106,lh_ll_unlink_plinko_0217,0,True,1,assets/targets/lh_ll_unlink_plinko_0155/nocol_baseblue.jpg,nocol_translate,assets/targets/lh_ll_unlink_plinko_0155/nocol_translatered.jpg,63,5289,lh_ll_unlink_plinko_0155,1,True,606e4eb2a56685e5593304cd
7,1,assets/targets/hh_hl_unlink_plinko_0315/col_early_baseblue.jpg,col_early_translate,assets/targets/hh_hl_unlink_plinko_0315/col_early_translatered.jpg,100,28359,hh_hl_unlink_plinko_0315,1,True,1,assets/targets/hh_hl_unlink_plinko_0252/nocol_baseblue.jpg,nocol_translate,assets/targets/hh_hl_unlink_plinko_0252/nocol_translatered.jpg,42,22610,hh_hl_unlink_plinko_0252,0,False,1,assets/targets/hh_hl_unlink_plinko_0269/col_early_baseblue.jpg,col_early_translate,assets/targets/hh_hl_unlink_plinko_0269/col_early_translatered.jpg,100,11394,hh_hl_unlink_plinko_0269,1,True,0,assets/targets/lh_ll_unlink_plinko_0091/col_early_basered.jpg,col_early_translate,assets/targets/lh_ll_unlink_plinko_0091/col_early_translate1blue.jpg,100,9546,lh_ll_unlink_plinko_0091,1,False,0,assets/targets/hh_hl_unlink_plinko_0393/maybecol_basered.jpg,maybecol_translate,assets/targets/hh_hl_unlink_plinko_0393/maybecol_translateblue.jpg,0,7808,hh_hl_unlink_plinko_0393,0,True,0,assets/targets/hh_hl_unlink_plinko_0240/maybecol_basered.jpg,maybecol_translate,assets/targets/hh_hl_unlink_plinko_0240/maybecol_translateblue.jpg,0,15411,hh_hl_unlink_plinko_0240,0,True,1,assets/targets/lh_hl_unlink_plinko_0111/col_late_baseblue.jpg,col_late_translate,assets/targets/lh_hl_unlink_plinko_0111/col_late_translatered.jpg,100,12556,lh_hl_unlink_plinko_0111,1,True,1,assets/targets/lh_hl_unlink_plinko_0036/col_late_baseblue.jpg,col_late_translate,assets/targets/lh_hl_unlink_plinko_0036/col_late_translatered.jpg,100,7294,lh_hl_unlink_plinko_0036,1,True,0,assets/targets/lh_ll_unlink_plinko_0217/col_early_basered.jpg,col_early_translate,assets/targets/lh_ll_unlink_plinko_0217/col_early_translateblue.jpg,0,7559,lh_ll_unlink_plinko_0217,0,True,0,assets/targets/lh_ll_unlink_plinko_0155/col_late_basered.jpg,col_late_translate,assets/targets/lh_ll_unlink_plinko_0155/col_late_translate1blue.jpg,100,8609,lh_ll_unlink_plinko_0155,1,False,0,assets/targets/hh_hl_unlink_plinko_0105/maybecol_basered.jpg,maybecol_translate,assets/targets/hh_hl_unlink_plinko_0105/maybecol_translateblue.jpg,100,12925,hh_hl_unlink_plinko_0105,1,False,1,assets/targets/lh_hl_unlink_plinko_0110/nocol_baseblue.jpg,nocol_translate,assets/targets/lh_hl_unlink_plinko_0110/nocol_translatered.jpg,50,6514,lh_hl_unlink_plinko_0110,-1,False,1,assets/targets/lh_hl_unlink_plinko_0049/col_late_baseblue.jpg,col_late_translate,assets/targets/lh_hl_unlink_plinko_0049/col_late_translate1red.jpg,100,10011,lh_hl_unlink_plinko_0049,1,True,0,assets/targets/lh_ll_unlink_plinko_0060/nocol_basered.jpg,nocol_translate,assets/targets/lh_ll_unlink_plinko_0060/nocol_translateblue.jpg,100,6428,lh_ll_unlink_plinko_0060,1,False,0,assets/targets/hh_hl_unlink_plinko_0202/nocol_basered.jpg,nocol_translate,assets/targets/hh_hl_unlink_plinko_0202/nocol_translateblue.jpg,46,10488,hh_hl_unlink_plinko_0202,0,True,1,assets/targets/hh_hl_unlink_plinko_0246/maybecol_baseblue.jpg,maybecol_translate,assets/targets/hh_hl_unlink_plinko_0246/maybecol_translatered.jpg,100,7609,hh_hl_unlink_plinko_0246,1,True,5dd35c6b57069f361d2c2cb7
8,0,assets/targets/lh_ll_unlink_plinko_0091/col_late_basered.jpg,col_late_translate,assets/targets/lh_ll_unlink_plinko_0091/col_late_translate1blue.jpg,23,25959,lh_ll_unlink_plinko_0091,0,True,1,assets/targets/lh_ll_unlink_plinko_0060/col_late_baseblue.jpg,col_late_translate,assets/targets/lh_ll_unlink_plinko_0060/col_late_translate1red.jpg,17,6013,lh_ll_unlink_plinko_0060,0,False,1,assets/targets/lh_hl_unlink_plinko_0110/nocol_baseblue.jpg,nocol_translate,assets/targets/lh_hl_unlink_plinko_0110/nocol_translate1red.jpg,20,11335,lh_hl_unlink_plinko_0110,0,False,0,assets/targets/hh_hl_unlink_plinko_0240/col_early_basered.jpg,col_early_translate,assets/targets/hh_hl_unlink_plinko_0240/col_early_translate1blue.jpg,0,7012,hh_hl_unlink_plinko_0240,0,True,0,assets/targets/lh_ll_unlink_plinko_0217/nocol_basered.jpg,nocol_translate,assets/targets/lh_ll_unlink_plinko_0217/nocol_translateblue.jpg,85,7817,lh_ll_unlink_plinko_0217,1,False,0,assets/targets/hh_hl_unlink_plinko_0252/nocol_basered.jpg,nocol_translate,assets/targets/hh_hl_unlink_plinko_0252/nocol_translateblue.jpg,50,4153,hh_hl_unlink_plinko_0252,-1,False,1,assets/targets/lh_ll_unlink_plinko_0155/col_early_baseblue.jpg,col_early_translate,assets/targets/lh_ll_unlink_plinko_0155/col_early_translatered.jpg,100,9259,lh_ll_unlink_plinko_0155,1,True,0,assets/targets/hh_hl_unlink_plinko_0105/col_early_basered.jpg,col_early_translate,assets/targets/hh_hl_unlink_plinko_0105/col_early_translateblue.jpg,0,5833,hh_hl_unlink_plinko_0105,0,True,1,assets/targets/lh_hl_unlink_plinko_0049/col_late_baseblue.jpg,col_late_translate,assets/targets/lh_hl_unlink_plinko_0049/col_late_translatered.jpg,79,7686,lh_hl_unlink_plinko_0049,1,True,1,assets/targets/hh_hl_unlink_plinko_0269/nocol_baseblue.jpg,nocol_translate,assets/targets/hh_hl_unlink_plinko_0269/nocol_translatered.jpg,29,5971,hh_hl_unlink_plinko_0269,0,False,0,assets/targets/hh_hl_unlink_plinko_0202/maybecol_basered.jpg,maybecol_translate,assets/targets/hh_hl_unlink_plinko_0202/maybecol_translateblue.jpg,8,6844,hh_hl_unlink_plinko_0202,0,True,1,assets/targets/lh_hl_unlink_plinko_0111/col_late_baseblue.jpg,col_late_translate,assets/targets/lh_hl_unlink_plinko_0111/col_late_translate1red.jpg,100,10307,lh_hl_unlink_plinko_0111,1,True,0,assets/targets/lh_hl_unlink_plinko_0036/col_early_basered.jpg,col_early_translate,assets/targets/lh_hl_unlink_plinko_0036/col_early_translate1blue.jpg,16,5633,lh_hl_unlink_plinko_0036,0,True,0,assets/targets/hh_hl_unlink_plinko_0246/maybecol_basered.jpg,maybecol_translate,assets/targets/hh_hl_unlink_plinko_0246/maybecol_translate1blue.jpg,18,6969,hh_hl_unlink_plinko_0246,0,True,0,assets/targets/hh_hl_unlink_plinko_0315/maybecol_basered.jpg,maybecol_translate,assets/targets/hh_hl_unlink_plinko_0315/maybecol_translate1blue.jpg,88,6003,hh_hl_unlink_plinko_0315,1,False,0,assets/targets/hh_hl_unlink_plinko_0393/maybecol_basered.jpg,maybecol_translate,assets/targets/hh_hl_unlink_plinko_0393/maybecol_translate1blue.jpg,33,5361,hh_hl_unlink_plinko_0393,0,True,5f580f0854431a374d536934
9,0,assets/targets/hh_hl_unlink_plinko_0269/maybecol_basered.jpg,maybecol_translate,assets/targets/hh_hl_unlink_plinko_0269/maybecol_translate1blue.jpg,81,22800,hh_hl_unlink_plinko_0269,1,False,1,assets/targets/lh_hl_unlink_plinko_0110/col_late_baseblue.jpg,col_late_translate,assets/targets/lh_hl_unlink_plinko_0110/col_late_translatered.jpg,100,16223,lh_hl_unlink_plinko_0110,1,True,0,assets/targets/lh_ll_unlink_plinko_0155/nocol_basered.jpg,nocol_translate,assets/targets/lh_ll_unlink_plinko_0155/nocol_translate1blue.jpg,41,11694,lh_ll_unlink_plinko_0155,0,True,0,assets/targets/lh_hl_unlink_plinko_0111/col_early_basered.jpg,col_early_translate,assets/targets/lh_hl_unlink_plinko_0111/col_early_translate1blue.jpg,0,8210,lh_hl_unlink_plinko_0111,0,True,1,assets/targets/lh_ll_unlink_plinko_0060/col_late_baseblue.jpg,col_late_translate,assets/targets/lh_ll_unlink_plinko_0060/col_late_translatered.jpg,29,13621,lh_ll_unlink_plinko_0060,0,False,0,assets/targets/hh_hl_unlink_plinko_0105/nocol_basered.jpg,nocol_translate,assets/targets/hh_hl_unlink_plinko_0105/nocol_translate1blue.jpg,36,8854,hh_hl_unlink_plinko_0105,0,True,1,assets/targets/hh_hl_unlink_plinko_0393/maybecol_baseblue.jpg,maybecol_translate,assets/targets/hh_hl_unlink_plinko_0393/maybecol_translatered.jpg,75,9913,hh_hl_unlink_plinko_0393,1,True,0,assets/targets/lh_ll_unlink_plinko_0091/col_late_basered.jpg,col_late_translate,assets/targets/lh_ll_unlink_plinko_0091/col_late_translateblue.jpg,0,8559,lh_ll_unlink_plinko_0091,0,True,1,assets/targets/lh_ll_unlink_plinko_0217/col_late_baseblue.jpg,col_late_translate,assets/targets/lh_ll_unlink_plinko_0217/col_late_translatered.jpg,100,13842,lh_ll_unlink_plinko_0217,1,True,1,assets/targets/hh_hl_unlink_plinko_0240/maybecol_baseblue.jpg,maybecol_translate,assets/targets/hh_hl_unlink_plinko_0240/maybecol_translate1red.jpg,73,12380,hh_hl_unlink_plinko_0240,1,True,0,assets/targets/hh_hl_unlink_plinko_0252/maybecol_basered.jpg,maybecol_translate,assets/targets/hh_hl_unlink_plinko_0252/maybecol_translateblue.jpg,39,17007,hh_hl_unlink_plinko_0252,0,True,1,assets/targets/hh_hl_unlink_plinko_0246/nocol_baseblue.jpg,nocol_translate,assets/targets/hh_hl_unlink_plinko_0246/nocol_translate1red.jpg,55,9300,hh_hl_unlink_plinko_0246,1,True,0,assets/targets/lh_hl_unlink_plinko_0049/col_early_basered.jpg,col_early_translate,assets/targets/lh_hl_unlink_plinko_0049/col_early_translate1blue.jpg,0,6518,lh_hl_unlink_plinko_0049,0,True,1,assets/targets/lh_hl_unlink_plinko_0036/nocol_baseblue.jpg,nocol_translate,assets/targets/lh_hl_unlink_plinko_0036/nocol_translate1red.jpg,34,9160,lh_hl_unlink_plinko_0036,0,False,0,assets/targets/hh_hl_unlink_plinko_0315/col_early_basered.jpg,col_early_translate,assets/targets/hh_hl_unlink_plinko_0315/col_early_translate1blue.jpg,0,7331,hh_hl_unlink_plinko_0315,0,True,0,assets/targets/hh_hl_unlink_plinko_0202/col_early_basered.jpg,col_early_translate,assets/targets/hh_hl_unlink_plinko_0202/col_early_translateblue.jpg,0,6699,hh_hl_unlink_plinko_0202,0,True,5f4bf504f50c0e7df0998290
10,0,assets/targets/hh_hl_unlink_plinko_0240/nocol_basered.jpg,nocol_translate,assets/targets/hh_hl_unlink_plinko_0240/nocol_translate1blue.jpg,50,20191,hh_hl_unlink_plinko_0240,-1,False,1,assets/targets/lh_hl_unlink_plinko_0110/col_late_baseblue.jpg,col_late_translate,assets/targets/lh_hl_unlink_plinko_0110/col_late_translatered.jpg,100,12535,lh_hl_unlink_plinko_0110,1,True,0,assets/targets/lh_ll_unlink_plinko_0217/col_late_basered.jpg,col_late_translate,assets/targets/lh_ll_unlink_plinko_0217/col_late_translateblue.jpg,0,13851,lh_ll_unlink_plinko_0217,0,True,0,assets/targets/lh_ll_unlink_plinko_0060/nocol_basered.jpg,nocol_translate,assets/targets/lh_ll_unlink_plinko_0060/nocol_translate1blue.jpg,51,13985,lh_ll_unlink_plinko_0060,1,False,0,assets/targets/hh_hl_unlink_plinko_0202/col_early_basered.jpg,col_early_translate,assets/targets/hh_hl_unlink_plinko_0202/col_early_translateblue.jpg,50,10882,hh_hl_unlink_plinko_0202,-1,False,1,assets/targets/lh_hl_unlink_plinko_0111/col_early_baseblue.jpg,col_early_translate,assets/targets/lh_hl_unlink_plinko_0111/col_early_translatered.jpg,100,21387,lh_hl_unlink_plinko_0111,1,True,0,assets/targets/lh_hl_unlink_plinko_0036/col_early_basered.jpg,col_early_translate,assets/targets/lh_hl_unlink_plinko_0036/col_early_translateblue.jpg,26,12848,lh_hl_unlink_plinko_0036,0,True,1,assets/targets/lh_ll_unlink_plinko_0091/col_late_baseblue.jpg,col_late_translate,assets/targets/lh_ll_unlink_plinko_0091/col_late_translatered.jpg,100,14201,lh_ll_unlink_plinko_0091,1,True,0,assets/targets/lh_ll_unlink_plinko_0155/col_late_basered.jpg,col_late_translate,assets/targets/lh_ll_unlink_plinko_0155/col_late_translate1blue.jpg,0,12128,lh_ll_unlink_plinko_0155,0,True,0,assets/targets/lh_hl_unlink_plinko_0049/nocol_basered.jpg,nocol_translate,assets/targets/lh_hl_unlink_plinko_0049/nocol_translate1blue.jpg,50,8599,lh_hl_unlink_plinko_0049,-1,False,1,assets/targets/hh_hl_unlink_plinko_0269/nocol_baseblue.jpg,nocol_translate,assets/targets/hh_hl_unlink_plinko_0269/nocol_translate1red.jpg,49,8107,hh_hl_unlink_plinko_0269,0,False,0,assets/targets/hh_hl_unlink_plinko_0246/maybecol_basered.jpg,maybecol_translate,assets/targets/hh_hl_unlink_plinko_0246/maybecol_translateblue.jpg,0,18422,hh_hl_unlink_plinko_0246,0,True,1,assets/targets/hh_hl_unlink_plinko_0315/maybecol_baseblue.jpg,maybecol_translate,assets/targets/hh_hl_unlink_plinko_0315/maybecol_translate1red.jpg,83,8325,hh_hl_unlink_plinko_0315,1,True,0,assets/targets/hh_hl_unlink_plinko_0393/maybecol_basered.jpg,maybecol_translate,assets/targets/hh_hl_unlink_plinko_0393/maybecol_translate1blue.jpg,0,16871,hh_hl_unlink_plinko_0393,0,True,1,assets/targets/hh_hl_unlink_plinko_0252/col_early_baseblue.jpg,col_early_translate,assets/targets/hh_hl_unlink_plinko_0252/col_early_translatered.jpg,100,6053,hh_hl_unlink_plinko_0252,1,True,1,assets/targets/hh_hl_unlink_plinko_0105/maybecol_baseblue.jpg,maybecol_translate,assets/targets/hh_hl_unlink_plinko_0105/maybecol_translatered.jpg,49,3384,hh_hl_unlink_plinko_0105,0,False,5e9c8deb90dd470441c7f98e
11,1,assets/targets/lh_hl_unlink_plinko_0049/nocol_baseblue.jpg,nocol_translate,assets/targets/lh_hl_unlink_plinko_0049/nocol_translate1red.jpg,84,38909,lh_hl_unlink_plinko_0049,1,True,0,assets/targets/hh_hl_unlink_plinko_0202/maybecol_basered.jpg,maybecol_translate,assets/targets/hh_hl_unlink_plinko_0202/maybecol_translateblue.jpg,88,22780,hh_hl_unlink_plinko_0202,1,False,1,assets/targets/lh_hl_unlink_plinko_0036/nocol_baseblue.jpg,nocol_translate,assets/targets/lh_hl_unlink_plinko_0036/nocol_translatered.jpg,9,12486,lh_hl_unlink_plinko_0036,0,False,0,assets/targets/hh_hl_unlink_plinko_0269/nocol_basered.jpg,nocol_translate,assets/targets/hh_hl_unlink_plinko_0269/nocol_translateblue.jpg,72,9523,hh_hl_unlink_plinko_0269,1,False,0,assets/targets/lh_ll_unlink_plinko_0060/col_late_basered.jpg,col_late_translate,assets/targets/lh_ll_unlink_plinko_0060/col_late_translateblue.jpg,24,14360,lh_ll_unlink_plinko_0060,0,True,0,assets/targets/hh_hl_unlink_plinko_0315/maybecol_basered.jpg,maybecol_translate,assets/targets/hh_hl_unlink_plinko_0315/maybecol_translateblue.jpg,77,11008,hh_hl_unlink_plinko_0315,1,False,1,assets/targets/hh_hl_unlink_plinko_0240/col_early_baseblue.jpg,col_early_translate,assets/targets/hh_hl_unlink_plinko_0240/col_early_translatered.jpg,100,14586,hh_hl_unlink_plinko_0240,1,True,0,assets/targets/lh_ll_unlink_plinko_0155/col_early_basered.jpg,col_early_translate,assets/targets/lh_ll_unlink_plinko_0155/col_early_translate1blue.jpg,16,12094,lh_ll_unlink_plinko_0155,0,True,0,assets/targets/hh_hl_unlink_plinko_0105/col_early_basered.jpg,col_early_translate,assets/targets/hh_hl_unlink_plinko_0105/col_early_translateblue.jpg,0,9832,hh_hl_unlink_plinko_0105,0,True,0,assets/targets/lh_hl_unlink_plinko_0111/col_late_basered.jpg,col_late_translate,assets/targets/lh_hl_unlink_plinko_0111/col_late_translate1blue.jpg,23,15715,lh_hl_unlink_plinko_0111,0,True,1,assets/targets/hh_hl_unlink_plinko_0252/maybecol_baseblue.jpg,maybecol_translate,assets/targets/hh_hl_unlink_plinko_0252/maybecol_translatered.jpg,20,15709,hh_hl_unlink_plinko_0252,0,False,1,assets/targets/lh_hl_unlink_plinko_0110/col_early_baseblue.jpg,col_early_translate,assets/targets/lh_hl_unlink_plinko_0110/col_early_translatered.jpg,15,15086,lh_hl_unlink_plinko_0110,0,False,0,assets/targets/hh_hl_unlink_plinko_0246/maybecol_basered.jpg,maybecol_translate,assets/targets/hh_hl_unlink_plinko_0246/maybecol_translate1blue.jpg,25,11680,hh_hl_unlink_plinko_0246,0,True,1,assets/targets/lh_ll_unlink_plinko_0217/col_late_baseblue.jpg,col_late_translate,assets/targets/lh_ll_unlink_plinko_0217/col_late_translatered.jpg,78,12479,lh_ll_unlink_plinko_0217,1,True,0,assets/targets/hh_hl_unlink_plinko_0393/nocol_basered.jpg,nocol_translate,assets/targets/hh_hl_unlink_plinko_0393/nocol_translateblue.jpg,50,11119,hh_hl_unlink_plinko_0393,-1,False,1,assets/targets/lh_ll_unlink_plinko_0091/col_late_baseblue.jpg,col_late_translate,assets/targets/lh_ll_unlink_plinko_0091/col_late_translatered.jpg,70,12575,lh_ll_unlink_plinko_0091,1,True,5e767774d5274000082f5582
12,0,assets/targets/lh_hl_unlink_plinko_0036/col_early_basered.jpg,col_early_translate,assets/targets/lh_hl_unlink_plinko_0036/col_early_translate1blue.jpg,0,24874,lh_hl_unlink_plinko_0036,0,True,0,assets/targets/lh_ll_unlink_plinko_0060/col_late_basered.jpg,col_late_translate,assets/targets/lh_ll_unlink_plinko_0060/col_late_translate1blue.jpg,100,8360,lh_ll_unlink_plinko_0060,1,False,1,assets/targets/hh_hl_unlink_plinko_0393/nocol_baseblue.jpg,nocol_translate,assets/targets/hh_hl_unlink_plinko_0393/nocol_translate1red.jpg,0,9313,hh_hl_unlink_plinko_0393,0,False,1,assets/targets/hh_hl_unlink_plinko_0246/col_early_baseblue.jpg,col_early_translate,assets/targets/hh_hl_unlink_plinko_0246/col_early_translatered.jpg,100,10993,hh_hl_unlink_plinko_0246,1,True,0,assets/targets/hh_hl_unlink_plinko_0202/maybecol_basered.jpg,maybecol_translate,assets/targets/hh_hl_unlink_plinko_0202/maybecol_translate1blue.jpg,100,6708,hh_hl_unlink_plinko_0202,1,False,1,assets/targets/lh_hl_unlink_plinko_0111/col_early_baseblue.jpg,col_early_translate,assets/targets/lh_hl_unlink_plinko_0111/col_early_translate1red.jpg,100,5754,lh_hl_unlink_plinko_0111,1,True,0,assets/targets/hh_hl_unlink_plinko_0252/maybecol_basered.jpg,maybecol_translate,assets/targets/hh_hl_unlink_plinko_0252/maybecol_translateblue.jpg,0,14411,hh_hl_unlink_plinko_0252,0,True,1,assets/targets/lh_ll_unlink_plinko_0217/nocol_baseblue.jpg,nocol_translate,assets/targets/lh_ll_unlink_plinko_0217/nocol_translate1red.jpg,100,5310,lh_ll_unlink_plinko_0217,1,True,1,assets/targets/hh_hl_unlink_plinko_0240/col_early_baseblue.jpg,col_early_translate,assets/targets/hh_hl_unlink_plinko_0240/col_early_translate1red.jpg,100,5423,hh_hl_unlink_plinko_0240,1,True,1,assets/targets/lh_hl_unlink_plinko_0110/col_late_baseblue.jpg,col_late_translate,assets/targets/lh_hl_unlink_plinko_0110/col_late_translate1red.jpg,100,9153,lh_hl_unlink_plinko_0110,1,True,0,assets/targets/hh_hl_unlink_plinko_0105/nocol_basered.jpg,nocol_translate,assets/targets/hh_hl_unlink_plinko_0105/nocol_translate1blue.jpg,0,8491,hh_hl_unlink_plinko_0105,0,True,0,assets/targets/lh_ll_unlink_plinko_0155/nocol_basered.jpg,nocol_translate,assets/targets/lh_ll_unlink_plinko_0155/nocol_translate1blue.jpg,0,8933,lh_ll_unlink_plinko_0155,0,True,1,assets/targets/hh_hl_unlink_plinko_0315/maybecol_baseblue.jpg,maybecol_translate,assets/targets/hh_hl_unlink_plinko_0315/maybecol_translate1red.jpg,100,5816,hh_hl_unlink_plinko_0315,1,True,0,assets/targets/hh_hl_unlink_plinko_0269/maybecol_basered.jpg,maybecol_translate,assets/targets/hh_hl_unlink_plinko_0269/maybecol_translate1blue.jpg,100,7158,hh_hl_unlink_plinko_0269,1,False,0,assets/targets/lh_ll_unlink_plinko_0091/col_late_basered.jpg,col_late_translate,assets/targets/lh_ll_unlink_plinko_0091/col_late_translate1blue.jpg,0,4708,lh_ll_unlink_plinko_0091,0,True,1,assets/targets/lh_hl_unlink_plinko_0049/col_late_baseblue.jpg,col_late_translate,assets/targets/lh_hl_unlink_plinko_0049/col_late_translate1red.jpg,100,5196,lh_hl_unlink_plinko_0049,1,True,63626fe174f7db263a4aa8f2
13,0,assets/targets/lh_ll_unlink_plinko_0091/nocol_basered.jpg,nocol_translate,assets/targets/lh_ll_unlink_plinko_0091/nocol_translateblue.jpg,65,60385,lh_ll_unlink_plinko_0091,1,False,0,assets/targets/hh_hl_unlink_plinko_0202/maybecol_basered.jpg,maybecol_translate,assets/targets/hh_hl_unlink_plinko_0202/maybecol_translateblue.jpg,100,13482,hh_hl_unlink_plinko_0202,1,False,1,assets/targets/lh_hl_unlink_plinko_0036/col_late_baseblue.jpg,col_late_translate,assets/targets/lh_hl_unlink_plinko_0036/col_late_translatered.jpg,100,21042,lh_hl_unlink_plinko_0036,1,True,0,assets/targets/lh_ll_unlink_plinko_0217/col_late_basered.jpg,col_late_translate,assets/targets/lh_ll_unlink_plinko_0217/col_late_translate1blue.jpg,0,17540,lh_ll_unlink_plinko_0217,0,True,0,assets/targets/lh_ll_unlink_plinko_0155/col_early_basered.jpg,col_early_translate,assets/targets/lh_ll_unlink_plinko_0155/col_early_translateblue.jpg,0,8917,lh_ll_unlink_plinko_0155,0,True,0,assets/targets/lh_hl_unlink_plinko_0110/col_late_basered.jpg,col_late_translate,assets/targets/lh_hl_unlink_plinko_0110/col_late_translate1blue.jpg,0,9825,lh_hl_unlink_plinko_0110,0,True,0,assets/targets/hh_hl_unlink_plinko_0393/nocol_basered.jpg,nocol_translate,assets/targets/hh_hl_unlink_plinko_0393/nocol_translate1blue.jpg,35,9121,hh_hl_unlink_plinko_0393,0,True,0,assets/targets/hh_hl_unlink_plinko_0105/maybecol_basered.jpg,maybecol_translate,assets/targets/hh_hl_unlink_plinko_0105/maybecol_translate1blue.jpg,100,7305,hh_hl_unlink_plinko_0105,1,False,0,assets/targets/hh_hl_unlink_plinko_0246/col_early_basered.jpg,col_early_translate,assets/targets/hh_hl_unlink_plinko_0246/col_early_translate1blue.jpg,0,7145,hh_hl_unlink_plinko_0246,0,True,1,assets/targets/hh_hl_unlink_plinko_0252/nocol_baseblue.jpg,nocol_translate,assets/targets/hh_hl_unlink_plinko_0252/nocol_translate1red.jpg,0,8001,hh_hl_unlink_plinko_0252,0,False,1,assets/targets/lh_hl_unlink_plinko_0049/col_early_baseblue.jpg,col_early_translate,assets/targets/lh_hl_unlink_plinko_0049/col_early_translatered.jpg,100,11477,lh_hl_unlink_plinko_0049,1,True,0,assets/targets/lh_ll_unlink_plinko_0060/nocol_basered.jpg,nocol_translate,assets/targets/lh_ll_unlink_plinko_0060/nocol_translateblue.jpg,61,9145,lh_ll_unlink_plinko_0060,1,False,1,assets/targets/lh_hl_unlink_plinko_0111/col_late_baseblue.jpg,col_late_translate,assets/targets/lh_hl_unlink_plinko_0111/col_late_translate1red.jpg,0,5793,lh_hl_unlink_plinko_0111,0,False,1,assets/targets/hh_hl_unlink_plinko_0269/col_early_baseblue.jpg,col_early_translate,assets/targets/hh_hl_unlink_plinko_0269/col_early_translatered.jpg,100,6416,hh_hl_unlink_plinko_0269,1,True,0,assets/targets/hh_hl_unlink_plinko_0240/maybecol_basered.jpg,maybecol_translate,assets/targets/hh_hl_unlink_plinko_0240/maybecol_translateblue.jpg,0,5823,hh_hl_unlink_plinko_0240,0,True,1,assets/targets/hh_hl_unlink_plinko_0315/maybecol_baseblue.jpg,maybecol_translate,assets/targets/hh_hl_unlink_plinko_0315/maybecol_translatered.jpg,38,7280,hh_hl_unlink_plinko_0315,0,False,5f32e865bd94490a64d9c9f5
14,1,assets/targets/hh_hl_unlink_plinko_0202/nocol_baseblue.jpg,nocol_translate,assets/targets/hh_hl_unlink_plinko_0202/nocol_translate1red.jpg,50,75873,hh_hl_unlink_plinko_0202,-1,False,0,assets/targets/lh_hl_unlink_plinko_0036/nocol_basered.jpg,nocol_translate,assets/targets/lh_hl_unlink_plinko_0036/nocol_translate1blue.jpg,50,14063,lh_hl_unlink_plinko_0036,-1,False,1,assets/targets/hh_hl_unlink_plinko_0240/nocol_baseblue.jpg,nocol_translate,assets/targets/hh_hl_unlink_plinko_0240/nocol_translatered.jpg,50,16481,hh_hl_unlink_plinko_0240,-1,False,1,assets/targets/lh_ll_unlink_plinko_0060/col_early_baseblue.jpg,col_early_translate,assets/targets/lh_ll_unlink_plinko_0060/col_early_translate1red.jpg,100,32215,lh_ll_unlink_plinko_0060,1,True,0,assets/targets/hh_hl_unlink_plinko_0315/col_early_basered.jpg,col_early_translate,assets/targets/hh_hl_unlink_plinko_0315/col_early_translate1blue.jpg,3,15235,hh_hl_unlink_plinko_0315,0,True,0,assets/targets/hh_hl_unlink_plinko_0246/maybecol_basered.jpg,maybecol_translate,assets/targets/hh_hl_unlink_plinko_0246/maybecol_translate1blue.jpg,50,12081,hh_hl_unlink_plinko_0246,-1,False,0,assets/targets/hh_hl_unlink_plinko_0269/maybecol_basered.jpg,maybecol_translate,assets/targets/hh_hl_unlink_plinko_0269/maybecol_translateblue.jpg,28,22177,hh_hl_unlink_plinko_0269,0,True,1,assets/targets/lh_hl_unlink_plinko_0049/col_late_baseblue.jpg,col_late_translate,assets/targets/lh_hl_unlink_plinko_0049/col_late_translatered.jpg,50,19959,lh_hl_unlink_plinko_0049,-1,False,0,assets/targets/lh_ll_unlink_plinko_0217/col_early_basered.jpg,col_early_translate,assets/targets/lh_ll_unlink_plinko_0217/col_early_translate1blue.jpg,0,14732,lh_ll_unlink_plinko_0217,0,True,1,assets/targets/hh_hl_unlink_plinko_0393/maybecol_baseblue.jpg,maybecol_translate,assets/targets/hh_hl_unlink_plinko_0393/maybecol_translatered.jpg,50,11807,hh_hl_unlink_plinko_0393,-1,False,0,assets/targets/lh_hl_unlink_plinko_0110/nocol_basered.jpg,nocol_translate,assets/targets/lh_hl_unlink_plinko_0110/nocol_translateblue.jpg,50,5255,lh_hl_unlink_plinko_0110,-1,False,0,assets/targets/hh_hl_unlink_plinko_0252/maybecol_basered.jpg,maybecol_translate,assets/targets/hh_hl_unlink_plinko_0252/maybecol_translateblue.jpg,50,12783,hh_hl_unlink_plinko_0252,-1,False,0,assets/targets/lh_ll_unlink_plinko_0155/col_late_basered.jpg,col_late_translate,assets/targets/lh_ll_unlink_plinko_0155/col_late_translateblue.jpg,50,16203,lh_ll_unlink_plinko_0155,-1,False,0,assets/targets/lh_ll_unlink_plinko_0091/col_late_basered.jpg,col_late_translate,assets/targets/lh_ll_unlink_plinko_0091/col_late_translate1blue.jpg,69,19317,lh_ll_unlink_plinko_0091,1,False,0,assets/targets/lh_hl_unlink_plinko_0111/col_late_basered.jpg,col_late_translate,assets/targets/lh_hl_unlink_plinko_0111/col_late_translateblue.jpg,37,12096,lh_hl_unlink_plinko_0111,0,True,1,assets/targets/hh_hl_unlink_plinko_0105/col_early_baseblue.jpg,col_early_translate,assets/targets/hh_hl_unlink_plinko_0105/col_early_translate1red.jpg,100,16189,hh_hl_unlink_plinko_0105,1,True,626976d0dfd20d6832fc92aa
15,1,assets/targets/hh_hl_unlink_plinko_0315/nocol_baseblue.jpg,nocol_translate,assets/targets/hh_hl_unlink_plinko_0315/nocol_translatered.jpg,50,29025,hh_hl_unlink_plinko_0315,-1,False,0,assets/targets/hh_hl_unlink_plinko_0202/maybecol_basered.jpg,maybecol_translate,assets/targets/hh_hl_unlink_plinko_0202/maybecol_translateblue.jpg,15,11901,hh_hl_unlink_plinko_0202,0,True,1,assets/targets/lh_ll_unlink_plinko_0060/nocol_baseblue.jpg,nocol_translate,assets/targets/lh_ll_unlink_plinko_0060/nocol_translatered.jpg,50,8167,lh_ll_unlink_plinko_0060,-1,False,0,assets/targets/hh_hl_unlink_plinko_0240/maybecol_basered.jpg,maybecol_translate,assets/targets/hh_hl_unlink_plinko_0240/maybecol_translateblue.jpg,12,6683,hh_hl_unlink_plinko_0240,0,True,0,assets/targets/lh_ll_unlink_plinko_0091/nocol_basered.jpg,nocol_translate,assets/targets/lh_ll_unlink_plinko_0091/nocol_translateblue.jpg,50,6154,lh_ll_unlink_plinko_0091,-1,False,1,assets/targets/hh_hl_unlink_plinko_0246/nocol_baseblue.jpg,nocol_translate,assets/targets/hh_hl_unlink_plinko_0246/nocol_translatered.jpg,50,4061,hh_hl_unlink_plinko_0246,-1,False,0,assets/targets/lh_ll_unlink_plinko_0155/col_late_basered.jpg,col_late_translate,assets/targets/lh_ll_unlink_plinko_0155/col_late_translateblue.jpg,0,9988,lh_ll_unlink_plinko_0155,0,True,1,assets/targets/lh_hl_unlink_plinko_0110/col_early_baseblue.jpg,col_early_translate,assets/targets/lh_hl_unlink_plinko_0110/col_early_translatered.jpg,100,6722,lh_hl_unlink_plinko_0110,1,True,1,assets/targets/hh_hl_unlink_plinko_0252/col_early_baseblue.jpg,col_early_translate,assets/targets/hh_hl_unlink_plinko_0252/col_early_translate1red.jpg,0,6216,hh_hl_unlink_plinko_0252,0,False,1,assets/targets/lh_hl_unlink_plinko_0111/col_late_baseblue.jpg,col_late_translate,assets/targets/lh_hl_unlink_plinko_0111/col_late_translatered.jpg,100,8785,lh_hl_unlink_plinko_0111,1,True,1,assets/targets/lh_hl_unlink_plinko_0036/col_late_baseblue.jpg,col_late_translate,assets/targets/lh_hl_unlink_plinko_0036/col_late_translatered.jpg,100,9264,lh_hl_unlink_plinko_0036,1,True,1,assets/targets/hh_hl_unlink_plinko_0105/maybecol_baseblue.jpg,maybecol_translate,assets/targets/hh_hl_unlink_plinko_0105/maybecol_translatered.jpg,50,6381,hh_hl_unlink_plinko_0105,-1,False,1,assets/targets/lh_hl_unlink_plinko_0049/col_early_baseblue.jpg,col_early_translate,assets/targets/lh_hl_unlink_plinko_0049/col_early_translatered.jpg,100,7858,lh_hl_unlink_plinko_0049,1,True,0,assets/targets/hh_hl_unlink_plinko_0269/maybecol_basered.jpg,maybecol_translate,assets/targets/hh_hl_unlink_plinko_0269/maybecol_translateblue.jpg,67,14343,hh_hl_unlink_plinko_0269,1,False,1,assets/targets/lh_ll_unlink_plinko_0217/col_late_baseblue.jpg,col_late_translate,assets/targets/lh_ll_unlink_plinko_0217/col_late_translatered.jpg,100,6660,lh_ll_unlink_plinko_0217,1,True,0,assets/targets/hh_hl_unlink_plinko_0393/col_early_basered.jpg,col_early_translate,assets/targets/hh_hl_unlink_plinko_0393/col_early_translateblue.jpg,0,6860,hh_hl_unlink_plinko_0393,0,True,611e98f99f858a3980832435
16,0,assets/targets/hh_hl_unlink_plinko_0315/maybecol_basered.jpg,maybecol_translate,assets/targets/hh_hl_unlink_plinko_0315/maybecol_translateblue.jpg,17,39599,hh_hl_unlink_plinko_0315,0,True,1,assets/targets/lh_hl_unlink_plinko_0111/col_late_baseblue.jpg,col_late_translate,assets/targets/lh_hl_unlink_plinko_0111/col_late_translatered.jpg,16,10142,lh_hl_unlink_plinko_0111,0,False,1,assets/targets/lh_hl_unlink_plinko_0036/nocol_baseblue.jpg,nocol_translate,assets/targets/lh_hl_unlink_plinko_0036/nocol_translatered.jpg,17,6530,lh_hl_unlink_plinko_0036,0,False,0,assets/targets/lh_hl_unlink_plinko_0049/col_late_basered.jpg,col_late_translate,assets/targets/lh_hl_unlink_plinko_0049/col_late_translate1blue.jpg,0,6476,lh_hl_unlink_plinko_0049,0,True,0,assets/targets/lh_ll_unlink_plinko_0060/col_early_basered.jpg,col_early_translate,assets/targets/lh_ll_unlink_plinko_0060/col_early_translateblue.jpg,0,7458,lh_ll_unlink_plinko_0060,0,True,0,assets/targets/hh_hl_unlink_plinko_0269/maybecol_basered.jpg,maybecol_translate,assets/targets/hh_hl_unlink_plinko_0269/maybecol_translateblue.jpg,4,5603,hh_hl_unlink_plinko_0269,0,True,1,assets/targets/lh_ll_unlink_plinko_0155/col_late_baseblue.jpg,col_late_translate,assets/targets/lh_ll_unlink_plinko_0155/col_late_translatered.jpg,86,8667,lh_ll_unlink_plinko_0155,1,True,0,assets/targets/hh_hl_unlink_plinko_0393/maybecol_basered.jpg,maybecol_translate,assets/targets/hh_hl_unlink_plinko_0393/maybecol_translateblue.jpg,0,7739,hh_hl_unlink_plinko_0393,0,True,0,assets/targets/lh_hl_unlink_plinko_0110/col_late_basered.jpg,col_late_translate,assets/targets/lh_hl_unlink_plinko_0110/col_late_translateblue.jpg,71,7991,lh_hl_unlink_plinko_0110,1,False,0,assets/targets/lh_ll_unlink_plinko_0091/nocol_basered.jpg,nocol_translate,assets/targets/lh_ll_unlink_plinko_0091/nocol_translate1blue.jpg,68,5429,lh_ll_unlink_plinko_0091,1,False,1,assets/targets/hh_hl_unlink_plinko_0105/nocol_baseblue.jpg,nocol_translate,assets/targets/hh_hl_unlink_plinko_0105/nocol_translatered.jpg,27,3617,hh_hl_unlink_plinko_0105,0,False,0,assets/targets/hh_hl_unlink_plinko_0252/col_early_basered.jpg,col_early_translate,assets/targets/hh_hl_unlink_plinko_0252/col_early_translate1blue.jpg,16,6793,hh_hl_unlink_plinko_0252,0,True,0,assets/targets/hh_hl_unlink_plinko_0240/col_early_basered.jpg,col_early_translate,assets/targets/hh_hl_unlink_plinko_0240/col_early_translateblue.jpg,23,6188,hh_hl_unlink_plinko_0240,0,True,1,assets/targets/hh_hl_unlink_plinko_0246/maybecol_baseblue.jpg,maybecol_translate,assets/targets/hh_hl_unlink_plinko_0246/maybecol_translate1red.jpg,76,29923,hh_hl_unlink_plinko_0246,1,True,1,assets/targets/lh_ll_unlink_plinko_0217/col_early_baseblue.jpg,col_early_translate,assets/targets/lh_ll_unlink_plinko_0217/col_early_translatered.jpg,22,6097,lh_ll_unlink_plinko_0217,0,False,0,assets/targets/hh_hl_unlink_plinko_0202/nocol_basered.jpg,nocol_translate,assets/targets/hh_hl_unlink_plinko_0202/nocol_translateblue.jpg,35,10013,hh_hl_unlink_plinko_0202,0,True,616f3e06f25268c7352b2392
17,1,assets/targets/lh_ll_unlink_plinko_0060/col_late_baseblue.jpg,col_late_translate,assets/targets/lh_ll_unlink_plinko_0060/col_late_translatered.jpg,25,26754,lh_ll_unlink_plinko_0060,0,False,1,assets/targets/hh_hl_unlink_plinko_0202/col_early_baseblue.jpg,col_early_translate,assets/targets/hh_hl_unlink_plinko_0202/col_early_translate1red.jpg,29,8339,hh_hl_unlink_plinko_0202,0,False,1,assets/targets/lh_hl_unlink_plinko_0111/col_late_baseblue.jpg,col_late_translate,assets/targets/lh_hl_unlink_plinko_0111/col_late_translate1red.jpg,82,4495,lh_hl_unlink_plinko_0111,1,True,1,assets/targets/hh_hl_unlink_plinko_0105/maybecol_baseblue.jpg,maybecol_translate,assets/targets/hh_hl_unlink_plinko_0105/maybecol_translate1red.jpg,51,4917,hh_hl_unlink_plinko_0105,1,True,0,assets/targets/hh_hl_unlink_plinko_0269/col_early_basered.jpg,col_early_translate,assets/targets/hh_hl_unlink_plinko_0269/col_early_translate1blue.jpg,35,4612,hh_hl_unlink_plinko_0269,0,True,0,assets/targets/lh_ll_unlink_plinko_0155/col_early_basered.jpg,col_early_translate,assets/targets/lh_ll_unlink_plinko_0155/col_early_translate1blue.jpg,40,4241,lh_ll_unlink_plinko_0155,0,True,1,assets/targets/hh_hl_unlink_plinko_0240/maybecol_baseblue.jpg,maybecol_translate,assets/targets/hh_hl_unlink_plinko_0240/maybecol_translate1red.jpg,51,8044,hh_hl_unlink_plinko_0240,1,True,1,assets/targets/hh_hl_unlink_plinko_0315/maybecol_baseblue.jpg,maybecol_translate,assets/targets/hh_hl_unlink_plinko_0315/maybecol_translatered.jpg,51,32346,hh_hl_unlink_plinko_0315,1,True,0,assets/targets/hh_hl_unlink_plinko_0393/nocol_basered.jpg,nocol_translate,assets/targets/hh_hl_unlink_plinko_0393/nocol_translateblue.jpg,62,4160,hh_hl_unlink_plinko_0393,1,False,0,assets/targets/lh_hl_unlink_plinko_0110/nocol_basered.jpg,nocol_translate,assets/targets/lh_hl_unlink_plinko_0110/nocol_translate1blue.jpg,58,5336,lh_hl_unlink_plinko_0110,1,False,1,assets/targets/lh_ll_unlink_plinko_0091/nocol_baseblue.jpg,nocol_translate,assets/targets/lh_ll_unlink_plinko_0091/nocol_translate1red.jpg,45,1474694,lh_ll_unlink_plinko_0091,0,False,0,assets/targets/hh_hl_unlink_plinko_0252/maybecol_basered.jpg,maybecol_translate,assets/targets/hh_hl_unlink_plinko_0252/maybecol_translate1blue.jpg,27,7885,hh_hl_unlink_plinko_0252,0,True,1,assets/targets/lh_hl_unlink_plinko_0036/col_late_baseblue.jpg,col_late_translate,assets/targets/lh_hl_unlink_plinko_0036/col_late_translate1red.jpg,58,8641,lh_hl_unlink_plinko_0036,1,True,0,assets/targets/hh_hl_unlink_plinko_0246/nocol_basered.jpg,nocol_translate,assets/targets/hh_hl_unlink_plinko_0246/nocol_translate1blue.jpg,49,5505,hh_hl_unlink_plinko_0246,0,True,1,assets/targets/lh_ll_unlink_plinko_0217/col_late_baseblue.jpg,col_late_translate,assets/targets/lh_ll_unlink_plinko_0217/col_late_translate1red.jpg,55,34088,lh_ll_unlink_plinko_0217,1,True,1,assets/targets/lh_hl_unlink_plinko_0049/col_early_baseblue.jpg,col_early_translate,assets/targets/lh_hl_unlink_plinko_0049/col_early_translate1red.jpg,57,4285,lh_hl_unlink_plinko_0049,1,True,5b6872f33ffbf200015434ef
18,0,assets/targets/lh_ll_unlink_plinko_0060/col_early_basered.jpg,col_early_translate,assets/targets/lh_ll_unlink_plinko_0060/col_early_translate1blue.jpg,0,24161,lh_ll_unlink_plinko_0060,0,True,1,assets/targets/lh_hl_unlink_plinko_0036/col_late_baseblue.jpg,col_late_translate,assets/targets/lh_hl_unlink_plinko_0036/col_late_translatered.jpg,99,10167,lh_hl_unlink_plinko_0036,1,True,0,assets/targets/lh_hl_unlink_plinko_0110/col_late_basered.jpg,col_late_translate,assets/targets/lh_hl_unlink_plinko_0110/col_late_translate1blue.jpg,0,25771,lh_hl_unlink_plinko_0110,0,True,0,assets/targets/lh_hl_unlink_plinko_0049/col_late_basered.jpg,col_late_translate,assets/targets/lh_hl_unlink_plinko_0049/col_late_translate1blue.jpg,32,24157,lh_hl_unlink_plinko_0049,0,True,1,assets/targets/lh_ll_unlink_plinko_0091/col_late_baseblue.jpg,col_late_translate,assets/targets/lh_ll_unlink_plinko_0091/col_late_translate1red.jpg,100,12055,lh_ll_unlink_plinko_0091,1,True,0,assets/targets/lh_ll_unlink_plinko_0155/col_early_basered.jpg,col_early_translate,assets/targets/lh_ll_unlink_plinko_0155/col_early_translate1blue.jpg,0,10118,lh_ll_unlink_plinko_0155,0,True,0,assets/targets/hh_hl_unlink_plinko_0202/maybecol_basered.jpg,maybecol_translate,assets/targets/hh_hl_unlink_plinko_0202/maybecol_translate1blue.jpg,29,13104,hh_hl_unlink_plinko_0202,0,True,0,assets/targets/hh_hl_unlink_plinko_0240/nocol_basered.jpg,nocol_translate,assets/targets/hh_hl_unlink_plinko_0240/nocol_translateblue.jpg,22,7168,hh_hl_unlink_plinko_0240,0,True,1,assets/targets/hh_hl_unlink_plinko_0315/maybecol_baseblue.jpg,maybecol_translate,assets/targets/hh_hl_unlink_plinko_0315/maybecol_translatered.jpg,96,17400,hh_hl_unlink_plinko_0315,1,True,0,assets/targets/lh_hl_unlink_plinko_0111/nocol_basered.jpg,nocol_translate,assets/targets/lh_hl_unlink_plinko_0111/nocol_translateblue.jpg,42,19616,lh_hl_unlink_plinko_0111,0,True,0,assets/targets/hh_hl_unlink_plinko_0393/col_early_basered.jpg,col_early_translate,assets/targets/hh_hl_unlink_plinko_0393/col_early_translate1blue.jpg,99,8317,hh_hl_unlink_plinko_0393,1,False,0,assets/targets/hh_hl_unlink_plinko_0269/col_early_basered.jpg,col_early_translate,assets/targets/hh_hl_unlink_plinko_0269/col_early_translate1blue.jpg,43,6884,hh_hl_unlink_plinko_0269,0,True,0,assets/targets/hh_hl_unlink_plinko_0246/maybecol_basered.jpg,maybecol_translate,assets/targets/hh_hl_unlink_plinko_0246/maybecol_translateblue.jpg,26,7102,hh_hl_unlink_plinko_0246,0,True,1,assets/targets/lh_ll_unlink_plinko_0217/nocol_baseblue.jpg,nocol_translate,assets/targets/lh_ll_unlink_plinko_0217/nocol_translate1red.jpg,69,10375,lh_ll_unlink_plinko_0217,1,True,0,assets/targets/hh_hl_unlink_plinko_0252/nocol_basered.jpg,nocol_translate,assets/targets/hh_hl_unlink_plinko_0252/nocol_translate1blue.jpg,50,10990,hh_hl_unlink_plinko_0252,-1,False,0,assets/targets/hh_hl_unlink_plinko_0105/maybecol_basered.jpg,maybecol_translate,assets/targets/hh_hl_unlink_plinko_0105/maybecol_translate1blue.jpg,0,8764,hh_hl_unlink_plinko_0105,0,True,5f763e6e7632050c3712feac
19,0,assets/targets/hh_hl_unlink_plinko_0269/nocol_basered.jpg,nocol_translate,assets/targets/hh_hl_unlink_plinko_0269/nocol_translate1blue.jpg,12,80585,hh_hl_unlink_plinko_0269,0,True,0,assets/targets/lh_ll_unlink_plinko_0060/col_late_basered.jpg,col_late_translate,assets/targets/lh_ll_unlink_plinko_0060/col_late_translate1blue.jpg,5,18643,lh_ll_unlink_plinko_0060,0,True,1,assets/targets/lh_hl_unlink_plinko_0110/col_early_baseblue.jpg,col_early_translate,assets/targets/lh_hl_unlink_plinko_0110/col_early_translate1red.jpg,84,15367,lh_hl_unlink_plinko_0110,1,True,1,assets/targets/hh_hl_unlink_plinko_0315/maybecol_baseblue.jpg,maybecol_translate,assets/targets/hh_hl_unlink_plinko_0315/maybecol_translate1red.jpg,0,11350,hh_hl_unlink_plinko_0315,0,False,0,assets/targets/lh_hl_unlink_plinko_0036/col_late_basered.jpg,col_late_translate,assets/targets/lh_hl_unlink_plinko_0036/col_late_translate1blue.jpg,9,30502,lh_hl_unlink_plinko_0036,0,True,1,assets/targets/hh_hl_unlink_plinko_0393/maybecol_baseblue.jpg,maybecol_translate,assets/targets/hh_hl_unlink_plinko_0393/maybecol_translate1red.jpg,11,13447,hh_hl_unlink_plinko_0393,0,False,0,assets/targets/hh_hl_unlink_plinko_0252/maybecol_basered.jpg,maybecol_translate,assets/targets/hh_hl_unlink_plinko_0252/maybecol_translate1blue.jpg,87,28427,hh_hl_unlink_plinko_0252,1,False,0,assets/targets/lh_ll_unlink_plinko_0155/col_early_basered.jpg,col_early_translate,assets/targets/lh_ll_unlink_plinko_0155/col_early_translateblue.jpg,4,16133,lh_ll_unlink_plinko_0155,0,True,1,assets/targets/lh_hl_unlink_plinko_0111/nocol_baseblue.jpg,nocol_translate,assets/targets/lh_hl_unlink_plinko_0111/nocol_translate1red.jpg,10,19099,lh_hl_unlink_plinko_0111,0,False,1,assets/targets/hh_hl_unlink_plinko_0246/maybecol_baseblue.jpg,maybecol_translate,assets/targets/hh_hl_unlink_plinko_0246/maybecol_translate1red.jpg,87,23000,hh_hl_unlink_plinko_0246,1,True,1,assets/targets/lh_hl_unlink_plinko_0049/col_late_baseblue.jpg,col_late_translate,assets/targets/lh_hl_unlink_plinko_0049/col_late_translatered.jpg,89,14885,lh_hl_unlink_plinko_0049,1,True,0,assets/targets/lh_ll_unlink_plinko_0217/col_late_basered.jpg,col_late_translate,assets/targets/lh_ll_unlink_plinko_0217/col_late_translate1blue.jpg,88,29977,lh_ll_unlink_plinko_0217,1,False,0,assets/targets/hh_hl_unlink_plinko_0240/nocol_basered.jpg,nocol_translate,assets/targets/hh_hl_unlink_plinko_0240/nocol_translate1blue.jpg,83,35984,hh_hl_unlink_plinko_0240,1,False,0,assets/targets/lh_ll_unlink_plinko_0091/nocol_basered.jpg,nocol_translate,assets/targets/lh_ll_unlink_plinko_0091/nocol_translateblue.jpg,9,21755,lh_ll_unlink_plinko_0091,0,True,1,assets/targets/hh_hl_unlink_plinko_0105/col_early_baseblue.jpg,col_early_translate,assets/targets/hh_hl_unlink_plinko_0105/col_early_translate1red.jpg,86,21211,hh_hl_unlink_plinko_0105,1,True,1,assets/targets/hh_hl_unlink_plinko_0202/col_early_baseblue.jpg,col_early_translate,assets/targets/hh_hl_unlink_plinko_0202/col_early_translate1red.jpg,91,15605,hh_hl_unlink_plinko_0202,1,True,5c3393d9f53f7a000119160f
20,0,assets/targets/lh_ll_unlink_plinko_0155/col_late_basered.jpg,col_late_translate,assets/targets/lh_ll_unlink_plinko_0155/col_late_translate1blue.jpg,12,38899,lh_ll_unlink_plinko_0155,0,True,1,assets/targets/hh_hl_unlink_plinko_0393/maybecol_baseblue.jpg,maybecol_translate,assets/targets/hh_hl_unlink_plinko_0393/maybecol_translate1red.jpg,68,17173,hh_hl_unlink_plinko_0393,1,True,1,assets/targets/lh_hl_unlink_plinko_0049/col_late_baseblue.jpg,col_late_translate,assets/targets/lh_hl_unlink_plinko_0049/col_late_translate1red.jpg,76,9414,lh_hl_unlink_plinko_0049,1,True,1,assets/targets/lh_ll_unlink_plinko_0060/col_early_baseblue.jpg,col_early_translate,assets/targets/lh_ll_unlink_plinko_0060/col_early_translatered.jpg,94,7990,lh_ll_unlink_plinko_0060,1,True,1,assets/targets/lh_ll_unlink_plinko_0091/col_late_baseblue.jpg,col_late_translate,assets/targets/lh_ll_unlink_plinko_0091/col_late_translatered.jpg,17,5713,lh_ll_unlink_plinko_0091,0,False,0,assets/targets/hh_hl_unlink_plinko_0246/maybecol_basered.jpg,maybecol_translate,assets/targets/hh_hl_unlink_plinko_0246/maybecol_translateblue.jpg,24,7677,hh_hl_unlink_plinko_0246,0,True,0,assets/targets/hh_hl_unlink_plinko_0202/maybecol_basered.jpg,maybecol_translate,assets/targets/hh_hl_unlink_plinko_0202/maybecol_translate1blue.jpg,84,8898,hh_hl_unlink_plinko_0202,1,False,0,assets/targets/lh_hl_unlink_plinko_0111/nocol_basered.jpg,nocol_translate,assets/targets/lh_hl_unlink_plinko_0111/nocol_translate1blue.jpg,84,10177,lh_hl_unlink_plinko_0111,1,False,1,assets/targets/lh_ll_unlink_plinko_0217/col_late_baseblue.jpg,col_late_translate,assets/targets/lh_ll_unlink_plinko_0217/col_late_translatered.jpg,17,10838,lh_ll_unlink_plinko_0217,0,False,1,assets/targets/lh_hl_unlink_plinko_0110/col_early_baseblue.jpg,col_early_translate,assets/targets/lh_hl_unlink_plinko_0110/col_early_translate1red.jpg,95,7853,lh_hl_unlink_plinko_0110,1,True,0,assets/targets/hh_hl_unlink_plinko_0240/col_early_basered.jpg,col_early_translate,assets/targets/hh_hl_unlink_plinko_0240/col_early_translateblue.jpg,6,8318,hh_hl_unlink_plinko_0240,0,True,0,assets/targets/hh_hl_unlink_plinko_0315/nocol_basered.jpg,nocol_translate,assets/targets/hh_hl_unlink_plinko_0315/nocol_translate1blue.jpg,53,7119,hh_hl_unlink_plinko_0315,1,False,1,assets/targets/lh_hl_unlink_plinko_0036/nocol_baseblue.jpg,nocol_translate,assets/targets/lh_hl_unlink_plinko_0036/nocol_translatered.jpg,64,7085,lh_hl_unlink_plinko_0036,1,True,0,assets/targets/hh_hl_unlink_plinko_0269/nocol_basered.jpg,nocol_translate,assets/targets/hh_hl_unlink_plinko_0269/nocol_translateblue.jpg,22,5847,hh_hl_unlink_plinko_0269,0,True,1,assets/targets/hh_hl_unlink_plinko_0252/maybecol_baseblue.jpg,maybecol_translate,assets/targets/hh_hl_unlink_plinko_0252/maybecol_translate1red.jpg,18,6314,hh_hl_unlink_plinko_0252,0,False,0,assets/targets/hh_hl_unlink_plinko_0105/col_early_basered.jpg,col_early_translate,assets/targets/hh_hl_unlink_plinko_0105/col_early_translateblue.jpg,4,7816,hh_hl_unlink_plinko_0105,0,True,5a25f3d5564bdf0001646007
21,0,assets/targets/hh_hl_unlink_plinko_0246/col_early_basered.jpg,col_early_translate,assets/targets/hh_hl_unlink_plinko_0246/col_early_translateblue.jpg,58,29112,hh_hl_unlink_plinko_0246,1,False,1,assets/targets/lh_ll_unlink_plinko_0155/nocol_baseblue.jpg,nocol_translate,assets/targets/lh_ll_unlink_plinko_0155/nocol_translatered.jpg,38,182905,lh_ll_unlink_plinko_0155,0,False,0,assets/targets/lh_hl_unlink_plinko_0049/nocol_basered.jpg,nocol_translate,assets/targets/lh_hl_unlink_plinko_0049/nocol_translateblue.jpg,70,41531,lh_hl_unlink_plinko_0049,1,False,1,assets/targets/lh_ll_unlink_plinko_0060/col_late_baseblue.jpg,col_late_translate,assets/targets/lh_ll_unlink_plinko_0060/col_late_translate1red.jpg,38,5289,lh_ll_unlink_plinko_0060,0,False,1,assets/targets/hh_hl_unlink_plinko_0252/nocol_baseblue.jpg,nocol_translate,assets/targets/hh_hl_unlink_plinko_0252/nocol_translatered.jpg,41,5305,hh_hl_unlink_plinko_0252,0,False,1,assets/targets/hh_hl_unlink_plinko_0105/maybecol_baseblue.jpg,maybecol_translate,assets/targets/hh_hl_unlink_plinko_0105/maybecol_translatered.jpg,57,6601,hh_hl_unlink_plinko_0105,1,True,1,assets/targets/lh_hl_unlink_plinko_0110/col_late_baseblue.jpg,col_late_translate,assets/targets/lh_hl_unlink_plinko_0110/col_late_translatered.jpg,63,10143,lh_hl_unlink_plinko_0110,1,True,1,assets/targets/hh_hl_unlink_plinko_0269/maybecol_baseblue.jpg,maybecol_translate,assets/targets/hh_hl_unlink_plinko_0269/maybecol_translate1red.jpg,71,6831,hh_hl_unlink_plinko_0269,1,True,1,assets/targets/hh_hl_unlink_plinko_0315/col_early_baseblue.jpg,col_early_translate,assets/targets/hh_hl_unlink_plinko_0315/col_early_translatered.jpg,40,17428,hh_hl_unlink_plinko_0315,0,False,0,assets/targets/lh_ll_unlink_plinko_0091/col_early_basered.jpg,col_early_translate,assets/targets/lh_ll_unlink_plinko_0091/col_early_translate1blue.jpg,61,7398,lh_ll_unlink_plinko_0091,1,False,1,assets/targets/lh_hl_unlink_plinko_0036/col_late_baseblue.jpg,col_late_translate,assets/targets/lh_hl_unlink_plinko_0036/col_late_translate1red.jpg,61,8233,lh_hl_unlink_plinko_0036,1,True,1,assets/targets/hh_hl_unlink_plinko_0202/maybecol_baseblue.jpg,maybecol_translate,assets/targets/hh_hl_unlink_plinko_0202/maybecol_translatered.jpg,63,16211,hh_hl_unlink_plinko_0202,1,True,1,assets/targets/lh_ll_unlink_plinko_0217/col_early_baseblue.jpg,col_early_translate,assets/targets/lh_ll_unlink_plinko_0217/col_early_translatered.jpg,28,9897,lh_ll_unlink_plinko_0217,0,False,0,assets/targets/hh_hl_unlink_plinko_0240/maybecol_basered.jpg,maybecol_translate,assets/targets/hh_hl_unlink_plinko_0240/maybecol_translate1blue.jpg,36,10243,hh_hl_unlink_plinko_0240,0,True,0,assets/targets/lh_hl_unlink_plinko_0111/col_late_basered.jpg,col_late_translate,assets/targets/lh_hl_unlink_plinko_0111/col_late_translateblue.jpg,37,7389,lh_hl_unlink_plinko_0111,0,True,0,assets/targets/hh_hl_unlink_plinko_0393/nocol_basered.jpg,nocol_translate,assets/targets/hh_hl_unlink_plinko_0393/nocol_translateblue.jpg,61,5504,hh_hl_unlink_plinko_0393,1,False,63d13b5ec81c77c3030c51c5
22,0,assets/targets/hh_hl_unlink_plinko_0269/col_early_basered.jpg,col_early_translate,assets/targets/hh_hl_unlink_plinko_0269/col_early_translate1blue.jpg,0,10216,hh_hl_unlink_plinko_0269,0,True,1,assets/targets/hh_hl_unlink_plinko_0393/maybecol_baseblue.jpg,maybecol_translate,assets/targets/hh_hl_unlink_plinko_0393/maybecol_translatered.jpg,27,6529,hh_hl_unlink_plinko_0393,0,False,0,assets/targets/hh_hl_unlink_plinko_0315/nocol_basered.jpg,nocol_translate,assets/targets/hh_hl_unlink_plinko_0315/nocol_translateblue.jpg,17,5400,hh_hl_unlink_plinko_0315,0,True,1,assets/targets/lh_hl_unlink_plinko_0110/col_early_baseblue.jpg,col_early_translate,assets/targets/lh_hl_unlink_plinko_0110/col_early_translate1red.jpg,100,5215,lh_hl_unlink_plinko_0110,1,True,1,assets/targets/lh_ll_unlink_plinko_0060/col_late_baseblue.jpg,col_late_translate,assets/targets/lh_ll_unlink_plinko_0060/col_late_translate1red.jpg,83,6341,lh_ll_unlink_plinko_0060,1,True,1,assets/targets/lh_hl_unlink_plinko_0111/col_late_baseblue.jpg,col_late_translate,assets/targets/lh_hl_unlink_plinko_0111/col_late_translate1red.jpg,95,7525,lh_hl_unlink_plinko_0111,1,True,1,assets/targets/hh_hl_unlink_plinko_0202/maybecol_baseblue.jpg,maybecol_translate,assets/targets/hh_hl_unlink_plinko_0202/maybecol_translate1red.jpg,11,4880,hh_hl_unlink_plinko_0202,0,False,1,assets/targets/hh_hl_unlink_plinko_0105/nocol_baseblue.jpg,nocol_translate,assets/targets/hh_hl_unlink_plinko_0105/nocol_translatered.jpg,50,3561,hh_hl_unlink_plinko_0105,-1,False,1,assets/targets/lh_hl_unlink_plinko_0036/nocol_baseblue.jpg,nocol_translate,assets/targets/lh_hl_unlink_plinko_0036/nocol_translate1red.jpg,59,4369,lh_hl_unlink_plinko_0036,1,True,1,assets/targets/hh_hl_unlink_plinko_0240/maybecol_baseblue.jpg,maybecol_translate,assets/targets/hh_hl_unlink_plinko_0240/maybecol_translate1red.jpg,10,4332,hh_hl_unlink_plinko_0240,0,False,0,assets/targets/lh_ll_unlink_plinko_0091/col_late_basered.jpg,col_late_translate,assets/targets/lh_ll_unlink_plinko_0091/col_late_translateblue.jpg,70,4498,lh_ll_unlink_plinko_0091,1,False,0,assets/targets/hh_hl_unlink_plinko_0252/col_early_basered.jpg,col_early_translate,assets/targets/hh_hl_unlink_plinko_0252/col_early_translate1blue.jpg,6,8957,hh_hl_unlink_plinko_0252,0,True,0,assets/targets/lh_hl_unlink_plinko_0049/col_late_basered.jpg,col_late_translate,assets/targets/lh_hl_unlink_plinko_0049/col_late_translateblue.jpg,97,4780,lh_hl_unlink_plinko_0049,1,False,0,assets/targets/lh_ll_unlink_plinko_0155/nocol_basered.jpg,nocol_translate,assets/targets/lh_ll_unlink_plinko_0155/nocol_translate1blue.jpg,23,4248,lh_ll_unlink_plinko_0155,0,True,0,assets/targets/hh_hl_unlink_plinko_0246/maybecol_basered.jpg,maybecol_translate,assets/targets/hh_hl_unlink_plinko_0246/maybecol_translate1blue.jpg,3,5763,hh_hl_unlink_plinko_0246,0,True,1,assets/targets/lh_ll_unlink_plinko_0217/col_early_baseblue.jpg,col_early_translate,assets/targets/lh_ll_unlink_plinko_0217/col_early_translate1red.jpg,87,4182,lh_ll_unlink_plinko_0217,1,True,5d4709f1291942001c2bf782
23,0,assets/targets/lh_ll_unlink_plinko_0217/col_late_basered.jpg,col_late_translate,assets/targets/lh_ll_unlink_plinko_0217/col_late_translate1blue.jpg,26,10287,lh_ll_unlink_plinko_0217,0,True,1,assets/targets/lh_hl_unlink_plinko_0036/col_late_baseblue.jpg,col_late_translate,assets/targets/lh_hl_unlink_plinko_0036/col_late_translate1red.jpg,92,4571,lh_hl_unlink_plinko_0036,1,True,1,assets/targets/lh_hl_unlink_plinko_0049/nocol_baseblue.jpg,nocol_translate,assets/targets/lh_hl_unlink_plinko_0049/nocol_translatered.jpg,41,4731,lh_hl_unlink_plinko_0049,0,False,0,assets/targets/hh_hl_unlink_plinko_0393/maybecol_basered.jpg,maybecol_translate,assets/targets/hh_hl_unlink_plinko_0393/maybecol_translate1blue.jpg,91,4805,hh_hl_unlink_plinko_0393,1,False,1,assets/targets/hh_hl_unlink_plinko_0105/maybecol_baseblue.jpg,maybecol_translate,assets/targets/hh_hl_unlink_plinko_0105/maybecol_translate1red.jpg,75,3848,hh_hl_unlink_plinko_0105,1,True,0,assets/targets/hh_hl_unlink_plinko_0246/nocol_basered.jpg,nocol_translate,assets/targets/hh_hl_unlink_plinko_0246/nocol_translateblue.jpg,50,3509,hh_hl_unlink_plinko_0246,-1,False,0,assets/targets/lh_hl_unlink_plinko_0111/col_late_basered.jpg,col_late_translate,assets/targets/lh_hl_unlink_plinko_0111/col_late_translateblue.jpg,42,5900,lh_hl_unlink_plinko_0111,0,True,1,assets/targets/lh_ll_unlink_plinko_0060/nocol_baseblue.jpg,nocol_translate,assets/targets/lh_ll_unlink_plinko_0060/nocol_translatered.jpg,46,4237,lh_ll_unlink_plinko_0060,0,False,0,assets/targets/hh_hl_unlink_plinko_0252/nocol_basered.jpg,nocol_translate,assets/targets/hh_hl_unlink_plinko_0252/nocol_translateblue.jpg,50,2503,hh_hl_unlink_plinko_0252,-1,False,1,assets/targets/hh_hl_unlink_plinko_0269/col_early_baseblue.jpg,col_early_translate,assets/targets/hh_hl_unlink_plinko_0269/col_early_translatered.jpg,45,5289,hh_hl_unlink_plinko_0269,0,False,0,assets/targets/hh_hl_unlink_plinko_0315/maybecol_basered.jpg,maybecol_translate,assets/targets/hh_hl_unlink_plinko_0315/maybecol_translateblue.jpg,32,4885,hh_hl_unlink_plinko_0315,0,True,0,assets/targets/lh_ll_unlink_plinko_0155/col_early_basered.jpg,col_early_translate,assets/targets/lh_ll_unlink_plinko_0155/col_early_translateblue.jpg,40,6889,lh_ll_unlink_plinko_0155,0,True,0,assets/targets/lh_ll_unlink_plinko_0091/col_early_basered.jpg,col_early_translate,assets/targets/lh_ll_unlink_plinko_0091/col_early_translateblue.jpg,37,4572,lh_ll_unlink_plinko_0091,0,True,1,assets/targets/hh_hl_unlink_plinko_0240/maybecol_baseblue.jpg,maybecol_translate,assets/targets/hh_hl_unlink_plinko_0240/maybecol_translate1red.jpg,50,6327,hh_hl_unlink_plinko_0240,-1,False,1,assets/targets/lh_hl_unlink_plinko_0110/col_late_baseblue.jpg,col_late_translate,assets/targets/lh_hl_unlink_plinko_0110/col_late_translatered.jpg,68,4582,lh_hl_unlink_plinko_0110,1,True,0,assets/targets/hh_hl_unlink_plinko_0202/col_early_basered.jpg,col_early_translate,assets/targets/hh_hl_unlink_plinko_0202/col_early_translateblue.jpg,42,4380,hh_hl_unlink_plinko_0202,0,True,6030410afc65e0e87a56079c
24,0,assets/targets/hh_hl_unlink_plinko_0240/nocol_basered.jpg,nocol_translate,assets/targets/hh_hl_unlink_plinko_0240/nocol_translate1blue.jpg,50,15419,hh_hl_unlink_plinko_0240,-1,False,1,assets/targets/lh_hl_unlink_plinko_0111/col_late_baseblue.jpg,col_late_translate,assets/targets/lh_hl_unlink_plinko_0111/col_late_translate1red.jpg,50,5241,lh_hl_unlink_plinko_0111,-1,False,1,assets/targets/lh_hl_unlink_plinko_0110/col_late_baseblue.jpg,col_late_translate,assets/targets/lh_hl_unlink_plinko_0110/col_late_translatered.jpg,50,6161,lh_hl_unlink_plinko_0110,-1,False,1,assets/targets/lh_ll_unlink_plinko_0060/nocol_baseblue.jpg,nocol_translate,assets/targets/lh_ll_unlink_plinko_0060/nocol_translate1red.jpg,40,7536,lh_ll_unlink_plinko_0060,0,False,1,assets/targets/lh_ll_unlink_plinko_0217/col_early_baseblue.jpg,col_early_translate,assets/targets/lh_ll_unlink_plinko_0217/col_early_translate1red.jpg,86,7128,lh_ll_unlink_plinko_0217,1,True,0,assets/targets/hh_hl_unlink_plinko_0393/col_early_basered.jpg,col_early_translate,assets/targets/hh_hl_unlink_plinko_0393/col_early_translateblue.jpg,37,7416,hh_hl_unlink_plinko_0393,0,True,1,assets/targets/hh_hl_unlink_plinko_0269/nocol_baseblue.jpg,nocol_translate,assets/targets/hh_hl_unlink_plinko_0269/nocol_translate1red.jpg,50,3443,hh_hl_unlink_plinko_0269,-1,False,1,assets/targets/hh_hl_unlink_plinko_0105/col_early_baseblue.jpg,col_early_translate,assets/targets/hh_hl_unlink_plinko_0105/col_early_translatered.jpg,50,3803,hh_hl_unlink_plinko_0105,-1,False,0,assets/targets/lh_hl_unlink_plinko_0049/col_early_basered.jpg,col_early_translate,assets/targets/lh_hl_unlink_plinko_0049/col_early_translate1blue.jpg,50,3320,lh_hl_unlink_plinko_0049,-1,False,1,assets/targets/hh_hl_unlink_plinko_0252/maybecol_baseblue.jpg,maybecol_translate,assets/targets/hh_hl_unlink_plinko_0252/maybecol_translatered.jpg,50,4091,hh_hl_unlink_plinko_0252,-1,False,1,assets/targets/hh_hl_unlink_plinko_0246/maybecol_baseblue.jpg,maybecol_translate,assets/targets/hh_hl_unlink_plinko_0246/maybecol_translatered.jpg,50,4182,hh_hl_unlink_plinko_0246,-1,False,0,assets/targets/lh_ll_unlink_plinko_0155/col_late_basered.jpg,col_late_translate,assets/targets/lh_ll_unlink_plinko_0155/col_late_translate1blue.jpg,59,3863,lh_ll_unlink_plinko_0155,1,False,1,assets/targets/hh_hl_unlink_plinko_0315/maybecol_baseblue.jpg,maybecol_translate,assets/targets/hh_hl_unlink_plinko_0315/maybecol_translatered.jpg,50,3245,hh_hl_unlink_plinko_0315,-1,False,1,assets/targets/lh_hl_unlink_plinko_0036/nocol_baseblue.jpg,nocol_translate,assets/targets/lh_hl_unlink_plinko_0036/nocol_translate1red.jpg,50,3420,lh_hl_unlink_plinko_0036,-1,False,1,assets/targets/lh_ll_unlink_plinko_0091/col_late_baseblue.jpg,col_late_translate,assets/targets/lh_ll_unlink_plinko_0091/col_late_translate1red.jpg,68,5881,lh_ll_unlink_plinko_0091,1,True,0,assets/targets/hh_hl_unlink_plinko_0202/maybecol_basered.jpg,maybecol_translate,assets/targets/hh_hl_unlink_plinko_0202/maybecol_translate1blue.jpg,50,4475,hh_hl_unlink_plinko_0202,-1,False,60fde5e29e585481874a9d16
25,0,assets/targets/hh_hl_unlink_plinko_0105/maybecol_basered.jpg,maybecol_translate,assets/targets/hh_hl_unlink_plinko_0105/maybecol_translate1blue.jpg,0,25913,hh_hl_unlink_plinko_0105,0,True,1,assets/targets/hh_hl_unlink_plinko_0246/maybecol_baseblue.jpg,maybecol_translate,assets/targets/hh_hl_unlink_plinko_0246/maybecol_translatered.jpg,100,9781,hh_hl_unlink_plinko_0246,1,True,1,assets/targets/lh_ll_unlink_plinko_0060/col_late_baseblue.jpg,col_late_translate,assets/targets/lh_ll_unlink_plinko_0060/col_late_translatered.jpg,70,12951,lh_ll_unlink_plinko_0060,1,True,0,assets/targets/lh_ll_unlink_plinko_0091/col_late_basered.jpg,col_late_translate,assets/targets/lh_ll_unlink_plinko_0091/col_late_translate1blue.jpg,11,8167,lh_ll_unlink_plinko_0091,0,True,1,assets/targets/hh_hl_unlink_plinko_0315/col_early_baseblue.jpg,col_early_translate,assets/targets/hh_hl_unlink_plinko_0315/col_early_translate1red.jpg,100,8141,hh_hl_unlink_plinko_0315,1,True,0,assets/targets/hh_hl_unlink_plinko_0240/nocol_basered.jpg,nocol_translate,assets/targets/hh_hl_unlink_plinko_0240/nocol_translateblue.jpg,61,9875,hh_hl_unlink_plinko_0240,1,False,1,assets/targets/hh_hl_unlink_plinko_0269/maybecol_baseblue.jpg,maybecol_translate,assets/targets/hh_hl_unlink_plinko_0269/maybecol_translatered.jpg,100,4813,hh_hl_unlink_plinko_0269,1,True,0,assets/targets/lh_hl_unlink_plinko_0110/nocol_basered.jpg,nocol_translate,assets/targets/lh_hl_unlink_plinko_0110/nocol_translateblue.jpg,43,14121,lh_hl_unlink_plinko_0110,0,True,1,assets/targets/lh_ll_unlink_plinko_0217/col_late_baseblue.jpg,col_late_translate,assets/targets/lh_ll_unlink_plinko_0217/col_late_translatered.jpg,0,8932,lh_ll_unlink_plinko_0217,0,False,0,assets/targets/hh_hl_unlink_plinko_0393/col_early_basered.jpg,col_early_translate,assets/targets/hh_hl_unlink_plinko_0393/col_early_translate1blue.jpg,27,14838,hh_hl_unlink_plinko_0393,0,True,1,assets/targets/lh_ll_unlink_plinko_0155/col_late_baseblue.jpg,col_late_translate,assets/targets/lh_ll_unlink_plinko_0155/col_late_translatered.jpg,100,9140,lh_ll_unlink_plinko_0155,1,True,0,assets/targets/hh_hl_unlink_plinko_0202/nocol_basered.jpg,nocol_translate,assets/targets/hh_hl_unlink_plinko_0202/nocol_translateblue.jpg,42,7838,hh_hl_unlink_plinko_0202,0,True,1,assets/targets/lh_hl_unlink_plinko_0111/nocol_baseblue.jpg,nocol_translate,assets/targets/lh_hl_unlink_plinko_0111/nocol_translatered.jpg,59,7295,lh_hl_unlink_plinko_0111,1,True,1,assets/targets/lh_hl_unlink_plinko_0036/col_early_baseblue.jpg,col_early_translate,assets/targets/lh_hl_unlink_plinko_0036/col_early_translatered.jpg,100,11241,lh_hl_unlink_plinko_0036,1,True,1,assets/targets/lh_hl_unlink_plinko_0049/col_early_baseblue.jpg,col_early_translate,assets/targets/lh_hl_unlink_plinko_0049/col_early_translate1red.jpg,100,8362,lh_hl_unlink_plinko_0049,1,True,0,assets/targets/hh_hl_unlink_plinko_0252/maybecol_basered.jpg,maybecol_translate,assets/targets/hh_hl_unlink_plinko_0252/maybecol_translateblue.jpg,44,5632,hh_hl_unlink_plinko_0252,0,True,5fa9fffcf843322ce7456283
26,0,assets/targets/lh_ll_unlink_plinko_0091/col_late_basered.jpg,col_late_translate,assets/targets/lh_ll_unlink_plinko_0091/col_late_translate1blue.jpg,3,19547,lh_ll_unlink_plinko_0091,0,True,0,assets/targets/hh_hl_unlink_plinko_0105/col_early_basered.jpg,col_early_translate,assets/targets/hh_hl_unlink_plinko_0105/col_early_translate1blue.jpg,0,7728,hh_hl_unlink_plinko_0105,0,True,0,assets/targets/lh_hl_unlink_plinko_0049/col_late_basered.jpg,col_late_translate,assets/targets/lh_hl_unlink_plinko_0049/col_late_translate1blue.jpg,0,11789,lh_hl_unlink_plinko_0049,0,True,1,assets/targets/hh_hl_unlink_plinko_0252/nocol_baseblue.jpg,nocol_translate,assets/targets/hh_hl_unlink_plinko_0252/nocol_translatered.jpg,49,5434,hh_hl_unlink_plinko_0252,0,False,1,assets/targets/hh_hl_unlink_plinko_0202/col_early_baseblue.jpg,col_early_translate,assets/targets/hh_hl_unlink_plinko_0202/col_early_translate1red.jpg,100,5900,hh_hl_unlink_plinko_0202,1,True,1,assets/targets/lh_hl_unlink_plinko_0110/col_early_baseblue.jpg,col_early_translate,assets/targets/lh_hl_unlink_plinko_0110/col_early_translate1red.jpg,100,5742,lh_hl_unlink_plinko_0110,1,True,1,assets/targets/hh_hl_unlink_plinko_0393/maybecol_baseblue.jpg,maybecol_translate,assets/targets/hh_hl_unlink_plinko_0393/maybecol_translate1red.jpg,100,7416,hh_hl_unlink_plinko_0393,1,True,1,assets/targets/hh_hl_unlink_plinko_0246/maybecol_baseblue.jpg,maybecol_translate,assets/targets/hh_hl_unlink_plinko_0246/maybecol_translatered.jpg,100,10102,hh_hl_unlink_plinko_0246,1,True,1,assets/targets/lh_ll_unlink_plinko_0155/col_late_baseblue.jpg,col_late_translate,assets/targets/lh_ll_unlink_plinko_0155/col_late_translatered.jpg,0,7001,lh_ll_unlink_plinko_0155,0,False,0,assets/targets/hh_hl_unlink_plinko_0315/maybecol_basered.jpg,maybecol_translate,assets/targets/hh_hl_unlink_plinko_0315/maybecol_translateblue.jpg,49,6638,hh_hl_unlink_plinko_0315,0,True,0,assets/targets/lh_ll_unlink_plinko_0217/nocol_basered.jpg,nocol_translate,assets/targets/lh_ll_unlink_plinko_0217/nocol_translateblue.jpg,50,5605,lh_ll_unlink_plinko_0217,-1,False,0,assets/targets/hh_hl_unlink_plinko_0240/nocol_basered.jpg,nocol_translate,assets/targets/hh_hl_unlink_plinko_0240/nocol_translate1blue.jpg,32,7349,hh_hl_unlink_plinko_0240,0,True,1,assets/targets/lh_hl_unlink_plinko_0111/col_early_baseblue.jpg,col_early_translate,assets/targets/lh_hl_unlink_plinko_0111/col_early_translate1red.jpg,100,9037,lh_hl_unlink_plinko_0111,1,True,1,assets/targets/hh_hl_unlink_plinko_0269/maybecol_baseblue.jpg,maybecol_translate,assets/targets/hh_hl_unlink_plinko_0269/maybecol_translatered.jpg,29,8725,hh_hl_unlink_plinko_0269,0,False,0,assets/targets/lh_hl_unlink_plinko_0036/col_late_basered.jpg,col_late_translate,assets/targets/lh_hl_unlink_plinko_0036/col_late_translateblue.jpg,60,7504,lh_hl_unlink_plinko_0036,1,False,1,assets/targets/lh_ll_unlink_plinko_0060/nocol_baseblue.jpg,nocol_translate,assets/targets/lh_ll_unlink_plinko_0060/nocol_translate1red.jpg,50,13125,lh_ll_unlink_plinko_0060,-1,False,5dea494eb3adb21655dfadf4
27,1,assets/targets/hh_hl_unlink_plinko_0252/maybecol_baseblue.jpg,maybecol_translate,assets/targets/hh_hl_unlink_plinko_0252/maybecol_translate1red.jpg,86,36220,hh_hl_unlink_plinko_0252,1,True,0,assets/targets/lh_ll_unlink_plinko_0217/col_late_basered.jpg,col_late_translate,assets/targets/lh_ll_unlink_plinko_0217/col_late_translate1blue.jpg,88,11240,lh_ll_unlink_plinko_0217,1,False,1,assets/targets/lh_hl_unlink_plinko_0110/col_late_baseblue.jpg,col_late_translate,assets/targets/lh_hl_unlink_plinko_0110/col_late_translate1red.jpg,99,8239,lh_hl_unlink_plinko_0110,1,True,1,assets/targets/hh_hl_unlink_plinko_0269/nocol_baseblue.jpg,nocol_translate,assets/targets/hh_hl_unlink_plinko_0269/nocol_translate1red.jpg,88,4963,hh_hl_unlink_plinko_0269,1,True,0,assets/targets/lh_ll_unlink_plinko_0091/col_late_basered.jpg,col_late_translate,assets/targets/lh_ll_unlink_plinko_0091/col_late_translateblue.jpg,96,10049,lh_ll_unlink_plinko_0091,1,False,0,assets/targets/lh_hl_unlink_plinko_0036/nocol_basered.jpg,nocol_translate,assets/targets/lh_hl_unlink_plinko_0036/nocol_translateblue.jpg,92,3922,lh_hl_unlink_plinko_0036,1,False,0,assets/targets/lh_ll_unlink_plinko_0155/nocol_basered.jpg,nocol_translate,assets/targets/lh_ll_unlink_plinko_0155/nocol_translateblue.jpg,85,6736,lh_ll_unlink_plinko_0155,1,False,0,assets/targets/hh_hl_unlink_plinko_0240/col_early_basered.jpg,col_early_translate,assets/targets/hh_hl_unlink_plinko_0240/col_early_translate1blue.jpg,0,5606,hh_hl_unlink_plinko_0240,0,True,1,assets/targets/hh_hl_unlink_plinko_0315/maybecol_baseblue.jpg,maybecol_translate,assets/targets/hh_hl_unlink_plinko_0315/maybecol_translate1red.jpg,20,6405,hh_hl_unlink_plinko_0315,0,False,0,assets/targets/lh_ll_unlink_plinko_0060/col_early_basered.jpg,col_early_translate,assets/targets/lh_ll_unlink_plinko_0060/col_early_translate1blue.jpg,0,6102,lh_ll_unlink_plinko_0060,0,True,1,assets/targets/hh_hl_unlink_plinko_0246/nocol_baseblue.jpg,nocol_translate,assets/targets/hh_hl_unlink_plinko_0246/nocol_translate1red.jpg,11,5080,hh_hl_unlink_plinko_0246,0,False,0,assets/targets/lh_hl_unlink_plinko_0049/col_late_basered.jpg,col_late_translate,assets/targets/lh_hl_unlink_plinko_0049/col_late_translateblue.jpg,100,5695,lh_hl_unlink_plinko_0049,1,False,0,assets/targets/hh_hl_unlink_plinko_0393/maybecol_basered.jpg,maybecol_translate,assets/targets/hh_hl_unlink_plinko_0393/maybecol_translateblue.jpg,84,4133,hh_hl_unlink_plinko_0393,1,False,0,assets/targets/hh_hl_unlink_plinko_0105/col_early_basered.jpg,col_early_translate,assets/targets/hh_hl_unlink_plinko_0105/col_early_translateblue.jpg,0,6366,hh_hl_unlink_plinko_0105,0,True,1,assets/targets/lh_hl_unlink_plinko_0111/col_early_baseblue.jpg,col_early_translate,assets/targets/lh_hl_unlink_plinko_0111/col_early_translatered.jpg,96,7242,lh_hl_unlink_plinko_0111,1,True,1,assets/targets/hh_hl_unlink_plinko_0202/maybecol_baseblue.jpg,maybecol_translate,assets/targets/hh_hl_unlink_plinko_0202/maybecol_translatered.jpg,84,6085,hh_hl_unlink_plinko_0202,1,True,5db603b20ad96c000e3847db
28,1,assets/targets/lh_ll_unlink_plinko_0155/nocol_baseblue.jpg,nocol_translate,assets/targets/lh_ll_unlink_plinko_0155/nocol_translate1red.jpg,82,31815,lh_ll_unlink_plinko_0155,1,True,0,assets/targets/hh_hl_unlink_plinko_0315/nocol_basered.jpg,nocol_translate,assets/targets/hh_hl_unlink_plinko_0315/nocol_translateblue.jpg,26,17032,hh_hl_unlink_plinko_0315,0,True,0,assets/targets/hh_hl_unlink_plinko_0393/maybecol_basered.jpg,maybecol_translate,assets/targets/hh_hl_unlink_plinko_0393/maybecol_translateblue.jpg,0,8660,hh_hl_unlink_plinko_0393,0,True,0,assets/targets/hh_hl_unlink_plinko_0240/maybecol_basered.jpg,maybecol_translate,assets/targets/hh_hl_unlink_plinko_0240/maybecol_translateblue.jpg,54,9298,hh_hl_unlink_plinko_0240,1,False,1,assets/targets/hh_hl_unlink_plinko_0246/nocol_baseblue.jpg,nocol_translate,assets/targets/hh_hl_unlink_plinko_0246/nocol_translatered.jpg,50,4486,hh_hl_unlink_plinko_0246,-1,False,0,assets/targets/hh_hl_unlink_plinko_0202/col_early_basered.jpg,col_early_translate,assets/targets/hh_hl_unlink_plinko_0202/col_early_translate1blue.jpg,50,3872,hh_hl_unlink_plinko_0202,-1,False,0,assets/targets/lh_hl_unlink_plinko_0111/col_early_basered.jpg,col_early_translate,assets/targets/lh_hl_unlink_plinko_0111/col_early_translate1blue.jpg,50,4752,lh_hl_unlink_plinko_0111,-1,False,0,assets/targets/lh_hl_unlink_plinko_0036/col_late_basered.jpg,col_late_translate,assets/targets/lh_hl_unlink_plinko_0036/col_late_translate1blue.jpg,8,9691,lh_hl_unlink_plinko_0036,0,True,0,assets/targets/lh_ll_unlink_plinko_0060/col_early_basered.jpg,col_early_translate,assets/targets/lh_ll_unlink_plinko_0060/col_early_translate1blue.jpg,14,38540,lh_ll_unlink_plinko_0060,0,True,0,assets/targets/lh_hl_unlink_plinko_0049/col_late_basered.jpg,col_late_translate,assets/targets/lh_hl_unlink_plinko_0049/col_late_translate1blue.jpg,74,6578,lh_hl_unlink_plinko_0049,1,False,1,assets/targets/lh_ll_unlink_plinko_0091/nocol_baseblue.jpg,nocol_translate,assets/targets/lh_ll_unlink_plinko_0091/nocol_translate1red.jpg,77,10299,lh_ll_unlink_plinko_0091,1,True,0,assets/targets/lh_hl_unlink_plinko_0110/col_late_basered.jpg,col_late_translate,assets/targets/lh_hl_unlink_plinko_0110/col_late_translate1blue.jpg,1,12490,lh_hl_unlink_plinko_0110,0,True,0,assets/targets/lh_ll_unlink_plinko_0217/col_late_basered.jpg,col_late_translate,assets/targets/lh_ll_unlink_plinko_0217/col_late_translate1blue.jpg,70,9210,lh_ll_unlink_plinko_0217,1,False,0,assets/targets/hh_hl_unlink_plinko_0105/col_early_basered.jpg,col_early_translate,assets/targets/hh_hl_unlink_plinko_0105/col_early_translate1blue.jpg,0,8856,hh_hl_unlink_plinko_0105,0,True,0,assets/targets/hh_hl_unlink_plinko_0252/maybecol_basered.jpg,maybecol_translate,assets/targets/hh_hl_unlink_plinko_0252/maybecol_translate1blue.jpg,50,6581,hh_hl_unlink_plinko_0252,-1,False,1,assets/targets/hh_hl_unlink_plinko_0269/maybecol_baseblue.jpg,maybecol_translate,assets/targets/hh_hl_unlink_plinko_0269/maybecol_translate1red.jpg,63,5371,hh_hl_unlink_plinko_0269,1,True,5cd5c144771cf70001eb1f5b
29,1,assets/targets/hh_hl_unlink_plinko_0246/col_early_baseblue.jpg,col_early_translate,assets/targets/hh_hl_unlink_plinko_0246/col_early_translatered.jpg,85,19088,hh_hl_unlink_plinko_0246,1,True,0,assets/targets/hh_hl_unlink_plinko_0202/nocol_basered.jpg,nocol_translate,assets/targets/hh_hl_unlink_plinko_0202/nocol_translateblue.jpg,29,7302,hh_hl_unlink_plinko_0202,0,True,0,assets/targets/lh_ll_unlink_plinko_0155/col_late_basered.jpg,col_late_translate,assets/targets/lh_ll_unlink_plinko_0155/col_late_translateblue.jpg,36,7152,lh_ll_unlink_plinko_0155,0,True,0,assets/targets/hh_hl_unlink_plinko_0105/nocol_basered.jpg,nocol_translate,assets/targets/hh_hl_unlink_plinko_0105/nocol_translate1blue.jpg,39,4335,hh_hl_unlink_plinko_0105,0,True,1,assets/targets/lh_ll_unlink_plinko_0060/col_late_baseblue.jpg,col_late_translate,assets/targets/lh_ll_unlink_plinko_0060/col_late_translate1red.jpg,72,5223,lh_ll_unlink_plinko_0060,1,True,1,assets/targets/hh_hl_unlink_plinko_0240/maybecol_baseblue.jpg,maybecol_translate,assets/targets/hh_hl_unlink_plinko_0240/maybecol_translatered.jpg,56,5616,hh_hl_unlink_plinko_0240,1,True,0,assets/targets/hh_hl_unlink_plinko_0393/maybecol_basered.jpg,maybecol_translate,assets/targets/hh_hl_unlink_plinko_0393/maybecol_translate1blue.jpg,40,5455,hh_hl_unlink_plinko_0393,0,True,1,assets/targets/hh_hl_unlink_plinko_0252/maybecol_baseblue.jpg,maybecol_translate,assets/targets/hh_hl_unlink_plinko_0252/maybecol_translate1red.jpg,57,4582,hh_hl_unlink_plinko_0252,1,True,0,assets/targets/lh_hl_unlink_plinko_0110/col_early_basered.jpg,col_early_translate,assets/targets/lh_hl_unlink_plinko_0110/col_early_translateblue.jpg,38,5604,lh_hl_unlink_plinko_0110,0,True,0,assets/targets/hh_hl_unlink_plinko_0315/col_early_basered.jpg,col_early_translate,assets/targets/hh_hl_unlink_plinko_0315/col_early_translateblue.jpg,35,5100,hh_hl_unlink_plinko_0315,0,True,0,assets/targets/lh_hl_unlink_plinko_0049/col_late_basered.jpg,col_late_translate,assets/targets/lh_hl_unlink_plinko_0049/col_late_translate1blue.jpg,37,5698,lh_hl_unlink_plinko_0049,0,True,0,assets/targets/lh_hl_unlink_plinko_0111/nocol_basered.jpg,nocol_translate,assets/targets/lh_hl_unlink_plinko_0111/nocol_translateblue.jpg,50,5225,lh_hl_unlink_plinko_0111,-1,False,1,assets/targets/hh_hl_unlink_plinko_0269/maybecol_baseblue.jpg,maybecol_translate,assets/targets/hh_hl_unlink_plinko_0269/maybecol_translatered.jpg,38,4873,hh_hl_unlink_plinko_0269,0,False,1,assets/targets/lh_ll_unlink_plinko_0217/col_early_baseblue.jpg,col_early_translate,assets/targets/lh_ll_unlink_plinko_0217/col_early_translatered.jpg,65,5679,lh_ll_unlink_plinko_0217,1,True,1,assets/targets/lh_ll_unlink_plinko_0091/nocol_baseblue.jpg,nocol_translate,assets/targets/lh_ll_unlink_plinko_0091/nocol_translatered.jpg,50,3640,lh_ll_unlink_plinko_0091,-1,False,0,assets/targets/lh_hl_unlink_plinko_0036/col_late_basered.jpg,col_late_translate,assets/targets/lh_hl_unlink_plinko_0036/col_late_translateblue.jpg,32,6204,lh_hl_unlink_plinko_0036,0,True,5d786510dce93b00182ab480
30,0,assets/targets/lh_hl_unlink_plinko_0110/col_late_basered.jpg,col_late_translate,assets/targets/lh_hl_unlink_plinko_0110/col_late_translate1blue.jpg,22,18413,lh_hl_unlink_plinko_0110,0,True,0,assets/targets/lh_hl_unlink_plinko_0049/nocol_basered.jpg,nocol_translate,assets/targets/lh_hl_unlink_plinko_0049/nocol_translateblue.jpg,35,8604,lh_hl_unlink_plinko_0049,0,True,1,assets/targets/hh_hl_unlink_plinko_0105/maybecol_baseblue.jpg,maybecol_translate,assets/targets/hh_hl_unlink_plinko_0105/maybecol_translatered.jpg,69,5666,hh_hl_unlink_plinko_0105,1,True,0,assets/targets/lh_ll_unlink_plinko_0060/nocol_basered.jpg,nocol_translate,assets/targets/lh_ll_unlink_plinko_0060/nocol_translateblue.jpg,50,5220,lh_ll_unlink_plinko_0060,-1,False,0,assets/targets/lh_ll_unlink_plinko_0091/col_late_basered.jpg,col_late_translate,assets/targets/lh_ll_unlink_plinko_0091/col_late_translate1blue.jpg,15,7134,lh_ll_unlink_plinko_0091,0,True,1,assets/targets/lh_ll_unlink_plinko_0217/col_late_baseblue.jpg,col_late_translate,assets/targets/lh_ll_unlink_plinko_0217/col_late_translate1red.jpg,59,6412,lh_ll_unlink_plinko_0217,1,True,0,assets/targets/hh_hl_unlink_plinko_0240/maybecol_basered.jpg,maybecol_translate,assets/targets/hh_hl_unlink_plinko_0240/maybecol_translate1blue.jpg,64,6741,hh_hl_unlink_plinko_0240,1,False,1,assets/targets/hh_hl_unlink_plinko_0246/nocol_baseblue.jpg,nocol_translate,assets/targets/hh_hl_unlink_plinko_0246/nocol_translatered.jpg,30,4999,hh_hl_unlink_plinko_0246,0,False,0,assets/targets/hh_hl_unlink_plinko_0202/maybecol_basered.jpg,maybecol_translate,assets/targets/hh_hl_unlink_plinko_0202/maybecol_translate1blue.jpg,50,4143,hh_hl_unlink_plinko_0202,-1,False,0,assets/targets/hh_hl_unlink_plinko_0269/nocol_basered.jpg,nocol_translate,assets/targets/hh_hl_unlink_plinko_0269/nocol_translateblue.jpg,50,3927,hh_hl_unlink_plinko_0269,-1,False,1,assets/targets/lh_hl_unlink_plinko_0036/col_early_baseblue.jpg,col_early_translate,assets/targets/lh_hl_unlink_plinko_0036/col_early_translate1red.jpg,84,6298,lh_hl_unlink_plinko_0036,1,True,0,assets/targets/lh_hl_unlink_plinko_0111/col_late_basered.jpg,col_late_translate,assets/targets/lh_hl_unlink_plinko_0111/col_late_translate1blue.jpg,18,5121,lh_hl_unlink_plinko_0111,0,True,1,assets/targets/hh_hl_unlink_plinko_0252/col_early_baseblue.jpg,col_early_translate,assets/targets/hh_hl_unlink_plinko_0252/col_early_translatered.jpg,84,5766,hh_hl_unlink_plinko_0252,1,True,1,assets/targets/hh_hl_unlink_plinko_0393/col_early_baseblue.jpg,col_early_translate,assets/targets/hh_hl_unlink_plinko_0393/col_early_translate1red.jpg,12,5201,hh_hl_unlink_plinko_0393,0,False,0,assets/targets/hh_hl_unlink_plinko_0315/maybecol_basered.jpg,maybecol_translate,assets/targets/hh_hl_unlink_plinko_0315/maybecol_translateblue.jpg,50,4081,hh_hl_unlink_plinko_0315,-1,False,1,assets/targets/lh_ll_unlink_plinko_0155/col_early_baseblue.jpg,col_early_translate,assets/targets/lh_ll_unlink_plinko_0155/col_early_translate1red.jpg,81,6316,lh_ll_unlink_plinko_0155,1,True,558c2205fdf99b5d984bbb15
31,1,assets/targets/hh_hl_unlink_plinko_0315/nocol_baseblue.jpg,nocol_translate,assets/targets/hh_hl_unlink_plinko_0315/nocol_translate1red.jpg,100,21545,hh_hl_unlink_plinko_0315,1,True,1,assets/targets/lh_ll_unlink_plinko_0217/col_late_baseblue.jpg,col_late_translate,assets/targets/lh_ll_unlink_plinko_0217/col_late_translatered.jpg,0,6496,lh_ll_unlink_plinko_0217,0,False,0,assets/targets/lh_hl_unlink_plinko_0110/col_late_basered.jpg,col_late_translate,assets/targets/lh_hl_unlink_plinko_0110/col_late_translateblue.jpg,9,5989,lh_hl_unlink_plinko_0110,0,True,1,assets/targets/lh_hl_unlink_plinko_0111/nocol_baseblue.jpg,nocol_translate,assets/targets/lh_hl_unlink_plinko_0111/nocol_translate1red.jpg,43,7248,lh_hl_unlink_plinko_0111,0,False,1,assets/targets/lh_ll_unlink_plinko_0091/nocol_baseblue.jpg,nocol_translate,assets/targets/lh_ll_unlink_plinko_0091/nocol_translate1red.jpg,58,4462,lh_ll_unlink_plinko_0091,1,True,0,assets/targets/lh_hl_unlink_plinko_0036/col_late_basered.jpg,col_late_translate,assets/targets/lh_hl_unlink_plinko_0036/col_late_translate1blue.jpg,0,5973,lh_hl_unlink_plinko_0036,0,True,1,assets/targets/hh_hl_unlink_plinko_0269/maybecol_baseblue.jpg,maybecol_translate,assets/targets/hh_hl_unlink_plinko_0269/maybecol_translate1red.jpg,23,26729,hh_hl_unlink_plinko_0269,0,False,1,assets/targets/lh_ll_unlink_plinko_0155/col_late_baseblue.jpg,col_late_translate,assets/targets/lh_ll_unlink_plinko_0155/col_late_translate1red.jpg,69,6765,lh_ll_unlink_plinko_0155,1,True,1,assets/targets/hh_hl_unlink_plinko_0252/maybecol_baseblue.jpg,maybecol_translate,assets/targets/hh_hl_unlink_plinko_0252/maybecol_translatered.jpg,66,4492,hh_hl_unlink_plinko_0252,1,True,1,assets/targets/lh_ll_unlink_plinko_0060/col_early_baseblue.jpg,col_early_translate,assets/targets/lh_ll_unlink_plinko_0060/col_early_translatered.jpg,100,4909,lh_ll_unlink_plinko_0060,1,True,1,assets/targets/lh_hl_unlink_plinko_0049/col_early_baseblue.jpg,col_early_translate,assets/targets/lh_hl_unlink_plinko_0049/col_early_translatered.jpg,100,6863,lh_hl_unlink_plinko_0049,1,True,0,assets/targets/hh_hl_unlink_plinko_0105/maybecol_basered.jpg,maybecol_translate,assets/targets/hh_hl_unlink_plinko_0105/maybecol_translate1blue.jpg,0,5075,hh_hl_unlink_plinko_0105,0,True,0,assets/targets/hh_hl_unlink_plinko_0240/col_early_basered.jpg,col_early_translate,assets/targets/hh_hl_unlink_plinko_0240/col_early_translateblue.jpg,0,4639,hh_hl_unlink_plinko_0240,0,True,0,assets/targets/hh_hl_unlink_plinko_0202/col_early_basered.jpg,col_early_translate,assets/targets/hh_hl_unlink_plinko_0202/col_early_translateblue.jpg,0,5632,hh_hl_unlink_plinko_0202,0,True,1,assets/targets/hh_hl_unlink_plinko_0393/nocol_baseblue.jpg,nocol_translate,assets/targets/hh_hl_unlink_plinko_0393/nocol_translate1red.jpg,92,8114,hh_hl_unlink_plinko_0393,1,True,1,assets/targets/hh_hl_unlink_plinko_0246/maybecol_baseblue.jpg,maybecol_translate,assets/targets/hh_hl_unlink_plinko_0246/maybecol_translate1red.jpg,78,4189,hh_hl_unlink_plinko_0246,1,True,62d21a095ad69a4459f6d664
32,0,assets/targets/hh_hl_unlink_plinko_0202/nocol_basered.jpg,nocol_translate,assets/targets/hh_hl_unlink_plinko_0202/nocol_translateblue.jpg,27,22517,hh_hl_unlink_plinko_0202,0,True,0,assets/targets/lh_ll_unlink_plinko_0217/nocol_basered.jpg,nocol_translate,assets/targets/lh_ll_unlink_plinko_0217/nocol_translateblue.jpg,73,10500,lh_ll_unlink_plinko_0217,1,False,1,assets/targets/hh_hl_unlink_plinko_0269/maybecol_baseblue.jpg,maybecol_translate,assets/targets/hh_hl_unlink_plinko_0269/maybecol_translatered.jpg,100,9334,hh_hl_unlink_plinko_0269,1,True,1,assets/targets/hh_hl_unlink_plinko_0246/maybecol_baseblue.jpg,maybecol_translate,assets/targets/hh_hl_unlink_plinko_0246/maybecol_translate1red.jpg,83,7990,hh_hl_unlink_plinko_0246,1,True,0,assets/targets/lh_hl_unlink_plinko_0110/col_early_basered.jpg,col_early_translate,assets/targets/lh_hl_unlink_plinko_0110/col_early_translateblue.jpg,0,6879,lh_hl_unlink_plinko_0110,0,True,1,assets/targets/hh_hl_unlink_plinko_0252/maybecol_baseblue.jpg,maybecol_translate,assets/targets/hh_hl_unlink_plinko_0252/maybecol_translatered.jpg,100,12958,hh_hl_unlink_plinko_0252,1,True,1,assets/targets/lh_ll_unlink_plinko_0091/col_early_baseblue.jpg,col_early_translate,assets/targets/lh_ll_unlink_plinko_0091/col_early_translatered.jpg,100,6436,lh_ll_unlink_plinko_0091,1,True,0,assets/targets/lh_hl_unlink_plinko_0111/nocol_basered.jpg,nocol_translate,assets/targets/lh_hl_unlink_plinko_0111/nocol_translateblue.jpg,0,7559,lh_hl_unlink_plinko_0111,0,True,0,assets/targets/lh_ll_unlink_plinko_0155/col_late_basered.jpg,col_late_translate,assets/targets/lh_ll_unlink_plinko_0155/col_late_translateblue.jpg,10,7910,lh_ll_unlink_plinko_0155,0,True,1,assets/targets/hh_hl_unlink_plinko_0240/col_early_baseblue.jpg,col_early_translate,assets/targets/hh_hl_unlink_plinko_0240/col_early_translate1red.jpg,100,5766,hh_hl_unlink_plinko_0240,1,True,0,assets/targets/hh_hl_unlink_plinko_0315/maybecol_basered.jpg,maybecol_translate,assets/targets/hh_hl_unlink_plinko_0315/maybecol_translate1blue.jpg,100,6494,hh_hl_unlink_plinko_0315,1,False,1,assets/targets/lh_hl_unlink_plinko_0036/col_late_baseblue.jpg,col_late_translate,assets/targets/lh_hl_unlink_plinko_0036/col_late_translatered.jpg,94,9368,lh_hl_unlink_plinko_0036,1,True,1,assets/targets/hh_hl_unlink_plinko_0105/nocol_baseblue.jpg,nocol_translate,assets/targets/hh_hl_unlink_plinko_0105/nocol_translatered.jpg,19,8838,hh_hl_unlink_plinko_0105,0,False,1,assets/targets/lh_ll_unlink_plinko_0060/col_late_baseblue.jpg,col_late_translate,assets/targets/lh_ll_unlink_plinko_0060/col_late_translatered.jpg,87,16329,lh_ll_unlink_plinko_0060,1,True,0,assets/targets/hh_hl_unlink_plinko_0393/col_early_basered.jpg,col_early_translate,assets/targets/hh_hl_unlink_plinko_0393/col_early_translate1blue.jpg,100,14998,hh_hl_unlink_plinko_0393,1,False,1,assets/targets/lh_hl_unlink_plinko_0049/col_late_baseblue.jpg,col_late_translate,assets/targets/lh_hl_unlink_plinko_0049/col_late_translatered.jpg,100,8214,lh_hl_unlink_plinko_0049,1,True,63d1401242635aaffe867c4c
33,1,assets/targets/hh_hl_unlink_plinko_0202/maybecol_baseblue.jpg,maybecol_translate,assets/targets/hh_hl_unlink_plinko_0202/maybecol_translate1red.jpg,50,9870,hh_hl_unlink_plinko_0202,-1,False,0,assets/targets/lh_hl_unlink_plinko_0111/col_late_basered.jpg,col_late_translate,assets/targets/lh_hl_unlink_plinko_0111/col_late_translateblue.jpg,29,6222,lh_hl_unlink_plinko_0111,0,True,0,assets/targets/lh_ll_unlink_plinko_0155/col_early_basered.jpg,col_early_translate,assets/targets/lh_ll_unlink_plinko_0155/col_early_translateblue.jpg,21,12017,lh_ll_unlink_plinko_0155,0,True,1,assets/targets/hh_hl_unlink_plinko_0315/maybecol_baseblue.jpg,maybecol_translate,assets/targets/hh_hl_unlink_plinko_0315/maybecol_translate1red.jpg,12,7112,hh_hl_unlink_plinko_0315,0,False,0,assets/targets/lh_ll_unlink_plinko_0091/col_late_basered.jpg,col_late_translate,assets/targets/lh_ll_unlink_plinko_0091/col_late_translate1blue.jpg,50,6193,lh_ll_unlink_plinko_0091,-1,False,1,assets/targets/lh_ll_unlink_plinko_0060/nocol_baseblue.jpg,nocol_translate,assets/targets/lh_ll_unlink_plinko_0060/nocol_translate1red.jpg,50,2599,lh_ll_unlink_plinko_0060,-1,False,1,assets/targets/hh_hl_unlink_plinko_0252/nocol_baseblue.jpg,nocol_translate,assets/targets/hh_hl_unlink_plinko_0252/nocol_translate1red.jpg,50,17773,hh_hl_unlink_plinko_0252,-1,False,1,assets/targets/hh_hl_unlink_plinko_0246/maybecol_baseblue.jpg,maybecol_translate,assets/targets/hh_hl_unlink_plinko_0246/maybecol_translatered.jpg,50,8846,hh_hl_unlink_plinko_0246,-1,False,1,assets/targets/lh_hl_unlink_plinko_0049/col_early_baseblue.jpg,col_early_translate,assets/targets/lh_hl_unlink_plinko_0049/col_early_translate1red.jpg,84,8750,lh_hl_unlink_plinko_0049,1,True,1,assets/targets/lh_ll_unlink_plinko_0217/col_late_baseblue.jpg,col_late_translate,assets/targets/lh_ll_unlink_plinko_0217/col_late_translate1red.jpg,50,3370,lh_ll_unlink_plinko_0217,-1,False,1,assets/targets/hh_hl_unlink_plinko_0269/nocol_baseblue.jpg,nocol_translate,assets/targets/hh_hl_unlink_plinko_0269/nocol_translate1red.jpg,50,5658,hh_hl_unlink_plinko_0269,-1,False,0,assets/targets/lh_hl_unlink_plinko_0036/col_late_basered.jpg,col_late_translate,assets/targets/lh_hl_unlink_plinko_0036/col_late_translate1blue.jpg,65,4978,lh_hl_unlink_plinko_0036,1,False,0,assets/targets/hh_hl_unlink_plinko_0105/maybecol_basered.jpg,maybecol_translate,assets/targets/hh_hl_unlink_plinko_0105/maybecol_translateblue.jpg,31,4296,hh_hl_unlink_plinko_0105,0,True,1,assets/targets/lh_hl_unlink_plinko_0110/nocol_baseblue.jpg,nocol_translate,assets/targets/lh_hl_unlink_plinko_0110/nocol_translate1red.jpg,50,3132,lh_hl_unlink_plinko_0110,-1,False,1,assets/targets/hh_hl_unlink_plinko_0393/col_early_baseblue.jpg,col_early_translate,assets/targets/hh_hl_unlink_plinko_0393/col_early_translate1red.jpg,50,2946,hh_hl_unlink_plinko_0393,-1,False,0,assets/targets/hh_hl_unlink_plinko_0240/col_early_basered.jpg,col_early_translate,assets/targets/hh_hl_unlink_plinko_0240/col_early_translateblue.jpg,0,4889,hh_hl_unlink_plinko_0240,0,True,62962188ab5037f57b743543
34,0,assets/targets/lh_ll_unlink_plinko_0060/col_early_basered.jpg,col_early_translate,assets/targets/lh_ll_unlink_plinko_0060/col_early_translate1blue.jpg,50,8001,lh_ll_unlink_plinko_0060,-1,False,1,assets/targets/hh_hl_unlink_plinko_0246/maybecol_baseblue.jpg,maybecol_translate,assets/targets/hh_hl_unlink_plinko_0246/maybecol_translate1red.jpg,50,13627,hh_hl_unlink_plinko_0246,-1,False,0,assets/targets/hh_hl_unlink_plinko_0393/col_early_basered.jpg,col_early_translate,assets/targets/hh_hl_unlink_plinko_0393/col_early_translateblue.jpg,0,11049,hh_hl_unlink_plinko_0393,0,True,0,assets/targets/lh_ll_unlink_plinko_0155/col_late_basered.jpg,col_late_translate,assets/targets/lh_ll_unlink_plinko_0155/col_late_translate1blue.jpg,50,9693,lh_ll_unlink_plinko_0155,-1,False,0,assets/targets/lh_hl_unlink_plinko_0111/col_late_basered.jpg,col_late_translate,assets/targets/lh_hl_unlink_plinko_0111/col_late_translate1blue.jpg,50,20296,lh_hl_unlink_plinko_0111,-1,False,1,assets/targets/lh_hl_unlink_plinko_0110/nocol_baseblue.jpg,nocol_translate,assets/targets/lh_hl_unlink_plinko_0110/nocol_translatered.jpg,50,6715,lh_hl_unlink_plinko_0110,-1,False,1,assets/targets/lh_ll_unlink_plinko_0217/nocol_baseblue.jpg,nocol_translate,assets/targets/lh_ll_unlink_plinko_0217/nocol_translate1red.jpg,50,12086,lh_ll_unlink_plinko_0217,-1,False,0,assets/targets/hh_hl_unlink_plinko_0240/nocol_basered.jpg,nocol_translate,assets/targets/hh_hl_unlink_plinko_0240/nocol_translateblue.jpg,29,6077,hh_hl_unlink_plinko_0240,0,True,1,assets/targets/hh_hl_unlink_plinko_0105/maybecol_baseblue.jpg,maybecol_translate,assets/targets/hh_hl_unlink_plinko_0105/maybecol_translate1red.jpg,50,3063,hh_hl_unlink_plinko_0105,-1,False,1,assets/targets/lh_hl_unlink_plinko_0049/col_late_baseblue.jpg,col_late_translate,assets/targets/lh_hl_unlink_plinko_0049/col_late_translate1red.jpg,50,4169,lh_hl_unlink_plinko_0049,-1,False,0,assets/targets/hh_hl_unlink_plinko_0252/maybecol_basered.jpg,maybecol_translate,assets/targets/hh_hl_unlink_plinko_0252/maybecol_translate1blue.jpg,50,4754,hh_hl_unlink_plinko_0252,-1,False,1,assets/targets/hh_hl_unlink_plinko_0202/col_early_baseblue.jpg,col_early_translate,assets/targets/hh_hl_unlink_plinko_0202/col_early_translate1red.jpg,34,4507,hh_hl_unlink_plinko_0202,0,False,0,assets/targets/lh_ll_unlink_plinko_0091/col_late_basered.jpg,col_late_translate,assets/targets/lh_ll_unlink_plinko_0091/col_late_translateblue.jpg,49,6442,lh_ll_unlink_plinko_0091,0,True,0,assets/targets/lh_hl_unlink_plinko_0036/col_early_basered.jpg,col_early_translate,assets/targets/lh_hl_unlink_plinko_0036/col_early_translate1blue.jpg,50,3753,lh_hl_unlink_plinko_0036,-1,False,1,assets/targets/hh_hl_unlink_plinko_0315/nocol_baseblue.jpg,nocol_translate,assets/targets/hh_hl_unlink_plinko_0315/nocol_translate1red.jpg,50,4483,hh_hl_unlink_plinko_0315,-1,False,1,assets/targets/hh_hl_unlink_plinko_0269/maybecol_baseblue.jpg,maybecol_translate,assets/targets/hh_hl_unlink_plinko_0269/maybecol_translate1red.jpg,50,5259,hh_hl_unlink_plinko_0269,-1,False,63d13e3cd9d8e382a7e7e005
35,0,assets/targets/lh_ll_unlink_plinko_0060/col_late_basered.jpg,col_late_translate,assets/targets/lh_ll_unlink_plinko_0060/col_late_translateblue.jpg,7,15069,lh_ll_unlink_plinko_0060,0,True,0,assets/targets/lh_ll_unlink_plinko_0091/col_early_basered.jpg,col_early_translate,assets/targets/lh_ll_unlink_plinko_0091/col_early_translate1blue.jpg,74,7191,lh_ll_unlink_plinko_0091,1,False,0,assets/targets/hh_hl_unlink_plinko_0252/nocol_basered.jpg,nocol_translate,assets/targets/hh_hl_unlink_plinko_0252/nocol_translateblue.jpg,51,4662,hh_hl_unlink_plinko_0252,1,False,1,assets/targets/hh_hl_unlink_plinko_0393/col_early_baseblue.jpg,col_early_translate,assets/targets/hh_hl_unlink_plinko_0393/col_early_translatered.jpg,100,5565,hh_hl_unlink_plinko_0393,1,True,0,assets/targets/lh_hl_unlink_plinko_0049/col_late_basered.jpg,col_late_translate,assets/targets/lh_hl_unlink_plinko_0049/col_late_translateblue.jpg,0,8193,lh_hl_unlink_plinko_0049,0,True,0,assets/targets/lh_hl_unlink_plinko_0111/col_late_basered.jpg,col_late_translate,assets/targets/lh_hl_unlink_plinko_0111/col_late_translateblue.jpg,0,3658,lh_hl_unlink_plinko_0111,0,True,1,assets/targets/lh_ll_unlink_plinko_0155/nocol_baseblue.jpg,nocol_translate,assets/targets/lh_ll_unlink_plinko_0155/nocol_translate1red.jpg,53,4055,lh_ll_unlink_plinko_0155,1,True,1,assets/targets/lh_ll_unlink_plinko_0217/col_early_baseblue.jpg,col_early_translate,assets/targets/lh_ll_unlink_plinko_0217/col_early_translate1red.jpg,100,17123,lh_ll_unlink_plinko_0217,1,True,0,assets/targets/hh_hl_unlink_plinko_0240/col_early_basered.jpg,col_early_translate,assets/targets/hh_hl_unlink_plinko_0240/col_early_translate1blue.jpg,0,9129,hh_hl_unlink_plinko_0240,0,True,0,assets/targets/hh_hl_unlink_plinko_0246/maybecol_basered.jpg,maybecol_translate,assets/targets/hh_hl_unlink_plinko_0246/maybecol_translate1blue.jpg,100,21671,hh_hl_unlink_plinko_0246,1,False,1,assets/targets/hh_hl_unlink_plinko_0105/maybecol_baseblue.jpg,maybecol_translate,assets/targets/hh_hl_unlink_plinko_0105/maybecol_translatered.jpg,2,9155,hh_hl_unlink_plinko_0105,0,False,0,assets/targets/hh_hl_unlink_plinko_0315/maybecol_basered.jpg,maybecol_translate,assets/targets/hh_hl_unlink_plinko_0315/maybecol_translateblue.jpg,0,16882,hh_hl_unlink_plinko_0315,0,True,0,assets/targets/hh_hl_unlink_plinko_0269/nocol_basered.jpg,nocol_translate,assets/targets/hh_hl_unlink_plinko_0269/nocol_translateblue.jpg,54,4564,hh_hl_unlink_plinko_0269,1,False,0,assets/targets/lh_hl_unlink_plinko_0036/col_late_basered.jpg,col_late_translate,assets/targets/lh_hl_unlink_plinko_0036/col_late_translate1blue.jpg,50,15926,lh_hl_unlink_plinko_0036,-1,False,0,assets/targets/hh_hl_unlink_plinko_0202/maybecol_basered.jpg,maybecol_translate,assets/targets/hh_hl_unlink_plinko_0202/maybecol_translateblue.jpg,12,5637,hh_hl_unlink_plinko_0202,0,True,0,assets/targets/lh_hl_unlink_plinko_0110/nocol_basered.jpg,nocol_translate,assets/targets/lh_hl_unlink_plinko_0110/nocol_translate1blue.jpg,50,3414,lh_hl_unlink_plinko_0110,-1,False,63040b9d9a587837bd8bd951
36,0,assets/targets/lh_hl_unlink_plinko_0036/col_late_basered.jpg,col_late_translate,assets/targets/lh_hl_unlink_plinko_0036/col_late_translateblue.jpg,20,16834,lh_hl_unlink_plinko_0036,0,True,0,assets/targets/lh_hl_unlink_plinko_0049/col_late_basered.jpg,col_late_translate,assets/targets/lh_hl_unlink_plinko_0049/col_late_translate1blue.jpg,83,9628,lh_hl_unlink_plinko_0049,1,False,0,assets/targets/lh_ll_unlink_plinko_0217/col_early_basered.jpg,col_early_translate,assets/targets/lh_ll_unlink_plinko_0217/col_early_translateblue.jpg,37,7426,lh_ll_unlink_plinko_0217,0,True,0,assets/targets/lh_ll_unlink_plinko_0091/nocol_basered.jpg,nocol_translate,assets/targets/lh_ll_unlink_plinko_0091/nocol_translate1blue.jpg,76,20726,lh_ll_unlink_plinko_0091,1,False,0,assets/targets/hh_hl_unlink_plinko_0202/nocol_basered.jpg,nocol_translate,assets/targets/hh_hl_unlink_plinko_0202/nocol_translateblue.jpg,21,7277,hh_hl_unlink_plinko_0202,0,True,0,assets/targets/lh_hl_unlink_plinko_0110/col_late_basered.jpg,col_late_translate,assets/targets/lh_hl_unlink_plinko_0110/col_late_translateblue.jpg,76,21671,lh_hl_unlink_plinko_0110,1,False,0,assets/targets/hh_hl_unlink_plinko_0246/maybecol_basered.jpg,maybecol_translate,assets/targets/hh_hl_unlink_plinko_0246/maybecol_translateblue.jpg,72,5114,hh_hl_unlink_plinko_0246,1,False,0,assets/targets/lh_ll_unlink_plinko_0155/col_late_basered.jpg,col_late_translate,assets/targets/lh_ll_unlink_plinko_0155/col_late_translate1blue.jpg,27,4488,lh_ll_unlink_plinko_0155,0,True,1,assets/targets/hh_hl_unlink_plinko_0315/maybecol_baseblue.jpg,maybecol_translate,assets/targets/hh_hl_unlink_plinko_0315/maybecol_translate1red.jpg,21,5809,hh_hl_unlink_plinko_0315,0,False,1,assets/targets/lh_ll_unlink_plinko_0060/col_early_baseblue.jpg,col_early_translate,assets/targets/lh_ll_unlink_plinko_0060/col_early_translate1red.jpg,22,4335,lh_ll_unlink_plinko_0060,0,False,1,assets/targets/lh_hl_unlink_plinko_0111/nocol_baseblue.jpg,nocol_translate,assets/targets/lh_hl_unlink_plinko_0111/nocol_translate1red.jpg,85,4806,lh_hl_unlink_plinko_0111,1,True,0,assets/targets/hh_hl_unlink_plinko_0240/nocol_basered.jpg,nocol_translate,assets/targets/hh_hl_unlink_plinko_0240/nocol_translate1blue.jpg,37,4563,hh_hl_unlink_plinko_0240,0,True,0,assets/targets/hh_hl_unlink_plinko_0105/col_early_basered.jpg,col_early_translate,assets/targets/hh_hl_unlink_plinko_0105/col_early_translateblue.jpg,75,3772,hh_hl_unlink_plinko_0105,1,False,1,assets/targets/hh_hl_unlink_plinko_0252/maybecol_baseblue.jpg,maybecol_translate,assets/targets/hh_hl_unlink_plinko_0252/maybecol_translatered.jpg,71,10136,hh_hl_unlink_plinko_0252,1,True,0,assets/targets/hh_hl_unlink_plinko_0269/col_early_basered.jpg,col_early_translate,assets/targets/hh_hl_unlink_plinko_0269/col_early_translate1blue.jpg,25,4573,hh_hl_unlink_plinko_0269,0,True,1,assets/targets/hh_hl_unlink_plinko_0393/maybecol_baseblue.jpg,maybecol_translate,assets/targets/hh_hl_unlink_plinko_0393/maybecol_translatered.jpg,28,5138,hh_hl_unlink_plinko_0393,0,False,63d12f8c48b235842187c959
37,0,assets/targets/hh_hl_unlink_plinko_0315/maybecol_basered.jpg,maybecol_translate,assets/targets/hh_hl_unlink_plinko_0315/maybecol_translateblue.jpg,27,20057,hh_hl_unlink_plinko_0315,0,True,1,assets/targets/lh_hl_unlink_plinko_0111/col_late_baseblue.jpg,col_late_translate,assets/targets/lh_hl_unlink_plinko_0111/col_late_translatered.jpg,22,7762,lh_hl_unlink_plinko_0111,0,False,0,assets/targets/hh_hl_unlink_plinko_0393/maybecol_basered.jpg,maybecol_translate,assets/targets/hh_hl_unlink_plinko_0393/maybecol_translateblue.jpg,75,5976,hh_hl_unlink_plinko_0393,1,False,0,assets/targets/lh_ll_unlink_plinko_0155/col_late_basered.jpg,col_late_translate,assets/targets/lh_ll_unlink_plinko_0155/col_late_translateblue.jpg,81,5560,lh_ll_unlink_plinko_0155,1,False,0,assets/targets/lh_hl_unlink_plinko_0110/nocol_basered.jpg,nocol_translate,assets/targets/lh_hl_unlink_plinko_0110/nocol_translateblue.jpg,50,5895,lh_hl_unlink_plinko_0110,-1,False,1,assets/targets/lh_hl_unlink_plinko_0036/col_early_baseblue.jpg,col_early_translate,assets/targets/lh_hl_unlink_plinko_0036/col_early_translatered.jpg,80,6746,lh_hl_unlink_plinko_0036,1,True,0,assets/targets/hh_hl_unlink_plinko_0252/col_early_basered.jpg,col_early_translate,assets/targets/hh_hl_unlink_plinko_0252/col_early_translateblue.jpg,23,6779,hh_hl_unlink_plinko_0252,0,True,0,assets/targets/lh_ll_unlink_plinko_0060/col_late_basered.jpg,col_late_translate,assets/targets/lh_ll_unlink_plinko_0060/col_late_translateblue.jpg,23,6861,lh_ll_unlink_plinko_0060,0,True,0,assets/targets/hh_hl_unlink_plinko_0246/nocol_basered.jpg,nocol_translate,assets/targets/hh_hl_unlink_plinko_0246/nocol_translateblue.jpg,51,3840,hh_hl_unlink_plinko_0246,1,False,0,assets/targets/lh_ll_unlink_plinko_0091/col_late_basered.jpg,col_late_translate,assets/targets/lh_ll_unlink_plinko_0091/col_late_translateblue.jpg,74,5345,lh_ll_unlink_plinko_0091,1,False,1,assets/targets/lh_hl_unlink_plinko_0049/col_early_baseblue.jpg,col_early_translate,assets/targets/lh_hl_unlink_plinko_0049/col_early_translatered.jpg,100,7353,lh_hl_unlink_plinko_0049,1,True,0,assets/targets/hh_hl_unlink_plinko_0269/nocol_basered.jpg,nocol_translate,assets/targets/hh_hl_unlink_plinko_0269/nocol_translate1blue.jpg,50,3201,hh_hl_unlink_plinko_0269,-1,False,1,assets/targets/hh_hl_unlink_plinko_0240/maybecol_baseblue.jpg,maybecol_translate,assets/targets/hh_hl_unlink_plinko_0240/maybecol_translatered.jpg,78,4883,hh_hl_unlink_plinko_0240,1,True,0,assets/targets/hh_hl_unlink_plinko_0202/col_early_basered.jpg,col_early_translate,assets/targets/hh_hl_unlink_plinko_0202/col_early_translateblue.jpg,0,5364,hh_hl_unlink_plinko_0202,0,True,1,assets/targets/hh_hl_unlink_plinko_0105/maybecol_baseblue.jpg,maybecol_translate,assets/targets/hh_hl_unlink_plinko_0105/maybecol_translatered.jpg,78,5960,hh_hl_unlink_plinko_0105,1,True,1,assets/targets/lh_ll_unlink_plinko_0217/nocol_baseblue.jpg,nocol_translate,assets/targets/lh_ll_unlink_plinko_0217/nocol_translatered.jpg,50,2741,lh_ll_unlink_plinko_0217,-1,False,63d13bbf2993cf5e372b7994
38,0,assets/targets/lh_hl_unlink_plinko_0036/col_early_basered.jpg,col_early_translate,assets/targets/lh_hl_unlink_plinko_0036/col_early_translate1blue.jpg,3,34236,lh_hl_unlink_plinko_0036,0,True,1,assets/targets/lh_hl_unlink_plinko_0111/col_late_baseblue.jpg,col_late_translate,assets/targets/lh_hl_unlink_plinko_0111/col_late_translate1red.jpg,75,26164,lh_hl_unlink_plinko_0111,1,True,1,assets/targets/hh_hl_unlink_plinko_0246/col_early_baseblue.jpg,col_early_translate,assets/targets/hh_hl_unlink_plinko_0246/col_early_translatered.jpg,100,20651,hh_hl_unlink_plinko_0246,1,True,1,assets/targets/hh_hl_unlink_plinko_0269/nocol_baseblue.jpg,nocol_translate,assets/targets/hh_hl_unlink_plinko_0269/nocol_translatered.jpg,50,21487,hh_hl_unlink_plinko_0269,-1,False,0,assets/targets/lh_hl_unlink_plinko_0110/col_late_basered.jpg,col_late_translate,assets/targets/lh_hl_unlink_plinko_0110/col_late_translate1blue.jpg,22,21790,lh_hl_unlink_plinko_0110,0,True,1,assets/targets/hh_hl_unlink_plinko_0202/maybecol_baseblue.jpg,maybecol_translate,assets/targets/hh_hl_unlink_plinko_0202/maybecol_translatered.jpg,71,16197,hh_hl_unlink_plinko_0202,1,True,0,assets/targets/lh_hl_unlink_plinko_0049/nocol_basered.jpg,nocol_translate,assets/targets/lh_hl_unlink_plinko_0049/nocol_translate1blue.jpg,35,23848,lh_hl_unlink_plinko_0049,0,True,0,assets/targets/hh_hl_unlink_plinko_0105/maybecol_basered.jpg,maybecol_translate,assets/targets/hh_hl_unlink_plinko_0105/maybecol_translateblue.jpg,31,15176,hh_hl_unlink_plinko_0105,0,True,0,assets/targets/hh_hl_unlink_plinko_0240/col_early_basered.jpg,col_early_translate,assets/targets/hh_hl_unlink_plinko_0240/col_early_translateblue.jpg,20,11212,hh_hl_unlink_plinko_0240,0,True,1,assets/targets/lh_ll_unlink_plinko_0155/col_late_baseblue.jpg,col_late_translate,assets/targets/lh_ll_unlink_plinko_0155/col_late_translatered.jpg,70,11909,lh_ll_unlink_plinko_0155,1,True,1,assets/targets/lh_ll_unlink_plinko_0217/nocol_baseblue.jpg,nocol_translate,assets/targets/lh_ll_unlink_plinko_0217/nocol_translatered.jpg,50,7350,lh_ll_unlink_plinko_0217,-1,False,1,assets/targets/hh_hl_unlink_plinko_0252/maybecol_baseblue.jpg,maybecol_translate,assets/targets/hh_hl_unlink_plinko_0252/maybecol_translate1red.jpg,61,14487,hh_hl_unlink_plinko_0252,1,True,0,assets/targets/hh_hl_unlink_plinko_0393/nocol_basered.jpg,nocol_translate,assets/targets/hh_hl_unlink_plinko_0393/nocol_translate1blue.jpg,41,8567,hh_hl_unlink_plinko_0393,0,True,0,assets/targets/hh_hl_unlink_plinko_0315/maybecol_basered.jpg,maybecol_translate,assets/targets/hh_hl_unlink_plinko_0315/maybecol_translate1blue.jpg,57,10677,hh_hl_unlink_plinko_0315,1,False,1,assets/targets/lh_ll_unlink_plinko_0091/col_early_baseblue.jpg,col_early_translate,assets/targets/lh_ll_unlink_plinko_0091/col_early_translate1red.jpg,74,7531,lh_ll_unlink_plinko_0091,1,True,0,assets/targets/lh_ll_unlink_plinko_0060/col_late_basered.jpg,col_late_translate,assets/targets/lh_ll_unlink_plinko_0060/col_late_translateblue.jpg,30,9443,lh_ll_unlink_plinko_0060,0,True,61118b59c27e0581f7112c3d
39,1,assets/targets/hh_hl_unlink_plinko_0315/nocol_baseblue.jpg,nocol_translate,assets/targets/hh_hl_unlink_plinko_0315/nocol_translatered.jpg,31,18389,hh_hl_unlink_plinko_0315,0,False,0,assets/targets/lh_ll_unlink_plinko_0155/col_early_basered.jpg,col_early_translate,assets/targets/lh_ll_unlink_plinko_0155/col_early_translateblue.jpg,72,8270,lh_ll_unlink_plinko_0155,1,False,1,assets/targets/hh_hl_unlink_plinko_0246/nocol_baseblue.jpg,nocol_translate,assets/targets/hh_hl_unlink_plinko_0246/nocol_translate1red.jpg,79,9856,hh_hl_unlink_plinko_0246,1,True,0,assets/targets/lh_hl_unlink_plinko_0049/col_late_basered.jpg,col_late_translate,assets/targets/lh_hl_unlink_plinko_0049/col_late_translate1blue.jpg,0,7672,lh_hl_unlink_plinko_0049,0,True,1,assets/targets/lh_hl_unlink_plinko_0111/nocol_baseblue.jpg,nocol_translate,assets/targets/lh_hl_unlink_plinko_0111/nocol_translate1red.jpg,17,6821,lh_hl_unlink_plinko_0111,0,False,1,assets/targets/hh_hl_unlink_plinko_0393/maybecol_baseblue.jpg,maybecol_translate,assets/targets/hh_hl_unlink_plinko_0393/maybecol_translatered.jpg,85,6928,hh_hl_unlink_plinko_0393,1,True,1,assets/targets/hh_hl_unlink_plinko_0202/maybecol_baseblue.jpg,maybecol_translate,assets/targets/hh_hl_unlink_plinko_0202/maybecol_translatered.jpg,95,10388,hh_hl_unlink_plinko_0202,1,True,0,assets/targets/lh_hl_unlink_plinko_0036/col_early_basered.jpg,col_early_translate,assets/targets/lh_hl_unlink_plinko_0036/col_early_translateblue.jpg,87,8673,lh_hl_unlink_plinko_0036,1,False,1,assets/targets/lh_ll_unlink_plinko_0060/nocol_baseblue.jpg,nocol_translate,assets/targets/lh_ll_unlink_plinko_0060/nocol_translatered.jpg,19,4054,lh_ll_unlink_plinko_0060,0,False,0,assets/targets/lh_ll_unlink_plinko_0091/col_late_basered.jpg,col_late_translate,assets/targets/lh_ll_unlink_plinko_0091/col_late_translateblue.jpg,0,5847,lh_ll_unlink_plinko_0091,0,True,1,assets/targets/lh_ll_unlink_plinko_0217/col_late_baseblue.jpg,col_late_translate,assets/targets/lh_ll_unlink_plinko_0217/col_late_translatered.jpg,99,7371,lh_ll_unlink_plinko_0217,1,True,0,assets/targets/hh_hl_unlink_plinko_0240/maybecol_basered.jpg,maybecol_translate,assets/targets/hh_hl_unlink_plinko_0240/maybecol_translateblue.jpg,1,9339,hh_hl_unlink_plinko_0240,0,True,1,assets/targets/hh_hl_unlink_plinko_0252/maybecol_baseblue.jpg,maybecol_translate,assets/targets/hh_hl_unlink_plinko_0252/maybecol_translate1red.jpg,16,9259,hh_hl_unlink_plinko_0252,0,False,0,assets/targets/hh_hl_unlink_plinko_0105/col_early_basered.jpg,col_early_translate,assets/targets/hh_hl_unlink_plinko_0105/col_early_translate1blue.jpg,2,8257,hh_hl_unlink_plinko_0105,0,True,1,assets/targets/lh_hl_unlink_plinko_0110/col_late_baseblue.jpg,col_late_translate,assets/targets/lh_hl_unlink_plinko_0110/col_late_translate1red.jpg,100,6925,lh_hl_unlink_plinko_0110,1,True,1,assets/targets/hh_hl_unlink_plinko_0269/col_early_baseblue.jpg,col_early_translate,assets/targets/hh_hl_unlink_plinko_0269/col_early_translatered.jpg,100,8391,hh_hl_unlink_plinko_0269,1,True,61502f40011a858cafe6d3b5
40,1,assets/targets/hh_hl_unlink_plinko_0393/col_early_baseblue.jpg,col_early_translate,assets/targets/hh_hl_unlink_plinko_0393/col_early_translate1red.jpg,16,20926,hh_hl_unlink_plinko_0393,0,False,1,assets/targets/lh_hl_unlink_plinko_0111/nocol_baseblue.jpg,nocol_translate,assets/targets/lh_hl_unlink_plinko_0111/nocol_translatered.jpg,31,13159,lh_hl_unlink_plinko_0111,0,False,0,assets/targets/hh_hl_unlink_plinko_0252/maybecol_basered.jpg,maybecol_translate,assets/targets/hh_hl_unlink_plinko_0252/maybecol_translateblue.jpg,42,3525,hh_hl_unlink_plinko_0252,0,True,1,assets/targets/hh_hl_unlink_plinko_0269/maybecol_baseblue.jpg,maybecol_translate,assets/targets/hh_hl_unlink_plinko_0269/maybecol_translatered.jpg,58,4085,hh_hl_unlink_plinko_0269,1,True,0,assets/targets/hh_hl_unlink_plinko_0240/col_early_basered.jpg,col_early_translate,assets/targets/hh_hl_unlink_plinko_0240/col_early_translateblue.jpg,76,5322,hh_hl_unlink_plinko_0240,1,False,1,assets/targets/hh_hl_unlink_plinko_0202/maybecol_baseblue.jpg,maybecol_translate,assets/targets/hh_hl_unlink_plinko_0202/maybecol_translatered.jpg,34,3550,hh_hl_unlink_plinko_0202,0,False,0,assets/targets/hh_hl_unlink_plinko_0246/nocol_basered.jpg,nocol_translate,assets/targets/hh_hl_unlink_plinko_0246/nocol_translate1blue.jpg,62,3999,hh_hl_unlink_plinko_0246,1,False,0,assets/targets/lh_hl_unlink_plinko_0036/col_late_basered.jpg,col_late_translate,assets/targets/lh_hl_unlink_plinko_0036/col_late_translateblue.jpg,15,4623,lh_hl_unlink_plinko_0036,0,True,0,assets/targets/lh_ll_unlink_plinko_0217/nocol_basered.jpg,nocol_translate,assets/targets/lh_ll_unlink_plinko_0217/nocol_translate1blue.jpg,67,7069,lh_ll_unlink_plinko_0217,1,False,1,assets/targets/lh_hl_unlink_plinko_0110/col_late_baseblue.jpg,col_late_translate,assets/targets/lh_hl_unlink_plinko_0110/col_late_translatered.jpg,22,5276,lh_hl_unlink_plinko_0110,0,False,0,assets/targets/lh_ll_unlink_plinko_0091/col_early_basered.jpg,col_early_translate,assets/targets/lh_ll_unlink_plinko_0091/col_early_translateblue.jpg,13,3230,lh_ll_unlink_plinko_0091,0,True,0,assets/targets/hh_hl_unlink_plinko_0105/maybecol_basered.jpg,maybecol_translate,assets/targets/hh_hl_unlink_plinko_0105/maybecol_translate1blue.jpg,37,112926,hh_hl_unlink_plinko_0105,0,True,0,assets/targets/lh_ll_unlink_plinko_0060/col_late_basered.jpg,col_late_translate,assets/targets/lh_ll_unlink_plinko_0060/col_late_translate1blue.jpg,35,5087,lh_ll_unlink_plinko_0060,0,True,0,assets/targets/hh_hl_unlink_plinko_0315/nocol_basered.jpg,nocol_translate,assets/targets/hh_hl_unlink_plinko_0315/nocol_translateblue.jpg,27,4407,hh_hl_unlink_plinko_0315,0,True,1,assets/targets/lh_hl_unlink_plinko_0049/col_early_baseblue.jpg,col_early_translate,assets/targets/lh_hl_unlink_plinko_0049/col_early_translate1red.jpg,62,3299,lh_hl_unlink_plinko_0049,1,True,0,assets/targets/lh_ll_unlink_plinko_0155/col_late_basered.jpg,col_late_translate,assets/targets/lh_ll_unlink_plinko_0155/col_late_translate1blue.jpg,34,3346,lh_ll_unlink_plinko_0155,0,True,5c41fb6f848dbb000157e2e5
41,0,assets/targets/lh_hl_unlink_plinko_0110/col_late_basered.jpg,col_late_translate,assets/targets/lh_hl_unlink_plinko_0110/col_late_translate1blue.jpg,0,11007,lh_hl_unlink_plinko_0110,0,True,1,assets/targets/lh_ll_unlink_plinko_0060/col_late_baseblue.jpg,col_late_translate,assets/targets/lh_ll_unlink_plinko_0060/col_late_translatered.jpg,100,9555,lh_ll_unlink_plinko_0060,1,True,0,assets/targets/hh_hl_unlink_plinko_0315/maybecol_basered.jpg,maybecol_translate,assets/targets/hh_hl_unlink_plinko_0315/maybecol_translateblue.jpg,15,4928,hh_hl_unlink_plinko_0315,0,True,1,assets/targets/lh_hl_unlink_plinko_0036/col_early_baseblue.jpg,col_early_translate,assets/targets/lh_hl_unlink_plinko_0036/col_early_translatered.jpg,3,4471,lh_hl_unlink_plinko_0036,0,False,0,assets/targets/lh_ll_unlink_plinko_0217/col_late_basered.jpg,col_late_translate,assets/targets/lh_ll_unlink_plinko_0217/col_late_translateblue.jpg,0,4031,lh_ll_unlink_plinko_0217,0,True,0,assets/targets/hh_hl_unlink_plinko_0202/col_early_basered.jpg,col_early_translate,assets/targets/hh_hl_unlink_plinko_0202/col_early_translateblue.jpg,32,6658,hh_hl_unlink_plinko_0202,0,True,0,assets/targets/hh_hl_unlink_plinko_0269/col_early_basered.jpg,col_early_translate,assets/targets/hh_hl_unlink_plinko_0269/col_early_translateblue.jpg,75,5176,hh_hl_unlink_plinko_0269,1,False,1,assets/targets/lh_hl_unlink_plinko_0111/col_early_baseblue.jpg,col_early_translate,assets/targets/lh_hl_unlink_plinko_0111/col_early_translatered.jpg,100,3753,lh_hl_unlink_plinko_0111,1,True,0,assets/targets/hh_hl_unlink_plinko_0252/maybecol_basered.jpg,maybecol_translate,assets/targets/hh_hl_unlink_plinko_0252/maybecol_translate1blue.jpg,18,4896,hh_hl_unlink_plinko_0252,0,True,1,assets/targets/hh_hl_unlink_plinko_0393/maybecol_baseblue.jpg,maybecol_translate,assets/targets/hh_hl_unlink_plinko_0393/maybecol_translatered.jpg,28,4224,hh_hl_unlink_plinko_0393,0,False,1,assets/targets/hh_hl_unlink_plinko_0246/nocol_baseblue.jpg,nocol_translate,assets/targets/hh_hl_unlink_plinko_0246/nocol_translate1red.jpg,86,4829,hh_hl_unlink_plinko_0246,1,True,1,assets/targets/lh_ll_unlink_plinko_0155/col_late_baseblue.jpg,col_late_translate,assets/targets/lh_ll_unlink_plinko_0155/col_late_translatered.jpg,97,4324,lh_ll_unlink_plinko_0155,1,True,0,assets/targets/hh_hl_unlink_plinko_0240/nocol_basered.jpg,nocol_translate,assets/targets/hh_hl_unlink_plinko_0240/nocol_translateblue.jpg,36,2827,hh_hl_unlink_plinko_0240,0,True,1,assets/targets/lh_hl_unlink_plinko_0049/nocol_baseblue.jpg,nocol_translate,assets/targets/lh_hl_unlink_plinko_0049/nocol_translate1red.jpg,49,7133,lh_hl_unlink_plinko_0049,0,False,1,assets/targets/hh_hl_unlink_plinko_0105/maybecol_baseblue.jpg,maybecol_translate,assets/targets/hh_hl_unlink_plinko_0105/maybecol_translate1red.jpg,34,4770,hh_hl_unlink_plinko_0105,0,False,1,assets/targets/lh_ll_unlink_plinko_0091/nocol_baseblue.jpg,nocol_translate,assets/targets/lh_ll_unlink_plinko_0091/nocol_translatered.jpg,73,2861,lh_ll_unlink_plinko_0091,1,True,603f31444049ae098abb8bf7
42,1,assets/targets/hh_hl_unlink_plinko_0269/nocol_baseblue.jpg,nocol_translate,assets/targets/hh_hl_unlink_plinko_0269/nocol_translatered.jpg,22,15216,hh_hl_unlink_plinko_0269,0,False,1,assets/targets/lh_hl_unlink_plinko_0049/nocol_baseblue.jpg,nocol_translate,assets/targets/lh_hl_unlink_plinko_0049/nocol_translatered.jpg,58,7859,lh_hl_unlink_plinko_0049,1,True,1,assets/targets/lh_hl_unlink_plinko_0110/col_early_baseblue.jpg,col_early_translate,assets/targets/lh_hl_unlink_plinko_0110/col_early_translatered.jpg,89,8100,lh_hl_unlink_plinko_0110,1,True,0,assets/targets/lh_ll_unlink_plinko_0217/col_early_basered.jpg,col_early_translate,assets/targets/lh_ll_unlink_plinko_0217/col_early_translateblue.jpg,13,5172,lh_ll_unlink_plinko_0217,0,True,1,assets/targets/lh_ll_unlink_plinko_0060/col_late_baseblue.jpg,col_late_translate,assets/targets/lh_ll_unlink_plinko_0060/col_late_translatered.jpg,71,7228,lh_ll_unlink_plinko_0060,1,True,1,assets/targets/hh_hl_unlink_plinko_0246/col_early_baseblue.jpg,col_early_translate,assets/targets/hh_hl_unlink_plinko_0246/col_early_translate1red.jpg,87,4823,hh_hl_unlink_plinko_0246,1,True,1,assets/targets/lh_ll_unlink_plinko_0155/nocol_baseblue.jpg,nocol_translate,assets/targets/lh_ll_unlink_plinko_0155/nocol_translatered.jpg,51,7422,lh_ll_unlink_plinko_0155,1,True,1,assets/targets/lh_hl_unlink_plinko_0036/col_late_baseblue.jpg,col_late_translate,assets/targets/lh_hl_unlink_plinko_0036/col_late_translatered.jpg,52,5425,lh_hl_unlink_plinko_0036,1,True,0,assets/targets/hh_hl_unlink_plinko_0240/maybecol_basered.jpg,maybecol_translate,assets/targets/hh_hl_unlink_plinko_0240/maybecol_translateblue.jpg,47,3236,hh_hl_unlink_plinko_0240,0,True,0,assets/targets/hh_hl_unlink_plinko_0105/nocol_basered.jpg,nocol_translate,assets/targets/hh_hl_unlink_plinko_0105/nocol_translateblue.jpg,50,3551,hh_hl_unlink_plinko_0105,-1,False,0,assets/targets/hh_hl_unlink_plinko_0252/col_early_basered.jpg,col_early_translate,assets/targets/hh_hl_unlink_plinko_0252/col_early_translateblue.jpg,56,3136,hh_hl_unlink_plinko_0252,1,False,1,assets/targets/hh_hl_unlink_plinko_0393/maybecol_baseblue.jpg,maybecol_translate,assets/targets/hh_hl_unlink_plinko_0393/maybecol_translatered.jpg,52,3698,hh_hl_unlink_plinko_0393,1,True,0,assets/targets/hh_hl_unlink_plinko_0315/maybecol_basered.jpg,maybecol_translate,assets/targets/hh_hl_unlink_plinko_0315/maybecol_translateblue.jpg,50,6700,hh_hl_unlink_plinko_0315,-1,False,0,assets/targets/lh_hl_unlink_plinko_0111/col_late_basered.jpg,col_late_translate,assets/targets/lh_hl_unlink_plinko_0111/col_late_translateblue.jpg,50,4428,lh_hl_unlink_plinko_0111,-1,False,0,assets/targets/hh_hl_unlink_plinko_0202/maybecol_basered.jpg,maybecol_translate,assets/targets/hh_hl_unlink_plinko_0202/maybecol_translateblue.jpg,42,5235,hh_hl_unlink_plinko_0202,0,True,1,assets/targets/lh_ll_unlink_plinko_0091/col_late_baseblue.jpg,col_late_translate,assets/targets/lh_ll_unlink_plinko_0091/col_late_translatered.jpg,50,4084,lh_ll_unlink_plinko_0091,-1,False,5e13542bc12a3699bbdc8753
43,1,assets/targets/hh_hl_unlink_plinko_0269/maybecol_baseblue.jpg,maybecol_translate,assets/targets/hh_hl_unlink_plinko_0269/maybecol_translate1red.jpg,100,12414,hh_hl_unlink_plinko_0269,1,True,1,assets/targets/hh_hl_unlink_plinko_0202/maybecol_baseblue.jpg,maybecol_translate,assets/targets/hh_hl_unlink_plinko_0202/maybecol_translate1red.jpg,21,4974,hh_hl_unlink_plinko_0202,0,False,0,assets/targets/hh_hl_unlink_plinko_0315/maybecol_basered.jpg,maybecol_translate,assets/targets/hh_hl_unlink_plinko_0315/maybecol_translate1blue.jpg,0,6548,hh_hl_unlink_plinko_0315,0,True,1,assets/targets/lh_ll_unlink_plinko_0155/nocol_baseblue.jpg,nocol_translate,assets/targets/lh_ll_unlink_plinko_0155/nocol_translate1red.jpg,71,4431,lh_ll_unlink_plinko_0155,1,True,1,assets/targets/lh_hl_unlink_plinko_0049/col_late_baseblue.jpg,col_late_translate,assets/targets/lh_hl_unlink_plinko_0049/col_late_translatered.jpg,100,9316,lh_hl_unlink_plinko_0049,1,True,0,assets/targets/lh_hl_unlink_plinko_0110/col_early_basered.jpg,col_early_translate,assets/targets/lh_hl_unlink_plinko_0110/col_early_translateblue.jpg,0,6176,lh_hl_unlink_plinko_0110,0,True,0,assets/targets/hh_hl_unlink_plinko_0105/col_early_basered.jpg,col_early_translate,assets/targets/hh_hl_unlink_plinko_0105/col_early_translate1blue.jpg,0,5434,hh_hl_unlink_plinko_0105,0,True,1,assets/targets/lh_ll_unlink_plinko_0217/nocol_baseblue.jpg,nocol_translate,assets/targets/lh_ll_unlink_plinko_0217/nocol_translatered.jpg,28,4076,lh_ll_unlink_plinko_0217,0,False,1,assets/targets/hh_hl_unlink_plinko_0252/nocol_baseblue.jpg,nocol_translate,assets/targets/hh_hl_unlink_plinko_0252/nocol_translate1red.jpg,32,3782,hh_hl_unlink_plinko_0252,0,False,0,assets/targets/lh_hl_unlink_plinko_0111/col_late_basered.jpg,col_late_translate,assets/targets/lh_hl_unlink_plinko_0111/col_late_translate1blue.jpg,0,5075,lh_hl_unlink_plinko_0111,0,True,1,assets/targets/lh_hl_unlink_plinko_0036/col_late_baseblue.jpg,col_late_translate,assets/targets/lh_hl_unlink_plinko_0036/col_late_translate1red.jpg,71,7142,lh_hl_unlink_plinko_0036,1,True,0,assets/targets/hh_hl_unlink_plinko_0240/col_early_basered.jpg,col_early_translate,assets/targets/hh_hl_unlink_plinko_0240/col_early_translate1blue.jpg,0,5673,hh_hl_unlink_plinko_0240,0,True,0,assets/targets/hh_hl_unlink_plinko_0393/maybecol_basered.jpg,maybecol_translate,assets/targets/hh_hl_unlink_plinko_0393/maybecol_translate1blue.jpg,100,5475,hh_hl_unlink_plinko_0393,1,False,0,assets/targets/lh_ll_unlink_plinko_0060/col_early_basered.jpg,col_early_translate,assets/targets/lh_ll_unlink_plinko_0060/col_early_translate1blue.jpg,0,5649,lh_ll_unlink_plinko_0060,0,True,1,assets/targets/lh_ll_unlink_plinko_0091/col_late_baseblue.jpg,col_late_translate,assets/targets/lh_ll_unlink_plinko_0091/col_late_translate1red.jpg,100,3897,lh_ll_unlink_plinko_0091,1,True,1,assets/targets/hh_hl_unlink_plinko_0246/nocol_baseblue.jpg,nocol_translate,assets/targets/hh_hl_unlink_plinko_0246/nocol_translate1red.jpg,33,5247,hh_hl_unlink_plinko_0246,0,False,63d13b44f511eff0aef876f2
44,1,assets/targets/hh_hl_unlink_plinko_0315/col_early_baseblue.jpg,col_early_translate,assets/targets/hh_hl_unlink_plinko_0315/col_early_translate1red.jpg,100,18252,hh_hl_unlink_plinko_0315,1,True,0,assets/targets/hh_hl_unlink_plinko_0246/maybecol_basered.jpg,maybecol_translate,assets/targets/hh_hl_unlink_plinko_0246/maybecol_translate1blue.jpg,0,8663,hh_hl_unlink_plinko_0246,0,True,0,assets/targets/hh_hl_unlink_plinko_0252/col_early_basered.jpg,col_early_translate,assets/targets/hh_hl_unlink_plinko_0252/col_early_translate1blue.jpg,100,7571,hh_hl_unlink_plinko_0252,1,False,0,assets/targets/lh_ll_unlink_plinko_0217/col_late_basered.jpg,col_late_translate,assets/targets/lh_ll_unlink_plinko_0217/col_late_translate1blue.jpg,100,7581,lh_ll_unlink_plinko_0217,1,False,1,assets/targets/lh_hl_unlink_plinko_0036/col_late_baseblue.jpg,col_late_translate,assets/targets/lh_hl_unlink_plinko_0036/col_late_translate1red.jpg,100,8321,lh_hl_unlink_plinko_0036,1,True,0,assets/targets/lh_hl_unlink_plinko_0110/col_late_basered.jpg,col_late_translate,assets/targets/lh_hl_unlink_plinko_0110/col_late_translate1blue.jpg,0,6536,lh_hl_unlink_plinko_0110,0,True,1,assets/targets/lh_ll_unlink_plinko_0060/nocol_baseblue.jpg,nocol_translate,assets/targets/lh_ll_unlink_plinko_0060/nocol_translate1red.jpg,75,6195,lh_ll_unlink_plinko_0060,1,True,0,assets/targets/lh_ll_unlink_plinko_0091/col_early_basered.jpg,col_early_translate,assets/targets/lh_ll_unlink_plinko_0091/col_early_translate1blue.jpg,100,6175,lh_ll_unlink_plinko_0091,1,False,1,assets/targets/lh_ll_unlink_plinko_0155/col_early_baseblue.jpg,col_early_translate,assets/targets/lh_ll_unlink_plinko_0155/col_early_translate1red.jpg,100,5787,lh_ll_unlink_plinko_0155,1,True,1,assets/targets/lh_hl_unlink_plinko_0049/nocol_baseblue.jpg,nocol_translate,assets/targets/lh_hl_unlink_plinko_0049/nocol_translate1red.jpg,17,4569,lh_hl_unlink_plinko_0049,0,False,0,assets/targets/hh_hl_unlink_plinko_0202/maybecol_basered.jpg,maybecol_translate,assets/targets/hh_hl_unlink_plinko_0202/maybecol_translate1blue.jpg,29,13061,hh_hl_unlink_plinko_0202,0,True,1,assets/targets/hh_hl_unlink_plinko_0269/nocol_baseblue.jpg,nocol_translate,assets/targets/hh_hl_unlink_plinko_0269/nocol_translatered.jpg,72,5824,hh_hl_unlink_plinko_0269,1,True,1,assets/targets/hh_hl_unlink_plinko_0393/nocol_baseblue.jpg,nocol_translate,assets/targets/hh_hl_unlink_plinko_0393/nocol_translatered.jpg,34,4426,hh_hl_unlink_plinko_0393,0,False,0,assets/targets/hh_hl_unlink_plinko_0105/maybecol_basered.jpg,maybecol_translate,assets/targets/hh_hl_unlink_plinko_0105/maybecol_translate1blue.jpg,90,4465,hh_hl_unlink_plinko_0105,1,False,1,assets/targets/hh_hl_unlink_plinko_0240/maybecol_baseblue.jpg,maybecol_translate,assets/targets/hh_hl_unlink_plinko_0240/maybecol_translate1red.jpg,100,5932,hh_hl_unlink_plinko_0240,1,True,0,assets/targets/lh_hl_unlink_plinko_0111/col_late_basered.jpg,col_late_translate,assets/targets/lh_hl_unlink_plinko_0111/col_late_translate1blue.jpg,0,5013,lh_hl_unlink_plinko_0111,0,True,62ffb36147e8cb67b697e5dd
45,1,assets/targets/hh_hl_unlink_plinko_0202/maybecol_baseblue.jpg,maybecol_translate,assets/targets/hh_hl_unlink_plinko_0202/maybecol_translatered.jpg,96,25351,hh_hl_unlink_plinko_0202,1,True,0,assets/targets/lh_ll_unlink_plinko_0060/col_early_basered.jpg,col_early_translate,assets/targets/lh_ll_unlink_plinko_0060/col_early_translate1blue.jpg,15,6962,lh_ll_unlink_plinko_0060,0,True,0,assets/targets/hh_hl_unlink_plinko_0269/maybecol_basered.jpg,maybecol_translate,assets/targets/hh_hl_unlink_plinko_0269/maybecol_translate1blue.jpg,58,3356,hh_hl_unlink_plinko_0269,1,False,0,assets/targets/lh_ll_unlink_plinko_0217/nocol_basered.jpg,nocol_translate,assets/targets/lh_ll_unlink_plinko_0217/nocol_translateblue.jpg,52,5898,lh_ll_unlink_plinko_0217,1,False,0,assets/targets/lh_hl_unlink_plinko_0111/nocol_basered.jpg,nocol_translate,assets/targets/lh_hl_unlink_plinko_0111/nocol_translateblue.jpg,59,5959,lh_hl_unlink_plinko_0111,1,False,1,assets/targets/hh_hl_unlink_plinko_0393/nocol_baseblue.jpg,nocol_translate,assets/targets/hh_hl_unlink_plinko_0393/nocol_translate1red.jpg,53,4605,hh_hl_unlink_plinko_0393,1,True,0,assets/targets/lh_ll_unlink_plinko_0155/col_late_basered.jpg,col_late_translate,assets/targets/lh_ll_unlink_plinko_0155/col_late_translateblue.jpg,53,3248,lh_ll_unlink_plinko_0155,1,False,1,assets/targets/lh_ll_unlink_plinko_0091/col_late_baseblue.jpg,col_late_translate,assets/targets/lh_ll_unlink_plinko_0091/col_late_translate1red.jpg,52,4013,lh_ll_unlink_plinko_0091,1,True,1,assets/targets/hh_hl_unlink_plinko_0240/maybecol_baseblue.jpg,maybecol_translate,assets/targets/hh_hl_unlink_plinko_0240/maybecol_translatered.jpg,30,3342,hh_hl_unlink_plinko_0240,0,False,1,assets/targets/hh_hl_unlink_plinko_0105/col_early_baseblue.jpg,col_early_translate,assets/targets/hh_hl_unlink_plinko_0105/col_early_translatered.jpg,18,5243,hh_hl_unlink_plinko_0105,0,False,1,assets/targets/hh_hl_unlink_plinko_0246/col_early_baseblue.jpg,col_early_translate,assets/targets/hh_hl_unlink_plinko_0246/col_early_translatered.jpg,38,4468,hh_hl_unlink_plinko_0246,0,False,1,assets/targets/lh_hl_unlink_plinko_0110/col_early_baseblue.jpg,col_early_translate,assets/targets/lh_hl_unlink_plinko_0110/col_early_translatered.jpg,56,3166,lh_hl_unlink_plinko_0110,1,True,0,assets/targets/lh_hl_unlink_plinko_0036/col_late_basered.jpg,col_late_translate,assets/targets/lh_hl_unlink_plinko_0036/col_late_translate1blue.jpg,32,3955,lh_hl_unlink_plinko_0036,0,True,1,assets/targets/lh_hl_unlink_plinko_0049/col_late_baseblue.jpg,col_late_translate,assets/targets/lh_hl_unlink_plinko_0049/col_late_translatered.jpg,45,2144,lh_hl_unlink_plinko_0049,0,False,0,assets/targets/hh_hl_unlink_plinko_0252/nocol_basered.jpg,nocol_translate,assets/targets/hh_hl_unlink_plinko_0252/nocol_translateblue.jpg,53,5192,hh_hl_unlink_plinko_0252,1,False,1,assets/targets/hh_hl_unlink_plinko_0315/maybecol_baseblue.jpg,maybecol_translate,assets/targets/hh_hl_unlink_plinko_0315/maybecol_translatered.jpg,43,2434,hh_hl_unlink_plinko_0315,0,False,60932f28c1f66a390cd43e0c
46,1,assets/targets/lh_hl_unlink_plinko_0111/col_early_baseblue.jpg,col_early_translate,assets/targets/lh_hl_unlink_plinko_0111/col_early_translatered.jpg,100,24028,lh_hl_unlink_plinko_0111,1,True,0,assets/targets/lh_ll_unlink_plinko_0060/col_late_basered.jpg,col_late_translate,assets/targets/lh_ll_unlink_plinko_0060/col_late_translate1blue.jpg,17,11209,lh_ll_unlink_plinko_0060,0,True,1,assets/targets/lh_hl_unlink_plinko_0036/nocol_baseblue.jpg,nocol_translate,assets/targets/lh_hl_unlink_plinko_0036/nocol_translatered.jpg,49,8204,lh_hl_unlink_plinko_0036,0,False,1,assets/targets/hh_hl_unlink_plinko_0105/maybecol_baseblue.jpg,maybecol_translate,assets/targets/hh_hl_unlink_plinko_0105/maybecol_translate1red.jpg,53,9558,hh_hl_unlink_plinko_0105,1,True,1,assets/targets/lh_hl_unlink_plinko_0110/col_late_baseblue.jpg,col_late_translate,assets/targets/lh_hl_unlink_plinko_0110/col_late_translatered.jpg,81,8414,lh_hl_unlink_plinko_0110,1,True,1,assets/targets/hh_hl_unlink_plinko_0246/maybecol_baseblue.jpg,maybecol_translate,assets/targets/hh_hl_unlink_plinko_0246/maybecol_translate1red.jpg,71,8404,hh_hl_unlink_plinko_0246,1,True,0,assets/targets/hh_hl_unlink_plinko_0315/nocol_basered.jpg,nocol_translate,assets/targets/hh_hl_unlink_plinko_0315/nocol_translate1blue.jpg,53,7531,hh_hl_unlink_plinko_0315,1,False,1,assets/targets/hh_hl_unlink_plinko_0269/maybecol_baseblue.jpg,maybecol_translate,assets/targets/hh_hl_unlink_plinko_0269/maybecol_translate1red.jpg,55,7423,hh_hl_unlink_plinko_0269,1,True,1,assets/targets/lh_ll_unlink_plinko_0155/col_late_baseblue.jpg,col_late_translate,assets/targets/lh_ll_unlink_plinko_0155/col_late_translate1red.jpg,42,7943,lh_ll_unlink_plinko_0155,0,False,1,assets/targets/hh_hl_unlink_plinko_0202/col_early_baseblue.jpg,col_early_translate,assets/targets/hh_hl_unlink_plinko_0202/col_early_translatered.jpg,65,8874,hh_hl_unlink_plinko_0202,1,True,0,assets/targets/hh_hl_unlink_plinko_0252/col_early_basered.jpg,col_early_translate,assets/targets/hh_hl_unlink_plinko_0252/col_early_translate1blue.jpg,49,6938,hh_hl_unlink_plinko_0252,0,True,0,assets/targets/hh_hl_unlink_plinko_0393/maybecol_basered.jpg,maybecol_translate,assets/targets/hh_hl_unlink_plinko_0393/maybecol_translate1blue.jpg,54,8204,hh_hl_unlink_plinko_0393,1,False,0,assets/targets/hh_hl_unlink_plinko_0240/nocol_basered.jpg,nocol_translate,assets/targets/hh_hl_unlink_plinko_0240/nocol_translate1blue.jpg,70,4902,hh_hl_unlink_plinko_0240,1,False,1,assets/targets/lh_ll_unlink_plinko_0091/nocol_baseblue.jpg,nocol_translate,assets/targets/lh_ll_unlink_plinko_0091/nocol_translatered.jpg,68,7456,lh_ll_unlink_plinko_0091,1,True,1,assets/targets/lh_ll_unlink_plinko_0217/col_late_baseblue.jpg,col_late_translate,assets/targets/lh_ll_unlink_plinko_0217/col_late_translatered.jpg,49,9236,lh_ll_unlink_plinko_0217,0,False,1,assets/targets/lh_hl_unlink_plinko_0049/col_early_baseblue.jpg,col_early_translate,assets/targets/lh_hl_unlink_plinko_0049/col_early_translatered.jpg,88,7821,lh_hl_unlink_plinko_0049,1,True,629689b8902bc98de5def57a
47,0,assets/targets/hh_hl_unlink_plinko_0269/maybecol_basered.jpg,maybecol_translate,assets/targets/hh_hl_unlink_plinko_0269/maybecol_translate1blue.jpg,100,19527,hh_hl_unlink_plinko_0269,1,False,1,assets/targets/lh_ll_unlink_plinko_0217/col_late_baseblue.jpg,col_late_translate,assets/targets/lh_ll_unlink_plinko_0217/col_late_translate1red.jpg,37,13124,lh_ll_unlink_plinko_0217,0,False,1,assets/targets/hh_hl_unlink_plinko_0393/col_early_baseblue.jpg,col_early_translate,assets/targets/hh_hl_unlink_plinko_0393/col_early_translate1red.jpg,20,6098,hh_hl_unlink_plinko_0393,0,False,0,assets/targets/lh_hl_unlink_plinko_0111/col_early_basered.jpg,col_early_translate,assets/targets/lh_hl_unlink_plinko_0111/col_early_translate1blue.jpg,11,8698,lh_hl_unlink_plinko_0111,0,True,0,assets/targets/lh_hl_unlink_plinko_0049/col_late_basered.jpg,col_late_translate,assets/targets/lh_hl_unlink_plinko_0049/col_late_translate1blue.jpg,84,7368,lh_hl_unlink_plinko_0049,1,False,1,assets/targets/lh_hl_unlink_plinko_0110/col_late_baseblue.jpg,col_late_translate,assets/targets/lh_hl_unlink_plinko_0110/col_late_translate1red.jpg,75,9954,lh_hl_unlink_plinko_0110,1,True,0,assets/targets/lh_hl_unlink_plinko_0036/nocol_basered.jpg,nocol_translate,assets/targets/lh_hl_unlink_plinko_0036/nocol_translate1blue.jpg,50,4874,lh_hl_unlink_plinko_0036,-1,False,1,assets/targets/lh_ll_unlink_plinko_0091/col_late_baseblue.jpg,col_late_translate,assets/targets/lh_ll_unlink_plinko_0091/col_late_translate1red.jpg,67,5532,lh_ll_unlink_plinko_0091,1,True,0,assets/targets/lh_ll_unlink_plinko_0155/col_early_basered.jpg,col_early_translate,assets/targets/lh_ll_unlink_plinko_0155/col_early_translate1blue.jpg,11,4521,lh_ll_unlink_plinko_0155,0,True,0,assets/targets/hh_hl_unlink_plinko_0246/nocol_basered.jpg,nocol_translate,assets/targets/hh_hl_unlink_plinko_0246/nocol_translateblue.jpg,50,3847,hh_hl_unlink_plinko_0246,-1,False,1,assets/targets/hh_hl_unlink_plinko_0105/maybecol_baseblue.jpg,maybecol_translate,assets/targets/hh_hl_unlink_plinko_0105/maybecol_translate1red.jpg,19,5663,hh_hl_unlink_plinko_0105,0,False,0,assets/targets/hh_hl_unlink_plinko_0202/nocol_basered.jpg,nocol_translate,assets/targets/hh_hl_unlink_plinko_0202/nocol_translate1blue.jpg,15,4767,hh_hl_unlink_plinko_0202,0,True,1,assets/targets/hh_hl_unlink_plinko_0240/maybecol_baseblue.jpg,maybecol_translate,assets/targets/hh_hl_unlink_plinko_0240/maybecol_translate1red.jpg,77,3175,hh_hl_unlink_plinko_0240,1,True,1,assets/targets/lh_ll_unlink_plinko_0060/nocol_baseblue.jpg,nocol_translate,assets/targets/lh_ll_unlink_plinko_0060/nocol_translate1red.jpg,50,2829,lh_ll_unlink_plinko_0060,-1,False,1,assets/targets/hh_hl_unlink_plinko_0315/col_early_baseblue.jpg,col_early_translate,assets/targets/hh_hl_unlink_plinko_0315/col_early_translatered.jpg,84,6325,hh_hl_unlink_plinko_0315,1,True,0,assets/targets/hh_hl_unlink_plinko_0252/maybecol_basered.jpg,maybecol_translate,assets/targets/hh_hl_unlink_plinko_0252/maybecol_translate1blue.jpg,55,4251,hh_hl_unlink_plinko_0252,1,False,610d7f845082b557c0ca5b25
48,1,assets/targets/hh_hl_unlink_plinko_0393/nocol_baseblue.jpg,nocol_translate,assets/targets/hh_hl_unlink_plinko_0393/nocol_translate1red.jpg,50,16344,hh_hl_unlink_plinko_0393,-1,False,0,assets/targets/lh_ll_unlink_plinko_0091/col_early_basered.jpg,col_early_translate,assets/targets/lh_ll_unlink_plinko_0091/col_early_translate1blue.jpg,54,14710,lh_ll_unlink_plinko_0091,1,False,1,assets/targets/lh_ll_unlink_plinko_0217/col_late_baseblue.jpg,col_late_translate,assets/targets/lh_ll_unlink_plinko_0217/col_late_translate1red.jpg,49,22152,lh_ll_unlink_plinko_0217,0,False,0,assets/targets/lh_hl_unlink_plinko_0110/col_late_basered.jpg,col_late_translate,assets/targets/lh_hl_unlink_plinko_0110/col_late_translateblue.jpg,49,7562,lh_hl_unlink_plinko_0110,0,True,1,assets/targets/hh_hl_unlink_plinko_0252/maybecol_baseblue.jpg,maybecol_translate,assets/targets/hh_hl_unlink_plinko_0252/maybecol_translate1red.jpg,50,9360,hh_hl_unlink_plinko_0252,-1,False,0,assets/targets/hh_hl_unlink_plinko_0240/maybecol_basered.jpg,maybecol_translate,assets/targets/hh_hl_unlink_plinko_0240/maybecol_translate1blue.jpg,51,16065,hh_hl_unlink_plinko_0240,1,False,0,assets/targets/hh_hl_unlink_plinko_0315/nocol_basered.jpg,nocol_translate,assets/targets/hh_hl_unlink_plinko_0315/nocol_translate1blue.jpg,49,5798,hh_hl_unlink_plinko_0315,0,True,0,assets/targets/hh_hl_unlink_plinko_0269/col_early_basered.jpg,col_early_translate,assets/targets/hh_hl_unlink_plinko_0269/col_early_translate1blue.jpg,50,6047,hh_hl_unlink_plinko_0269,-1,False,0,assets/targets/hh_hl_unlink_plinko_0202/maybecol_basered.jpg,maybecol_translate,assets/targets/hh_hl_unlink_plinko_0202/maybecol_translateblue.jpg,50,11008,hh_hl_unlink_plinko_0202,-1,False,1,assets/targets/lh_ll_unlink_plinko_0060/col_late_baseblue.jpg,col_late_translate,assets/targets/lh_ll_unlink_plinko_0060/col_late_translate1red.jpg,50,7779,lh_ll_unlink_plinko_0060,-1,False,0,assets/targets/hh_hl_unlink_plinko_0246/maybecol_basered.jpg,maybecol_translate,assets/targets/hh_hl_unlink_plinko_0246/maybecol_translate1blue.jpg,50,4430,hh_hl_unlink_plinko_0246,-1,False,0,assets/targets/lh_hl_unlink_plinko_0111/col_late_basered.jpg,col_late_translate,assets/targets/lh_hl_unlink_plinko_0111/col_late_translateblue.jpg,49,21018,lh_hl_unlink_plinko_0111,0,True,0,assets/targets/lh_hl_unlink_plinko_0036/nocol_basered.jpg,nocol_translate,assets/targets/lh_hl_unlink_plinko_0036/nocol_translate1blue.jpg,50,9393,lh_hl_unlink_plinko_0036,-1,False,1,assets/targets/lh_ll_unlink_plinko_0155/nocol_baseblue.jpg,nocol_translate,assets/targets/lh_ll_unlink_plinko_0155/nocol_translatered.jpg,50,7519,lh_ll_unlink_plinko_0155,-1,False,1,assets/targets/hh_hl_unlink_plinko_0105/col_early_baseblue.jpg,col_early_translate,assets/targets/hh_hl_unlink_plinko_0105/col_early_translatered.jpg,60,7880,hh_hl_unlink_plinko_0105,1,True,0,assets/targets/lh_hl_unlink_plinko_0049/col_early_basered.jpg,col_early_translate,assets/targets/lh_hl_unlink_plinko_0049/col_early_translate1blue.jpg,50,7234,lh_hl_unlink_plinko_0049,-1,False,610df498456dbaeef682c7ca
49,0,assets/targets/lh_hl_unlink_plinko_0049/col_late_basered.jpg,col_late_translate,assets/targets/lh_hl_unlink_plinko_0049/col_late_translate1blue.jpg,0,16313,lh_hl_unlink_plinko_0049,0,True,0,assets/targets/lh_ll_unlink_plinko_0155/nocol_basered.jpg,nocol_translate,assets/targets/lh_ll_unlink_plinko_0155/nocol_translateblue.jpg,100,5894,lh_ll_unlink_plinko_0155,1,False,0,assets/targets/lh_hl_unlink_plinko_0110/col_early_basered.jpg,col_early_translate,assets/targets/lh_hl_unlink_plinko_0110/col_early_translate1blue.jpg,0,6968,lh_hl_unlink_plinko_0110,0,True,0,assets/targets/hh_hl_unlink_plinko_0240/col_early_basered.jpg,col_early_translate,assets/targets/hh_hl_unlink_plinko_0240/col_early_translateblue.jpg,0,5540,hh_hl_unlink_plinko_0240,0,True,1,assets/targets/hh_hl_unlink_plinko_0393/col_early_baseblue.jpg,col_early_translate,assets/targets/hh_hl_unlink_plinko_0393/col_early_translatered.jpg,100,4545,hh_hl_unlink_plinko_0393,1,True,1,assets/targets/lh_hl_unlink_plinko_0036/col_late_baseblue.jpg,col_late_translate,assets/targets/lh_hl_unlink_plinko_0036/col_late_translatered.jpg,100,5567,lh_hl_unlink_plinko_0036,1,True,0,assets/targets/lh_ll_unlink_plinko_0217/col_early_basered.jpg,col_early_translate,assets/targets/lh_ll_unlink_plinko_0217/col_early_translate1blue.jpg,0,6750,lh_ll_unlink_plinko_0217,0,True,1,assets/targets/hh_hl_unlink_plinko_0202/maybecol_baseblue.jpg,maybecol_translate,assets/targets/hh_hl_unlink_plinko_0202/maybecol_translatered.jpg,76,10149,hh_hl_unlink_plinko_0202,1,True,1,assets/targets/hh_hl_unlink_plinko_0252/maybecol_baseblue.jpg,maybecol_translate,assets/targets/hh_hl_unlink_plinko_0252/maybecol_translatered.jpg,100,5867,hh_hl_unlink_plinko_0252,1,True,0,assets/targets/hh_hl_unlink_plinko_0315/nocol_basered.jpg,nocol_translate,assets/targets/hh_hl_unlink_plinko_0315/nocol_translateblue.jpg,77,11764,hh_hl_unlink_plinko_0315,1,False,1,assets/targets/hh_hl_unlink_plinko_0246/nocol_baseblue.jpg,nocol_translate,assets/targets/hh_hl_unlink_plinko_0246/nocol_translatered.jpg,20,7835,hh_hl_unlink_plinko_0246,0,False,0,assets/targets/hh_hl_unlink_plinko_0269/maybecol_basered.jpg,maybecol_translate,assets/targets/hh_hl_unlink_plinko_0269/maybecol_translateblue.jpg,0,6118,hh_hl_unlink_plinko_0269,0,True,0,assets/targets/hh_hl_unlink_plinko_0105/maybecol_basered.jpg,maybecol_translate,assets/targets/hh_hl_unlink_plinko_0105/maybecol_translateblue.jpg,100,6051,hh_hl_unlink_plinko_0105,1,False,1,assets/targets/lh_hl_unlink_plinko_0111/col_late_baseblue.jpg,col_late_translate,assets/targets/lh_hl_unlink_plinko_0111/col_late_translatered.jpg,100,6641,lh_hl_unlink_plinko_0111,1,True,1,assets/targets/lh_ll_unlink_plinko_0091/col_late_baseblue.jpg,col_late_translate,assets/targets/lh_ll_unlink_plinko_0091/col_late_translatered.jpg,100,4685,lh_ll_unlink_plinko_0091,1,True,1,assets/targets/lh_ll_unlink_plinko_0060/nocol_baseblue.jpg,nocol_translate,assets/targets/lh_ll_unlink_plinko_0060/nocol_translatered.jpg,24,5977,lh_ll_unlink_plinko_0060,0,False,63d04a5f7878a7b80ffc1a23
50,0,assets/targets/lh_hl_unlink_plinko_0036/nocol_basered.jpg,nocol_translate,assets/targets/lh_hl_unlink_plinko_0036/nocol_translateblue.jpg,50,21749,lh_hl_unlink_plinko_0036,-1,False,0,assets/targets/hh_hl_unlink_plinko_0269/nocol_basered.jpg,nocol_translate,assets/targets/hh_hl_unlink_plinko_0269/nocol_translate1blue.jpg,27,15003,hh_hl_unlink_plinko_0269,0,True,0,assets/targets/lh_ll_unlink_plinko_0091/col_late_basered.jpg,col_late_translate,assets/targets/lh_ll_unlink_plinko_0091/col_late_translateblue.jpg,82,9707,lh_ll_unlink_plinko_0091,1,False,1,assets/targets/hh_hl_unlink_plinko_0240/col_early_baseblue.jpg,col_early_translate,assets/targets/hh_hl_unlink_plinko_0240/col_early_translatered.jpg,21,10616,hh_hl_unlink_plinko_0240,0,False,0,assets/targets/hh_hl_unlink_plinko_0202/nocol_basered.jpg,nocol_translate,assets/targets/hh_hl_unlink_plinko_0202/nocol_translate1blue.jpg,49,8407,hh_hl_unlink_plinko_0202,0,True,1,assets/targets/hh_hl_unlink_plinko_0105/maybecol_baseblue.jpg,maybecol_translate,assets/targets/hh_hl_unlink_plinko_0105/maybecol_translatered.jpg,55,10176,hh_hl_unlink_plinko_0105,1,True,0,assets/targets/hh_hl_unlink_plinko_0246/col_early_basered.jpg,col_early_translate,assets/targets/hh_hl_unlink_plinko_0246/col_early_translate1blue.jpg,5,5124,hh_hl_unlink_plinko_0246,0,True,1,assets/targets/lh_ll_unlink_plinko_0060/col_early_baseblue.jpg,col_early_translate,assets/targets/lh_ll_unlink_plinko_0060/col_early_translatered.jpg,53,5523,lh_ll_unlink_plinko_0060,1,True,1,assets/targets/lh_ll_unlink_plinko_0217/nocol_baseblue.jpg,nocol_translate,assets/targets/lh_ll_unlink_plinko_0217/nocol_translatered.jpg,41,7244,lh_ll_unlink_plinko_0217,0,False,0,assets/targets/hh_hl_unlink_plinko_0252/maybecol_basered.jpg,maybecol_translate,assets/targets/hh_hl_unlink_plinko_0252/maybecol_translateblue.jpg,52,5902,hh_hl_unlink_plinko_0252,1,False,1,assets/targets/hh_hl_unlink_plinko_0315/maybecol_baseblue.jpg,maybecol_translate,assets/targets/hh_hl_unlink_plinko_0315/maybecol_translate1red.jpg,84,9262,hh_hl_unlink_plinko_0315,1,True,1,assets/targets/lh_ll_unlink_plinko_0155/col_late_baseblue.jpg,col_late_translate,assets/targets/lh_ll_unlink_plinko_0155/col_late_translatered.jpg,18,7414,lh_ll_unlink_plinko_0155,0,False,0,assets/targets/lh_hl_unlink_plinko_0049/col_late_basered.jpg,col_late_translate,assets/targets/lh_hl_unlink_plinko_0049/col_late_translateblue.jpg,35,11493,lh_hl_unlink_plinko_0049,0,True,0,assets/targets/hh_hl_unlink_plinko_0393/maybecol_basered.jpg,maybecol_translate,assets/targets/hh_hl_unlink_plinko_0393/maybecol_translateblue.jpg,27,13695,hh_hl_unlink_plinko_0393,0,True,1,assets/targets/lh_hl_unlink_plinko_0111/col_early_baseblue.jpg,col_early_translate,assets/targets/lh_hl_unlink_plinko_0111/col_early_translate1red.jpg,83,6114,lh_hl_unlink_plinko_0111,1,True,0,assets/targets/lh_hl_unlink_plinko_0110/col_late_basered.jpg,col_late_translate,assets/targets/lh_hl_unlink_plinko_0110/col_late_translate1blue.jpg,29,6769,lh_hl_unlink_plinko_0110,0,True,6245c8c532cdc22633ecbf3f
51,0,assets/targets/hh_hl_unlink_plinko_0269/col_early_basered.jpg,col_early_translate,assets/targets/hh_hl_unlink_plinko_0269/col_early_translateblue.jpg,0,23324,hh_hl_unlink_plinko_0269,0,True,1,assets/targets/hh_hl_unlink_plinko_0252/maybecol_baseblue.jpg,maybecol_translate,assets/targets/hh_hl_unlink_plinko_0252/maybecol_translatered.jpg,75,27104,hh_hl_unlink_plinko_0252,1,True,0,assets/targets/hh_hl_unlink_plinko_0315/nocol_basered.jpg,nocol_translate,assets/targets/hh_hl_unlink_plinko_0315/nocol_translateblue.jpg,24,23579,hh_hl_unlink_plinko_0315,0,True,1,assets/targets/lh_hl_unlink_plinko_0036/col_early_baseblue.jpg,col_early_translate,assets/targets/lh_hl_unlink_plinko_0036/col_early_translatered.jpg,100,12558,lh_hl_unlink_plinko_0036,1,True,1,assets/targets/lh_ll_unlink_plinko_0155/nocol_baseblue.jpg,nocol_translate,assets/targets/lh_ll_unlink_plinko_0155/nocol_translate1red.jpg,24,12281,lh_ll_unlink_plinko_0155,0,False,1,assets/targets/lh_ll_unlink_plinko_0091/col_early_baseblue.jpg,col_early_translate,assets/targets/lh_ll_unlink_plinko_0091/col_early_translate1red.jpg,100,11423,lh_ll_unlink_plinko_0091,1,True,1,assets/targets/lh_hl_unlink_plinko_0110/nocol_baseblue.jpg,nocol_translate,assets/targets/lh_hl_unlink_plinko_0110/nocol_translate1red.jpg,66,11846,lh_hl_unlink_plinko_0110,1,True,1,assets/targets/hh_hl_unlink_plinko_0393/maybecol_baseblue.jpg,maybecol_translate,assets/targets/hh_hl_unlink_plinko_0393/maybecol_translatered.jpg,0,17597,hh_hl_unlink_plinko_0393,0,False,0,assets/targets/hh_hl_unlink_plinko_0240/col_early_basered.jpg,col_early_translate,assets/targets/hh_hl_unlink_plinko_0240/col_early_translate1blue.jpg,0,9647,hh_hl_unlink_plinko_0240,0,True,1,assets/targets/hh_hl_unlink_plinko_0202/maybecol_baseblue.jpg,maybecol_translate,assets/targets/hh_hl_unlink_plinko_0202/maybecol_translatered.jpg,100,7401,hh_hl_unlink_plinko_0202,1,True,0,assets/targets/lh_ll_unlink_plinko_0060/col_late_basered.jpg,col_late_translate,assets/targets/lh_ll_unlink_plinko_0060/col_late_translateblue.jpg,0,12200,lh_ll_unlink_plinko_0060,0,True,1,assets/targets/hh_hl_unlink_plinko_0105/nocol_baseblue.jpg,nocol_translate,assets/targets/hh_hl_unlink_plinko_0105/nocol_translatered.jpg,50,6647,hh_hl_unlink_plinko_0105,-1,False,0,assets/targets/hh_hl_unlink_plinko_0246/maybecol_basered.jpg,maybecol_translate,assets/targets/hh_hl_unlink_plinko_0246/maybecol_translateblue.jpg,76,10196,hh_hl_unlink_plinko_0246,1,False,1,assets/targets/lh_hl_unlink_plinko_0111/col_late_baseblue.jpg,col_late_translate,assets/targets/lh_hl_unlink_plinko_0111/col_late_translatered.jpg,76,23647,lh_hl_unlink_plinko_0111,1,True,1,assets/targets/lh_ll_unlink_plinko_0217/col_late_baseblue.jpg,col_late_translate,assets/targets/lh_ll_unlink_plinko_0217/col_late_translatered.jpg,77,23707,lh_ll_unlink_plinko_0217,1,True,1,assets/targets/lh_hl_unlink_plinko_0049/col_late_baseblue.jpg,col_late_translate,assets/targets/lh_hl_unlink_plinko_0049/col_late_translatered.jpg,100,12715,lh_hl_unlink_plinko_0049,1,True,63d13e3f6d1b3990e254a426
52,1,assets/targets/lh_ll_unlink_plinko_0060/nocol_baseblue.jpg,nocol_translate,assets/targets/lh_ll_unlink_plinko_0060/nocol_translatered.jpg,49,14183,lh_ll_unlink_plinko_0060,0,False,0,assets/targets/lh_ll_unlink_plinko_0091/nocol_basered.jpg,nocol_translate,assets/targets/lh_ll_unlink_plinko_0091/nocol_translate1blue.jpg,72,7144,lh_ll_unlink_plinko_0091,1,False,1,assets/targets/hh_hl_unlink_plinko_0246/maybecol_baseblue.jpg,maybecol_translate,assets/targets/hh_hl_unlink_plinko_0246/maybecol_translatered.jpg,14,5594,hh_hl_unlink_plinko_0246,0,False,1,assets/targets/lh_ll_unlink_plinko_0155/col_late_baseblue.jpg,col_late_translate,assets/targets/lh_ll_unlink_plinko_0155/col_late_translate1red.jpg,75,6376,lh_ll_unlink_plinko_0155,1,True,0,assets/targets/hh_hl_unlink_plinko_0393/maybecol_basered.jpg,maybecol_translate,assets/targets/hh_hl_unlink_plinko_0393/maybecol_translate1blue.jpg,71,5943,hh_hl_unlink_plinko_0393,1,False,0,assets/targets/lh_hl_unlink_plinko_0036/col_early_basered.jpg,col_early_translate,assets/targets/lh_hl_unlink_plinko_0036/col_early_translate1blue.jpg,17,4582,lh_hl_unlink_plinko_0036,0,True,1,assets/targets/hh_hl_unlink_plinko_0269/nocol_baseblue.jpg,nocol_translate,assets/targets/hh_hl_unlink_plinko_0269/nocol_translatered.jpg,50,4414,hh_hl_unlink_plinko_0269,-1,False,1,assets/targets/hh_hl_unlink_plinko_0105/nocol_baseblue.jpg,nocol_translate,assets/targets/hh_hl_unlink_plinko_0105/nocol_translate1red.jpg,59,5494,hh_hl_unlink_plinko_0105,1,True,1,assets/targets/hh_hl_unlink_plinko_0315/maybecol_baseblue.jpg,maybecol_translate,assets/targets/hh_hl_unlink_plinko_0315/maybecol_translatered.jpg,88,4384,hh_hl_unlink_plinko_0315,1,True,1,assets/targets/lh_ll_unlink_plinko_0217/col_early_baseblue.jpg,col_early_translate,assets/targets/lh_ll_unlink_plinko_0217/col_early_translatered.jpg,94,7379,lh_ll_unlink_plinko_0217,1,True,1,assets/targets/hh_hl_unlink_plinko_0252/col_early_baseblue.jpg,col_early_translate,assets/targets/hh_hl_unlink_plinko_0252/col_early_translate1red.jpg,86,8765,hh_hl_unlink_plinko_0252,1,True,1,assets/targets/lh_hl_unlink_plinko_0049/col_late_baseblue.jpg,col_late_translate,assets/targets/lh_hl_unlink_plinko_0049/col_late_translatered.jpg,17,3688,lh_hl_unlink_plinko_0049,0,False,1,assets/targets/hh_hl_unlink_plinko_0202/col_early_baseblue.jpg,col_early_translate,assets/targets/hh_hl_unlink_plinko_0202/col_early_translate1red.jpg,92,7530,hh_hl_unlink_plinko_0202,1,True,0,assets/targets/lh_hl_unlink_plinko_0111/col_late_basered.jpg,col_late_translate,assets/targets/lh_hl_unlink_plinko_0111/col_late_translate1blue.jpg,16,5710,lh_hl_unlink_plinko_0111,0,True,1,assets/targets/lh_hl_unlink_plinko_0110/col_late_baseblue.jpg,col_late_translate,assets/targets/lh_hl_unlink_plinko_0110/col_late_translatered.jpg,75,4944,lh_hl_unlink_plinko_0110,1,True,1,assets/targets/hh_hl_unlink_plinko_0240/maybecol_baseblue.jpg,maybecol_translate,assets/targets/hh_hl_unlink_plinko_0240/maybecol_translate1red.jpg,37,5682,hh_hl_unlink_plinko_0240,0,False,60fddbbe64101e027a217421
53,1,assets/targets/hh_hl_unlink_plinko_0246/maybecol_baseblue.jpg,maybecol_translate,assets/targets/hh_hl_unlink_plinko_0246/maybecol_translate1red.jpg,64,28988,hh_hl_unlink_plinko_0246,1,True,1,assets/targets/lh_hl_unlink_plinko_0111/col_late_baseblue.jpg,col_late_translate,assets/targets/lh_hl_unlink_plinko_0111/col_late_translate1red.jpg,69,13813,lh_hl_unlink_plinko_0111,1,True,0,assets/targets/lh_hl_unlink_plinko_0049/col_late_basered.jpg,col_late_translate,assets/targets/lh_hl_unlink_plinko_0049/col_late_translate1blue.jpg,27,6554,lh_hl_unlink_plinko_0049,0,True,1,assets/targets/lh_hl_unlink_plinko_0036/nocol_baseblue.jpg,nocol_translate,assets/targets/lh_hl_unlink_plinko_0036/nocol_translatered.jpg,62,4607,lh_hl_unlink_plinko_0036,1,True,0,assets/targets/hh_hl_unlink_plinko_0393/col_early_basered.jpg,col_early_translate,assets/targets/hh_hl_unlink_plinko_0393/col_early_translateblue.jpg,0,5651,hh_hl_unlink_plinko_0393,0,True,0,assets/targets/lh_ll_unlink_plinko_0217/col_late_basered.jpg,col_late_translate,assets/targets/lh_ll_unlink_plinko_0217/col_late_translate1blue.jpg,50,13470,lh_ll_unlink_plinko_0217,-1,False,0,assets/targets/lh_hl_unlink_plinko_0110/col_late_basered.jpg,col_late_translate,assets/targets/lh_hl_unlink_plinko_0110/col_late_translateblue.jpg,46,7424,lh_hl_unlink_plinko_0110,0,True,1,assets/targets/lh_ll_unlink_plinko_0091/nocol_baseblue.jpg,nocol_translate,assets/targets/lh_ll_unlink_plinko_0091/nocol_translatered.jpg,52,4740,lh_ll_unlink_plinko_0091,1,True,1,assets/targets/lh_ll_unlink_plinko_0060/col_early_baseblue.jpg,col_early_translate,assets/targets/lh_ll_unlink_plinko_0060/col_early_translatered.jpg,100,8747,lh_ll_unlink_plinko_0060,1,True,1,assets/targets/hh_hl_unlink_plinko_0240/nocol_baseblue.jpg,nocol_translate,assets/targets/hh_hl_unlink_plinko_0240/nocol_translatered.jpg,50,4477,hh_hl_unlink_plinko_0240,-1,False,1,assets/targets/hh_hl_unlink_plinko_0269/maybecol_baseblue.jpg,maybecol_translate,assets/targets/hh_hl_unlink_plinko_0269/maybecol_translatered.jpg,57,4482,hh_hl_unlink_plinko_0269,1,True,0,assets/targets/hh_hl_unlink_plinko_0202/col_early_basered.jpg,col_early_translate,assets/targets/hh_hl_unlink_plinko_0202/col_early_translateblue.jpg,30,18144,hh_hl_unlink_plinko_0202,0,True,0,assets/targets/hh_hl_unlink_plinko_0252/maybecol_basered.jpg,maybecol_translate,assets/targets/hh_hl_unlink_plinko_0252/maybecol_translateblue.jpg,47,2788,hh_hl_unlink_plinko_0252,0,True,0,assets/targets/hh_hl_unlink_plinko_0105/maybecol_basered.jpg,maybecol_translate,assets/targets/hh_hl_unlink_plinko_0105/maybecol_translate1blue.jpg,59,5095,hh_hl_unlink_plinko_0105,1,False,0,assets/targets/lh_ll_unlink_plinko_0155/col_early_basered.jpg,col_early_translate,assets/targets/lh_ll_unlink_plinko_0155/col_early_translate1blue.jpg,0,8026,lh_ll_unlink_plinko_0155,0,True,0,assets/targets/hh_hl_unlink_plinko_0315/nocol_basered.jpg,nocol_translate,assets/targets/hh_hl_unlink_plinko_0315/nocol_translateblue.jpg,46,5903,hh_hl_unlink_plinko_0315,0,True,6117be8d81c34e0b13821371
54,0,assets/targets/hh_hl_unlink_plinko_0240/maybecol_basered.jpg,maybecol_translate,assets/targets/hh_hl_unlink_plinko_0240/maybecol_translateblue.jpg,0,18807,hh_hl_unlink_plinko_0240,0,True,1,assets/targets/hh_hl_unlink_plinko_0393/nocol_baseblue.jpg,nocol_translate,assets/targets/hh_hl_unlink_plinko_0393/nocol_translate1red.jpg,50,12929,hh_hl_unlink_plinko_0393,-1,False,0,assets/targets/hh_hl_unlink_plinko_0202/maybecol_basered.jpg,maybecol_translate,assets/targets/hh_hl_unlink_plinko_0202/maybecol_translateblue.jpg,50,9328,hh_hl_unlink_plinko_0202,-1,False,1,assets/targets/lh_ll_unlink_plinko_0060/col_late_baseblue.jpg,col_late_translate,assets/targets/lh_ll_unlink_plinko_0060/col_late_translate1red.jpg,100,11443,lh_ll_unlink_plinko_0060,1,True,1,assets/targets/lh_ll_unlink_plinko_0217/col_late_baseblue.jpg,col_late_translate,assets/targets/lh_ll_unlink_plinko_0217/col_late_translatered.jpg,90,14099,lh_ll_unlink_plinko_0217,1,True,1,assets/targets/lh_ll_unlink_plinko_0091/col_late_baseblue.jpg,col_late_translate,assets/targets/lh_ll_unlink_plinko_0091/col_late_translate1red.jpg,29,14526,lh_ll_unlink_plinko_0091,0,False,1,assets/targets/hh_hl_unlink_plinko_0105/col_early_baseblue.jpg,col_early_translate,assets/targets/hh_hl_unlink_plinko_0105/col_early_translate1red.jpg,100,10115,hh_hl_unlink_plinko_0105,1,True,1,assets/targets/lh_hl_unlink_plinko_0036/nocol_baseblue.jpg,nocol_translate,assets/targets/lh_hl_unlink_plinko_0036/nocol_translate1red.jpg,50,5717,lh_hl_unlink_plinko_0036,-1,False,1,assets/targets/hh_hl_unlink_plinko_0252/maybecol_baseblue.jpg,maybecol_translate,assets/targets/hh_hl_unlink_plinko_0252/maybecol_translate1red.jpg,79,10537,hh_hl_unlink_plinko_0252,1,True,0,assets/targets/hh_hl_unlink_plinko_0315/nocol_basered.jpg,nocol_translate,assets/targets/hh_hl_unlink_plinko_0315/nocol_translate1blue.jpg,50,6762,hh_hl_unlink_plinko_0315,-1,False,0,assets/targets/lh_ll_unlink_plinko_0155/col_early_basered.jpg,col_early_translate,assets/targets/lh_ll_unlink_plinko_0155/col_early_translateblue.jpg,100,15960,lh_ll_unlink_plinko_0155,1,False,0,assets/targets/lh_hl_unlink_plinko_0110/nocol_basered.jpg,nocol_translate,assets/targets/lh_hl_unlink_plinko_0110/nocol_translate1blue.jpg,50,5082,lh_hl_unlink_plinko_0110,-1,False,0,assets/targets/lh_hl_unlink_plinko_0111/col_early_basered.jpg,col_early_translate,assets/targets/lh_hl_unlink_plinko_0111/col_early_translate1blue.jpg,0,8336,lh_hl_unlink_plinko_0111,0,True,1,assets/targets/hh_hl_unlink_plinko_0269/col_early_baseblue.jpg,col_early_translate,assets/targets/hh_hl_unlink_plinko_0269/col_early_translatered.jpg,69,7169,hh_hl_unlink_plinko_0269,1,True,0,assets/targets/hh_hl_unlink_plinko_0246/maybecol_basered.jpg,maybecol_translate,assets/targets/hh_hl_unlink_plinko_0246/maybecol_translateblue.jpg,50,5634,hh_hl_unlink_plinko_0246,-1,False,1,assets/targets/lh_hl_unlink_plinko_0049/col_late_baseblue.jpg,col_late_translate,assets/targets/lh_hl_unlink_plinko_0049/col_late_translate1red.jpg,66,12813,lh_hl_unlink_plinko_0049,1,True,611ea4971bd5f93c68cc56f3
55,0,assets/targets/lh_hl_unlink_plinko_0049/col_early_basered.jpg,col_early_translate,assets/targets/lh_hl_unlink_plinko_0049/col_early_translate1blue.jpg,64,11069,lh_hl_unlink_plinko_0049,1,False,1,assets/targets/lh_hl_unlink_plinko_0110/nocol_baseblue.jpg,nocol_translate,assets/targets/lh_hl_unlink_plinko_0110/nocol_translate1red.jpg,64,11092,lh_hl_unlink_plinko_0110,1,True,1,assets/targets/hh_hl_unlink_plinko_0246/maybecol_baseblue.jpg,maybecol_translate,assets/targets/hh_hl_unlink_plinko_0246/maybecol_translate1red.jpg,63,4492,hh_hl_unlink_plinko_0246,1,True,1,assets/targets/lh_ll_unlink_plinko_0217/col_late_baseblue.jpg,col_late_translate,assets/targets/lh_ll_unlink_plinko_0217/col_late_translate1red.jpg,80,4600,lh_ll_unlink_plinko_0217,1,True,1,assets/targets/lh_hl_unlink_plinko_0036/col_late_baseblue.jpg,col_late_translate,assets/targets/lh_hl_unlink_plinko_0036/col_late_translate1red.jpg,55,6461,lh_hl_unlink_plinko_0036,1,True,0,assets/targets/hh_hl_unlink_plinko_0240/maybecol_basered.jpg,maybecol_translate,assets/targets/hh_hl_unlink_plinko_0240/maybecol_translateblue.jpg,53,13224,hh_hl_unlink_plinko_0240,1,False,0,assets/targets/hh_hl_unlink_plinko_0269/maybecol_basered.jpg,maybecol_translate,assets/targets/hh_hl_unlink_plinko_0269/maybecol_translateblue.jpg,53,5368,hh_hl_unlink_plinko_0269,1,False,0,assets/targets/hh_hl_unlink_plinko_0105/col_early_basered.jpg,col_early_translate,assets/targets/hh_hl_unlink_plinko_0105/col_early_translate1blue.jpg,46,4901,hh_hl_unlink_plinko_0105,0,True,1,assets/targets/lh_hl_unlink_plinko_0111/col_early_baseblue.jpg,col_early_translate,assets/targets/lh_hl_unlink_plinko_0111/col_early_translate1red.jpg,52,3762,lh_hl_unlink_plinko_0111,1,True,1,assets/targets/hh_hl_unlink_plinko_0202/col_early_baseblue.jpg,col_early_translate,assets/targets/hh_hl_unlink_plinko_0202/col_early_translate1red.jpg,49,3800,hh_hl_unlink_plinko_0202,0,False,0,assets/targets/lh_ll_unlink_plinko_0060/col_late_basered.jpg,col_late_translate,assets/targets/lh_ll_unlink_plinko_0060/col_late_translate1blue.jpg,43,4143,lh_ll_unlink_plinko_0060,0,True,1,assets/targets/lh_ll_unlink_plinko_0091/nocol_baseblue.jpg,nocol_translate,assets/targets/lh_ll_unlink_plinko_0091/nocol_translate1red.jpg,60,4512,lh_ll_unlink_plinko_0091,1,True,1,assets/targets/hh_hl_unlink_plinko_0252/nocol_baseblue.jpg,nocol_translate,assets/targets/hh_hl_unlink_plinko_0252/nocol_translate1red.jpg,65,4086,hh_hl_unlink_plinko_0252,1,True,1,assets/targets/hh_hl_unlink_plinko_0393/nocol_baseblue.jpg,nocol_translate,assets/targets/hh_hl_unlink_plinko_0393/nocol_translatered.jpg,36,3397,hh_hl_unlink_plinko_0393,0,False,1,assets/targets/lh_ll_unlink_plinko_0155/col_late_baseblue.jpg,col_late_translate,assets/targets/lh_ll_unlink_plinko_0155/col_late_translatered.jpg,55,5590,lh_ll_unlink_plinko_0155,1,True,1,assets/targets/hh_hl_unlink_plinko_0315/maybecol_baseblue.jpg,maybecol_translate,assets/targets/hh_hl_unlink_plinko_0315/maybecol_translate1red.jpg,58,7358,hh_hl_unlink_plinko_0315,1,True,60f728553a37102574b585c4
56,1,assets/targets/lh_hl_unlink_plinko_0111/col_late_baseblue.jpg,col_late_translate,assets/targets/lh_hl_unlink_plinko_0111/col_late_translatered.jpg,82,23490,lh_hl_unlink_plinko_0111,1,True,0,assets/targets/hh_hl_unlink_plinko_0269/maybecol_basered.jpg,maybecol_translate,assets/targets/hh_hl_unlink_plinko_0269/maybecol_translate1blue.jpg,12,10963,hh_hl_unlink_plinko_0269,0,True,0,assets/targets/lh_hl_unlink_plinko_0036/col_late_basered.jpg,col_late_translate,assets/targets/lh_hl_unlink_plinko_0036/col_late_translateblue.jpg,100,11743,lh_hl_unlink_plinko_0036,1,False,0,assets/targets/lh_ll_unlink_plinko_0091/col_late_basered.jpg,col_late_translate,assets/targets/lh_ll_unlink_plinko_0091/col_late_translateblue.jpg,21,10587,lh_ll_unlink_plinko_0091,0,True,0,assets/targets/hh_hl_unlink_plinko_0315/maybecol_basered.jpg,maybecol_translate,assets/targets/hh_hl_unlink_plinko_0315/maybecol_translate1blue.jpg,36,7786,hh_hl_unlink_plinko_0315,0,True,1,assets/targets/lh_ll_unlink_plinko_0217/nocol_baseblue.jpg,nocol_translate,assets/targets/lh_ll_unlink_plinko_0217/nocol_translate1red.jpg,50,4493,lh_ll_unlink_plinko_0217,-1,False,1,assets/targets/lh_ll_unlink_plinko_0155/col_late_baseblue.jpg,col_late_translate,assets/targets/lh_ll_unlink_plinko_0155/col_late_translate1red.jpg,11,7877,lh_ll_unlink_plinko_0155,0,False,0,assets/targets/hh_hl_unlink_plinko_0240/col_early_basered.jpg,col_early_translate,assets/targets/hh_hl_unlink_plinko_0240/col_early_translate1blue.jpg,0,6019,hh_hl_unlink_plinko_0240,0,True,1,assets/targets/hh_hl_unlink_plinko_0246/col_early_baseblue.jpg,col_early_translate,assets/targets/hh_hl_unlink_plinko_0246/col_early_translate1red.jpg,100,7135,hh_hl_unlink_plinko_0246,1,True,0,assets/targets/hh_hl_unlink_plinko_0105/maybecol_basered.jpg,maybecol_translate,assets/targets/hh_hl_unlink_plinko_0105/maybecol_translateblue.jpg,50,3787,hh_hl_unlink_plinko_0105,-1,False,0,assets/targets/hh_hl_unlink_plinko_0393/nocol_basered.jpg,nocol_translate,assets/targets/hh_hl_unlink_plinko_0393/nocol_translateblue.jpg,50,3648,hh_hl_unlink_plinko_0393,-1,False,1,assets/targets/hh_hl_unlink_plinko_0202/nocol_baseblue.jpg,nocol_translate,assets/targets/hh_hl_unlink_plinko_0202/nocol_translate1red.jpg,69,4732,hh_hl_unlink_plinko_0202,1,True,0,assets/targets/lh_hl_unlink_plinko_0049/col_early_basered.jpg,col_early_translate,assets/targets/lh_hl_unlink_plinko_0049/col_early_translate1blue.jpg,0,5913,lh_hl_unlink_plinko_0049,0,True,1,assets/targets/hh_hl_unlink_plinko_0252/maybecol_baseblue.jpg,maybecol_translate,assets/targets/hh_hl_unlink_plinko_0252/maybecol_translatered.jpg,50,16333,hh_hl_unlink_plinko_0252,-1,False,0,assets/targets/lh_hl_unlink_plinko_0110/nocol_basered.jpg,nocol_translate,assets/targets/lh_hl_unlink_plinko_0110/nocol_translateblue.jpg,63,6000,lh_hl_unlink_plinko_0110,1,False,1,assets/targets/lh_ll_unlink_plinko_0060/col_early_baseblue.jpg,col_early_translate,assets/targets/lh_ll_unlink_plinko_0060/col_early_translate1red.jpg,100,5580,lh_ll_unlink_plinko_0060,1,True,63cff6dacfa08ef71d092b7a
57,1,assets/targets/lh_ll_unlink_plinko_0155/col_early_baseblue.jpg,col_early_translate,assets/targets/lh_ll_unlink_plinko_0155/col_early_translate1red.jpg,100,23727,lh_ll_unlink_plinko_0155,1,True,1,assets/targets/lh_ll_unlink_plinko_0060/col_late_baseblue.jpg,col_late_translate,assets/targets/lh_ll_unlink_plinko_0060/col_late_translate1red.jpg,100,14867,lh_ll_unlink_plinko_0060,1,True,0,assets/targets/hh_hl_unlink_plinko_0246/col_early_basered.jpg,col_early_translate,assets/targets/hh_hl_unlink_plinko_0246/col_early_translate1blue.jpg,0,11894,hh_hl_unlink_plinko_0246,0,True,0,assets/targets/hh_hl_unlink_plinko_0393/maybecol_basered.jpg,maybecol_translate,assets/targets/hh_hl_unlink_plinko_0393/maybecol_translate1blue.jpg,100,10263,hh_hl_unlink_plinko_0393,1,False,0,assets/targets/lh_hl_unlink_plinko_0111/col_early_basered.jpg,col_early_translate,assets/targets/lh_hl_unlink_plinko_0111/col_early_translate1blue.jpg,0,7950,lh_hl_unlink_plinko_0111,0,True,0,assets/targets/lh_ll_unlink_plinko_0217/nocol_basered.jpg,nocol_translate,assets/targets/lh_ll_unlink_plinko_0217/nocol_translateblue.jpg,75,19956,lh_ll_unlink_plinko_0217,1,False,0,assets/targets/hh_hl_unlink_plinko_0105/nocol_basered.jpg,nocol_translate,assets/targets/hh_hl_unlink_plinko_0105/nocol_translate1blue.jpg,73,9223,hh_hl_unlink_plinko_0105,1,False,1,assets/targets/hh_hl_unlink_plinko_0252/maybecol_baseblue.jpg,maybecol_translate,assets/targets/hh_hl_unlink_plinko_0252/maybecol_translatered.jpg,22,5839,hh_hl_unlink_plinko_0252,0,False,1,assets/targets/lh_hl_unlink_plinko_0110/col_late_baseblue.jpg,col_late_translate,assets/targets/lh_hl_unlink_plinko_0110/col_late_translatered.jpg,0,10782,lh_hl_unlink_plinko_0110,0,False,0,assets/targets/hh_hl_unlink_plinko_0315/maybecol_basered.jpg,maybecol_translate,assets/targets/hh_hl_unlink_plinko_0315/maybecol_translateblue.jpg,80,17312,hh_hl_unlink_plinko_0315,1,False,0,assets/targets/hh_hl_unlink_plinko_0269/col_early_basered.jpg,col_early_translate,assets/targets/hh_hl_unlink_plinko_0269/col_early_translate1blue.jpg,6,10446,hh_hl_unlink_plinko_0269,0,True,1,assets/targets/lh_hl_unlink_plinko_0036/col_late_baseblue.jpg,col_late_translate,assets/targets/lh_hl_unlink_plinko_0036/col_late_translatered.jpg,88,7404,lh_hl_unlink_plinko_0036,1,True,0,assets/targets/lh_ll_unlink_plinko_0091/nocol_basered.jpg,nocol_translate,assets/targets/lh_ll_unlink_plinko_0091/nocol_translate1blue.jpg,3,7069,lh_ll_unlink_plinko_0091,0,True,1,assets/targets/hh_hl_unlink_plinko_0202/nocol_baseblue.jpg,nocol_translate,assets/targets/hh_hl_unlink_plinko_0202/nocol_translate1red.jpg,1,11061,hh_hl_unlink_plinko_0202,0,False,0,assets/targets/hh_hl_unlink_plinko_0240/maybecol_basered.jpg,maybecol_translate,assets/targets/hh_hl_unlink_plinko_0240/maybecol_translate1blue.jpg,16,7954,hh_hl_unlink_plinko_0240,0,True,1,assets/targets/lh_hl_unlink_plinko_0049/col_late_baseblue.jpg,col_late_translate,assets/targets/lh_hl_unlink_plinko_0049/col_late_translatered.jpg,86,6615,lh_hl_unlink_plinko_0049,1,True,5d1b88dd6fb351001b70ae41
58,0,assets/targets/hh_hl_unlink_plinko_0202/col_early_basered.jpg,col_early_translate,assets/targets/hh_hl_unlink_plinko_0202/col_early_translateblue.jpg,7,22191,hh_hl_unlink_plinko_0202,0,True,1,assets/targets/hh_hl_unlink_plinko_0240/nocol_baseblue.jpg,nocol_translate,assets/targets/hh_hl_unlink_plinko_0240/nocol_translatered.jpg,85,12562,hh_hl_unlink_plinko_0240,1,True,1,assets/targets/hh_hl_unlink_plinko_0252/nocol_baseblue.jpg,nocol_translate,assets/targets/hh_hl_unlink_plinko_0252/nocol_translatered.jpg,37,31636,hh_hl_unlink_plinko_0252,0,False,0,assets/targets/lh_hl_unlink_plinko_0110/nocol_basered.jpg,nocol_translate,assets/targets/lh_hl_unlink_plinko_0110/nocol_translateblue.jpg,65,10569,lh_hl_unlink_plinko_0110,1,False,1,assets/targets/hh_hl_unlink_plinko_0393/maybecol_baseblue.jpg,maybecol_translate,assets/targets/hh_hl_unlink_plinko_0393/maybecol_translatered.jpg,17,10396,hh_hl_unlink_plinko_0393,0,False,0,assets/targets/lh_ll_unlink_plinko_0060/col_late_basered.jpg,col_late_translate,assets/targets/lh_ll_unlink_plinko_0060/col_late_translateblue.jpg,10,8738,lh_ll_unlink_plinko_0060,0,True,1,assets/targets/lh_ll_unlink_plinko_0155/col_early_baseblue.jpg,col_early_translate,assets/targets/lh_ll_unlink_plinko_0155/col_early_translatered.jpg,4,5322,lh_ll_unlink_plinko_0155,0,False,0,assets/targets/lh_hl_unlink_plinko_0111/col_late_basered.jpg,col_late_translate,assets/targets/lh_hl_unlink_plinko_0111/col_late_translateblue.jpg,18,10157,lh_hl_unlink_plinko_0111,0,True,0,assets/targets/hh_hl_unlink_plinko_0105/maybecol_basered.jpg,maybecol_translate,assets/targets/hh_hl_unlink_plinko_0105/maybecol_translateblue.jpg,53,9971,hh_hl_unlink_plinko_0105,1,False,1,assets/targets/hh_hl_unlink_plinko_0269/col_early_baseblue.jpg,col_early_translate,assets/targets/hh_hl_unlink_plinko_0269/col_early_translatered.jpg,89,5939,hh_hl_unlink_plinko_0269,1,True,0,assets/targets/lh_hl_unlink_plinko_0036/col_early_basered.jpg,col_early_translate,assets/targets/lh_hl_unlink_plinko_0036/col_early_translateblue.jpg,87,7854,lh_hl_unlink_plinko_0036,1,False,1,assets/targets/hh_hl_unlink_plinko_0246/maybecol_baseblue.jpg,maybecol_translate,assets/targets/hh_hl_unlink_plinko_0246/maybecol_translatered.jpg,29,6493,hh_hl_unlink_plinko_0246,0,False,1,assets/targets/lh_ll_unlink_plinko_0091/nocol_baseblue.jpg,nocol_translate,assets/targets/lh_ll_unlink_plinko_0091/nocol_translatered.jpg,58,9773,lh_ll_unlink_plinko_0091,1,True,0,assets/targets/lh_ll_unlink_plinko_0217/col_late_basered.jpg,col_late_translate,assets/targets/lh_ll_unlink_plinko_0217/col_late_translateblue.jpg,87,4573,lh_ll_unlink_plinko_0217,1,False,1,assets/targets/hh_hl_unlink_plinko_0315/maybecol_baseblue.jpg,maybecol_translate,assets/targets/hh_hl_unlink_plinko_0315/maybecol_translatered.jpg,90,7865,hh_hl_unlink_plinko_0315,1,True,1,assets/targets/lh_hl_unlink_plinko_0049/col_late_baseblue.jpg,col_late_translate,assets/targets/lh_hl_unlink_plinko_0049/col_late_translatered.jpg,100,4867,lh_hl_unlink_plinko_0049,1,True,63d02646dfc5857b0fdbc8f8
59,0,assets/targets/lh_hl_unlink_plinko_0111/col_late_basered.jpg,col_late_translate,assets/targets/lh_hl_unlink_plinko_0111/col_late_translate1blue.jpg,0,22622,lh_hl_unlink_plinko_0111,0,True,1,assets/targets/hh_hl_unlink_plinko_0240/nocol_baseblue.jpg,nocol_translate,assets/targets/hh_hl_unlink_plinko_0240/nocol_translatered.jpg,100,6384,hh_hl_unlink_plinko_0240,1,True,1,assets/targets/hh_hl_unlink_plinko_0252/nocol_baseblue.jpg,nocol_translate,assets/targets/hh_hl_unlink_plinko_0252/nocol_translatered.jpg,31,8267,hh_hl_unlink_plinko_0252,0,False,1,assets/targets/hh_hl_unlink_plinko_0393/col_early_baseblue.jpg,col_early_translate,assets/targets/hh_hl_unlink_plinko_0393/col_early_translatered.jpg,100,6674,hh_hl_unlink_plinko_0393,1,True,1,assets/targets/lh_hl_unlink_plinko_0036/col_late_baseblue.jpg,col_late_translate,assets/targets/lh_hl_unlink_plinko_0036/col_late_translate1red.jpg,67,7458,lh_hl_unlink_plinko_0036,1,True,1,assets/targets/hh_hl_unlink_plinko_0246/maybecol_baseblue.jpg,maybecol_translate,assets/targets/hh_hl_unlink_plinko_0246/maybecol_translatered.jpg,16,6988,hh_hl_unlink_plinko_0246,0,False,0,assets/targets/lh_ll_unlink_plinko_0155/col_late_basered.jpg,col_late_translate,assets/targets/lh_ll_unlink_plinko_0155/col_late_translateblue.jpg,0,3918,lh_ll_unlink_plinko_0155,0,True,0,assets/targets/hh_hl_unlink_plinko_0105/maybecol_basered.jpg,maybecol_translate,assets/targets/hh_hl_unlink_plinko_0105/maybecol_translateblue.jpg,54,5972,hh_hl_unlink_plinko_0105,1,False,0,assets/targets/lh_hl_unlink_plinko_0110/nocol_basered.jpg,nocol_translate,assets/targets/lh_hl_unlink_plinko_0110/nocol_translateblue.jpg,42,3868,lh_hl_unlink_plinko_0110,0,True,0,assets/targets/hh_hl_unlink_plinko_0315/col_early_basered.jpg,col_early_translate,assets/targets/hh_hl_unlink_plinko_0315/col_early_translate1blue.jpg,0,5360,hh_hl_unlink_plinko_0315,0,True,1,assets/targets/lh_ll_unlink_plinko_0060/col_early_baseblue.jpg,col_early_translate,assets/targets/lh_ll_unlink_plinko_0060/col_early_translatered.jpg,100,9354,lh_ll_unlink_plinko_0060,1,True,1,assets/targets/lh_hl_unlink_plinko_0049/nocol_baseblue.jpg,nocol_translate,assets/targets/lh_hl_unlink_plinko_0049/nocol_translate1red.jpg,68,7172,lh_hl_unlink_plinko_0049,1,True,0,assets/targets/hh_hl_unlink_plinko_0202/maybecol_basered.jpg,maybecol_translate,assets/targets/hh_hl_unlink_plinko_0202/maybecol_translate1blue.jpg,9,4995,hh_hl_unlink_plinko_0202,0,True,0,assets/targets/hh_hl_unlink_plinko_0269/maybecol_basered.jpg,maybecol_translate,assets/targets/hh_hl_unlink_plinko_0269/maybecol_translateblue.jpg,22,8355,hh_hl_unlink_plinko_0269,0,True,1,assets/targets/lh_ll_unlink_plinko_0091/col_late_baseblue.jpg,col_late_translate,assets/targets/lh_ll_unlink_plinko_0091/col_late_translate1red.jpg,68,4743,lh_ll_unlink_plinko_0091,1,True,1,assets/targets/lh_ll_unlink_plinko_0217/col_early_baseblue.jpg,col_early_translate,assets/targets/lh_ll_unlink_plinko_0217/col_early_translate1red.jpg,100,4014,lh_ll_unlink_plinko_0217,1,True,63d13b586b230d231577a44b
60,1,assets/targets/lh_hl_unlink_plinko_0036/col_early_baseblue.jpg,col_early_translate,assets/targets/lh_hl_unlink_plinko_0036/col_early_translate1red.jpg,59,19013,lh_hl_unlink_plinko_0036,1,True,1,assets/targets/lh_ll_unlink_plinko_0217/col_late_baseblue.jpg,col_late_translate,assets/targets/lh_ll_unlink_plinko_0217/col_late_translatered.jpg,38,10923,lh_ll_unlink_plinko_0217,0,False,0,assets/targets/hh_hl_unlink_plinko_0393/col_early_basered.jpg,col_early_translate,assets/targets/hh_hl_unlink_plinko_0393/col_early_translate1blue.jpg,66,6053,hh_hl_unlink_plinko_0393,1,False,1,assets/targets/hh_hl_unlink_plinko_0240/maybecol_baseblue.jpg,maybecol_translate,assets/targets/hh_hl_unlink_plinko_0240/maybecol_translate1red.jpg,30,12872,hh_hl_unlink_plinko_0240,0,False,0,assets/targets/hh_hl_unlink_plinko_0105/maybecol_basered.jpg,maybecol_translate,assets/targets/hh_hl_unlink_plinko_0105/maybecol_translate1blue.jpg,40,5761,hh_hl_unlink_plinko_0105,0,True,0,assets/targets/hh_hl_unlink_plinko_0246/maybecol_basered.jpg,maybecol_translate,assets/targets/hh_hl_unlink_plinko_0246/maybecol_translateblue.jpg,38,4243,hh_hl_unlink_plinko_0246,0,True,0,assets/targets/lh_hl_unlink_plinko_0049/col_late_basered.jpg,col_late_translate,assets/targets/lh_hl_unlink_plinko_0049/col_late_translate1blue.jpg,68,5724,lh_hl_unlink_plinko_0049,1,False,1,assets/targets/hh_hl_unlink_plinko_0315/col_early_baseblue.jpg,col_early_translate,assets/targets/hh_hl_unlink_plinko_0315/col_early_translate1red.jpg,55,4878,hh_hl_unlink_plinko_0315,1,True,1,assets/targets/hh_hl_unlink_plinko_0269/nocol_baseblue.jpg,nocol_translate,assets/targets/hh_hl_unlink_plinko_0269/nocol_translatered.jpg,65,4755,hh_hl_unlink_plinko_0269,1,True,1,assets/targets/lh_ll_unlink_plinko_0060/nocol_baseblue.jpg,nocol_translate,assets/targets/lh_ll_unlink_plinko_0060/nocol_translate1red.jpg,45,4749,lh_ll_unlink_plinko_0060,0,False,1,assets/targets/lh_hl_unlink_plinko_0110/col_early_baseblue.jpg,col_early_translate,assets/targets/lh_hl_unlink_plinko_0110/col_early_translatered.jpg,62,14107,lh_hl_unlink_plinko_0110,1,True,0,assets/targets/hh_hl_unlink_plinko_0202/nocol_basered.jpg,nocol_translate,assets/targets/hh_hl_unlink_plinko_0202/nocol_translateblue.jpg,42,4468,hh_hl_unlink_plinko_0202,0,True,0,assets/targets/hh_hl_unlink_plinko_0252/maybecol_basered.jpg,maybecol_translate,assets/targets/hh_hl_unlink_plinko_0252/maybecol_translate1blue.jpg,50,4524,hh_hl_unlink_plinko_0252,-1,False,0,assets/targets/lh_ll_unlink_plinko_0091/col_late_basered.jpg,col_late_translate,assets/targets/lh_ll_unlink_plinko_0091/col_late_translate1blue.jpg,62,15510,lh_ll_unlink_plinko_0091,1,False,1,assets/targets/lh_ll_unlink_plinko_0155/col_late_baseblue.jpg,col_late_translate,assets/targets/lh_ll_unlink_plinko_0155/col_late_translate1red.jpg,62,9908,lh_ll_unlink_plinko_0155,1,True,1,assets/targets/lh_hl_unlink_plinko_0111/nocol_baseblue.jpg,nocol_translate,assets/targets/lh_hl_unlink_plinko_0111/nocol_translatered.jpg,36,6160,lh_hl_unlink_plinko_0111,0,False,5fc2a0d49893540008bd113f
61,0,assets/targets/lh_ll_unlink_plinko_0091/col_late_basered.jpg,col_late_translate,assets/targets/lh_ll_unlink_plinko_0091/col_late_translate1blue.jpg,29,28626,lh_ll_unlink_plinko_0091,0,True,0,assets/targets/lh_ll_unlink_plinko_0217/col_early_basered.jpg,col_early_translate,assets/targets/lh_ll_unlink_plinko_0217/col_early_translate1blue.jpg,30,31160,lh_ll_unlink_plinko_0217,0,True,1,assets/targets/lh_ll_unlink_plinko_0155/nocol_baseblue.jpg,nocol_translate,assets/targets/lh_ll_unlink_plinko_0155/nocol_translate1red.jpg,50,11521,lh_ll_unlink_plinko_0155,-1,False,1,assets/targets/lh_hl_unlink_plinko_0036/col_late_baseblue.jpg,col_late_translate,assets/targets/lh_hl_unlink_plinko_0036/col_late_translate1red.jpg,23,12247,lh_hl_unlink_plinko_0036,0,False,0,assets/targets/lh_ll_unlink_plinko_0060/col_late_basered.jpg,col_late_translate,assets/targets/lh_ll_unlink_plinko_0060/col_late_translate1blue.jpg,18,15095,lh_ll_unlink_plinko_0060,0,True,1,assets/targets/hh_hl_unlink_plinko_0105/maybecol_baseblue.jpg,maybecol_translate,assets/targets/hh_hl_unlink_plinko_0105/maybecol_translate1red.jpg,50,5666,hh_hl_unlink_plinko_0105,-1,False,0,assets/targets/hh_hl_unlink_plinko_0315/maybecol_basered.jpg,maybecol_translate,assets/targets/hh_hl_unlink_plinko_0315/maybecol_translate1blue.jpg,49,6895,hh_hl_unlink_plinko_0315,0,True,0,assets/targets/hh_hl_unlink_plinko_0202/nocol_basered.jpg,nocol_translate,assets/targets/hh_hl_unlink_plinko_0202/nocol_translate1blue.jpg,68,7817,hh_hl_unlink_plinko_0202,1,False,1,assets/targets/lh_hl_unlink_plinko_0111/col_early_baseblue.jpg,col_early_translate,assets/targets/lh_hl_unlink_plinko_0111/col_early_translate1red.jpg,100,18422,lh_hl_unlink_plinko_0111,1,True,1,assets/targets/lh_hl_unlink_plinko_0110/nocol_baseblue.jpg,nocol_translate,assets/targets/lh_hl_unlink_plinko_0110/nocol_translate1red.jpg,50,5627,lh_hl_unlink_plinko_0110,-1,False,0,assets/targets/hh_hl_unlink_plinko_0246/col_early_basered.jpg,col_early_translate,assets/targets/hh_hl_unlink_plinko_0246/col_early_translate1blue.jpg,0,9121,hh_hl_unlink_plinko_0246,0,True,1,assets/targets/hh_hl_unlink_plinko_0393/col_early_baseblue.jpg,col_early_translate,assets/targets/hh_hl_unlink_plinko_0393/col_early_translate1red.jpg,0,8807,hh_hl_unlink_plinko_0393,0,False,1,assets/targets/hh_hl_unlink_plinko_0252/nocol_baseblue.jpg,nocol_translate,assets/targets/hh_hl_unlink_plinko_0252/nocol_translate1red.jpg,50,6416,hh_hl_unlink_plinko_0252,-1,False,0,assets/targets/hh_hl_unlink_plinko_0240/maybecol_basered.jpg,maybecol_translate,assets/targets/hh_hl_unlink_plinko_0240/maybecol_translate1blue.jpg,55,6576,hh_hl_unlink_plinko_0240,1,False,0,assets/targets/lh_hl_unlink_plinko_0049/col_late_basered.jpg,col_late_translate,assets/targets/lh_hl_unlink_plinko_0049/col_late_translate1blue.jpg,22,6748,lh_hl_unlink_plinko_0049,0,True,0,assets/targets/hh_hl_unlink_plinko_0269/maybecol_basered.jpg,maybecol_translate,assets/targets/hh_hl_unlink_plinko_0269/maybecol_translate1blue.jpg,18,9316,hh_hl_unlink_plinko_0269,0,True,6296267b2ae249a205d319d3
62,1,assets/targets/lh_hl_unlink_plinko_0111/nocol_baseblue.jpg,nocol_translate,assets/targets/lh_hl_unlink_plinko_0111/nocol_translatered.jpg,50,20311,lh_hl_unlink_plinko_0111,-1,False,1,assets/targets/hh_hl_unlink_plinko_0105/nocol_baseblue.jpg,nocol_translate,assets/targets/hh_hl_unlink_plinko_0105/nocol_translate1red.jpg,26,8961,hh_hl_unlink_plinko_0105,0,False,1,assets/targets/lh_hl_unlink_plinko_0036/nocol_baseblue.jpg,nocol_translate,assets/targets/lh_hl_unlink_plinko_0036/nocol_translate1red.jpg,50,6214,lh_hl_unlink_plinko_0036,-1,False,1,assets/targets/lh_hl_unlink_plinko_0110/col_late_baseblue.jpg,col_late_translate,assets/targets/lh_hl_unlink_plinko_0110/col_late_translatered.jpg,44,5539,lh_hl_unlink_plinko_0110,0,False,0,assets/targets/hh_hl_unlink_plinko_0202/maybecol_basered.jpg,maybecol_translate,assets/targets/hh_hl_unlink_plinko_0202/maybecol_translate1blue.jpg,71,6977,hh_hl_unlink_plinko_0202,1,False,0,assets/targets/lh_hl_unlink_plinko_0049/col_early_basered.jpg,col_early_translate,assets/targets/lh_hl_unlink_plinko_0049/col_early_translate1blue.jpg,35,5572,lh_hl_unlink_plinko_0049,0,True,1,assets/targets/lh_ll_unlink_plinko_0155/col_early_baseblue.jpg,col_early_translate,assets/targets/lh_ll_unlink_plinko_0155/col_early_translatered.jpg,50,3603,lh_ll_unlink_plinko_0155,-1,False,0,assets/targets/lh_ll_unlink_plinko_0217/col_late_basered.jpg,col_late_translate,assets/targets/lh_ll_unlink_plinko_0217/col_late_translate1blue.jpg,44,8657,lh_ll_unlink_plinko_0217,0,True,0,assets/targets/lh_ll_unlink_plinko_0060/col_late_basered.jpg,col_late_translate,assets/targets/lh_ll_unlink_plinko_0060/col_late_translateblue.jpg,50,10097,lh_ll_unlink_plinko_0060,-1,False,1,assets/targets/hh_hl_unlink_plinko_0252/col_early_baseblue.jpg,col_early_translate,assets/targets/hh_hl_unlink_plinko_0252/col_early_translatered.jpg,71,4274,hh_hl_unlink_plinko_0252,1,True,0,assets/targets/hh_hl_unlink_plinko_0246/maybecol_basered.jpg,maybecol_translate,assets/targets/hh_hl_unlink_plinko_0246/maybecol_translate1blue.jpg,50,9513,hh_hl_unlink_plinko_0246,-1,False,1,assets/targets/hh_hl_unlink_plinko_0315/maybecol_baseblue.jpg,maybecol_translate,assets/targets/hh_hl_unlink_plinko_0315/maybecol_translatered.jpg,64,4258,hh_hl_unlink_plinko_0315,1,True,0,assets/targets/lh_ll_unlink_plinko_0091/col_late_basered.jpg,col_late_translate,assets/targets/lh_ll_unlink_plinko_0091/col_late_translate1blue.jpg,25,6925,lh_ll_unlink_plinko_0091,0,True,0,assets/targets/hh_hl_unlink_plinko_0269/maybecol_basered.jpg,maybecol_translate,assets/targets/hh_hl_unlink_plinko_0269/maybecol_translate1blue.jpg,34,5417,hh_hl_unlink_plinko_0269,0,True,0,assets/targets/hh_hl_unlink_plinko_0393/col_early_basered.jpg,col_early_translate,assets/targets/hh_hl_unlink_plinko_0393/col_early_translateblue.jpg,50,4176,hh_hl_unlink_plinko_0393,-1,False,0,assets/targets/hh_hl_unlink_plinko_0240/nocol_basered.jpg,nocol_translate,assets/targets/hh_hl_unlink_plinko_0240/nocol_translate1blue.jpg,50,3814,hh_hl_unlink_plinko_0240,-1,False,629e3f2e7aa7065ffef94278
63,1,assets/targets/lh_ll_unlink_plinko_0155/col_late_baseblue.jpg,col_late_translate,assets/targets/lh_ll_unlink_plinko_0155/col_late_translate1red.jpg,90,18596,lh_ll_unlink_plinko_0155,1,True,1,assets/targets/hh_hl_unlink_plinko_0252/nocol_baseblue.jpg,nocol_translate,assets/targets/hh_hl_unlink_plinko_0252/nocol_translatered.jpg,46,7180,hh_hl_unlink_plinko_0252,0,False,0,assets/targets/lh_hl_unlink_plinko_0036/col_late_basered.jpg,col_late_translate,assets/targets/lh_hl_unlink_plinko_0036/col_late_translateblue.jpg,88,8186,lh_hl_unlink_plinko_0036,1,False,0,assets/targets/hh_hl_unlink_plinko_0393/maybecol_basered.jpg,maybecol_translate,assets/targets/hh_hl_unlink_plinko_0393/maybecol_translateblue.jpg,13,6187,hh_hl_unlink_plinko_0393,0,True,0,assets/targets/hh_hl_unlink_plinko_0202/maybecol_basered.jpg,maybecol_translate,assets/targets/hh_hl_unlink_plinko_0202/maybecol_translateblue.jpg,77,10291,hh_hl_unlink_plinko_0202,1,False,1,assets/targets/lh_hl_unlink_plinko_0110/col_early_baseblue.jpg,col_early_translate,assets/targets/lh_hl_unlink_plinko_0110/col_early_translatered.jpg,100,8136,lh_hl_unlink_plinko_0110,1,True,1,assets/targets/lh_ll_unlink_plinko_0217/col_late_baseblue.jpg,col_late_translate,assets/targets/lh_ll_unlink_plinko_0217/col_late_translatered.jpg,71,6716,lh_ll_unlink_plinko_0217,1,True,1,assets/targets/hh_hl_unlink_plinko_0240/nocol_baseblue.jpg,nocol_translate,assets/targets/hh_hl_unlink_plinko_0240/nocol_translatered.jpg,72,4261,hh_hl_unlink_plinko_0240,1,True,0,assets/targets/lh_ll_unlink_plinko_0060/nocol_basered.jpg,nocol_translate,assets/targets/lh_ll_unlink_plinko_0060/nocol_translateblue.jpg,55,5307,lh_ll_unlink_plinko_0060,1,False,1,assets/targets/hh_hl_unlink_plinko_0269/maybecol_baseblue.jpg,maybecol_translate,assets/targets/hh_hl_unlink_plinko_0269/maybecol_translatered.jpg,81,5500,hh_hl_unlink_plinko_0269,1,True,0,assets/targets/hh_hl_unlink_plinko_0105/maybecol_basered.jpg,maybecol_translate,assets/targets/hh_hl_unlink_plinko_0105/maybecol_translateblue.jpg,25,5222,hh_hl_unlink_plinko_0105,0,True,1,assets/targets/hh_hl_unlink_plinko_0246/col_early_baseblue.jpg,col_early_translate,assets/targets/hh_hl_unlink_plinko_0246/col_early_translatered.jpg,100,5054,hh_hl_unlink_plinko_0246,1,True,0,assets/targets/lh_ll_unlink_plinko_0091/nocol_basered.jpg,nocol_translate,assets/targets/lh_ll_unlink_plinko_0091/nocol_translateblue.jpg,78,4436,lh_ll_unlink_plinko_0091,1,False,1,assets/targets/hh_hl_unlink_plinko_0315/col_early_baseblue.jpg,col_early_translate,assets/targets/hh_hl_unlink_plinko_0315/col_early_translatered.jpg,96,9453,hh_hl_unlink_plinko_0315,1,True,1,assets/targets/lh_hl_unlink_plinko_0049/col_late_baseblue.jpg,col_late_translate,assets/targets/lh_hl_unlink_plinko_0049/col_late_translate1red.jpg,27,5469,lh_hl_unlink_plinko_0049,0,False,0,assets/targets/lh_hl_unlink_plinko_0111/col_early_basered.jpg,col_early_translate,assets/targets/lh_hl_unlink_plinko_0111/col_early_translateblue.jpg,9,6069,lh_hl_unlink_plinko_0111,0,True,60f07d8c1de076bcea9e0d44
64,1,assets/targets/lh_hl_unlink_plinko_0036/col_early_baseblue.jpg,col_early_translate,assets/targets/lh_hl_unlink_plinko_0036/col_early_translatered.jpg,54,31519,lh_hl_unlink_plinko_0036,1,True,1,assets/targets/lh_hl_unlink_plinko_0111/col_late_baseblue.jpg,col_late_translate,assets/targets/lh_hl_unlink_plinko_0111/col_late_translatered.jpg,45,7495,lh_hl_unlink_plinko_0111,0,False,1,assets/targets/lh_ll_unlink_plinko_0217/nocol_baseblue.jpg,nocol_translate,assets/targets/lh_ll_unlink_plinko_0217/nocol_translatered.jpg,50,5702,lh_ll_unlink_plinko_0217,-1,False,0,assets/targets/lh_ll_unlink_plinko_0155/col_late_basered.jpg,col_late_translate,assets/targets/lh_ll_unlink_plinko_0155/col_late_translate1blue.jpg,39,6418,lh_ll_unlink_plinko_0155,0,True,0,assets/targets/lh_hl_unlink_plinko_0110/col_late_basered.jpg,col_late_translate,assets/targets/lh_hl_unlink_plinko_0110/col_late_translateblue.jpg,44,5111,lh_hl_unlink_plinko_0110,0,True,1,assets/targets/lh_ll_unlink_plinko_0060/nocol_baseblue.jpg,nocol_translate,assets/targets/lh_ll_unlink_plinko_0060/nocol_translatered.jpg,50,5354,lh_ll_unlink_plinko_0060,-1,False,1,assets/targets/hh_hl_unlink_plinko_0105/maybecol_baseblue.jpg,maybecol_translate,assets/targets/hh_hl_unlink_plinko_0105/maybecol_translatered.jpg,52,4400,hh_hl_unlink_plinko_0105,1,True,0,assets/targets/lh_ll_unlink_plinko_0091/col_early_basered.jpg,col_early_translate,assets/targets/lh_ll_unlink_plinko_0091/col_early_translateblue.jpg,53,3822,lh_ll_unlink_plinko_0091,1,False,1,assets/targets/lh_hl_unlink_plinko_0049/col_late_baseblue.jpg,col_late_translate,assets/targets/lh_hl_unlink_plinko_0049/col_late_translate1red.jpg,48,5616,lh_hl_unlink_plinko_0049,0,False,0,assets/targets/hh_hl_unlink_plinko_0315/col_early_basered.jpg,col_early_translate,assets/targets/hh_hl_unlink_plinko_0315/col_early_translateblue.jpg,47,4788,hh_hl_unlink_plinko_0315,0,True,1,assets/targets/hh_hl_unlink_plinko_0269/maybecol_baseblue.jpg,maybecol_translate,assets/targets/hh_hl_unlink_plinko_0269/maybecol_translate1red.jpg,53,5953,hh_hl_unlink_plinko_0269,1,True,0,assets/targets/hh_hl_unlink_plinko_0240/maybecol_basered.jpg,maybecol_translate,assets/targets/hh_hl_unlink_plinko_0240/maybecol_translate1blue.jpg,45,3299,hh_hl_unlink_plinko_0240,0,True,1,assets/targets/hh_hl_unlink_plinko_0246/nocol_baseblue.jpg,nocol_translate,assets/targets/hh_hl_unlink_plinko_0246/nocol_translatered.jpg,55,4803,hh_hl_unlink_plinko_0246,1,True,1,assets/targets/hh_hl_unlink_plinko_0202/nocol_baseblue.jpg,nocol_translate,assets/targets/hh_hl_unlink_plinko_0202/nocol_translatered.jpg,50,3573,hh_hl_unlink_plinko_0202,-1,False,1,assets/targets/hh_hl_unlink_plinko_0393/col_early_baseblue.jpg,col_early_translate,assets/targets/hh_hl_unlink_plinko_0393/col_early_translate1red.jpg,47,4623,hh_hl_unlink_plinko_0393,0,False,1,assets/targets/hh_hl_unlink_plinko_0252/maybecol_baseblue.jpg,maybecol_translate,assets/targets/hh_hl_unlink_plinko_0252/maybecol_translatered.jpg,50,4222,hh_hl_unlink_plinko_0252,-1,False,5bd9f569eb22f2000183df4e
65,0,assets/targets/lh_hl_unlink_plinko_0036/col_late_basered.jpg,col_late_translate,assets/targets/lh_hl_unlink_plinko_0036/col_late_translateblue.jpg,28,22771,lh_hl_unlink_plinko_0036,0,True,1,assets/targets/hh_hl_unlink_plinko_0269/nocol_baseblue.jpg,nocol_translate,assets/targets/hh_hl_unlink_plinko_0269/nocol_translatered.jpg,43,18624,hh_hl_unlink_plinko_0269,0,False,1,assets/targets/hh_hl_unlink_plinko_0252/nocol_baseblue.jpg,nocol_translate,assets/targets/hh_hl_unlink_plinko_0252/nocol_translatered.jpg,60,7904,hh_hl_unlink_plinko_0252,1,True,1,assets/targets/hh_hl_unlink_plinko_0240/maybecol_baseblue.jpg,maybecol_translate,assets/targets/hh_hl_unlink_plinko_0240/maybecol_translate1red.jpg,87,25297,hh_hl_unlink_plinko_0240,1,True,0,assets/targets/hh_hl_unlink_plinko_0315/maybecol_basered.jpg,maybecol_translate,assets/targets/hh_hl_unlink_plinko_0315/maybecol_translateblue.jpg,15,18965,hh_hl_unlink_plinko_0315,0,True,0,assets/targets/lh_hl_unlink_plinko_0049/col_early_basered.jpg,col_early_translate,assets/targets/lh_hl_unlink_plinko_0049/col_early_translateblue.jpg,50,5652,lh_hl_unlink_plinko_0049,-1,False,1,assets/targets/hh_hl_unlink_plinko_0393/maybecol_baseblue.jpg,maybecol_translate,assets/targets/hh_hl_unlink_plinko_0393/maybecol_translate1red.jpg,17,6345,hh_hl_unlink_plinko_0393,0,False,0,assets/targets/hh_hl_unlink_plinko_0246/maybecol_basered.jpg,maybecol_translate,assets/targets/hh_hl_unlink_plinko_0246/maybecol_translateblue.jpg,50,4451,hh_hl_unlink_plinko_0246,-1,False,1,assets/targets/lh_ll_unlink_plinko_0217/col_late_baseblue.jpg,col_late_translate,assets/targets/lh_ll_unlink_plinko_0217/col_late_translatered.jpg,0,4883,lh_ll_unlink_plinko_0217,0,False,1,assets/targets/lh_hl_unlink_plinko_0111/col_early_baseblue.jpg,col_early_translate,assets/targets/lh_hl_unlink_plinko_0111/col_early_translatered.jpg,96,6237,lh_hl_unlink_plinko_0111,1,True,0,assets/targets/lh_hl_unlink_plinko_0110/nocol_basered.jpg,nocol_translate,assets/targets/lh_hl_unlink_plinko_0110/nocol_translateblue.jpg,7,5707,lh_hl_unlink_plinko_0110,0,True,0,assets/targets/lh_ll_unlink_plinko_0155/nocol_basered.jpg,nocol_translate,assets/targets/lh_ll_unlink_plinko_0155/nocol_translateblue.jpg,60,9292,lh_ll_unlink_plinko_0155,1,False,0,assets/targets/lh_ll_unlink_plinko_0091/col_late_basered.jpg,col_late_translate,assets/targets/lh_ll_unlink_plinko_0091/col_late_translate1blue.jpg,50,4053,lh_ll_unlink_plinko_0091,-1,False,0,assets/targets/hh_hl_unlink_plinko_0202/col_early_basered.jpg,col_early_translate,assets/targets/hh_hl_unlink_plinko_0202/col_early_translateblue.jpg,76,7708,hh_hl_unlink_plinko_0202,1,False,1,assets/targets/lh_ll_unlink_plinko_0060/col_late_baseblue.jpg,col_late_translate,assets/targets/lh_ll_unlink_plinko_0060/col_late_translatered.jpg,62,6055,lh_ll_unlink_plinko_0060,1,True,1,assets/targets/hh_hl_unlink_plinko_0105/col_early_baseblue.jpg,col_early_translate,assets/targets/hh_hl_unlink_plinko_0105/col_early_translatered.jpg,50,3205,hh_hl_unlink_plinko_0105,-1,False,5d5dc2d37bfc8400013b653c
66,0,assets/targets/lh_hl_unlink_plinko_0110/col_early_basered.jpg,col_early_translate,assets/targets/lh_hl_unlink_plinko_0110/col_early_translate1blue.jpg,12,20435,lh_hl_unlink_plinko_0110,0,True,0,assets/targets/hh_hl_unlink_plinko_0393/maybecol_basered.jpg,maybecol_translate,assets/targets/hh_hl_unlink_plinko_0393/maybecol_translate1blue.jpg,90,103067,hh_hl_unlink_plinko_0393,1,False,1,assets/targets/hh_hl_unlink_plinko_0246/col_early_baseblue.jpg,col_early_translate,assets/targets/hh_hl_unlink_plinko_0246/col_early_translatered.jpg,87,99289,hh_hl_unlink_plinko_0246,1,True,1,assets/targets/lh_ll_unlink_plinko_0060/col_late_baseblue.jpg,col_late_translate,assets/targets/lh_ll_unlink_plinko_0060/col_late_translate1red.jpg,77,38982,lh_ll_unlink_plinko_0060,1,True,0,assets/targets/hh_hl_unlink_plinko_0105/col_early_basered.jpg,col_early_translate,assets/targets/hh_hl_unlink_plinko_0105/col_early_translate1blue.jpg,8,9039,hh_hl_unlink_plinko_0105,0,True,0,assets/targets/lh_hl_unlink_plinko_0049/nocol_basered.jpg,nocol_translate,assets/targets/lh_hl_unlink_plinko_0049/nocol_translate1blue.jpg,30,15158,lh_hl_unlink_plinko_0049,0,True,1,assets/targets/hh_hl_unlink_plinko_0202/maybecol_baseblue.jpg,maybecol_translate,assets/targets/hh_hl_unlink_plinko_0202/maybecol_translate1red.jpg,6,13844,hh_hl_unlink_plinko_0202,0,False,0,assets/targets/lh_hl_unlink_plinko_0111/col_late_basered.jpg,col_late_translate,assets/targets/lh_hl_unlink_plinko_0111/col_late_translate1blue.jpg,17,12828,lh_hl_unlink_plinko_0111,0,True,1,assets/targets/lh_ll_unlink_plinko_0155/col_early_baseblue.jpg,col_early_translate,assets/targets/lh_ll_unlink_plinko_0155/col_early_translatered.jpg,91,13596,lh_ll_unlink_plinko_0155,1,True,1,assets/targets/hh_hl_unlink_plinko_0252/nocol_baseblue.jpg,nocol_translate,assets/targets/hh_hl_unlink_plinko_0252/nocol_translate1red.jpg,52,13905,hh_hl_unlink_plinko_0252,1,True,1,assets/targets/lh_ll_unlink_plinko_0091/col_late_baseblue.jpg,col_late_translate,assets/targets/lh_ll_unlink_plinko_0091/col_late_translatered.jpg,97,7370,lh_ll_unlink_plinko_0091,1,True,1,assets/targets/lh_ll_unlink_plinko_0217/col_late_baseblue.jpg,col_late_translate,assets/targets/lh_ll_unlink_plinko_0217/col_late_translatered.jpg,88,8945,lh_ll_unlink_plinko_0217,1,True,0,assets/targets/hh_hl_unlink_plinko_0269/nocol_basered.jpg,nocol_translate,assets/targets/hh_hl_unlink_plinko_0269/nocol_translate1blue.jpg,40,19649,hh_hl_unlink_plinko_0269,0,True,1,assets/targets/lh_hl_unlink_plinko_0036/nocol_baseblue.jpg,nocol_translate,assets/targets/lh_hl_unlink_plinko_0036/nocol_translatered.jpg,12,12436,lh_hl_unlink_plinko_0036,0,False,1,assets/targets/hh_hl_unlink_plinko_0315/maybecol_baseblue.jpg,maybecol_translate,assets/targets/hh_hl_unlink_plinko_0315/maybecol_translate1red.jpg,77,15457,hh_hl_unlink_plinko_0315,1,True,1,assets/targets/hh_hl_unlink_plinko_0240/maybecol_baseblue.jpg,maybecol_translate,assets/targets/hh_hl_unlink_plinko_0240/maybecol_translatered.jpg,78,9375,hh_hl_unlink_plinko_0240,1,True,5fd15934025b991384ef1116
67,0,assets/targets/hh_hl_unlink_plinko_0315/maybecol_basered.jpg,maybecol_translate,assets/targets/hh_hl_unlink_plinko_0315/maybecol_translate1blue.jpg,28,12710,hh_hl_unlink_plinko_0315,0,True,1,assets/targets/lh_hl_unlink_plinko_0049/col_late_baseblue.jpg,col_late_translate,assets/targets/lh_hl_unlink_plinko_0049/col_late_translate1red.jpg,94,9346,lh_hl_unlink_plinko_0049,1,True,0,assets/targets/lh_hl_unlink_plinko_0036/col_early_basered.jpg,col_early_translate,assets/targets/lh_hl_unlink_plinko_0036/col_early_translateblue.jpg,0,8236,lh_hl_unlink_plinko_0036,0,True,1,assets/targets/hh_hl_unlink_plinko_0393/maybecol_baseblue.jpg,maybecol_translate,assets/targets/hh_hl_unlink_plinko_0393/maybecol_translatered.jpg,23,87852,hh_hl_unlink_plinko_0393,0,False,0,assets/targets/lh_ll_unlink_plinko_0091/col_early_basered.jpg,col_early_translate,assets/targets/lh_ll_unlink_plinko_0091/col_early_translateblue.jpg,65,7415,lh_ll_unlink_plinko_0091,1,False,0,assets/targets/lh_hl_unlink_plinko_0111/col_late_basered.jpg,col_late_translate,assets/targets/lh_hl_unlink_plinko_0111/col_late_translateblue.jpg,0,5905,lh_hl_unlink_plinko_0111,0,True,0,assets/targets/hh_hl_unlink_plinko_0246/nocol_basered.jpg,nocol_translate,assets/targets/hh_hl_unlink_plinko_0246/nocol_translateblue.jpg,50,6236,hh_hl_unlink_plinko_0246,-1,False,1,assets/targets/lh_ll_unlink_plinko_0217/nocol_baseblue.jpg,nocol_translate,assets/targets/lh_ll_unlink_plinko_0217/nocol_translate1red.jpg,15,7500,lh_ll_unlink_plinko_0217,0,False,0,assets/targets/hh_hl_unlink_plinko_0252/maybecol_basered.jpg,maybecol_translate,assets/targets/hh_hl_unlink_plinko_0252/maybecol_translate1blue.jpg,100,8889,hh_hl_unlink_plinko_0252,1,False,0,assets/targets/hh_hl_unlink_plinko_0105/nocol_basered.jpg,nocol_translate,assets/targets/hh_hl_unlink_plinko_0105/nocol_translateblue.jpg,50,3508,hh_hl_unlink_plinko_0105,-1,False,0,assets/targets/lh_ll_unlink_plinko_0060/col_late_basered.jpg,col_late_translate,assets/targets/lh_ll_unlink_plinko_0060/col_late_translate1blue.jpg,69,9130,lh_ll_unlink_plinko_0060,1,False,0,assets/targets/hh_hl_unlink_plinko_0269/col_early_basered.jpg,col_early_translate,assets/targets/hh_hl_unlink_plinko_0269/col_early_translate1blue.jpg,36,4572,hh_hl_unlink_plinko_0269,0,True,0,assets/targets/lh_ll_unlink_plinko_0155/nocol_basered.jpg,nocol_translate,assets/targets/lh_ll_unlink_plinko_0155/nocol_translateblue.jpg,50,4953,lh_ll_unlink_plinko_0155,-1,False,1,assets/targets/hh_hl_unlink_plinko_0202/maybecol_baseblue.jpg,maybecol_translate,assets/targets/hh_hl_unlink_plinko_0202/maybecol_translate1red.jpg,50,4709,hh_hl_unlink_plinko_0202,-1,False,1,assets/targets/hh_hl_unlink_plinko_0240/col_early_baseblue.jpg,col_early_translate,assets/targets/hh_hl_unlink_plinko_0240/col_early_translate1red.jpg,36,6327,hh_hl_unlink_plinko_0240,0,False,1,assets/targets/lh_hl_unlink_plinko_0110/col_late_baseblue.jpg,col_late_translate,assets/targets/lh_hl_unlink_plinko_0110/col_late_translate1red.jpg,100,8697,lh_hl_unlink_plinko_0110,1,True,5ed2958cf3d85d0880db5011
68,1,assets/targets/hh_hl_unlink_plinko_0240/maybecol_baseblue.jpg,maybecol_translate,assets/targets/hh_hl_unlink_plinko_0240/maybecol_translatered.jpg,31,30637,hh_hl_unlink_plinko_0240,0,False,0,assets/targets/lh_hl_unlink_plinko_0049/col_late_basered.jpg,col_late_translate,assets/targets/lh_hl_unlink_plinko_0049/col_late_translate1blue.jpg,31,13368,lh_hl_unlink_plinko_0049,0,True,0,assets/targets/hh_hl_unlink_plinko_0202/col_early_basered.jpg,col_early_translate,assets/targets/hh_hl_unlink_plinko_0202/col_early_translate1blue.jpg,19,12457,hh_hl_unlink_plinko_0202,0,True,0,assets/targets/lh_hl_unlink_plinko_0111/nocol_basered.jpg,nocol_translate,assets/targets/lh_hl_unlink_plinko_0111/nocol_translate1blue.jpg,44,14238,lh_hl_unlink_plinko_0111,0,True,0,assets/targets/hh_hl_unlink_plinko_0315/maybecol_basered.jpg,maybecol_translate,assets/targets/hh_hl_unlink_plinko_0315/maybecol_translateblue.jpg,31,12131,hh_hl_unlink_plinko_0315,0,True,1,assets/targets/lh_ll_unlink_plinko_0217/nocol_baseblue.jpg,nocol_translate,assets/targets/lh_ll_unlink_plinko_0217/nocol_translate1red.jpg,60,6876,lh_ll_unlink_plinko_0217,1,True,0,assets/targets/lh_ll_unlink_plinko_0155/col_late_basered.jpg,col_late_translate,assets/targets/lh_ll_unlink_plinko_0155/col_late_translate1blue.jpg,37,11984,lh_ll_unlink_plinko_0155,0,True,1,assets/targets/hh_hl_unlink_plinko_0246/nocol_baseblue.jpg,nocol_translate,assets/targets/hh_hl_unlink_plinko_0246/nocol_translatered.jpg,37,8836,hh_hl_unlink_plinko_0246,0,False,0,assets/targets/lh_ll_unlink_plinko_0060/col_late_basered.jpg,col_late_translate,assets/targets/lh_ll_unlink_plinko_0060/col_late_translateblue.jpg,34,11977,lh_ll_unlink_plinko_0060,0,True,0,assets/targets/hh_hl_unlink_plinko_0393/nocol_basered.jpg,nocol_translate,assets/targets/hh_hl_unlink_plinko_0393/nocol_translateblue.jpg,61,8828,hh_hl_unlink_plinko_0393,1,False,1,assets/targets/lh_ll_unlink_plinko_0091/col_early_baseblue.jpg,col_early_translate,assets/targets/lh_ll_unlink_plinko_0091/col_early_translatered.jpg,29,12289,lh_ll_unlink_plinko_0091,0,False,1,assets/targets/hh_hl_unlink_plinko_0252/col_early_baseblue.jpg,col_early_translate,assets/targets/hh_hl_unlink_plinko_0252/col_early_translate1red.jpg,65,8532,hh_hl_unlink_plinko_0252,1,True,0,assets/targets/lh_hl_unlink_plinko_0036/col_late_basered.jpg,col_late_translate,assets/targets/lh_hl_unlink_plinko_0036/col_late_translateblue.jpg,36,15008,lh_hl_unlink_plinko_0036,0,True,1,assets/targets/hh_hl_unlink_plinko_0105/maybecol_baseblue.jpg,maybecol_translate,assets/targets/hh_hl_unlink_plinko_0105/maybecol_translate1red.jpg,65,9378,hh_hl_unlink_plinko_0105,1,True,0,assets/targets/hh_hl_unlink_plinko_0269/maybecol_basered.jpg,maybecol_translate,assets/targets/hh_hl_unlink_plinko_0269/maybecol_translateblue.jpg,62,11000,hh_hl_unlink_plinko_0269,1,False,0,assets/targets/lh_hl_unlink_plinko_0110/col_early_basered.jpg,col_early_translate,assets/targets/lh_hl_unlink_plinko_0110/col_early_translate1blue.jpg,22,7223,lh_hl_unlink_plinko_0110,0,True,5f09f9a38bf3690ea1c20c96
69,1,assets/targets/lh_hl_unlink_plinko_0036/col_early_baseblue.jpg,col_early_translate,assets/targets/lh_hl_unlink_plinko_0036/col_early_translate1red.jpg,100,19665,lh_hl_unlink_plinko_0036,1,True,1,assets/targets/lh_hl_unlink_plinko_0110/col_late_baseblue.jpg,col_late_translate,assets/targets/lh_hl_unlink_plinko_0110/col_late_translate1red.jpg,100,10740,lh_hl_unlink_plinko_0110,1,True,1,assets/targets/hh_hl_unlink_plinko_0105/maybecol_baseblue.jpg,maybecol_translate,assets/targets/hh_hl_unlink_plinko_0105/maybecol_translate1red.jpg,70,7944,hh_hl_unlink_plinko_0105,1,True,1,assets/targets/lh_ll_unlink_plinko_0091/col_late_baseblue.jpg,col_late_translate,assets/targets/lh_ll_unlink_plinko_0091/col_late_translate1red.jpg,100,7380,lh_ll_unlink_plinko_0091,1,True,0,assets/targets/hh_hl_unlink_plinko_0269/maybecol_basered.jpg,maybecol_translate,assets/targets/hh_hl_unlink_plinko_0269/maybecol_translate1blue.jpg,50,10067,hh_hl_unlink_plinko_0269,-1,False,0,assets/targets/hh_hl_unlink_plinko_0202/col_early_basered.jpg,col_early_translate,assets/targets/hh_hl_unlink_plinko_0202/col_early_translate1blue.jpg,0,10458,hh_hl_unlink_plinko_0202,0,True,1,assets/targets/lh_hl_unlink_plinko_0111/nocol_baseblue.jpg,nocol_translate,assets/targets/lh_hl_unlink_plinko_0111/nocol_translate1red.jpg,50,3893,lh_hl_unlink_plinko_0111,-1,False,1,assets/targets/hh_hl_unlink_plinko_0252/maybecol_baseblue.jpg,maybecol_translate,assets/targets/hh_hl_unlink_plinko_0252/maybecol_translate1red.jpg,50,5473,hh_hl_unlink_plinko_0252,-1,False,1,assets/targets/lh_hl_unlink_plinko_0049/col_late_baseblue.jpg,col_late_translate,assets/targets/lh_hl_unlink_plinko_0049/col_late_translatered.jpg,100,7385,lh_hl_unlink_plinko_0049,1,True,1,assets/targets/lh_ll_unlink_plinko_0155/nocol_baseblue.jpg,nocol_translate,assets/targets/lh_ll_unlink_plinko_0155/nocol_translatered.jpg,50,2732,lh_ll_unlink_plinko_0155,-1,False,1,assets/targets/hh_hl_unlink_plinko_0240/nocol_baseblue.jpg,nocol_translate,assets/targets/hh_hl_unlink_plinko_0240/nocol_translate1red.jpg,50,4609,hh_hl_unlink_plinko_0240,-1,False,0,assets/targets/lh_ll_unlink_plinko_0217/col_early_basered.jpg,col_early_translate,assets/targets/lh_ll_unlink_plinko_0217/col_early_translate1blue.jpg,0,8455,lh_ll_unlink_plinko_0217,0,True,1,assets/targets/hh_hl_unlink_plinko_0393/col_early_baseblue.jpg,col_early_translate,assets/targets/hh_hl_unlink_plinko_0393/col_early_translate1red.jpg,73,6526,hh_hl_unlink_plinko_0393,1,True,0,assets/targets/hh_hl_unlink_plinko_0315/maybecol_basered.jpg,maybecol_translate,assets/targets/hh_hl_unlink_plinko_0315/maybecol_translate1blue.jpg,50,3365,hh_hl_unlink_plinko_0315,-1,False,1,assets/targets/hh_hl_unlink_plinko_0246/nocol_baseblue.jpg,nocol_translate,assets/targets/hh_hl_unlink_plinko_0246/nocol_translate1red.jpg,50,5445,hh_hl_unlink_plinko_0246,-1,False,1,assets/targets/lh_ll_unlink_plinko_0060/col_late_baseblue.jpg,col_late_translate,assets/targets/lh_ll_unlink_plinko_0060/col_late_translate1red.jpg,64,8054,lh_ll_unlink_plinko_0060,1,True,60edb2213042be8b4c1363c2
70,0,assets/targets/hh_hl_unlink_plinko_0315/nocol_basered.jpg,nocol_translate,assets/targets/hh_hl_unlink_plinko_0315/nocol_translate1blue.jpg,49,24663,hh_hl_unlink_plinko_0315,0,True,0,assets/targets/hh_hl_unlink_plinko_0202/maybecol_basered.jpg,maybecol_translate,assets/targets/hh_hl_unlink_plinko_0202/maybecol_translate1blue.jpg,50,8720,hh_hl_unlink_plinko_0202,-1,False,0,assets/targets/hh_hl_unlink_plinko_0246/col_early_basered.jpg,col_early_translate,assets/targets/hh_hl_unlink_plinko_0246/col_early_translate1blue.jpg,25,12321,hh_hl_unlink_plinko_0246,0,True,1,assets/targets/lh_hl_unlink_plinko_0036/col_early_baseblue.jpg,col_early_translate,assets/targets/lh_hl_unlink_plinko_0036/col_early_translatered.jpg,34,7807,lh_hl_unlink_plinko_0036,0,False,1,assets/targets/lh_hl_unlink_plinko_0111/col_late_baseblue.jpg,col_late_translate,assets/targets/lh_hl_unlink_plinko_0111/col_late_translate1red.jpg,47,5371,lh_hl_unlink_plinko_0111,0,False,1,assets/targets/hh_hl_unlink_plinko_0393/maybecol_baseblue.jpg,maybecol_translate,assets/targets/hh_hl_unlink_plinko_0393/maybecol_translate1red.jpg,58,10403,hh_hl_unlink_plinko_0393,1,True,1,assets/targets/hh_hl_unlink_plinko_0240/nocol_baseblue.jpg,nocol_translate,assets/targets/hh_hl_unlink_plinko_0240/nocol_translatered.jpg,50,3817,hh_hl_unlink_plinko_0240,-1,False,0,assets/targets/hh_hl_unlink_plinko_0252/maybecol_basered.jpg,maybecol_translate,assets/targets/hh_hl_unlink_plinko_0252/maybecol_translateblue.jpg,57,3480,hh_hl_unlink_plinko_0252,1,False,0,assets/targets/lh_ll_unlink_plinko_0217/nocol_basered.jpg,nocol_translate,assets/targets/lh_ll_unlink_plinko_0217/nocol_translate1blue.jpg,50,3049,lh_ll_unlink_plinko_0217,-1,False,0,assets/targets/lh_hl_unlink_plinko_0110/col_late_basered.jpg,col_late_translate,assets/targets/lh_hl_unlink_plinko_0110/col_late_translateblue.jpg,53,4970,lh_hl_unlink_plinko_0110,1,False,1,assets/targets/hh_hl_unlink_plinko_0269/col_early_baseblue.jpg,col_early_translate,assets/targets/hh_hl_unlink_plinko_0269/col_early_translate1red.jpg,54,3622,hh_hl_unlink_plinko_0269,1,True,0,assets/targets/lh_ll_unlink_plinko_0091/col_late_basered.jpg,col_late_translate,assets/targets/lh_ll_unlink_plinko_0091/col_late_translateblue.jpg,45,6498,lh_ll_unlink_plinko_0091,0,True,0,assets/targets/lh_ll_unlink_plinko_0060/col_early_basered.jpg,col_early_translate,assets/targets/lh_ll_unlink_plinko_0060/col_early_translate1blue.jpg,43,2345,lh_ll_unlink_plinko_0060,0,True,0,assets/targets/lh_hl_unlink_plinko_0049/nocol_basered.jpg,nocol_translate,assets/targets/lh_hl_unlink_plinko_0049/nocol_translateblue.jpg,44,2388,lh_hl_unlink_plinko_0049,0,True,0,assets/targets/hh_hl_unlink_plinko_0105/maybecol_basered.jpg,maybecol_translate,assets/targets/hh_hl_unlink_plinko_0105/maybecol_translateblue.jpg,57,3503,hh_hl_unlink_plinko_0105,1,False,0,assets/targets/lh_ll_unlink_plinko_0155/col_late_basered.jpg,col_late_translate,assets/targets/lh_ll_unlink_plinko_0155/col_late_translateblue.jpg,57,4168,lh_ll_unlink_plinko_0155,1,False,5f0151a9e5751c2a5313c45e
71,1,assets/targets/hh_hl_unlink_plinko_0246/maybecol_baseblue.jpg,maybecol_translate,assets/targets/hh_hl_unlink_plinko_0246/maybecol_translate1red.jpg,50,27381,hh_hl_unlink_plinko_0246,-1,False,0,assets/targets/hh_hl_unlink_plinko_0315/nocol_basered.jpg,nocol_translate,assets/targets/hh_hl_unlink_plinko_0315/nocol_translate1blue.jpg,32,14194,hh_hl_unlink_plinko_0315,0,True,0,assets/targets/hh_hl_unlink_plinko_0252/col_early_basered.jpg,col_early_translate,assets/targets/hh_hl_unlink_plinko_0252/col_early_translate1blue.jpg,86,6205,hh_hl_unlink_plinko_0252,1,False,1,assets/targets/lh_hl_unlink_plinko_0036/col_late_baseblue.jpg,col_late_translate,assets/targets/lh_hl_unlink_plinko_0036/col_late_translate1red.jpg,100,12269,lh_hl_unlink_plinko_0036,1,True,1,assets/targets/lh_ll_unlink_plinko_0217/nocol_baseblue.jpg,nocol_translate,assets/targets/lh_ll_unlink_plinko_0217/nocol_translate1red.jpg,73,5517,lh_ll_unlink_plinko_0217,1,True,1,assets/targets/lh_hl_unlink_plinko_0110/col_late_baseblue.jpg,col_late_translate,assets/targets/lh_hl_unlink_plinko_0110/col_late_translatered.jpg,68,35840,lh_hl_unlink_plinko_0110,1,True,1,assets/targets/lh_ll_unlink_plinko_0155/col_late_baseblue.jpg,col_late_translate,assets/targets/lh_ll_unlink_plinko_0155/col_late_translatered.jpg,65,6942,lh_ll_unlink_plinko_0155,1,True,0,assets/targets/hh_hl_unlink_plinko_0393/maybecol_basered.jpg,maybecol_translate,assets/targets/hh_hl_unlink_plinko_0393/maybecol_translate1blue.jpg,70,7570,hh_hl_unlink_plinko_0393,1,False,1,assets/targets/hh_hl_unlink_plinko_0202/col_early_baseblue.jpg,col_early_translate,assets/targets/hh_hl_unlink_plinko_0202/col_early_translatered.jpg,73,29309,hh_hl_unlink_plinko_0202,1,True,0,assets/targets/hh_hl_unlink_plinko_0240/maybecol_basered.jpg,maybecol_translate,assets/targets/hh_hl_unlink_plinko_0240/maybecol_translateblue.jpg,28,6332,hh_hl_unlink_plinko_0240,0,True,1,assets/targets/lh_hl_unlink_plinko_0111/col_early_baseblue.jpg,col_early_translate,assets/targets/lh_hl_unlink_plinko_0111/col_early_translate1red.jpg,70,7158,lh_hl_unlink_plinko_0111,1,True,1,assets/targets/lh_hl_unlink_plinko_0049/nocol_baseblue.jpg,nocol_translate,assets/targets/lh_hl_unlink_plinko_0049/nocol_translate1red.jpg,85,5722,lh_hl_unlink_plinko_0049,1,True,0,assets/targets/hh_hl_unlink_plinko_0269/nocol_basered.jpg,nocol_translate,assets/targets/hh_hl_unlink_plinko_0269/nocol_translateblue.jpg,77,5728,hh_hl_unlink_plinko_0269,1,False,1,assets/targets/lh_ll_unlink_plinko_0091/col_late_baseblue.jpg,col_late_translate,assets/targets/lh_ll_unlink_plinko_0091/col_late_translate1red.jpg,31,5135,lh_ll_unlink_plinko_0091,0,False,0,assets/targets/hh_hl_unlink_plinko_0105/maybecol_basered.jpg,maybecol_translate,assets/targets/hh_hl_unlink_plinko_0105/maybecol_translateblue.jpg,74,7526,hh_hl_unlink_plinko_0105,1,False,0,assets/targets/lh_ll_unlink_plinko_0060/col_early_basered.jpg,col_early_translate,assets/targets/lh_ll_unlink_plinko_0060/col_early_translateblue.jpg,5,7716,lh_ll_unlink_plinko_0060,0,True,60124cb4154c54274faac7c0
72,1,assets/targets/hh_hl_unlink_plinko_0246/maybecol_baseblue.jpg,maybecol_translate,assets/targets/hh_hl_unlink_plinko_0246/maybecol_translate1red.jpg,92,13732,hh_hl_unlink_plinko_0246,1,True,1,assets/targets/lh_hl_unlink_plinko_0036/nocol_baseblue.jpg,nocol_translate,assets/targets/lh_hl_unlink_plinko_0036/nocol_translate1red.jpg,35,7026,lh_hl_unlink_plinko_0036,0,False,1,assets/targets/lh_hl_unlink_plinko_0111/col_early_baseblue.jpg,col_early_translate,assets/targets/lh_hl_unlink_plinko_0111/col_early_translatered.jpg,100,5548,lh_hl_unlink_plinko_0111,1,True,1,assets/targets/hh_hl_unlink_plinko_0269/nocol_baseblue.jpg,nocol_translate,assets/targets/hh_hl_unlink_plinko_0269/nocol_translatered.jpg,74,5118,hh_hl_unlink_plinko_0269,1,True,0,assets/targets/hh_hl_unlink_plinko_0393/maybecol_basered.jpg,maybecol_translate,assets/targets/hh_hl_unlink_plinko_0393/maybecol_translate1blue.jpg,36,5644,hh_hl_unlink_plinko_0393,0,True,0,assets/targets/lh_ll_unlink_plinko_0060/col_late_basered.jpg,col_late_translate,assets/targets/lh_ll_unlink_plinko_0060/col_late_translateblue.jpg,88,17891,lh_ll_unlink_plinko_0060,1,False,0,assets/targets/hh_hl_unlink_plinko_0252/col_early_basered.jpg,col_early_translate,assets/targets/hh_hl_unlink_plinko_0252/col_early_translateblue.jpg,0,5275,hh_hl_unlink_plinko_0252,0,True,0,assets/targets/lh_ll_unlink_plinko_0155/nocol_basered.jpg,nocol_translate,assets/targets/lh_ll_unlink_plinko_0155/nocol_translate1blue.jpg,50,3083,lh_ll_unlink_plinko_0155,-1,False,1,assets/targets/lh_hl_unlink_plinko_0110/col_late_baseblue.jpg,col_late_translate,assets/targets/lh_hl_unlink_plinko_0110/col_late_translatered.jpg,22,3646,lh_hl_unlink_plinko_0110,0,False,1,assets/targets/hh_hl_unlink_plinko_0105/col_early_baseblue.jpg,col_early_translate,assets/targets/hh_hl_unlink_plinko_0105/col_early_translatered.jpg,100,5749,hh_hl_unlink_plinko_0105,1,True,1,assets/targets/hh_hl_unlink_plinko_0202/maybecol_baseblue.jpg,maybecol_translate,assets/targets/hh_hl_unlink_plinko_0202/maybecol_translate1red.jpg,44,5139,hh_hl_unlink_plinko_0202,0,False,0,assets/targets/lh_ll_unlink_plinko_0091/col_early_basered.jpg,col_early_translate,assets/targets/lh_ll_unlink_plinko_0091/col_early_translateblue.jpg,14,7992,lh_ll_unlink_plinko_0091,0,True,0,assets/targets/lh_ll_unlink_plinko_0217/col_late_basered.jpg,col_late_translate,assets/targets/lh_ll_unlink_plinko_0217/col_late_translateblue.jpg,24,3388,lh_ll_unlink_plinko_0217,0,True,0,assets/targets/lh_hl_unlink_plinko_0049/col_late_basered.jpg,col_late_translate,assets/targets/lh_hl_unlink_plinko_0049/col_late_translateblue.jpg,0,7767,lh_hl_unlink_plinko_0049,0,True,1,assets/targets/hh_hl_unlink_plinko_0315/maybecol_baseblue.jpg,maybecol_translate,assets/targets/hh_hl_unlink_plinko_0315/maybecol_translatered.jpg,35,3079,hh_hl_unlink_plinko_0315,0,False,1,assets/targets/hh_hl_unlink_plinko_0240/nocol_baseblue.jpg,nocol_translate,assets/targets/hh_hl_unlink_plinko_0240/nocol_translatered.jpg,40,2978,hh_hl_unlink_plinko_0240,0,False,5ef4d71e2e4e740edef0340a
73,0,assets/targets/hh_hl_unlink_plinko_0240/nocol_basered.jpg,nocol_translate,assets/targets/hh_hl_unlink_plinko_0240/nocol_translate1blue.jpg,68,20110,hh_hl_unlink_plinko_0240,1,False,1,assets/targets/lh_hl_unlink_plinko_0049/col_early_baseblue.jpg,col_early_translate,assets/targets/lh_hl_unlink_plinko_0049/col_early_translatered.jpg,100,15827,lh_hl_unlink_plinko_0049,1,True,1,assets/targets/lh_ll_unlink_plinko_0060/col_late_baseblue.jpg,col_late_translate,assets/targets/lh_ll_unlink_plinko_0060/col_late_translate1red.jpg,42,8162,lh_ll_unlink_plinko_0060,0,False,1,assets/targets/hh_hl_unlink_plinko_0269/maybecol_baseblue.jpg,maybecol_translate,assets/targets/hh_hl_unlink_plinko_0269/maybecol_translatered.jpg,100,6940,hh_hl_unlink_plinko_0269,1,True,1,assets/targets/hh_hl_unlink_plinko_0252/maybecol_baseblue.jpg,maybecol_translate,assets/targets/hh_hl_unlink_plinko_0252/maybecol_translatered.jpg,100,8726,hh_hl_unlink_plinko_0252,1,True,0,assets/targets/lh_ll_unlink_plinko_0217/col_early_basered.jpg,col_early_translate,assets/targets/lh_ll_unlink_plinko_0217/col_early_translateblue.jpg,11,7401,lh_ll_unlink_plinko_0217,0,True,1,assets/targets/lh_ll_unlink_plinko_0155/col_late_baseblue.jpg,col_late_translate,assets/targets/lh_ll_unlink_plinko_0155/col_late_translatered.jpg,74,45125,lh_ll_unlink_plinko_0155,1,True,0,assets/targets/lh_hl_unlink_plinko_0036/col_late_basered.jpg,col_late_translate,assets/targets/lh_hl_unlink_plinko_0036/col_late_translateblue.jpg,35,6436,lh_hl_unlink_plinko_0036,0,True,1,assets/targets/lh_ll_unlink_plinko_0091/nocol_baseblue.jpg,nocol_translate,assets/targets/lh_ll_unlink_plinko_0091/nocol_translate1red.jpg,78,9724,lh_ll_unlink_plinko_0091,1,True,0,assets/targets/lh_hl_unlink_plinko_0111/col_late_basered.jpg,col_late_translate,assets/targets/lh_hl_unlink_plinko_0111/col_late_translate1blue.jpg,27,10427,lh_hl_unlink_plinko_0111,0,True,0,assets/targets/hh_hl_unlink_plinko_0393/col_early_basered.jpg,col_early_translate,assets/targets/hh_hl_unlink_plinko_0393/col_early_translateblue.jpg,27,9531,hh_hl_unlink_plinko_0393,0,True,1,assets/targets/lh_hl_unlink_plinko_0110/nocol_baseblue.jpg,nocol_translate,assets/targets/lh_hl_unlink_plinko_0110/nocol_translate1red.jpg,100,7709,lh_hl_unlink_plinko_0110,1,True,0,assets/targets/hh_hl_unlink_plinko_0246/maybecol_basered.jpg,maybecol_translate,assets/targets/hh_hl_unlink_plinko_0246/maybecol_translate1blue.jpg,22,6677,hh_hl_unlink_plinko_0246,0,True,1,assets/targets/hh_hl_unlink_plinko_0202/maybecol_baseblue.jpg,maybecol_translate,assets/targets/hh_hl_unlink_plinko_0202/maybecol_translatered.jpg,88,8408,hh_hl_unlink_plinko_0202,1,True,0,assets/targets/hh_hl_unlink_plinko_0315/col_early_basered.jpg,col_early_translate,assets/targets/hh_hl_unlink_plinko_0315/col_early_translateblue.jpg,56,44556,hh_hl_unlink_plinko_0315,1,False,1,assets/targets/hh_hl_unlink_plinko_0105/nocol_baseblue.jpg,nocol_translate,assets/targets/hh_hl_unlink_plinko_0105/nocol_translatered.jpg,7,9507,hh_hl_unlink_plinko_0105,0,False,63ced5ba289fa7af427c3740
74,1,assets/targets/lh_ll_unlink_plinko_0155/nocol_baseblue.jpg,nocol_translate,assets/targets/lh_ll_unlink_plinko_0155/nocol_translate1red.jpg,40,20771,lh_ll_unlink_plinko_0155,0,False,1,assets/targets/hh_hl_unlink_plinko_0105/nocol_baseblue.jpg,nocol_translate,assets/targets/hh_hl_unlink_plinko_0105/nocol_translate1red.jpg,58,12426,hh_hl_unlink_plinko_0105,1,True,1,assets/targets/lh_hl_unlink_plinko_0049/col_early_baseblue.jpg,col_early_translate,assets/targets/lh_hl_unlink_plinko_0049/col_early_translate1red.jpg,100,6099,lh_hl_unlink_plinko_0049,1,True,0,assets/targets/hh_hl_unlink_plinko_0202/maybecol_basered.jpg,maybecol_translate,assets/targets/hh_hl_unlink_plinko_0202/maybecol_translate1blue.jpg,100,6302,hh_hl_unlink_plinko_0202,1,False,1,assets/targets/hh_hl_unlink_plinko_0240/col_early_baseblue.jpg,col_early_translate,assets/targets/hh_hl_unlink_plinko_0240/col_early_translatered.jpg,100,3928,hh_hl_unlink_plinko_0240,1,True,1,assets/targets/hh_hl_unlink_plinko_0252/maybecol_baseblue.jpg,maybecol_translate,assets/targets/hh_hl_unlink_plinko_0252/maybecol_translatered.jpg,55,4838,hh_hl_unlink_plinko_0252,1,True,0,assets/targets/lh_hl_unlink_plinko_0110/col_late_basered.jpg,col_late_translate,assets/targets/lh_hl_unlink_plinko_0110/col_late_translate1blue.jpg,23,4072,lh_hl_unlink_plinko_0110,0,True,0,assets/targets/hh_hl_unlink_plinko_0393/nocol_basered.jpg,nocol_translate,assets/targets/hh_hl_unlink_plinko_0393/nocol_translate1blue.jpg,50,3359,hh_hl_unlink_plinko_0393,-1,False,0,assets/targets/lh_ll_unlink_plinko_0091/col_early_basered.jpg,col_early_translate,assets/targets/lh_ll_unlink_plinko_0091/col_early_translateblue.jpg,0,3750,lh_ll_unlink_plinko_0091,0,True,0,assets/targets/lh_hl_unlink_plinko_0111/col_late_basered.jpg,col_late_translate,assets/targets/lh_hl_unlink_plinko_0111/col_late_translateblue.jpg,3,6616,lh_hl_unlink_plinko_0111,0,True,1,assets/targets/hh_hl_unlink_plinko_0246/maybecol_baseblue.jpg,maybecol_translate,assets/targets/hh_hl_unlink_plinko_0246/maybecol_translatered.jpg,24,4822,hh_hl_unlink_plinko_0246,0,False,1,assets/targets/lh_ll_unlink_plinko_0060/col_late_baseblue.jpg,col_late_translate,assets/targets/lh_ll_unlink_plinko_0060/col_late_translate1red.jpg,85,3490,lh_ll_unlink_plinko_0060,1,True,1,assets/targets/lh_hl_unlink_plinko_0036/nocol_baseblue.jpg,nocol_translate,assets/targets/lh_hl_unlink_plinko_0036/nocol_translatered.jpg,33,3140,lh_hl_unlink_plinko_0036,0,False,1,assets/targets/hh_hl_unlink_plinko_0315/col_early_baseblue.jpg,col_early_translate,assets/targets/hh_hl_unlink_plinko_0315/col_early_translatered.jpg,100,3963,hh_hl_unlink_plinko_0315,1,True,1,assets/targets/lh_ll_unlink_plinko_0217/col_late_baseblue.jpg,col_late_translate,assets/targets/lh_ll_unlink_plinko_0217/col_late_translate1red.jpg,100,3128,lh_ll_unlink_plinko_0217,1,True,1,assets/targets/hh_hl_unlink_plinko_0269/maybecol_baseblue.jpg,maybecol_translate,assets/targets/hh_hl_unlink_plinko_0269/maybecol_translatered.jpg,100,2939,hh_hl_unlink_plinko_0269,1,True,6333813956b0fd924b64a4d0
75,0,assets/targets/hh_hl_unlink_plinko_0269/nocol_basered.jpg,nocol_translate,assets/targets/hh_hl_unlink_plinko_0269/nocol_translateblue.jpg,46,24615,hh_hl_unlink_plinko_0269,0,True,0,assets/targets/lh_ll_unlink_plinko_0155/nocol_basered.jpg,nocol_translate,assets/targets/lh_ll_unlink_plinko_0155/nocol_translateblue.jpg,56,6483,lh_ll_unlink_plinko_0155,1,False,1,assets/targets/hh_hl_unlink_plinko_0246/maybecol_baseblue.jpg,maybecol_translate,assets/targets/hh_hl_unlink_plinko_0246/maybecol_translatered.jpg,57,6409,hh_hl_unlink_plinko_0246,1,True,1,assets/targets/lh_hl_unlink_plinko_0110/nocol_baseblue.jpg,nocol_translate,assets/targets/lh_hl_unlink_plinko_0110/nocol_translate1red.jpg,46,32310,lh_hl_unlink_plinko_0110,0,False,0,assets/targets/hh_hl_unlink_plinko_0105/maybecol_basered.jpg,maybecol_translate,assets/targets/hh_hl_unlink_plinko_0105/maybecol_translateblue.jpg,56,4577,hh_hl_unlink_plinko_0105,1,False,1,assets/targets/lh_ll_unlink_plinko_0060/col_late_baseblue.jpg,col_late_translate,assets/targets/lh_ll_unlink_plinko_0060/col_late_translatered.jpg,66,4971,lh_ll_unlink_plinko_0060,1,True,1,assets/targets/lh_hl_unlink_plinko_0049/col_early_baseblue.jpg,col_early_translate,assets/targets/lh_hl_unlink_plinko_0049/col_early_translate1red.jpg,32,9470,lh_hl_unlink_plinko_0049,0,False,0,assets/targets/hh_hl_unlink_plinko_0393/nocol_basered.jpg,nocol_translate,assets/targets/hh_hl_unlink_plinko_0393/nocol_translateblue.jpg,67,5712,hh_hl_unlink_plinko_0393,1,False,1,assets/targets/lh_ll_unlink_plinko_0091/col_late_baseblue.jpg,col_late_translate,assets/targets/lh_ll_unlink_plinko_0091/col_late_translatered.jpg,64,5607,lh_ll_unlink_plinko_0091,1,True,0,assets/targets/hh_hl_unlink_plinko_0315/col_early_basered.jpg,col_early_translate,assets/targets/hh_hl_unlink_plinko_0315/col_early_translate1blue.jpg,13,7031,hh_hl_unlink_plinko_0315,0,True,0,assets/targets/lh_hl_unlink_plinko_0111/col_late_basered.jpg,col_late_translate,assets/targets/lh_hl_unlink_plinko_0111/col_late_translate1blue.jpg,69,5311,lh_hl_unlink_plinko_0111,1,False,0,assets/targets/lh_ll_unlink_plinko_0217/col_early_basered.jpg,col_early_translate,assets/targets/lh_ll_unlink_plinko_0217/col_early_translateblue.jpg,67,4330,lh_ll_unlink_plinko_0217,1,False,1,assets/targets/lh_hl_unlink_plinko_0036/col_late_baseblue.jpg,col_late_translate,assets/targets/lh_hl_unlink_plinko_0036/col_late_translate1red.jpg,70,4989,lh_hl_unlink_plinko_0036,1,True,1,assets/targets/hh_hl_unlink_plinko_0252/col_early_baseblue.jpg,col_early_translate,assets/targets/hh_hl_unlink_plinko_0252/col_early_translatered.jpg,81,6214,hh_hl_unlink_plinko_0252,1,True,0,assets/targets/hh_hl_unlink_plinko_0202/maybecol_basered.jpg,maybecol_translate,assets/targets/hh_hl_unlink_plinko_0202/maybecol_translateblue.jpg,69,9481,hh_hl_unlink_plinko_0202,1,False,0,assets/targets/hh_hl_unlink_plinko_0240/maybecol_basered.jpg,maybecol_translate,assets/targets/hh_hl_unlink_plinko_0240/maybecol_translateblue.jpg,38,4936,hh_hl_unlink_plinko_0240,0,True,60fdffb9744ca17b12d3a5f9
76,0,assets/targets/lh_hl_unlink_plinko_0110/col_late_basered.jpg,col_late_translate,assets/targets/lh_hl_unlink_plinko_0110/col_late_translateblue.jpg,45,32993,lh_hl_unlink_plinko_0110,0,True,0,assets/targets/hh_hl_unlink_plinko_0393/maybecol_basered.jpg,maybecol_translate,assets/targets/hh_hl_unlink_plinko_0393/maybecol_translate1blue.jpg,60,19441,hh_hl_unlink_plinko_0393,1,False,1,assets/targets/lh_ll_unlink_plinko_0091/col_early_baseblue.jpg,col_early_translate,assets/targets/lh_ll_unlink_plinko_0091/col_early_translate1red.jpg,23,16490,lh_ll_unlink_plinko_0091,0,False,0,assets/targets/hh_hl_unlink_plinko_0105/maybecol_basered.jpg,maybecol_translate,assets/targets/hh_hl_unlink_plinko_0105/maybecol_translate1blue.jpg,60,17094,hh_hl_unlink_plinko_0105,1,False,1,assets/targets/hh_hl_unlink_plinko_0202/maybecol_baseblue.jpg,maybecol_translate,assets/targets/hh_hl_unlink_plinko_0202/maybecol_translate1red.jpg,21,8996,hh_hl_unlink_plinko_0202,0,False,0,assets/targets/lh_ll_unlink_plinko_0217/col_late_basered.jpg,col_late_translate,assets/targets/lh_ll_unlink_plinko_0217/col_late_translateblue.jpg,53,12647,lh_ll_unlink_plinko_0217,1,False,0,assets/targets/hh_hl_unlink_plinko_0252/col_early_basered.jpg,col_early_translate,assets/targets/hh_hl_unlink_plinko_0252/col_early_translateblue.jpg,65,12481,hh_hl_unlink_plinko_0252,1,False,0,assets/targets/lh_hl_unlink_plinko_0049/col_late_basered.jpg,col_late_translate,assets/targets/lh_hl_unlink_plinko_0049/col_late_translate1blue.jpg,37,10275,lh_hl_unlink_plinko_0049,0,True,0,assets/targets/hh_hl_unlink_plinko_0315/maybecol_basered.jpg,maybecol_translate,assets/targets/hh_hl_unlink_plinko_0315/maybecol_translate1blue.jpg,56,11477,hh_hl_unlink_plinko_0315,1,False,1,assets/targets/hh_hl_unlink_plinko_0269/nocol_baseblue.jpg,nocol_translate,assets/targets/hh_hl_unlink_plinko_0269/nocol_translate1red.jpg,54,8847,hh_hl_unlink_plinko_0269,1,True,1,assets/targets/lh_ll_unlink_plinko_0060/col_early_baseblue.jpg,col_early_translate,assets/targets/lh_ll_unlink_plinko_0060/col_early_translatered.jpg,55,8423,lh_ll_unlink_plinko_0060,1,True,1,assets/targets/lh_hl_unlink_plinko_0036/col_late_baseblue.jpg,col_late_translate,assets/targets/lh_hl_unlink_plinko_0036/col_late_translatered.jpg,32,13435,lh_hl_unlink_plinko_0036,0,False,1,assets/targets/hh_hl_unlink_plinko_0240/col_early_baseblue.jpg,col_early_translate,assets/targets/hh_hl_unlink_plinko_0240/col_early_translate1red.jpg,32,10352,hh_hl_unlink_plinko_0240,0,False,1,assets/targets/lh_ll_unlink_plinko_0155/nocol_baseblue.jpg,nocol_translate,assets/targets/lh_ll_unlink_plinko_0155/nocol_translate1red.jpg,55,93305,lh_ll_unlink_plinko_0155,1,True,1,assets/targets/lh_hl_unlink_plinko_0111/nocol_baseblue.jpg,nocol_translate,assets/targets/lh_hl_unlink_plinko_0111/nocol_translatered.jpg,58,10336,lh_hl_unlink_plinko_0111,1,True,1,assets/targets/hh_hl_unlink_plinko_0246/nocol_baseblue.jpg,nocol_translate,assets/targets/hh_hl_unlink_plinko_0246/nocol_translate1red.jpg,37,9105,hh_hl_unlink_plinko_0246,0,False,5d531dbf8c48ca00018560a7
77,1,assets/targets/hh_hl_unlink_plinko_0240/nocol_baseblue.jpg,nocol_translate,assets/targets/hh_hl_unlink_plinko_0240/nocol_translatered.jpg,78,13723,hh_hl_unlink_plinko_0240,1,True,1,assets/targets/hh_hl_unlink_plinko_0393/nocol_baseblue.jpg,nocol_translate,assets/targets/hh_hl_unlink_plinko_0393/nocol_translate1red.jpg,70,7219,hh_hl_unlink_plinko_0393,1,True,0,assets/targets/hh_hl_unlink_plinko_0246/maybecol_basered.jpg,maybecol_translate,assets/targets/hh_hl_unlink_plinko_0246/maybecol_translateblue.jpg,27,6075,hh_hl_unlink_plinko_0246,0,True,0,assets/targets/hh_hl_unlink_plinko_0105/maybecol_basered.jpg,maybecol_translate,assets/targets/hh_hl_unlink_plinko_0105/maybecol_translateblue.jpg,7,7152,hh_hl_unlink_plinko_0105,0,True,1,assets/targets/hh_hl_unlink_plinko_0315/maybecol_baseblue.jpg,maybecol_translate,assets/targets/hh_hl_unlink_plinko_0315/maybecol_translate1red.jpg,68,5124,hh_hl_unlink_plinko_0315,1,True,0,assets/targets/hh_hl_unlink_plinko_0269/col_early_basered.jpg,col_early_translate,assets/targets/hh_hl_unlink_plinko_0269/col_early_translate1blue.jpg,0,4443,hh_hl_unlink_plinko_0269,0,True,1,assets/targets/hh_hl_unlink_plinko_0252/col_early_baseblue.jpg,col_early_translate,assets/targets/hh_hl_unlink_plinko_0252/col_early_translate1red.jpg,37,6883,hh_hl_unlink_plinko_0252,0,False,1,assets/targets/lh_ll_unlink_plinko_0060/col_early_baseblue.jpg,col_early_translate,assets/targets/lh_ll_unlink_plinko_0060/col_early_translate1red.jpg,100,5963,lh_ll_unlink_plinko_0060,1,True,1,assets/targets/lh_hl_unlink_plinko_0036/col_late_baseblue.jpg,col_late_translate,assets/targets/lh_hl_unlink_plinko_0036/col_late_translate1red.jpg,81,7368,lh_hl_unlink_plinko_0036,1,True,0,assets/targets/lh_ll_unlink_plinko_0217/col_late_basered.jpg,col_late_translate,assets/targets/lh_ll_unlink_plinko_0217/col_late_translateblue.jpg,100,11303,lh_ll_unlink_plinko_0217,1,False,1,assets/targets/lh_hl_unlink_plinko_0111/col_late_baseblue.jpg,col_late_translate,assets/targets/lh_hl_unlink_plinko_0111/col_late_translatered.jpg,0,8253,lh_hl_unlink_plinko_0111,0,False,1,assets/targets/hh_hl_unlink_plinko_0202/maybecol_baseblue.jpg,maybecol_translate,assets/targets/hh_hl_unlink_plinko_0202/maybecol_translatered.jpg,100,3900,hh_hl_unlink_plinko_0202,1,True,0,assets/targets/lh_hl_unlink_plinko_0110/nocol_basered.jpg,nocol_translate,assets/targets/lh_hl_unlink_plinko_0110/nocol_translate1blue.jpg,50,4864,lh_hl_unlink_plinko_0110,-1,False,1,assets/targets/lh_ll_unlink_plinko_0155/col_early_baseblue.jpg,col_early_translate,assets/targets/lh_ll_unlink_plinko_0155/col_early_translate1red.jpg,100,16687,lh_ll_unlink_plinko_0155,1,True,1,assets/targets/lh_hl_unlink_plinko_0049/nocol_baseblue.jpg,nocol_translate,assets/targets/lh_hl_unlink_plinko_0049/nocol_translate1red.jpg,69,4976,lh_hl_unlink_plinko_0049,1,True,1,assets/targets/lh_ll_unlink_plinko_0091/col_late_baseblue.jpg,col_late_translate,assets/targets/lh_ll_unlink_plinko_0091/col_late_translatered.jpg,100,7255,lh_ll_unlink_plinko_0091,1,True,5a91068cdbdb470001ee7f2f
78,1,assets/targets/hh_hl_unlink_plinko_0240/maybecol_baseblue.jpg,maybecol_translate,assets/targets/hh_hl_unlink_plinko_0240/maybecol_translatered.jpg,50,20531,hh_hl_unlink_plinko_0240,-1,False,1,assets/targets/hh_hl_unlink_plinko_0269/col_early_baseblue.jpg,col_early_translate,assets/targets/hh_hl_unlink_plinko_0269/col_early_translate1red.jpg,84,10316,hh_hl_unlink_plinko_0269,1,True,1,assets/targets/hh_hl_unlink_plinko_0246/maybecol_baseblue.jpg,maybecol_translate,assets/targets/hh_hl_unlink_plinko_0246/maybecol_translate1red.jpg,50,7497,hh_hl_unlink_plinko_0246,-1,False,1,assets/targets/lh_ll_unlink_plinko_0060/col_early_baseblue.jpg,col_early_translate,assets/targets/lh_ll_unlink_plinko_0060/col_early_translate1red.jpg,93,7538,lh_ll_unlink_plinko_0060,1,True,0,assets/targets/lh_hl_unlink_plinko_0049/col_late_basered.jpg,col_late_translate,assets/targets/lh_hl_unlink_plinko_0049/col_late_translate1blue.jpg,9,5176,lh_hl_unlink_plinko_0049,0,True,0,assets/targets/hh_hl_unlink_plinko_0393/maybecol_basered.jpg,maybecol_translate,assets/targets/hh_hl_unlink_plinko_0393/maybecol_translateblue.jpg,43,7569,hh_hl_unlink_plinko_0393,0,True,0,assets/targets/hh_hl_unlink_plinko_0315/nocol_basered.jpg,nocol_translate,assets/targets/hh_hl_unlink_plinko_0315/nocol_translate1blue.jpg,50,4178,hh_hl_unlink_plinko_0315,-1,False,0,assets/targets/lh_hl_unlink_plinko_0110/col_late_basered.jpg,col_late_translate,assets/targets/lh_hl_unlink_plinko_0110/col_late_translate1blue.jpg,34,6676,lh_hl_unlink_plinko_0110,0,True,0,assets/targets/lh_hl_unlink_plinko_0036/col_late_basered.jpg,col_late_translate,assets/targets/lh_hl_unlink_plinko_0036/col_late_translate1blue.jpg,54,6992,lh_hl_unlink_plinko_0036,1,False,1,assets/targets/lh_hl_unlink_plinko_0111/nocol_baseblue.jpg,nocol_translate,assets/targets/lh_hl_unlink_plinko_0111/nocol_translate1red.jpg,50,4146,lh_hl_unlink_plinko_0111,-1,False,1,assets/targets/hh_hl_unlink_plinko_0202/col_early_baseblue.jpg,col_early_translate,assets/targets/hh_hl_unlink_plinko_0202/col_early_translate1red.jpg,100,8228,hh_hl_unlink_plinko_0202,1,True,1,assets/targets/lh_ll_unlink_plinko_0091/nocol_baseblue.jpg,nocol_translate,assets/targets/lh_ll_unlink_plinko_0091/nocol_translate1red.jpg,50,3966,lh_ll_unlink_plinko_0091,-1,False,0,assets/targets/lh_ll_unlink_plinko_0217/col_late_basered.jpg,col_late_translate,assets/targets/lh_ll_unlink_plinko_0217/col_late_translate1blue.jpg,5,6602,lh_ll_unlink_plinko_0217,0,True,1,assets/targets/lh_ll_unlink_plinko_0155/col_early_baseblue.jpg,col_early_translate,assets/targets/lh_ll_unlink_plinko_0155/col_early_translate1red.jpg,69,5993,lh_ll_unlink_plinko_0155,1,True,1,assets/targets/hh_hl_unlink_plinko_0252/nocol_baseblue.jpg,nocol_translate,assets/targets/hh_hl_unlink_plinko_0252/nocol_translatered.jpg,50,5051,hh_hl_unlink_plinko_0252,-1,False,1,assets/targets/hh_hl_unlink_plinko_0105/maybecol_baseblue.jpg,maybecol_translate,assets/targets/hh_hl_unlink_plinko_0105/maybecol_translate1red.jpg,51,4890,hh_hl_unlink_plinko_0105,1,True,5ba2877a7590cc0001b50d0f
79,0,assets/targets/hh_hl_unlink_plinko_0246/nocol_basered.jpg,nocol_translate,assets/targets/hh_hl_unlink_plinko_0246/nocol_translate1blue.jpg,50,15366,hh_hl_unlink_plinko_0246,-1,False,1,assets/targets/hh_hl_unlink_plinko_0240/col_early_baseblue.jpg,col_early_translate,assets/targets/hh_hl_unlink_plinko_0240/col_early_translate1red.jpg,80,12962,hh_hl_unlink_plinko_0240,1,True,0,assets/targets/lh_ll_unlink_plinko_0091/col_late_basered.jpg,col_late_translate,assets/targets/lh_ll_unlink_plinko_0091/col_late_translate1blue.jpg,71,10923,lh_ll_unlink_plinko_0091,1,False,1,assets/targets/hh_hl_unlink_plinko_0393/maybecol_baseblue.jpg,maybecol_translate,assets/targets/hh_hl_unlink_plinko_0393/maybecol_translatered.jpg,76,7772,hh_hl_unlink_plinko_0393,1,True,1,assets/targets/lh_hl_unlink_plinko_0036/col_early_baseblue.jpg,col_early_translate,assets/targets/lh_hl_unlink_plinko_0036/col_early_translatered.jpg,18,14661,lh_hl_unlink_plinko_0036,0,False,0,assets/targets/hh_hl_unlink_plinko_0269/maybecol_basered.jpg,maybecol_translate,assets/targets/hh_hl_unlink_plinko_0269/maybecol_translateblue.jpg,23,12368,hh_hl_unlink_plinko_0269,0,True,0,assets/targets/lh_hl_unlink_plinko_0049/nocol_basered.jpg,nocol_translate,assets/targets/lh_hl_unlink_plinko_0049/nocol_translateblue.jpg,23,9946,lh_hl_unlink_plinko_0049,0,True,1,assets/targets/lh_hl_unlink_plinko_0111/col_late_baseblue.jpg,col_late_translate,assets/targets/lh_hl_unlink_plinko_0111/col_late_translate1red.jpg,69,10833,lh_hl_unlink_plinko_0111,1,True,0,assets/targets/hh_hl_unlink_plinko_0105/nocol_basered.jpg,nocol_translate,assets/targets/hh_hl_unlink_plinko_0105/nocol_translate1blue.jpg,69,7925,hh_hl_unlink_plinko_0105,1,False,1,assets/targets/lh_ll_unlink_plinko_0060/col_late_baseblue.jpg,col_late_translate,assets/targets/lh_ll_unlink_plinko_0060/col_late_translate1red.jpg,75,5554,lh_ll_unlink_plinko_0060,1,True,0,assets/targets/hh_hl_unlink_plinko_0202/col_early_basered.jpg,col_early_translate,assets/targets/hh_hl_unlink_plinko_0202/col_early_translate1blue.jpg,89,6368,hh_hl_unlink_plinko_0202,1,False,0,assets/targets/lh_hl_unlink_plinko_0110/col_early_basered.jpg,col_early_translate,assets/targets/lh_hl_unlink_plinko_0110/col_early_translate1blue.jpg,0,9955,lh_hl_unlink_plinko_0110,0,True,1,assets/targets/hh_hl_unlink_plinko_0315/maybecol_baseblue.jpg,maybecol_translate,assets/targets/hh_hl_unlink_plinko_0315/maybecol_translate1red.jpg,68,4746,hh_hl_unlink_plinko_0315,1,True,0,assets/targets/hh_hl_unlink_plinko_0252/maybecol_basered.jpg,maybecol_translate,assets/targets/hh_hl_unlink_plinko_0252/maybecol_translate1blue.jpg,36,6650,hh_hl_unlink_plinko_0252,0,True,1,assets/targets/lh_ll_unlink_plinko_0155/nocol_baseblue.jpg,nocol_translate,assets/targets/lh_ll_unlink_plinko_0155/nocol_translatered.jpg,28,15230,lh_ll_unlink_plinko_0155,0,False,1,assets/targets/lh_ll_unlink_plinko_0217/col_late_baseblue.jpg,col_late_translate,assets/targets/lh_ll_unlink_plinko_0217/col_late_translate1red.jpg,76,9491,lh_ll_unlink_plinko_0217,1,True,60737b97d01c3800e734921d
80,0,assets/targets/lh_hl_unlink_plinko_0036/col_late_basered.jpg,col_late_translate,assets/targets/lh_hl_unlink_plinko_0036/col_late_translateblue.jpg,0,12911,lh_hl_unlink_plinko_0036,0,True,1,assets/targets/hh_hl_unlink_plinko_0393/maybecol_baseblue.jpg,maybecol_translate,assets/targets/hh_hl_unlink_plinko_0393/maybecol_translate1red.jpg,50,3869,hh_hl_unlink_plinko_0393,-1,False,1,assets/targets/lh_hl_unlink_plinko_0110/nocol_baseblue.jpg,nocol_translate,assets/targets/lh_hl_unlink_plinko_0110/nocol_translatered.jpg,50,5186,lh_hl_unlink_plinko_0110,-1,False,1,assets/targets/hh_hl_unlink_plinko_0269/col_early_baseblue.jpg,col_early_translate,assets/targets/hh_hl_unlink_plinko_0269/col_early_translatered.jpg,96,5998,hh_hl_unlink_plinko_0269,1,True,1,assets/targets/lh_ll_unlink_plinko_0155/col_early_baseblue.jpg,col_early_translate,assets/targets/lh_ll_unlink_plinko_0155/col_early_translatered.jpg,94,6034,lh_ll_unlink_plinko_0155,1,True,0,assets/targets/lh_hl_unlink_plinko_0111/col_late_basered.jpg,col_late_translate,assets/targets/lh_hl_unlink_plinko_0111/col_late_translateblue.jpg,78,6377,lh_hl_unlink_plinko_0111,1,False,1,assets/targets/lh_ll_unlink_plinko_0060/col_early_baseblue.jpg,col_early_translate,assets/targets/lh_ll_unlink_plinko_0060/col_early_translate1red.jpg,98,4327,lh_ll_unlink_plinko_0060,1,True,1,assets/targets/lh_ll_unlink_plinko_0091/col_late_baseblue.jpg,col_late_translate,assets/targets/lh_ll_unlink_plinko_0091/col_late_translatered.jpg,96,3866,lh_ll_unlink_plinko_0091,1,True,0,assets/targets/hh_hl_unlink_plinko_0240/col_early_basered.jpg,col_early_translate,assets/targets/hh_hl_unlink_plinko_0240/col_early_translateblue.jpg,6,3981,hh_hl_unlink_plinko_0240,0,True,1,assets/targets/hh_hl_unlink_plinko_0105/maybecol_baseblue.jpg,maybecol_translate,assets/targets/hh_hl_unlink_plinko_0105/maybecol_translatered.jpg,49,3458,hh_hl_unlink_plinko_0105,0,False,1,assets/targets/hh_hl_unlink_plinko_0315/nocol_baseblue.jpg,nocol_translate,assets/targets/hh_hl_unlink_plinko_0315/nocol_translate1red.jpg,50,4275,hh_hl_unlink_plinko_0315,-1,False,0,assets/targets/hh_hl_unlink_plinko_0202/nocol_basered.jpg,nocol_translate,assets/targets/hh_hl_unlink_plinko_0202/nocol_translateblue.jpg,50,3097,hh_hl_unlink_plinko_0202,-1,False,0,assets/targets/hh_hl_unlink_plinko_0252/maybecol_basered.jpg,maybecol_translate,assets/targets/hh_hl_unlink_plinko_0252/maybecol_translate1blue.jpg,30,4257,hh_hl_unlink_plinko_0252,0,True,1,assets/targets/lh_ll_unlink_plinko_0217/col_late_baseblue.jpg,col_late_translate,assets/targets/lh_ll_unlink_plinko_0217/col_late_translatered.jpg,40,6919,lh_ll_unlink_plinko_0217,0,False,0,assets/targets/lh_hl_unlink_plinko_0049/nocol_basered.jpg,nocol_translate,assets/targets/lh_hl_unlink_plinko_0049/nocol_translateblue.jpg,50,3409,lh_hl_unlink_plinko_0049,-1,False,1,assets/targets/hh_hl_unlink_plinko_0246/maybecol_baseblue.jpg,maybecol_translate,assets/targets/hh_hl_unlink_plinko_0246/maybecol_translatered.jpg,50,3835,hh_hl_unlink_plinko_0246,-1,False,610be0e8e3da02b00364c65c
81,1,assets/targets/lh_ll_unlink_plinko_0155/col_early_baseblue.jpg,col_early_translate,assets/targets/lh_ll_unlink_plinko_0155/col_early_translatered.jpg,15,15791,lh_ll_unlink_plinko_0155,0,False,0,assets/targets/lh_hl_unlink_plinko_0110/nocol_basered.jpg,nocol_translate,assets/targets/lh_hl_unlink_plinko_0110/nocol_translate1blue.jpg,69,6479,lh_hl_unlink_plinko_0110,1,False,0,assets/targets/hh_hl_unlink_plinko_0393/col_early_basered.jpg,col_early_translate,assets/targets/hh_hl_unlink_plinko_0393/col_early_translate1blue.jpg,66,6091,hh_hl_unlink_plinko_0393,1,False,1,assets/targets/lh_ll_unlink_plinko_0060/col_late_baseblue.jpg,col_late_translate,assets/targets/lh_ll_unlink_plinko_0060/col_late_translatered.jpg,31,5784,lh_ll_unlink_plinko_0060,0,False,0,assets/targets/hh_hl_unlink_plinko_0246/col_early_basered.jpg,col_early_translate,assets/targets/hh_hl_unlink_plinko_0246/col_early_translate1blue.jpg,0,5470,hh_hl_unlink_plinko_0246,0,True,1,assets/targets/hh_hl_unlink_plinko_0240/maybecol_baseblue.jpg,maybecol_translate,assets/targets/hh_hl_unlink_plinko_0240/maybecol_translatered.jpg,89,4688,hh_hl_unlink_plinko_0240,1,True,1,assets/targets/hh_hl_unlink_plinko_0269/maybecol_baseblue.jpg,maybecol_translate,assets/targets/hh_hl_unlink_plinko_0269/maybecol_translate1red.jpg,100,6867,hh_hl_unlink_plinko_0269,1,True,0,assets/targets/hh_hl_unlink_plinko_0105/nocol_basered.jpg,nocol_translate,assets/targets/hh_hl_unlink_plinko_0105/nocol_translate1blue.jpg,50,3842,hh_hl_unlink_plinko_0105,-1,False,0,assets/targets/lh_ll_unlink_plinko_0060/col_late_basered.jpg,col_late_translate,assets/targets/lh_ll_unlink_plinko_0060/col_late_translate1blue.jpg,39,5028,lh_ll_unlink_plinko_0060,0,True,0,assets/targets/hh_hl_unlink_plinko_0202/nocol_basered.jpg,nocol_translate,assets/targets/hh_hl_unlink_plinko_0202/nocol_translateblue.jpg,65,3906,hh_hl_unlink_plinko_0202,1,False,0,assets/targets/hh_hl_unlink_plinko_0252/maybecol_basered.jpg,maybecol_translate,assets/targets/hh_hl_unlink_plinko_0252/maybecol_translateblue.jpg,78,4244,hh_hl_unlink_plinko_0252,1,False,1,assets/targets/hh_hl_unlink_plinko_0315/maybecol_baseblue.jpg,maybecol_translate,assets/targets/hh_hl_unlink_plinko_0315/maybecol_translate1red.jpg,61,3919,hh_hl_unlink_plinko_0315,1,True,0,assets/targets/lh_ll_unlink_plinko_0091/col_early_basered.jpg,col_early_translate,assets/targets/lh_ll_unlink_plinko_0091/col_early_translate1blue.jpg,68,4476,lh_ll_unlink_plinko_0091,1,False,1,assets/targets/lh_ll_unlink_plinko_0217/col_late_baseblue.jpg,col_late_translate,assets/targets/lh_ll_unlink_plinko_0217/col_late_translatered.jpg,50,4343,lh_ll_unlink_plinko_0217,-1,False,0,assets/targets/lh_hl_unlink_plinko_0036/nocol_basered.jpg,nocol_translate,assets/targets/lh_hl_unlink_plinko_0036/nocol_translate1blue.jpg,39,3553,lh_hl_unlink_plinko_0036,0,True,1,assets/targets/lh_hl_unlink_plinko_0049/col_late_baseblue.jpg,col_late_translate,assets/targets/lh_hl_unlink_plinko_0049/col_late_translatered.jpg,50,3090,lh_hl_unlink_plinko_0049,-1,False,5ca54993e706a40016359096
82,0,assets/targets/hh_hl_unlink_plinko_0105/maybecol_basered.jpg,maybecol_translate,assets/targets/hh_hl_unlink_plinko_0105/maybecol_translateblue.jpg,70,17389,hh_hl_unlink_plinko_0105,1,False,1,assets/targets/lh_ll_unlink_plinko_0091/nocol_baseblue.jpg,nocol_translate,assets/targets/lh_ll_unlink_plinko_0091/nocol_translatered.jpg,28,5206,lh_ll_unlink_plinko_0091,0,False,1,assets/targets/lh_ll_unlink_plinko_0217/col_late_baseblue.jpg,col_late_translate,assets/targets/lh_ll_unlink_plinko_0217/col_late_translatered.jpg,81,4593,lh_ll_unlink_plinko_0217,1,True,1,assets/targets/hh_hl_unlink_plinko_0269/col_early_baseblue.jpg,col_early_translate,assets/targets/hh_hl_unlink_plinko_0269/col_early_translatered.jpg,16,4661,hh_hl_unlink_plinko_0269,0,False,1,assets/targets/hh_hl_unlink_plinko_0240/maybecol_baseblue.jpg,maybecol_translate,assets/targets/hh_hl_unlink_plinko_0240/maybecol_translate1red.jpg,9,5265,hh_hl_unlink_plinko_0240,0,False,0,assets/targets/lh_ll_unlink_plinko_0060/col_late_basered.jpg,col_late_translate,assets/targets/lh_ll_unlink_plinko_0060/col_late_translateblue.jpg,99,5009,lh_ll_unlink_plinko_0060,1,False,0,assets/targets/hh_hl_unlink_plinko_0202/col_early_basered.jpg,col_early_translate,assets/targets/hh_hl_unlink_plinko_0202/col_early_translate1blue.jpg,100,4504,hh_hl_unlink_plinko_0202,1,False,0,assets/targets/lh_hl_unlink_plinko_0049/col_early_basered.jpg,col_early_translate,assets/targets/lh_hl_unlink_plinko_0049/col_early_translateblue.jpg,1,4945,lh_hl_unlink_plinko_0049,0,True,0,assets/targets/lh_ll_unlink_plinko_0155/col_late_basered.jpg,col_late_translate,assets/targets/lh_ll_unlink_plinko_0155/col_late_translate1blue.jpg,0,4601,lh_ll_unlink_plinko_0155,0,True,1,assets/targets/hh_hl_unlink_plinko_0252/nocol_baseblue.jpg,nocol_translate,assets/targets/hh_hl_unlink_plinko_0252/nocol_translatered.jpg,49,3619,hh_hl_unlink_plinko_0252,0,False,1,assets/targets/lh_hl_unlink_plinko_0036/col_early_baseblue.jpg,col_early_translate,assets/targets/lh_hl_unlink_plinko_0036/col_early_translatered.jpg,100,5694,lh_hl_unlink_plinko_0036,1,True,1,assets/targets/lh_hl_unlink_plinko_0110/col_late_baseblue.jpg,col_late_translate,assets/targets/lh_hl_unlink_plinko_0110/col_late_translatered.jpg,91,5176,lh_hl_unlink_plinko_0110,1,True,1,assets/targets/lh_hl_unlink_plinko_0111/nocol_baseblue.jpg,nocol_translate,assets/targets/lh_hl_unlink_plinko_0111/nocol_translatered.jpg,72,8473,lh_hl_unlink_plinko_0111,1,True,1,assets/targets/hh_hl_unlink_plinko_0393/maybecol_baseblue.jpg,maybecol_translate,assets/targets/hh_hl_unlink_plinko_0393/maybecol_translate1red.jpg,100,4847,hh_hl_unlink_plinko_0393,1,True,0,assets/targets/hh_hl_unlink_plinko_0315/maybecol_basered.jpg,maybecol_translate,assets/targets/hh_hl_unlink_plinko_0315/maybecol_translate1blue.jpg,0,4933,hh_hl_unlink_plinko_0315,0,True,1,assets/targets/hh_hl_unlink_plinko_0246/nocol_baseblue.jpg,nocol_translate,assets/targets/hh_hl_unlink_plinko_0246/nocol_translatered.jpg,50,3265,hh_hl_unlink_plinko_0246,-1,False,632b21ce03008aff6a4314b6
83,0,assets/targets/lh_hl_unlink_plinko_0049/col_late_basered.jpg,col_late_translate,assets/targets/lh_hl_unlink_plinko_0049/col_late_translateblue.jpg,3,22909,lh_hl_unlink_plinko_0049,0,True,0,assets/targets/lh_ll_unlink_plinko_0217/col_early_basered.jpg,col_early_translate,assets/targets/lh_ll_unlink_plinko_0217/col_early_translateblue.jpg,0,11504,lh_ll_unlink_plinko_0217,0,True,1,assets/targets/hh_hl_unlink_plinko_0269/maybecol_baseblue.jpg,maybecol_translate,assets/targets/hh_hl_unlink_plinko_0269/maybecol_translatered.jpg,98,8132,hh_hl_unlink_plinko_0269,1,True,1,assets/targets/lh_ll_unlink_plinko_0091/nocol_baseblue.jpg,nocol_translate,assets/targets/lh_ll_unlink_plinko_0091/nocol_translatered.jpg,49,10107,lh_ll_unlink_plinko_0091,0,False,1,assets/targets/hh_hl_unlink_plinko_0246/col_early_baseblue.jpg,col_early_translate,assets/targets/hh_hl_unlink_plinko_0246/col_early_translatered.jpg,100,11336,hh_hl_unlink_plinko_0246,1,True,0,assets/targets/hh_hl_unlink_plinko_0252/nocol_basered.jpg,nocol_translate,assets/targets/hh_hl_unlink_plinko_0252/nocol_translateblue.jpg,55,6511,hh_hl_unlink_plinko_0252,1,False,0,assets/targets/hh_hl_unlink_plinko_0315/col_early_basered.jpg,col_early_translate,assets/targets/hh_hl_unlink_plinko_0315/col_early_translateblue.jpg,0,6828,hh_hl_unlink_plinko_0315,0,True,0,assets/targets/hh_hl_unlink_plinko_0240/maybecol_basered.jpg,maybecol_translate,assets/targets/hh_hl_unlink_plinko_0240/maybecol_translateblue.jpg,28,9669,hh_hl_unlink_plinko_0240,0,True,1,assets/targets/lh_hl_unlink_plinko_0110/col_early_baseblue.jpg,col_early_translate,assets/targets/lh_hl_unlink_plinko_0110/col_early_translatered.jpg,100,7004,lh_hl_unlink_plinko_0110,1,True,1,assets/targets/hh_hl_unlink_plinko_0202/maybecol_baseblue.jpg,maybecol_translate,assets/targets/hh_hl_unlink_plinko_0202/maybecol_translatered.jpg,68,10595,hh_hl_unlink_plinko_0202,1,True,1,assets/targets/lh_hl_unlink_plinko_0036/col_late_baseblue.jpg,col_late_translate,assets/targets/lh_hl_unlink_plinko_0036/col_late_translatered.jpg,94,5383,lh_hl_unlink_plinko_0036,1,True,1,assets/targets/lh_hl_unlink_plinko_0111/nocol_baseblue.jpg,nocol_translate,assets/targets/lh_hl_unlink_plinko_0111/nocol_translatered.jpg,50,12801,lh_hl_unlink_plinko_0111,-1,False,1,assets/targets/hh_hl_unlink_plinko_0393/nocol_baseblue.jpg,nocol_translate,assets/targets/hh_hl_unlink_plinko_0393/nocol_translatered.jpg,40,6232,hh_hl_unlink_plinko_0393,0,False,1,assets/targets/lh_ll_unlink_plinko_0155/col_late_baseblue.jpg,col_late_translate,assets/targets/lh_ll_unlink_plinko_0155/col_late_translatered.jpg,9,6096,lh_ll_unlink_plinko_0155,0,False,0,assets/targets/hh_hl_unlink_plinko_0105/maybecol_basered.jpg,maybecol_translate,assets/targets/hh_hl_unlink_plinko_0105/maybecol_translateblue.jpg,93,6711,hh_hl_unlink_plinko_0105,1,False,0,assets/targets/lh_ll_unlink_plinko_0060/col_late_basered.jpg,col_late_translate,assets/targets/lh_ll_unlink_plinko_0060/col_late_translateblue.jpg,0,6410,lh_ll_unlink_plinko_0060,0,True,581d50e882c5aa000132ce4f
84,0,assets/targets/hh_hl_unlink_plinko_0252/col_early_basered.jpg,col_early_translate,assets/targets/hh_hl_unlink_plinko_0252/col_early_translate1blue.jpg,92,21952,hh_hl_unlink_plinko_0252,1,False,0,assets/targets/lh_ll_unlink_plinko_0217/col_early_basered.jpg,col_early_translate,assets/targets/lh_ll_unlink_plinko_0217/col_early_translateblue.jpg,43,5267,lh_ll_unlink_plinko_0217,0,True,1,assets/targets/lh_ll_unlink_plinko_0060/col_late_baseblue.jpg,col_late_translate,assets/targets/lh_ll_unlink_plinko_0060/col_late_translatered.jpg,43,4152,lh_ll_unlink_plinko_0060,0,False,0,assets/targets/hh_hl_unlink_plinko_0105/maybecol_basered.jpg,maybecol_translate,assets/targets/hh_hl_unlink_plinko_0105/maybecol_translate1blue.jpg,59,7011,hh_hl_unlink_plinko_0105,1,False,1,assets/targets/hh_hl_unlink_plinko_0246/nocol_baseblue.jpg,nocol_translate,assets/targets/hh_hl_unlink_plinko_0246/nocol_translatered.jpg,50,3671,hh_hl_unlink_plinko_0246,-1,False,1,assets/targets/lh_ll_unlink_plinko_0155/col_late_baseblue.jpg,col_late_translate,assets/targets/lh_ll_unlink_plinko_0155/col_late_translate1red.jpg,56,6770,lh_ll_unlink_plinko_0155,1,True,0,assets/targets/hh_hl_unlink_plinko_0202/nocol_basered.jpg,nocol_translate,assets/targets/hh_hl_unlink_plinko_0202/nocol_translateblue.jpg,50,3049,hh_hl_unlink_plinko_0202,-1,False,1,assets/targets/lh_hl_unlink_plinko_0036/col_early_baseblue.jpg,col_early_translate,assets/targets/lh_hl_unlink_plinko_0036/col_early_translatered.jpg,76,5986,lh_hl_unlink_plinko_0036,1,True,1,assets/targets/lh_hl_unlink_plinko_0049/nocol_baseblue.jpg,nocol_translate,assets/targets/lh_hl_unlink_plinko_0049/nocol_translate1red.jpg,50,3048,lh_hl_unlink_plinko_0049,-1,False,1,assets/targets/lh_ll_unlink_plinko_0091/col_late_baseblue.jpg,col_late_translate,assets/targets/lh_ll_unlink_plinko_0091/col_late_translate1red.jpg,64,3667,lh_ll_unlink_plinko_0091,1,True,1,assets/targets/hh_hl_unlink_plinko_0269/maybecol_baseblue.jpg,maybecol_translate,assets/targets/hh_hl_unlink_plinko_0269/maybecol_translatered.jpg,55,9316,hh_hl_unlink_plinko_0269,1,True,0,assets/targets/hh_hl_unlink_plinko_0315/col_early_basered.jpg,col_early_translate,assets/targets/hh_hl_unlink_plinko_0315/col_early_translateblue.jpg,47,7789,hh_hl_unlink_plinko_0315,0,True,0,assets/targets/lh_hl_unlink_plinko_0110/col_late_basered.jpg,col_late_translate,assets/targets/lh_hl_unlink_plinko_0110/col_late_translate1blue.jpg,5,20466,lh_hl_unlink_plinko_0110,0,True,0,assets/targets/hh_hl_unlink_plinko_0393/maybecol_basered.jpg,maybecol_translate,assets/targets/hh_hl_unlink_plinko_0393/maybecol_translate1blue.jpg,40,3345,hh_hl_unlink_plinko_0393,0,True,1,assets/targets/hh_hl_unlink_plinko_0240/maybecol_baseblue.jpg,maybecol_translate,assets/targets/hh_hl_unlink_plinko_0240/maybecol_translatered.jpg,50,2971,hh_hl_unlink_plinko_0240,-1,False,1,assets/targets/lh_hl_unlink_plinko_0111/nocol_baseblue.jpg,nocol_translate,assets/targets/lh_hl_unlink_plinko_0111/nocol_translatered.jpg,50,3390,lh_hl_unlink_plinko_0111,-1,False,61522d0491dd847aa72155ed
85,0,assets/targets/lh_ll_unlink_plinko_0217/col_early_basered.jpg,col_early_translate,assets/targets/lh_ll_unlink_plinko_0217/col_early_translate1blue.jpg,25,27097,lh_ll_unlink_plinko_0217,0,True,0,assets/targets/hh_hl_unlink_plinko_0315/col_early_basered.jpg,col_early_translate,assets/targets/hh_hl_unlink_plinko_0315/col_early_translateblue.jpg,42,5612,hh_hl_unlink_plinko_0315,0,True,0,assets/targets/hh_hl_unlink_plinko_0202/nocol_basered.jpg,nocol_translate,assets/targets/hh_hl_unlink_plinko_0202/nocol_translate1blue.jpg,51,9110,hh_hl_unlink_plinko_0202,1,False,1,assets/targets/lh_hl_unlink_plinko_0049/nocol_baseblue.jpg,nocol_translate,assets/targets/lh_hl_unlink_plinko_0049/nocol_translate1red.jpg,50,7214,lh_hl_unlink_plinko_0049,-1,False,0,assets/targets/lh_ll_unlink_plinko_0155/col_early_basered.jpg,col_early_translate,assets/targets/lh_ll_unlink_plinko_0155/col_early_translate1blue.jpg,37,7122,lh_ll_unlink_plinko_0155,0,True,0,assets/targets/lh_hl_unlink_plinko_0111/col_late_basered.jpg,col_late_translate,assets/targets/lh_hl_unlink_plinko_0111/col_late_translate1blue.jpg,44,8357,lh_hl_unlink_plinko_0111,0,True,1,assets/targets/hh_hl_unlink_plinko_0393/col_early_baseblue.jpg,col_early_translate,assets/targets/hh_hl_unlink_plinko_0393/col_early_translate1red.jpg,41,7284,hh_hl_unlink_plinko_0393,0,False,0,assets/targets/hh_hl_unlink_plinko_0252/maybecol_basered.jpg,maybecol_translate,assets/targets/hh_hl_unlink_plinko_0252/maybecol_translate1blue.jpg,55,5633,hh_hl_unlink_plinko_0252,1,False,1,assets/targets/lh_ll_unlink_plinko_0091/col_late_baseblue.jpg,col_late_translate,assets/targets/lh_ll_unlink_plinko_0091/col_late_translatered.jpg,58,4358,lh_ll_unlink_plinko_0091,1,True,0,assets/targets/lh_hl_unlink_plinko_0110/col_late_basered.jpg,col_late_translate,assets/targets/lh_hl_unlink_plinko_0110/col_late_translateblue.jpg,53,4783,lh_hl_unlink_plinko_0110,1,False,0,assets/targets/lh_hl_unlink_plinko_0036/nocol_basered.jpg,nocol_translate,assets/targets/lh_hl_unlink_plinko_0036/nocol_translateblue.jpg,51,6605,lh_hl_unlink_plinko_0036,1,False,1,assets/targets/hh_hl_unlink_plinko_0246/maybecol_baseblue.jpg,maybecol_translate,assets/targets/hh_hl_unlink_plinko_0246/maybecol_translatered.jpg,59,12898,hh_hl_unlink_plinko_0246,1,True,1,assets/targets/hh_hl_unlink_plinko_0240/maybecol_baseblue.jpg,maybecol_translate,assets/targets/hh_hl_unlink_plinko_0240/maybecol_translate1red.jpg,45,7529,hh_hl_unlink_plinko_0240,0,False,1,assets/targets/hh_hl_unlink_plinko_0269/maybecol_baseblue.jpg,maybecol_translate,assets/targets/hh_hl_unlink_plinko_0269/maybecol_translate1red.jpg,57,4087,hh_hl_unlink_plinko_0269,1,True,0,assets/targets/hh_hl_unlink_plinko_0105/nocol_basered.jpg,nocol_translate,assets/targets/hh_hl_unlink_plinko_0105/nocol_translate1blue.jpg,57,5434,hh_hl_unlink_plinko_0105,1,False,0,assets/targets/lh_ll_unlink_plinko_0060/col_late_basered.jpg,col_late_translate,assets/targets/lh_ll_unlink_plinko_0060/col_late_translateblue.jpg,64,18502,lh_ll_unlink_plinko_0060,1,False,60fdd0bba532df1a71c72c5e
86,0,assets/targets/hh_hl_unlink_plinko_0240/col_early_basered.jpg,col_early_translate,assets/targets/hh_hl_unlink_plinko_0240/col_early_translate1blue.jpg,10,14961,hh_hl_unlink_plinko_0240,0,True,1,assets/targets/lh_ll_unlink_plinko_0091/col_late_baseblue.jpg,col_late_translate,assets/targets/lh_ll_unlink_plinko_0091/col_late_translatered.jpg,30,6696,lh_ll_unlink_plinko_0091,0,False,1,assets/targets/hh_hl_unlink_plinko_0246/maybecol_baseblue.jpg,maybecol_translate,assets/targets/hh_hl_unlink_plinko_0246/maybecol_translate1red.jpg,25,4734,hh_hl_unlink_plinko_0246,0,False,0,assets/targets/lh_hl_unlink_plinko_0110/nocol_basered.jpg,nocol_translate,assets/targets/lh_hl_unlink_plinko_0110/nocol_translateblue.jpg,50,7586,lh_hl_unlink_plinko_0110,-1,False,0,assets/targets/hh_hl_unlink_plinko_0202/nocol_basered.jpg,nocol_translate,assets/targets/hh_hl_unlink_plinko_0202/nocol_translate1blue.jpg,70,4056,hh_hl_unlink_plinko_0202,1,False,0,assets/targets/lh_ll_unlink_plinko_0060/nocol_basered.jpg,nocol_translate,assets/targets/lh_ll_unlink_plinko_0060/nocol_translate1blue.jpg,32,3553,lh_ll_unlink_plinko_0060,0,True,1,assets/targets/hh_hl_unlink_plinko_0105/col_early_baseblue.jpg,col_early_translate,assets/targets/hh_hl_unlink_plinko_0105/col_early_translatered.jpg,53,5568,hh_hl_unlink_plinko_0105,1,True,0,assets/targets/lh_hl_unlink_plinko_0111/col_late_basered.jpg,col_late_translate,assets/targets/lh_hl_unlink_plinko_0111/col_late_translateblue.jpg,62,11514,lh_hl_unlink_plinko_0111,1,False,1,assets/targets/lh_ll_unlink_plinko_0217/col_late_baseblue.jpg,col_late_translate,assets/targets/lh_ll_unlink_plinko_0217/col_late_translate1red.jpg,62,3245,lh_ll_unlink_plinko_0217,1,True,0,assets/targets/hh_hl_unlink_plinko_0393/maybecol_basered.jpg,maybecol_translate,assets/targets/hh_hl_unlink_plinko_0393/maybecol_translateblue.jpg,37,3149,hh_hl_unlink_plinko_0393,0,True,0,assets/targets/lh_ll_unlink_plinko_0155/col_early_basered.jpg,col_early_translate,assets/targets/lh_ll_unlink_plinko_0155/col_early_translate1blue.jpg,26,5673,lh_ll_unlink_plinko_0155,0,True,0,assets/targets/lh_hl_unlink_plinko_0036/col_late_basered.jpg,col_late_translate,assets/targets/lh_hl_unlink_plinko_0036/col_late_translateblue.jpg,31,3310,lh_hl_unlink_plinko_0036,0,True,1,assets/targets/hh_hl_unlink_plinko_0315/maybecol_baseblue.jpg,maybecol_translate,assets/targets/hh_hl_unlink_plinko_0315/maybecol_translatered.jpg,60,7856,hh_hl_unlink_plinko_0315,1,True,1,assets/targets/hh_hl_unlink_plinko_0269/maybecol_baseblue.jpg,maybecol_translate,assets/targets/hh_hl_unlink_plinko_0269/maybecol_translatered.jpg,50,2938,hh_hl_unlink_plinko_0269,-1,False,0,assets/targets/hh_hl_unlink_plinko_0252/nocol_basered.jpg,nocol_translate,assets/targets/hh_hl_unlink_plinko_0252/nocol_translate1blue.jpg,41,5865,hh_hl_unlink_plinko_0252,0,True,0,assets/targets/lh_hl_unlink_plinko_0049/col_early_basered.jpg,col_early_translate,assets/targets/lh_hl_unlink_plinko_0049/col_early_translate1blue.jpg,55,3048,lh_hl_unlink_plinko_0049,1,False,60fcd0f990314dce9c243fef
87,0,assets/targets/hh_hl_unlink_plinko_0246/maybecol_basered.jpg,maybecol_translate,assets/targets/hh_hl_unlink_plinko_0246/maybecol_translate1blue.jpg,84,24828,hh_hl_unlink_plinko_0246,1,False,0,assets/targets/hh_hl_unlink_plinko_0269/nocol_basered.jpg,nocol_translate,assets/targets/hh_hl_unlink_plinko_0269/nocol_translate1blue.jpg,36,8997,hh_hl_unlink_plinko_0269,0,True,0,assets/targets/lh_hl_unlink_plinko_0110/col_late_basered.jpg,col_late_translate,assets/targets/lh_hl_unlink_plinko_0110/col_late_translate1blue.jpg,16,8149,lh_hl_unlink_plinko_0110,0,True,0,assets/targets/lh_ll_unlink_plinko_0155/col_early_basered.jpg,col_early_translate,assets/targets/lh_ll_unlink_plinko_0155/col_early_translate1blue.jpg,67,14813,lh_ll_unlink_plinko_0155,1,False,1,assets/targets/hh_hl_unlink_plinko_0393/maybecol_baseblue.jpg,maybecol_translate,assets/targets/hh_hl_unlink_plinko_0393/maybecol_translatered.jpg,51,7203,hh_hl_unlink_plinko_0393,1,True,1,assets/targets/lh_ll_unlink_plinko_0217/col_late_baseblue.jpg,col_late_translate,assets/targets/lh_ll_unlink_plinko_0217/col_late_translate1red.jpg,67,6437,lh_ll_unlink_plinko_0217,1,True,0,assets/targets/hh_hl_unlink_plinko_0252/col_early_basered.jpg,col_early_translate,assets/targets/hh_hl_unlink_plinko_0252/col_early_translate1blue.jpg,100,6500,hh_hl_unlink_plinko_0252,1,False,0,assets/targets/lh_hl_unlink_plinko_0036/nocol_basered.jpg,nocol_translate,assets/targets/lh_hl_unlink_plinko_0036/nocol_translate1blue.jpg,1,6614,lh_hl_unlink_plinko_0036,0,True,1,assets/targets/hh_hl_unlink_plinko_0202/col_early_baseblue.jpg,col_early_translate,assets/targets/hh_hl_unlink_plinko_0202/col_early_translatered.jpg,15,6846,hh_hl_unlink_plinko_0202,0,False,1,assets/targets/hh_hl_unlink_plinko_0105/nocol_baseblue.jpg,nocol_translate,assets/targets/hh_hl_unlink_plinko_0105/nocol_translate1red.jpg,21,14004,hh_hl_unlink_plinko_0105,0,False,1,assets/targets/hh_hl_unlink_plinko_0315/maybecol_baseblue.jpg,maybecol_translate,assets/targets/hh_hl_unlink_plinko_0315/maybecol_translatered.jpg,72,11673,hh_hl_unlink_plinko_0315,1,True,1,assets/targets/lh_ll_unlink_plinko_0091/nocol_baseblue.jpg,nocol_translate,assets/targets/lh_ll_unlink_plinko_0091/nocol_translate1red.jpg,88,13887,lh_ll_unlink_plinko_0091,1,True,0,assets/targets/lh_hl_unlink_plinko_0111/col_early_basered.jpg,col_early_translate,assets/targets/lh_hl_unlink_plinko_0111/col_early_translate1blue.jpg,75,13468,lh_hl_unlink_plinko_0111,1,False,1,assets/targets/lh_ll_unlink_plinko_0060/col_late_baseblue.jpg,col_late_translate,assets/targets/lh_ll_unlink_plinko_0060/col_late_translatered.jpg,32,9067,lh_ll_unlink_plinko_0060,0,False,1,assets/targets/hh_hl_unlink_plinko_0240/maybecol_baseblue.jpg,maybecol_translate,assets/targets/hh_hl_unlink_plinko_0240/maybecol_translate1red.jpg,8,9195,hh_hl_unlink_plinko_0240,0,False,0,assets/targets/lh_hl_unlink_plinko_0049/col_late_basered.jpg,col_late_translate,assets/targets/lh_hl_unlink_plinko_0049/col_late_translate1blue.jpg,72,7702,lh_hl_unlink_plinko_0049,1,False,62b0ef77e3519ee19788db34
88,1,assets/targets/hh_hl_unlink_plinko_0252/maybecol_baseblue.jpg,maybecol_translate,assets/targets/hh_hl_unlink_plinko_0252/maybecol_translatered.jpg,53,25079,hh_hl_unlink_plinko_0252,1,True,0,assets/targets/lh_ll_unlink_plinko_0155/col_late_basered.jpg,col_late_translate,assets/targets/lh_ll_unlink_plinko_0155/col_late_translateblue.jpg,42,15110,lh_ll_unlink_plinko_0155,0,True,1,assets/targets/lh_ll_unlink_plinko_0217/col_late_baseblue.jpg,col_late_translate,assets/targets/lh_ll_unlink_plinko_0217/col_late_translatered.jpg,55,20265,lh_ll_unlink_plinko_0217,1,True,0,assets/targets/hh_hl_unlink_plinko_0202/col_early_basered.jpg,col_early_translate,assets/targets/hh_hl_unlink_plinko_0202/col_early_translate1blue.jpg,54,10511,hh_hl_unlink_plinko_0202,1,False,0,assets/targets/lh_ll_unlink_plinko_0091/col_late_basered.jpg,col_late_translate,assets/targets/lh_ll_unlink_plinko_0091/col_late_translate1blue.jpg,46,8476,lh_ll_unlink_plinko_0091,0,True,1,assets/targets/hh_hl_unlink_plinko_0246/maybecol_baseblue.jpg,maybecol_translate,assets/targets/hh_hl_unlink_plinko_0246/maybecol_translatered.jpg,47,9987,hh_hl_unlink_plinko_0246,0,False,0,assets/targets/lh_hl_unlink_plinko_0049/nocol_basered.jpg,nocol_translate,assets/targets/lh_hl_unlink_plinko_0049/nocol_translate1blue.jpg,42,10245,lh_hl_unlink_plinko_0049,0,True,1,assets/targets/hh_hl_unlink_plinko_0269/maybecol_baseblue.jpg,maybecol_translate,assets/targets/hh_hl_unlink_plinko_0269/maybecol_translatered.jpg,51,8693,hh_hl_unlink_plinko_0269,1,True,0,assets/targets/hh_hl_unlink_plinko_0393/nocol_basered.jpg,nocol_translate,assets/targets/hh_hl_unlink_plinko_0393/nocol_translateblue.jpg,52,7149,hh_hl_unlink_plinko_0393,1,False,1,assets/targets/hh_hl_unlink_plinko_0105/maybecol_baseblue.jpg,maybecol_translate,assets/targets/hh_hl_unlink_plinko_0105/maybecol_translatered.jpg,54,8338,hh_hl_unlink_plinko_0105,1,True,1,assets/targets/lh_hl_unlink_plinko_0110/col_late_baseblue.jpg,col_late_translate,assets/targets/lh_hl_unlink_plinko_0110/col_late_translate1red.jpg,58,7514,lh_hl_unlink_plinko_0110,1,True,0,assets/targets/lh_ll_unlink_plinko_0060/col_early_basered.jpg,col_early_translate,assets/targets/lh_ll_unlink_plinko_0060/col_early_translateblue.jpg,35,12037,lh_ll_unlink_plinko_0060,0,True,0,assets/targets/hh_hl_unlink_plinko_0315/nocol_basered.jpg,nocol_translate,assets/targets/hh_hl_unlink_plinko_0315/nocol_translate1blue.jpg,48,10894,hh_hl_unlink_plinko_0315,0,True,1,assets/targets/lh_hl_unlink_plinko_0111/col_early_baseblue.jpg,col_early_translate,assets/targets/lh_hl_unlink_plinko_0111/col_early_translatered.jpg,63,7766,lh_hl_unlink_plinko_0111,1,True,1,assets/targets/hh_hl_unlink_plinko_0240/col_early_baseblue.jpg,col_early_translate,assets/targets/hh_hl_unlink_plinko_0240/col_early_translatered.jpg,58,8256,hh_hl_unlink_plinko_0240,1,True,0,assets/targets/lh_hl_unlink_plinko_0036/nocol_basered.jpg,nocol_translate,assets/targets/lh_hl_unlink_plinko_0036/nocol_translate1blue.jpg,48,9578,lh_hl_unlink_plinko_0036,0,True,63d01e0731b6c1359a543d57
89,1,assets/targets/hh_hl_unlink_plinko_0269/maybecol_baseblue.jpg,maybecol_translate,assets/targets/hh_hl_unlink_plinko_0269/maybecol_translatered.jpg,25,17829,hh_hl_unlink_plinko_0269,0,False,0,assets/targets/lh_ll_unlink_plinko_0217/col_late_basered.jpg,col_late_translate,assets/targets/lh_ll_unlink_plinko_0217/col_late_translate1blue.jpg,62,8175,lh_ll_unlink_plinko_0217,1,False,0,assets/targets/lh_hl_unlink_plinko_0111/col_late_basered.jpg,col_late_translate,assets/targets/lh_hl_unlink_plinko_0111/col_late_translateblue.jpg,61,7683,lh_hl_unlink_plinko_0111,1,False,0,assets/targets/hh_hl_unlink_plinko_0240/maybecol_basered.jpg,maybecol_translate,assets/targets/hh_hl_unlink_plinko_0240/maybecol_translate1blue.jpg,42,6898,hh_hl_unlink_plinko_0240,0,True,1,assets/targets/hh_hl_unlink_plinko_0105/col_early_baseblue.jpg,col_early_translate,assets/targets/hh_hl_unlink_plinko_0105/col_early_translate1red.jpg,94,6452,hh_hl_unlink_plinko_0105,1,True,0,assets/targets/hh_hl_unlink_plinko_0393/col_early_basered.jpg,col_early_translate,assets/targets/hh_hl_unlink_plinko_0393/col_early_translate1blue.jpg,32,8873,hh_hl_unlink_plinko_0393,0,True,0,assets/targets/hh_hl_unlink_plinko_0315/maybecol_basered.jpg,maybecol_translate,assets/targets/hh_hl_unlink_plinko_0315/maybecol_translateblue.jpg,50,9508,hh_hl_unlink_plinko_0315,-1,False,1,assets/targets/hh_hl_unlink_plinko_0252/maybecol_baseblue.jpg,maybecol_translate,assets/targets/hh_hl_unlink_plinko_0252/maybecol_translate1red.jpg,55,8477,hh_hl_unlink_plinko_0252,1,True,0,assets/targets/lh_ll_unlink_plinko_0091/nocol_basered.jpg,nocol_translate,assets/targets/lh_ll_unlink_plinko_0091/nocol_translateblue.jpg,42,4600,lh_ll_unlink_plinko_0091,0,True,1,assets/targets/hh_hl_unlink_plinko_0246/nocol_baseblue.jpg,nocol_translate,assets/targets/hh_hl_unlink_plinko_0246/nocol_translatered.jpg,44,8499,hh_hl_unlink_plinko_0246,0,False,0,assets/targets/lh_hl_unlink_plinko_0110/nocol_basered.jpg,nocol_translate,assets/targets/lh_hl_unlink_plinko_0110/nocol_translate1blue.jpg,50,5726,lh_hl_unlink_plinko_0110,-1,False,0,assets/targets/lh_ll_unlink_plinko_0060/col_late_basered.jpg,col_late_translate,assets/targets/lh_ll_unlink_plinko_0060/col_late_translate1blue.jpg,58,6750,lh_ll_unlink_plinko_0060,1,False,1,assets/targets/lh_hl_unlink_plinko_0049/col_early_baseblue.jpg,col_early_translate,assets/targets/lh_hl_unlink_plinko_0049/col_early_translate1red.jpg,93,4888,lh_hl_unlink_plinko_0049,1,True,0,assets/targets/hh_hl_unlink_plinko_0202/nocol_basered.jpg,nocol_translate,assets/targets/hh_hl_unlink_plinko_0202/nocol_translate1blue.jpg,50,4966,hh_hl_unlink_plinko_0202,-1,False,0,assets/targets/lh_hl_unlink_plinko_0036/col_late_basered.jpg,col_late_translate,assets/targets/lh_hl_unlink_plinko_0036/col_late_translateblue.jpg,57,8681,lh_hl_unlink_plinko_0036,1,False,0,assets/targets/lh_ll_unlink_plinko_0155/col_early_basered.jpg,col_early_translate,assets/targets/lh_ll_unlink_plinko_0155/col_early_translateblue.jpg,71,5780,lh_ll_unlink_plinko_0155,1,False,60fee712cac724d08d2d8858
90,1,assets/targets/hh_hl_unlink_plinko_0393/col_early_baseblue.jpg,col_early_translate,assets/targets/hh_hl_unlink_plinko_0393/col_early_translatered.jpg,81,81060,hh_hl_unlink_plinko_0393,1,True,1,assets/targets/hh_hl_unlink_plinko_0269/col_early_baseblue.jpg,col_early_translate,assets/targets/hh_hl_unlink_plinko_0269/col_early_translatered.jpg,21,13398,hh_hl_unlink_plinko_0269,0,False,1,assets/targets/lh_hl_unlink_plinko_0111/nocol_baseblue.jpg,nocol_translate,assets/targets/lh_hl_unlink_plinko_0111/nocol_translatered.jpg,39,6021,lh_hl_unlink_plinko_0111,0,False,1,assets/targets/hh_hl_unlink_plinko_0202/maybecol_baseblue.jpg,maybecol_translate,assets/targets/hh_hl_unlink_plinko_0202/maybecol_translatered.jpg,77,16702,hh_hl_unlink_plinko_0202,1,True,0,assets/targets/lh_ll_unlink_plinko_0155/nocol_basered.jpg,nocol_translate,assets/targets/lh_ll_unlink_plinko_0155/nocol_translate1blue.jpg,19,10206,lh_ll_unlink_plinko_0155,0,True,0,assets/targets/hh_hl_unlink_plinko_0240/maybecol_basered.jpg,maybecol_translate,assets/targets/hh_hl_unlink_plinko_0240/maybecol_translateblue.jpg,19,9604,hh_hl_unlink_plinko_0240,0,True,1,assets/targets/lh_ll_unlink_plinko_0060/col_early_baseblue.jpg,col_early_translate,assets/targets/lh_ll_unlink_plinko_0060/col_early_translatered.jpg,83,7077,lh_ll_unlink_plinko_0060,1,True,1,assets/targets/lh_ll_unlink_plinko_0217/col_late_baseblue.jpg,col_late_translate,assets/targets/lh_ll_unlink_plinko_0217/col_late_translatered.jpg,80,9950,lh_ll_unlink_plinko_0217,1,True,1,assets/targets/lh_ll_unlink_plinko_0091/col_late_baseblue.jpg,col_late_translate,assets/targets/lh_ll_unlink_plinko_0091/col_late_translate1red.jpg,80,8669,lh_ll_unlink_plinko_0091,1,True,1,assets/targets/hh_hl_unlink_plinko_0246/maybecol_baseblue.jpg,maybecol_translate,assets/targets/hh_hl_unlink_plinko_0246/maybecol_translatered.jpg,79,8725,hh_hl_unlink_plinko_0246,1,True,0,assets/targets/hh_hl_unlink_plinko_0252/nocol_basered.jpg,nocol_translate,assets/targets/hh_hl_unlink_plinko_0252/nocol_translate1blue.jpg,85,9578,hh_hl_unlink_plinko_0252,1,False,1,assets/targets/hh_hl_unlink_plinko_0105/nocol_baseblue.jpg,nocol_translate,assets/targets/hh_hl_unlink_plinko_0105/nocol_translatered.jpg,19,5870,hh_hl_unlink_plinko_0105,0,False,1,assets/targets/lh_hl_unlink_plinko_0049/col_late_baseblue.jpg,col_late_translate,assets/targets/lh_hl_unlink_plinko_0049/col_late_translatered.jpg,23,10200,lh_hl_unlink_plinko_0049,0,False,1,assets/targets/hh_hl_unlink_plinko_0315/maybecol_baseblue.jpg,maybecol_translate,assets/targets/hh_hl_unlink_plinko_0315/maybecol_translate1red.jpg,84,8429,hh_hl_unlink_plinko_0315,1,True,1,assets/targets/lh_hl_unlink_plinko_0036/col_late_baseblue.jpg,col_late_translate,assets/targets/lh_hl_unlink_plinko_0036/col_late_translate1red.jpg,82,9794,lh_hl_unlink_plinko_0036,1,True,0,assets/targets/lh_hl_unlink_plinko_0110/col_early_basered.jpg,col_early_translate,assets/targets/lh_hl_unlink_plinko_0110/col_early_translate1blue.jpg,2,13749,lh_hl_unlink_plinko_0110,0,True,6364da160ffd7c90bbfce4e3
91,1,assets/targets/lh_hl_unlink_plinko_0036/nocol_baseblue.jpg,nocol_translate,assets/targets/lh_hl_unlink_plinko_0036/nocol_translatered.jpg,40,18772,lh_hl_unlink_plinko_0036,0,False,1,assets/targets/hh_hl_unlink_plinko_0105/maybecol_baseblue.jpg,maybecol_translate,assets/targets/hh_hl_unlink_plinko_0105/maybecol_translate1red.jpg,75,9456,hh_hl_unlink_plinko_0105,1,True,0,assets/targets/lh_ll_unlink_plinko_0155/col_late_basered.jpg,col_late_translate,assets/targets/lh_ll_unlink_plinko_0155/col_late_translate1blue.jpg,31,10700,lh_ll_unlink_plinko_0155,0,True,1,assets/targets/hh_hl_unlink_plinko_0246/nocol_baseblue.jpg,nocol_translate,assets/targets/hh_hl_unlink_plinko_0246/nocol_translatered.jpg,56,7791,hh_hl_unlink_plinko_0246,1,True,1,assets/targets/hh_hl_unlink_plinko_0202/maybecol_baseblue.jpg,maybecol_translate,assets/targets/hh_hl_unlink_plinko_0202/maybecol_translate1red.jpg,33,8453,hh_hl_unlink_plinko_0202,0,False,0,assets/targets/hh_hl_unlink_plinko_0315/nocol_basered.jpg,nocol_translate,assets/targets/hh_hl_unlink_plinko_0315/nocol_translateblue.jpg,35,5998,hh_hl_unlink_plinko_0315,0,True,0,assets/targets/lh_hl_unlink_plinko_0111/col_early_basered.jpg,col_early_translate,assets/targets/lh_hl_unlink_plinko_0111/col_early_translateblue.jpg,2,9261,lh_hl_unlink_plinko_0111,0,True,1,assets/targets/hh_hl_unlink_plinko_0393/col_early_baseblue.jpg,col_early_translate,assets/targets/hh_hl_unlink_plinko_0393/col_early_translatered.jpg,99,8639,hh_hl_unlink_plinko_0393,1,True,1,assets/targets/lh_ll_unlink_plinko_0091/col_early_baseblue.jpg,col_early_translate,assets/targets/lh_ll_unlink_plinko_0091/col_early_translatered.jpg,81,14007,lh_ll_unlink_plinko_0091,1,True,0,assets/targets/lh_ll_unlink_plinko_0060/col_late_basered.jpg,col_late_translate,assets/targets/lh_ll_unlink_plinko_0060/col_late_translate1blue.jpg,23,7411,lh_ll_unlink_plinko_0060,0,True,0,assets/targets/hh_hl_unlink_plinko_0252/maybecol_basered.jpg,maybecol_translate,assets/targets/hh_hl_unlink_plinko_0252/maybecol_translateblue.jpg,29,6827,hh_hl_unlink_plinko_0252,0,True,1,assets/targets/lh_hl_unlink_plinko_0110/col_late_baseblue.jpg,col_late_translate,assets/targets/lh_hl_unlink_plinko_0110/col_late_translate1red.jpg,82,8661,lh_hl_unlink_plinko_0110,1,True,0,assets/targets/lh_hl_unlink_plinko_0049/nocol_basered.jpg,nocol_translate,assets/targets/lh_hl_unlink_plinko_0049/nocol_translateblue.jpg,58,6639,lh_hl_unlink_plinko_0049,1,False,0,assets/targets/lh_ll_unlink_plinko_0217/col_late_basered.jpg,col_late_translate,assets/targets/lh_ll_unlink_plinko_0217/col_late_translateblue.jpg,25,6391,lh_ll_unlink_plinko_0217,0,True,1,assets/targets/hh_hl_unlink_plinko_0269/maybecol_baseblue.jpg,maybecol_translate,assets/targets/hh_hl_unlink_plinko_0269/maybecol_translate1red.jpg,78,5816,hh_hl_unlink_plinko_0269,1,True,0,assets/targets/hh_hl_unlink_plinko_0240/col_early_basered.jpg,col_early_translate,assets/targets/hh_hl_unlink_plinko_0240/col_early_translate1blue.jpg,0,10144,hh_hl_unlink_plinko_0240,0,True,5df0932af9a01d0dabd9313d
92,1,assets/targets/lh_ll_unlink_plinko_0155/col_late_baseblue.jpg,col_late_translate,assets/targets/lh_ll_unlink_plinko_0155/col_late_translatered.jpg,78,13272,lh_ll_unlink_plinko_0155,1,True,0,assets/targets/lh_hl_unlink_plinko_0049/col_early_basered.jpg,col_early_translate,assets/targets/lh_hl_unlink_plinko_0049/col_early_translateblue.jpg,2,7385,lh_hl_unlink_plinko_0049,0,True,0,assets/targets/hh_hl_unlink_plinko_0252/col_early_basered.jpg,col_early_translate,assets/targets/hh_hl_unlink_plinko_0252/col_early_translateblue.jpg,3,5749,hh_hl_unlink_plinko_0252,0,True,1,assets/targets/hh_hl_unlink_plinko_0202/maybecol_baseblue.jpg,maybecol_translate,assets/targets/hh_hl_unlink_plinko_0202/maybecol_translate1red.jpg,46,6115,hh_hl_unlink_plinko_0202,0,False,0,assets/targets/hh_hl_unlink_plinko_0269/col_early_basered.jpg,col_early_translate,assets/targets/hh_hl_unlink_plinko_0269/col_early_translate1blue.jpg,4,6200,hh_hl_unlink_plinko_0269,0,True,1,assets/targets/lh_ll_unlink_plinko_0060/nocol_baseblue.jpg,nocol_translate,assets/targets/lh_ll_unlink_plinko_0060/nocol_translate1red.jpg,94,4787,lh_ll_unlink_plinko_0060,1,True,0,assets/targets/hh_hl_unlink_plinko_0393/maybecol_basered.jpg,maybecol_translate,assets/targets/hh_hl_unlink_plinko_0393/maybecol_translateblue.jpg,48,3817,hh_hl_unlink_plinko_0393,0,True,0,assets/targets/lh_hl_unlink_plinko_0111/col_late_basered.jpg,col_late_translate,assets/targets/lh_hl_unlink_plinko_0111/col_late_translate1blue.jpg,15,5127,lh_hl_unlink_plinko_0111,0,True,1,assets/targets/lh_ll_unlink_plinko_0091/col_early_baseblue.jpg,col_early_translate,assets/targets/lh_ll_unlink_plinko_0091/col_early_translatered.jpg,79,4155,lh_ll_unlink_plinko_0091,1,True,0,assets/targets/lh_hl_unlink_plinko_0036/col_late_basered.jpg,col_late_translate,assets/targets/lh_hl_unlink_plinko_0036/col_late_translate1blue.jpg,41,6992,lh_hl_unlink_plinko_0036,0,True,0,assets/targets/hh_hl_unlink_plinko_0105/maybecol_basered.jpg,maybecol_translate,assets/targets/hh_hl_unlink_plinko_0105/maybecol_translateblue.jpg,67,4328,hh_hl_unlink_plinko_0105,1,False,1,assets/targets/hh_hl_unlink_plinko_0246/nocol_baseblue.jpg,nocol_translate,assets/targets/hh_hl_unlink_plinko_0246/nocol_translatered.jpg,50,3199,hh_hl_unlink_plinko_0246,-1,False,1,assets/targets/lh_ll_unlink_plinko_0217/col_late_baseblue.jpg,col_late_translate,assets/targets/lh_ll_unlink_plinko_0217/col_late_translatered.jpg,61,2753,lh_ll_unlink_plinko_0217,1,True,0,assets/targets/lh_hl_unlink_plinko_0110/nocol_basered.jpg,nocol_translate,assets/targets/lh_hl_unlink_plinko_0110/nocol_translateblue.jpg,56,5102,lh_hl_unlink_plinko_0110,1,False,0,assets/targets/hh_hl_unlink_plinko_0315/maybecol_basered.jpg,maybecol_translate,assets/targets/hh_hl_unlink_plinko_0315/maybecol_translateblue.jpg,50,2997,hh_hl_unlink_plinko_0315,-1,False,1,assets/targets/hh_hl_unlink_plinko_0315/nocol_baseblue.jpg,nocol_translate,assets/targets/hh_hl_unlink_plinko_0315/nocol_translatered.jpg,50,2855,hh_hl_unlink_plinko_0315,-1,False,5cf5134c8f8ff80019e76721
93,0,assets/targets/hh_hl_unlink_plinko_0246/col_early_basered.jpg,col_early_translate,assets/targets/hh_hl_unlink_plinko_0246/col_early_translate1blue.jpg,1,23057,hh_hl_unlink_plinko_0246,0,True,1,assets/targets/hh_hl_unlink_plinko_0315/maybecol_baseblue.jpg,maybecol_translate,assets/targets/hh_hl_unlink_plinko_0315/maybecol_translatered.jpg,78,10647,hh_hl_unlink_plinko_0315,1,True,0,assets/targets/hh_hl_unlink_plinko_0252/col_early_basered.jpg,col_early_translate,assets/targets/hh_hl_unlink_plinko_0252/col_early_translate1blue.jpg,80,9156,hh_hl_unlink_plinko_0252,1,False,1,assets/targets/lh_ll_unlink_plinko_0217/col_early_baseblue.jpg,col_early_translate,assets/targets/lh_ll_unlink_plinko_0217/col_early_translatered.jpg,85,9863,lh_ll_unlink_plinko_0217,1,True,1,assets/targets/lh_ll_unlink_plinko_0155/nocol_baseblue.jpg,nocol_translate,assets/targets/lh_ll_unlink_plinko_0155/nocol_translatered.jpg,48,7636,lh_ll_unlink_plinko_0155,0,False,0,assets/targets/lh_ll_unlink_plinko_0060/col_early_basered.jpg,col_early_translate,assets/targets/lh_ll_unlink_plinko_0060/col_early_translateblue.jpg,8,9847,lh_ll_unlink_plinko_0060,0,True,1,assets/targets/lh_hl_unlink_plinko_0111/col_late_baseblue.jpg,col_late_translate,assets/targets/lh_hl_unlink_plinko_0111/col_late_translatered.jpg,83,9600,lh_hl_unlink_plinko_0111,1,True,0,assets/targets/lh_hl_unlink_plinko_0049/col_late_basered.jpg,col_late_translate,assets/targets/lh_hl_unlink_plinko_0049/col_late_translateblue.jpg,79,7341,lh_hl_unlink_plinko_0049,1,False,0,assets/targets/hh_hl_unlink_plinko_0105/nocol_basered.jpg,nocol_translate,assets/targets/hh_hl_unlink_plinko_0105/nocol_translateblue.jpg,49,18383,hh_hl_unlink_plinko_0105,0,True,1,assets/targets/lh_ll_unlink_plinko_0091/col_late_baseblue.jpg,col_late_translate,assets/targets/lh_ll_unlink_plinko_0091/col_late_translatered.jpg,24,6190,lh_ll_unlink_plinko_0091,0,False,0,assets/targets/hh_hl_unlink_plinko_0393/nocol_basered.jpg,nocol_translate,assets/targets/hh_hl_unlink_plinko_0393/nocol_translateblue.jpg,46,7241,hh_hl_unlink_plinko_0393,0,True,0,assets/targets/lh_hl_unlink_plinko_0110/nocol_basered.jpg,nocol_translate,assets/targets/lh_hl_unlink_plinko_0110/nocol_translateblue.jpg,44,7781,lh_hl_unlink_plinko_0110,0,True,1,assets/targets/hh_hl_unlink_plinko_0269/maybecol_baseblue.jpg,maybecol_translate,assets/targets/hh_hl_unlink_plinko_0269/maybecol_translatered.jpg,79,7397,hh_hl_unlink_plinko_0269,1,True,0,assets/targets/lh_hl_unlink_plinko_0036/col_late_basered.jpg,col_late_translate,assets/targets/lh_hl_unlink_plinko_0036/col_late_translateblue.jpg,26,6236,lh_hl_unlink_plinko_0036,0,True,1,assets/targets/hh_hl_unlink_plinko_0202/maybecol_baseblue.jpg,maybecol_translate,assets/targets/hh_hl_unlink_plinko_0202/maybecol_translatered.jpg,65,5496,hh_hl_unlink_plinko_0202,1,True,1,assets/targets/hh_hl_unlink_plinko_0240/maybecol_baseblue.jpg,maybecol_translate,assets/targets/hh_hl_unlink_plinko_0240/maybecol_translatered.jpg,48,6939,hh_hl_unlink_plinko_0240,0,False,634694a1401b066cb71e4c82
94,0,assets/targets/lh_hl_unlink_plinko_0049/col_late_basered.jpg,col_late_translate,assets/targets/lh_hl_unlink_plinko_0049/col_late_translate1blue.jpg,50,24031,lh_hl_unlink_plinko_0049,-1,False,1,assets/targets/hh_hl_unlink_plinko_0269/col_early_baseblue.jpg,col_early_translate,assets/targets/hh_hl_unlink_plinko_0269/col_early_translate1red.jpg,50,21809,hh_hl_unlink_plinko_0269,-1,False,0,assets/targets/lh_hl_unlink_plinko_0036/nocol_basered.jpg,nocol_translate,assets/targets/lh_hl_unlink_plinko_0036/nocol_translate1blue.jpg,48,11309,lh_hl_unlink_plinko_0036,0,True,0,assets/targets/lh_hl_unlink_plinko_0111/col_early_basered.jpg,col_early_translate,assets/targets/lh_hl_unlink_plinko_0111/col_early_translateblue.jpg,51,6935,lh_hl_unlink_plinko_0111,1,False,0,assets/targets/hh_hl_unlink_plinko_0393/maybecol_basered.jpg,maybecol_translate,assets/targets/hh_hl_unlink_plinko_0393/maybecol_translateblue.jpg,48,6229,hh_hl_unlink_plinko_0393,0,True,1,assets/targets/hh_hl_unlink_plinko_0202/nocol_baseblue.jpg,nocol_translate,assets/targets/hh_hl_unlink_plinko_0202/nocol_translatered.jpg,49,5607,hh_hl_unlink_plinko_0202,0,False,1,assets/targets/lh_ll_unlink_plinko_0155/col_late_baseblue.jpg,col_late_translate,assets/targets/lh_ll_unlink_plinko_0155/col_late_translatered.jpg,54,10269,lh_ll_unlink_plinko_0155,1,True,1,assets/targets/lh_ll_unlink_plinko_0217/col_early_baseblue.jpg,col_early_translate,assets/targets/lh_ll_unlink_plinko_0217/col_early_translate1red.jpg,52,4928,lh_ll_unlink_plinko_0217,1,True,0,assets/targets/hh_hl_unlink_plinko_0105/maybecol_basered.jpg,maybecol_translate,assets/targets/hh_hl_unlink_plinko_0105/maybecol_translate1blue.jpg,49,7914,hh_hl_unlink_plinko_0105,0,True,0,assets/targets/hh_hl_unlink_plinko_0240/col_early_basered.jpg,col_early_translate,assets/targets/hh_hl_unlink_plinko_0240/col_early_translate1blue.jpg,52,4636,hh_hl_unlink_plinko_0240,1,False,1,assets/targets/hh_hl_unlink_plinko_0252/nocol_baseblue.jpg,nocol_translate,assets/targets/hh_hl_unlink_plinko_0252/nocol_translate1red.jpg,51,6238,hh_hl_unlink_plinko_0252,1,True,1,assets/targets/lh_ll_unlink_plinko_0091/col_late_baseblue.jpg,col_late_translate,assets/targets/lh_ll_unlink_plinko_0091/col_late_translatered.jpg,52,4957,lh_ll_unlink_plinko_0091,1,True,1,assets/targets/lh_ll_unlink_plinko_0060/nocol_baseblue.jpg,nocol_translate,assets/targets/lh_ll_unlink_plinko_0060/nocol_translatered.jpg,49,8171,lh_ll_unlink_plinko_0060,0,False,1,assets/targets/hh_hl_unlink_plinko_0246/maybecol_baseblue.jpg,maybecol_translate,assets/targets/hh_hl_unlink_plinko_0246/maybecol_translate1red.jpg,53,5810,hh_hl_unlink_plinko_0246,1,True,1,assets/targets/lh_hl_unlink_plinko_0110/col_late_baseblue.jpg,col_late_translate,assets/targets/lh_hl_unlink_plinko_0110/col_late_translatered.jpg,47,5162,lh_hl_unlink_plinko_0110,0,False,0,assets/targets/hh_hl_unlink_plinko_0315/maybecol_basered.jpg,maybecol_translate,assets/targets/hh_hl_unlink_plinko_0315/maybecol_translateblue.jpg,52,6556,hh_hl_unlink_plinko_0315,1,False,5c6f1e080b99a000018cc53b
95,0,assets/targets/lh_ll_unlink_plinko_0060/nocol_basered.jpg,nocol_translate,assets/targets/lh_ll_unlink_plinko_0060/nocol_translateblue.jpg,50,18959,lh_ll_unlink_plinko_0060,-1,False,1,assets/targets/lh_hl_unlink_plinko_0036/col_early_baseblue.jpg,col_early_translate,assets/targets/lh_hl_unlink_plinko_0036/col_early_translatered.jpg,90,27469,lh_hl_unlink_plinko_0036,1,True,1,assets/targets/lh_ll_unlink_plinko_0155/col_late_baseblue.jpg,col_late_translate,assets/targets/lh_ll_unlink_plinko_0155/col_late_translatered.jpg,97,13837,lh_ll_unlink_plinko_0155,1,True,0,assets/targets/hh_hl_unlink_plinko_0240/maybecol_basered.jpg,maybecol_translate,assets/targets/hh_hl_unlink_plinko_0240/maybecol_translate1blue.jpg,59,17289,hh_hl_unlink_plinko_0240,1,False,1,assets/targets/hh_hl_unlink_plinko_0246/maybecol_baseblue.jpg,maybecol_translate,assets/targets/hh_hl_unlink_plinko_0246/maybecol_translate1red.jpg,50,11166,hh_hl_unlink_plinko_0246,-1,False,1,assets/targets/lh_ll_unlink_plinko_0217/nocol_baseblue.jpg,nocol_translate,assets/targets/lh_ll_unlink_plinko_0217/nocol_translate1red.jpg,68,8267,lh_ll_unlink_plinko_0217,1,True,1,assets/targets/hh_hl_unlink_plinko_0105/col_early_baseblue.jpg,col_early_translate,assets/targets/hh_hl_unlink_plinko_0105/col_early_translate1red.jpg,100,12247,hh_hl_unlink_plinko_0105,1,True,1,assets/targets/lh_hl_unlink_plinko_0049/col_early_baseblue.jpg,col_early_translate,assets/targets/lh_hl_unlink_plinko_0049/col_early_translate1red.jpg,100,9280,lh_hl_unlink_plinko_0049,1,True,0,assets/targets/lh_ll_unlink_plinko_0091/col_late_basered.jpg,col_late_translate,assets/targets/lh_ll_unlink_plinko_0091/col_late_translate1blue.jpg,0,9913,lh_ll_unlink_plinko_0091,0,True,1,assets/targets/hh_hl_unlink_plinko_0202/nocol_baseblue.jpg,nocol_translate,assets/targets/hh_hl_unlink_plinko_0202/nocol_translate1red.jpg,55,8187,hh_hl_unlink_plinko_0202,1,True,0,assets/targets/hh_hl_unlink_plinko_0393/nocol_basered.jpg,nocol_translate,assets/targets/hh_hl_unlink_plinko_0393/nocol_translateblue.jpg,40,7470,hh_hl_unlink_plinko_0393,0,True,0,assets/targets/lh_hl_unlink_plinko_0111/col_late_basered.jpg,col_late_translate,assets/targets/lh_hl_unlink_plinko_0111/col_late_translate1blue.jpg,2,7224,lh_hl_unlink_plinko_0111,0,True,1,assets/targets/lh_hl_unlink_plinko_0110/col_late_baseblue.jpg,col_late_translate,assets/targets/lh_hl_unlink_plinko_0110/col_late_translatered.jpg,87,13386,lh_hl_unlink_plinko_0110,1,True,1,assets/targets/hh_hl_unlink_plinko_0269/maybecol_baseblue.jpg,maybecol_translate,assets/targets/hh_hl_unlink_plinko_0269/maybecol_translatered.jpg,10,8217,hh_hl_unlink_plinko_0269,0,False,1,assets/targets/hh_hl_unlink_plinko_0252/maybecol_baseblue.jpg,maybecol_translate,assets/targets/hh_hl_unlink_plinko_0252/maybecol_translatered.jpg,67,14465,hh_hl_unlink_plinko_0252,1,True,0,assets/targets/hh_hl_unlink_plinko_0315/col_early_basered.jpg,col_early_translate,assets/targets/hh_hl_unlink_plinko_0315/col_early_translateblue.jpg,0,9004,hh_hl_unlink_plinko_0315,0,True,5b54ce6fb7ef510001676f99
96,1,assets/targets/lh_hl_unlink_plinko_0111/nocol_baseblue.jpg,nocol_translate,assets/targets/lh_hl_unlink_plinko_0111/nocol_translatered.jpg,92,22853,lh_hl_unlink_plinko_0111,1,True,1,assets/targets/hh_hl_unlink_plinko_0202/maybecol_baseblue.jpg,maybecol_translate,assets/targets/hh_hl_unlink_plinko_0202/maybecol_translatered.jpg,99,10342,hh_hl_unlink_plinko_0202,1,True,0,assets/targets/hh_hl_unlink_plinko_0269/nocol_basered.jpg,nocol_translate,assets/targets/hh_hl_unlink_plinko_0269/nocol_translate1blue.jpg,6,6941,hh_hl_unlink_plinko_0269,0,True,0,assets/targets/lh_ll_unlink_plinko_0155/col_early_basered.jpg,col_early_translate,assets/targets/lh_ll_unlink_plinko_0155/col_early_translateblue.jpg,96,5720,lh_ll_unlink_plinko_0155,1,False,1,assets/targets/lh_ll_unlink_plinko_0091/col_late_baseblue.jpg,col_late_translate,assets/targets/lh_ll_unlink_plinko_0091/col_late_translate1red.jpg,89,8098,lh_ll_unlink_plinko_0091,1,True,1,assets/targets/lh_ll_unlink_plinko_0060/col_early_baseblue.jpg,col_early_translate,assets/targets/lh_ll_unlink_plinko_0060/col_early_translatered.jpg,100,7695,lh_ll_unlink_plinko_0060,1,True,0,assets/targets/hh_hl_unlink_plinko_0246/maybecol_basered.jpg,maybecol_translate,assets/targets/hh_hl_unlink_plinko_0246/maybecol_translate1blue.jpg,0,5767,hh_hl_unlink_plinko_0246,0,True,0,assets/targets/hh_hl_unlink_plinko_0393/maybecol_basered.jpg,maybecol_translate,assets/targets/hh_hl_unlink_plinko_0393/maybecol_translate1blue.jpg,2,8291,hh_hl_unlink_plinko_0393,0,True,1,assets/targets/lh_ll_unlink_plinko_0217/col_late_baseblue.jpg,col_late_translate,assets/targets/lh_ll_unlink_plinko_0217/col_late_translate1red.jpg,97,6119,lh_ll_unlink_plinko_0217,1,True,1,assets/targets/hh_hl_unlink_plinko_0252/maybecol_baseblue.jpg,maybecol_translate,assets/targets/hh_hl_unlink_plinko_0252/maybecol_translate1red.jpg,91,7151,hh_hl_unlink_plinko_0252,1,True,1,assets/targets/lh_hl_unlink_plinko_0049/col_late_baseblue.jpg,col_late_translate,assets/targets/lh_hl_unlink_plinko_0049/col_late_translatered.jpg,99,6406,lh_hl_unlink_plinko_0049,1,True,0,assets/targets/lh_hl_unlink_plinko_0110/nocol_basered.jpg,nocol_translate,assets/targets/lh_hl_unlink_plinko_0110/nocol_translateblue.jpg,3,5901,lh_hl_unlink_plinko_0110,0,True,1,assets/targets/hh_hl_unlink_plinko_0315/col_early_baseblue.jpg,col_early_translate,assets/targets/hh_hl_unlink_plinko_0315/col_early_translatered.jpg,7,6593,hh_hl_unlink_plinko_0315,0,False,1,assets/targets/hh_hl_unlink_plinko_0240/nocol_baseblue.jpg,nocol_translate,assets/targets/hh_hl_unlink_plinko_0240/nocol_translatered.jpg,93,5170,hh_hl_unlink_plinko_0240,1,True,1,assets/targets/hh_hl_unlink_plinko_0105/col_early_baseblue.jpg,col_early_translate,assets/targets/hh_hl_unlink_plinko_0105/col_early_translate1red.jpg,91,5886,hh_hl_unlink_plinko_0105,1,True,0,assets/targets/lh_hl_unlink_plinko_0036/col_late_basered.jpg,col_late_translate,assets/targets/lh_hl_unlink_plinko_0036/col_late_translateblue.jpg,0,5494,lh_hl_unlink_plinko_0036,0,True,5e172ad9c2642a0345b911b7
97,0,assets/targets/lh_hl_unlink_plinko_0111/nocol_basered.jpg,nocol_translate,assets/targets/lh_hl_unlink_plinko_0111/nocol_translate1blue.jpg,57,24317,lh_hl_unlink_plinko_0111,1,False,1,assets/targets/lh_hl_unlink_plinko_0110/col_late_baseblue.jpg,col_late_translate,assets/targets/lh_hl_unlink_plinko_0110/col_late_translate1red.jpg,100,15902,lh_hl_unlink_plinko_0110,1,True,0,assets/targets/hh_hl_unlink_plinko_0105/nocol_basered.jpg,nocol_translate,assets/targets/hh_hl_unlink_plinko_0105/nocol_translateblue.jpg,50,4659,hh_hl_unlink_plinko_0105,-1,False,0,assets/targets/lh_ll_unlink_plinko_0091/nocol_basered.jpg,nocol_translate,assets/targets/lh_ll_unlink_plinko_0091/nocol_translate1blue.jpg,50,3668,lh_ll_unlink_plinko_0091,-1,False,1,assets/targets/lh_hl_unlink_plinko_0049/col_late_baseblue.jpg,col_late_translate,assets/targets/lh_hl_unlink_plinko_0049/col_late_translate1red.jpg,39,9350,lh_hl_unlink_plinko_0049,0,False,1,assets/targets/hh_hl_unlink_plinko_0269/maybecol_baseblue.jpg,maybecol_translate,assets/targets/hh_hl_unlink_plinko_0269/maybecol_translate1red.jpg,66,5927,hh_hl_unlink_plinko_0269,1,True,1,assets/targets/hh_hl_unlink_plinko_0393/maybecol_baseblue.jpg,maybecol_translate,assets/targets/hh_hl_unlink_plinko_0393/maybecol_translate1red.jpg,74,35018,hh_hl_unlink_plinko_0393,1,True,1,assets/targets/lh_ll_unlink_plinko_0155/col_early_baseblue.jpg,col_early_translate,assets/targets/lh_ll_unlink_plinko_0155/col_early_translatered.jpg,100,13997,lh_ll_unlink_plinko_0155,1,True,0,assets/targets/hh_hl_unlink_plinko_0246/maybecol_basered.jpg,maybecol_translate,assets/targets/hh_hl_unlink_plinko_0246/maybecol_translateblue.jpg,56,6153,hh_hl_unlink_plinko_0246,1,False,1,assets/targets/hh_hl_unlink_plinko_0240/col_early_baseblue.jpg,col_early_translate,assets/targets/hh_hl_unlink_plinko_0240/col_early_translatered.jpg,100,9055,hh_hl_unlink_plinko_0240,1,True,0,assets/targets/lh_ll_unlink_plinko_0217/col_late_basered.jpg,col_late_translate,assets/targets/lh_ll_unlink_plinko_0217/col_late_translateblue.jpg,83,20026,lh_ll_unlink_plinko_0217,1,False,0,assets/targets/lh_ll_unlink_plinko_0060/col_early_basered.jpg,col_early_translate,assets/targets/lh_ll_unlink_plinko_0060/col_early_translateblue.jpg,0,16175,lh_ll_unlink_plinko_0060,0,True,1,assets/targets/lh_hl_unlink_plinko_0036/col_late_baseblue.jpg,col_late_translate,assets/targets/lh_hl_unlink_plinko_0036/col_late_translate1red.jpg,86,13484,lh_hl_unlink_plinko_0036,1,True,1,assets/targets/hh_hl_unlink_plinko_0252/nocol_baseblue.jpg,nocol_translate,assets/targets/hh_hl_unlink_plinko_0252/nocol_translate1red.jpg,50,6590,hh_hl_unlink_plinko_0252,-1,False,1,assets/targets/hh_hl_unlink_plinko_0315/maybecol_baseblue.jpg,maybecol_translate,assets/targets/hh_hl_unlink_plinko_0315/maybecol_translatered.jpg,75,9320,hh_hl_unlink_plinko_0315,1,True,0,assets/targets/hh_hl_unlink_plinko_0202/col_early_basered.jpg,col_early_translate,assets/targets/hh_hl_unlink_plinko_0202/col_early_translateblue.jpg,0,10827,hh_hl_unlink_plinko_0202,0,True,610971ac8159690397a047c5
98,0,assets/targets/hh_hl_unlink_plinko_0269/maybecol_basered.jpg,maybecol_translate,assets/targets/hh_hl_unlink_plinko_0269/maybecol_translate1blue.jpg,18,20404,hh_hl_unlink_plinko_0269,0,True,0,assets/targets/lh_ll_unlink_plinko_0091/nocol_basered.jpg,nocol_translate,assets/targets/lh_ll_unlink_plinko_0091/nocol_translate1blue.jpg,49,11894,lh_ll_unlink_plinko_0091,0,True,1,assets/targets/lh_hl_unlink_plinko_0049/col_late_baseblue.jpg,col_late_translate,assets/targets/lh_hl_unlink_plinko_0049/col_late_translate1red.jpg,71,15612,lh_hl_unlink_plinko_0049,1,True,1,assets/targets/lh_hl_unlink_plinko_0111/col_late_baseblue.jpg,col_late_translate,assets/targets/lh_hl_unlink_plinko_0111/col_late_translate1red.jpg,61,13466,lh_hl_unlink_plinko_0111,1,True,1,assets/targets/lh_ll_unlink_plinko_0060/col_late_baseblue.jpg,col_late_translate,assets/targets/lh_ll_unlink_plinko_0060/col_late_translate1red.jpg,63,9159,lh_ll_unlink_plinko_0060,1,True,1,assets/targets/hh_hl_unlink_plinko_0202/maybecol_baseblue.jpg,maybecol_translate,assets/targets/hh_hl_unlink_plinko_0202/maybecol_translate1red.jpg,42,8386,hh_hl_unlink_plinko_0202,0,False,1,assets/targets/lh_hl_unlink_plinko_0110/col_early_baseblue.jpg,col_early_translate,assets/targets/lh_hl_unlink_plinko_0110/col_early_translatered.jpg,70,9491,lh_hl_unlink_plinko_0110,1,True,0,assets/targets/lh_ll_unlink_plinko_0155/col_early_basered.jpg,col_early_translate,assets/targets/lh_ll_unlink_plinko_0155/col_early_translate1blue.jpg,32,6454,lh_ll_unlink_plinko_0155,0,True,0,assets/targets/hh_hl_unlink_plinko_0105/maybecol_basered.jpg,maybecol_translate,assets/targets/hh_hl_unlink_plinko_0105/maybecol_translate1blue.jpg,35,6512,hh_hl_unlink_plinko_0105,0,True,0,assets/targets/lh_hl_unlink_plinko_0036/col_late_basered.jpg,col_late_translate,assets/targets/lh_hl_unlink_plinko_0036/col_late_translate1blue.jpg,31,8490,lh_hl_unlink_plinko_0036,0,True,1,assets/targets/hh_hl_unlink_plinko_0246/col_early_baseblue.jpg,col_early_translate,assets/targets/hh_hl_unlink_plinko_0246/col_early_translate1red.jpg,67,4967,hh_hl_unlink_plinko_0246,1,True,1,assets/targets/lh_ll_unlink_plinko_0217/nocol_baseblue.jpg,nocol_translate,assets/targets/lh_ll_unlink_plinko_0217/nocol_translatered.jpg,32,6915,lh_ll_unlink_plinko_0217,0,False,0,assets/targets/hh_hl_unlink_plinko_0252/maybecol_basered.jpg,maybecol_translate,assets/targets/hh_hl_unlink_plinko_0252/maybecol_translate1blue.jpg,33,9823,hh_hl_unlink_plinko_0252,0,True,1,assets/targets/hh_hl_unlink_plinko_0315/nocol_baseblue.jpg,nocol_translate,assets/targets/hh_hl_unlink_plinko_0315/nocol_translate1red.jpg,60,11963,hh_hl_unlink_plinko_0315,1,True,0,assets/targets/hh_hl_unlink_plinko_0393/col_early_basered.jpg,col_early_translate,assets/targets/hh_hl_unlink_plinko_0393/col_early_translate1blue.jpg,63,6177,hh_hl_unlink_plinko_0393,1,False,1,assets/targets/hh_hl_unlink_plinko_0240/nocol_baseblue.jpg,nocol_translate,assets/targets/hh_hl_unlink_plinko_0240/nocol_translate1red.jpg,35,6796,hh_hl_unlink_plinko_0240,0,False,5c492c7167b61b000190bfe8
99,0,assets/targets/lh_hl_unlink_plinko_0036/col_late_basered.jpg,col_late_translate,assets/targets/lh_hl_unlink_plinko_0036/col_late_translateblue.jpg,28,23823,lh_hl_unlink_plinko_0036,0,True,1,assets/targets/hh_hl_unlink_plinko_0202/maybecol_baseblue.jpg,maybecol_translate,assets/targets/hh_hl_unlink_plinko_0202/maybecol_translatered.jpg,88,10582,hh_hl_unlink_plinko_0202,1,True,1,assets/targets/lh_ll_unlink_plinko_0091/col_early_baseblue.jpg,col_early_translate,assets/targets/lh_ll_unlink_plinko_0091/col_early_translate1red.jpg,62,22385,lh_ll_unlink_plinko_0091,1,True,1,assets/targets/hh_hl_unlink_plinko_0315/nocol_baseblue.jpg,nocol_translate,assets/targets/hh_hl_unlink_plinko_0315/nocol_translatered.jpg,62,49477,hh_hl_unlink_plinko_0315,1,True,1,assets/targets/hh_hl_unlink_plinko_0240/maybecol_baseblue.jpg,maybecol_translate,assets/targets/hh_hl_unlink_plinko_0240/maybecol_translate1red.jpg,29,11058,hh_hl_unlink_plinko_0240,0,False,0,assets/targets/lh_ll_unlink_plinko_0155/col_late_basered.jpg,col_late_translate,assets/targets/lh_ll_unlink_plinko_0155/col_late_translate1blue.jpg,10,8656,lh_ll_unlink_plinko_0155,0,True,1,assets/targets/lh_ll_unlink_plinko_0217/col_late_baseblue.jpg,col_late_translate,assets/targets/lh_ll_unlink_plinko_0217/col_late_translate1red.jpg,87,7228,lh_ll_unlink_plinko_0217,1,True,1,assets/targets/hh_hl_unlink_plinko_0252/col_early_baseblue.jpg,col_early_translate,assets/targets/hh_hl_unlink_plinko_0252/col_early_translate1red.jpg,11,6174,hh_hl_unlink_plinko_0252,0,False,0,assets/targets/lh_hl_unlink_plinko_0110/nocol_basered.jpg,nocol_translate,assets/targets/lh_hl_unlink_plinko_0110/nocol_translate1blue.jpg,43,12030,lh_hl_unlink_plinko_0110,0,True,0,assets/targets/lh_hl_unlink_plinko_0111/col_late_basered.jpg,col_late_translate,assets/targets/lh_hl_unlink_plinko_0111/col_late_translateblue.jpg,37,11586,lh_hl_unlink_plinko_0111,0,True,1,assets/targets/hh_hl_unlink_plinko_0393/col_early_baseblue.jpg,col_early_translate,assets/targets/hh_hl_unlink_plinko_0393/col_early_translatered.jpg,92,7410,hh_hl_unlink_plinko_0393,1,True,1,assets/targets/hh_hl_unlink_plinko_0105/maybecol_baseblue.jpg,maybecol_translate,assets/targets/hh_hl_unlink_plinko_0105/maybecol_translatered.jpg,45,14321,hh_hl_unlink_plinko_0105,0,False,1,assets/targets/hh_hl_unlink_plinko_0246/maybecol_baseblue.jpg,maybecol_translate,assets/targets/hh_hl_unlink_plinko_0246/maybecol_translatered.jpg,94,10705,hh_hl_unlink_plinko_0246,1,True,0,assets/targets/hh_hl_unlink_plinko_0269/nocol_basered.jpg,nocol_translate,assets/targets/hh_hl_unlink_plinko_0269/nocol_translate1blue.jpg,38,6327,hh_hl_unlink_plinko_0269,0,True,0,assets/targets/lh_hl_unlink_plinko_0049/col_early_basered.jpg,col_early_translate,assets/targets/lh_hl_unlink_plinko_0049/col_early_translate1blue.jpg,4,6721,lh_hl_unlink_plinko_0049,0,True,1,assets/targets/lh_ll_unlink_plinko_0060/nocol_baseblue.jpg,nocol_translate,assets/targets/lh_ll_unlink_plinko_0060/nocol_translate1red.jpg,62,8387,lh_ll_unlink_plinko_0060,1,True,62d44d484a28cd313e2c3ba4
100,1,assets/targets/lh_hl_unlink_plinko_0110/nocol_baseblue.jpg,nocol_translate,assets/targets/lh_hl_unlink_plinko_0110/nocol_translatered.jpg,7,15989,lh_hl_unlink_plinko_0110,0,False,1,assets/targets/lh_ll_unlink_plinko_0091/col_late_baseblue.jpg,col_late_translate,assets/targets/lh_ll_unlink_plinko_0091/col_late_translatered.jpg,97,9861,lh_ll_unlink_plinko_0091,1,True,0,assets/targets/lh_hl_unlink_plinko_0049/col_late_basered.jpg,col_late_translate,assets/targets/lh_hl_unlink_plinko_0049/col_late_translateblue.jpg,90,7695,lh_hl_unlink_plinko_0049,1,False,1,assets/targets/hh_hl_unlink_plinko_0105/col_early_baseblue.jpg,col_early_translate,assets/targets/hh_hl_unlink_plinko_0105/col_early_translatered.jpg,83,5278,hh_hl_unlink_plinko_0105,1,True,1,assets/targets/lh_hl_unlink_plinko_0036/col_early_baseblue.jpg,col_early_translate,assets/targets/lh_hl_unlink_plinko_0036/col_early_translate1red.jpg,94,17732,lh_hl_unlink_plinko_0036,1,True,1,assets/targets/hh_hl_unlink_plinko_0393/maybecol_baseblue.jpg,maybecol_translate,assets/targets/hh_hl_unlink_plinko_0393/maybecol_translate1red.jpg,3,7730,hh_hl_unlink_plinko_0393,0,False,1,assets/targets/lh_ll_unlink_plinko_0155/col_late_baseblue.jpg,col_late_translate,assets/targets/lh_ll_unlink_plinko_0155/col_late_translatered.jpg,85,6871,lh_ll_unlink_plinko_0155,1,True,0,assets/targets/hh_hl_unlink_plinko_0252/nocol_basered.jpg,nocol_translate,assets/targets/hh_hl_unlink_plinko_0252/nocol_translate1blue.jpg,0,5725,hh_hl_unlink_plinko_0252,0,True,1,assets/targets/hh_hl_unlink_plinko_0202/maybecol_baseblue.jpg,maybecol_translate,assets/targets/hh_hl_unlink_plinko_0202/maybecol_translatered.jpg,75,6950,hh_hl_unlink_plinko_0202,1,True,0,assets/targets/hh_hl_unlink_plinko_0315/maybecol_basered.jpg,maybecol_translate,assets/targets/hh_hl_unlink_plinko_0315/maybecol_translate1blue.jpg,57,10726,hh_hl_unlink_plinko_0315,1,False,0,assets/targets/lh_ll_unlink_plinko_0060/col_late_basered.jpg,col_late_translate,assets/targets/lh_ll_unlink_plinko_0060/col_late_translateblue.jpg,76,6331,lh_ll_unlink_plinko_0060,1,False,0,assets/targets/hh_hl_unlink_plinko_0246/col_early_basered.jpg,col_early_translate,assets/targets/hh_hl_unlink_plinko_0246/col_early_translate1blue.jpg,69,7933,hh_hl_unlink_plinko_0246,1,False,0,assets/targets/hh_hl_unlink_plinko_0240/nocol_basered.jpg,nocol_translate,assets/targets/hh_hl_unlink_plinko_0240/nocol_translate1blue.jpg,22,5293,hh_hl_unlink_plinko_0240,0,True,1,assets/targets/lh_hl_unlink_plinko_0111/col_early_baseblue.jpg,col_early_translate,assets/targets/lh_hl_unlink_plinko_0111/col_early_translatered.jpg,73,4628,lh_hl_unlink_plinko_0111,1,True,0,assets/targets/hh_hl_unlink_plinko_0269/maybecol_basered.jpg,maybecol_translate,assets/targets/hh_hl_unlink_plinko_0269/maybecol_translateblue.jpg,62,4012,hh_hl_unlink_plinko_0269,1,False,1,assets/targets/lh_ll_unlink_plinko_0217/nocol_baseblue.jpg,nocol_translate,assets/targets/lh_ll_unlink_plinko_0217/nocol_translate1red.jpg,65,10359,lh_ll_unlink_plinko_0217,1,True,636212999d9d4a04989c95e9
101,1,assets/targets/hh_hl_unlink_plinko_0105/nocol_baseblue.jpg,nocol_translate,assets/targets/hh_hl_unlink_plinko_0105/nocol_translatered.jpg,79,18790,hh_hl_unlink_plinko_0105,1,True,0,assets/targets/lh_hl_unlink_plinko_0049/col_early_basered.jpg,col_early_translate,assets/targets/lh_hl_unlink_plinko_0049/col_early_translateblue.jpg,0,6510,lh_hl_unlink_plinko_0049,0,True,1,assets/targets/lh_hl_unlink_plinko_0110/nocol_baseblue.jpg,nocol_translate,assets/targets/lh_hl_unlink_plinko_0110/nocol_translatered.jpg,50,7731,lh_hl_unlink_plinko_0110,-1,False,0,assets/targets/lh_hl_unlink_plinko_0036/col_late_basered.jpg,col_late_translate,assets/targets/lh_hl_unlink_plinko_0036/col_late_translateblue.jpg,100,6942,lh_hl_unlink_plinko_0036,1,False,0,assets/targets/hh_hl_unlink_plinko_0202/maybecol_basered.jpg,maybecol_translate,assets/targets/hh_hl_unlink_plinko_0202/maybecol_translate1blue.jpg,100,6125,hh_hl_unlink_plinko_0202,1,False,1,assets/targets/lh_ll_unlink_plinko_0217/col_late_baseblue.jpg,col_late_translate,assets/targets/lh_ll_unlink_plinko_0217/col_late_translatered.jpg,100,8056,lh_ll_unlink_plinko_0217,1,True,0,assets/targets/lh_hl_unlink_plinko_0111/col_late_basered.jpg,col_late_translate,assets/targets/lh_hl_unlink_plinko_0111/col_late_translateblue.jpg,19,5642,lh_hl_unlink_plinko_0111,0,True,0,assets/targets/hh_hl_unlink_plinko_0269/nocol_basered.jpg,nocol_translate,assets/targets/hh_hl_unlink_plinko_0269/nocol_translateblue.jpg,8,10536,hh_hl_unlink_plinko_0269,0,True,0,assets/targets/lh_ll_unlink_plinko_0060/col_early_basered.jpg,col_early_translate,assets/targets/lh_ll_unlink_plinko_0060/col_early_translateblue.jpg,0,4176,lh_ll_unlink_plinko_0060,0,True,0,assets/targets/hh_hl_unlink_plinko_0315/maybecol_basered.jpg,maybecol_translate,assets/targets/hh_hl_unlink_plinko_0315/maybecol_translate1blue.jpg,71,5048,hh_hl_unlink_plinko_0315,1,False,1,assets/targets/hh_hl_unlink_plinko_0246/maybecol_baseblue.jpg,maybecol_translate,assets/targets/hh_hl_unlink_plinko_0246/maybecol_translate1red.jpg,66,3388,hh_hl_unlink_plinko_0246,1,True,1,assets/targets/lh_hl_unlink_plinko_0036/nocol_baseblue.jpg,nocol_translate,assets/targets/lh_hl_unlink_plinko_0036/nocol_translatered.jpg,50,2647,lh_hl_unlink_plinko_0036,-1,False,1,assets/targets/hh_hl_unlink_plinko_0240/maybecol_baseblue.jpg,maybecol_translate,assets/targets/hh_hl_unlink_plinko_0240/maybecol_translatered.jpg,67,9810,hh_hl_unlink_plinko_0240,1,True,0,assets/targets/lh_ll_unlink_plinko_0091/col_late_basered.jpg,col_late_translate,assets/targets/lh_ll_unlink_plinko_0091/col_late_translateblue.jpg,84,5722,lh_ll_unlink_plinko_0091,1,False,1,assets/targets/hh_hl_unlink_plinko_0252/col_early_baseblue.jpg,col_early_translate,assets/targets/hh_hl_unlink_plinko_0252/col_early_translate1red.jpg,51,4600,hh_hl_unlink_plinko_0252,1,True,1,assets/targets/hh_hl_unlink_plinko_0393/col_early_baseblue.jpg,col_early_translate,assets/targets/hh_hl_unlink_plinko_0393/col_early_translatered.jpg,75,3655,hh_hl_unlink_plinko_0393,1,True,5dd446ab87c1fd43fbb49aa1
102,1,assets/targets/hh_hl_unlink_plinko_0252/nocol_baseblue.jpg,nocol_translate,assets/targets/hh_hl_unlink_plinko_0252/nocol_translatered.jpg,5,17878,hh_hl_unlink_plinko_0252,0,False,1,assets/targets/lh_ll_unlink_plinko_0155/col_late_baseblue.jpg,col_late_translate,assets/targets/lh_ll_unlink_plinko_0155/col_late_translate1red.jpg,9,14078,lh_ll_unlink_plinko_0155,0,False,0,assets/targets/hh_hl_unlink_plinko_0315/maybecol_basered.jpg,maybecol_translate,assets/targets/hh_hl_unlink_plinko_0315/maybecol_translateblue.jpg,92,5585,hh_hl_unlink_plinko_0315,1,False,0,assets/targets/lh_ll_unlink_plinko_0091/nocol_basered.jpg,nocol_translate,assets/targets/lh_ll_unlink_plinko_0091/nocol_translateblue.jpg,4,4688,lh_ll_unlink_plinko_0091,0,True,1,assets/targets/lh_ll_unlink_plinko_0060/col_late_baseblue.jpg,col_late_translate,assets/targets/lh_ll_unlink_plinko_0060/col_late_translatered.jpg,62,17953,lh_ll_unlink_plinko_0060,1,True,1,assets/targets/hh_hl_unlink_plinko_0202/col_early_baseblue.jpg,col_early_translate,assets/targets/hh_hl_unlink_plinko_0202/col_early_translate1red.jpg,24,5395,hh_hl_unlink_plinko_0202,0,False,1,assets/targets/hh_hl_unlink_plinko_0393/maybecol_baseblue.jpg,maybecol_translate,assets/targets/hh_hl_unlink_plinko_0393/maybecol_translatered.jpg,6,4510,hh_hl_unlink_plinko_0393,0,False,1,assets/targets/lh_ll_unlink_plinko_0155/col_early_baseblue.jpg,col_early_translate,assets/targets/lh_ll_unlink_plinko_0155/col_early_translatered.jpg,93,10009,lh_ll_unlink_plinko_0155,1,True,1,assets/targets/lh_hl_unlink_plinko_0110/col_late_baseblue.jpg,col_late_translate,assets/targets/lh_hl_unlink_plinko_0110/col_late_translatered.jpg,15,4607,lh_hl_unlink_plinko_0110,0,False,1,assets/targets/hh_hl_unlink_plinko_0202/maybecol_baseblue.jpg,maybecol_translate,assets/targets/hh_hl_unlink_plinko_0202/maybecol_translatered.jpg,91,5051,hh_hl_unlink_plinko_0202,1,True,0,assets/targets/lh_ll_unlink_plinko_0217/col_late_basered.jpg,col_late_translate,assets/targets/lh_ll_unlink_plinko_0217/col_late_translate1blue.jpg,90,5586,lh_ll_unlink_plinko_0217,1,False,0,assets/targets/lh_hl_unlink_plinko_0049/col_early_basered.jpg,col_early_translate,assets/targets/lh_hl_unlink_plinko_0049/col_early_translate1blue.jpg,16,3900,lh_hl_unlink_plinko_0049,0,True,0,assets/targets/hh_hl_unlink_plinko_0246/maybecol_basered.jpg,maybecol_translate,assets/targets/hh_hl_unlink_plinko_0246/maybecol_translateblue.jpg,73,6231,hh_hl_unlink_plinko_0246,1,False,1,assets/targets/hh_hl_unlink_plinko_0393/col_early_baseblue.jpg,col_early_translate,assets/targets/hh_hl_unlink_plinko_0393/col_early_translate1red.jpg,63,4734,hh_hl_unlink_plinko_0393,1,True,1,assets/targets/lh_hl_unlink_plinko_0111/nocol_baseblue.jpg,nocol_translate,assets/targets/lh_hl_unlink_plinko_0111/nocol_translate1red.jpg,44,5612,lh_hl_unlink_plinko_0111,0,False,0,assets/targets/hh_hl_unlink_plinko_0269/nocol_basered.jpg,nocol_translate,assets/targets/hh_hl_unlink_plinko_0269/nocol_translate1blue.jpg,87,3243,hh_hl_unlink_plinko_0269,1,False,6277cd4fea5f69868617658b
103,0,assets/targets/lh_ll_unlink_plinko_0155/col_early_basered.jpg,col_early_translate,assets/targets/lh_ll_unlink_plinko_0155/col_early_translateblue.jpg,43,30382,lh_ll_unlink_plinko_0155,0,True,0,assets/targets/hh_hl_unlink_plinko_0240/maybecol_basered.jpg,maybecol_translate,assets/targets/hh_hl_unlink_plinko_0240/maybecol_translateblue.jpg,34,10984,hh_hl_unlink_plinko_0240,0,True,1,assets/targets/hh_hl_unlink_plinko_0315/nocol_baseblue.jpg,nocol_translate,assets/targets/hh_hl_unlink_plinko_0315/nocol_translate1red.jpg,45,13492,hh_hl_unlink_plinko_0315,0,False,0,assets/targets/hh_hl_unlink_plinko_0269/maybecol_basered.jpg,maybecol_translate,assets/targets/hh_hl_unlink_plinko_0269/maybecol_translate1blue.jpg,0,7781,hh_hl_unlink_plinko_0269,0,True,0,assets/targets/hh_hl_unlink_plinko_0393/maybecol_basered.jpg,maybecol_translate,assets/targets/hh_hl_unlink_plinko_0393/maybecol_translate1blue.jpg,17,12380,hh_hl_unlink_plinko_0393,0,True,1,assets/targets/lh_hl_unlink_plinko_0110/col_late_baseblue.jpg,col_late_translate,assets/targets/lh_hl_unlink_plinko_0110/col_late_translate1red.jpg,100,7371,lh_hl_unlink_plinko_0110,1,True,1,assets/targets/hh_hl_unlink_plinko_0246/maybecol_baseblue.jpg,maybecol_translate,assets/targets/hh_hl_unlink_plinko_0246/maybecol_translatered.jpg,36,7867,hh_hl_unlink_plinko_0246,0,False,0,assets/targets/lh_ll_unlink_plinko_0091/col_late_basered.jpg,col_late_translate,assets/targets/lh_ll_unlink_plinko_0091/col_late_translate1blue.jpg,32,5860,lh_ll_unlink_plinko_0091,0,True,1,assets/targets/lh_hl_unlink_plinko_0111/col_late_baseblue.jpg,col_late_translate,assets/targets/lh_hl_unlink_plinko_0111/col_late_translate1red.jpg,94,10390,lh_hl_unlink_plinko_0111,1,True,1,assets/targets/hh_hl_unlink_plinko_0105/col_early_baseblue.jpg,col_early_translate,assets/targets/hh_hl_unlink_plinko_0105/col_early_translate1red.jpg,100,6261,hh_hl_unlink_plinko_0105,1,True,0,assets/targets/lh_hl_unlink_plinko_0049/nocol_basered.jpg,nocol_translate,assets/targets/lh_hl_unlink_plinko_0049/nocol_translate1blue.jpg,53,10142,lh_hl_unlink_plinko_0049,1,False,1,assets/targets/lh_hl_unlink_plinko_0036/col_early_baseblue.jpg,col_early_translate,assets/targets/lh_hl_unlink_plinko_0036/col_early_translate1red.jpg,100,9143,lh_hl_unlink_plinko_0036,1,True,0,assets/targets/hh_hl_unlink_plinko_0202/nocol_basered.jpg,nocol_translate,assets/targets/hh_hl_unlink_plinko_0202/nocol_translate1blue.jpg,100,8068,hh_hl_unlink_plinko_0202,1,False,0,assets/targets/lh_ll_unlink_plinko_0060/col_late_basered.jpg,col_late_translate,assets/targets/lh_ll_unlink_plinko_0060/col_late_translateblue.jpg,0,12433,lh_ll_unlink_plinko_0060,0,True,0,assets/targets/lh_ll_unlink_plinko_0217/nocol_basered.jpg,nocol_translate,assets/targets/lh_ll_unlink_plinko_0217/nocol_translate1blue.jpg,0,7277,lh_ll_unlink_plinko_0217,0,True,0,assets/targets/hh_hl_unlink_plinko_0252/col_early_basered.jpg,col_early_translate,assets/targets/hh_hl_unlink_plinko_0252/col_early_translateblue.jpg,0,6573,hh_hl_unlink_plinko_0252,0,True,60fc54b735f3211d0d10a371
104,0,assets/targets/lh_ll_unlink_plinko_0091/nocol_basered.jpg,nocol_translate,assets/targets/lh_ll_unlink_plinko_0091/nocol_translateblue.jpg,43,46203,lh_ll_unlink_plinko_0091,0,True,1,assets/targets/hh_hl_unlink_plinko_0240/col_early_baseblue.jpg,col_early_translate,assets/targets/hh_hl_unlink_plinko_0240/col_early_translatered.jpg,22,15788,hh_hl_unlink_plinko_0240,0,False,1,assets/targets/hh_hl_unlink_plinko_0240/nocol_baseblue.jpg,nocol_translate,assets/targets/hh_hl_unlink_plinko_0240/nocol_translatered.jpg,60,10471,hh_hl_unlink_plinko_0240,1,True,1,assets/targets/lh_ll_unlink_plinko_0217/col_late_baseblue.jpg,col_late_translate,assets/targets/lh_ll_unlink_plinko_0217/col_late_translate1red.jpg,20,9035,lh_ll_unlink_plinko_0217,0,False,1,assets/targets/hh_hl_unlink_plinko_0393/col_early_baseblue.jpg,col_early_translate,assets/targets/hh_hl_unlink_plinko_0393/col_early_translatered.jpg,57,6310,hh_hl_unlink_plinko_0393,1,True,1,assets/targets/hh_hl_unlink_plinko_0269/maybecol_baseblue.jpg,maybecol_translate,assets/targets/hh_hl_unlink_plinko_0269/maybecol_translate1red.jpg,46,6306,hh_hl_unlink_plinko_0269,0,False,0,assets/targets/lh_hl_unlink_plinko_0110/nocol_basered.jpg,nocol_translate,assets/targets/lh_hl_unlink_plinko_0110/nocol_translate1blue.jpg,28,5316,lh_hl_unlink_plinko_0110,0,True,1,assets/targets/lh_ll_unlink_plinko_0217/col_early_baseblue.jpg,col_early_translate,assets/targets/lh_ll_unlink_plinko_0217/col_early_translatered.jpg,43,6587,lh_ll_unlink_plinko_0217,0,False,0,assets/targets/lh_hl_unlink_plinko_0049/col_late_basered.jpg,col_late_translate,assets/targets/lh_hl_unlink_plinko_0049/col_late_translateblue.jpg,53,6093,lh_hl_unlink_plinko_0049,1,False,0,assets/targets/lh_ll_unlink_plinko_0155/col_late_basered.jpg,col_late_translate,assets/targets/lh_ll_unlink_plinko_0155/col_late_translate1blue.jpg,55,5713,lh_ll_unlink_plinko_0155,1,False,0,assets/targets/lh_ll_unlink_plinko_0060/col_late_basered.jpg,col_late_translate,assets/targets/lh_ll_unlink_plinko_0060/col_late_translateblue.jpg,58,16842,lh_ll_unlink_plinko_0060,1,False,0,assets/targets/hh_hl_unlink_plinko_0315/nocol_basered.jpg,nocol_translate,assets/targets/hh_hl_unlink_plinko_0315/nocol_translate1blue.jpg,55,5857,hh_hl_unlink_plinko_0315,1,False,0,assets/targets/lh_ll_unlink_plinko_0091/col_early_basered.jpg,col_early_translate,assets/targets/lh_ll_unlink_plinko_0091/col_early_translate1blue.jpg,60,7295,lh_ll_unlink_plinko_0091,1,False,1,assets/targets/hh_hl_unlink_plinko_0252/maybecol_baseblue.jpg,maybecol_translate,assets/targets/hh_hl_unlink_plinko_0252/maybecol_translatered.jpg,54,5174,hh_hl_unlink_plinko_0252,1,True,0,assets/targets/hh_hl_unlink_plinko_0105/maybecol_basered.jpg,maybecol_translate,assets/targets/hh_hl_unlink_plinko_0105/maybecol_translate1blue.jpg,55,7032,hh_hl_unlink_plinko_0105,1,False,0,assets/targets/hh_hl_unlink_plinko_0246/maybecol_basered.jpg,maybecol_translate,assets/targets/hh_hl_unlink_plinko_0246/maybecol_translate1blue.jpg,46,7476,hh_hl_unlink_plinko_0246,0,True,59cadb5f59b379000115128d
105,1,assets/targets/lh_hl_unlink_plinko_0110/col_late_baseblue.jpg,col_late_translate,assets/targets/lh_hl_unlink_plinko_0110/col_late_translatered.jpg,79,27112,lh_hl_unlink_plinko_0110,1,True,1,assets/targets/hh_hl_unlink_plinko_0240/maybecol_baseblue.jpg,maybecol_translate,assets/targets/hh_hl_unlink_plinko_0240/maybecol_translate1red.jpg,61,13619,hh_hl_unlink_plinko_0240,1,True,0,assets/targets/hh_hl_unlink_plinko_0252/maybecol_basered.jpg,maybecol_translate,assets/targets/hh_hl_unlink_plinko_0252/maybecol_translateblue.jpg,40,6843,hh_hl_unlink_plinko_0252,0,True,1,assets/targets/lh_hl_unlink_plinko_0049/col_early_baseblue.jpg,col_early_translate,assets/targets/lh_hl_unlink_plinko_0049/col_early_translate1red.jpg,50,4476,lh_hl_unlink_plinko_0049,-1,False,0,assets/targets/lh_ll_unlink_plinko_0091/col_late_basered.jpg,col_late_translate,assets/targets/lh_ll_unlink_plinko_0091/col_late_translate1blue.jpg,46,6497,lh_ll_unlink_plinko_0091,0,True,1,assets/targets/lh_hl_unlink_plinko_0036/col_late_baseblue.jpg,col_late_translate,assets/targets/lh_hl_unlink_plinko_0036/col_late_translatered.jpg,30,5900,lh_hl_unlink_plinko_0036,0,False,1,assets/targets/hh_hl_unlink_plinko_0315/maybecol_baseblue.jpg,maybecol_translate,assets/targets/hh_hl_unlink_plinko_0315/maybecol_translatered.jpg,50,3001,hh_hl_unlink_plinko_0315,-1,False,0,assets/targets/lh_ll_unlink_plinko_0217/col_late_basered.jpg,col_late_translate,assets/targets/lh_ll_unlink_plinko_0217/col_late_translate1blue.jpg,50,2721,lh_ll_unlink_plinko_0217,-1,False,1,assets/targets/lh_ll_unlink_plinko_0060/nocol_baseblue.jpg,nocol_translate,assets/targets/lh_ll_unlink_plinko_0060/nocol_translate1red.jpg,50,3305,lh_ll_unlink_plinko_0060,-1,False,1,assets/targets/hh_hl_unlink_plinko_0202/col_early_baseblue.jpg,col_early_translate,assets/targets/hh_hl_unlink_plinko_0202/col_early_translate1red.jpg,50,2836,hh_hl_unlink_plinko_0202,-1,False,0,assets/targets/hh_hl_unlink_plinko_0105/col_early_basered.jpg,col_early_translate,assets/targets/hh_hl_unlink_plinko_0105/col_early_translate1blue.jpg,0,10708,hh_hl_unlink_plinko_0105,0,True,1,assets/targets/lh_hl_unlink_plinko_0111/col_early_baseblue.jpg,col_early_translate,assets/targets/lh_hl_unlink_plinko_0111/col_early_translate1red.jpg,100,9843,lh_hl_unlink_plinko_0111,1,True,1,assets/targets/hh_hl_unlink_plinko_0246/maybecol_baseblue.jpg,maybecol_translate,assets/targets/hh_hl_unlink_plinko_0246/maybecol_translatered.jpg,50,4780,hh_hl_unlink_plinko_0246,-1,False,1,assets/targets/hh_hl_unlink_plinko_0393/nocol_baseblue.jpg,nocol_translate,assets/targets/hh_hl_unlink_plinko_0393/nocol_translate1red.jpg,50,2851,hh_hl_unlink_plinko_0393,-1,False,0,assets/targets/hh_hl_unlink_plinko_0269/nocol_basered.jpg,nocol_translate,assets/targets/hh_hl_unlink_plinko_0269/nocol_translateblue.jpg,50,2562,hh_hl_unlink_plinko_0269,-1,False,0,assets/targets/lh_ll_unlink_plinko_0155/nocol_basered.jpg,nocol_translate,assets/targets/lh_ll_unlink_plinko_0155/nocol_translate1blue.jpg,50,3049,lh_ll_unlink_plinko_0155,-1,False,61573426f11e0627ff97f5fc
106,0,assets/targets/lh_ll_unlink_plinko_0155/nocol_basered.jpg,nocol_translate,assets/targets/lh_ll_unlink_plinko_0155/nocol_translate1blue.jpg,49,43678,lh_ll_unlink_plinko_0155,0,True,1,assets/targets/lh_ll_unlink_plinko_0060/col_late_baseblue.jpg,col_late_translate,assets/targets/lh_ll_unlink_plinko_0060/col_late_translate1red.jpg,49,17964,lh_ll_unlink_plinko_0060,0,False,1,assets/targets/hh_hl_unlink_plinko_0252/maybecol_baseblue.jpg,maybecol_translate,assets/targets/hh_hl_unlink_plinko_0252/maybecol_translatered.jpg,52,13081,hh_hl_unlink_plinko_0252,1,True,0,assets/targets/lh_hl_unlink_plinko_0036/col_late_basered.jpg,col_late_translate,assets/targets/lh_hl_unlink_plinko_0036/col_late_translateblue.jpg,49,15892,lh_hl_unlink_plinko_0036,0,True,0,assets/targets/hh_hl_unlink_plinko_0105/col_early_basered.jpg,col_early_translate,assets/targets/hh_hl_unlink_plinko_0105/col_early_translateblue.jpg,51,19339,hh_hl_unlink_plinko_0105,1,False,0,assets/targets/lh_hl_unlink_plinko_0110/col_early_basered.jpg,col_early_translate,assets/targets/lh_hl_unlink_plinko_0110/col_early_translate1blue.jpg,53,14143,lh_hl_unlink_plinko_0110,1,False,0,assets/targets/hh_hl_unlink_plinko_0240/maybecol_basered.jpg,maybecol_translate,assets/targets/hh_hl_unlink_plinko_0240/maybecol_translateblue.jpg,49,5417,hh_hl_unlink_plinko_0240,0,True,0,assets/targets/lh_ll_unlink_plinko_0091/col_early_basered.jpg,col_early_translate,assets/targets/lh_ll_unlink_plinko_0091/col_early_translate1blue.jpg,52,16606,lh_ll_unlink_plinko_0091,1,False,1,assets/targets/lh_hl_unlink_plinko_0111/col_late_baseblue.jpg,col_late_translate,assets/targets/lh_hl_unlink_plinko_0111/col_late_translatered.jpg,50,15347,lh_hl_unlink_plinko_0111,-1,False,1,assets/targets/hh_hl_unlink_plinko_0393/maybecol_baseblue.jpg,maybecol_translate,assets/targets/hh_hl_unlink_plinko_0393/maybecol_translate1red.jpg,47,6154,hh_hl_unlink_plinko_0393,0,False,1,assets/targets/hh_hl_unlink_plinko_0269/col_early_baseblue.jpg,col_early_translate,assets/targets/hh_hl_unlink_plinko_0269/col_early_translatered.jpg,44,11917,hh_hl_unlink_plinko_0269,0,False,0,assets/targets/lh_hl_unlink_plinko_0049/col_late_basered.jpg,col_late_translate,assets/targets/lh_hl_unlink_plinko_0049/col_late_translateblue.jpg,53,33141,lh_hl_unlink_plinko_0049,1,False,0,assets/targets/hh_hl_unlink_plinko_0202/nocol_basered.jpg,nocol_translate,assets/targets/hh_hl_unlink_plinko_0202/nocol_translateblue.jpg,55,11656,hh_hl_unlink_plinko_0202,1,False,1,assets/targets/hh_hl_unlink_plinko_0246/nocol_baseblue.jpg,nocol_translate,assets/targets/hh_hl_unlink_plinko_0246/nocol_translatered.jpg,49,11990,hh_hl_unlink_plinko_0246,0,False,0,assets/targets/hh_hl_unlink_plinko_0315/maybecol_basered.jpg,maybecol_translate,assets/targets/hh_hl_unlink_plinko_0315/maybecol_translate1blue.jpg,49,9532,hh_hl_unlink_plinko_0315,0,True,0,assets/targets/lh_ll_unlink_plinko_0217/nocol_basered.jpg,nocol_translate,assets/targets/lh_ll_unlink_plinko_0217/nocol_translateblue.jpg,51,10540,lh_ll_unlink_plinko_0217,1,False,55c5d75efdf99b255411b190
107,0,assets/targets/lh_hl_unlink_plinko_0111/nocol_basered.jpg,nocol_translate,assets/targets/lh_hl_unlink_plinko_0111/nocol_translateblue.jpg,50,47220,lh_hl_unlink_plinko_0111,-1,False,1,assets/targets/lh_ll_unlink_plinko_0155/col_late_baseblue.jpg,col_late_translate,assets/targets/lh_ll_unlink_plinko_0155/col_late_translatered.jpg,94,9427,lh_ll_unlink_plinko_0155,1,True,0,assets/targets/hh_hl_unlink_plinko_0202/nocol_basered.jpg,nocol_translate,assets/targets/hh_hl_unlink_plinko_0202/nocol_translateblue.jpg,50,4382,hh_hl_unlink_plinko_0202,-1,False,0,assets/targets/lh_hl_unlink_plinko_0036/nocol_basered.jpg,nocol_translate,assets/targets/lh_hl_unlink_plinko_0036/nocol_translate1blue.jpg,50,3712,lh_hl_unlink_plinko_0036,-1,False,0,assets/targets/hh_hl_unlink_plinko_0269/maybecol_basered.jpg,maybecol_translate,assets/targets/hh_hl_unlink_plinko_0269/maybecol_translateblue.jpg,84,10146,hh_hl_unlink_plinko_0269,1,False,0,assets/targets/lh_hl_unlink_plinko_0049/col_late_basered.jpg,col_late_translate,assets/targets/lh_hl_unlink_plinko_0049/col_late_translateblue.jpg,13,8708,lh_hl_unlink_plinko_0049,0,True,1,assets/targets/hh_hl_unlink_plinko_0252/maybecol_baseblue.jpg,maybecol_translate,assets/targets/hh_hl_unlink_plinko_0252/maybecol_translatered.jpg,99,7841,hh_hl_unlink_plinko_0252,1,True,1,assets/targets/lh_ll_unlink_plinko_0091/col_early_baseblue.jpg,col_early_translate,assets/targets/lh_ll_unlink_plinko_0091/col_early_translatered.jpg,50,5321,lh_ll_unlink_plinko_0091,-1,False,1,assets/targets/lh_hl_unlink_plinko_0110/col_early_baseblue.jpg,col_early_translate,assets/targets/lh_hl_unlink_plinko_0110/col_early_translate1red.jpg,100,5707,lh_hl_unlink_plinko_0110,1,True,0,assets/targets/lh_ll_unlink_plinko_0217/col_late_basered.jpg,col_late_translate,assets/targets/lh_ll_unlink_plinko_0217/col_late_translate1blue.jpg,35,7001,lh_ll_unlink_plinko_0217,0,True,0,assets/targets/hh_hl_unlink_plinko_0315/maybecol_basered.jpg,maybecol_translate,assets/targets/hh_hl_unlink_plinko_0315/maybecol_translate1blue.jpg,32,9575,hh_hl_unlink_plinko_0315,0,True,1,assets/targets/hh_hl_unlink_plinko_0240/maybecol_baseblue.jpg,maybecol_translate,assets/targets/hh_hl_unlink_plinko_0240/maybecol_translate1red.jpg,50,5547,hh_hl_unlink_plinko_0240,-1,False,1,assets/targets/lh_ll_unlink_plinko_0060/col_late_baseblue.jpg,col_late_translate,assets/targets/lh_ll_unlink_plinko_0060/col_late_translatered.jpg,25,7903,lh_ll_unlink_plinko_0060,0,False,0,assets/targets/hh_hl_unlink_plinko_0393/nocol_basered.jpg,nocol_translate,assets/targets/hh_hl_unlink_plinko_0393/nocol_translateblue.jpg,50,385582,hh_hl_unlink_plinko_0393,-1,False,0,assets/targets/hh_hl_unlink_plinko_0246/col_early_basered.jpg,col_early_translate,assets/targets/hh_hl_unlink_plinko_0246/col_early_translateblue.jpg,0,5762,hh_hl_unlink_plinko_0246,0,True,1,assets/targets/hh_hl_unlink_plinko_0105/col_early_baseblue.jpg,col_early_translate,assets/targets/hh_hl_unlink_plinko_0105/col_early_translatered.jpg,100,7091,hh_hl_unlink_plinko_0105,1,True,62b07e5328f41bcb78faa3ad
108,0,assets/targets/hh_hl_unlink_plinko_0105/nocol_basered.jpg,nocol_translate,assets/targets/hh_hl_unlink_plinko_0105/nocol_translateblue.jpg,38,19271,hh_hl_unlink_plinko_0105,0,True,1,assets/targets/hh_hl_unlink_plinko_0252/nocol_baseblue.jpg,nocol_translate,assets/targets/hh_hl_unlink_plinko_0252/nocol_translatered.jpg,51,6499,hh_hl_unlink_plinko_0252,1,True,0,assets/targets/hh_hl_unlink_plinko_0269/col_early_basered.jpg,col_early_translate,assets/targets/hh_hl_unlink_plinko_0269/col_early_translate1blue.jpg,0,8140,hh_hl_unlink_plinko_0269,0,True,0,assets/targets/hh_hl_unlink_plinko_0202/maybecol_basered.jpg,maybecol_translate,assets/targets/hh_hl_unlink_plinko_0202/maybecol_translateblue.jpg,58,8626,hh_hl_unlink_plinko_0202,1,False,1,assets/targets/lh_ll_unlink_plinko_0217/col_late_baseblue.jpg,col_late_translate,assets/targets/lh_ll_unlink_plinko_0217/col_late_translatered.jpg,100,8445,lh_ll_unlink_plinko_0217,1,True,0,assets/targets/lh_hl_unlink_plinko_0110/col_late_basered.jpg,col_late_translate,assets/targets/lh_hl_unlink_plinko_0110/col_late_translateblue.jpg,0,8880,lh_hl_unlink_plinko_0110,0,True,1,assets/targets/lh_hl_unlink_plinko_0111/col_early_baseblue.jpg,col_early_translate,assets/targets/lh_hl_unlink_plinko_0111/col_early_translatered.jpg,100,5669,lh_hl_unlink_plinko_0111,1,True,1,assets/targets/hh_hl_unlink_plinko_0240/maybecol_baseblue.jpg,maybecol_translate,assets/targets/hh_hl_unlink_plinko_0240/maybecol_translate1red.jpg,0,5882,hh_hl_unlink_plinko_0240,0,False,0,assets/targets/hh_hl_unlink_plinko_0202/maybecol_basered.jpg,maybecol_translate,assets/targets/hh_hl_unlink_plinko_0202/maybecol_translateblue.jpg,64,10874,hh_hl_unlink_plinko_0202,1,False,1,assets/targets/hh_hl_unlink_plinko_0393/maybecol_baseblue.jpg,maybecol_translate,assets/targets/hh_hl_unlink_plinko_0393/maybecol_translatered.jpg,0,7972,hh_hl_unlink_plinko_0393,0,False,0,assets/targets/lh_hl_unlink_plinko_0049/col_late_basered.jpg,col_late_translate,assets/targets/lh_hl_unlink_plinko_0049/col_late_translateblue.jpg,0,6402,lh_hl_unlink_plinko_0049,0,True,0,assets/targets/hh_hl_unlink_plinko_0246/col_early_basered.jpg,col_early_translate,assets/targets/hh_hl_unlink_plinko_0246/col_early_translateblue.jpg,0,6587,hh_hl_unlink_plinko_0246,0,True,1,assets/targets/lh_hl_unlink_plinko_0036/nocol_baseblue.jpg,nocol_translate,assets/targets/lh_hl_unlink_plinko_0036/nocol_translate1red.jpg,50,5364,lh_hl_unlink_plinko_0036,-1,False,0,assets/targets/lh_ll_unlink_plinko_0060/col_early_basered.jpg,col_early_translate,assets/targets/lh_ll_unlink_plinko_0060/col_early_translateblue.jpg,0,7328,lh_ll_unlink_plinko_0060,0,True,0,assets/targets/lh_ll_unlink_plinko_0091/col_late_basered.jpg,col_late_translate,assets/targets/lh_ll_unlink_plinko_0091/col_late_translate1blue.jpg,0,6913,lh_ll_unlink_plinko_0091,0,True,0,assets/targets/lh_ll_unlink_plinko_0155/nocol_basered.jpg,nocol_translate,assets/targets/lh_ll_unlink_plinko_0155/nocol_translateblue.jpg,50,6382,lh_ll_unlink_plinko_0155,-1,False,60654d21d73575a00486a16e
109,1,assets/targets/lh_hl_unlink_plinko_0049/col_late_baseblue.jpg,col_late_translate,assets/targets/lh_hl_unlink_plinko_0049/col_late_translate1red.jpg,16,43601,lh_hl_unlink_plinko_0049,0,False,0,assets/targets/lh_hl_unlink_plinko_0110/col_late_basered.jpg,col_late_translate,assets/targets/lh_hl_unlink_plinko_0110/col_late_translate1blue.jpg,100,17216,lh_hl_unlink_plinko_0110,1,False,1,assets/targets/lh_ll_unlink_plinko_0155/col_late_baseblue.jpg,col_late_translate,assets/targets/lh_ll_unlink_plinko_0155/col_late_translate1red.jpg,100,17716,lh_ll_unlink_plinko_0155,1,True,0,assets/targets/lh_ll_unlink_plinko_0217/col_late_basered.jpg,col_late_translate,assets/targets/lh_ll_unlink_plinko_0217/col_late_translate1blue.jpg,9,13872,lh_ll_unlink_plinko_0217,0,True,0,assets/targets/hh_hl_unlink_plinko_0269/maybecol_basered.jpg,maybecol_translate,assets/targets/hh_hl_unlink_plinko_0269/maybecol_translate1blue.jpg,16,10823,hh_hl_unlink_plinko_0269,0,True,1,assets/targets/hh_hl_unlink_plinko_0252/maybecol_baseblue.jpg,maybecol_translate,assets/targets/hh_hl_unlink_plinko_0252/maybecol_translate1red.jpg,87,17857,hh_hl_unlink_plinko_0252,1,True,1,assets/targets/hh_hl_unlink_plinko_0202/maybecol_baseblue.jpg,maybecol_translate,assets/targets/hh_hl_unlink_plinko_0202/maybecol_translate1red.jpg,10,11762,hh_hl_unlink_plinko_0202,0,False,1,assets/targets/lh_ll_unlink_plinko_0060/nocol_baseblue.jpg,nocol_translate,assets/targets/lh_ll_unlink_plinko_0060/nocol_translate1red.jpg,95,21343,lh_ll_unlink_plinko_0060,1,True,1,assets/targets/hh_hl_unlink_plinko_0246/col_early_baseblue.jpg,col_early_translate,assets/targets/hh_hl_unlink_plinko_0246/col_early_translate1red.jpg,100,10743,hh_hl_unlink_plinko_0246,1,True,0,assets/targets/hh_hl_unlink_plinko_0105/maybecol_basered.jpg,maybecol_translate,assets/targets/hh_hl_unlink_plinko_0105/maybecol_translate1blue.jpg,28,35532,hh_hl_unlink_plinko_0105,0,True,1,assets/targets/lh_hl_unlink_plinko_0111/col_early_baseblue.jpg,col_early_translate,assets/targets/lh_hl_unlink_plinko_0111/col_early_translate1red.jpg,91,12209,lh_hl_unlink_plinko_0111,1,True,0,assets/targets/hh_hl_unlink_plinko_0393/nocol_basered.jpg,nocol_translate,assets/targets/hh_hl_unlink_plinko_0393/nocol_translate1blue.jpg,75,9787,hh_hl_unlink_plinko_0393,1,False,0,assets/targets/hh_hl_unlink_plinko_0240/nocol_basered.jpg,nocol_translate,assets/targets/hh_hl_unlink_plinko_0240/nocol_translate1blue.jpg,31,63192,hh_hl_unlink_plinko_0240,0,True,0,assets/targets/lh_ll_unlink_plinko_0091/nocol_basered.jpg,nocol_translate,assets/targets/lh_ll_unlink_plinko_0091/nocol_translate1blue.jpg,64,9889,lh_ll_unlink_plinko_0091,1,False,1,assets/targets/hh_hl_unlink_plinko_0315/col_early_baseblue.jpg,col_early_translate,assets/targets/hh_hl_unlink_plinko_0315/col_early_translate1red.jpg,50,4790,hh_hl_unlink_plinko_0315,-1,False,0,assets/targets/lh_hl_unlink_plinko_0036/col_early_basered.jpg,col_early_translate,assets/targets/lh_hl_unlink_plinko_0036/col_early_translate1blue.jpg,69,10731,lh_hl_unlink_plinko_0036,1,False,5af09ff00eca060001b1379c
110,0,assets/targets/hh_hl_unlink_plinko_0393/col_early_basered.jpg,col_early_translate,assets/targets/hh_hl_unlink_plinko_0393/col_early_translate1blue.jpg,23,39515,hh_hl_unlink_plinko_0393,0,True,0,assets/targets/lh_hl_unlink_plinko_0111/col_late_basered.jpg,col_late_translate,assets/targets/lh_hl_unlink_plinko_0111/col_late_translate1blue.jpg,12,7106,lh_hl_unlink_plinko_0111,0,True,0,assets/targets/hh_hl_unlink_plinko_0240/maybecol_basered.jpg,maybecol_translate,assets/targets/hh_hl_unlink_plinko_0240/maybecol_translate1blue.jpg,61,6682,hh_hl_unlink_plinko_0240,1,False,1,assets/targets/lh_hl_unlink_plinko_0110/col_late_baseblue.jpg,col_late_translate,assets/targets/lh_hl_unlink_plinko_0110/col_late_translatered.jpg,85,6973,lh_hl_unlink_plinko_0110,1,True,0,assets/targets/lh_ll_unlink_plinko_0217/col_late_basered.jpg,col_late_translate,assets/targets/lh_ll_unlink_plinko_0217/col_late_translateblue.jpg,22,4977,lh_ll_unlink_plinko_0217,0,True,0,assets/targets/hh_hl_unlink_plinko_0202/col_early_basered.jpg,col_early_translate,assets/targets/hh_hl_unlink_plinko_0202/col_early_translateblue.jpg,0,6238,hh_hl_unlink_plinko_0202,0,True,1,assets/targets/lh_ll_unlink_plinko_0091/col_early_baseblue.jpg,col_early_translate,assets/targets/lh_ll_unlink_plinko_0091/col_early_translate1red.jpg,38,9444,lh_ll_unlink_plinko_0091,0,False,0,assets/targets/lh_ll_unlink_plinko_0155/nocol_basered.jpg,nocol_translate,assets/targets/lh_ll_unlink_plinko_0155/nocol_translate1blue.jpg,45,8943,lh_ll_unlink_plinko_0155,0,True,0,assets/targets/lh_hl_unlink_plinko_0049/col_late_basered.jpg,col_late_translate,assets/targets/lh_hl_unlink_plinko_0049/col_late_translateblue.jpg,6,9394,lh_hl_unlink_plinko_0049,0,True,0,assets/targets/hh_hl_unlink_plinko_0252/maybecol_basered.jpg,maybecol_translate,assets/targets/hh_hl_unlink_plinko_0252/maybecol_translateblue.jpg,0,7696,hh_hl_unlink_plinko_0252,0,True,0,assets/targets/lh_ll_unlink_plinko_0060/col_early_basered.jpg,col_early_translate,assets/targets/lh_ll_unlink_plinko_0060/col_early_translateblue.jpg,0,6395,lh_ll_unlink_plinko_0060,0,True,1,assets/targets/hh_hl_unlink_plinko_0246/maybecol_baseblue.jpg,maybecol_translate,assets/targets/hh_hl_unlink_plinko_0246/maybecol_translatered.jpg,40,10223,hh_hl_unlink_plinko_0246,0,False,1,assets/targets/lh_hl_unlink_plinko_0036/nocol_baseblue.jpg,nocol_translate,assets/targets/lh_hl_unlink_plinko_0036/nocol_translatered.jpg,50,6957,lh_hl_unlink_plinko_0036,-1,False,1,assets/targets/hh_hl_unlink_plinko_0269/nocol_baseblue.jpg,nocol_translate,assets/targets/hh_hl_unlink_plinko_0269/nocol_translate1red.jpg,56,6013,hh_hl_unlink_plinko_0269,1,True,0,assets/targets/hh_hl_unlink_plinko_0105/nocol_basered.jpg,nocol_translate,assets/targets/hh_hl_unlink_plinko_0105/nocol_translate1blue.jpg,47,6340,hh_hl_unlink_plinko_0105,0,True,1,assets/targets/hh_hl_unlink_plinko_0315/maybecol_baseblue.jpg,maybecol_translate,assets/targets/hh_hl_unlink_plinko_0315/maybecol_translatered.jpg,75,11090,hh_hl_unlink_plinko_0315,1,True,5af5c57ae19f8c00019e3a2a
111,0,assets/targets/lh_hl_unlink_plinko_0110/col_late_basered.jpg,col_late_translate,assets/targets/lh_hl_unlink_plinko_0110/col_late_translate1blue.jpg,46,15538,lh_hl_unlink_plinko_0110,0,True,0,assets/targets/lh_ll_unlink_plinko_0155/nocol_basered.jpg,nocol_translate,assets/targets/lh_ll_unlink_plinko_0155/nocol_translateblue.jpg,50,5285,lh_ll_unlink_plinko_0155,-1,False,1,assets/targets/hh_hl_unlink_plinko_0269/maybecol_baseblue.jpg,maybecol_translate,assets/targets/hh_hl_unlink_plinko_0269/maybecol_translatered.jpg,59,9169,hh_hl_unlink_plinko_0269,1,True,0,assets/targets/hh_hl_unlink_plinko_0393/nocol_basered.jpg,nocol_translate,assets/targets/hh_hl_unlink_plinko_0393/nocol_translateblue.jpg,54,6122,hh_hl_unlink_plinko_0393,1,False,1,assets/targets/hh_hl_unlink_plinko_0240/maybecol_baseblue.jpg,maybecol_translate,assets/targets/hh_hl_unlink_plinko_0240/maybecol_translate1red.jpg,50,2983,hh_hl_unlink_plinko_0240,-1,False,1,assets/targets/lh_ll_unlink_plinko_0091/col_late_baseblue.jpg,col_late_translate,assets/targets/lh_ll_unlink_plinko_0091/col_late_translate1red.jpg,69,7665,lh_ll_unlink_plinko_0091,1,True,0,assets/targets/lh_ll_unlink_plinko_0217/col_late_basered.jpg,col_late_translate,assets/targets/lh_ll_unlink_plinko_0217/col_late_translate1blue.jpg,71,8475,lh_ll_unlink_plinko_0217,1,False,1,assets/targets/hh_hl_unlink_plinko_0315/nocol_baseblue.jpg,nocol_translate,assets/targets/hh_hl_unlink_plinko_0315/nocol_translatered.jpg,37,3666,hh_hl_unlink_plinko_0315,0,False,1,assets/targets/hh_hl_unlink_plinko_0246/col_early_baseblue.jpg,col_early_translate,assets/targets/hh_hl_unlink_plinko_0246/col_early_translatered.jpg,80,6376,hh_hl_unlink_plinko_0246,1,True,1,assets/targets/lh_hl_unlink_plinko_0049/nocol_baseblue.jpg,nocol_translate,assets/targets/lh_hl_unlink_plinko_0049/nocol_translatered.jpg,50,4186,lh_hl_unlink_plinko_0049,-1,False,0,assets/targets/hh_hl_unlink_plinko_0252/maybecol_basered.jpg,maybecol_translate,assets/targets/hh_hl_unlink_plinko_0252/maybecol_translateblue.jpg,44,4737,hh_hl_unlink_plinko_0252,0,True,1,assets/targets/hh_hl_unlink_plinko_0240/col_early_baseblue.jpg,col_early_translate,assets/targets/hh_hl_unlink_plinko_0240/col_early_translatered.jpg,88,7642,hh_hl_unlink_plinko_0240,1,True,0,assets/targets/lh_hl_unlink_plinko_0036/col_late_basered.jpg,col_late_translate,assets/targets/lh_hl_unlink_plinko_0036/col_late_translate1blue.jpg,42,6852,lh_hl_unlink_plinko_0036,0,True,0,assets/targets/lh_ll_unlink_plinko_0060/col_early_basered.jpg,col_early_translate,assets/targets/lh_ll_unlink_plinko_0060/col_early_translate1blue.jpg,15,4463,lh_ll_unlink_plinko_0060,0,True,0,assets/targets/lh_hl_unlink_plinko_0111/col_early_basered.jpg,col_early_translate,assets/targets/lh_hl_unlink_plinko_0111/col_early_translateblue.jpg,55,3819,lh_hl_unlink_plinko_0111,1,False,1,assets/targets/hh_hl_unlink_plinko_0105/maybecol_baseblue.jpg,maybecol_translate,assets/targets/hh_hl_unlink_plinko_0105/maybecol_translatered.jpg,50,3657,hh_hl_unlink_plinko_0105,-1,False,62a0f65404d6ac8611d67c12
112,0,assets/targets/lh_hl_unlink_plinko_0049/nocol_basered.jpg,nocol_translate,assets/targets/lh_hl_unlink_plinko_0049/nocol_translateblue.jpg,23,21458,lh_hl_unlink_plinko_0049,0,True,0,assets/targets/lh_ll_unlink_plinko_0155/nocol_basered.jpg,nocol_translate,assets/targets/lh_ll_unlink_plinko_0155/nocol_translate1blue.jpg,35,10972,lh_ll_unlink_plinko_0155,0,True,1,assets/targets/lh_ll_unlink_plinko_0217/col_late_baseblue.jpg,col_late_translate,assets/targets/lh_ll_unlink_plinko_0217/col_late_translate1red.jpg,28,8118,lh_ll_unlink_plinko_0217,0,False,1,assets/targets/hh_hl_unlink_plinko_0202/maybecol_baseblue.jpg,maybecol_translate,assets/targets/hh_hl_unlink_plinko_0202/maybecol_translate1red.jpg,85,10029,hh_hl_unlink_plinko_0202,1,True,0,assets/targets/lh_hl_unlink_plinko_0036/col_late_basered.jpg,col_late_translate,assets/targets/lh_hl_unlink_plinko_0036/col_late_translateblue.jpg,2,7430,lh_hl_unlink_plinko_0036,0,True,0,assets/targets/hh_hl_unlink_plinko_0393/maybecol_basered.jpg,maybecol_translate,assets/targets/hh_hl_unlink_plinko_0393/maybecol_translate1blue.jpg,71,12619,hh_hl_unlink_plinko_0393,1,False,1,assets/targets/hh_hl_unlink_plinko_0252/maybecol_baseblue.jpg,maybecol_translate,assets/targets/hh_hl_unlink_plinko_0252/maybecol_translatered.jpg,72,5433,hh_hl_unlink_plinko_0252,1,True,0,assets/targets/lh_ll_unlink_plinko_0091/col_late_basered.jpg,col_late_translate,assets/targets/lh_ll_unlink_plinko_0091/col_late_translateblue.jpg,7,6814,lh_ll_unlink_plinko_0091,0,True,1,assets/targets/lh_hl_unlink_plinko_0111/col_late_baseblue.jpg,col_late_translate,assets/targets/lh_hl_unlink_plinko_0111/col_late_translatered.jpg,79,8873,lh_hl_unlink_plinko_0111,1,True,1,assets/targets/hh_hl_unlink_plinko_0240/nocol_baseblue.jpg,nocol_translate,assets/targets/hh_hl_unlink_plinko_0240/nocol_translate1red.jpg,78,10299,hh_hl_unlink_plinko_0240,1,True,0,assets/targets/hh_hl_unlink_plinko_0269/nocol_basered.jpg,nocol_translate,assets/targets/hh_hl_unlink_plinko_0269/nocol_translate1blue.jpg,75,4627,hh_hl_unlink_plinko_0269,1,False,1,assets/targets/hh_hl_unlink_plinko_0315/col_early_baseblue.jpg,col_early_translate,assets/targets/hh_hl_unlink_plinko_0315/col_early_translate1red.jpg,100,6480,hh_hl_unlink_plinko_0315,1,True,0,assets/targets/hh_hl_unlink_plinko_0105/col_early_basered.jpg,col_early_translate,assets/targets/hh_hl_unlink_plinko_0105/col_early_translateblue.jpg,0,8786,hh_hl_unlink_plinko_0105,0,True,0,assets/targets/lh_ll_unlink_plinko_0060/col_early_basered.jpg,col_early_translate,assets/targets/lh_ll_unlink_plinko_0060/col_early_translate1blue.jpg,0,6427,lh_ll_unlink_plinko_0060,0,True,1,assets/targets/lh_hl_unlink_plinko_0049/col_early_baseblue.jpg,col_early_translate,assets/targets/lh_hl_unlink_plinko_0049/col_early_translate1red.jpg,100,5971,lh_hl_unlink_plinko_0049,1,True,1,assets/targets/hh_hl_unlink_plinko_0246/maybecol_baseblue.jpg,maybecol_translate,assets/targets/hh_hl_unlink_plinko_0246/maybecol_translatered.jpg,81,8594,hh_hl_unlink_plinko_0246,1,True,5d62182e7c07250019f1dd57
113,0,assets/targets/lh_ll_unlink_plinko_0217/col_early_basered.jpg,col_early_translate,assets/targets/lh_ll_unlink_plinko_0217/col_early_translate1blue.jpg,100,17223,lh_ll_unlink_plinko_0217,1,False,1,assets/targets/hh_hl_unlink_plinko_0252/nocol_baseblue.jpg,nocol_translate,assets/targets/hh_hl_unlink_plinko_0252/nocol_translate1red.jpg,0,6015,hh_hl_unlink_plinko_0252,0,False,1,assets/targets/lh_hl_unlink_plinko_0111/nocol_baseblue.jpg,nocol_translate,assets/targets/lh_hl_unlink_plinko_0111/nocol_translate1red.jpg,49,2309,lh_hl_unlink_plinko_0111,0,False,1,assets/targets/lh_ll_unlink_plinko_0060/col_late_baseblue.jpg,col_late_translate,assets/targets/lh_ll_unlink_plinko_0060/col_late_translatered.jpg,0,4578,lh_ll_unlink_plinko_0060,0,False,1,assets/targets/hh_hl_unlink_plinko_0105/nocol_baseblue.jpg,nocol_translate,assets/targets/hh_hl_unlink_plinko_0105/nocol_translate1red.jpg,100,3385,hh_hl_unlink_plinko_0105,1,True,1,assets/targets/lh_hl_unlink_plinko_0036/nocol_baseblue.jpg,nocol_translate,assets/targets/lh_hl_unlink_plinko_0036/nocol_translatered.jpg,0,2968,lh_hl_unlink_plinko_0036,0,False,1,assets/targets/hh_hl_unlink_plinko_0202/col_early_baseblue.jpg,col_early_translate,assets/targets/hh_hl_unlink_plinko_0202/col_early_translate1red.jpg,0,4579,hh_hl_unlink_plinko_0202,0,False,0,assets/targets/lh_ll_unlink_plinko_0155/col_late_basered.jpg,col_late_translate,assets/targets/lh_ll_unlink_plinko_0155/col_late_translateblue.jpg,100,3090,lh_ll_unlink_plinko_0155,1,False,1,assets/targets/hh_hl_unlink_plinko_0269/maybecol_baseblue.jpg,maybecol_translate,assets/targets/hh_hl_unlink_plinko_0269/maybecol_translatered.jpg,2,6062,hh_hl_unlink_plinko_0269,0,False,1,assets/targets/hh_hl_unlink_plinko_0315/maybecol_baseblue.jpg,maybecol_translate,assets/targets/hh_hl_unlink_plinko_0315/maybecol_translatered.jpg,100,2633,hh_hl_unlink_plinko_0315,1,True,0,assets/targets/hh_hl_unlink_plinko_0246/col_early_basered.jpg,col_early_translate,assets/targets/hh_hl_unlink_plinko_0246/col_early_translateblue.jpg,0,3210,hh_hl_unlink_plinko_0246,0,True,1,assets/targets/hh_hl_unlink_plinko_0393/maybecol_baseblue.jpg,maybecol_translate,assets/targets/hh_hl_unlink_plinko_0393/maybecol_translate1red.jpg,100,2639,hh_hl_unlink_plinko_0393,1,True,1,assets/targets/lh_hl_unlink_plinko_0110/col_late_baseblue.jpg,col_late_translate,assets/targets/lh_hl_unlink_plinko_0110/col_late_translatered.jpg,0,2598,lh_hl_unlink_plinko_0110,0,False,0,assets/targets/lh_ll_unlink_plinko_0091/col_early_basered.jpg,col_early_translate,assets/targets/lh_ll_unlink_plinko_0091/col_early_translateblue.jpg,0,2792,lh_ll_unlink_plinko_0091,0,True,1,assets/targets/hh_hl_unlink_plinko_0240/maybecol_baseblue.jpg,maybecol_translate,assets/targets/hh_hl_unlink_plinko_0240/maybecol_translate1red.jpg,100,2543,hh_hl_unlink_plinko_0240,1,True,0,assets/targets/lh_hl_unlink_plinko_0049/col_late_basered.jpg,col_late_translate,assets/targets/lh_hl_unlink_plinko_0049/col_late_translateblue.jpg,0,3596,lh_hl_unlink_plinko_0049,0,True,5dd91a879dac7c8a7a36fecf
114,0,assets/targets/hh_hl_unlink_plinko_0240/col_early_basered.jpg,col_early_translate,assets/targets/hh_hl_unlink_plinko_0240/col_early_translate1blue.jpg,53,24580,hh_hl_unlink_plinko_0240,1,False,1,assets/targets/lh_ll_unlink_plinko_0155/col_late_baseblue.jpg,col_late_translate,assets/targets/lh_ll_unlink_plinko_0155/col_late_translate1red.jpg,51,7671,lh_ll_unlink_plinko_0155,1,True,0,assets/targets/lh_hl_unlink_plinko_0110/col_early_basered.jpg,col_early_translate,assets/targets/lh_hl_unlink_plinko_0110/col_early_translateblue.jpg,0,10027,lh_hl_unlink_plinko_0110,0,True,0,assets/targets/lh_ll_unlink_plinko_0060/nocol_basered.jpg,nocol_translate,assets/targets/lh_ll_unlink_plinko_0060/nocol_translateblue.jpg,52,5750,lh_ll_unlink_plinko_0060,1,False,1,assets/targets/hh_hl_unlink_plinko_0202/maybecol_baseblue.jpg,maybecol_translate,assets/targets/hh_hl_unlink_plinko_0202/maybecol_translate1red.jpg,48,6357,hh_hl_unlink_plinko_0202,0,False,0,assets/targets/lh_ll_unlink_plinko_0217/col_late_basered.jpg,col_late_translate,assets/targets/lh_ll_unlink_plinko_0217/col_late_translate1blue.jpg,53,5135,lh_ll_unlink_plinko_0217,1,False,0,assets/targets/hh_hl_unlink_plinko_0105/col_early_basered.jpg,col_early_translate,assets/targets/hh_hl_unlink_plinko_0105/col_early_translateblue.jpg,76,8484,hh_hl_unlink_plinko_0105,1,False,1,assets/targets/hh_hl_unlink_plinko_0202/nocol_baseblue.jpg,nocol_translate,assets/targets/hh_hl_unlink_plinko_0202/nocol_translatered.jpg,48,6527,hh_hl_unlink_plinko_0202,0,False,0,assets/targets/lh_ll_unlink_plinko_0091/col_late_basered.jpg,col_late_translate,assets/targets/lh_ll_unlink_plinko_0091/col_late_translateblue.jpg,44,7233,lh_ll_unlink_plinko_0091,0,True,1,assets/targets/lh_hl_unlink_plinko_0111/col_early_baseblue.jpg,col_early_translate,assets/targets/lh_hl_unlink_plinko_0111/col_early_translate1red.jpg,68,7578,lh_hl_unlink_plinko_0111,1,True,0,assets/targets/hh_hl_unlink_plinko_0393/nocol_basered.jpg,nocol_translate,assets/targets/hh_hl_unlink_plinko_0393/nocol_translate1blue.jpg,32,6860,hh_hl_unlink_plinko_0393,0,True,1,assets/targets/lh_hl_unlink_plinko_0049/col_late_baseblue.jpg,col_late_translate,assets/targets/lh_hl_unlink_plinko_0049/col_late_translatered.jpg,80,6754,lh_hl_unlink_plinko_0049,1,True,1,assets/targets/hh_hl_unlink_plinko_0269/maybecol_baseblue.jpg,maybecol_translate,assets/targets/hh_hl_unlink_plinko_0269/maybecol_translatered.jpg,47,4762,hh_hl_unlink_plinko_0269,0,False,0,assets/targets/lh_hl_unlink_plinko_0036/nocol_basered.jpg,nocol_translate,assets/targets/lh_hl_unlink_plinko_0036/nocol_translate1blue.jpg,49,5748,lh_hl_unlink_plinko_0036,0,True,1,assets/targets/hh_hl_unlink_plinko_0252/maybecol_baseblue.jpg,maybecol_translate,assets/targets/hh_hl_unlink_plinko_0252/maybecol_translate1red.jpg,26,6095,hh_hl_unlink_plinko_0252,0,False,0,assets/targets/hh_hl_unlink_plinko_0315/maybecol_basered.jpg,maybecol_translate,assets/targets/hh_hl_unlink_plinko_0315/maybecol_translateblue.jpg,81,7690,hh_hl_unlink_plinko_0315,1,False,5fb3cb99e76cea00085d02c6
115,1,assets/targets/lh_ll_unlink_plinko_0155/col_late_baseblue.jpg,col_late_translate,assets/targets/lh_ll_unlink_plinko_0155/col_late_translatered.jpg,55,27266,lh_ll_unlink_plinko_0155,1,True,1,assets/targets/lh_hl_unlink_plinko_0111/col_early_baseblue.jpg,col_early_translate,assets/targets/lh_hl_unlink_plinko_0111/col_early_translate1red.jpg,55,8136,lh_hl_unlink_plinko_0111,1,True,0,assets/targets/lh_ll_unlink_plinko_0060/col_early_basered.jpg,col_early_translate,assets/targets/lh_ll_unlink_plinko_0060/col_early_translate1blue.jpg,38,4361,lh_ll_unlink_plinko_0060,0,True,0,assets/targets/hh_hl_unlink_plinko_0105/col_early_basered.jpg,col_early_translate,assets/targets/hh_hl_unlink_plinko_0105/col_early_translateblue.jpg,10,5577,hh_hl_unlink_plinko_0105,0,True,1,assets/targets/hh_hl_unlink_plinko_0393/maybecol_baseblue.jpg,maybecol_translate,assets/targets/hh_hl_unlink_plinko_0393/maybecol_translatered.jpg,50,4426,hh_hl_unlink_plinko_0393,-1,False,1,assets/targets/lh_ll_unlink_plinko_0091/col_late_baseblue.jpg,col_late_translate,assets/targets/lh_ll_unlink_plinko_0091/col_late_translatered.jpg,53,7578,lh_ll_unlink_plinko_0091,1,True,1,assets/targets/lh_ll_unlink_plinko_0217/nocol_baseblue.jpg,nocol_translate,assets/targets/lh_ll_unlink_plinko_0217/nocol_translate1red.jpg,50,4706,lh_ll_unlink_plinko_0217,-1,False,0,assets/targets/lh_hl_unlink_plinko_0110/col_late_basered.jpg,col_late_translate,assets/targets/lh_hl_unlink_plinko_0110/col_late_translate1blue.jpg,0,8367,lh_hl_unlink_plinko_0110,0,True,1,assets/targets/hh_hl_unlink_plinko_0269/maybecol_baseblue.jpg,maybecol_translate,assets/targets/hh_hl_unlink_plinko_0269/maybecol_translatered.jpg,52,5219,hh_hl_unlink_plinko_0269,1,True,1,assets/targets/hh_hl_unlink_plinko_0315/nocol_baseblue.jpg,nocol_translate,assets/targets/hh_hl_unlink_plinko_0315/nocol_translatered.jpg,50,3233,hh_hl_unlink_plinko_0315,-1,False,0,assets/targets/hh_hl_unlink_plinko_0252/maybecol_basered.jpg,maybecol_translate,assets/targets/hh_hl_unlink_plinko_0252/maybecol_translateblue.jpg,46,7347,hh_hl_unlink_plinko_0252,0,True,0,assets/targets/hh_hl_unlink_plinko_0240/col_early_basered.jpg,col_early_translate,assets/targets/hh_hl_unlink_plinko_0240/col_early_translateblue.jpg,42,7437,hh_hl_unlink_plinko_0240,0,True,1,assets/targets/hh_hl_unlink_plinko_0202/nocol_baseblue.jpg,nocol_translate,assets/targets/hh_hl_unlink_plinko_0202/nocol_translatered.jpg,50,5240,hh_hl_unlink_plinko_0202,-1,False,1,assets/targets/lh_hl_unlink_plinko_0049/col_late_baseblue.jpg,col_late_translate,assets/targets/lh_hl_unlink_plinko_0049/col_late_translatered.jpg,51,4671,lh_hl_unlink_plinko_0049,1,True,1,assets/targets/lh_hl_unlink_plinko_0036/nocol_baseblue.jpg,nocol_translate,assets/targets/lh_hl_unlink_plinko_0036/nocol_translate1red.jpg,50,3583,lh_hl_unlink_plinko_0036,-1,False,0,assets/targets/hh_hl_unlink_plinko_0246/maybecol_basered.jpg,maybecol_translate,assets/targets/hh_hl_unlink_plinko_0246/maybecol_translateblue.jpg,50,2750,hh_hl_unlink_plinko_0246,-1,False,5dd3e9f2ce1ce63c9438a86a
116,0,assets/targets/hh_hl_unlink_plinko_0240/nocol_basered.jpg,nocol_translate,assets/targets/hh_hl_unlink_plinko_0240/nocol_translate1blue.jpg,25,34280,hh_hl_unlink_plinko_0240,0,True,0,assets/targets/lh_ll_unlink_plinko_0155/col_early_basered.jpg,col_early_translate,assets/targets/lh_ll_unlink_plinko_0155/col_early_translate1blue.jpg,7,12848,lh_ll_unlink_plinko_0155,0,True,0,assets/targets/lh_hl_unlink_plinko_0110/nocol_basered.jpg,nocol_translate,assets/targets/lh_hl_unlink_plinko_0110/nocol_translate1blue.jpg,56,8683,lh_hl_unlink_plinko_0110,1,False,0,assets/targets/lh_ll_unlink_plinko_0060/col_late_basered.jpg,col_late_translate,assets/targets/lh_ll_unlink_plinko_0060/col_late_translate1blue.jpg,25,12042,lh_ll_unlink_plinko_0060,0,True,1,assets/targets/lh_ll_unlink_plinko_0091/nocol_baseblue.jpg,nocol_translate,assets/targets/lh_ll_unlink_plinko_0091/nocol_translate1red.jpg,59,6897,lh_ll_unlink_plinko_0091,1,True,0,assets/targets/lh_ll_unlink_plinko_0217/col_late_basered.jpg,col_late_translate,assets/targets/lh_ll_unlink_plinko_0217/col_late_translateblue.jpg,27,9428,lh_ll_unlink_plinko_0217,0,True,1,assets/targets/hh_hl_unlink_plinko_0315/maybecol_baseblue.jpg,maybecol_translate,assets/targets/hh_hl_unlink_plinko_0315/maybecol_translate1red.jpg,55,5350,hh_hl_unlink_plinko_0315,1,True,1,assets/targets/hh_hl_unlink_plinko_0252/col_early_baseblue.jpg,col_early_translate,assets/targets/hh_hl_unlink_plinko_0252/col_early_translate1red.jpg,59,11581,hh_hl_unlink_plinko_0252,1,True,1,assets/targets/hh_hl_unlink_plinko_0393/col_early_baseblue.jpg,col_early_translate,assets/targets/hh_hl_unlink_plinko_0393/col_early_translatered.jpg,61,50599,hh_hl_unlink_plinko_0393,1,True,1,assets/targets/lh_hl_unlink_plinko_0111/col_early_baseblue.jpg,col_early_translate,assets/targets/lh_hl_unlink_plinko_0111/col_early_translate1red.jpg,67,6637,lh_hl_unlink_plinko_0111,1,True,1,assets/targets/hh_hl_unlink_plinko_0269/nocol_baseblue.jpg,nocol_translate,assets/targets/hh_hl_unlink_plinko_0269/nocol_translatered.jpg,50,7504,hh_hl_unlink_plinko_0269,-1,False,1,assets/targets/hh_hl_unlink_plinko_0202/maybecol_baseblue.jpg,maybecol_translate,assets/targets/hh_hl_unlink_plinko_0202/maybecol_translatered.jpg,55,6303,hh_hl_unlink_plinko_0202,1,True,0,assets/targets/hh_hl_unlink_plinko_0246/maybecol_basered.jpg,maybecol_translate,assets/targets/hh_hl_unlink_plinko_0246/maybecol_translate1blue.jpg,57,5089,hh_hl_unlink_plinko_0246,1,False,0,assets/targets/lh_hl_unlink_plinko_0036/col_late_basered.jpg,col_late_translate,assets/targets/lh_hl_unlink_plinko_0036/col_late_translateblue.jpg,2,8406,lh_hl_unlink_plinko_0036,0,True,1,assets/targets/lh_hl_unlink_plinko_0049/col_late_baseblue.jpg,col_late_translate,assets/targets/lh_hl_unlink_plinko_0049/col_late_translatered.jpg,74,6358,lh_hl_unlink_plinko_0049,1,True,1,assets/targets/hh_hl_unlink_plinko_0105/maybecol_baseblue.jpg,maybecol_translate,assets/targets/hh_hl_unlink_plinko_0105/maybecol_translatered.jpg,50,5037,hh_hl_unlink_plinko_0105,-1,False,62ba066a4093b931382ec48f
117,1,assets/targets/hh_hl_unlink_plinko_0202/maybecol_baseblue.jpg,maybecol_translate,assets/targets/hh_hl_unlink_plinko_0202/maybecol_translatered.jpg,11,27294,hh_hl_unlink_plinko_0202,0,False,1,assets/targets/lh_hl_unlink_plinko_0036/col_late_baseblue.jpg,col_late_translate,assets/targets/lh_hl_unlink_plinko_0036/col_late_translatered.jpg,81,10737,lh_hl_unlink_plinko_0036,1,True,1,assets/targets/hh_hl_unlink_plinko_0240/col_early_baseblue.jpg,col_early_translate,assets/targets/hh_hl_unlink_plinko_0240/col_early_translatered.jpg,17,6363,hh_hl_unlink_plinko_0240,0,False,1,assets/targets/hh_hl_unlink_plinko_0252/nocol_baseblue.jpg,nocol_translate,assets/targets/hh_hl_unlink_plinko_0252/nocol_translatered.jpg,89,35615,hh_hl_unlink_plinko_0252,1,True,0,assets/targets/lh_ll_unlink_plinko_0060/nocol_basered.jpg,nocol_translate,assets/targets/lh_ll_unlink_plinko_0060/nocol_translateblue.jpg,50,14444,lh_ll_unlink_plinko_0060,-1,False,1,assets/targets/lh_ll_unlink_plinko_0155/col_late_baseblue.jpg,col_late_translate,assets/targets/lh_ll_unlink_plinko_0155/col_late_translatered.jpg,70,5970,lh_ll_unlink_plinko_0155,1,True,1,assets/targets/hh_hl_unlink_plinko_0246/maybecol_baseblue.jpg,maybecol_translate,assets/targets/hh_hl_unlink_plinko_0246/maybecol_translatered.jpg,100,8163,hh_hl_unlink_plinko_0246,1,True,1,assets/targets/lh_hl_unlink_plinko_0110/col_late_baseblue.jpg,col_late_translate,assets/targets/lh_hl_unlink_plinko_0110/col_late_translatered.jpg,39,7484,lh_hl_unlink_plinko_0110,0,False,1,assets/targets/lh_ll_unlink_plinko_0091/col_early_baseblue.jpg,col_early_translate,assets/targets/lh_ll_unlink_plinko_0091/col_early_translatered.jpg,0,7995,lh_ll_unlink_plinko_0091,0,False,0,assets/targets/lh_hl_unlink_plinko_0111/col_late_basered.jpg,col_late_translate,assets/targets/lh_hl_unlink_plinko_0111/col_late_translateblue.jpg,69,7047,lh_hl_unlink_plinko_0111,1,False,1,assets/targets/hh_hl_unlink_plinko_0393/maybecol_baseblue.jpg,maybecol_translate,assets/targets/hh_hl_unlink_plinko_0393/maybecol_translatered.jpg,50,3644,hh_hl_unlink_plinko_0393,-1,False,0,assets/targets/lh_ll_unlink_plinko_0217/nocol_basered.jpg,nocol_translate,assets/targets/lh_ll_unlink_plinko_0217/nocol_translateblue.jpg,50,3397,lh_ll_unlink_plinko_0217,-1,False,1,assets/targets/hh_hl_unlink_plinko_0105/col_early_baseblue.jpg,col_early_translate,assets/targets/hh_hl_unlink_plinko_0105/col_early_translatered.jpg,100,5340,hh_hl_unlink_plinko_0105,1,True,1,assets/targets/lh_hl_unlink_plinko_0049/col_early_baseblue.jpg,col_early_translate,assets/targets/lh_hl_unlink_plinko_0049/col_early_translatered.jpg,1,9767,lh_hl_unlink_plinko_0049,0,False,0,assets/targets/hh_hl_unlink_plinko_0269/maybecol_basered.jpg,maybecol_translate,assets/targets/hh_hl_unlink_plinko_0269/maybecol_translateblue.jpg,50,6828,hh_hl_unlink_plinko_0269,-1,False,1,assets/targets/hh_hl_unlink_plinko_0315/nocol_baseblue.jpg,nocol_translate,assets/targets/hh_hl_unlink_plinko_0315/nocol_translatered.jpg,25,51646,hh_hl_unlink_plinko_0315,0,False,5cbe2edd577eb000184124b9
118,1,assets/targets/lh_hl_unlink_plinko_0036/col_late_baseblue.jpg,col_late_translate,assets/targets/lh_hl_unlink_plinko_0036/col_late_translatered.jpg,12,15310,lh_hl_unlink_plinko_0036,0,False,1,assets/targets/lh_hl_unlink_plinko_0110/col_early_baseblue.jpg,col_early_translate,assets/targets/lh_hl_unlink_plinko_0110/col_early_translatered.jpg,94,6426,lh_hl_unlink_plinko_0110,1,True,1,assets/targets/hh_hl_unlink_plinko_0240/col_early_baseblue.jpg,col_early_translate,assets/targets/hh_hl_unlink_plinko_0240/col_early_translatered.jpg,25,6961,hh_hl_unlink_plinko_0240,0,False,0,assets/targets/lh_ll_unlink_plinko_0060/col_late_basered.jpg,col_late_translate,assets/targets/lh_ll_unlink_plinko_0060/col_late_translateblue.jpg,43,10911,lh_ll_unlink_plinko_0060,0,True,1,assets/targets/lh_hl_unlink_plinko_0049/col_late_baseblue.jpg,col_late_translate,assets/targets/lh_hl_unlink_plinko_0049/col_late_translate1red.jpg,65,9312,lh_hl_unlink_plinko_0049,1,True,1,assets/targets/hh_hl_unlink_plinko_0315/nocol_baseblue.jpg,nocol_translate,assets/targets/hh_hl_unlink_plinko_0315/nocol_translatered.jpg,63,8599,hh_hl_unlink_plinko_0315,1,True,1,assets/targets/hh_hl_unlink_plinko_0393/maybecol_baseblue.jpg,maybecol_translate,assets/targets/hh_hl_unlink_plinko_0393/maybecol_translatered.jpg,42,6059,hh_hl_unlink_plinko_0393,0,False,1,assets/targets/lh_ll_unlink_plinko_0217/nocol_baseblue.jpg,nocol_translate,assets/targets/lh_ll_unlink_plinko_0217/nocol_translate1red.jpg,65,6477,lh_ll_unlink_plinko_0217,1,True,0,assets/targets/lh_ll_unlink_plinko_0217/col_late_basered.jpg,col_late_translate,assets/targets/lh_ll_unlink_plinko_0217/col_late_translateblue.jpg,51,6448,lh_ll_unlink_plinko_0217,1,False,0,assets/targets/hh_hl_unlink_plinko_0269/maybecol_basered.jpg,maybecol_translate,assets/targets/hh_hl_unlink_plinko_0269/maybecol_translate1blue.jpg,34,5600,hh_hl_unlink_plinko_0269,0,True,1,assets/targets/hh_hl_unlink_plinko_0202/col_early_baseblue.jpg,col_early_translate,assets/targets/hh_hl_unlink_plinko_0202/col_early_translate1red.jpg,27,5229,hh_hl_unlink_plinko_0202,0,False,1,assets/targets/hh_hl_unlink_plinko_0393/nocol_baseblue.jpg,nocol_translate,assets/targets/hh_hl_unlink_plinko_0393/nocol_translatered.jpg,50,4362,hh_hl_unlink_plinko_0393,-1,False,0,assets/targets/lh_ll_unlink_plinko_0060/nocol_basered.jpg,nocol_translate,assets/targets/lh_ll_unlink_plinko_0060/nocol_translate1blue.jpg,50,4045,lh_ll_unlink_plinko_0060,-1,False,0,assets/targets/hh_hl_unlink_plinko_0252/maybecol_basered.jpg,maybecol_translate,assets/targets/hh_hl_unlink_plinko_0252/maybecol_translate1blue.jpg,64,4945,hh_hl_unlink_plinko_0252,1,False,0,assets/targets/lh_ll_unlink_plinko_0155/col_early_basered.jpg,col_early_translate,assets/targets/lh_ll_unlink_plinko_0155/col_early_translate1blue.jpg,43,4495,lh_ll_unlink_plinko_0155,0,True,0,assets/targets/hh_hl_unlink_plinko_0315/maybecol_basered.jpg,maybecol_translate,assets/targets/hh_hl_unlink_plinko_0315/maybecol_translateblue.jpg,50,2943,hh_hl_unlink_plinko_0315,-1,False,5fb9de27e62120924c5b2176
119,1,assets/targets/hh_hl_unlink_plinko_0105/maybecol_baseblue.jpg,maybecol_translate,assets/targets/hh_hl_unlink_plinko_0105/maybecol_translate1red.jpg,50,14085,hh_hl_unlink_plinko_0105,-1,False,1,assets/targets/hh_hl_unlink_plinko_0252/nocol_baseblue.jpg,nocol_translate,assets/targets/hh_hl_unlink_plinko_0252/nocol_translate1red.jpg,50,7442,hh_hl_unlink_plinko_0252,-1,False,1,assets/targets/hh_hl_unlink_plinko_0202/maybecol_baseblue.jpg,maybecol_translate,assets/targets/hh_hl_unlink_plinko_0202/maybecol_translate1red.jpg,50,6613,hh_hl_unlink_plinko_0202,-1,False,1,assets/targets/hh_hl_unlink_plinko_0269/col_early_baseblue.jpg,col_early_translate,assets/targets/hh_hl_unlink_plinko_0269/col_early_translate1red.jpg,50,9186,hh_hl_unlink_plinko_0269,-1,False,1,assets/targets/lh_ll_unlink_plinko_0217/col_late_baseblue.jpg,col_late_translate,assets/targets/lh_ll_unlink_plinko_0217/col_late_translate1red.jpg,50,8721,lh_ll_unlink_plinko_0217,-1,False,0,assets/targets/hh_hl_unlink_plinko_0315/col_early_basered.jpg,col_early_translate,assets/targets/hh_hl_unlink_plinko_0315/col_early_translate1blue.jpg,50,6557,hh_hl_unlink_plinko_0315,-1,False,0,assets/targets/lh_hl_unlink_plinko_0111/col_late_basered.jpg,col_late_translate,assets/targets/lh_hl_unlink_plinko_0111/col_late_translate1blue.jpg,50,5461,lh_hl_unlink_plinko_0111,-1,False,1,assets/targets/hh_hl_unlink_plinko_0240/nocol_baseblue.jpg,nocol_translate,assets/targets/hh_hl_unlink_plinko_0240/nocol_translatered.jpg,50,5053,hh_hl_unlink_plinko_0240,-1,False,0,assets/targets/lh_hl_unlink_plinko_0036/nocol_basered.jpg,nocol_translate,assets/targets/lh_hl_unlink_plinko_0036/nocol_translateblue.jpg,50,5120,lh_hl_unlink_plinko_0036,-1,False,0,assets/targets/lh_ll_unlink_plinko_0155/col_early_basered.jpg,col_early_translate,assets/targets/lh_ll_unlink_plinko_0155/col_early_translate1blue.jpg,50,4074,lh_ll_unlink_plinko_0155,-1,False,1,assets/targets/lh_ll_unlink_plinko_0091/col_early_baseblue.jpg,col_early_translate,assets/targets/lh_ll_unlink_plinko_0091/col_early_translatered.jpg,50,4342,lh_ll_unlink_plinko_0091,-1,False,1,assets/targets/lh_ll_unlink_plinko_0060/nocol_baseblue.jpg,nocol_translate,assets/targets/lh_ll_unlink_plinko_0060/nocol_translate1red.jpg,50,5257,lh_ll_unlink_plinko_0060,-1,False,0,assets/targets/hh_hl_unlink_plinko_0246/maybecol_basered.jpg,maybecol_translate,assets/targets/hh_hl_unlink_plinko_0246/maybecol_translate1blue.jpg,50,4614,hh_hl_unlink_plinko_0246,-1,False,1,assets/targets/hh_hl_unlink_plinko_0315/maybecol_baseblue.jpg,maybecol_translate,assets/targets/hh_hl_unlink_plinko_0315/maybecol_translatered.jpg,50,5319,hh_hl_unlink_plinko_0315,-1,False,0,assets/targets/lh_hl_unlink_plinko_0049/col_late_basered.jpg,col_late_translate,assets/targets/lh_hl_unlink_plinko_0049/col_late_translateblue.jpg,50,4657,lh_hl_unlink_plinko_0049,-1,False,0,assets/targets/lh_hl_unlink_plinko_0110/col_late_basered.jpg,col_late_translate,assets/targets/lh_hl_unlink_plinko_0110/col_late_translateblue.jpg,50,5310,lh_hl_unlink_plinko_0110,-1,False,5be42f3b98f5f40001a994f4
120,0,assets/targets/hh_hl_unlink_plinko_0105/col_early_basered.jpg,col_early_translate,assets/targets/hh_hl_unlink_plinko_0105/col_early_translate1blue.jpg,74,13127,hh_hl_unlink_plinko_0105,1,False,0,assets/targets/hh_hl_unlink_plinko_0246/maybecol_basered.jpg,maybecol_translate,assets/targets/hh_hl_unlink_plinko_0246/maybecol_translate1blue.jpg,44,7362,hh_hl_unlink_plinko_0246,0,True,1,assets/targets/lh_hl_unlink_plinko_0049/col_late_baseblue.jpg,col_late_translate,assets/targets/lh_hl_unlink_plinko_0049/col_late_translatered.jpg,61,6682,lh_hl_unlink_plinko_0049,1,True,1,assets/targets/hh_hl_unlink_plinko_0202/maybecol_baseblue.jpg,maybecol_translate,assets/targets/hh_hl_unlink_plinko_0202/maybecol_translatered.jpg,44,8309,hh_hl_unlink_plinko_0202,0,False,1,assets/targets/lh_ll_unlink_plinko_0217/col_late_baseblue.jpg,col_late_translate,assets/targets/lh_ll_unlink_plinko_0217/col_late_translatered.jpg,38,6737,lh_ll_unlink_plinko_0217,0,False,0,assets/targets/hh_hl_unlink_plinko_0393/maybecol_basered.jpg,maybecol_translate,assets/targets/hh_hl_unlink_plinko_0393/maybecol_translate1blue.jpg,67,7936,hh_hl_unlink_plinko_0393,1,False,1,assets/targets/hh_hl_unlink_plinko_0315/nocol_baseblue.jpg,nocol_translate,assets/targets/hh_hl_unlink_plinko_0315/nocol_translatered.jpg,53,3090,hh_hl_unlink_plinko_0315,1,True,1,assets/targets/lh_hl_unlink_plinko_0110/nocol_baseblue.jpg,nocol_translate,assets/targets/lh_hl_unlink_plinko_0110/nocol_translatered.jpg,42,3052,lh_hl_unlink_plinko_0110,0,False,1,assets/targets/lh_ll_unlink_plinko_0091/nocol_baseblue.jpg,nocol_translate,assets/targets/lh_ll_unlink_plinko_0091/nocol_translatered.jpg,55,2595,lh_ll_unlink_plinko_0091,1,True,1,assets/targets/lh_ll_unlink_plinko_0060/col_late_baseblue.jpg,col_late_translate,assets/targets/lh_ll_unlink_plinko_0060/col_late_translatered.jpg,61,6924,lh_ll_unlink_plinko_0060,1,True,1,assets/targets/hh_hl_unlink_plinko_0393/nocol_baseblue.jpg,nocol_translate,assets/targets/hh_hl_unlink_plinko_0393/nocol_translate1red.jpg,47,2961,hh_hl_unlink_plinko_0393,0,False,1,assets/targets/lh_ll_unlink_plinko_0155/col_late_baseblue.jpg,col_late_translate,assets/targets/lh_ll_unlink_plinko_0155/col_late_translate1red.jpg,34,6439,lh_ll_unlink_plinko_0155,0,False,0,assets/targets/hh_hl_unlink_plinko_0269/col_early_basered.jpg,col_early_translate,assets/targets/hh_hl_unlink_plinko_0269/col_early_translate1blue.jpg,36,4108,hh_hl_unlink_plinko_0269,0,True,0,assets/targets/lh_hl_unlink_plinko_0111/col_early_basered.jpg,col_early_translate,assets/targets/lh_hl_unlink_plinko_0111/col_early_translateblue.jpg,40,3918,lh_hl_unlink_plinko_0111,0,True,0,assets/targets/hh_hl_unlink_plinko_0252/maybecol_basered.jpg,maybecol_translate,assets/targets/hh_hl_unlink_plinko_0252/maybecol_translateblue.jpg,52,4658,hh_hl_unlink_plinko_0252,1,False,0,assets/targets/lh_hl_unlink_plinko_0036/col_early_basered.jpg,col_early_translate,assets/targets/lh_hl_unlink_plinko_0036/col_early_translateblue.jpg,64,4777,lh_hl_unlink_plinko_0036,1,False,5966886dee2508000108b02c
121,0,assets/targets/hh_hl_unlink_plinko_0240/nocol_basered.jpg,nocol_translate,assets/targets/hh_hl_unlink_plinko_0240/nocol_translate1blue.jpg,17,14778,hh_hl_unlink_plinko_0240,0,True,0,assets/targets/lh_ll_unlink_plinko_0060/nocol_basered.jpg,nocol_translate,assets/targets/lh_ll_unlink_plinko_0060/nocol_translate1blue.jpg,30,6495,lh_ll_unlink_plinko_0060,0,True,0,assets/targets/hh_hl_unlink_plinko_0240/maybecol_basered.jpg,maybecol_translate,assets/targets/hh_hl_unlink_plinko_0240/maybecol_translate1blue.jpg,50,4943,hh_hl_unlink_plinko_0240,-1,False,1,assets/targets/hh_hl_unlink_plinko_0252/col_early_baseblue.jpg,col_early_translate,assets/targets/hh_hl_unlink_plinko_0252/col_early_translate1red.jpg,39,4652,hh_hl_unlink_plinko_0252,0,False,0,assets/targets/lh_hl_unlink_plinko_0036/nocol_basered.jpg,nocol_translate,assets/targets/lh_hl_unlink_plinko_0036/nocol_translateblue.jpg,28,6341,lh_hl_unlink_plinko_0036,0,True,0,assets/targets/lh_hl_unlink_plinko_0049/col_late_basered.jpg,col_late_translate,assets/targets/lh_hl_unlink_plinko_0049/col_late_translate1blue.jpg,70,8209,lh_hl_unlink_plinko_0049,1,False,1,assets/targets/hh_hl_unlink_plinko_0202/maybecol_baseblue.jpg,maybecol_translate,assets/targets/hh_hl_unlink_plinko_0202/maybecol_translate1red.jpg,63,4943,hh_hl_unlink_plinko_0202,1,True,0,assets/targets/lh_hl_unlink_plinko_0111/col_early_basered.jpg,col_early_translate,assets/targets/lh_hl_unlink_plinko_0111/col_early_translate1blue.jpg,68,3269,lh_hl_unlink_plinko_0111,1,False,0,assets/targets/lh_ll_unlink_plinko_0091/col_late_basered.jpg,col_late_translate,assets/targets/lh_ll_unlink_plinko_0091/col_late_translate1blue.jpg,36,3695,lh_ll_unlink_plinko_0091,0,True,0,assets/targets/lh_ll_unlink_plinko_0155/col_early_basered.jpg,col_early_translate,assets/targets/lh_ll_unlink_plinko_0155/col_early_translate1blue.jpg,34,2928,lh_ll_unlink_plinko_0155,0,True,0,assets/targets/hh_hl_unlink_plinko_0315/col_early_basered.jpg,col_early_translate,assets/targets/hh_hl_unlink_plinko_0315/col_early_translate1blue.jpg,31,4564,hh_hl_unlink_plinko_0315,0,True,0,assets/targets/hh_hl_unlink_plinko_0246/nocol_basered.jpg,nocol_translate,assets/targets/hh_hl_unlink_plinko_0246/nocol_translate1blue.jpg,69,5085,hh_hl_unlink_plinko_0246,1,False,1,assets/targets/lh_hl_unlink_plinko_0110/col_late_baseblue.jpg,col_late_translate,assets/targets/lh_hl_unlink_plinko_0110/col_late_translate1red.jpg,64,4315,lh_hl_unlink_plinko_0110,1,True,0,assets/targets/hh_hl_unlink_plinko_0269/maybecol_basered.jpg,maybecol_translate,assets/targets/hh_hl_unlink_plinko_0269/maybecol_translateblue.jpg,31,4619,hh_hl_unlink_plinko_0269,0,True,0,assets/targets/lh_ll_unlink_plinko_0217/col_late_basered.jpg,col_late_translate,assets/targets/lh_ll_unlink_plinko_0217/col_late_translate1blue.jpg,33,3260,lh_ll_unlink_plinko_0217,0,True,1,assets/targets/hh_hl_unlink_plinko_0105/maybecol_baseblue.jpg,maybecol_translate,assets/targets/hh_hl_unlink_plinko_0105/maybecol_translate1red.jpg,64,3156,hh_hl_unlink_plinko_0105,1,True,5e307edef5abed05e1736185
122,1,assets/targets/hh_hl_unlink_plinko_0393/maybecol_baseblue.jpg,maybecol_translate,assets/targets/hh_hl_unlink_plinko_0393/maybecol_translate1red.jpg,0,31113,hh_hl_unlink_plinko_0393,0,False,1,assets/targets/lh_hl_unlink_plinko_0111/col_late_baseblue.jpg,col_late_translate,assets/targets/lh_hl_unlink_plinko_0111/col_late_translatered.jpg,22,10432,lh_hl_unlink_plinko_0111,0,False,1,assets/targets/lh_ll_unlink_plinko_0155/col_early_baseblue.jpg,col_early_translate,assets/targets/lh_ll_unlink_plinko_0155/col_early_translatered.jpg,100,18224,lh_ll_unlink_plinko_0155,1,True,1,assets/targets/lh_hl_unlink_plinko_0049/nocol_baseblue.jpg,nocol_translate,assets/targets/lh_hl_unlink_plinko_0049/nocol_translate1red.jpg,50,5650,lh_hl_unlink_plinko_0049,-1,False,0,assets/targets/hh_hl_unlink_plinko_0240/maybecol_basered.jpg,maybecol_translate,assets/targets/hh_hl_unlink_plinko_0240/maybecol_translateblue.jpg,77,7971,hh_hl_unlink_plinko_0240,1,False,1,assets/targets/hh_hl_unlink_plinko_0246/col_early_baseblue.jpg,col_early_translate,assets/targets/hh_hl_unlink_plinko_0246/col_early_translatered.jpg,97,8646,hh_hl_unlink_plinko_0246,1,True,1,assets/targets/hh_hl_unlink_plinko_0252/nocol_baseblue.jpg,nocol_translate,assets/targets/hh_hl_unlink_plinko_0252/nocol_translatered.jpg,50,4148,hh_hl_unlink_plinko_0252,-1,False,1,assets/targets/hh_hl_unlink_plinko_0315/maybecol_baseblue.jpg,maybecol_translate,assets/targets/hh_hl_unlink_plinko_0315/maybecol_translate1red.jpg,77,6180,hh_hl_unlink_plinko_0315,1,True,0,assets/targets/lh_ll_unlink_plinko_0091/col_late_basered.jpg,col_late_translate,assets/targets/lh_ll_unlink_plinko_0091/col_late_translateblue.jpg,19,9099,lh_ll_unlink_plinko_0091,0,True,0,assets/targets/lh_hl_unlink_plinko_0036/col_early_basered.jpg,col_early_translate,assets/targets/lh_hl_unlink_plinko_0036/col_early_translateblue.jpg,50,4458,lh_hl_unlink_plinko_0036,-1,False,0,assets/targets/hh_hl_unlink_plinko_0105/nocol_basered.jpg,nocol_translate,assets/targets/hh_hl_unlink_plinko_0105/nocol_translate1blue.jpg,88,4942,hh_hl_unlink_plinko_0105,1,False,0,assets/targets/lh_ll_unlink_plinko_0060/col_late_basered.jpg,col_late_translate,assets/targets/lh_ll_unlink_plinko_0060/col_late_translate1blue.jpg,90,4566,lh_ll_unlink_plinko_0060,1,False,0,assets/targets/lh_hl_unlink_plinko_0110/nocol_basered.jpg,nocol_translate,assets/targets/lh_hl_unlink_plinko_0110/nocol_translateblue.jpg,50,4166,lh_hl_unlink_plinko_0110,-1,False,1,assets/targets/hh_hl_unlink_plinko_0202/col_early_baseblue.jpg,col_early_translate,assets/targets/hh_hl_unlink_plinko_0202/col_early_translatered.jpg,83,7397,hh_hl_unlink_plinko_0202,1,True,0,assets/targets/lh_ll_unlink_plinko_0217/col_late_basered.jpg,col_late_translate,assets/targets/lh_ll_unlink_plinko_0217/col_late_translateblue.jpg,13,2997,lh_ll_unlink_plinko_0217,0,True,1,assets/targets/hh_hl_unlink_plinko_0269/maybecol_baseblue.jpg,maybecol_translate,assets/targets/hh_hl_unlink_plinko_0269/maybecol_translatered.jpg,25,4460,hh_hl_unlink_plinko_0269,0,False,5d44b06e62ed9000017ad64c
123,0,assets/targets/hh_hl_unlink_plinko_0393/col_early_basered.jpg,col_early_translate,assets/targets/hh_hl_unlink_plinko_0393/col_early_translateblue.jpg,6,18193,hh_hl_unlink_plinko_0393,0,True,0,assets/targets/lh_hl_unlink_plinko_0111/col_late_basered.jpg,col_late_translate,assets/targets/lh_hl_unlink_plinko_0111/col_late_translateblue.jpg,0,15019,lh_hl_unlink_plinko_0111,0,True,0,assets/targets/lh_hl_unlink_plinko_0036/col_late_basered.jpg,col_late_translate,assets/targets/lh_hl_unlink_plinko_0036/col_late_translateblue.jpg,0,7381,lh_hl_unlink_plinko_0036,0,True,1,assets/targets/hh_hl_unlink_plinko_0240/nocol_baseblue.jpg,nocol_translate,assets/targets/hh_hl_unlink_plinko_0240/nocol_translatered.jpg,97,7235,hh_hl_unlink_plinko_0240,1,True,0,assets/targets/lh_hl_unlink_plinko_0110/nocol_basered.jpg,nocol_translate,assets/targets/lh_hl_unlink_plinko_0110/nocol_translate1blue.jpg,67,5146,lh_hl_unlink_plinko_0110,1,False,1,assets/targets/hh_hl_unlink_plinko_0202/nocol_baseblue.jpg,nocol_translate,assets/targets/hh_hl_unlink_plinko_0202/nocol_translate1red.jpg,1,4694,hh_hl_unlink_plinko_0202,0,False,1,assets/targets/hh_hl_unlink_plinko_0246/col_early_baseblue.jpg,col_early_translate,assets/targets/hh_hl_unlink_plinko_0246/col_early_translatered.jpg,0,7801,hh_hl_unlink_plinko_0246,0,False,1,assets/targets/lh_ll_unlink_plinko_0217/col_late_baseblue.jpg,col_late_translate,assets/targets/lh_ll_unlink_plinko_0217/col_late_translate1red.jpg,89,7966,lh_ll_unlink_plinko_0217,1,True,0,assets/targets/hh_hl_unlink_plinko_0269/maybecol_basered.jpg,maybecol_translate,assets/targets/hh_hl_unlink_plinko_0269/maybecol_translate1blue.jpg,0,17516,hh_hl_unlink_plinko_0269,0,True,1,assets/targets/hh_hl_unlink_plinko_0252/maybecol_baseblue.jpg,maybecol_translate,assets/targets/hh_hl_unlink_plinko_0252/maybecol_translate1red.jpg,97,6602,hh_hl_unlink_plinko_0252,1,True,1,assets/targets/lh_ll_unlink_plinko_0155/col_early_baseblue.jpg,col_early_translate,assets/targets/lh_ll_unlink_plinko_0155/col_early_translatered.jpg,1,8475,lh_ll_unlink_plinko_0155,0,False,0,assets/targets/lh_hl_unlink_plinko_0049/col_early_basered.jpg,col_early_translate,assets/targets/lh_hl_unlink_plinko_0049/col_early_translate1blue.jpg,0,6784,lh_hl_unlink_plinko_0049,0,True,0,assets/targets/lh_ll_unlink_plinko_0091/nocol_basered.jpg,nocol_translate,assets/targets/lh_ll_unlink_plinko_0091/nocol_translateblue.jpg,77,4092,lh_ll_unlink_plinko_0091,1,False,0,assets/targets/lh_ll_unlink_plinko_0060/col_late_basered.jpg,col_late_translate,assets/targets/lh_ll_unlink_plinko_0060/col_late_translate1blue.jpg,22,3619,lh_ll_unlink_plinko_0060,0,True,1,assets/targets/hh_hl_unlink_plinko_0315/maybecol_baseblue.jpg,maybecol_translate,assets/targets/hh_hl_unlink_plinko_0315/maybecol_translate1red.jpg,20,4515,hh_hl_unlink_plinko_0315,0,False,1,assets/targets/hh_hl_unlink_plinko_0105/maybecol_baseblue.jpg,maybecol_translate,assets/targets/hh_hl_unlink_plinko_0105/maybecol_translatered.jpg,0,4482,hh_hl_unlink_plinko_0105,0,False,61267e282a445af9eb95beae
124,1,assets/targets/hh_hl_unlink_plinko_0269/nocol_baseblue.jpg,nocol_translate,assets/targets/hh_hl_unlink_plinko_0269/nocol_translatered.jpg,39,22912,hh_hl_unlink_plinko_0269,0,False,0,assets/targets/lh_hl_unlink_plinko_0049/nocol_basered.jpg,nocol_translate,assets/targets/lh_hl_unlink_plinko_0049/nocol_translateblue.jpg,52,12206,lh_hl_unlink_plinko_0049,1,False,0,assets/targets/hh_hl_unlink_plinko_0240/maybecol_basered.jpg,maybecol_translate,assets/targets/hh_hl_unlink_plinko_0240/maybecol_translate1blue.jpg,100,7879,hh_hl_unlink_plinko_0240,1,False,1,assets/targets/lh_ll_unlink_plinko_0217/col_late_baseblue.jpg,col_late_translate,assets/targets/lh_ll_unlink_plinko_0217/col_late_translate1red.jpg,54,9031,lh_ll_unlink_plinko_0217,1,True,1,assets/targets/hh_hl_unlink_plinko_0315/col_early_baseblue.jpg,col_early_translate,assets/targets/hh_hl_unlink_plinko_0315/col_early_translatered.jpg,13,11577,hh_hl_unlink_plinko_0315,0,False,1,assets/targets/hh_hl_unlink_plinko_0105/nocol_baseblue.jpg,nocol_translate,assets/targets/hh_hl_unlink_plinko_0105/nocol_translatered.jpg,52,5700,hh_hl_unlink_plinko_0105,1,True,1,assets/targets/lh_ll_unlink_plinko_0155/col_early_baseblue.jpg,col_early_translate,assets/targets/lh_ll_unlink_plinko_0155/col_early_translatered.jpg,0,11819,lh_ll_unlink_plinko_0155,0,False,0,assets/targets/lh_hl_unlink_plinko_0036/col_late_basered.jpg,col_late_translate,assets/targets/lh_hl_unlink_plinko_0036/col_late_translateblue.jpg,20,8139,lh_hl_unlink_plinko_0036,0,True,1,assets/targets/lh_hl_unlink_plinko_0111/col_late_baseblue.jpg,col_late_translate,assets/targets/lh_hl_unlink_plinko_0111/col_late_translatered.jpg,0,8422,lh_hl_unlink_plinko_0111,0,False,0,assets/targets/lh_ll_unlink_plinko_0091/nocol_basered.jpg,nocol_translate,assets/targets/lh_ll_unlink_plinko_0091/nocol_translate1blue.jpg,52,7121,lh_ll_unlink_plinko_0091,1,False,0,assets/targets/hh_hl_unlink_plinko_0240/maybecol_basered.jpg,maybecol_translate,assets/targets/hh_hl_unlink_plinko_0240/maybecol_translateblue.jpg,3,7995,hh_hl_unlink_plinko_0240,0,True,1,assets/targets/hh_hl_unlink_plinko_0246/maybecol_baseblue.jpg,maybecol_translate,assets/targets/hh_hl_unlink_plinko_0246/maybecol_translate1red.jpg,100,5756,hh_hl_unlink_plinko_0246,1,True,0,assets/targets/lh_hl_unlink_plinko_0110/col_late_basered.jpg,col_late_translate,assets/targets/lh_hl_unlink_plinko_0110/col_late_translateblue.jpg,17,4793,lh_hl_unlink_plinko_0110,0,True,1,assets/targets/hh_hl_unlink_plinko_0252/maybecol_baseblue.jpg,maybecol_translate,assets/targets/hh_hl_unlink_plinko_0252/maybecol_translatered.jpg,87,4705,hh_hl_unlink_plinko_0252,1,True,0,assets/targets/hh_hl_unlink_plinko_0202/col_early_basered.jpg,col_early_translate,assets/targets/hh_hl_unlink_plinko_0202/col_early_translate1blue.jpg,90,5981,hh_hl_unlink_plinko_0202,1,False,0,assets/targets/lh_ll_unlink_plinko_0060/col_early_basered.jpg,col_early_translate,assets/targets/lh_ll_unlink_plinko_0060/col_early_translate1blue.jpg,0,5674,lh_ll_unlink_plinko_0060,0,True,5f556aa545c96e941e4680d5
125,1,assets/targets/lh_ll_unlink_plinko_0091/col_late_baseblue.jpg,col_late_translate,assets/targets/lh_ll_unlink_plinko_0091/col_late_translate1red.jpg,87,16563,lh_ll_unlink_plinko_0091,1,True,1,assets/targets/hh_hl_unlink_plinko_0269/nocol_baseblue.jpg,nocol_translate,assets/targets/hh_hl_unlink_plinko_0269/nocol_translatered.jpg,33,12251,hh_hl_unlink_plinko_0269,0,False,0,assets/targets/hh_hl_unlink_plinko_0315/maybecol_basered.jpg,maybecol_translate,assets/targets/hh_hl_unlink_plinko_0315/maybecol_translate1blue.jpg,33,8947,hh_hl_unlink_plinko_0315,0,True,0,assets/targets/hh_hl_unlink_plinko_0202/maybecol_basered.jpg,maybecol_translate,assets/targets/hh_hl_unlink_plinko_0202/maybecol_translateblue.jpg,14,12586,hh_hl_unlink_plinko_0202,0,True,1,assets/targets/hh_hl_unlink_plinko_0252/col_early_baseblue.jpg,col_early_translate,assets/targets/hh_hl_unlink_plinko_0252/col_early_translate1red.jpg,86,13906,hh_hl_unlink_plinko_0252,1,True,0,assets/targets/hh_hl_unlink_plinko_0105/col_early_basered.jpg,col_early_translate,assets/targets/hh_hl_unlink_plinko_0105/col_early_translate1blue.jpg,0,6300,hh_hl_unlink_plinko_0105,0,True,1,assets/targets/lh_hl_unlink_plinko_0111/nocol_baseblue.jpg,nocol_translate,assets/targets/lh_hl_unlink_plinko_0111/nocol_translate1red.jpg,42,8822,lh_hl_unlink_plinko_0111,0,False,0,assets/targets/hh_hl_unlink_plinko_0393/maybecol_basered.jpg,maybecol_translate,assets/targets/hh_hl_unlink_plinko_0393/maybecol_translate1blue.jpg,78,7499,hh_hl_unlink_plinko_0393,1,False,1,assets/targets/hh_hl_unlink_plinko_0246/nocol_baseblue.jpg,nocol_translate,assets/targets/hh_hl_unlink_plinko_0246/nocol_translate1red.jpg,58,7287,hh_hl_unlink_plinko_0246,1,True,0,assets/targets/lh_hl_unlink_plinko_0036/col_late_basered.jpg,col_late_translate,assets/targets/lh_hl_unlink_plinko_0036/col_late_translate1blue.jpg,29,15845,lh_hl_unlink_plinko_0036,0,True,0,assets/targets/hh_hl_unlink_plinko_0240/maybecol_basered.jpg,maybecol_translate,assets/targets/hh_hl_unlink_plinko_0240/maybecol_translate1blue.jpg,7,8790,hh_hl_unlink_plinko_0240,0,True,0,assets/targets/lh_hl_unlink_plinko_0111/col_late_basered.jpg,col_late_translate,assets/targets/lh_hl_unlink_plinko_0111/col_late_translate1blue.jpg,10,9046,lh_hl_unlink_plinko_0111,0,True,0,assets/targets/lh_ll_unlink_plinko_0060/col_early_basered.jpg,col_early_translate,assets/targets/lh_ll_unlink_plinko_0060/col_early_translate1blue.jpg,0,5405,lh_ll_unlink_plinko_0060,0,True,0,assets/targets/lh_ll_unlink_plinko_0217/col_early_basered.jpg,col_early_translate,assets/targets/lh_ll_unlink_plinko_0217/col_early_translateblue.jpg,0,7282,lh_ll_unlink_plinko_0217,0,True,0,assets/targets/lh_ll_unlink_plinko_0155/col_late_basered.jpg,col_late_translate,assets/targets/lh_ll_unlink_plinko_0155/col_late_translateblue.jpg,89,8518,lh_ll_unlink_plinko_0155,1,False,1,assets/targets/lh_hl_unlink_plinko_0049/nocol_baseblue.jpg,nocol_translate,assets/targets/lh_hl_unlink_plinko_0049/nocol_translate1red.jpg,72,5230,lh_hl_unlink_plinko_0049,1,True,629797a5f0a12d71ccb37a09
126,1,assets/targets/hh_hl_unlink_plinko_0269/maybecol_baseblue.jpg,maybecol_translate,assets/targets/hh_hl_unlink_plinko_0269/maybecol_translate1red.jpg,27,20764,hh_hl_unlink_plinko_0269,0,False,0,assets/targets/hh_hl_unlink_plinko_0105/col_early_basered.jpg,col_early_translate,assets/targets/hh_hl_unlink_plinko_0105/col_early_translate1blue.jpg,71,6783,hh_hl_unlink_plinko_0105,1,False,1,assets/targets/lh_ll_unlink_plinko_0217/nocol_baseblue.jpg,nocol_translate,assets/targets/lh_ll_unlink_plinko_0217/nocol_translatered.jpg,30,17014,lh_ll_unlink_plinko_0217,0,False,0,assets/targets/hh_hl_unlink_plinko_0202/nocol_basered.jpg,nocol_translate,assets/targets/hh_hl_unlink_plinko_0202/nocol_translate1blue.jpg,81,16394,hh_hl_unlink_plinko_0202,1,False,1,assets/targets/hh_hl_unlink_plinko_0246/col_early_baseblue.jpg,col_early_translate,assets/targets/hh_hl_unlink_plinko_0246/col_early_translate1red.jpg,40,3429,hh_hl_unlink_plinko_0246,0,False,0,assets/targets/lh_hl_unlink_plinko_0049/col_late_basered.jpg,col_late_translate,assets/targets/lh_hl_unlink_plinko_0049/col_late_translate1blue.jpg,31,8076,lh_hl_unlink_plinko_0049,0,True,1,assets/targets/hh_hl_unlink_plinko_0252/maybecol_baseblue.jpg,maybecol_translate,assets/targets/hh_hl_unlink_plinko_0252/maybecol_translatered.jpg,33,6836,hh_hl_unlink_plinko_0252,0,False,1,assets/targets/hh_hl_unlink_plinko_0315/maybecol_baseblue.jpg,maybecol_translate,assets/targets/hh_hl_unlink_plinko_0315/maybecol_translate1red.jpg,77,7492,hh_hl_unlink_plinko_0315,1,True,0,assets/targets/lh_hl_unlink_plinko_0110/nocol_basered.jpg,nocol_translate,assets/targets/lh_hl_unlink_plinko_0110/nocol_translateblue.jpg,20,6192,lh_hl_unlink_plinko_0110,0,True,0,assets/targets/lh_hl_unlink_plinko_0036/col_early_basered.jpg,col_early_translate,assets/targets/lh_hl_unlink_plinko_0036/col_early_translate1blue.jpg,40,7850,lh_hl_unlink_plinko_0036,0,True,1,assets/targets/lh_ll_unlink_plinko_0060/col_late_baseblue.jpg,col_late_translate,assets/targets/lh_ll_unlink_plinko_0060/col_late_translate1red.jpg,78,11224,lh_ll_unlink_plinko_0060,1,True,0,assets/targets/lh_ll_unlink_plinko_0155/col_late_basered.jpg,col_late_translate,assets/targets/lh_ll_unlink_plinko_0155/col_late_translateblue.jpg,24,9216,lh_ll_unlink_plinko_0155,0,True,0,assets/targets/hh_hl_unlink_plinko_0240/maybecol_basered.jpg,maybecol_translate,assets/targets/hh_hl_unlink_plinko_0240/maybecol_translateblue.jpg,20,8526,hh_hl_unlink_plinko_0240,0,True,0,assets/targets/lh_ll_unlink_plinko_0091/col_late_basered.jpg,col_late_translate,assets/targets/lh_ll_unlink_plinko_0091/col_late_translateblue.jpg,71,7170,lh_ll_unlink_plinko_0091,1,False,1,assets/targets/lh_hl_unlink_plinko_0111/col_early_baseblue.jpg,col_early_translate,assets/targets/lh_hl_unlink_plinko_0111/col_early_translate1red.jpg,30,5250,lh_hl_unlink_plinko_0111,0,False,0,assets/targets/hh_hl_unlink_plinko_0393/nocol_basered.jpg,nocol_translate,assets/targets/hh_hl_unlink_plinko_0393/nocol_translate1blue.jpg,76,4508,hh_hl_unlink_plinko_0393,1,False,5cbdc6f1214b1a0015ccfbab
127,0,assets/targets/hh_hl_unlink_plinko_0240/nocol_basered.jpg,nocol_translate,assets/targets/hh_hl_unlink_plinko_0240/nocol_translateblue.jpg,56,29048,hh_hl_unlink_plinko_0240,1,False,0,assets/targets/lh_hl_unlink_plinko_0049/col_late_basered.jpg,col_late_translate,assets/targets/lh_hl_unlink_plinko_0049/col_late_translateblue.jpg,37,14220,lh_hl_unlink_plinko_0049,0,True,0,assets/targets/lh_hl_unlink_plinko_0111/col_late_basered.jpg,col_late_translate,assets/targets/lh_hl_unlink_plinko_0111/col_late_translateblue.jpg,59,11511,lh_hl_unlink_plinko_0111,1,False,1,assets/targets/lh_hl_unlink_plinko_0110/col_early_baseblue.jpg,col_early_translate,assets/targets/lh_hl_unlink_plinko_0110/col_early_translatered.jpg,69,10546,lh_hl_unlink_plinko_0110,1,True,1,assets/targets/hh_hl_unlink_plinko_0269/col_early_baseblue.jpg,col_early_translate,assets/targets/hh_hl_unlink_plinko_0269/col_early_translatered.jpg,40,10499,hh_hl_unlink_plinko_0269,0,False,1,assets/targets/lh_hl_unlink_plinko_0036/col_late_baseblue.jpg,col_late_translate,assets/targets/lh_hl_unlink_plinko_0036/col_late_translate1red.jpg,68,18450,lh_hl_unlink_plinko_0036,1,True,0,assets/targets/hh_hl_unlink_plinko_0202/maybecol_basered.jpg,maybecol_translate,assets/targets/hh_hl_unlink_plinko_0202/maybecol_translateblue.jpg,50,16788,hh_hl_unlink_plinko_0202,-1,False,1,assets/targets/hh_hl_unlink_plinko_0105/maybecol_baseblue.jpg,maybecol_translate,assets/targets/hh_hl_unlink_plinko_0105/maybecol_translatered.jpg,50,9491,hh_hl_unlink_plinko_0105,-1,False,0,assets/targets/hh_hl_unlink_plinko_0393/nocol_basered.jpg,nocol_translate,assets/targets/hh_hl_unlink_plinko_0393/nocol_translateblue.jpg,50,7829,hh_hl_unlink_plinko_0393,-1,False,0,assets/targets/lh_ll_unlink_plinko_0155/nocol_basered.jpg,nocol_translate,assets/targets/lh_ll_unlink_plinko_0155/nocol_translateblue.jpg,50,5327,lh_ll_unlink_plinko_0155,-1,False,0,assets/targets/hh_hl_unlink_plinko_0315/maybecol_basered.jpg,maybecol_translate,assets/targets/hh_hl_unlink_plinko_0315/maybecol_translate1blue.jpg,36,11357,hh_hl_unlink_plinko_0315,0,True,1,assets/targets/hh_hl_unlink_plinko_0246/maybecol_baseblue.jpg,maybecol_translate,assets/targets/hh_hl_unlink_plinko_0246/maybecol_translate1red.jpg,50,6770,hh_hl_unlink_plinko_0246,-1,False,0,assets/targets/lh_ll_unlink_plinko_0091/col_early_basered.jpg,col_early_translate,assets/targets/lh_ll_unlink_plinko_0091/col_early_translateblue.jpg,43,8775,lh_ll_unlink_plinko_0091,0,True,0,assets/targets/lh_ll_unlink_plinko_0060/col_late_basered.jpg,col_late_translate,assets/targets/lh_ll_unlink_plinko_0060/col_late_translate1blue.jpg,56,9202,lh_ll_unlink_plinko_0060,1,False,1,assets/targets/hh_hl_unlink_plinko_0252/col_early_baseblue.jpg,col_early_translate,assets/targets/hh_hl_unlink_plinko_0252/col_early_translatered.jpg,87,8512,hh_hl_unlink_plinko_0252,1,True,0,assets/targets/lh_ll_unlink_plinko_0217/nocol_basered.jpg,nocol_translate,assets/targets/lh_ll_unlink_plinko_0217/nocol_translateblue.jpg,50,11141,lh_ll_unlink_plinko_0217,-1,False,5ea98c8747b7860a96ff3c90
128,1,assets/targets/lh_ll_unlink_plinko_0217/col_late_baseblue.jpg,col_late_translate,assets/targets/lh_ll_unlink_plinko_0217/col_late_translatered.jpg,85,23848,lh_ll_unlink_plinko_0217,1,True,0,assets/targets/hh_hl_unlink_plinko_0315/maybecol_basered.jpg,maybecol_translate,assets/targets/hh_hl_unlink_plinko_0315/maybecol_translateblue.jpg,20,12271,hh_hl_unlink_plinko_0315,0,True,1,assets/targets/lh_hl_unlink_plinko_0049/col_early_baseblue.jpg,col_early_translate,assets/targets/lh_hl_unlink_plinko_0049/col_early_translatered.jpg,99,8489,lh_hl_unlink_plinko_0049,1,True,0,assets/targets/hh_hl_unlink_plinko_0393/maybecol_basered.jpg,maybecol_translate,assets/targets/hh_hl_unlink_plinko_0393/maybecol_translate1blue.jpg,7,10643,hh_hl_unlink_plinko_0393,0,True,1,assets/targets/lh_ll_unlink_plinko_0060/col_early_baseblue.jpg,col_early_translate,assets/targets/lh_ll_unlink_plinko_0060/col_early_translate1red.jpg,100,7940,lh_ll_unlink_plinko_0060,1,True,1,assets/targets/lh_hl_unlink_plinko_0111/nocol_baseblue.jpg,nocol_translate,assets/targets/lh_hl_unlink_plinko_0111/nocol_translatered.jpg,32,8254,lh_hl_unlink_plinko_0111,0,False,1,assets/targets/hh_hl_unlink_plinko_0269/maybecol_baseblue.jpg,maybecol_translate,assets/targets/hh_hl_unlink_plinko_0269/maybecol_translatered.jpg,81,9502,hh_hl_unlink_plinko_0269,1,True,0,assets/targets/lh_ll_unlink_plinko_0155/col_late_basered.jpg,col_late_translate,assets/targets/lh_ll_unlink_plinko_0155/col_late_translate1blue.jpg,5,6808,lh_ll_unlink_plinko_0155,0,True,0,assets/targets/hh_hl_unlink_plinko_0246/nocol_basered.jpg,nocol_translate,assets/targets/hh_hl_unlink_plinko_0246/nocol_translateblue.jpg,29,9142,hh_hl_unlink_plinko_0246,0,True,1,assets/targets/lh_hl_unlink_plinko_0036/col_late_baseblue.jpg,col_late_translate,assets/targets/lh_hl_unlink_plinko_0036/col_late_translatered.jpg,100,8960,lh_hl_unlink_plinko_0036,1,True,1,assets/targets/hh_hl_unlink_plinko_0202/nocol_baseblue.jpg,nocol_translate,assets/targets/hh_hl_unlink_plinko_0202/nocol_translatered.jpg,62,9919,hh_hl_unlink_plinko_0202,1,True,0,assets/targets/lh_hl_unlink_plinko_0110/nocol_basered.jpg,nocol_translate,assets/targets/lh_hl_unlink_plinko_0110/nocol_translate1blue.jpg,72,8570,lh_hl_unlink_plinko_0110,1,False,0,assets/targets/hh_hl_unlink_plinko_0240/col_early_basered.jpg,col_early_translate,assets/targets/hh_hl_unlink_plinko_0240/col_early_translateblue.jpg,0,7911,hh_hl_unlink_plinko_0240,0,True,1,assets/targets/hh_hl_unlink_plinko_0252/col_early_baseblue.jpg,col_early_translate,assets/targets/hh_hl_unlink_plinko_0252/col_early_translate1red.jpg,36,12392,hh_hl_unlink_plinko_0252,0,False,0,assets/targets/lh_ll_unlink_plinko_0091/col_late_basered.jpg,col_late_translate,assets/targets/lh_ll_unlink_plinko_0091/col_late_translate1blue.jpg,21,8601,lh_ll_unlink_plinko_0091,0,True,1,assets/targets/hh_hl_unlink_plinko_0105/maybecol_baseblue.jpg,maybecol_translate,assets/targets/hh_hl_unlink_plinko_0105/maybecol_translate1red.jpg,72,7380,hh_hl_unlink_plinko_0105,1,True,559002fefdf99b3f7aada38f
129,0,assets/targets/hh_hl_unlink_plinko_0246/col_early_basered.jpg,col_early_translate,assets/targets/hh_hl_unlink_plinko_0246/col_early_translateblue.jpg,0,33024,hh_hl_unlink_plinko_0246,0,True,0,assets/targets/lh_ll_unlink_plinko_0060/col_late_basered.jpg,col_late_translate,assets/targets/lh_ll_unlink_plinko_0060/col_late_translate1blue.jpg,22,16041,lh_ll_unlink_plinko_0060,0,True,1,assets/targets/lh_hl_unlink_plinko_0111/nocol_baseblue.jpg,nocol_translate,assets/targets/lh_hl_unlink_plinko_0111/nocol_translate1red.jpg,39,14098,lh_hl_unlink_plinko_0111,0,False,0,assets/targets/hh_hl_unlink_plinko_0393/maybecol_basered.jpg,maybecol_translate,assets/targets/hh_hl_unlink_plinko_0393/maybecol_translate1blue.jpg,46,22184,hh_hl_unlink_plinko_0393,0,True,1,assets/targets/lh_hl_unlink_plinko_0049/col_late_baseblue.jpg,col_late_translate,assets/targets/lh_hl_unlink_plinko_0049/col_late_translatered.jpg,55,10665,lh_hl_unlink_plinko_0049,1,True,0,assets/targets/lh_ll_unlink_plinko_0091/nocol_basered.jpg,nocol_translate,assets/targets/lh_ll_unlink_plinko_0091/nocol_translateblue.jpg,51,8378,lh_ll_unlink_plinko_0091,1,False,1,assets/targets/lh_ll_unlink_plinko_0155/col_early_baseblue.jpg,col_early_translate,assets/targets/lh_ll_unlink_plinko_0155/col_early_translatered.jpg,47,13780,lh_ll_unlink_plinko_0155,0,False,1,assets/targets/hh_hl_unlink_plinko_0315/maybecol_baseblue.jpg,maybecol_translate,assets/targets/hh_hl_unlink_plinko_0315/maybecol_translatered.jpg,55,119155,hh_hl_unlink_plinko_0315,1,True,0,assets/targets/lh_hl_unlink_plinko_0110/col_late_basered.jpg,col_late_translate,assets/targets/lh_hl_unlink_plinko_0110/col_late_translate1blue.jpg,7,8913,lh_hl_unlink_plinko_0110,0,True,1,assets/targets/hh_hl_unlink_plinko_0240/maybecol_baseblue.jpg,maybecol_translate,assets/targets/hh_hl_unlink_plinko_0240/maybecol_translatered.jpg,59,10628,hh_hl_unlink_plinko_0240,1,True,0,assets/targets/hh_hl_unlink_plinko_0269/nocol_basered.jpg,nocol_translate,assets/targets/hh_hl_unlink_plinko_0269/nocol_translate1blue.jpg,48,11019,hh_hl_unlink_plinko_0269,0,True,0,assets/targets/lh_hl_unlink_plinko_0036/col_late_basered.jpg,col_late_translate,assets/targets/lh_hl_unlink_plinko_0036/col_late_translateblue.jpg,25,13338,lh_hl_unlink_plinko_0036,0,True,0,assets/targets/lh_ll_unlink_plinko_0217/col_early_basered.jpg,col_early_translate,assets/targets/lh_ll_unlink_plinko_0217/col_early_translate1blue.jpg,38,9842,lh_ll_unlink_plinko_0217,0,True,0,assets/targets/hh_hl_unlink_plinko_0252/col_early_basered.jpg,col_early_translate,assets/targets/hh_hl_unlink_plinko_0252/col_early_translateblue.jpg,22,11732,hh_hl_unlink_plinko_0252,0,True,0,assets/targets/hh_hl_unlink_plinko_0202/nocol_basered.jpg,nocol_translate,assets/targets/hh_hl_unlink_plinko_0202/nocol_translateblue.jpg,48,14705,hh_hl_unlink_plinko_0202,0,True,0,assets/targets/hh_hl_unlink_plinko_0105/maybecol_basered.jpg,maybecol_translate,assets/targets/hh_hl_unlink_plinko_0105/maybecol_translate1blue.jpg,34,10904,hh_hl_unlink_plinko_0105,0,True,5baff18baf6e8c000116be28
130,1,assets/targets/hh_hl_unlink_plinko_0269/maybecol_baseblue.jpg,maybecol_translate,assets/targets/hh_hl_unlink_plinko_0269/maybecol_translate1red.jpg,82,11409,hh_hl_unlink_plinko_0269,1,True,1,assets/targets/lh_ll_unlink_plinko_0060/col_early_baseblue.jpg,col_early_translate,assets/targets/lh_ll_unlink_plinko_0060/col_early_translatered.jpg,100,6194,lh_ll_unlink_plinko_0060,1,True,1,assets/targets/hh_hl_unlink_plinko_0246/maybecol_baseblue.jpg,maybecol_translate,assets/targets/hh_hl_unlink_plinko_0246/maybecol_translatered.jpg,50,4946,hh_hl_unlink_plinko_0246,-1,False,0,assets/targets/lh_hl_unlink_plinko_0049/nocol_basered.jpg,nocol_translate,assets/targets/lh_hl_unlink_plinko_0049/nocol_translateblue.jpg,34,8236,lh_hl_unlink_plinko_0049,0,True,1,assets/targets/lh_hl_unlink_plinko_0111/col_late_baseblue.jpg,col_late_translate,assets/targets/lh_hl_unlink_plinko_0111/col_late_translatered.jpg,72,6186,lh_hl_unlink_plinko_0111,1,True,1,assets/targets/hh_hl_unlink_plinko_0105/maybecol_baseblue.jpg,maybecol_translate,assets/targets/hh_hl_unlink_plinko_0105/maybecol_translate1red.jpg,50,4563,hh_hl_unlink_plinko_0105,-1,False,1,assets/targets/lh_hl_unlink_plinko_0110/nocol_baseblue.jpg,nocol_translate,assets/targets/lh_hl_unlink_plinko_0110/nocol_translate1red.jpg,71,4292,lh_hl_unlink_plinko_0110,1,True,1,assets/targets/hh_hl_unlink_plinko_0393/nocol_baseblue.jpg,nocol_translate,assets/targets/hh_hl_unlink_plinko_0393/nocol_translatered.jpg,37,6495,hh_hl_unlink_plinko_0393,0,False,0,assets/targets/hh_hl_unlink_plinko_0202/col_early_basered.jpg,col_early_translate,assets/targets/hh_hl_unlink_plinko_0202/col_early_translateblue.jpg,0,6015,hh_hl_unlink_plinko_0202,0,True,0,assets/targets/hh_hl_unlink_plinko_0252/col_early_basered.jpg,col_early_translate,assets/targets/hh_hl_unlink_plinko_0252/col_early_translateblue.jpg,0,4585,hh_hl_unlink_plinko_0252,0,True,0,assets/targets/lh_ll_unlink_plinko_0217/col_early_basered.jpg,col_early_translate,assets/targets/lh_ll_unlink_plinko_0217/col_early_translateblue.jpg,0,7319,lh_ll_unlink_plinko_0217,0,True,0,assets/targets/lh_ll_unlink_plinko_0091/col_late_basered.jpg,col_late_translate,assets/targets/lh_ll_unlink_plinko_0091/col_late_translateblue.jpg,32,9057,lh_ll_unlink_plinko_0091,0,True,1,assets/targets/hh_hl_unlink_plinko_0315/maybecol_baseblue.jpg,maybecol_translate,assets/targets/hh_hl_unlink_plinko_0315/maybecol_translatered.jpg,92,9582,hh_hl_unlink_plinko_0315,1,True,0,assets/targets/lh_hl_unlink_plinko_0036/col_late_basered.jpg,col_late_translate,assets/targets/lh_hl_unlink_plinko_0036/col_late_translateblue.jpg,8,5718,lh_hl_unlink_plinko_0036,0,True,0,assets/targets/lh_ll_unlink_plinko_0155/col_late_basered.jpg,col_late_translate,assets/targets/lh_ll_unlink_plinko_0155/col_late_translateblue.jpg,37,7580,lh_ll_unlink_plinko_0155,0,True,1,assets/targets/hh_hl_unlink_plinko_0240/nocol_baseblue.jpg,nocol_translate,assets/targets/hh_hl_unlink_plinko_0240/nocol_translate1red.jpg,50,3497,hh_hl_unlink_plinko_0240,-1,False,5dea9f92c3aca11bffec8b7e
131,0,assets/targets/hh_hl_unlink_plinko_0246/col_early_basered.jpg,col_early_translate,assets/targets/hh_hl_unlink_plinko_0246/col_early_translateblue.jpg,48,12466,hh_hl_unlink_plinko_0246,0,True,1,assets/targets/hh_hl_unlink_plinko_0393/maybecol_baseblue.jpg,maybecol_translate,assets/targets/hh_hl_unlink_plinko_0393/maybecol_translate1red.jpg,49,87295,hh_hl_unlink_plinko_0393,0,False,0,assets/targets/lh_ll_unlink_plinko_0091/nocol_basered.jpg,nocol_translate,assets/targets/lh_ll_unlink_plinko_0091/nocol_translate1blue.jpg,48,11490,lh_ll_unlink_plinko_0091,0,True,0,assets/targets/lh_ll_unlink_plinko_0217/col_late_basered.jpg,col_late_translate,assets/targets/lh_ll_unlink_plinko_0217/col_late_translateblue.jpg,28,7468,lh_ll_unlink_plinko_0217,0,True,1,assets/targets/lh_hl_unlink_plinko_0049/nocol_baseblue.jpg,nocol_translate,assets/targets/lh_hl_unlink_plinko_0049/nocol_translatered.jpg,48,3714,lh_hl_unlink_plinko_0049,0,False,0,assets/targets/hh_hl_unlink_plinko_0269/col_early_basered.jpg,col_early_translate,assets/targets/hh_hl_unlink_plinko_0269/col_early_translateblue.jpg,18,7654,hh_hl_unlink_plinko_0269,0,True,1,assets/targets/hh_hl_unlink_plinko_0315/nocol_baseblue.jpg,nocol_translate,assets/targets/hh_hl_unlink_plinko_0315/nocol_translatered.jpg,38,6574,hh_hl_unlink_plinko_0315,0,False,0,assets/targets/lh_ll_unlink_plinko_0155/col_early_basered.jpg,col_early_translate,assets/targets/lh_ll_unlink_plinko_0155/col_early_translateblue.jpg,26,6876,lh_ll_unlink_plinko_0155,0,True,0,assets/targets/lh_hl_unlink_plinko_0110/col_late_basered.jpg,col_late_translate,assets/targets/lh_hl_unlink_plinko_0110/col_late_translateblue.jpg,8,8601,lh_hl_unlink_plinko_0110,0,True,1,assets/targets/hh_hl_unlink_plinko_0202/maybecol_baseblue.jpg,maybecol_translate,assets/targets/hh_hl_unlink_plinko_0202/maybecol_translatered.jpg,66,12675,hh_hl_unlink_plinko_0202,1,True,1,assets/targets/lh_hl_unlink_plinko_0111/col_late_baseblue.jpg,col_late_translate,assets/targets/lh_hl_unlink_plinko_0111/col_late_translate1red.jpg,83,4851,lh_hl_unlink_plinko_0111,1,True,1,assets/targets/lh_ll_unlink_plinko_0060/col_late_baseblue.jpg,col_late_translate,assets/targets/lh_ll_unlink_plinko_0060/col_late_translatered.jpg,34,6683,lh_ll_unlink_plinko_0060,0,False,0,assets/targets/hh_hl_unlink_plinko_0252/nocol_basered.jpg,nocol_translate,assets/targets/hh_hl_unlink_plinko_0252/nocol_translate1blue.jpg,36,2847,hh_hl_unlink_plinko_0252,0,True,1,assets/targets/hh_hl_unlink_plinko_0202/maybecol_baseblue.jpg,maybecol_translate,assets/targets/hh_hl_unlink_plinko_0202/maybecol_translate1red.jpg,14,6154,hh_hl_unlink_plinko_0202,0,False,1,assets/targets/hh_hl_unlink_plinko_0246/maybecol_baseblue.jpg,maybecol_translate,assets/targets/hh_hl_unlink_plinko_0246/maybecol_translate1red.jpg,83,5077,hh_hl_unlink_plinko_0246,1,True,0,assets/targets/lh_hl_unlink_plinko_0036/col_early_basered.jpg,col_early_translate,assets/targets/lh_hl_unlink_plinko_0036/col_early_translateblue.jpg,88,3741,lh_hl_unlink_plinko_0036,1,False,5626a6cfddff3c0011bcd3d8
132,1,assets/targets/lh_ll_unlink_plinko_0155/nocol_baseblue.jpg,nocol_translate,assets/targets/lh_ll_unlink_plinko_0155/nocol_translatered.jpg,50,43499,lh_ll_unlink_plinko_0155,-1,False,0,assets/targets/hh_hl_unlink_plinko_0105/nocol_basered.jpg,nocol_translate,assets/targets/hh_hl_unlink_plinko_0105/nocol_translateblue.jpg,50,25910,hh_hl_unlink_plinko_0105,-1,False,1,assets/targets/hh_hl_unlink_plinko_0202/col_early_baseblue.jpg,col_early_translate,assets/targets/hh_hl_unlink_plinko_0202/col_early_translate1red.jpg,100,19530,hh_hl_unlink_plinko_0202,1,True,0,assets/targets/hh_hl_unlink_plinko_0246/maybecol_basered.jpg,maybecol_translate,assets/targets/hh_hl_unlink_plinko_0246/maybecol_translateblue.jpg,31,37312,hh_hl_unlink_plinko_0246,0,True,1,assets/targets/lh_hl_unlink_plinko_0111/col_late_baseblue.jpg,col_late_translate,assets/targets/lh_hl_unlink_plinko_0111/col_late_translate1red.jpg,50,35757,lh_hl_unlink_plinko_0111,-1,False,0,assets/targets/lh_ll_unlink_plinko_0091/col_late_basered.jpg,col_late_translate,assets/targets/lh_ll_unlink_plinko_0091/col_late_translate1blue.jpg,37,31480,lh_ll_unlink_plinko_0091,0,True,0,assets/targets/hh_hl_unlink_plinko_0393/maybecol_basered.jpg,maybecol_translate,assets/targets/hh_hl_unlink_plinko_0393/maybecol_translate1blue.jpg,50,14508,hh_hl_unlink_plinko_0393,-1,False,0,assets/targets/lh_ll_unlink_plinko_0060/col_early_basered.jpg,col_early_translate,assets/targets/lh_ll_unlink_plinko_0060/col_early_translateblue.jpg,0,12511,lh_ll_unlink_plinko_0060,0,True,0,assets/targets/lh_ll_unlink_plinko_0217/col_late_basered.jpg,col_late_translate,assets/targets/lh_ll_unlink_plinko_0217/col_late_translateblue.jpg,57,32367,lh_ll_unlink_plinko_0217,1,False,0,assets/targets/hh_hl_unlink_plinko_0315/col_early_basered.jpg,col_early_translate,assets/targets/hh_hl_unlink_plinko_0315/col_early_translateblue.jpg,0,11621,hh_hl_unlink_plinko_0315,0,True,1,assets/targets/lh_hl_unlink_plinko_0049/nocol_baseblue.jpg,nocol_translate,assets/targets/lh_hl_unlink_plinko_0049/nocol_translatered.jpg,29,17052,lh_hl_unlink_plinko_0049,0,False,0,assets/targets/lh_hl_unlink_plinko_0036/col_early_basered.jpg,col_early_translate,assets/targets/lh_hl_unlink_plinko_0036/col_early_translate1blue.jpg,0,11770,lh_hl_unlink_plinko_0036,0,True,1,assets/targets/hh_hl_unlink_plinko_0269/maybecol_baseblue.jpg,maybecol_translate,assets/targets/hh_hl_unlink_plinko_0269/maybecol_translate1red.jpg,50,10846,hh_hl_unlink_plinko_0269,-1,False,1,assets/targets/hh_hl_unlink_plinko_0252/maybecol_baseblue.jpg,maybecol_translate,assets/targets/hh_hl_unlink_plinko_0252/maybecol_translate1red.jpg,50,9840,hh_hl_unlink_plinko_0252,-1,False,0,assets/targets/lh_hl_unlink_plinko_0110/col_late_basered.jpg,col_late_translate,assets/targets/lh_hl_unlink_plinko_0110/col_late_translate1blue.jpg,0,9229,lh_hl_unlink_plinko_0110,0,True,1,assets/targets/hh_hl_unlink_plinko_0240/nocol_baseblue.jpg,nocol_translate,assets/targets/hh_hl_unlink_plinko_0240/nocol_translatered.jpg,50,6635,hh_hl_unlink_plinko_0240,-1,False,63d13cd481d5aa3a4c9840f5
133,0,assets/targets/lh_hl_unlink_plinko_0111/col_late_basered.jpg,col_late_translate,assets/targets/lh_hl_unlink_plinko_0111/col_late_translate1blue.jpg,49,57155,lh_hl_unlink_plinko_0111,0,True,1,assets/targets/hh_hl_unlink_plinko_0315/maybecol_baseblue.jpg,maybecol_translate,assets/targets/hh_hl_unlink_plinko_0315/maybecol_translate1red.jpg,49,13806,hh_hl_unlink_plinko_0315,0,False,1,assets/targets/hh_hl_unlink_plinko_0105/nocol_baseblue.jpg,nocol_translate,assets/targets/hh_hl_unlink_plinko_0105/nocol_translate1red.jpg,52,10784,hh_hl_unlink_plinko_0105,1,True,1,assets/targets/lh_hl_unlink_plinko_0110/nocol_baseblue.jpg,nocol_translate,assets/targets/lh_hl_unlink_plinko_0110/nocol_translatered.jpg,49,9102,lh_hl_unlink_plinko_0110,0,False,1,assets/targets/lh_ll_unlink_plinko_0091/col_early_baseblue.jpg,col_early_translate,assets/targets/lh_ll_unlink_plinko_0091/col_early_translate1red.jpg,52,8282,lh_ll_unlink_plinko_0091,1,True,0,assets/targets/lh_hl_unlink_plinko_0049/nocol_basered.jpg,nocol_translate,assets/targets/lh_hl_unlink_plinko_0049/nocol_translateblue.jpg,52,12686,lh_hl_unlink_plinko_0049,1,False,0,assets/targets/hh_hl_unlink_plinko_0246/maybecol_basered.jpg,maybecol_translate,assets/targets/hh_hl_unlink_plinko_0246/maybecol_translate1blue.jpg,51,12370,hh_hl_unlink_plinko_0246,1,False,0,assets/targets/hh_hl_unlink_plinko_0252/nocol_basered.jpg,nocol_translate,assets/targets/hh_hl_unlink_plinko_0252/nocol_translate1blue.jpg,48,10541,hh_hl_unlink_plinko_0252,0,True,1,assets/targets/hh_hl_unlink_plinko_0269/col_early_baseblue.jpg,col_early_translate,assets/targets/hh_hl_unlink_plinko_0269/col_early_translatered.jpg,45,16082,hh_hl_unlink_plinko_0269,0,False,0,assets/targets/hh_hl_unlink_plinko_0202/maybecol_basered.jpg,maybecol_translate,assets/targets/hh_hl_unlink_plinko_0202/maybecol_translate1blue.jpg,49,10714,hh_hl_unlink_plinko_0202,0,True,0,assets/targets/hh_hl_unlink_plinko_0240/col_early_basered.jpg,col_early_translate,assets/targets/hh_hl_unlink_plinko_0240/col_early_translate1blue.jpg,46,9583,hh_hl_unlink_plinko_0240,0,True,1,assets/targets/lh_hl_unlink_plinko_0036/col_late_baseblue.jpg,col_late_translate,assets/targets/lh_hl_unlink_plinko_0036/col_late_translate1red.jpg,49,10641,lh_hl_unlink_plinko_0036,0,False,0,assets/targets/lh_ll_unlink_plinko_0217/col_early_basered.jpg,col_early_translate,assets/targets/lh_ll_unlink_plinko_0217/col_early_translateblue.jpg,49,12798,lh_ll_unlink_plinko_0217,0,True,1,assets/targets/lh_ll_unlink_plinko_0060/col_late_baseblue.jpg,col_late_translate,assets/targets/lh_ll_unlink_plinko_0060/col_late_translatered.jpg,48,8621,lh_ll_unlink_plinko_0060,0,False,0,assets/targets/lh_ll_unlink_plinko_0155/col_late_basered.jpg,col_late_translate,assets/targets/lh_ll_unlink_plinko_0155/col_late_translate1blue.jpg,51,8386,lh_ll_unlink_plinko_0155,1,False,1,assets/targets/hh_hl_unlink_plinko_0393/maybecol_baseblue.jpg,maybecol_translate,assets/targets/hh_hl_unlink_plinko_0393/maybecol_translatered.jpg,51,7455,hh_hl_unlink_plinko_0393,1,True,5a8c2da3eea3d300016ea27c
134,1,assets/targets/lh_hl_unlink_plinko_0049/col_late_baseblue.jpg,col_late_translate,assets/targets/lh_hl_unlink_plinko_0049/col_late_translate1red.jpg,25,12803,lh_hl_unlink_plinko_0049,0,False,1,assets/targets/hh_hl_unlink_plinko_0315/maybecol_baseblue.jpg,maybecol_translate,assets/targets/hh_hl_unlink_plinko_0315/maybecol_translate1red.jpg,83,7091,hh_hl_unlink_plinko_0315,1,True,1,assets/targets/lh_hl_unlink_plinko_0111/col_early_baseblue.jpg,col_early_translate,assets/targets/lh_hl_unlink_plinko_0111/col_early_translate1red.jpg,50,5122,lh_hl_unlink_plinko_0111,-1,False,1,assets/targets/lh_ll_unlink_plinko_0060/nocol_baseblue.jpg,nocol_translate,assets/targets/lh_ll_unlink_plinko_0060/nocol_translate1red.jpg,22,10047,lh_ll_unlink_plinko_0060,0,False,1,assets/targets/hh_hl_unlink_plinko_0105/nocol_baseblue.jpg,nocol_translate,assets/targets/hh_hl_unlink_plinko_0105/nocol_translate1red.jpg,0,11551,hh_hl_unlink_plinko_0105,0,False,1,assets/targets/hh_hl_unlink_plinko_0246/nocol_baseblue.jpg,nocol_translate,assets/targets/hh_hl_unlink_plinko_0246/nocol_translate1red.jpg,20,10075,hh_hl_unlink_plinko_0246,0,False,0,assets/targets/lh_ll_unlink_plinko_0217/nocol_basered.jpg,nocol_translate,assets/targets/lh_ll_unlink_plinko_0217/nocol_translate1blue.jpg,83,8586,lh_ll_unlink_plinko_0217,1,False,0,assets/targets/hh_hl_unlink_plinko_0269/col_early_basered.jpg,col_early_translate,assets/targets/hh_hl_unlink_plinko_0269/col_early_translateblue.jpg,51,5065,hh_hl_unlink_plinko_0269,1,False,1,assets/targets/hh_hl_unlink_plinko_0252/maybecol_baseblue.jpg,maybecol_translate,assets/targets/hh_hl_unlink_plinko_0252/maybecol_translate1red.jpg,0,9693,hh_hl_unlink_plinko_0252,0,False,1,assets/targets/hh_hl_unlink_plinko_0240/maybecol_baseblue.jpg,maybecol_translate,assets/targets/hh_hl_unlink_plinko_0240/maybecol_translatered.jpg,76,7742,hh_hl_unlink_plinko_0240,1,True,0,assets/targets/hh_hl_unlink_plinko_0240/maybecol_basered.jpg,maybecol_translate,assets/targets/hh_hl_unlink_plinko_0240/maybecol_translate1blue.jpg,100,7308,hh_hl_unlink_plinko_0240,1,False,1,assets/targets/hh_hl_unlink_plinko_0202/col_early_baseblue.jpg,col_early_translate,assets/targets/hh_hl_unlink_plinko_0202/col_early_translatered.jpg,50,5161,hh_hl_unlink_plinko_0202,-1,False,1,assets/targets/lh_hl_unlink_plinko_0036/col_late_baseblue.jpg,col_late_translate,assets/targets/lh_hl_unlink_plinko_0036/col_late_translate1red.jpg,6,7564,lh_hl_unlink_plinko_0036,0,False,1,assets/targets/lh_hl_unlink_plinko_0110/col_late_baseblue.jpg,col_late_translate,assets/targets/lh_hl_unlink_plinko_0110/col_late_translate1red.jpg,85,6002,lh_hl_unlink_plinko_0110,1,True,0,assets/targets/lh_ll_unlink_plinko_0155/col_late_basered.jpg,col_late_translate,assets/targets/lh_ll_unlink_plinko_0155/col_late_translate1blue.jpg,20,7521,lh_ll_unlink_plinko_0155,0,True,0,assets/targets/lh_ll_unlink_plinko_0091/col_early_basered.jpg,col_early_translate,assets/targets/lh_ll_unlink_plinko_0091/col_early_translateblue.jpg,93,9825,lh_ll_unlink_plinko_0091,1,False,6147b57356da2c40473e3e06
135,0,assets/targets/hh_hl_unlink_plinko_0240/maybecol_basered.jpg,maybecol_translate,assets/targets/hh_hl_unlink_plinko_0240/maybecol_translate1blue.jpg,23,30835,hh_hl_unlink_plinko_0240,0,True,0,assets/targets/hh_hl_unlink_plinko_0315/col_early_basered.jpg,col_early_translate,assets/targets/hh_hl_unlink_plinko_0315/col_early_translate1blue.jpg,0,12208,hh_hl_unlink_plinko_0315,0,True,1,assets/targets/lh_ll_unlink_plinko_0155/col_late_baseblue.jpg,col_late_translate,assets/targets/lh_ll_unlink_plinko_0155/col_late_translatered.jpg,92,14764,lh_ll_unlink_plinko_0155,1,True,0,assets/targets/lh_ll_unlink_plinko_0060/col_late_basered.jpg,col_late_translate,assets/targets/lh_ll_unlink_plinko_0060/col_late_translateblue.jpg,50,13179,lh_ll_unlink_plinko_0060,-1,False,1,assets/targets/lh_hl_unlink_plinko_0110/col_early_baseblue.jpg,col_early_translate,assets/targets/lh_hl_unlink_plinko_0110/col_early_translate1red.jpg,100,7667,lh_hl_unlink_plinko_0110,1,True,1,assets/targets/lh_ll_unlink_plinko_0091/nocol_baseblue.jpg,nocol_translate,assets/targets/lh_ll_unlink_plinko_0091/nocol_translate1red.jpg,50,5250,lh_ll_unlink_plinko_0091,-1,False,1,assets/targets/lh_hl_unlink_plinko_0049/nocol_baseblue.jpg,nocol_translate,assets/targets/lh_hl_unlink_plinko_0049/nocol_translatered.jpg,51,6317,lh_hl_unlink_plinko_0049,1,True,0,assets/targets/hh_hl_unlink_plinko_0393/maybecol_basered.jpg,maybecol_translate,assets/targets/hh_hl_unlink_plinko_0393/maybecol_translateblue.jpg,37,9521,hh_hl_unlink_plinko_0393,0,True,0,assets/targets/hh_hl_unlink_plinko_0269/maybecol_basered.jpg,maybecol_translate,assets/targets/hh_hl_unlink_plinko_0269/maybecol_translate1blue.jpg,7,13475,hh_hl_unlink_plinko_0269,0,True,1,assets/targets/lh_ll_unlink_plinko_0217/col_late_baseblue.jpg,col_late_translate,assets/targets/lh_ll_unlink_plinko_0217/col_late_translate1red.jpg,1,8391,lh_ll_unlink_plinko_0217,0,False,1,assets/targets/lh_hl_unlink_plinko_0111/col_early_baseblue.jpg,col_early_translate,assets/targets/lh_hl_unlink_plinko_0111/col_early_translatered.jpg,99,8026,lh_hl_unlink_plinko_0111,1,True,1,assets/targets/hh_hl_unlink_plinko_0246/nocol_baseblue.jpg,nocol_translate,assets/targets/hh_hl_unlink_plinko_0246/nocol_translate1red.jpg,50,7365,hh_hl_unlink_plinko_0246,-1,False,1,assets/targets/lh_hl_unlink_plinko_0036/col_late_baseblue.jpg,col_late_translate,assets/targets/lh_hl_unlink_plinko_0036/col_late_translate1red.jpg,92,8002,lh_hl_unlink_plinko_0036,1,True,1,assets/targets/hh_hl_unlink_plinko_0252/maybecol_baseblue.jpg,maybecol_translate,assets/targets/hh_hl_unlink_plinko_0252/maybecol_translate1red.jpg,79,7715,hh_hl_unlink_plinko_0252,1,True,0,assets/targets/hh_hl_unlink_plinko_0105/col_early_basered.jpg,col_early_translate,assets/targets/hh_hl_unlink_plinko_0105/col_early_translateblue.jpg,0,9464,hh_hl_unlink_plinko_0105,0,True,1,assets/targets/hh_hl_unlink_plinko_0202/nocol_baseblue.jpg,nocol_translate,assets/targets/hh_hl_unlink_plinko_0202/nocol_translate1red.jpg,50,4889,hh_hl_unlink_plinko_0202,-1,False,5c0a22affe40eb00016262b6
136,1,assets/targets/lh_ll_unlink_plinko_0217/col_early_baseblue.jpg,col_early_translate,assets/targets/lh_ll_unlink_plinko_0217/col_early_translate1red.jpg,100,22919,lh_ll_unlink_plinko_0217,1,True,1,assets/targets/lh_hl_unlink_plinko_0049/col_late_baseblue.jpg,col_late_translate,assets/targets/lh_hl_unlink_plinko_0049/col_late_translate1red.jpg,29,21160,lh_hl_unlink_plinko_0049,0,False,0,assets/targets/hh_hl_unlink_plinko_0252/nocol_basered.jpg,nocol_translate,assets/targets/hh_hl_unlink_plinko_0252/nocol_translateblue.jpg,82,13347,hh_hl_unlink_plinko_0252,1,False,1,assets/targets/lh_ll_unlink_plinko_0155/col_late_baseblue.jpg,col_late_translate,assets/targets/lh_ll_unlink_plinko_0155/col_late_translate1red.jpg,66,17317,lh_ll_unlink_plinko_0155,1,True,1,assets/targets/hh_hl_unlink_plinko_0393/nocol_baseblue.jpg,nocol_translate,assets/targets/hh_hl_unlink_plinko_0393/nocol_translate1red.jpg,51,5372,hh_hl_unlink_plinko_0393,1,True,1,assets/targets/lh_hl_unlink_plinko_0111/col_early_baseblue.jpg,col_early_translate,assets/targets/lh_hl_unlink_plinko_0111/col_early_translate1red.jpg,79,6382,lh_hl_unlink_plinko_0111,1,True,0,assets/targets/lh_ll_unlink_plinko_0091/nocol_basered.jpg,nocol_translate,assets/targets/lh_ll_unlink_plinko_0091/nocol_translateblue.jpg,79,11674,lh_ll_unlink_plinko_0091,1,False,0,assets/targets/lh_ll_unlink_plinko_0060/col_late_basered.jpg,col_late_translate,assets/targets/lh_ll_unlink_plinko_0060/col_late_translate1blue.jpg,18,9094,lh_ll_unlink_plinko_0060,0,True,0,assets/targets/hh_hl_unlink_plinko_0269/maybecol_basered.jpg,maybecol_translate,assets/targets/hh_hl_unlink_plinko_0269/maybecol_translate1blue.jpg,4,9478,hh_hl_unlink_plinko_0269,0,True,0,assets/targets/hh_hl_unlink_plinko_0202/maybecol_basered.jpg,maybecol_translate,assets/targets/hh_hl_unlink_plinko_0202/maybecol_translate1blue.jpg,25,7894,hh_hl_unlink_plinko_0202,0,True,0,assets/targets/hh_hl_unlink_plinko_0105/col_early_basered.jpg,col_early_translate,assets/targets/hh_hl_unlink_plinko_0105/col_early_translate1blue.jpg,1,6478,hh_hl_unlink_plinko_0105,0,True,1,assets/targets/lh_hl_unlink_plinko_0110/col_late_baseblue.jpg,col_late_translate,assets/targets/lh_hl_unlink_plinko_0110/col_late_translatered.jpg,90,9422,lh_hl_unlink_plinko_0110,1,True,0,assets/targets/hh_hl_unlink_plinko_0240/maybecol_basered.jpg,maybecol_translate,assets/targets/hh_hl_unlink_plinko_0240/maybecol_translate1blue.jpg,11,6404,hh_hl_unlink_plinko_0240,0,True,0,assets/targets/hh_hl_unlink_plinko_0315/maybecol_basered.jpg,maybecol_translate,assets/targets/hh_hl_unlink_plinko_0315/maybecol_translateblue.jpg,95,7629,hh_hl_unlink_plinko_0315,1,False,1,assets/targets/lh_hl_unlink_plinko_0036/nocol_baseblue.jpg,nocol_translate,assets/targets/lh_hl_unlink_plinko_0036/nocol_translate1red.jpg,53,3875,lh_hl_unlink_plinko_0036,1,True,0,assets/targets/hh_hl_unlink_plinko_0246/col_early_basered.jpg,col_early_translate,assets/targets/hh_hl_unlink_plinko_0246/col_early_translateblue.jpg,5,10359,hh_hl_unlink_plinko_0246,0,True,581bd344930a280001062c90
137,1,assets/targets/hh_hl_unlink_plinko_0246/col_early_baseblue.jpg,col_early_translate,assets/targets/hh_hl_unlink_plinko_0246/col_early_translatered.jpg,100,15515,hh_hl_unlink_plinko_0246,1,True,0,assets/targets/hh_hl_unlink_plinko_0246/maybecol_basered.jpg,maybecol_translate,assets/targets/hh_hl_unlink_plinko_0246/maybecol_translate1blue.jpg,24,9576,hh_hl_unlink_plinko_0246,0,True,0,assets/targets/hh_hl_unlink_plinko_0240/maybecol_basered.jpg,maybecol_translate,assets/targets/hh_hl_unlink_plinko_0240/maybecol_translateblue.jpg,23,9568,hh_hl_unlink_plinko_0240,0,True,0,assets/targets/lh_hl_unlink_plinko_0111/col_late_basered.jpg,col_late_translate,assets/targets/lh_hl_unlink_plinko_0111/col_late_translate1blue.jpg,23,6576,lh_hl_unlink_plinko_0111,0,True,1,assets/targets/lh_ll_unlink_plinko_0217/nocol_baseblue.jpg,nocol_translate,assets/targets/lh_ll_unlink_plinko_0217/nocol_translate1red.jpg,78,5111,lh_ll_unlink_plinko_0217,1,True,0,assets/targets/lh_hl_unlink_plinko_0049/col_late_basered.jpg,col_late_translate,assets/targets/lh_hl_unlink_plinko_0049/col_late_translate1blue.jpg,78,4632,lh_hl_unlink_plinko_0049,1,False,0,assets/targets/hh_hl_unlink_plinko_0393/nocol_basered.jpg,nocol_translate,assets/targets/hh_hl_unlink_plinko_0393/nocol_translate1blue.jpg,33,11560,hh_hl_unlink_plinko_0393,0,True,1,assets/targets/hh_hl_unlink_plinko_0269/maybecol_baseblue.jpg,maybecol_translate,assets/targets/hh_hl_unlink_plinko_0269/maybecol_translate1red.jpg,53,7839,hh_hl_unlink_plinko_0269,1,True,0,assets/targets/hh_hl_unlink_plinko_0315/col_early_basered.jpg,col_early_translate,assets/targets/hh_hl_unlink_plinko_0315/col_early_translate1blue.jpg,19,5678,hh_hl_unlink_plinko_0315,0,True,0,assets/targets/lh_ll_unlink_plinko_0155/col_late_basered.jpg,col_late_translate,assets/targets/lh_ll_unlink_plinko_0155/col_late_translate1blue.jpg,59,6247,lh_ll_unlink_plinko_0155,1,False,0,assets/targets/hh_hl_unlink_plinko_0105/nocol_basered.jpg,nocol_translate,assets/targets/hh_hl_unlink_plinko_0105/nocol_translateblue.jpg,60,10024,hh_hl_unlink_plinko_0105,1,False,1,assets/targets/lh_hl_unlink_plinko_0110/col_late_baseblue.jpg,col_late_translate,assets/targets/lh_hl_unlink_plinko_0110/col_late_translate1red.jpg,62,5880,lh_hl_unlink_plinko_0110,1,True,1,assets/targets/hh_hl_unlink_plinko_0252/maybecol_baseblue.jpg,maybecol_translate,assets/targets/hh_hl_unlink_plinko_0252/maybecol_translate1red.jpg,61,6191,hh_hl_unlink_plinko_0252,1,True,0,assets/targets/lh_ll_unlink_plinko_0060/col_early_basered.jpg,col_early_translate,assets/targets/lh_ll_unlink_plinko_0060/col_early_translateblue.jpg,23,8542,lh_ll_unlink_plinko_0060,0,True,0,assets/targets/lh_hl_unlink_plinko_0111/nocol_basered.jpg,nocol_translate,assets/targets/lh_hl_unlink_plinko_0111/nocol_translateblue.jpg,22,7533,lh_hl_unlink_plinko_0111,0,True,1,assets/targets/lh_ll_unlink_plinko_0091/col_early_baseblue.jpg,col_early_translate,assets/targets/lh_ll_unlink_plinko_0091/col_early_translatered.jpg,45,8757,lh_ll_unlink_plinko_0091,0,False,62c30d738badf86bc0875490
138,0,assets/targets/hh_hl_unlink_plinko_0202/nocol_basered.jpg,nocol_translate,assets/targets/hh_hl_unlink_plinko_0202/nocol_translate1blue.jpg,71,13384,hh_hl_unlink_plinko_0202,1,False,0,assets/targets/hh_hl_unlink_plinko_0252/maybecol_basered.jpg,maybecol_translate,assets/targets/hh_hl_unlink_plinko_0252/maybecol_translate1blue.jpg,13,11986,hh_hl_unlink_plinko_0252,0,True,0,assets/targets/lh_ll_unlink_plinko_0155/col_early_basered.jpg,col_early_translate,assets/targets/lh_ll_unlink_plinko_0155/col_early_translate1blue.jpg,0,6234,lh_ll_unlink_plinko_0155,0,True,1,assets/targets/lh_ll_unlink_plinko_0091/nocol_baseblue.jpg,nocol_translate,assets/targets/lh_ll_unlink_plinko_0091/nocol_translate1red.jpg,36,7370,lh_ll_unlink_plinko_0091,0,False,0,assets/targets/lh_hl_unlink_plinko_0110/nocol_basered.jpg,nocol_translate,assets/targets/lh_hl_unlink_plinko_0110/nocol_translate1blue.jpg,37,21342,lh_hl_unlink_plinko_0110,0,True,0,assets/targets/lh_ll_unlink_plinko_0060/col_late_basered.jpg,col_late_translate,assets/targets/lh_ll_unlink_plinko_0060/col_late_translate1blue.jpg,42,15187,lh_ll_unlink_plinko_0060,0,True,1,assets/targets/hh_hl_unlink_plinko_0393/col_early_baseblue.jpg,col_early_translate,assets/targets/hh_hl_unlink_plinko_0393/col_early_translate1red.jpg,33,12746,hh_hl_unlink_plinko_0393,0,False,0,assets/targets/lh_hl_unlink_plinko_0111/col_early_basered.jpg,col_early_translate,assets/targets/lh_hl_unlink_plinko_0111/col_early_translate1blue.jpg,0,7840,lh_hl_unlink_plinko_0111,0,True,1,assets/targets/hh_hl_unlink_plinko_0269/col_early_baseblue.jpg,col_early_translate,assets/targets/hh_hl_unlink_plinko_0269/col_early_translatered.jpg,63,8908,hh_hl_unlink_plinko_0269,1,True,0,assets/targets/hh_hl_unlink_plinko_0246/maybecol_basered.jpg,maybecol_translate,assets/targets/hh_hl_unlink_plinko_0246/maybecol_translateblue.jpg,41,18414,hh_hl_unlink_plinko_0246,0,True,0,assets/targets/lh_hl_unlink_plinko_0036/col_late_basered.jpg,col_late_translate,assets/targets/lh_hl_unlink_plinko_0036/col_late_translate1blue.jpg,18,15264,lh_hl_unlink_plinko_0036,0,True,0,assets/targets/hh_hl_unlink_plinko_0105/nocol_basered.jpg,nocol_translate,assets/targets/hh_hl_unlink_plinko_0105/nocol_translate1blue.jpg,50,3520,hh_hl_unlink_plinko_0105,-1,False,0,assets/targets/lh_ll_unlink_plinko_0217/col_late_basered.jpg,col_late_translate,assets/targets/lh_ll_unlink_plinko_0217/col_late_translateblue.jpg,26,4599,lh_ll_unlink_plinko_0217,0,True,1,assets/targets/hh_hl_unlink_plinko_0240/maybecol_baseblue.jpg,maybecol_translate,assets/targets/hh_hl_unlink_plinko_0240/maybecol_translatered.jpg,45,3174,hh_hl_unlink_plinko_0240,0,False,1,assets/targets/hh_hl_unlink_plinko_0315/maybecol_baseblue.jpg,maybecol_translate,assets/targets/hh_hl_unlink_plinko_0315/maybecol_translatered.jpg,57,16384,hh_hl_unlink_plinko_0315,1,True,1,assets/targets/lh_hl_unlink_plinko_0049/col_late_baseblue.jpg,col_late_translate,assets/targets/lh_hl_unlink_plinko_0049/col_late_translatered.jpg,36,6823,lh_hl_unlink_plinko_0049,0,False,63222da004d65dff83fd1de4
139,0,assets/targets/hh_hl_unlink_plinko_0202/maybecol_basered.jpg,maybecol_translate,assets/targets/hh_hl_unlink_plinko_0202/maybecol_translate1blue.jpg,23,13167,hh_hl_unlink_plinko_0202,0,True,0,assets/targets/lh_ll_unlink_plinko_0091/col_early_basered.jpg,col_early_translate,assets/targets/lh_ll_unlink_plinko_0091/col_early_translateblue.jpg,66,5564,lh_ll_unlink_plinko_0091,1,False,1,assets/targets/hh_hl_unlink_plinko_0269/maybecol_baseblue.jpg,maybecol_translate,assets/targets/hh_hl_unlink_plinko_0269/maybecol_translate1red.jpg,26,6224,hh_hl_unlink_plinko_0269,0,False,1,assets/targets/lh_hl_unlink_plinko_0110/col_late_baseblue.jpg,col_late_translate,assets/targets/lh_hl_unlink_plinko_0110/col_late_translate1red.jpg,100,8674,lh_hl_unlink_plinko_0110,1,True,0,assets/targets/hh_hl_unlink_plinko_0315/col_early_basered.jpg,col_early_translate,assets/targets/hh_hl_unlink_plinko_0315/col_early_translateblue.jpg,2,7388,hh_hl_unlink_plinko_0315,0,True,1,assets/targets/lh_hl_unlink_plinko_0111/nocol_baseblue.jpg,nocol_translate,assets/targets/lh_hl_unlink_plinko_0111/nocol_translatered.jpg,59,8111,lh_hl_unlink_plinko_0111,1,True,0,assets/targets/lh_ll_unlink_plinko_0060/col_late_basered.jpg,col_late_translate,assets/targets/lh_ll_unlink_plinko_0060/col_late_translateblue.jpg,32,8789,lh_ll_unlink_plinko_0060,0,True,0,assets/targets/lh_hl_unlink_plinko_0036/col_late_basered.jpg,col_late_translate,assets/targets/lh_hl_unlink_plinko_0036/col_late_translate1blue.jpg,6,6224,lh_hl_unlink_plinko_0036,0,True,0,assets/targets/lh_hl_unlink_plinko_0049/col_late_basered.jpg,col_late_translate,assets/targets/lh_hl_unlink_plinko_0049/col_late_translate1blue.jpg,25,4950,lh_hl_unlink_plinko_0049,0,True,0,assets/targets/hh_hl_unlink_plinko_0105/maybecol_basered.jpg,maybecol_translate,assets/targets/hh_hl_unlink_plinko_0105/maybecol_translateblue.jpg,67,4247,hh_hl_unlink_plinko_0105,1,False,1,assets/targets/hh_hl_unlink_plinko_0246/nocol_baseblue.jpg,nocol_translate,assets/targets/hh_hl_unlink_plinko_0246/nocol_translate1red.jpg,41,4869,hh_hl_unlink_plinko_0246,0,False,1,assets/targets/lh_ll_unlink_plinko_0155/nocol_baseblue.jpg,nocol_translate,assets/targets/lh_ll_unlink_plinko_0155/nocol_translate1red.jpg,44,6614,lh_ll_unlink_plinko_0155,0,False,1,assets/targets/hh_hl_unlink_plinko_0240/maybecol_baseblue.jpg,maybecol_translate,assets/targets/hh_hl_unlink_plinko_0240/maybecol_translate1red.jpg,73,7707,hh_hl_unlink_plinko_0240,1,True,0,assets/targets/lh_ll_unlink_plinko_0217/col_early_basered.jpg,col_early_translate,assets/targets/lh_ll_unlink_plinko_0217/col_early_translate1blue.jpg,29,6072,lh_ll_unlink_plinko_0217,0,True,0,assets/targets/hh_hl_unlink_plinko_0393/col_early_basered.jpg,col_early_translate,assets/targets/hh_hl_unlink_plinko_0393/col_early_translateblue.jpg,18,8907,hh_hl_unlink_plinko_0393,0,True,1,assets/targets/hh_hl_unlink_plinko_0252/nocol_baseblue.jpg,nocol_translate,assets/targets/hh_hl_unlink_plinko_0252/nocol_translatered.jpg,55,3332,hh_hl_unlink_plinko_0252,1,True,5b5d13d25256470001bc5ef2
140,0,assets/targets/hh_hl_unlink_plinko_0202/col_early_basered.jpg,col_early_translate,assets/targets/hh_hl_unlink_plinko_0202/col_early_translateblue.jpg,32,47272,hh_hl_unlink_plinko_0202,0,True,1,assets/targets/hh_hl_unlink_plinko_0252/nocol_baseblue.jpg,nocol_translate,assets/targets/hh_hl_unlink_plinko_0252/nocol_translatered.jpg,50,19465,hh_hl_unlink_plinko_0252,-1,False,1,assets/targets/lh_hl_unlink_plinko_0036/col_late_baseblue.jpg,col_late_translate,assets/targets/lh_hl_unlink_plinko_0036/col_late_translate1red.jpg,74,10669,lh_hl_unlink_plinko_0036,1,True,0,assets/targets/lh_ll_unlink_plinko_0217/col_late_basered.jpg,col_late_translate,assets/targets/lh_ll_unlink_plinko_0217/col_late_translateblue.jpg,19,5616,lh_ll_unlink_plinko_0217,0,True,1,assets/targets/lh_ll_unlink_plinko_0155/nocol_baseblue.jpg,nocol_translate,assets/targets/lh_ll_unlink_plinko_0155/nocol_translatered.jpg,51,3482,lh_ll_unlink_plinko_0155,1,True,0,assets/targets/hh_hl_unlink_plinko_0246/maybecol_basered.jpg,maybecol_translate,assets/targets/hh_hl_unlink_plinko_0246/maybecol_translateblue.jpg,65,7155,hh_hl_unlink_plinko_0246,1,False,1,assets/targets/lh_hl_unlink_plinko_0049/col_late_baseblue.jpg,col_late_translate,assets/targets/lh_hl_unlink_plinko_0049/col_late_translate1red.jpg,64,7619,lh_hl_unlink_plinko_0049,1,True,0,assets/targets/hh_hl_unlink_plinko_0393/maybecol_basered.jpg,maybecol_translate,assets/targets/hh_hl_unlink_plinko_0393/maybecol_translateblue.jpg,40,9745,hh_hl_unlink_plinko_0393,0,True,0,assets/targets/lh_ll_unlink_plinko_0060/col_early_basered.jpg,col_early_translate,assets/targets/lh_ll_unlink_plinko_0060/col_early_translateblue.jpg,15,9642,lh_ll_unlink_plinko_0060,0,True,1,assets/targets/lh_hl_unlink_plinko_0110/col_late_baseblue.jpg,col_late_translate,assets/targets/lh_hl_unlink_plinko_0110/col_late_translate1red.jpg,65,6877,lh_hl_unlink_plinko_0110,1,True,1,assets/targets/hh_hl_unlink_plinko_0393/nocol_baseblue.jpg,nocol_translate,assets/targets/hh_hl_unlink_plinko_0393/nocol_translatered.jpg,50,3917,hh_hl_unlink_plinko_0393,-1,False,0,assets/targets/hh_hl_unlink_plinko_0240/col_early_basered.jpg,col_early_translate,assets/targets/hh_hl_unlink_plinko_0240/col_early_translate1blue.jpg,20,6126,hh_hl_unlink_plinko_0240,0,True,0,assets/targets/lh_hl_unlink_plinko_0111/nocol_basered.jpg,nocol_translate,assets/targets/lh_hl_unlink_plinko_0111/nocol_translateblue.jpg,43,10414,lh_hl_unlink_plinko_0111,0,True,1,assets/targets/lh_ll_unlink_plinko_0091/col_early_baseblue.jpg,col_early_translate,assets/targets/lh_ll_unlink_plinko_0091/col_early_translate1red.jpg,20,4767,lh_ll_unlink_plinko_0091,0,False,1,assets/targets/hh_hl_unlink_plinko_0105/maybecol_baseblue.jpg,maybecol_translate,assets/targets/hh_hl_unlink_plinko_0105/maybecol_translatered.jpg,62,4223,hh_hl_unlink_plinko_0105,1,True,0,assets/targets/hh_hl_unlink_plinko_0269/maybecol_basered.jpg,maybecol_translate,assets/targets/hh_hl_unlink_plinko_0269/maybecol_translateblue.jpg,34,9425,hh_hl_unlink_plinko_0269,0,True,5f4b01e7e534bc10f5b6388d
141,0,assets/targets/lh_hl_unlink_plinko_0036/nocol_basered.jpg,nocol_translate,assets/targets/lh_hl_unlink_plinko_0036/nocol_translateblue.jpg,50,6721,lh_hl_unlink_plinko_0036,-1,False,1,assets/targets/hh_hl_unlink_plinko_0269/maybecol_baseblue.jpg,maybecol_translate,assets/targets/hh_hl_unlink_plinko_0269/maybecol_translate1red.jpg,84,9794,hh_hl_unlink_plinko_0269,1,True,0,assets/targets/hh_hl_unlink_plinko_0246/maybecol_basered.jpg,maybecol_translate,assets/targets/hh_hl_unlink_plinko_0246/maybecol_translateblue.jpg,11,8229,hh_hl_unlink_plinko_0246,0,True,1,assets/targets/hh_hl_unlink_plinko_0202/nocol_baseblue.jpg,nocol_translate,assets/targets/hh_hl_unlink_plinko_0202/nocol_translate1red.jpg,50,7339,hh_hl_unlink_plinko_0202,-1,False,1,assets/targets/lh_hl_unlink_plinko_0111/nocol_baseblue.jpg,nocol_translate,assets/targets/lh_hl_unlink_plinko_0111/nocol_translatered.jpg,50,4490,lh_hl_unlink_plinko_0111,-1,False,0,assets/targets/hh_hl_unlink_plinko_0252/maybecol_basered.jpg,maybecol_translate,assets/targets/hh_hl_unlink_plinko_0252/maybecol_translate1blue.jpg,100,5375,hh_hl_unlink_plinko_0252,1,False,0,assets/targets/lh_hl_unlink_plinko_0049/col_late_basered.jpg,col_late_translate,assets/targets/lh_hl_unlink_plinko_0049/col_late_translate1blue.jpg,1,3561,lh_hl_unlink_plinko_0049,0,True,1,assets/targets/hh_hl_unlink_plinko_0240/col_early_baseblue.jpg,col_early_translate,assets/targets/hh_hl_unlink_plinko_0240/col_early_translate1red.jpg,99,5954,hh_hl_unlink_plinko_0240,1,True,0,assets/targets/lh_ll_unlink_plinko_0060/col_early_basered.jpg,col_early_translate,assets/targets/lh_ll_unlink_plinko_0060/col_early_translateblue.jpg,0,5586,lh_ll_unlink_plinko_0060,0,True,1,assets/targets/lh_hl_unlink_plinko_0110/col_late_baseblue.jpg,col_late_translate,assets/targets/lh_hl_unlink_plinko_0110/col_late_translate1red.jpg,100,5354,lh_hl_unlink_plinko_0110,1,True,0,assets/targets/hh_hl_unlink_plinko_0315/nocol_basered.jpg,nocol_translate,assets/targets/hh_hl_unlink_plinko_0315/nocol_translateblue.jpg,50,6368,hh_hl_unlink_plinko_0315,-1,False,0,assets/targets/lh_ll_unlink_plinko_0217/col_early_basered.jpg,col_early_translate,assets/targets/lh_ll_unlink_plinko_0217/col_early_translateblue.jpg,0,3504,lh_ll_unlink_plinko_0217,0,True,1,assets/targets/hh_hl_unlink_plinko_0393/maybecol_baseblue.jpg,maybecol_translate,assets/targets/hh_hl_unlink_plinko_0393/maybecol_translatered.jpg,100,3191,hh_hl_unlink_plinko_0393,1,True,1,assets/targets/lh_ll_unlink_plinko_0155/col_late_baseblue.jpg,col_late_translate,assets/targets/lh_ll_unlink_plinko_0155/col_late_translatered.jpg,0,5007,lh_ll_unlink_plinko_0155,0,False,0,assets/targets/hh_hl_unlink_plinko_0105/col_early_basered.jpg,col_early_translate,assets/targets/hh_hl_unlink_plinko_0105/col_early_translateblue.jpg,0,6430,hh_hl_unlink_plinko_0105,0,True,0,assets/targets/lh_ll_unlink_plinko_0091/col_late_basered.jpg,col_late_translate,assets/targets/lh_ll_unlink_plinko_0091/col_late_translate1blue.jpg,0,6018,lh_ll_unlink_plinko_0091,0,True,5f6c102b6ec04317fc9a8127
142,0,assets/targets/lh_ll_unlink_plinko_0217/col_late_basered.jpg,col_late_translate,assets/targets/lh_ll_unlink_plinko_0217/col_late_translate1blue.jpg,15,19568,lh_ll_unlink_plinko_0217,0,True,1,assets/targets/lh_hl_unlink_plinko_0036/col_late_baseblue.jpg,col_late_translate,assets/targets/lh_hl_unlink_plinko_0036/col_late_translatered.jpg,100,11764,lh_hl_unlink_plinko_0036,1,True,0,assets/targets/lh_ll_unlink_plinko_0091/nocol_basered.jpg,nocol_translate,assets/targets/lh_ll_unlink_plinko_0091/nocol_translate1blue.jpg,9,5990,lh_ll_unlink_plinko_0091,0,True,0,assets/targets/lh_hl_unlink_plinko_0049/col_early_basered.jpg,col_early_translate,assets/targets/lh_hl_unlink_plinko_0049/col_early_translate1blue.jpg,10,6104,lh_hl_unlink_plinko_0049,0,True,1,assets/targets/lh_hl_unlink_plinko_0110/col_early_baseblue.jpg,col_early_translate,assets/targets/lh_hl_unlink_plinko_0110/col_early_translatered.jpg,97,5295,lh_hl_unlink_plinko_0110,1,True,0,assets/targets/hh_hl_unlink_plinko_0240/col_early_basered.jpg,col_early_translate,assets/targets/hh_hl_unlink_plinko_0240/col_early_translateblue.jpg,7,8546,hh_hl_unlink_plinko_0240,0,True,1,assets/targets/hh_hl_unlink_plinko_0246/maybecol_baseblue.jpg,maybecol_translate,assets/targets/hh_hl_unlink_plinko_0246/maybecol_translate1red.jpg,70,6964,hh_hl_unlink_plinko_0246,1,True,0,assets/targets/hh_hl_unlink_plinko_0393/maybecol_basered.jpg,maybecol_translate,assets/targets/hh_hl_unlink_plinko_0393/maybecol_translate1blue.jpg,67,8674,hh_hl_unlink_plinko_0393,1,False,0,assets/targets/hh_hl_unlink_plinko_0202/maybecol_basered.jpg,maybecol_translate,assets/targets/hh_hl_unlink_plinko_0202/maybecol_translate1blue.jpg,31,6387,hh_hl_unlink_plinko_0202,0,True,1,assets/targets/lh_hl_unlink_plinko_0111/col_late_baseblue.jpg,col_late_translate,assets/targets/lh_hl_unlink_plinko_0111/col_late_translate1red.jpg,85,7440,lh_hl_unlink_plinko_0111,1,True,0,assets/targets/hh_hl_unlink_plinko_0315/maybecol_basered.jpg,maybecol_translate,assets/targets/hh_hl_unlink_plinko_0315/maybecol_translateblue.jpg,73,12029,hh_hl_unlink_plinko_0315,1,False,1,assets/targets/hh_hl_unlink_plinko_0105/col_early_baseblue.jpg,col_early_translate,assets/targets/hh_hl_unlink_plinko_0105/col_early_translate1red.jpg,80,6015,hh_hl_unlink_plinko_0105,1,True,0,assets/targets/lh_ll_unlink_plinko_0155/col_late_basered.jpg,col_late_translate,assets/targets/lh_ll_unlink_plinko_0155/col_late_translateblue.jpg,79,6584,lh_ll_unlink_plinko_0155,1,False,1,assets/targets/hh_hl_unlink_plinko_0269/nocol_baseblue.jpg,nocol_translate,assets/targets/hh_hl_unlink_plinko_0269/nocol_translate1red.jpg,83,4652,hh_hl_unlink_plinko_0269,1,True,0,assets/targets/hh_hl_unlink_plinko_0252/nocol_basered.jpg,nocol_translate,assets/targets/hh_hl_unlink_plinko_0252/nocol_translate1blue.jpg,15,4950,hh_hl_unlink_plinko_0252,0,True,1,assets/targets/lh_ll_unlink_plinko_0060/nocol_baseblue.jpg,nocol_translate,assets/targets/lh_ll_unlink_plinko_0060/nocol_translatered.jpg,13,5412,lh_ll_unlink_plinko_0060,0,False,5f483fcda023e1304ce86119
143,1,assets/targets/hh_hl_unlink_plinko_0269/maybecol_baseblue.jpg,maybecol_translate,assets/targets/hh_hl_unlink_plinko_0269/maybecol_translatered.jpg,5,18930,hh_hl_unlink_plinko_0269,0,False,0,assets/targets/hh_hl_unlink_plinko_0315/maybecol_basered.jpg,maybecol_translate,assets/targets/hh_hl_unlink_plinko_0315/maybecol_translateblue.jpg,0,9612,hh_hl_unlink_plinko_0315,0,True,1,assets/targets/lh_hl_unlink_plinko_0110/col_early_baseblue.jpg,col_early_translate,assets/targets/lh_hl_unlink_plinko_0110/col_early_translate1red.jpg,0,14759,lh_hl_unlink_plinko_0110,0,False,0,assets/targets/lh_ll_unlink_plinko_0217/nocol_basered.jpg,nocol_translate,assets/targets/lh_ll_unlink_plinko_0217/nocol_translateblue.jpg,100,15326,lh_ll_unlink_plinko_0217,1,False,0,assets/targets/hh_hl_unlink_plinko_0252/maybecol_basered.jpg,maybecol_translate,assets/targets/hh_hl_unlink_plinko_0252/maybecol_translateblue.jpg,0,11479,hh_hl_unlink_plinko_0252,0,True,1,assets/targets/lh_ll_unlink_plinko_0155/col_late_baseblue.jpg,col_late_translate,assets/targets/lh_ll_unlink_plinko_0155/col_late_translatered.jpg,0,8117,lh_ll_unlink_plinko_0155,0,False,1,assets/targets/lh_ll_unlink_plinko_0091/col_late_baseblue.jpg,col_late_translate,assets/targets/lh_ll_unlink_plinko_0091/col_late_translatered.jpg,0,8895,lh_ll_unlink_plinko_0091,0,False,0,assets/targets/lh_hl_unlink_plinko_0111/col_late_basered.jpg,col_late_translate,assets/targets/lh_hl_unlink_plinko_0111/col_late_translateblue.jpg,98,8804,lh_hl_unlink_plinko_0111,1,False,1,assets/targets/hh_hl_unlink_plinko_0202/maybecol_baseblue.jpg,maybecol_translate,assets/targets/hh_hl_unlink_plinko_0202/maybecol_translate1red.jpg,100,7002,hh_hl_unlink_plinko_0202,1,True,0,assets/targets/hh_hl_unlink_plinko_0393/nocol_basered.jpg,nocol_translate,assets/targets/hh_hl_unlink_plinko_0393/nocol_translateblue.jpg,83,9308,hh_hl_unlink_plinko_0393,1,False,0,assets/targets/hh_hl_unlink_plinko_0240/nocol_basered.jpg,nocol_translate,assets/targets/hh_hl_unlink_plinko_0240/nocol_translate1blue.jpg,100,5833,hh_hl_unlink_plinko_0240,1,False,0,assets/targets/hh_hl_unlink_plinko_0202/col_early_basered.jpg,col_early_translate,assets/targets/hh_hl_unlink_plinko_0202/col_early_translate1blue.jpg,99,6980,hh_hl_unlink_plinko_0202,1,False,0,assets/targets/hh_hl_unlink_plinko_0315/col_early_basered.jpg,col_early_translate,assets/targets/hh_hl_unlink_plinko_0315/col_early_translateblue.jpg,52,12714,hh_hl_unlink_plinko_0315,1,False,0,assets/targets/lh_hl_unlink_plinko_0049/col_early_basered.jpg,col_early_translate,assets/targets/lh_hl_unlink_plinko_0049/col_early_translateblue.jpg,1,9402,lh_hl_unlink_plinko_0049,0,True,1,assets/targets/lh_ll_unlink_plinko_0060/nocol_baseblue.jpg,nocol_translate,assets/targets/lh_ll_unlink_plinko_0060/nocol_translatered.jpg,0,6380,lh_ll_unlink_plinko_0060,0,False,0,assets/targets/lh_hl_unlink_plinko_0036/col_late_basered.jpg,col_late_translate,assets/targets/lh_hl_unlink_plinko_0036/col_late_translate1blue.jpg,49,15000,lh_hl_unlink_plinko_0036,0,True,5de2e977c0049d31a113991a
144,0,assets/targets/hh_hl_unlink_plinko_0252/nocol_basered.jpg,nocol_translate,assets/targets/hh_hl_unlink_plinko_0252/nocol_translate1blue.jpg,75,19193,hh_hl_unlink_plinko_0252,1,False,1,assets/targets/lh_hl_unlink_plinko_0049/col_early_baseblue.jpg,col_early_translate,assets/targets/lh_hl_unlink_plinko_0049/col_early_translate1red.jpg,100,8367,lh_hl_unlink_plinko_0049,1,True,0,assets/targets/lh_hl_unlink_plinko_0110/col_late_basered.jpg,col_late_translate,assets/targets/lh_hl_unlink_plinko_0110/col_late_translateblue.jpg,25,9862,lh_hl_unlink_plinko_0110,0,True,1,assets/targets/hh_hl_unlink_plinko_0315/maybecol_baseblue.jpg,maybecol_translate,assets/targets/hh_hl_unlink_plinko_0315/maybecol_translate1red.jpg,33,8228,hh_hl_unlink_plinko_0315,0,False,1,assets/targets/lh_hl_unlink_plinko_0110/col_late_baseblue.jpg,col_late_translate,assets/targets/lh_hl_unlink_plinko_0110/col_late_translatered.jpg,67,9589,lh_hl_unlink_plinko_0110,1,True,1,assets/targets/lh_ll_unlink_plinko_0060/col_late_baseblue.jpg,col_late_translate,assets/targets/lh_ll_unlink_plinko_0060/col_late_translate1red.jpg,100,11522,lh_ll_unlink_plinko_0060,1,True,0,assets/targets/hh_hl_unlink_plinko_0269/nocol_basered.jpg,nocol_translate,assets/targets/hh_hl_unlink_plinko_0269/nocol_translate1blue.jpg,50,5345,hh_hl_unlink_plinko_0269,-1,False,1,assets/targets/hh_hl_unlink_plinko_0105/col_early_baseblue.jpg,col_early_translate,assets/targets/hh_hl_unlink_plinko_0105/col_early_translatered.jpg,71,12777,hh_hl_unlink_plinko_0105,1,True,0,assets/targets/hh_hl_unlink_plinko_0202/maybecol_basered.jpg,maybecol_translate,assets/targets/hh_hl_unlink_plinko_0202/maybecol_translateblue.jpg,28,8282,hh_hl_unlink_plinko_0202,0,True,1,assets/targets/lh_ll_unlink_plinko_0091/col_late_baseblue.jpg,col_late_translate,assets/targets/lh_ll_unlink_plinko_0091/col_late_translatered.jpg,31,9668,lh_ll_unlink_plinko_0091,0,False,0,assets/targets/hh_hl_unlink_plinko_0393/maybecol_basered.jpg,maybecol_translate,assets/targets/hh_hl_unlink_plinko_0393/maybecol_translate1blue.jpg,30,10902,hh_hl_unlink_plinko_0393,0,True,0,assets/targets/hh_hl_unlink_plinko_0246/maybecol_basered.jpg,maybecol_translate,assets/targets/hh_hl_unlink_plinko_0246/maybecol_translate1blue.jpg,50,9172,hh_hl_unlink_plinko_0246,-1,False,1,assets/targets/lh_hl_unlink_plinko_0049/col_early_baseblue.jpg,col_early_translate,assets/targets/lh_hl_unlink_plinko_0049/col_early_translate1red.jpg,75,6676,lh_hl_unlink_plinko_0049,1,True,1,assets/targets/lh_hl_unlink_plinko_0049/nocol_baseblue.jpg,nocol_translate,assets/targets/lh_hl_unlink_plinko_0049/nocol_translate1red.jpg,65,7709,lh_hl_unlink_plinko_0049,1,True,1,assets/targets/hh_hl_unlink_plinko_0240/col_early_baseblue.jpg,col_early_translate,assets/targets/hh_hl_unlink_plinko_0240/col_early_translate1red.jpg,90,6280,hh_hl_unlink_plinko_0240,1,True,1,assets/targets/lh_hl_unlink_plinko_0036/nocol_baseblue.jpg,nocol_translate,assets/targets/lh_hl_unlink_plinko_0036/nocol_translatered.jpg,50,9134,lh_hl_unlink_plinko_0036,-1,False,5bad6504f588f200012bab65
145,0,assets/targets/lh_hl_unlink_plinko_0111/col_early_basered.jpg,col_early_translate,assets/targets/lh_hl_unlink_plinko_0111/col_early_translate1blue.jpg,11,12897,lh_hl_unlink_plinko_0111,0,True,1,assets/targets/hh_hl_unlink_plinko_0246/maybecol_baseblue.jpg,maybecol_translate,assets/targets/hh_hl_unlink_plinko_0246/maybecol_translate1red.jpg,72,4731,hh_hl_unlink_plinko_0246,1,True,0,assets/targets/hh_hl_unlink_plinko_0315/nocol_basered.jpg,nocol_translate,assets/targets/hh_hl_unlink_plinko_0315/nocol_translate1blue.jpg,49,3611,hh_hl_unlink_plinko_0315,0,True,1,assets/targets/lh_hl_unlink_plinko_0110/col_late_baseblue.jpg,col_late_translate,assets/targets/lh_hl_unlink_plinko_0110/col_late_translate1red.jpg,62,2983,lh_hl_unlink_plinko_0110,1,True,0,assets/targets/lh_ll_unlink_plinko_0060/nocol_basered.jpg,nocol_translate,assets/targets/lh_ll_unlink_plinko_0060/nocol_translate1blue.jpg,86,4360,lh_ll_unlink_plinko_0060,1,False,0,assets/targets/hh_hl_unlink_plinko_0269/maybecol_basered.jpg,maybecol_translate,assets/targets/hh_hl_unlink_plinko_0269/maybecol_translateblue.jpg,64,1867,hh_hl_unlink_plinko_0269,1,False,1,assets/targets/lh_hl_unlink_plinko_0036/col_late_baseblue.jpg,col_late_translate,assets/targets/lh_hl_unlink_plinko_0036/col_late_translate1red.jpg,24,4020,lh_hl_unlink_plinko_0036,0,False,0,assets/targets/hh_hl_unlink_plinko_0240/col_early_basered.jpg,col_early_translate,assets/targets/hh_hl_unlink_plinko_0240/col_early_translateblue.jpg,0,4189,hh_hl_unlink_plinko_0240,0,True,0,assets/targets/lh_hl_unlink_plinko_0049/col_late_basered.jpg,col_late_translate,assets/targets/lh_hl_unlink_plinko_0049/col_late_translate1blue.jpg,78,3861,lh_hl_unlink_plinko_0049,1,False,0,assets/targets/hh_hl_unlink_plinko_0315/nocol_basered.jpg,nocol_translate,assets/targets/hh_hl_unlink_plinko_0315/nocol_translateblue.jpg,13,3568,hh_hl_unlink_plinko_0315,0,True,0,assets/targets/hh_hl_unlink_plinko_0105/col_early_basered.jpg,col_early_translate,assets/targets/hh_hl_unlink_plinko_0105/col_early_translate1blue.jpg,0,8037,hh_hl_unlink_plinko_0105,0,True,1,assets/targets/lh_ll_unlink_plinko_0091/col_late_baseblue.jpg,col_late_translate,assets/targets/lh_ll_unlink_plinko_0091/col_late_translate1red.jpg,0,3781,lh_ll_unlink_plinko_0091,0,False,0,assets/targets/hh_hl_unlink_plinko_0202/maybecol_basered.jpg,maybecol_translate,assets/targets/hh_hl_unlink_plinko_0202/maybecol_translate1blue.jpg,53,3525,hh_hl_unlink_plinko_0202,1,False,0,assets/targets/hh_hl_unlink_plinko_0252/maybecol_basered.jpg,maybecol_translate,assets/targets/hh_hl_unlink_plinko_0252/maybecol_translate1blue.jpg,0,4072,hh_hl_unlink_plinko_0252,0,True,0,assets/targets/lh_ll_unlink_plinko_0155/col_early_basered.jpg,col_early_translate,assets/targets/lh_ll_unlink_plinko_0155/col_early_translate1blue.jpg,10,2965,lh_ll_unlink_plinko_0155,0,True,0,assets/targets/lh_ll_unlink_plinko_0217/nocol_basered.jpg,nocol_translate,assets/targets/lh_ll_unlink_plinko_0217/nocol_translateblue.jpg,51,2845,lh_ll_unlink_plinko_0217,1,False,62ac7c3ffaf95e2270e5af01
146,0,assets/targets/lh_hl_unlink_plinko_0110/col_late_basered.jpg,col_late_translate,assets/targets/lh_hl_unlink_plinko_0110/col_late_translate1blue.jpg,14,27499,lh_hl_unlink_plinko_0110,0,True,1,assets/targets/hh_hl_unlink_plinko_0240/maybecol_baseblue.jpg,maybecol_translate,assets/targets/hh_hl_unlink_plinko_0240/maybecol_translatered.jpg,50,5268,hh_hl_unlink_plinko_0240,-1,False,0,assets/targets/lh_hl_unlink_plinko_0036/col_late_basered.jpg,col_late_translate,assets/targets/lh_hl_unlink_plinko_0036/col_late_translate1blue.jpg,58,4973,lh_hl_unlink_plinko_0036,1,False,0,assets/targets/hh_hl_unlink_plinko_0315/nocol_basered.jpg,nocol_translate,assets/targets/hh_hl_unlink_plinko_0315/nocol_translate1blue.jpg,50,5137,hh_hl_unlink_plinko_0315,-1,False,1,assets/targets/lh_hl_unlink_plinko_0049/col_early_baseblue.jpg,col_early_translate,assets/targets/lh_hl_unlink_plinko_0049/col_early_translatered.jpg,87,6068,lh_hl_unlink_plinko_0049,1,True,1,assets/targets/hh_hl_unlink_plinko_0240/maybecol_baseblue.jpg,maybecol_translate,assets/targets/hh_hl_unlink_plinko_0240/maybecol_translatered.jpg,50,4906,hh_hl_unlink_plinko_0240,-1,False,1,assets/targets/hh_hl_unlink_plinko_0240/maybecol_baseblue.jpg,maybecol_translate,assets/targets/hh_hl_unlink_plinko_0240/maybecol_translatered.jpg,50,4445,hh_hl_unlink_plinko_0240,-1,False,0,assets/targets/hh_hl_unlink_plinko_0246/col_early_basered.jpg,col_early_translate,assets/targets/hh_hl_unlink_plinko_0246/col_early_translateblue.jpg,51,3379,hh_hl_unlink_plinko_0246,1,False,1,assets/targets/lh_ll_unlink_plinko_0060/nocol_baseblue.jpg,nocol_translate,assets/targets/lh_ll_unlink_plinko_0060/nocol_translatered.jpg,50,4091,lh_ll_unlink_plinko_0060,-1,False,0,assets/targets/lh_ll_unlink_plinko_0155/col_late_basered.jpg,col_late_translate,assets/targets/lh_ll_unlink_plinko_0155/col_late_translateblue.jpg,36,6126,lh_ll_unlink_plinko_0155,0,True,1,assets/targets/hh_hl_unlink_plinko_0240/col_early_baseblue.jpg,col_early_translate,assets/targets/hh_hl_unlink_plinko_0240/col_early_translatered.jpg,50,3621,hh_hl_unlink_plinko_0240,-1,False,0,assets/targets/lh_hl_unlink_plinko_0111/col_late_basered.jpg,col_late_translate,assets/targets/lh_hl_unlink_plinko_0111/col_late_translate1blue.jpg,21,19439,lh_hl_unlink_plinko_0111,0,True,0,assets/targets/lh_ll_unlink_plinko_0091/col_early_basered.jpg,col_early_translate,assets/targets/lh_ll_unlink_plinko_0091/col_early_translate1blue.jpg,51,7846,lh_ll_unlink_plinko_0091,1,False,0,assets/targets/hh_hl_unlink_plinko_0240/nocol_basered.jpg,nocol_translate,assets/targets/hh_hl_unlink_plinko_0240/nocol_translate1blue.jpg,50,3602,hh_hl_unlink_plinko_0240,-1,False,1,assets/targets/hh_hl_unlink_plinko_0240/maybecol_baseblue.jpg,maybecol_translate,assets/targets/hh_hl_unlink_plinko_0240/maybecol_translatered.jpg,49,8026,hh_hl_unlink_plinko_0240,0,False,1,assets/targets/lh_ll_unlink_plinko_0217/nocol_baseblue.jpg,nocol_translate,assets/targets/lh_ll_unlink_plinko_0217/nocol_translatered.jpg,50,14571,lh_ll_unlink_plinko_0217,-1,False,5c060efc891bb4000121c377
147,1,assets/targets/lh_hl_unlink_plinko_0110/col_late_baseblue.jpg,col_late_translate,assets/targets/lh_hl_unlink_plinko_0110/col_late_translate1red.jpg,36,18093,lh_hl_unlink_plinko_0110,0,False,0,assets/targets/hh_hl_unlink_plinko_0269/maybecol_basered.jpg,maybecol_translate,assets/targets/hh_hl_unlink_plinko_0269/maybecol_translate1blue.jpg,60,4815,hh_hl_unlink_plinko_0269,1,False,1,assets/targets/hh_hl_unlink_plinko_0315/col_early_baseblue.jpg,col_early_translate,assets/targets/hh_hl_unlink_plinko_0315/col_early_translate1red.jpg,79,6413,hh_hl_unlink_plinko_0315,1,True,0,assets/targets/lh_ll_unlink_plinko_0091/nocol_basered.jpg,nocol_translate,assets/targets/lh_ll_unlink_plinko_0091/nocol_translateblue.jpg,35,3760,lh_ll_unlink_plinko_0091,0,True,0,assets/targets/hh_hl_unlink_plinko_0315/col_early_basered.jpg,col_early_translate,assets/targets/hh_hl_unlink_plinko_0315/col_early_translateblue.jpg,35,3721,hh_hl_unlink_plinko_0315,0,True,0,assets/targets/lh_ll_unlink_plinko_0060/nocol_basered.jpg,nocol_translate,assets/targets/lh_ll_unlink_plinko_0060/nocol_translateblue.jpg,36,3484,lh_ll_unlink_plinko_0060,0,True,0,assets/targets/lh_hl_unlink_plinko_0111/col_early_basered.jpg,col_early_translate,assets/targets/lh_hl_unlink_plinko_0111/col_early_translateblue.jpg,24,11567,lh_hl_unlink_plinko_0111,0,True,1,assets/targets/hh_hl_unlink_plinko_0240/maybecol_baseblue.jpg,maybecol_translate,assets/targets/hh_hl_unlink_plinko_0240/maybecol_translate1red.jpg,61,8443,hh_hl_unlink_plinko_0240,1,True,1,assets/targets/hh_hl_unlink_plinko_0252/nocol_baseblue.jpg,nocol_translate,assets/targets/hh_hl_unlink_plinko_0252/nocol_translatered.jpg,34,24959,hh_hl_unlink_plinko_0252,0,False,1,assets/targets/hh_hl_unlink_plinko_0393/maybecol_baseblue.jpg,maybecol_translate,assets/targets/hh_hl_unlink_plinko_0393/maybecol_translatered.jpg,33,25392,hh_hl_unlink_plinko_0393,0,False,1,assets/targets/hh_hl_unlink_plinko_0105/nocol_baseblue.jpg,nocol_translate,assets/targets/hh_hl_unlink_plinko_0105/nocol_translatered.jpg,50,4723,hh_hl_unlink_plinko_0105,-1,False,0,assets/targets/lh_hl_unlink_plinko_0049/col_early_basered.jpg,col_early_translate,assets/targets/lh_hl_unlink_plinko_0049/col_early_translate1blue.jpg,38,6602,lh_hl_unlink_plinko_0049,0,True,0,assets/targets/lh_hl_unlink_plinko_0036/col_late_basered.jpg,col_late_translate,assets/targets/lh_hl_unlink_plinko_0036/col_late_translateblue.jpg,36,4091,lh_hl_unlink_plinko_0036,0,True,1,assets/targets/hh_hl_unlink_plinko_0105/maybecol_baseblue.jpg,maybecol_translate,assets/targets/hh_hl_unlink_plinko_0105/maybecol_translate1red.jpg,28,16248,hh_hl_unlink_plinko_0105,0,False,1,assets/targets/lh_ll_unlink_plinko_0217/col_late_baseblue.jpg,col_late_translate,assets/targets/lh_ll_unlink_plinko_0217/col_late_translate1red.jpg,33,12768,lh_ll_unlink_plinko_0217,0,False,1,assets/targets/lh_ll_unlink_plinko_0155/col_late_baseblue.jpg,col_late_translate,assets/targets/lh_ll_unlink_plinko_0155/col_late_translate1red.jpg,68,2999,lh_ll_unlink_plinko_0155,1,True,5c745589be30fc0014e83dc2
148,1,assets/targets/lh_ll_unlink_plinko_0060/col_late_baseblue.jpg,col_late_translate,assets/targets/lh_ll_unlink_plinko_0060/col_late_translatered.jpg,51,23679,lh_ll_unlink_plinko_0060,1,True,0,assets/targets/lh_hl_unlink_plinko_0036/nocol_basered.jpg,nocol_translate,assets/targets/lh_hl_unlink_plinko_0036/nocol_translateblue.jpg,51,23972,lh_hl_unlink_plinko_0036,1,False,1,assets/targets/lh_hl_unlink_plinko_0110/col_late_baseblue.jpg,col_late_translate,assets/targets/lh_hl_unlink_plinko_0110/col_late_translate1red.jpg,98,20022,lh_hl_unlink_plinko_0110,1,True,0,assets/targets/hh_hl_unlink_plinko_0269/col_early_basered.jpg,col_early_translate,assets/targets/hh_hl_unlink_plinko_0269/col_early_translateblue.jpg,0,26393,hh_hl_unlink_plinko_0269,0,True,0,assets/targets/hh_hl_unlink_plinko_0105/nocol_basered.jpg,nocol_translate,assets/targets/hh_hl_unlink_plinko_0105/nocol_translateblue.jpg,51,10169,hh_hl_unlink_plinko_0105,1,False,0,assets/targets/lh_ll_unlink_plinko_0217/col_early_basered.jpg,col_early_translate,assets/targets/lh_ll_unlink_plinko_0217/col_early_translateblue.jpg,20,18909,lh_ll_unlink_plinko_0217,0,True,1,assets/targets/lh_hl_unlink_plinko_0111/col_late_baseblue.jpg,col_late_translate,assets/targets/lh_hl_unlink_plinko_0111/col_late_translate1red.jpg,95,11126,lh_hl_unlink_plinko_0111,1,True,1,assets/targets/hh_hl_unlink_plinko_0202/maybecol_baseblue.jpg,maybecol_translate,assets/targets/hh_hl_unlink_plinko_0202/maybecol_translatered.jpg,20,20067,hh_hl_unlink_plinko_0202,0,False,0,assets/targets/lh_hl_unlink_plinko_0049/col_late_basered.jpg,col_late_translate,assets/targets/lh_hl_unlink_plinko_0049/col_late_translateblue.jpg,85,13159,lh_hl_unlink_plinko_0049,1,False,0,assets/targets/hh_hl_unlink_plinko_0246/col_early_basered.jpg,col_early_translate,assets/targets/hh_hl_unlink_plinko_0246/col_early_translateblue.jpg,0,10492,hh_hl_unlink_plinko_0246,0,True,1,assets/targets/hh_hl_unlink_plinko_0252/maybecol_baseblue.jpg,maybecol_translate,assets/targets/hh_hl_unlink_plinko_0252/maybecol_translate1red.jpg,83,22345,hh_hl_unlink_plinko_0252,1,True,1,assets/targets/hh_hl_unlink_plinko_0393/maybecol_baseblue.jpg,maybecol_translate,assets/targets/hh_hl_unlink_plinko_0393/maybecol_translatered.jpg,85,17186,hh_hl_unlink_plinko_0393,1,True,1,assets/targets/hh_hl_unlink_plinko_0315/maybecol_baseblue.jpg,maybecol_translate,assets/targets/hh_hl_unlink_plinko_0315/maybecol_translatered.jpg,85,13628,hh_hl_unlink_plinko_0315,1,True,0,assets/targets/hh_hl_unlink_plinko_0240/nocol_basered.jpg,nocol_translate,assets/targets/hh_hl_unlink_plinko_0240/nocol_translateblue.jpg,51,8782,hh_hl_unlink_plinko_0240,1,False,0,assets/targets/lh_ll_unlink_plinko_0155/col_early_basered.jpg,col_early_translate,assets/targets/lh_ll_unlink_plinko_0155/col_early_translateblue.jpg,100,7524,lh_ll_unlink_plinko_0155,1,False,1,assets/targets/lh_ll_unlink_plinko_0091/nocol_baseblue.jpg,nocol_translate,assets/targets/lh_ll_unlink_plinko_0091/nocol_translatered.jpg,51,8568,lh_ll_unlink_plinko_0091,1,True,5ea9e78822bb3115676e8296
149,0,assets/targets/hh_hl_unlink_plinko_0105/nocol_basered.jpg,nocol_translate,assets/targets/hh_hl_unlink_plinko_0105/nocol_translateblue.jpg,62,14144,hh_hl_unlink_plinko_0105,1,False,0,assets/targets/hh_hl_unlink_plinko_0315/maybecol_basered.jpg,maybecol_translate,assets/targets/hh_hl_unlink_plinko_0315/maybecol_translateblue.jpg,61,10663,hh_hl_unlink_plinko_0315,1,False,1,assets/targets/lh_hl_unlink_plinko_0111/nocol_baseblue.jpg,nocol_translate,assets/targets/lh_hl_unlink_plinko_0111/nocol_translate1red.jpg,66,8776,lh_hl_unlink_plinko_0111,1,True,1,assets/targets/hh_hl_unlink_plinko_0246/col_early_baseblue.jpg,col_early_translate,assets/targets/hh_hl_unlink_plinko_0246/col_early_translatered.jpg,61,5889,hh_hl_unlink_plinko_0246,1,True,1,assets/targets/hh_hl_unlink_plinko_0202/maybecol_baseblue.jpg,maybecol_translate,assets/targets/hh_hl_unlink_plinko_0202/maybecol_translate1red.jpg,61,7914,hh_hl_unlink_plinko_0202,1,True,1,assets/targets/lh_ll_unlink_plinko_0155/col_late_baseblue.jpg,col_late_translate,assets/targets/lh_ll_unlink_plinko_0155/col_late_translatered.jpg,59,9162,lh_ll_unlink_plinko_0155,1,True,1,assets/targets/lh_hl_unlink_plinko_0049/nocol_baseblue.jpg,nocol_translate,assets/targets/lh_hl_unlink_plinko_0049/nocol_translate1red.jpg,41,7812,lh_hl_unlink_plinko_0049,0,False,1,assets/targets/hh_hl_unlink_plinko_0240/maybecol_baseblue.jpg,maybecol_translate,assets/targets/hh_hl_unlink_plinko_0240/maybecol_translate1red.jpg,38,6338,hh_hl_unlink_plinko_0240,0,False,0,assets/targets/lh_ll_unlink_plinko_0217/col_late_basered.jpg,col_late_translate,assets/targets/lh_ll_unlink_plinko_0217/col_late_translate1blue.jpg,67,7428,lh_ll_unlink_plinko_0217,1,False,0,assets/targets/hh_hl_unlink_plinko_0252/nocol_basered.jpg,nocol_translate,assets/targets/hh_hl_unlink_plinko_0252/nocol_translate1blue.jpg,59,5822,hh_hl_unlink_plinko_0252,1,False,1,assets/targets/lh_ll_unlink_plinko_0060/col_late_baseblue.jpg,col_late_translate,assets/targets/lh_ll_unlink_plinko_0060/col_late_translate1red.jpg,62,5028,lh_ll_unlink_plinko_0060,1,True,0,assets/targets/lh_hl_unlink_plinko_0110/col_early_basered.jpg,col_early_translate,assets/targets/lh_hl_unlink_plinko_0110/col_early_translateblue.jpg,42,7441,lh_hl_unlink_plinko_0110,0,True,1,assets/targets/lh_ll_unlink_plinko_0091/col_late_baseblue.jpg,col_late_translate,assets/targets/lh_ll_unlink_plinko_0091/col_late_translatered.jpg,61,3316,lh_ll_unlink_plinko_0091,1,True,0,assets/targets/hh_hl_unlink_plinko_0240/maybecol_basered.jpg,maybecol_translate,assets/targets/hh_hl_unlink_plinko_0240/maybecol_translateblue.jpg,60,4965,hh_hl_unlink_plinko_0240,1,False,1,assets/targets/hh_hl_unlink_plinko_0269/col_early_baseblue.jpg,col_early_translate,assets/targets/hh_hl_unlink_plinko_0269/col_early_translatered.jpg,64,3736,hh_hl_unlink_plinko_0269,1,True,1,assets/targets/lh_hl_unlink_plinko_0036/col_early_baseblue.jpg,col_early_translate,assets/targets/lh_hl_unlink_plinko_0036/col_early_translate1red.jpg,68,3897,lh_hl_unlink_plinko_0036,1,True,62a382f0cbe832bed1d0e575
150,1,assets/targets/hh_hl_unlink_plinko_0202/maybecol_baseblue.jpg,maybecol_translate,assets/targets/hh_hl_unlink_plinko_0202/maybecol_translatered.jpg,50,31865,hh_hl_unlink_plinko_0202,-1,False,1,assets/targets/lh_hl_unlink_plinko_0036/col_early_baseblue.jpg,col_early_translate,assets/targets/lh_hl_unlink_plinko_0036/col_early_translatered.jpg,50,19411,lh_hl_unlink_plinko_0036,-1,False,0,assets/targets/hh_hl_unlink_plinko_0105/maybecol_basered.jpg,maybecol_translate,assets/targets/hh_hl_unlink_plinko_0105/maybecol_translate1blue.jpg,50,5084,hh_hl_unlink_plinko_0105,-1,False,1,assets/targets/hh_hl_unlink_plinko_0240/nocol_baseblue.jpg,nocol_translate,assets/targets/hh_hl_unlink_plinko_0240/nocol_translate1red.jpg,50,7859,hh_hl_unlink_plinko_0240,-1,False,0,assets/targets/lh_hl_unlink_plinko_0110/nocol_basered.jpg,nocol_translate,assets/targets/lh_hl_unlink_plinko_0110/nocol_translate1blue.jpg,50,8355,lh_hl_unlink_plinko_0110,-1,False,1,assets/targets/hh_hl_unlink_plinko_0269/maybecol_baseblue.jpg,maybecol_translate,assets/targets/hh_hl_unlink_plinko_0269/maybecol_translate1red.jpg,50,8419,hh_hl_unlink_plinko_0269,-1,False,0,assets/targets/lh_ll_unlink_plinko_0091/col_late_basered.jpg,col_late_translate,assets/targets/lh_ll_unlink_plinko_0091/col_late_translateblue.jpg,50,8740,lh_ll_unlink_plinko_0091,-1,False,1,assets/targets/lh_ll_unlink_plinko_0155/col_late_baseblue.jpg,col_late_translate,assets/targets/lh_ll_unlink_plinko_0155/col_late_translatered.jpg,50,5270,lh_ll_unlink_plinko_0155,-1,False,1,assets/targets/hh_hl_unlink_plinko_0246/col_early_baseblue.jpg,col_early_translate,assets/targets/hh_hl_unlink_plinko_0246/col_early_translatered.jpg,98,11997,hh_hl_unlink_plinko_0246,1,True,0,assets/targets/lh_hl_unlink_plinko_0049/col_early_basered.jpg,col_early_translate,assets/targets/lh_hl_unlink_plinko_0049/col_early_translate1blue.jpg,77,11722,lh_hl_unlink_plinko_0049,1,False,0,assets/targets/lh_ll_unlink_plinko_0217/nocol_basered.jpg,nocol_translate,assets/targets/lh_ll_unlink_plinko_0217/nocol_translateblue.jpg,51,6896,lh_ll_unlink_plinko_0217,1,False,0,assets/targets/lh_ll_unlink_plinko_0060/col_late_basered.jpg,col_late_translate,assets/targets/lh_ll_unlink_plinko_0060/col_late_translateblue.jpg,50,6752,lh_ll_unlink_plinko_0060,-1,False,1,assets/targets/hh_hl_unlink_plinko_0315/nocol_baseblue.jpg,nocol_translate,assets/targets/hh_hl_unlink_plinko_0315/nocol_translatered.jpg,50,7134,hh_hl_unlink_plinko_0315,-1,False,0,assets/targets/hh_hl_unlink_plinko_0252/maybecol_basered.jpg,maybecol_translate,assets/targets/hh_hl_unlink_plinko_0252/maybecol_translate1blue.jpg,50,4164,hh_hl_unlink_plinko_0252,-1,False,1,assets/targets/lh_hl_unlink_plinko_0111/col_late_baseblue.jpg,col_late_translate,assets/targets/lh_hl_unlink_plinko_0111/col_late_translate1red.jpg,50,4067,lh_hl_unlink_plinko_0111,-1,False,0,assets/targets/hh_hl_unlink_plinko_0393/col_early_basered.jpg,col_early_translate,assets/targets/hh_hl_unlink_plinko_0393/col_early_translateblue.jpg,34,10610,hh_hl_unlink_plinko_0393,0,True,5df27b81acd5ce18b4bd225c
151,1,assets/targets/hh_hl_unlink_plinko_0393/nocol_baseblue.jpg,nocol_translate,assets/targets/hh_hl_unlink_plinko_0393/nocol_translatered.jpg,56,17895,hh_hl_unlink_plinko_0393,1,True,0,assets/targets/lh_hl_unlink_plinko_0049/col_late_basered.jpg,col_late_translate,assets/targets/lh_hl_unlink_plinko_0049/col_late_translate1blue.jpg,38,15839,lh_hl_unlink_plinko_0049,0,True,1,assets/targets/lh_hl_unlink_plinko_0036/nocol_baseblue.jpg,nocol_translate,assets/targets/lh_hl_unlink_plinko_0036/nocol_translatered.jpg,53,7055,lh_hl_unlink_plinko_0036,1,True,0,assets/targets/lh_ll_unlink_plinko_0155/nocol_basered.jpg,nocol_translate,assets/targets/lh_ll_unlink_plinko_0155/nocol_translate1blue.jpg,39,4699,lh_ll_unlink_plinko_0155,0,True,0,assets/targets/lh_ll_unlink_plinko_0060/col_late_basered.jpg,col_late_translate,assets/targets/lh_ll_unlink_plinko_0060/col_late_translate1blue.jpg,31,7769,lh_ll_unlink_plinko_0060,0,True,0,assets/targets/hh_hl_unlink_plinko_0315/maybecol_basered.jpg,maybecol_translate,assets/targets/hh_hl_unlink_plinko_0315/maybecol_translateblue.jpg,43,16295,hh_hl_unlink_plinko_0315,0,True,1,assets/targets/hh_hl_unlink_plinko_0105/maybecol_baseblue.jpg,maybecol_translate,assets/targets/hh_hl_unlink_plinko_0105/maybecol_translatered.jpg,65,7817,hh_hl_unlink_plinko_0105,1,True,0,assets/targets/hh_hl_unlink_plinko_0202/maybecol_basered.jpg,maybecol_translate,assets/targets/hh_hl_unlink_plinko_0202/maybecol_translate1blue.jpg,42,12212,hh_hl_unlink_plinko_0202,0,True,0,assets/targets/hh_hl_unlink_plinko_0269/col_early_basered.jpg,col_early_translate,assets/targets/hh_hl_unlink_plinko_0269/col_early_translate1blue.jpg,45,4235,hh_hl_unlink_plinko_0269,0,True,1,assets/targets/hh_hl_unlink_plinko_0393/col_early_baseblue.jpg,col_early_translate,assets/targets/hh_hl_unlink_plinko_0393/col_early_translate1red.jpg,41,4348,hh_hl_unlink_plinko_0393,0,False,1,assets/targets/lh_ll_unlink_plinko_0091/col_late_baseblue.jpg,col_late_translate,assets/targets/lh_ll_unlink_plinko_0091/col_late_translatered.jpg,55,6632,lh_ll_unlink_plinko_0091,1,True,1,assets/targets/lh_hl_unlink_plinko_0110/col_early_baseblue.jpg,col_early_translate,assets/targets/lh_hl_unlink_plinko_0110/col_early_translatered.jpg,57,3543,lh_hl_unlink_plinko_0110,1,True,0,assets/targets/hh_hl_unlink_plinko_0246/nocol_basered.jpg,nocol_translate,assets/targets/hh_hl_unlink_plinko_0246/nocol_translateblue.jpg,53,13700,hh_hl_unlink_plinko_0246,1,False,0,assets/targets/lh_hl_unlink_plinko_0111/col_late_basered.jpg,col_late_translate,assets/targets/lh_hl_unlink_plinko_0111/col_late_translateblue.jpg,58,5910,lh_hl_unlink_plinko_0111,1,False,0,assets/targets/hh_hl_unlink_plinko_0252/maybecol_basered.jpg,maybecol_translate,assets/targets/hh_hl_unlink_plinko_0252/maybecol_translate1blue.jpg,46,5768,hh_hl_unlink_plinko_0252,0,True,1,assets/targets/lh_ll_unlink_plinko_0217/col_early_baseblue.jpg,col_early_translate,assets/targets/lh_ll_unlink_plinko_0217/col_early_translate1red.jpg,61,5940,lh_ll_unlink_plinko_0217,1,True,60d2201d6d8c5564a26eb585
152,1,assets/targets/hh_hl_unlink_plinko_0269/col_early_baseblue.jpg,col_early_translate,assets/targets/hh_hl_unlink_plinko_0269/col_early_translatered.jpg,50,25739,hh_hl_unlink_plinko_0269,-1,False,1,assets/targets/hh_hl_unlink_plinko_0393/maybecol_baseblue.jpg,maybecol_translate,assets/targets/hh_hl_unlink_plinko_0393/maybecol_translate1red.jpg,50,23510,hh_hl_unlink_plinko_0393,-1,False,0,assets/targets/lh_hl_unlink_plinko_0110/nocol_basered.jpg,nocol_translate,assets/targets/lh_hl_unlink_plinko_0110/nocol_translateblue.jpg,80,20899,lh_hl_unlink_plinko_0110,1,False,1,assets/targets/lh_hl_unlink_plinko_0110/col_late_baseblue.jpg,col_late_translate,assets/targets/lh_hl_unlink_plinko_0110/col_late_translatered.jpg,50,8866,lh_hl_unlink_plinko_0110,-1,False,0,assets/targets/hh_hl_unlink_plinko_0202/nocol_basered.jpg,nocol_translate,assets/targets/hh_hl_unlink_plinko_0202/nocol_translateblue.jpg,50,5584,hh_hl_unlink_plinko_0202,-1,False,1,assets/targets/lh_hl_unlink_plinko_0110/nocol_baseblue.jpg,nocol_translate,assets/targets/lh_hl_unlink_plinko_0110/nocol_translatered.jpg,50,89662,lh_hl_unlink_plinko_0110,-1,False,1,assets/targets/lh_hl_unlink_plinko_0110/col_late_baseblue.jpg,col_late_translate,assets/targets/lh_hl_unlink_plinko_0110/col_late_translatered.jpg,80,6742,lh_hl_unlink_plinko_0110,1,True,0,assets/targets/hh_hl_unlink_plinko_0252/col_early_basered.jpg,col_early_translate,assets/targets/hh_hl_unlink_plinko_0252/col_early_translate1blue.jpg,50,9453,hh_hl_unlink_plinko_0252,-1,False,1,assets/targets/lh_hl_unlink_plinko_0110/col_late_baseblue.jpg,col_late_translate,assets/targets/lh_hl_unlink_plinko_0110/col_late_translatered.jpg,50,8129,lh_hl_unlink_plinko_0110,-1,False,0,assets/targets/hh_hl_unlink_plinko_0202/maybecol_basered.jpg,maybecol_translate,assets/targets/hh_hl_unlink_plinko_0202/maybecol_translateblue.jpg,50,6931,hh_hl_unlink_plinko_0202,-1,False,1,assets/targets/hh_hl_unlink_plinko_0202/nocol_baseblue.jpg,nocol_translate,assets/targets/hh_hl_unlink_plinko_0202/nocol_translatered.jpg,50,13507,hh_hl_unlink_plinko_0202,-1,False,1,assets/targets/lh_hl_unlink_plinko_0110/col_early_baseblue.jpg,col_early_translate,assets/targets/lh_hl_unlink_plinko_0110/col_early_translate1red.jpg,50,4680,lh_hl_unlink_plinko_0110,-1,False,0,assets/targets/hh_hl_unlink_plinko_0202/maybecol_basered.jpg,maybecol_translate,assets/targets/hh_hl_unlink_plinko_0202/maybecol_translateblue.jpg,50,5697,hh_hl_unlink_plinko_0202,-1,False,0,assets/targets/lh_hl_unlink_plinko_0110/col_late_basered.jpg,col_late_translate,assets/targets/lh_hl_unlink_plinko_0110/col_late_translateblue.jpg,50,4289,lh_hl_unlink_plinko_0110,-1,False,0,assets/targets/hh_hl_unlink_plinko_0105/maybecol_basered.jpg,maybecol_translate,assets/targets/hh_hl_unlink_plinko_0105/maybecol_translateblue.jpg,50,3096,hh_hl_unlink_plinko_0105,-1,False,0,assets/targets/lh_hl_unlink_plinko_0110/col_early_basered.jpg,col_early_translate,assets/targets/lh_hl_unlink_plinko_0110/col_early_translate1blue.jpg,50,3958,lh_hl_unlink_plinko_0110,-1,False,60408842de0f31299ea0dadc
153,0,assets/targets/lh_hl_unlink_plinko_0036/nocol_basered.jpg,nocol_translate,assets/targets/lh_hl_unlink_plinko_0036/nocol_translateblue.jpg,85,19238,lh_hl_unlink_plinko_0036,1,False,1,assets/targets/lh_ll_unlink_plinko_0217/col_late_baseblue.jpg,col_late_translate,assets/targets/lh_ll_unlink_plinko_0217/col_late_translate1red.jpg,20,8681,lh_ll_unlink_plinko_0217,0,False,0,assets/targets/lh_hl_unlink_plinko_0036/col_late_basered.jpg,col_late_translate,assets/targets/lh_hl_unlink_plinko_0036/col_late_translate1blue.jpg,20,19767,lh_hl_unlink_plinko_0036,0,True,0,assets/targets/hh_hl_unlink_plinko_0105/col_early_basered.jpg,col_early_translate,assets/targets/hh_hl_unlink_plinko_0105/col_early_translateblue.jpg,78,5508,hh_hl_unlink_plinko_0105,1,False,1,assets/targets/lh_ll_unlink_plinko_0155/col_early_baseblue.jpg,col_early_translate,assets/targets/lh_ll_unlink_plinko_0155/col_early_translatered.jpg,79,23677,lh_ll_unlink_plinko_0155,1,True,0,assets/targets/lh_hl_unlink_plinko_0049/col_early_basered.jpg,col_early_translate,assets/targets/lh_hl_unlink_plinko_0049/col_early_translateblue.jpg,75,16300,lh_hl_unlink_plinko_0049,1,False,0,assets/targets/hh_hl_unlink_plinko_0269/maybecol_basered.jpg,maybecol_translate,assets/targets/hh_hl_unlink_plinko_0269/maybecol_translate1blue.jpg,34,4479,hh_hl_unlink_plinko_0269,0,True,0,assets/targets/lh_ll_unlink_plinko_0091/col_late_basered.jpg,col_late_translate,assets/targets/lh_ll_unlink_plinko_0091/col_late_translateblue.jpg,32,9390,lh_ll_unlink_plinko_0091,0,True,1,assets/targets/hh_hl_unlink_plinko_0393/maybecol_baseblue.jpg,maybecol_translate,assets/targets/hh_hl_unlink_plinko_0393/maybecol_translate1red.jpg,60,7724,hh_hl_unlink_plinko_0393,1,True,1,assets/targets/hh_hl_unlink_plinko_0252/col_early_baseblue.jpg,col_early_translate,assets/targets/hh_hl_unlink_plinko_0252/col_early_translatered.jpg,95,6645,hh_hl_unlink_plinko_0252,1,True,1,assets/targets/lh_ll_unlink_plinko_0060/col_late_baseblue.jpg,col_late_translate,assets/targets/lh_ll_unlink_plinko_0060/col_late_translatered.jpg,96,4290,lh_ll_unlink_plinko_0060,1,True,1,assets/targets/hh_hl_unlink_plinko_0240/nocol_baseblue.jpg,nocol_translate,assets/targets/hh_hl_unlink_plinko_0240/nocol_translatered.jpg,84,3338,hh_hl_unlink_plinko_0240,1,True,1,assets/targets/hh_hl_unlink_plinko_0393/maybecol_baseblue.jpg,maybecol_translate,assets/targets/hh_hl_unlink_plinko_0393/maybecol_translatered.jpg,25,8924,hh_hl_unlink_plinko_0393,0,False,0,assets/targets/hh_hl_unlink_plinko_0202/maybecol_basered.jpg,maybecol_translate,assets/targets/hh_hl_unlink_plinko_0202/maybecol_translate1blue.jpg,87,11146,hh_hl_unlink_plinko_0202,1,False,1,assets/targets/hh_hl_unlink_plinko_0315/nocol_baseblue.jpg,nocol_translate,assets/targets/hh_hl_unlink_plinko_0315/nocol_translate1red.jpg,81,3347,hh_hl_unlink_plinko_0315,1,True,0,assets/targets/lh_hl_unlink_plinko_0110/nocol_basered.jpg,nocol_translate,assets/targets/lh_hl_unlink_plinko_0110/nocol_translate1blue.jpg,59,7000,lh_hl_unlink_plinko_0110,1,False,5a348ea750833c0001ee9550
154,1,assets/targets/hh_hl_unlink_plinko_0315/maybecol_baseblue.jpg,maybecol_translate,assets/targets/hh_hl_unlink_plinko_0315/maybecol_translate1red.jpg,29,37376,hh_hl_unlink_plinko_0315,0,False,0,assets/targets/hh_hl_unlink_plinko_0269/col_early_basered.jpg,col_early_translate,assets/targets/hh_hl_unlink_plinko_0269/col_early_translate1blue.jpg,12,15784,hh_hl_unlink_plinko_0269,0,True,0,assets/targets/lh_ll_unlink_plinko_0091/col_late_basered.jpg,col_late_translate,assets/targets/lh_ll_unlink_plinko_0091/col_late_translateblue.jpg,21,19251,lh_ll_unlink_plinko_0091,0,True,1,assets/targets/lh_ll_unlink_plinko_0060/col_late_baseblue.jpg,col_late_translate,assets/targets/lh_ll_unlink_plinko_0060/col_late_translate1red.jpg,77,8616,lh_ll_unlink_plinko_0060,1,True,0,assets/targets/lh_hl_unlink_plinko_0111/col_late_basered.jpg,col_late_translate,assets/targets/lh_hl_unlink_plinko_0111/col_late_translateblue.jpg,24,10332,lh_hl_unlink_plinko_0111,0,True,1,assets/targets/lh_ll_unlink_plinko_0155/nocol_baseblue.jpg,nocol_translate,assets/targets/lh_ll_unlink_plinko_0155/nocol_translatered.jpg,69,7645,lh_ll_unlink_plinko_0155,1,True,1,assets/targets/lh_hl_unlink_plinko_0049/col_early_baseblue.jpg,col_early_translate,assets/targets/lh_hl_unlink_plinko_0049/col_early_translatered.jpg,100,10253,lh_hl_unlink_plinko_0049,1,True,0,assets/targets/lh_hl_unlink_plinko_0110/nocol_basered.jpg,nocol_translate,assets/targets/lh_hl_unlink_plinko_0110/nocol_translateblue.jpg,48,12453,lh_hl_unlink_plinko_0110,0,True,1,assets/targets/hh_hl_unlink_plinko_0315/col_early_baseblue.jpg,col_early_translate,assets/targets/hh_hl_unlink_plinko_0315/col_early_translatered.jpg,100,12607,hh_hl_unlink_plinko_0315,1,True,0,assets/targets/hh_hl_unlink_plinko_0202/nocol_basered.jpg,nocol_translate,assets/targets/hh_hl_unlink_plinko_0202/nocol_translate1blue.jpg,67,11754,hh_hl_unlink_plinko_0202,1,False,1,assets/targets/hh_hl_unlink_plinko_0105/maybecol_baseblue.jpg,maybecol_translate,assets/targets/hh_hl_unlink_plinko_0105/maybecol_translate1red.jpg,64,12183,hh_hl_unlink_plinko_0105,1,True,1,assets/targets/lh_hl_unlink_plinko_0036/col_early_baseblue.jpg,col_early_translate,assets/targets/lh_hl_unlink_plinko_0036/col_early_translatered.jpg,30,10244,lh_hl_unlink_plinko_0036,0,False,0,assets/targets/hh_hl_unlink_plinko_0246/maybecol_basered.jpg,maybecol_translate,assets/targets/hh_hl_unlink_plinko_0246/maybecol_translate1blue.jpg,33,9838,hh_hl_unlink_plinko_0246,0,True,1,assets/targets/lh_ll_unlink_plinko_0217/col_late_baseblue.jpg,col_late_translate,assets/targets/lh_ll_unlink_plinko_0217/col_late_translate1red.jpg,29,8224,lh_ll_unlink_plinko_0217,0,False,1,assets/targets/hh_hl_unlink_plinko_0252/maybecol_baseblue.jpg,maybecol_translate,assets/targets/hh_hl_unlink_plinko_0252/maybecol_translatered.jpg,38,8698,hh_hl_unlink_plinko_0252,0,False,0,assets/targets/hh_hl_unlink_plinko_0393/nocol_basered.jpg,nocol_translate,assets/targets/hh_hl_unlink_plinko_0393/nocol_translateblue.jpg,60,5747,hh_hl_unlink_plinko_0393,1,False,5e1a40cc477f3b2bfbbf056d
155,1,assets/targets/hh_hl_unlink_plinko_0393/maybecol_baseblue.jpg,maybecol_translate,assets/targets/hh_hl_unlink_plinko_0393/maybecol_translatered.jpg,77,41029,hh_hl_unlink_plinko_0393,1,True,1,assets/targets/lh_hl_unlink_plinko_0036/col_late_baseblue.jpg,col_late_translate,assets/targets/lh_hl_unlink_plinko_0036/col_late_translate1red.jpg,71,13738,lh_hl_unlink_plinko_0036,1,True,0,assets/targets/lh_ll_unlink_plinko_0091/col_early_basered.jpg,col_early_translate,assets/targets/lh_ll_unlink_plinko_0091/col_early_translateblue.jpg,13,10763,lh_ll_unlink_plinko_0091,0,True,0,assets/targets/hh_hl_unlink_plinko_0240/col_early_basered.jpg,col_early_translate,assets/targets/hh_hl_unlink_plinko_0240/col_early_translate1blue.jpg,16,10683,hh_hl_unlink_plinko_0240,0,True,1,assets/targets/lh_hl_unlink_plinko_0110/col_late_baseblue.jpg,col_late_translate,assets/targets/lh_hl_unlink_plinko_0110/col_late_translatered.jpg,72,13101,lh_hl_unlink_plinko_0110,1,True,1,assets/targets/lh_hl_unlink_plinko_0049/col_early_baseblue.jpg,col_early_translate,assets/targets/lh_hl_unlink_plinko_0049/col_early_translatered.jpg,77,11102,lh_hl_unlink_plinko_0049,1,True,0,assets/targets/lh_hl_unlink_plinko_0111/col_late_basered.jpg,col_late_translate,assets/targets/lh_hl_unlink_plinko_0111/col_late_translate1blue.jpg,20,8452,lh_hl_unlink_plinko_0111,0,True,0,assets/targets/lh_ll_unlink_plinko_0060/nocol_basered.jpg,nocol_translate,assets/targets/lh_ll_unlink_plinko_0060/nocol_translate1blue.jpg,18,16458,lh_ll_unlink_plinko_0060,0,True,0,assets/targets/hh_hl_unlink_plinko_0105/nocol_basered.jpg,nocol_translate,assets/targets/hh_hl_unlink_plinko_0105/nocol_translateblue.jpg,78,10762,hh_hl_unlink_plinko_0105,1,False,0,assets/targets/hh_hl_unlink_plinko_0252/maybecol_basered.jpg,maybecol_translate,assets/targets/hh_hl_unlink_plinko_0252/maybecol_translateblue.jpg,20,9432,hh_hl_unlink_plinko_0252,0,True,1,assets/targets/hh_hl_unlink_plinko_0246/maybecol_baseblue.jpg,maybecol_translate,assets/targets/hh_hl_unlink_plinko_0246/maybecol_translate1red.jpg,0,9018,hh_hl_unlink_plinko_0246,0,False,1,assets/targets/hh_hl_unlink_plinko_0315/nocol_baseblue.jpg,nocol_translate,assets/targets/hh_hl_unlink_plinko_0315/nocol_translatered.jpg,30,14632,hh_hl_unlink_plinko_0315,0,False,1,assets/targets/lh_ll_unlink_plinko_0217/col_late_baseblue.jpg,col_late_translate,assets/targets/lh_ll_unlink_plinko_0217/col_late_translatered.jpg,8,8118,lh_ll_unlink_plinko_0217,0,False,0,assets/targets/lh_ll_unlink_plinko_0155/nocol_basered.jpg,nocol_translate,assets/targets/lh_ll_unlink_plinko_0155/nocol_translateblue.jpg,49,6385,lh_ll_unlink_plinko_0155,0,True,0,assets/targets/hh_hl_unlink_plinko_0202/maybecol_basered.jpg,maybecol_translate,assets/targets/hh_hl_unlink_plinko_0202/maybecol_translate1blue.jpg,7,11150,hh_hl_unlink_plinko_0202,0,True,1,assets/targets/hh_hl_unlink_plinko_0269/col_early_baseblue.jpg,col_early_translate,assets/targets/hh_hl_unlink_plinko_0269/col_early_translatered.jpg,9,9482,hh_hl_unlink_plinko_0269,0,False,6387984be099d077b7cd8508
156,0,assets/targets/lh_ll_unlink_plinko_0060/nocol_basered.jpg,nocol_translate,assets/targets/lh_ll_unlink_plinko_0060/nocol_translate1blue.jpg,5,26893,lh_ll_unlink_plinko_0060,0,True,1,assets/targets/hh_hl_unlink_plinko_0105/col_early_baseblue.jpg,col_early_translate,assets/targets/hh_hl_unlink_plinko_0105/col_early_translate1red.jpg,94,13449,hh_hl_unlink_plinko_0105,1,True,1,assets/targets/hh_hl_unlink_plinko_0252/maybecol_baseblue.jpg,maybecol_translate,assets/targets/hh_hl_unlink_plinko_0252/maybecol_translate1red.jpg,16,5818,hh_hl_unlink_plinko_0252,0,False,1,assets/targets/lh_ll_unlink_plinko_0217/nocol_baseblue.jpg,nocol_translate,assets/targets/lh_ll_unlink_plinko_0217/nocol_translate1red.jpg,10,8551,lh_ll_unlink_plinko_0217,0,False,0,assets/targets/hh_hl_unlink_plinko_0315/maybecol_basered.jpg,maybecol_translate,assets/targets/hh_hl_unlink_plinko_0315/maybecol_translate1blue.jpg,88,4827,hh_hl_unlink_plinko_0315,1,False,0,assets/targets/lh_hl_unlink_plinko_0049/col_late_basered.jpg,col_late_translate,assets/targets/lh_hl_unlink_plinko_0049/col_late_translate1blue.jpg,10,183124,lh_hl_unlink_plinko_0049,0,True,1,assets/targets/lh_ll_unlink_plinko_0091/col_late_baseblue.jpg,col_late_translate,assets/targets/lh_ll_unlink_plinko_0091/col_late_translate1red.jpg,99,9807,lh_ll_unlink_plinko_0091,1,True,1,assets/targets/lh_hl_unlink_plinko_0111/col_late_baseblue.jpg,col_late_translate,assets/targets/lh_hl_unlink_plinko_0111/col_late_translate1red.jpg,94,6745,lh_hl_unlink_plinko_0111,1,True,1,assets/targets/lh_hl_unlink_plinko_0110/col_late_baseblue.jpg,col_late_translate,assets/targets/lh_hl_unlink_plinko_0110/col_late_translate1red.jpg,95,5510,lh_hl_unlink_plinko_0110,1,True,1,assets/targets/lh_ll_unlink_plinko_0155/col_early_baseblue.jpg,col_early_translate,assets/targets/lh_ll_unlink_plinko_0155/col_early_translate1red.jpg,94,4732,lh_ll_unlink_plinko_0155,1,True,1,assets/targets/hh_hl_unlink_plinko_0269/nocol_baseblue.jpg,nocol_translate,assets/targets/hh_hl_unlink_plinko_0269/nocol_translatered.jpg,86,8514,hh_hl_unlink_plinko_0269,1,True,1,assets/targets/hh_hl_unlink_plinko_0246/col_early_baseblue.jpg,col_early_translate,assets/targets/hh_hl_unlink_plinko_0246/col_early_translate1red.jpg,94,6380,hh_hl_unlink_plinko_0246,1,True,1,assets/targets/hh_hl_unlink_plinko_0105/maybecol_baseblue.jpg,maybecol_translate,assets/targets/hh_hl_unlink_plinko_0105/maybecol_translate1red.jpg,90,189399,hh_hl_unlink_plinko_0105,1,True,0,assets/targets/lh_hl_unlink_plinko_0036/col_early_basered.jpg,col_early_translate,assets/targets/lh_hl_unlink_plinko_0036/col_early_translate1blue.jpg,8,5342,lh_hl_unlink_plinko_0036,0,True,1,assets/targets/hh_hl_unlink_plinko_0240/nocol_baseblue.jpg,nocol_translate,assets/targets/hh_hl_unlink_plinko_0240/nocol_translate1red.jpg,11,4798,hh_hl_unlink_plinko_0240,0,False,0,assets/targets/hh_hl_unlink_plinko_0240/maybecol_basered.jpg,maybecol_translate,assets/targets/hh_hl_unlink_plinko_0240/maybecol_translate1blue.jpg,97,7749,hh_hl_unlink_plinko_0240,1,False,5e6484158bd03f1f1bdc1821
157,0,assets/targets/hh_hl_unlink_plinko_0105/maybecol_basered.jpg,maybecol_translate,assets/targets/hh_hl_unlink_plinko_0105/maybecol_translate1blue.jpg,27,24475,hh_hl_unlink_plinko_0105,0,True,1,assets/targets/lh_ll_unlink_plinko_0060/col_late_baseblue.jpg,col_late_translate,assets/targets/lh_ll_unlink_plinko_0060/col_late_translate1red.jpg,62,7898,lh_ll_unlink_plinko_0060,1,True,1,assets/targets/lh_hl_unlink_plinko_0049/col_late_baseblue.jpg,col_late_translate,assets/targets/lh_hl_unlink_plinko_0049/col_late_translatered.jpg,87,8364,lh_hl_unlink_plinko_0049,1,True,1,assets/targets/lh_ll_unlink_plinko_0217/col_late_baseblue.jpg,col_late_translate,assets/targets/lh_ll_unlink_plinko_0217/col_late_translate1red.jpg,50,7696,lh_ll_unlink_plinko_0217,-1,False,1,assets/targets/hh_hl_unlink_plinko_0246/nocol_baseblue.jpg,nocol_translate,assets/targets/hh_hl_unlink_plinko_0246/nocol_translatered.jpg,84,10293,hh_hl_unlink_plinko_0246,1,True,1,assets/targets/hh_hl_unlink_plinko_0202/maybecol_baseblue.jpg,maybecol_translate,assets/targets/hh_hl_unlink_plinko_0202/maybecol_translatered.jpg,71,8601,hh_hl_unlink_plinko_0202,1,True,1,assets/targets/lh_hl_unlink_plinko_0036/col_early_baseblue.jpg,col_early_translate,assets/targets/lh_hl_unlink_plinko_0036/col_early_translatered.jpg,26,7118,lh_hl_unlink_plinko_0036,0,False,0,assets/targets/lh_ll_unlink_plinko_0091/nocol_basered.jpg,nocol_translate,assets/targets/lh_ll_unlink_plinko_0091/nocol_translate1blue.jpg,32,5116,lh_ll_unlink_plinko_0091,0,True,0,assets/targets/hh_hl_unlink_plinko_0252/col_early_basered.jpg,col_early_translate,assets/targets/hh_hl_unlink_plinko_0252/col_early_translateblue.jpg,22,7857,hh_hl_unlink_plinko_0252,0,True,0,assets/targets/lh_ll_unlink_plinko_0155/nocol_basered.jpg,nocol_translate,assets/targets/lh_ll_unlink_plinko_0155/nocol_translateblue.jpg,50,8817,lh_ll_unlink_plinko_0155,-1,False,1,assets/targets/hh_hl_unlink_plinko_0202/maybecol_baseblue.jpg,maybecol_translate,assets/targets/hh_hl_unlink_plinko_0202/maybecol_translate1red.jpg,19,5991,hh_hl_unlink_plinko_0202,0,False,0,assets/targets/hh_hl_unlink_plinko_0315/nocol_basered.jpg,nocol_translate,assets/targets/hh_hl_unlink_plinko_0315/nocol_translateblue.jpg,58,5786,hh_hl_unlink_plinko_0315,1,False,0,assets/targets/lh_ll_unlink_plinko_0217/col_late_basered.jpg,col_late_translate,assets/targets/lh_ll_unlink_plinko_0217/col_late_translateblue.jpg,28,8168,lh_ll_unlink_plinko_0217,0,True,0,assets/targets/hh_hl_unlink_plinko_0269/maybecol_basered.jpg,maybecol_translate,assets/targets/hh_hl_unlink_plinko_0269/maybecol_translateblue.jpg,75,6779,hh_hl_unlink_plinko_0269,1,False,0,assets/targets/hh_hl_unlink_plinko_0393/col_early_basered.jpg,col_early_translate,assets/targets/hh_hl_unlink_plinko_0393/col_early_translateblue.jpg,28,5258,hh_hl_unlink_plinko_0393,0,True,0,assets/targets/lh_hl_unlink_plinko_0036/col_early_basered.jpg,col_early_translate,assets/targets/lh_hl_unlink_plinko_0036/col_early_translate1blue.jpg,24,7185,lh_hl_unlink_plinko_0036,0,True,6123031c595acde3f517cd33
158,0,assets/targets/hh_hl_unlink_plinko_0202/maybecol_basered.jpg,maybecol_translate,assets/targets/hh_hl_unlink_plinko_0202/maybecol_translate1blue.jpg,64,38452,hh_hl_unlink_plinko_0202,1,False,1,assets/targets/hh_hl_unlink_plinko_0105/maybecol_baseblue.jpg,maybecol_translate,assets/targets/hh_hl_unlink_plinko_0105/maybecol_translate1red.jpg,100,8673,hh_hl_unlink_plinko_0105,1,True,0,assets/targets/lh_hl_unlink_plinko_0111/nocol_basered.jpg,nocol_translate,assets/targets/lh_hl_unlink_plinko_0111/nocol_translate1blue.jpg,25,11215,lh_hl_unlink_plinko_0111,0,True,0,assets/targets/hh_hl_unlink_plinko_0246/nocol_basered.jpg,nocol_translate,assets/targets/hh_hl_unlink_plinko_0246/nocol_translate1blue.jpg,50,6012,hh_hl_unlink_plinko_0246,-1,False,1,assets/targets/lh_hl_unlink_plinko_0036/col_late_baseblue.jpg,col_late_translate,assets/targets/lh_hl_unlink_plinko_0036/col_late_translate1red.jpg,77,10084,lh_hl_unlink_plinko_0036,1,True,0,assets/targets/hh_hl_unlink_plinko_0240/maybecol_basered.jpg,maybecol_translate,assets/targets/hh_hl_unlink_plinko_0240/maybecol_translate1blue.jpg,49,9266,hh_hl_unlink_plinko_0240,0,True,1,assets/targets/lh_ll_unlink_plinko_0155/col_late_baseblue.jpg,col_late_translate,assets/targets/lh_ll_unlink_plinko_0155/col_late_translate1red.jpg,92,6333,lh_ll_unlink_plinko_0155,1,True,0,assets/targets/hh_hl_unlink_plinko_0252/maybecol_basered.jpg,maybecol_translate,assets/targets/hh_hl_unlink_plinko_0252/maybecol_translate1blue.jpg,26,5574,hh_hl_unlink_plinko_0252,0,True,0,assets/targets/hh_hl_unlink_plinko_0393/col_early_basered.jpg,col_early_translate,assets/targets/hh_hl_unlink_plinko_0393/col_early_translate1blue.jpg,98,4909,hh_hl_unlink_plinko_0393,1,False,1,assets/targets/lh_hl_unlink_plinko_0049/col_late_baseblue.jpg,col_late_translate,assets/targets/lh_hl_unlink_plinko_0049/col_late_translate1red.jpg,16,8786,lh_hl_unlink_plinko_0049,0,False,1,assets/targets/lh_ll_unlink_plinko_0060/nocol_baseblue.jpg,nocol_translate,assets/targets/lh_ll_unlink_plinko_0060/nocol_translate1red.jpg,74,6082,lh_ll_unlink_plinko_0060,1,True,0,assets/targets/lh_ll_unlink_plinko_0091/col_early_basered.jpg,col_early_translate,assets/targets/lh_ll_unlink_plinko_0091/col_early_translate1blue.jpg,100,6773,lh_ll_unlink_plinko_0091,1,False,0,assets/targets/lh_hl_unlink_plinko_0110/col_early_basered.jpg,col_early_translate,assets/targets/lh_hl_unlink_plinko_0110/col_early_translate1blue.jpg,0,10116,lh_hl_unlink_plinko_0110,0,True,1,assets/targets/hh_hl_unlink_plinko_0269/nocol_baseblue.jpg,nocol_translate,assets/targets/hh_hl_unlink_plinko_0269/nocol_translate1red.jpg,50,5591,hh_hl_unlink_plinko_0269,-1,False,1,assets/targets/hh_hl_unlink_plinko_0315/col_early_baseblue.jpg,col_early_translate,assets/targets/hh_hl_unlink_plinko_0315/col_early_translate1red.jpg,100,7932,hh_hl_unlink_plinko_0315,1,True,0,assets/targets/lh_ll_unlink_plinko_0217/col_late_basered.jpg,col_late_translate,assets/targets/lh_ll_unlink_plinko_0217/col_late_translate1blue.jpg,59,4480,lh_ll_unlink_plinko_0217,1,False,633c30f159b7fd599e41aeb2
159,1,assets/targets/hh_hl_unlink_plinko_0315/col_early_baseblue.jpg,col_early_translate,assets/targets/hh_hl_unlink_plinko_0315/col_early_translatered.jpg,24,8723,hh_hl_unlink_plinko_0315,0,False,0,assets/targets/lh_ll_unlink_plinko_0217/col_early_basered.jpg,col_early_translate,assets/targets/lh_ll_unlink_plinko_0217/col_early_translate1blue.jpg,0,11735,lh_ll_unlink_plinko_0217,0,True,1,assets/targets/hh_hl_unlink_plinko_0269/maybecol_baseblue.jpg,maybecol_translate,assets/targets/hh_hl_unlink_plinko_0269/maybecol_translate1red.jpg,78,4613,hh_hl_unlink_plinko_0269,1,True,1,assets/targets/lh_ll_unlink_plinko_0060/col_late_baseblue.jpg,col_late_translate,assets/targets/lh_ll_unlink_plinko_0060/col_late_translatered.jpg,29,5893,lh_ll_unlink_plinko_0060,0,False,0,assets/targets/lh_hl_unlink_plinko_0049/col_early_basered.jpg,col_early_translate,assets/targets/lh_hl_unlink_plinko_0049/col_early_translateblue.jpg,73,6247,lh_hl_unlink_plinko_0049,1,False,1,assets/targets/hh_hl_unlink_plinko_0240/nocol_baseblue.jpg,nocol_translate,assets/targets/hh_hl_unlink_plinko_0240/nocol_translate1red.jpg,52,4902,hh_hl_unlink_plinko_0240,1,True,0,assets/targets/hh_hl_unlink_plinko_0252/col_early_basered.jpg,col_early_translate,assets/targets/hh_hl_unlink_plinko_0252/col_early_translateblue.jpg,13,5526,hh_hl_unlink_plinko_0252,0,True,0,assets/targets/hh_hl_unlink_plinko_0202/nocol_basered.jpg,nocol_translate,assets/targets/hh_hl_unlink_plinko_0202/nocol_translate1blue.jpg,82,4974,hh_hl_unlink_plinko_0202,1,False,1,assets/targets/lh_ll_unlink_plinko_0091/col_late_baseblue.jpg,col_late_translate,assets/targets/lh_ll_unlink_plinko_0091/col_late_translate1red.jpg,52,4716,lh_ll_unlink_plinko_0091,1,True,0,assets/targets/lh_hl_unlink_plinko_0110/col_late_basered.jpg,col_late_translate,assets/targets/lh_hl_unlink_plinko_0110/col_late_translate1blue.jpg,19,5627,lh_hl_unlink_plinko_0110,0,True,1,assets/targets/lh_ll_unlink_plinko_0155/col_late_baseblue.jpg,col_late_translate,assets/targets/lh_ll_unlink_plinko_0155/col_late_translate1red.jpg,87,5789,lh_ll_unlink_plinko_0155,1,True,1,assets/targets/hh_hl_unlink_plinko_0393/maybecol_baseblue.jpg,maybecol_translate,assets/targets/hh_hl_unlink_plinko_0393/maybecol_translatered.jpg,10,5557,hh_hl_unlink_plinko_0393,0,False,1,assets/targets/hh_hl_unlink_plinko_0105/maybecol_baseblue.jpg,maybecol_translate,assets/targets/hh_hl_unlink_plinko_0105/maybecol_translate1red.jpg,72,9346,hh_hl_unlink_plinko_0105,1,True,0,assets/targets/hh_hl_unlink_plinko_0246/maybecol_basered.jpg,maybecol_translate,assets/targets/hh_hl_unlink_plinko_0246/maybecol_translate1blue.jpg,54,9135,hh_hl_unlink_plinko_0246,1,False,1,assets/targets/lh_hl_unlink_plinko_0036/nocol_baseblue.jpg,nocol_translate,assets/targets/lh_hl_unlink_plinko_0036/nocol_translate1red.jpg,38,7009,lh_hl_unlink_plinko_0036,0,False,0,assets/targets/lh_hl_unlink_plinko_0111/nocol_basered.jpg,nocol_translate,assets/targets/lh_hl_unlink_plinko_0111/nocol_translate1blue.jpg,79,6325,lh_hl_unlink_plinko_0111,1,False,631b66847990076d05887914
160,1,assets/targets/hh_hl_unlink_plinko_0246/maybecol_baseblue.jpg,maybecol_translate,assets/targets/hh_hl_unlink_plinko_0246/maybecol_translate1red.jpg,90,17888,hh_hl_unlink_plinko_0246,1,True,1,assets/targets/hh_hl_unlink_plinko_0252/col_early_baseblue.jpg,col_early_translate,assets/targets/hh_hl_unlink_plinko_0252/col_early_translatered.jpg,100,5489,hh_hl_unlink_plinko_0252,1,True,1,assets/targets/lh_hl_unlink_plinko_0110/col_late_baseblue.jpg,col_late_translate,assets/targets/lh_hl_unlink_plinko_0110/col_late_translate1red.jpg,100,22444,lh_hl_unlink_plinko_0110,1,True,0,assets/targets/lh_ll_unlink_plinko_0217/col_early_basered.jpg,col_early_translate,assets/targets/lh_ll_unlink_plinko_0217/col_early_translate1blue.jpg,0,9255,lh_ll_unlink_plinko_0217,0,True,0,assets/targets/hh_hl_unlink_plinko_0315/maybecol_basered.jpg,maybecol_translate,assets/targets/hh_hl_unlink_plinko_0315/maybecol_translateblue.jpg,36,28594,hh_hl_unlink_plinko_0315,0,True,1,assets/targets/lh_ll_unlink_plinko_0060/col_early_baseblue.jpg,col_early_translate,assets/targets/lh_ll_unlink_plinko_0060/col_early_translatered.jpg,100,10049,lh_ll_unlink_plinko_0060,1,True,1,assets/targets/lh_ll_unlink_plinko_0155/nocol_baseblue.jpg,nocol_translate,assets/targets/lh_ll_unlink_plinko_0155/nocol_translatered.jpg,51,67091,lh_ll_unlink_plinko_0155,1,True,1,assets/targets/hh_hl_unlink_plinko_0240/maybecol_baseblue.jpg,maybecol_translate,assets/targets/hh_hl_unlink_plinko_0240/maybecol_translate1red.jpg,0,38154,hh_hl_unlink_plinko_0240,0,False,1,assets/targets/lh_hl_unlink_plinko_0049/col_late_baseblue.jpg,col_late_translate,assets/targets/lh_hl_unlink_plinko_0049/col_late_translate1red.jpg,74,6907,lh_hl_unlink_plinko_0049,1,True,0,assets/targets/hh_hl_unlink_plinko_0105/maybecol_basered.jpg,maybecol_translate,assets/targets/hh_hl_unlink_plinko_0105/maybecol_translate1blue.jpg,51,5200,hh_hl_unlink_plinko_0105,1,False,1,assets/targets/lh_hl_unlink_plinko_0036/col_late_baseblue.jpg,col_late_translate,assets/targets/lh_hl_unlink_plinko_0036/col_late_translate1red.jpg,32,9980,lh_hl_unlink_plinko_0036,0,False,1,assets/targets/lh_hl_unlink_plinko_0111/nocol_baseblue.jpg,nocol_translate,assets/targets/lh_hl_unlink_plinko_0111/nocol_translate1red.jpg,18,7166,lh_hl_unlink_plinko_0111,0,False,1,assets/targets/hh_hl_unlink_plinko_0269/nocol_baseblue.jpg,nocol_translate,assets/targets/hh_hl_unlink_plinko_0269/nocol_translate1red.jpg,73,2736,hh_hl_unlink_plinko_0269,1,True,1,assets/targets/lh_ll_unlink_plinko_0091/col_late_baseblue.jpg,col_late_translate,assets/targets/lh_ll_unlink_plinko_0091/col_late_translate1red.jpg,96,7038,lh_ll_unlink_plinko_0091,1,True,1,assets/targets/hh_hl_unlink_plinko_0393/col_early_baseblue.jpg,col_early_translate,assets/targets/hh_hl_unlink_plinko_0393/col_early_translate1red.jpg,100,48887,hh_hl_unlink_plinko_0393,1,True,0,assets/targets/hh_hl_unlink_plinko_0240/nocol_basered.jpg,nocol_translate,assets/targets/hh_hl_unlink_plinko_0240/nocol_translate1blue.jpg,73,5804,hh_hl_unlink_plinko_0240,1,False,636155035a53907e8c192d5b
161,0,assets/targets/hh_hl_unlink_plinko_0246/col_early_basered.jpg,col_early_translate,assets/targets/hh_hl_unlink_plinko_0246/col_early_translateblue.jpg,86,33990,hh_hl_unlink_plinko_0246,1,False,0,assets/targets/hh_hl_unlink_plinko_0252/maybecol_basered.jpg,maybecol_translate,assets/targets/hh_hl_unlink_plinko_0252/maybecol_translateblue.jpg,23,10449,hh_hl_unlink_plinko_0252,0,True,1,assets/targets/hh_hl_unlink_plinko_0269/maybecol_baseblue.jpg,maybecol_translate,assets/targets/hh_hl_unlink_plinko_0269/maybecol_translate1red.jpg,63,30629,hh_hl_unlink_plinko_0269,1,True,1,assets/targets/lh_hl_unlink_plinko_0110/col_late_baseblue.jpg,col_late_translate,assets/targets/lh_hl_unlink_plinko_0110/col_late_translate1red.jpg,16,6713,lh_hl_unlink_plinko_0110,0,False,1,assets/targets/hh_hl_unlink_plinko_0315/maybecol_baseblue.jpg,maybecol_translate,assets/targets/hh_hl_unlink_plinko_0315/maybecol_translate1red.jpg,21,9233,hh_hl_unlink_plinko_0315,0,False,1,assets/targets/hh_hl_unlink_plinko_0393/nocol_baseblue.jpg,nocol_translate,assets/targets/hh_hl_unlink_plinko_0393/nocol_translate1red.jpg,50,5440,hh_hl_unlink_plinko_0393,-1,False,1,assets/targets/lh_hl_unlink_plinko_0036/col_early_baseblue.jpg,col_early_translate,assets/targets/lh_hl_unlink_plinko_0036/col_early_translate1red.jpg,4,9880,lh_hl_unlink_plinko_0036,0,False,1,assets/targets/lh_ll_unlink_plinko_0155/col_late_baseblue.jpg,col_late_translate,assets/targets/lh_ll_unlink_plinko_0155/col_late_translate1red.jpg,10,7968,lh_ll_unlink_plinko_0155,0,False,1,assets/targets/hh_hl_unlink_plinko_0240/nocol_baseblue.jpg,nocol_translate,assets/targets/hh_hl_unlink_plinko_0240/nocol_translate1red.jpg,50,6807,hh_hl_unlink_plinko_0240,-1,False,1,assets/targets/lh_ll_unlink_plinko_0217/col_early_baseblue.jpg,col_early_translate,assets/targets/lh_ll_unlink_plinko_0217/col_early_translate1red.jpg,2,6535,lh_ll_unlink_plinko_0217,0,False,0,assets/targets/lh_hl_unlink_plinko_0111/col_late_basered.jpg,col_late_translate,assets/targets/lh_hl_unlink_plinko_0111/col_late_translate1blue.jpg,16,7740,lh_hl_unlink_plinko_0111,0,True,0,assets/targets/lh_hl_unlink_plinko_0049/nocol_basered.jpg,nocol_translate,assets/targets/lh_hl_unlink_plinko_0049/nocol_translate1blue.jpg,50,11903,lh_hl_unlink_plinko_0049,-1,False,0,assets/targets/lh_ll_unlink_plinko_0091/col_late_basered.jpg,col_late_translate,assets/targets/lh_ll_unlink_plinko_0091/col_late_translate1blue.jpg,77,11804,lh_ll_unlink_plinko_0091,1,False,1,assets/targets/lh_ll_unlink_plinko_0060/nocol_baseblue.jpg,nocol_translate,assets/targets/lh_ll_unlink_plinko_0060/nocol_translate1red.jpg,50,4511,lh_ll_unlink_plinko_0060,-1,False,1,assets/targets/hh_hl_unlink_plinko_0105/maybecol_baseblue.jpg,maybecol_translate,assets/targets/hh_hl_unlink_plinko_0105/maybecol_translate1red.jpg,88,7824,hh_hl_unlink_plinko_0105,1,True,1,assets/targets/hh_hl_unlink_plinko_0202/col_early_baseblue.jpg,col_early_translate,assets/targets/hh_hl_unlink_plinko_0202/col_early_translate1red.jpg,86,8616,hh_hl_unlink_plinko_0202,1,True,574cca765e5491000f3c89e0
162,0,assets/targets/lh_ll_unlink_plinko_0155/col_early_basered.jpg,col_early_translate,assets/targets/lh_ll_unlink_plinko_0155/col_early_translate1blue.jpg,87,11285,lh_ll_unlink_plinko_0155,1,False,0,assets/targets/lh_ll_unlink_plinko_0217/nocol_basered.jpg,nocol_translate,assets/targets/lh_ll_unlink_plinko_0217/nocol_translate1blue.jpg,32,16779,lh_ll_unlink_plinko_0217,0,True,0,assets/targets/lh_hl_unlink_plinko_0049/nocol_basered.jpg,nocol_translate,assets/targets/lh_hl_unlink_plinko_0049/nocol_translate1blue.jpg,55,4457,lh_hl_unlink_plinko_0049,1,False,1,assets/targets/hh_hl_unlink_plinko_0269/nocol_baseblue.jpg,nocol_translate,assets/targets/hh_hl_unlink_plinko_0269/nocol_translate1red.jpg,69,80318,hh_hl_unlink_plinko_0269,1,True,1,assets/targets/lh_hl_unlink_plinko_0111/col_late_baseblue.jpg,col_late_translate,assets/targets/lh_hl_unlink_plinko_0111/col_late_translate1red.jpg,76,14981,lh_hl_unlink_plinko_0111,1,True,0,assets/targets/hh_hl_unlink_plinko_0252/maybecol_basered.jpg,maybecol_translate,assets/targets/hh_hl_unlink_plinko_0252/maybecol_translateblue.jpg,72,18524,hh_hl_unlink_plinko_0252,1,False,0,assets/targets/hh_hl_unlink_plinko_0202/col_early_basered.jpg,col_early_translate,assets/targets/hh_hl_unlink_plinko_0202/col_early_translateblue.jpg,22,5745,hh_hl_unlink_plinko_0202,0,True,1,assets/targets/hh_hl_unlink_plinko_0315/nocol_baseblue.jpg,nocol_translate,assets/targets/hh_hl_unlink_plinko_0315/nocol_translate1red.jpg,18,3787,hh_hl_unlink_plinko_0315,0,False,1,assets/targets/lh_hl_unlink_plinko_0036/col_late_baseblue.jpg,col_late_translate,assets/targets/lh_hl_unlink_plinko_0036/col_late_translate1red.jpg,94,7261,lh_hl_unlink_plinko_0036,1,True,1,assets/targets/hh_hl_unlink_plinko_0240/maybecol_baseblue.jpg,maybecol_translate,assets/targets/hh_hl_unlink_plinko_0240/maybecol_translate1red.jpg,81,3615,hh_hl_unlink_plinko_0240,1,True,0,assets/targets/hh_hl_unlink_plinko_0105/maybecol_basered.jpg,maybecol_translate,assets/targets/hh_hl_unlink_plinko_0105/maybecol_translateblue.jpg,67,14926,hh_hl_unlink_plinko_0105,1,False,0,assets/targets/lh_ll_unlink_plinko_0060/col_late_basered.jpg,col_late_translate,assets/targets/lh_ll_unlink_plinko_0060/col_late_translateblue.jpg,72,4200,lh_ll_unlink_plinko_0060,1,False,0,assets/targets/lh_hl_unlink_plinko_0111/col_late_basered.jpg,col_late_translate,assets/targets/lh_hl_unlink_plinko_0111/col_late_translateblue.jpg,75,35667,lh_hl_unlink_plinko_0111,1,False,0,assets/targets/hh_hl_unlink_plinko_0105/maybecol_basered.jpg,maybecol_translate,assets/targets/hh_hl_unlink_plinko_0105/maybecol_translate1blue.jpg,20,3563,hh_hl_unlink_plinko_0105,0,True,0,assets/targets/hh_hl_unlink_plinko_0246/col_early_basered.jpg,col_early_translate,assets/targets/hh_hl_unlink_plinko_0246/col_early_translate1blue.jpg,81,37308,hh_hl_unlink_plinko_0246,1,False,1,assets/targets/lh_ll_unlink_plinko_0091/col_early_baseblue.jpg,col_early_translate,assets/targets/lh_ll_unlink_plinko_0091/col_early_translate1red.jpg,70,5920,lh_ll_unlink_plinko_0091,1,True,57d6b1718e00270001b430cc
163,1,assets/targets/hh_hl_unlink_plinko_0393/maybecol_baseblue.jpg,maybecol_translate,assets/targets/hh_hl_unlink_plinko_0393/maybecol_translate1red.jpg,76,29873,hh_hl_unlink_plinko_0393,1,True,0,assets/targets/lh_ll_unlink_plinko_0217/col_early_basered.jpg,col_early_translate,assets/targets/lh_ll_unlink_plinko_0217/col_early_translate1blue.jpg,75,7667,lh_ll_unlink_plinko_0217,1,False,1,assets/targets/lh_hl_unlink_plinko_0049/col_late_baseblue.jpg,col_late_translate,assets/targets/lh_hl_unlink_plinko_0049/col_late_translate1red.jpg,54,6117,lh_hl_unlink_plinko_0049,1,True,0,assets/targets/lh_ll_unlink_plinko_0091/col_late_basered.jpg,col_late_translate,assets/targets/lh_ll_unlink_plinko_0091/col_late_translate1blue.jpg,79,4067,lh_ll_unlink_plinko_0091,1,False,0,assets/targets/hh_hl_unlink_plinko_0269/maybecol_basered.jpg,maybecol_translate,assets/targets/hh_hl_unlink_plinko_0269/maybecol_translate1blue.jpg,36,6416,hh_hl_unlink_plinko_0269,0,True,0,assets/targets/lh_hl_unlink_plinko_0036/col_early_basered.jpg,col_early_translate,assets/targets/lh_hl_unlink_plinko_0036/col_early_translate1blue.jpg,13,7049,lh_hl_unlink_plinko_0036,0,True,0,assets/targets/hh_hl_unlink_plinko_0202/maybecol_basered.jpg,maybecol_translate,assets/targets/hh_hl_unlink_plinko_0202/maybecol_translateblue.jpg,35,4683,hh_hl_unlink_plinko_0202,0,True,1,assets/targets/hh_hl_unlink_plinko_0252/col_early_baseblue.jpg,col_early_translate,assets/targets/hh_hl_unlink_plinko_0252/col_early_translate1red.jpg,11,9800,hh_hl_unlink_plinko_0252,0,False,1,assets/targets/hh_hl_unlink_plinko_0240/maybecol_baseblue.jpg,maybecol_translate,assets/targets/hh_hl_unlink_plinko_0240/maybecol_translatered.jpg,68,7628,hh_hl_unlink_plinko_0240,1,True,0,assets/targets/lh_ll_unlink_plinko_0155/col_late_basered.jpg,col_late_translate,assets/targets/lh_ll_unlink_plinko_0155/col_late_translate1blue.jpg,74,8236,lh_ll_unlink_plinko_0155,1,False,0,assets/targets/hh_hl_unlink_plinko_0105/col_early_basered.jpg,col_early_translate,assets/targets/hh_hl_unlink_plinko_0105/col_early_translate1blue.jpg,7,6409,hh_hl_unlink_plinko_0105,0,True,0,assets/targets/hh_hl_unlink_plinko_0315/nocol_basered.jpg,nocol_translate,assets/targets/hh_hl_unlink_plinko_0315/nocol_translate1blue.jpg,49,4353,hh_hl_unlink_plinko_0315,0,True,0,assets/targets/lh_hl_unlink_plinko_0110/nocol_basered.jpg,nocol_translate,assets/targets/lh_hl_unlink_plinko_0110/nocol_translate1blue.jpg,54,4120,lh_hl_unlink_plinko_0110,1,False,1,assets/targets/hh_hl_unlink_plinko_0246/nocol_baseblue.jpg,nocol_translate,assets/targets/hh_hl_unlink_plinko_0246/nocol_translatered.jpg,60,13308,hh_hl_unlink_plinko_0246,1,True,1,assets/targets/lh_hl_unlink_plinko_0111/nocol_baseblue.jpg,nocol_translate,assets/targets/lh_hl_unlink_plinko_0111/nocol_translate1red.jpg,39,3304,lh_hl_unlink_plinko_0111,0,False,1,assets/targets/lh_ll_unlink_plinko_0060/col_late_baseblue.jpg,col_late_translate,assets/targets/lh_ll_unlink_plinko_0060/col_late_translatered.jpg,83,7185,lh_ll_unlink_plinko_0060,1,True,5b15d20c444cef0001cb1153
164,0,assets/targets/hh_hl_unlink_plinko_0246/col_early_basered.jpg,col_early_translate,assets/targets/hh_hl_unlink_plinko_0246/col_early_translateblue.jpg,30,13965,hh_hl_unlink_plinko_0246,0,True,1,assets/targets/hh_hl_unlink_plinko_0246/maybecol_baseblue.jpg,maybecol_translate,assets/targets/hh_hl_unlink_plinko_0246/maybecol_translatered.jpg,29,11637,hh_hl_unlink_plinko_0246,0,False,1,assets/targets/hh_hl_unlink_plinko_0315/maybecol_baseblue.jpg,maybecol_translate,assets/targets/hh_hl_unlink_plinko_0315/maybecol_translatered.jpg,61,71490,hh_hl_unlink_plinko_0315,1,True,0,assets/targets/lh_ll_unlink_plinko_0217/nocol_basered.jpg,nocol_translate,assets/targets/lh_ll_unlink_plinko_0217/nocol_translateblue.jpg,34,6670,lh_ll_unlink_plinko_0217,0,True,1,assets/targets/lh_hl_unlink_plinko_0110/col_late_baseblue.jpg,col_late_translate,assets/targets/lh_hl_unlink_plinko_0110/col_late_translate1red.jpg,69,4101,lh_hl_unlink_plinko_0110,1,True,1,assets/targets/hh_hl_unlink_plinko_0393/col_early_baseblue.jpg,col_early_translate,assets/targets/hh_hl_unlink_plinko_0393/col_early_translatered.jpg,56,3427,hh_hl_unlink_plinko_0393,1,True,1,assets/targets/hh_hl_unlink_plinko_0202/nocol_baseblue.jpg,nocol_translate,assets/targets/hh_hl_unlink_plinko_0202/nocol_translatered.jpg,46,6845,hh_hl_unlink_plinko_0202,0,False,1,assets/targets/lh_hl_unlink_plinko_0036/col_early_baseblue.jpg,col_early_translate,assets/targets/lh_hl_unlink_plinko_0036/col_early_translatered.jpg,58,8662,lh_hl_unlink_plinko_0036,1,True,1,assets/targets/lh_hl_unlink_plinko_0049/col_late_baseblue.jpg,col_late_translate,assets/targets/lh_hl_unlink_plinko_0049/col_late_translate1red.jpg,35,11515,lh_hl_unlink_plinko_0049,0,False,1,assets/targets/lh_ll_unlink_plinko_0091/col_early_baseblue.jpg,col_early_translate,assets/targets/lh_ll_unlink_plinko_0091/col_early_translatered.jpg,67,7595,lh_ll_unlink_plinko_0091,1,True,1,assets/targets/lh_hl_unlink_plinko_0111/nocol_baseblue.jpg,nocol_translate,assets/targets/lh_hl_unlink_plinko_0111/nocol_translatered.jpg,27,4802,lh_hl_unlink_plinko_0111,0,False,0,assets/targets/lh_ll_unlink_plinko_0060/col_late_basered.jpg,col_late_translate,assets/targets/lh_ll_unlink_plinko_0060/col_late_translate1blue.jpg,44,4688,lh_ll_unlink_plinko_0060,0,True,1,assets/targets/hh_hl_unlink_plinko_0252/nocol_baseblue.jpg,nocol_translate,assets/targets/hh_hl_unlink_plinko_0252/nocol_translate1red.jpg,59,7776,hh_hl_unlink_plinko_0252,1,True,1,assets/targets/hh_hl_unlink_plinko_0240/maybecol_baseblue.jpg,maybecol_translate,assets/targets/hh_hl_unlink_plinko_0240/maybecol_translatered.jpg,38,5385,hh_hl_unlink_plinko_0240,0,False,1,assets/targets/hh_hl_unlink_plinko_0269/maybecol_baseblue.jpg,maybecol_translate,assets/targets/hh_hl_unlink_plinko_0269/maybecol_translatered.jpg,75,5117,hh_hl_unlink_plinko_0269,1,True,1,assets/targets/lh_ll_unlink_plinko_0155/col_late_baseblue.jpg,col_late_translate,assets/targets/lh_ll_unlink_plinko_0155/col_late_translatered.jpg,73,4513,lh_ll_unlink_plinko_0155,1,True,601e13b872774f263d64acac
165,0,assets/targets/lh_ll_unlink_plinko_0217/col_late_basered.jpg,col_late_translate,assets/targets/lh_ll_unlink_plinko_0217/col_late_translateblue.jpg,19,24949,lh_ll_unlink_plinko_0217,0,True,0,assets/targets/hh_hl_unlink_plinko_0269/maybecol_basered.jpg,maybecol_translate,assets/targets/hh_hl_unlink_plinko_0269/maybecol_translateblue.jpg,82,13012,hh_hl_unlink_plinko_0269,1,False,1,assets/targets/lh_hl_unlink_plinko_0110/col_early_baseblue.jpg,col_early_translate,assets/targets/lh_hl_unlink_plinko_0110/col_early_translate1red.jpg,0,8478,lh_hl_unlink_plinko_0110,0,False,0,assets/targets/lh_ll_unlink_plinko_0091/col_late_basered.jpg,col_late_translate,assets/targets/lh_ll_unlink_plinko_0091/col_late_translate1blue.jpg,0,17334,lh_ll_unlink_plinko_0091,0,True,1,assets/targets/lh_hl_unlink_plinko_0036/nocol_baseblue.jpg,nocol_translate,assets/targets/lh_hl_unlink_plinko_0036/nocol_translate1red.jpg,89,11961,lh_hl_unlink_plinko_0036,1,True,0,assets/targets/lh_hl_unlink_plinko_0110/col_late_basered.jpg,col_late_translate,assets/targets/lh_hl_unlink_plinko_0110/col_late_translateblue.jpg,9,7457,lh_hl_unlink_plinko_0110,0,True,1,assets/targets/lh_ll_unlink_plinko_0060/nocol_baseblue.jpg,nocol_translate,assets/targets/lh_ll_unlink_plinko_0060/nocol_translate1red.jpg,12,10960,lh_ll_unlink_plinko_0060,0,False,0,assets/targets/hh_hl_unlink_plinko_0202/nocol_basered.jpg,nocol_translate,assets/targets/hh_hl_unlink_plinko_0202/nocol_translate1blue.jpg,79,16212,hh_hl_unlink_plinko_0202,1,False,1,assets/targets/hh_hl_unlink_plinko_0202/col_early_baseblue.jpg,col_early_translate,assets/targets/hh_hl_unlink_plinko_0202/col_early_translate1red.jpg,89,11453,hh_hl_unlink_plinko_0202,1,True,0,assets/targets/hh_hl_unlink_plinko_0252/maybecol_basered.jpg,maybecol_translate,assets/targets/hh_hl_unlink_plinko_0252/maybecol_translateblue.jpg,0,23724,hh_hl_unlink_plinko_0252,0,True,0,assets/targets/hh_hl_unlink_plinko_0393/col_early_basered.jpg,col_early_translate,assets/targets/hh_hl_unlink_plinko_0393/col_early_translateblue.jpg,83,3474,hh_hl_unlink_plinko_0393,1,False,0,assets/targets/hh_hl_unlink_plinko_0240/nocol_basered.jpg,nocol_translate,assets/targets/hh_hl_unlink_plinko_0240/nocol_translateblue.jpg,20,4454,hh_hl_unlink_plinko_0240,0,True,1,assets/targets/hh_hl_unlink_plinko_0246/maybecol_baseblue.jpg,maybecol_translate,assets/targets/hh_hl_unlink_plinko_0246/maybecol_translatered.jpg,91,6804,hh_hl_unlink_plinko_0246,1,True,1,assets/targets/lh_hl_unlink_plinko_0049/col_early_baseblue.jpg,col_early_translate,assets/targets/lh_hl_unlink_plinko_0049/col_early_translatered.jpg,50,4376,lh_hl_unlink_plinko_0049,-1,False,1,assets/targets/hh_hl_unlink_plinko_0240/maybecol_baseblue.jpg,maybecol_translate,assets/targets/hh_hl_unlink_plinko_0240/maybecol_translatered.jpg,55,8398,hh_hl_unlink_plinko_0240,1,True,1,assets/targets/lh_ll_unlink_plinko_0155/col_late_baseblue.jpg,col_late_translate,assets/targets/lh_ll_unlink_plinko_0155/col_late_translatered.jpg,52,3863,lh_ll_unlink_plinko_0155,1,True,5cb4d453ce95710018cc99e5
166,1,assets/targets/lh_ll_unlink_plinko_0060/col_late_baseblue.jpg,col_late_translate,assets/targets/lh_ll_unlink_plinko_0060/col_late_translate1red.jpg,40,24999,lh_ll_unlink_plinko_0060,0,False,0,assets/targets/lh_ll_unlink_plinko_0155/nocol_basered.jpg,nocol_translate,assets/targets/lh_ll_unlink_plinko_0155/nocol_translateblue.jpg,44,8848,lh_ll_unlink_plinko_0155,0,True,0,assets/targets/hh_hl_unlink_plinko_0315/maybecol_basered.jpg,maybecol_translate,assets/targets/hh_hl_unlink_plinko_0315/maybecol_translate1blue.jpg,57,5537,hh_hl_unlink_plinko_0315,1,False,0,assets/targets/lh_hl_unlink_plinko_0111/col_late_basered.jpg,col_late_translate,assets/targets/lh_hl_unlink_plinko_0111/col_late_translate1blue.jpg,40,4600,lh_hl_unlink_plinko_0111,0,True,1,assets/targets/lh_hl_unlink_plinko_0049/col_early_baseblue.jpg,col_early_translate,assets/targets/lh_hl_unlink_plinko_0049/col_early_translatered.jpg,91,9635,lh_hl_unlink_plinko_0049,1,True,0,assets/targets/lh_ll_unlink_plinko_0217/col_late_basered.jpg,col_late_translate,assets/targets/lh_ll_unlink_plinko_0217/col_late_translateblue.jpg,60,4128,lh_ll_unlink_plinko_0217,1,False,1,assets/targets/lh_hl_unlink_plinko_0110/col_late_baseblue.jpg,col_late_translate,assets/targets/lh_hl_unlink_plinko_0110/col_late_translatered.jpg,34,3958,lh_hl_unlink_plinko_0110,0,False,1,assets/targets/hh_hl_unlink_plinko_0252/maybecol_baseblue.jpg,maybecol_translate,assets/targets/hh_hl_unlink_plinko_0252/maybecol_translate1red.jpg,50,7755,hh_hl_unlink_plinko_0252,-1,False,1,assets/targets/hh_hl_unlink_plinko_0393/col_early_baseblue.jpg,col_early_translate,assets/targets/hh_hl_unlink_plinko_0393/col_early_translatered.jpg,78,6555,hh_hl_unlink_plinko_0393,1,True,1,assets/targets/hh_hl_unlink_plinko_0393/nocol_baseblue.jpg,nocol_translate,assets/targets/hh_hl_unlink_plinko_0393/nocol_translatered.jpg,50,5197,hh_hl_unlink_plinko_0393,-1,False,1,assets/targets/hh_hl_unlink_plinko_0269/maybecol_baseblue.jpg,maybecol_translate,assets/targets/hh_hl_unlink_plinko_0269/maybecol_translatered.jpg,56,9025,hh_hl_unlink_plinko_0269,1,True,0,assets/targets/hh_hl_unlink_plinko_0202/col_early_basered.jpg,col_early_translate,assets/targets/hh_hl_unlink_plinko_0202/col_early_translate1blue.jpg,31,9326,hh_hl_unlink_plinko_0202,0,True,1,assets/targets/hh_hl_unlink_plinko_0105/maybecol_baseblue.jpg,maybecol_translate,assets/targets/hh_hl_unlink_plinko_0105/maybecol_translate1red.jpg,42,9383,hh_hl_unlink_plinko_0105,0,False,0,assets/targets/hh_hl_unlink_plinko_0246/nocol_basered.jpg,nocol_translate,assets/targets/hh_hl_unlink_plinko_0246/nocol_translateblue.jpg,50,3455,hh_hl_unlink_plinko_0246,-1,False,0,assets/targets/lh_ll_unlink_plinko_0091/nocol_basered.jpg,nocol_translate,assets/targets/lh_ll_unlink_plinko_0091/nocol_translateblue.jpg,50,3130,lh_ll_unlink_plinko_0091,-1,False,0,assets/targets/lh_hl_unlink_plinko_0036/col_early_basered.jpg,col_early_translate,assets/targets/lh_hl_unlink_plinko_0036/col_early_translateblue.jpg,46,7938,lh_hl_unlink_plinko_0036,0,True,631b2f98d51d9e3d6ddc87d5
167,0,assets/targets/lh_ll_unlink_plinko_0091/nocol_basered.jpg,nocol_translate,assets/targets/lh_ll_unlink_plinko_0091/nocol_translate1blue.jpg,52,32476,lh_ll_unlink_plinko_0091,1,False,1,assets/targets/hh_hl_unlink_plinko_0269/nocol_baseblue.jpg,nocol_translate,assets/targets/hh_hl_unlink_plinko_0269/nocol_translatered.jpg,47,16917,hh_hl_unlink_plinko_0269,0,False,0,assets/targets/lh_ll_unlink_plinko_0155/col_early_basered.jpg,col_early_translate,assets/targets/lh_ll_unlink_plinko_0155/col_early_translateblue.jpg,77,14422,lh_ll_unlink_plinko_0155,1,False,1,assets/targets/lh_hl_unlink_plinko_0049/nocol_baseblue.jpg,nocol_translate,assets/targets/lh_hl_unlink_plinko_0049/nocol_translatered.jpg,51,12777,lh_hl_unlink_plinko_0049,1,True,0,assets/targets/hh_hl_unlink_plinko_0202/col_early_basered.jpg,col_early_translate,assets/targets/hh_hl_unlink_plinko_0202/col_early_translateblue.jpg,8,10248,hh_hl_unlink_plinko_0202,0,True,1,assets/targets/lh_hl_unlink_plinko_0110/col_late_baseblue.jpg,col_late_translate,assets/targets/lh_hl_unlink_plinko_0110/col_late_translatered.jpg,78,10906,lh_hl_unlink_plinko_0110,1,True,0,assets/targets/hh_hl_unlink_plinko_0105/maybecol_basered.jpg,maybecol_translate,assets/targets/hh_hl_unlink_plinko_0105/maybecol_translate1blue.jpg,45,10148,hh_hl_unlink_plinko_0105,0,True,0,assets/targets/hh_hl_unlink_plinko_0393/maybecol_basered.jpg,maybecol_translate,assets/targets/hh_hl_unlink_plinko_0393/maybecol_translateblue.jpg,23,7864,hh_hl_unlink_plinko_0393,0,True,0,assets/targets/hh_hl_unlink_plinko_0240/nocol_basered.jpg,nocol_translate,assets/targets/hh_hl_unlink_plinko_0240/nocol_translateblue.jpg,49,6254,hh_hl_unlink_plinko_0240,0,True,1,assets/targets/hh_hl_unlink_plinko_0315/maybecol_baseblue.jpg,maybecol_translate,assets/targets/hh_hl_unlink_plinko_0315/maybecol_translatered.jpg,31,12610,hh_hl_unlink_plinko_0315,0,False,0,assets/targets/hh_hl_unlink_plinko_0246/maybecol_basered.jpg,maybecol_translate,assets/targets/hh_hl_unlink_plinko_0246/maybecol_translateblue.jpg,52,9893,hh_hl_unlink_plinko_0246,1,False,1,assets/targets/lh_hl_unlink_plinko_0111/col_late_baseblue.jpg,col_late_translate,assets/targets/lh_hl_unlink_plinko_0111/col_late_translatered.jpg,85,12127,lh_hl_unlink_plinko_0111,1,True,1,assets/targets/lh_ll_unlink_plinko_0217/col_late_baseblue.jpg,col_late_translate,assets/targets/lh_ll_unlink_plinko_0217/col_late_translatered.jpg,72,13772,lh_ll_unlink_plinko_0217,1,True,1,assets/targets/lh_hl_unlink_plinko_0036/col_late_baseblue.jpg,col_late_translate,assets/targets/lh_hl_unlink_plinko_0036/col_late_translatered.jpg,60,11319,lh_hl_unlink_plinko_0036,1,True,0,assets/targets/hh_hl_unlink_plinko_0252/col_early_basered.jpg,col_early_translate,assets/targets/hh_hl_unlink_plinko_0252/col_early_translate1blue.jpg,17,13222,hh_hl_unlink_plinko_0252,0,True,0,assets/targets/lh_ll_unlink_plinko_0060/col_early_basered.jpg,col_early_translate,assets/targets/lh_ll_unlink_plinko_0060/col_early_translate1blue.jpg,14,7771,lh_ll_unlink_plinko_0060,0,True,5de7d12c26dd95000b6824c5
168,0,assets/targets/hh_hl_unlink_plinko_0315/maybecol_basered.jpg,maybecol_translate,assets/targets/hh_hl_unlink_plinko_0315/maybecol_translate1blue.jpg,14,29587,hh_hl_unlink_plinko_0315,0,True,1,assets/targets/hh_hl_unlink_plinko_0269/col_early_baseblue.jpg,col_early_translate,assets/targets/hh_hl_unlink_plinko_0269/col_early_translate1red.jpg,97,7785,hh_hl_unlink_plinko_0269,1,True,1,assets/targets/lh_hl_unlink_plinko_0049/col_early_baseblue.jpg,col_early_translate,assets/targets/lh_hl_unlink_plinko_0049/col_early_translatered.jpg,100,14322,lh_hl_unlink_plinko_0049,1,True,0,assets/targets/hh_hl_unlink_plinko_0393/maybecol_basered.jpg,maybecol_translate,assets/targets/hh_hl_unlink_plinko_0393/maybecol_translateblue.jpg,26,12477,hh_hl_unlink_plinko_0393,0,True,1,assets/targets/lh_ll_unlink_plinko_0091/col_late_baseblue.jpg,col_late_translate,assets/targets/lh_ll_unlink_plinko_0091/col_late_translate1red.jpg,86,21985,lh_ll_unlink_plinko_0091,1,True,0,assets/targets/lh_hl_unlink_plinko_0036/col_late_basered.jpg,col_late_translate,assets/targets/lh_hl_unlink_plinko_0036/col_late_translate1blue.jpg,0,14724,lh_hl_unlink_plinko_0036,0,True,1,assets/targets/hh_hl_unlink_plinko_0252/nocol_baseblue.jpg,nocol_translate,assets/targets/hh_hl_unlink_plinko_0252/nocol_translatered.jpg,39,12519,hh_hl_unlink_plinko_0252,0,False,1,assets/targets/lh_ll_unlink_plinko_0217/col_late_baseblue.jpg,col_late_translate,assets/targets/lh_ll_unlink_plinko_0217/col_late_translate1red.jpg,73,11714,lh_ll_unlink_plinko_0217,1,True,1,assets/targets/lh_ll_unlink_plinko_0060/col_early_baseblue.jpg,col_early_translate,assets/targets/lh_ll_unlink_plinko_0060/col_early_translatered.jpg,80,12306,lh_ll_unlink_plinko_0060,1,True,0,assets/targets/hh_hl_unlink_plinko_0105/col_early_basered.jpg,col_early_translate,assets/targets/hh_hl_unlink_plinko_0105/col_early_translateblue.jpg,26,7279,hh_hl_unlink_plinko_0105,0,True,1,assets/targets/hh_hl_unlink_plinko_0202/nocol_baseblue.jpg,nocol_translate,assets/targets/hh_hl_unlink_plinko_0202/nocol_translatered.jpg,50,5424,hh_hl_unlink_plinko_0202,-1,False,1,assets/targets/hh_hl_unlink_plinko_0240/maybecol_baseblue.jpg,maybecol_translate,assets/targets/hh_hl_unlink_plinko_0240/maybecol_translatered.jpg,61,7874,hh_hl_unlink_plinko_0240,1,True,1,assets/targets/hh_hl_unlink_plinko_0246/maybecol_baseblue.jpg,maybecol_translate,assets/targets/hh_hl_unlink_plinko_0246/maybecol_translate1red.jpg,66,161940,hh_hl_unlink_plinko_0246,1,True,1,assets/targets/lh_hl_unlink_plinko_0111/nocol_baseblue.jpg,nocol_translate,assets/targets/lh_hl_unlink_plinko_0111/nocol_translatered.jpg,20,5646,lh_hl_unlink_plinko_0111,0,False,1,assets/targets/lh_ll_unlink_plinko_0155/nocol_baseblue.jpg,nocol_translate,assets/targets/lh_ll_unlink_plinko_0155/nocol_translate1red.jpg,9,5956,lh_ll_unlink_plinko_0155,0,False,0,assets/targets/lh_hl_unlink_plinko_0110/col_late_basered.jpg,col_late_translate,assets/targets/lh_hl_unlink_plinko_0110/col_late_translate1blue.jpg,0,10685,lh_hl_unlink_plinko_0110,0,True,5dc4919727a26736122591c2
169,0,assets/targets/hh_hl_unlink_plinko_0240/maybecol_basered.jpg,maybecol_translate,assets/targets/hh_hl_unlink_plinko_0240/maybecol_translateblue.jpg,0,21716,hh_hl_unlink_plinko_0240,0,True,1,assets/targets/hh_hl_unlink_plinko_0246/maybecol_baseblue.jpg,maybecol_translate,assets/targets/hh_hl_unlink_plinko_0246/maybecol_translate1red.jpg,100,11607,hh_hl_unlink_plinko_0246,1,True,0,assets/targets/hh_hl_unlink_plinko_0202/maybecol_basered.jpg,maybecol_translate,assets/targets/hh_hl_unlink_plinko_0202/maybecol_translateblue.jpg,22,22885,hh_hl_unlink_plinko_0202,0,True,1,assets/targets/lh_ll_unlink_plinko_0155/col_late_baseblue.jpg,col_late_translate,assets/targets/lh_ll_unlink_plinko_0155/col_late_translate1red.jpg,38,18727,lh_ll_unlink_plinko_0155,0,False,0,assets/targets/lh_hl_unlink_plinko_0049/col_late_basered.jpg,col_late_translate,assets/targets/lh_hl_unlink_plinko_0049/col_late_translateblue.jpg,0,11676,lh_hl_unlink_plinko_0049,0,True,0,assets/targets/lh_ll_unlink_plinko_0060/col_late_basered.jpg,col_late_translate,assets/targets/lh_ll_unlink_plinko_0060/col_late_translate1blue.jpg,0,13478,lh_ll_unlink_plinko_0060,0,True,0,assets/targets/lh_hl_unlink_plinko_0110/col_early_basered.jpg,col_early_translate,assets/targets/lh_hl_unlink_plinko_0110/col_early_translate1blue.jpg,0,10963,lh_hl_unlink_plinko_0110,0,True,0,assets/targets/lh_hl_unlink_plinko_0036/col_early_basered.jpg,col_early_translate,assets/targets/lh_hl_unlink_plinko_0036/col_early_translate1blue.jpg,0,9756,lh_hl_unlink_plinko_0036,0,True,0,assets/targets/lh_ll_unlink_plinko_0217/nocol_basered.jpg,nocol_translate,assets/targets/lh_ll_unlink_plinko_0217/nocol_translateblue.jpg,32,16151,lh_ll_unlink_plinko_0217,0,True,0,assets/targets/hh_hl_unlink_plinko_0393/maybecol_basered.jpg,maybecol_translate,assets/targets/hh_hl_unlink_plinko_0393/maybecol_translate1blue.jpg,36,9788,hh_hl_unlink_plinko_0393,0,True,0,assets/targets/lh_hl_unlink_plinko_0036/col_late_basered.jpg,col_late_translate,assets/targets/lh_hl_unlink_plinko_0036/col_late_translateblue.jpg,37,19212,lh_hl_unlink_plinko_0036,0,True,0,assets/targets/lh_ll_unlink_plinko_0091/nocol_basered.jpg,nocol_translate,assets/targets/lh_ll_unlink_plinko_0091/nocol_translate1blue.jpg,43,10803,lh_ll_unlink_plinko_0091,0,True,1,assets/targets/hh_hl_unlink_plinko_0269/col_early_baseblue.jpg,col_early_translate,assets/targets/hh_hl_unlink_plinko_0269/col_early_translatered.jpg,100,11722,hh_hl_unlink_plinko_0269,1,True,0,assets/targets/hh_hl_unlink_plinko_0246/nocol_basered.jpg,nocol_translate,assets/targets/hh_hl_unlink_plinko_0246/nocol_translate1blue.jpg,45,9312,hh_hl_unlink_plinko_0246,0,True,1,assets/targets/hh_hl_unlink_plinko_0315/col_early_baseblue.jpg,col_early_translate,assets/targets/hh_hl_unlink_plinko_0315/col_early_translate1red.jpg,100,10304,hh_hl_unlink_plinko_0315,1,True,1,assets/targets/hh_hl_unlink_plinko_0240/nocol_baseblue.jpg,nocol_translate,assets/targets/hh_hl_unlink_plinko_0240/nocol_translate1red.jpg,55,9367,hh_hl_unlink_plinko_0240,1,True,6272b9dfc470a51d5fa0e6ea
170,1,assets/targets/lh_ll_unlink_plinko_0091/col_late_baseblue.jpg,col_late_translate,assets/targets/lh_ll_unlink_plinko_0091/col_late_translatered.jpg,25,26645,lh_ll_unlink_plinko_0091,0,False,1,assets/targets/hh_hl_unlink_plinko_0246/maybecol_baseblue.jpg,maybecol_translate,assets/targets/hh_hl_unlink_plinko_0246/maybecol_translate1red.jpg,59,7614,hh_hl_unlink_plinko_0246,1,True,0,assets/targets/hh_hl_unlink_plinko_0252/maybecol_basered.jpg,maybecol_translate,assets/targets/hh_hl_unlink_plinko_0252/maybecol_translateblue.jpg,17,7768,hh_hl_unlink_plinko_0252,0,True,0,assets/targets/lh_hl_unlink_plinko_0049/col_late_basered.jpg,col_late_translate,assets/targets/lh_hl_unlink_plinko_0049/col_late_translateblue.jpg,100,7810,lh_hl_unlink_plinko_0049,1,False,0,assets/targets/hh_hl_unlink_plinko_0315/maybecol_basered.jpg,maybecol_translate,assets/targets/hh_hl_unlink_plinko_0315/maybecol_translate1blue.jpg,83,15988,hh_hl_unlink_plinko_0315,1,False,1,assets/targets/lh_hl_unlink_plinko_0036/col_early_baseblue.jpg,col_early_translate,assets/targets/lh_hl_unlink_plinko_0036/col_early_translate1red.jpg,100,8090,lh_hl_unlink_plinko_0036,1,True,0,assets/targets/hh_hl_unlink_plinko_0393/maybecol_basered.jpg,maybecol_translate,assets/targets/hh_hl_unlink_plinko_0393/maybecol_translate1blue.jpg,26,5222,hh_hl_unlink_plinko_0393,0,True,1,assets/targets/lh_ll_unlink_plinko_0060/col_late_baseblue.jpg,col_late_translate,assets/targets/lh_ll_unlink_plinko_0060/col_late_translate1red.jpg,21,5812,lh_ll_unlink_plinko_0060,0,False,1,assets/targets/lh_hl_unlink_plinko_0111/nocol_baseblue.jpg,nocol_translate,assets/targets/lh_hl_unlink_plinko_0111/nocol_translate1red.jpg,40,6312,lh_hl_unlink_plinko_0111,0,False,0,assets/targets/hh_hl_unlink_plinko_0269/col_early_basered.jpg,col_early_translate,assets/targets/hh_hl_unlink_plinko_0269/col_early_translateblue.jpg,0,6075,hh_hl_unlink_plinko_0269,0,True,1,assets/targets/hh_hl_unlink_plinko_0240/nocol_baseblue.jpg,nocol_translate,assets/targets/hh_hl_unlink_plinko_0240/nocol_translatered.jpg,70,4113,hh_hl_unlink_plinko_0240,1,True,1,assets/targets/hh_hl_unlink_plinko_0105/nocol_baseblue.jpg,nocol_translate,assets/targets/hh_hl_unlink_plinko_0105/nocol_translate1red.jpg,41,4863,hh_hl_unlink_plinko_0105,0,False,0,assets/targets/hh_hl_unlink_plinko_0202/col_early_basered.jpg,col_early_translate,assets/targets/hh_hl_unlink_plinko_0202/col_early_translateblue.jpg,0,6182,hh_hl_unlink_plinko_0202,0,True,0,assets/targets/lh_hl_unlink_plinko_0110/col_late_basered.jpg,col_late_translate,assets/targets/lh_hl_unlink_plinko_0110/col_late_translateblue.jpg,23,4732,lh_hl_unlink_plinko_0110,0,True,0,assets/targets/lh_ll_unlink_plinko_0217/nocol_basered.jpg,nocol_translate,assets/targets/lh_ll_unlink_plinko_0217/nocol_translate1blue.jpg,25,7814,lh_ll_unlink_plinko_0217,0,True,0,assets/targets/lh_ll_unlink_plinko_0155/col_early_basered.jpg,col_early_translate,assets/targets/lh_ll_unlink_plinko_0155/col_early_translate1blue.jpg,0,8965,lh_ll_unlink_plinko_0155,0,True,5ac440da9534ba0001c736da
171,0,assets/targets/hh_hl_unlink_plinko_0202/nocol_basered.jpg,nocol_translate,assets/targets/hh_hl_unlink_plinko_0202/nocol_translateblue.jpg,50,88147,hh_hl_unlink_plinko_0202,-1,False,0,assets/targets/lh_hl_unlink_plinko_0110/col_early_basered.jpg,col_early_translate,assets/targets/lh_hl_unlink_plinko_0110/col_early_translateblue.jpg,0,13847,lh_hl_unlink_plinko_0110,0,True,1,assets/targets/lh_hl_unlink_plinko_0036/col_late_baseblue.jpg,col_late_translate,assets/targets/lh_hl_unlink_plinko_0036/col_late_translatered.jpg,100,18665,lh_hl_unlink_plinko_0036,1,True,0,assets/targets/hh_hl_unlink_plinko_0240/col_early_basered.jpg,col_early_translate,assets/targets/hh_hl_unlink_plinko_0240/col_early_translateblue.jpg,0,11200,hh_hl_unlink_plinko_0240,0,True,0,assets/targets/lh_ll_unlink_plinko_0155/col_late_basered.jpg,col_late_translate,assets/targets/lh_ll_unlink_plinko_0155/col_late_translateblue.jpg,26,18781,lh_ll_unlink_plinko_0155,0,True,1,assets/targets/hh_hl_unlink_plinko_0246/nocol_baseblue.jpg,nocol_translate,assets/targets/hh_hl_unlink_plinko_0246/nocol_translate1red.jpg,50,13917,hh_hl_unlink_plinko_0246,-1,False,1,assets/targets/lh_ll_unlink_plinko_0091/col_late_baseblue.jpg,col_late_translate,assets/targets/lh_ll_unlink_plinko_0091/col_late_translate1red.jpg,100,15034,lh_ll_unlink_plinko_0091,1,True,0,assets/targets/hh_hl_unlink_plinko_0252/maybecol_basered.jpg,maybecol_translate,assets/targets/hh_hl_unlink_plinko_0252/maybecol_translate1blue.jpg,45,15495,hh_hl_unlink_plinko_0252,0,True,0,assets/targets/hh_hl_unlink_plinko_0269/maybecol_basered.jpg,maybecol_translate,assets/targets/hh_hl_unlink_plinko_0269/maybecol_translateblue.jpg,48,14071,hh_hl_unlink_plinko_0269,0,True,0,assets/targets/lh_hl_unlink_plinko_0111/col_late_basered.jpg,col_late_translate,assets/targets/lh_hl_unlink_plinko_0111/col_late_translateblue.jpg,45,19114,lh_hl_unlink_plinko_0111,0,True,0,assets/targets/hh_hl_unlink_plinko_0315/maybecol_basered.jpg,maybecol_translate,assets/targets/hh_hl_unlink_plinko_0315/maybecol_translate1blue.jpg,53,4997,hh_hl_unlink_plinko_0315,1,False,0,assets/targets/lh_ll_unlink_plinko_0060/nocol_basered.jpg,nocol_translate,assets/targets/lh_ll_unlink_plinko_0060/nocol_translateblue.jpg,48,7547,lh_ll_unlink_plinko_0060,0,True,1,assets/targets/hh_hl_unlink_plinko_0393/maybecol_baseblue.jpg,maybecol_translate,assets/targets/hh_hl_unlink_plinko_0393/maybecol_translatered.jpg,41,8878,hh_hl_unlink_plinko_0393,0,False,0,assets/targets/hh_hl_unlink_plinko_0105/col_early_basered.jpg,col_early_translate,assets/targets/hh_hl_unlink_plinko_0105/col_early_translateblue.jpg,0,8379,hh_hl_unlink_plinko_0105,0,True,0,assets/targets/lh_hl_unlink_plinko_0049/col_early_basered.jpg,col_early_translate,assets/targets/lh_hl_unlink_plinko_0049/col_early_translateblue.jpg,0,8996,lh_hl_unlink_plinko_0049,0,True,0,assets/targets/lh_ll_unlink_plinko_0217/nocol_basered.jpg,nocol_translate,assets/targets/lh_ll_unlink_plinko_0217/nocol_translateblue.jpg,54,8672,lh_ll_unlink_plinko_0217,1,False,638f6f1ebb540eedd7097e44
172,1,assets/targets/lh_hl_unlink_plinko_0036/col_late_baseblue.jpg,col_late_translate,assets/targets/lh_hl_unlink_plinko_0036/col_late_translate1red.jpg,80,44684,lh_hl_unlink_plinko_0036,1,True,1,assets/targets/hh_hl_unlink_plinko_0269/maybecol_baseblue.jpg,maybecol_translate,assets/targets/hh_hl_unlink_plinko_0269/maybecol_translate1red.jpg,88,12609,hh_hl_unlink_plinko_0269,1,True,1,assets/targets/lh_hl_unlink_plinko_0110/col_late_baseblue.jpg,col_late_translate,assets/targets/lh_hl_unlink_plinko_0110/col_late_translatered.jpg,95,22546,lh_hl_unlink_plinko_0110,1,True,0,assets/targets/lh_ll_unlink_plinko_0060/nocol_basered.jpg,nocol_translate,assets/targets/lh_ll_unlink_plinko_0060/nocol_translateblue.jpg,7,23658,lh_ll_unlink_plinko_0060,0,True,0,assets/targets/lh_hl_unlink_plinko_0111/col_early_basered.jpg,col_early_translate,assets/targets/lh_hl_unlink_plinko_0111/col_early_translateblue.jpg,2,10917,lh_hl_unlink_plinko_0111,0,True,1,assets/targets/lh_ll_unlink_plinko_0155/col_early_baseblue.jpg,col_early_translate,assets/targets/lh_ll_unlink_plinko_0155/col_early_translate1red.jpg,99,18468,lh_ll_unlink_plinko_0155,1,True,0,assets/targets/hh_hl_unlink_plinko_0393/maybecol_basered.jpg,maybecol_translate,assets/targets/hh_hl_unlink_plinko_0393/maybecol_translate1blue.jpg,55,8853,hh_hl_unlink_plinko_0393,1,False,0,assets/targets/hh_hl_unlink_plinko_0252/col_early_basered.jpg,col_early_translate,assets/targets/hh_hl_unlink_plinko_0252/col_early_translateblue.jpg,8,12706,hh_hl_unlink_plinko_0252,0,True,0,assets/targets/hh_hl_unlink_plinko_0202/maybecol_basered.jpg,maybecol_translate,assets/targets/hh_hl_unlink_plinko_0202/maybecol_translate1blue.jpg,36,12384,hh_hl_unlink_plinko_0202,0,True,0,assets/targets/hh_hl_unlink_plinko_0105/nocol_basered.jpg,nocol_translate,assets/targets/hh_hl_unlink_plinko_0105/nocol_translate1blue.jpg,21,22945,hh_hl_unlink_plinko_0105,0,True,0,assets/targets/lh_ll_unlink_plinko_0217/col_late_basered.jpg,col_late_translate,assets/targets/lh_ll_unlink_plinko_0217/col_late_translate1blue.jpg,7,12689,lh_ll_unlink_plinko_0217,0,True,1,assets/targets/lh_ll_unlink_plinko_0091/col_late_baseblue.jpg,col_late_translate,assets/targets/lh_ll_unlink_plinko_0091/col_late_translatered.jpg,65,22053,lh_ll_unlink_plinko_0091,1,True,1,assets/targets/hh_hl_unlink_plinko_0315/nocol_baseblue.jpg,nocol_translate,assets/targets/hh_hl_unlink_plinko_0315/nocol_translatered.jpg,23,15016,hh_hl_unlink_plinko_0315,0,False,1,assets/targets/hh_hl_unlink_plinko_0240/maybecol_baseblue.jpg,maybecol_translate,assets/targets/hh_hl_unlink_plinko_0240/maybecol_translatered.jpg,69,7392,hh_hl_unlink_plinko_0240,1,True,0,assets/targets/lh_hl_unlink_plinko_0049/nocol_basered.jpg,nocol_translate,assets/targets/lh_hl_unlink_plinko_0049/nocol_translateblue.jpg,51,8645,lh_hl_unlink_plinko_0049,1,False,0,assets/targets/hh_hl_unlink_plinko_0246/col_early_basered.jpg,col_early_translate,assets/targets/hh_hl_unlink_plinko_0246/col_early_translateblue.jpg,8,17544,hh_hl_unlink_plinko_0246,0,True,62795175ca262157d4c321c2
173,0,assets/targets/lh_hl_unlink_plinko_0110/col_late_basered.jpg,col_late_translate,assets/targets/lh_hl_unlink_plinko_0110/col_late_translateblue.jpg,0,19549,lh_hl_unlink_plinko_0110,0,True,1,assets/targets/hh_hl_unlink_plinko_0269/col_early_baseblue.jpg,col_early_translate,assets/targets/hh_hl_unlink_plinko_0269/col_early_translate1red.jpg,88,9132,hh_hl_unlink_plinko_0269,1,True,1,assets/targets/hh_hl_unlink_plinko_0246/nocol_baseblue.jpg,nocol_translate,assets/targets/hh_hl_unlink_plinko_0246/nocol_translate1red.jpg,10,9114,hh_hl_unlink_plinko_0246,0,False,0,assets/targets/lh_hl_unlink_plinko_0036/nocol_basered.jpg,nocol_translate,assets/targets/lh_hl_unlink_plinko_0036/nocol_translate1blue.jpg,85,8626,lh_hl_unlink_plinko_0036,1,False,1,assets/targets/lh_hl_unlink_plinko_0049/col_late_baseblue.jpg,col_late_translate,assets/targets/lh_hl_unlink_plinko_0049/col_late_translate1red.jpg,100,6873,lh_hl_unlink_plinko_0049,1,True,0,assets/targets/hh_hl_unlink_plinko_0252/nocol_basered.jpg,nocol_translate,assets/targets/hh_hl_unlink_plinko_0252/nocol_translate1blue.jpg,68,12182,hh_hl_unlink_plinko_0252,1,False,1,assets/targets/hh_hl_unlink_plinko_0202/maybecol_baseblue.jpg,maybecol_translate,assets/targets/hh_hl_unlink_plinko_0202/maybecol_translate1red.jpg,25,7776,hh_hl_unlink_plinko_0202,0,False,0,assets/targets/hh_hl_unlink_plinko_0315/col_early_basered.jpg,col_early_translate,assets/targets/hh_hl_unlink_plinko_0315/col_early_translate1blue.jpg,10,10021,hh_hl_unlink_plinko_0315,0,True,1,assets/targets/hh_hl_unlink_plinko_0105/maybecol_baseblue.jpg,maybecol_translate,assets/targets/hh_hl_unlink_plinko_0105/maybecol_translatered.jpg,54,15672,hh_hl_unlink_plinko_0105,1,True,0,assets/targets/lh_ll_unlink_plinko_0091/col_early_basered.jpg,col_early_translate,assets/targets/lh_ll_unlink_plinko_0091/col_early_translate1blue.jpg,77,9781,lh_ll_unlink_plinko_0091,1,False,1,assets/targets/hh_hl_unlink_plinko_0393/maybecol_baseblue.jpg,maybecol_translate,assets/targets/hh_hl_unlink_plinko_0393/maybecol_translate1red.jpg,60,9533,hh_hl_unlink_plinko_0393,1,True,0,assets/targets/lh_ll_unlink_plinko_0060/col_early_basered.jpg,col_early_translate,assets/targets/lh_ll_unlink_plinko_0060/col_early_translate1blue.jpg,8,11110,lh_ll_unlink_plinko_0060,0,True,1,assets/targets/lh_ll_unlink_plinko_0155/col_late_baseblue.jpg,col_late_translate,assets/targets/lh_ll_unlink_plinko_0155/col_late_translatered.jpg,27,8262,lh_ll_unlink_plinko_0155,0,False,0,assets/targets/hh_hl_unlink_plinko_0240/maybecol_basered.jpg,maybecol_translate,assets/targets/hh_hl_unlink_plinko_0240/maybecol_translate1blue.jpg,25,8387,hh_hl_unlink_plinko_0240,0,True,1,assets/targets/lh_ll_unlink_plinko_0217/col_late_baseblue.jpg,col_late_translate,assets/targets/lh_ll_unlink_plinko_0217/col_late_translate1red.jpg,57,8577,lh_ll_unlink_plinko_0217,1,True,0,assets/targets/lh_hl_unlink_plinko_0111/nocol_basered.jpg,nocol_translate,assets/targets/lh_hl_unlink_plinko_0111/nocol_translate1blue.jpg,61,6200,lh_hl_unlink_plinko_0111,1,False,5c2854db89f035000174b3d0
174,0,assets/targets/hh_hl_unlink_plinko_0240/col_early_basered.jpg,col_early_translate,assets/targets/hh_hl_unlink_plinko_0240/col_early_translateblue.jpg,50,105827,hh_hl_unlink_plinko_0240,-1,False,1,assets/targets/lh_ll_unlink_plinko_0091/col_late_baseblue.jpg,col_late_translate,assets/targets/lh_ll_unlink_plinko_0091/col_late_translatered.jpg,50,20615,lh_ll_unlink_plinko_0091,-1,False,0,assets/targets/hh_hl_unlink_plinko_0315/maybecol_basered.jpg,maybecol_translate,assets/targets/hh_hl_unlink_plinko_0315/maybecol_translateblue.jpg,48,28536,hh_hl_unlink_plinko_0315,0,True,1,assets/targets/lh_hl_unlink_plinko_0110/col_late_baseblue.jpg,col_late_translate,assets/targets/lh_hl_unlink_plinko_0110/col_late_translate1red.jpg,27,17631,lh_hl_unlink_plinko_0110,0,False,1,assets/targets/hh_hl_unlink_plinko_0315/maybecol_baseblue.jpg,maybecol_translate,assets/targets/hh_hl_unlink_plinko_0315/maybecol_translate1red.jpg,81,24453,hh_hl_unlink_plinko_0315,1,True,1,assets/targets/lh_ll_unlink_plinko_0155/nocol_baseblue.jpg,nocol_translate,assets/targets/lh_ll_unlink_plinko_0155/nocol_translatered.jpg,89,16306,lh_ll_unlink_plinko_0155,1,True,1,assets/targets/lh_hl_unlink_plinko_0036/col_late_baseblue.jpg,col_late_translate,assets/targets/lh_hl_unlink_plinko_0036/col_late_translatered.jpg,15,19201,lh_hl_unlink_plinko_0036,0,False,0,assets/targets/lh_ll_unlink_plinko_0060/nocol_basered.jpg,nocol_translate,assets/targets/lh_ll_unlink_plinko_0060/nocol_translate1blue.jpg,15,19324,lh_ll_unlink_plinko_0060,0,True,1,assets/targets/lh_ll_unlink_plinko_0217/col_early_baseblue.jpg,col_early_translate,assets/targets/lh_ll_unlink_plinko_0217/col_early_translate1red.jpg,86,17233,lh_ll_unlink_plinko_0217,1,True,0,assets/targets/lh_hl_unlink_plinko_0049/col_late_basered.jpg,col_late_translate,assets/targets/lh_hl_unlink_plinko_0049/col_late_translate1blue.jpg,0,19624,lh_hl_unlink_plinko_0049,0,True,0,assets/targets/hh_hl_unlink_plinko_0105/col_early_basered.jpg,col_early_translate,assets/targets/hh_hl_unlink_plinko_0105/col_early_translateblue.jpg,18,128974,hh_hl_unlink_plinko_0105,0,True,1,assets/targets/hh_hl_unlink_plinko_0246/nocol_baseblue.jpg,nocol_translate,assets/targets/hh_hl_unlink_plinko_0246/nocol_translate1red.jpg,17,10741,hh_hl_unlink_plinko_0246,0,False,1,assets/targets/lh_hl_unlink_plinko_0111/col_early_baseblue.jpg,col_early_translate,assets/targets/lh_hl_unlink_plinko_0111/col_early_translatered.jpg,50,18498,lh_hl_unlink_plinko_0111,-1,False,1,assets/targets/hh_hl_unlink_plinko_0252/maybecol_baseblue.jpg,maybecol_translate,assets/targets/hh_hl_unlink_plinko_0252/maybecol_translatered.jpg,89,18468,hh_hl_unlink_plinko_0252,1,True,0,assets/targets/hh_hl_unlink_plinko_0269/maybecol_basered.jpg,maybecol_translate,assets/targets/hh_hl_unlink_plinko_0269/maybecol_translateblue.jpg,50,7560,hh_hl_unlink_plinko_0269,-1,False,1,assets/targets/hh_hl_unlink_plinko_0202/nocol_baseblue.jpg,nocol_translate,assets/targets/hh_hl_unlink_plinko_0202/nocol_translate1red.jpg,50,13926,hh_hl_unlink_plinko_0202,-1,False,5fc2a5c0ddfca10169395662
175,0,assets/targets/lh_hl_unlink_plinko_0036/nocol_basered.jpg,nocol_translate,assets/targets/lh_hl_unlink_plinko_0036/nocol_translateblue.jpg,17,42921,lh_hl_unlink_plinko_0036,0,True,0,assets/targets/hh_hl_unlink_plinko_0315/nocol_basered.jpg,nocol_translate,assets/targets/hh_hl_unlink_plinko_0315/nocol_translate1blue.jpg,72,15667,hh_hl_unlink_plinko_0315,1,False,0,assets/targets/hh_hl_unlink_plinko_0240/maybecol_basered.jpg,maybecol_translate,assets/targets/hh_hl_unlink_plinko_0240/maybecol_translate1blue.jpg,37,9707,hh_hl_unlink_plinko_0240,0,True,0,assets/targets/hh_hl_unlink_plinko_0240/col_early_basered.jpg,col_early_translate,assets/targets/hh_hl_unlink_plinko_0240/col_early_translateblue.jpg,76,8013,hh_hl_unlink_plinko_0240,1,False,1,assets/targets/hh_hl_unlink_plinko_0269/col_early_baseblue.jpg,col_early_translate,assets/targets/hh_hl_unlink_plinko_0269/col_early_translatered.jpg,75,10346,hh_hl_unlink_plinko_0269,1,True,1,assets/targets/lh_ll_unlink_plinko_0155/nocol_baseblue.jpg,nocol_translate,assets/targets/lh_ll_unlink_plinko_0155/nocol_translate1red.jpg,79,8256,lh_ll_unlink_plinko_0155,1,True,0,assets/targets/lh_hl_unlink_plinko_0110/col_late_basered.jpg,col_late_translate,assets/targets/lh_hl_unlink_plinko_0110/col_late_translate1blue.jpg,6,16601,lh_hl_unlink_plinko_0110,0,True,1,assets/targets/hh_hl_unlink_plinko_0105/maybecol_baseblue.jpg,maybecol_translate,assets/targets/hh_hl_unlink_plinko_0105/maybecol_translatered.jpg,18,15677,hh_hl_unlink_plinko_0105,0,False,0,assets/targets/hh_hl_unlink_plinko_0252/nocol_basered.jpg,nocol_translate,assets/targets/hh_hl_unlink_plinko_0252/nocol_translateblue.jpg,86,19168,hh_hl_unlink_plinko_0252,1,False,1,assets/targets/lh_hl_unlink_plinko_0110/col_late_baseblue.jpg,col_late_translate,assets/targets/lh_hl_unlink_plinko_0110/col_late_translatered.jpg,80,17205,lh_hl_unlink_plinko_0110,1,True,1,assets/targets/lh_hl_unlink_plinko_0049/col_late_baseblue.jpg,col_late_translate,assets/targets/lh_hl_unlink_plinko_0049/col_late_translate1red.jpg,26,6810,lh_hl_unlink_plinko_0049,0,False,1,assets/targets/lh_hl_unlink_plinko_0111/col_early_baseblue.jpg,col_early_translate,assets/targets/lh_hl_unlink_plinko_0111/col_early_translatered.jpg,75,6035,lh_hl_unlink_plinko_0111,1,True,1,assets/targets/lh_hl_unlink_plinko_0111/col_early_baseblue.jpg,col_early_translate,assets/targets/lh_hl_unlink_plinko_0111/col_early_translate1red.jpg,90,8883,lh_hl_unlink_plinko_0111,1,True,1,assets/targets/lh_ll_unlink_plinko_0091/col_late_baseblue.jpg,col_late_translate,assets/targets/lh_ll_unlink_plinko_0091/col_late_translate1red.jpg,72,8994,lh_ll_unlink_plinko_0091,1,True,0,assets/targets/hh_hl_unlink_plinko_0393/maybecol_basered.jpg,maybecol_translate,assets/targets/hh_hl_unlink_plinko_0393/maybecol_translate1blue.jpg,72,10358,hh_hl_unlink_plinko_0393,1,False,0,assets/targets/hh_hl_unlink_plinko_0246/maybecol_basered.jpg,maybecol_translate,assets/targets/hh_hl_unlink_plinko_0246/maybecol_translateblue.jpg,74,7993,hh_hl_unlink_plinko_0246,1,False,6266add746005ee1ac2e801b
176,0,assets/targets/hh_hl_unlink_plinko_0240/maybecol_basered.jpg,maybecol_translate,assets/targets/hh_hl_unlink_plinko_0240/maybecol_translate1blue.jpg,81,20972,hh_hl_unlink_plinko_0240,1,False,1,assets/targets/lh_ll_unlink_plinko_0155/col_late_baseblue.jpg,col_late_translate,assets/targets/lh_ll_unlink_plinko_0155/col_late_translatered.jpg,53,7014,lh_ll_unlink_plinko_0155,1,True,0,assets/targets/hh_hl_unlink_plinko_0269/col_early_basered.jpg,col_early_translate,assets/targets/hh_hl_unlink_plinko_0269/col_early_translate1blue.jpg,28,6762,hh_hl_unlink_plinko_0269,0,True,1,assets/targets/lh_ll_unlink_plinko_0060/col_late_baseblue.jpg,col_late_translate,assets/targets/lh_ll_unlink_plinko_0060/col_late_translatered.jpg,29,7030,lh_ll_unlink_plinko_0060,0,False,1,assets/targets/hh_hl_unlink_plinko_0240/nocol_baseblue.jpg,nocol_translate,assets/targets/hh_hl_unlink_plinko_0240/nocol_translate1red.jpg,23,5603,hh_hl_unlink_plinko_0240,0,False,0,assets/targets/hh_hl_unlink_plinko_0315/maybecol_basered.jpg,maybecol_translate,assets/targets/hh_hl_unlink_plinko_0315/maybecol_translateblue.jpg,64,4949,hh_hl_unlink_plinko_0315,1,False,1,assets/targets/hh_hl_unlink_plinko_0202/col_early_baseblue.jpg,col_early_translate,assets/targets/hh_hl_unlink_plinko_0202/col_early_translate1red.jpg,67,7993,hh_hl_unlink_plinko_0202,1,True,0,assets/targets/lh_hl_unlink_plinko_0036/nocol_basered.jpg,nocol_translate,assets/targets/lh_hl_unlink_plinko_0036/nocol_translateblue.jpg,65,8160,lh_hl_unlink_plinko_0036,1,False,1,assets/targets/hh_hl_unlink_plinko_0105/maybecol_baseblue.jpg,maybecol_translate,assets/targets/hh_hl_unlink_plinko_0105/maybecol_translatered.jpg,30,6199,hh_hl_unlink_plinko_0105,0,False,1,assets/targets/lh_hl_unlink_plinko_0110/col_early_baseblue.jpg,col_early_translate,assets/targets/lh_hl_unlink_plinko_0110/col_early_translatered.jpg,83,5981,lh_hl_unlink_plinko_0110,1,True,0,assets/targets/lh_ll_unlink_plinko_0091/nocol_basered.jpg,nocol_translate,assets/targets/lh_ll_unlink_plinko_0091/nocol_translate1blue.jpg,50,5662,lh_ll_unlink_plinko_0091,-1,False,0,assets/targets/hh_hl_unlink_plinko_0246/nocol_basered.jpg,nocol_translate,assets/targets/hh_hl_unlink_plinko_0246/nocol_translate1blue.jpg,56,8725,hh_hl_unlink_plinko_0246,1,False,1,assets/targets/lh_hl_unlink_plinko_0111/col_late_baseblue.jpg,col_late_translate,assets/targets/lh_hl_unlink_plinko_0111/col_late_translatered.jpg,26,5735,lh_hl_unlink_plinko_0111,0,False,1,assets/targets/lh_hl_unlink_plinko_0049/col_early_baseblue.jpg,col_early_translate,assets/targets/lh_hl_unlink_plinko_0049/col_early_translatered.jpg,62,4290,lh_hl_unlink_plinko_0049,1,True,0,assets/targets/hh_hl_unlink_plinko_0252/maybecol_basered.jpg,maybecol_translate,assets/targets/hh_hl_unlink_plinko_0252/maybecol_translate1blue.jpg,38,5254,hh_hl_unlink_plinko_0252,0,True,0,assets/targets/lh_ll_unlink_plinko_0217/col_late_basered.jpg,col_late_translate,assets/targets/lh_ll_unlink_plinko_0217/col_late_translateblue.jpg,46,10685,lh_ll_unlink_plinko_0217,0,True,62d5c169b25535bc60fd5248
177,1,assets/targets/lh_ll_unlink_plinko_0217/col_late_baseblue.jpg,col_late_translate,assets/targets/lh_ll_unlink_plinko_0217/col_late_translate1red.jpg,25,6250,lh_ll_unlink_plinko_0217,0,False,0,assets/targets/hh_hl_unlink_plinko_0246/maybecol_basered.jpg,maybecol_translate,assets/targets/hh_hl_unlink_plinko_0246/maybecol_translate1blue.jpg,24,7629,hh_hl_unlink_plinko_0246,0,True,0,assets/targets/lh_hl_unlink_plinko_0036/nocol_basered.jpg,nocol_translate,assets/targets/lh_hl_unlink_plinko_0036/nocol_translate1blue.jpg,86,10726,lh_hl_unlink_plinko_0036,1,False,1,assets/targets/hh_hl_unlink_plinko_0315/nocol_baseblue.jpg,nocol_translate,assets/targets/hh_hl_unlink_plinko_0315/nocol_translatered.jpg,23,16262,hh_hl_unlink_plinko_0315,0,False,0,assets/targets/hh_hl_unlink_plinko_0105/nocol_basered.jpg,nocol_translate,assets/targets/hh_hl_unlink_plinko_0105/nocol_translateblue.jpg,19,11300,hh_hl_unlink_plinko_0105,0,True,1,assets/targets/lh_ll_unlink_plinko_0060/nocol_baseblue.jpg,nocol_translate,assets/targets/lh_ll_unlink_plinko_0060/nocol_translatered.jpg,20,9384,lh_ll_unlink_plinko_0060,0,False,1,assets/targets/hh_hl_unlink_plinko_0202/col_early_baseblue.jpg,col_early_translate,assets/targets/hh_hl_unlink_plinko_0202/col_early_translate1red.jpg,75,9795,hh_hl_unlink_plinko_0202,1,True,1,assets/targets/lh_hl_unlink_plinko_0111/col_late_baseblue.jpg,col_late_translate,assets/targets/lh_hl_unlink_plinko_0111/col_late_translatered.jpg,29,6887,lh_hl_unlink_plinko_0111,0,False,1,assets/targets/lh_hl_unlink_plinko_0110/col_early_baseblue.jpg,col_early_translate,assets/targets/lh_hl_unlink_plinko_0110/col_early_translatered.jpg,66,23512,lh_hl_unlink_plinko_0110,1,True,0,assets/targets/hh_hl_unlink_plinko_0269/maybecol_basered.jpg,maybecol_translate,assets/targets/hh_hl_unlink_plinko_0269/maybecol_translate1blue.jpg,77,8982,hh_hl_unlink_plinko_0269,1,False,1,assets/targets/hh_hl_unlink_plinko_0252/maybecol_baseblue.jpg,maybecol_translate,assets/targets/hh_hl_unlink_plinko_0252/maybecol_translate1red.jpg,77,9574,hh_hl_unlink_plinko_0252,1,True,0,assets/targets/hh_hl_unlink_plinko_0393/col_early_basered.jpg,col_early_translate,assets/targets/hh_hl_unlink_plinko_0393/col_early_translate1blue.jpg,20,11868,hh_hl_unlink_plinko_0393,0,True,0,assets/targets/lh_hl_unlink_plinko_0049/col_late_basered.jpg,col_late_translate,assets/targets/lh_hl_unlink_plinko_0049/col_late_translate1blue.jpg,87,9652,lh_hl_unlink_plinko_0049,1,False,1,assets/targets/lh_ll_unlink_plinko_0091/col_early_baseblue.jpg,col_early_translate,assets/targets/lh_ll_unlink_plinko_0091/col_early_translatered.jpg,17,10831,lh_ll_unlink_plinko_0091,0,False,1,assets/targets/lh_ll_unlink_plinko_0155/col_late_baseblue.jpg,col_late_translate,assets/targets/lh_ll_unlink_plinko_0155/col_late_translate1red.jpg,7,8722,lh_ll_unlink_plinko_0155,0,False,1,assets/targets/hh_hl_unlink_plinko_0393/maybecol_baseblue.jpg,maybecol_translate,assets/targets/hh_hl_unlink_plinko_0393/maybecol_translate1red.jpg,28,18708,hh_hl_unlink_plinko_0393,0,False,63d042c98e64ec1173d30ab7
178,0,assets/targets/hh_hl_unlink_plinko_0240/col_early_basered.jpg,col_early_translate,assets/targets/hh_hl_unlink_plinko_0240/col_early_translate1blue.jpg,61,20531,hh_hl_unlink_plinko_0240,1,False,0,assets/targets/hh_hl_unlink_plinko_0246/maybecol_basered.jpg,maybecol_translate,assets/targets/hh_hl_unlink_plinko_0246/maybecol_translate1blue.jpg,41,9447,hh_hl_unlink_plinko_0246,0,True,1,assets/targets/lh_ll_unlink_plinko_0155/col_late_baseblue.jpg,col_late_translate,assets/targets/lh_ll_unlink_plinko_0155/col_late_translate1red.jpg,55,7811,lh_ll_unlink_plinko_0155,1,True,1,assets/targets/hh_hl_unlink_plinko_0105/maybecol_baseblue.jpg,maybecol_translate,assets/targets/hh_hl_unlink_plinko_0105/maybecol_translatered.jpg,46,8767,hh_hl_unlink_plinko_0105,0,False,1,assets/targets/lh_hl_unlink_plinko_0049/col_late_baseblue.jpg,col_late_translate,assets/targets/lh_hl_unlink_plinko_0049/col_late_translatered.jpg,63,7109,lh_hl_unlink_plinko_0049,1,True,0,assets/targets/hh_hl_unlink_plinko_0269/maybecol_basered.jpg,maybecol_translate,assets/targets/hh_hl_unlink_plinko_0269/maybecol_translate1blue.jpg,33,26487,hh_hl_unlink_plinko_0269,0,True,1,assets/targets/hh_hl_unlink_plinko_0252/col_early_baseblue.jpg,col_early_translate,assets/targets/hh_hl_unlink_plinko_0252/col_early_translatered.jpg,89,6697,hh_hl_unlink_plinko_0252,1,True,1,assets/targets/hh_hl_unlink_plinko_0393/maybecol_baseblue.jpg,maybecol_translate,assets/targets/hh_hl_unlink_plinko_0393/maybecol_translate1red.jpg,62,5981,hh_hl_unlink_plinko_0393,1,True,1,assets/targets/lh_hl_unlink_plinko_0110/nocol_baseblue.jpg,nocol_translate,assets/targets/lh_hl_unlink_plinko_0110/nocol_translatered.jpg,44,54788,lh_hl_unlink_plinko_0110,0,False,1,assets/targets/lh_ll_unlink_plinko_0060/nocol_baseblue.jpg,nocol_translate,assets/targets/lh_ll_unlink_plinko_0060/nocol_translate1red.jpg,29,8282,lh_ll_unlink_plinko_0060,0,False,1,assets/targets/lh_hl_unlink_plinko_0036/col_late_baseblue.jpg,col_late_translate,assets/targets/lh_hl_unlink_plinko_0036/col_late_translate1red.jpg,55,5853,lh_hl_unlink_plinko_0036,1,True,0,assets/targets/hh_hl_unlink_plinko_0315/nocol_basered.jpg,nocol_translate,assets/targets/hh_hl_unlink_plinko_0315/nocol_translate1blue.jpg,77,9096,hh_hl_unlink_plinko_0315,1,False,0,assets/targets/lh_ll_unlink_plinko_0091/col_late_basered.jpg,col_late_translate,assets/targets/lh_ll_unlink_plinko_0091/col_late_translateblue.jpg,45,8533,lh_ll_unlink_plinko_0091,0,True,1,assets/targets/lh_hl_unlink_plinko_0111/col_early_baseblue.jpg,col_early_translate,assets/targets/lh_hl_unlink_plinko_0111/col_early_translatered.jpg,45,6364,lh_hl_unlink_plinko_0111,0,False,1,assets/targets/hh_hl_unlink_plinko_0202/nocol_baseblue.jpg,nocol_translate,assets/targets/hh_hl_unlink_plinko_0202/nocol_translatered.jpg,57,5920,hh_hl_unlink_plinko_0202,1,True,0,assets/targets/lh_ll_unlink_plinko_0217/col_early_basered.jpg,col_early_translate,assets/targets/lh_ll_unlink_plinko_0217/col_early_translateblue.jpg,53,6366,lh_ll_unlink_plinko_0217,1,False,63c0e1b1ee5ca75f61e3b2e1
179,1,assets/targets/lh_ll_unlink_plinko_0091/nocol_baseblue.jpg,nocol_translate,assets/targets/lh_ll_unlink_plinko_0091/nocol_translatered.jpg,72,13227,lh_ll_unlink_plinko_0091,1,True,1,assets/targets/hh_hl_unlink_plinko_0105/maybecol_baseblue.jpg,maybecol_translate,assets/targets/hh_hl_unlink_plinko_0105/maybecol_translate1red.jpg,50,5859,hh_hl_unlink_plinko_0105,-1,False,0,assets/targets/lh_ll_unlink_plinko_0155/col_late_basered.jpg,col_late_translate,assets/targets/lh_ll_unlink_plinko_0155/col_late_translate1blue.jpg,8,6601,lh_ll_unlink_plinko_0155,0,True,0,assets/targets/lh_hl_unlink_plinko_0111/nocol_basered.jpg,nocol_translate,assets/targets/lh_hl_unlink_plinko_0111/nocol_translateblue.jpg,49,13673,lh_hl_unlink_plinko_0111,0,True,0,assets/targets/hh_hl_unlink_plinko_0269/maybecol_basered.jpg,maybecol_translate,assets/targets/hh_hl_unlink_plinko_0269/maybecol_translate1blue.jpg,23,5847,hh_hl_unlink_plinko_0269,0,True,0,assets/targets/lh_ll_unlink_plinko_0060/col_late_basered.jpg,col_late_translate,assets/targets/lh_ll_unlink_plinko_0060/col_late_translateblue.jpg,81,5384,lh_ll_unlink_plinko_0060,1,False,0,assets/targets/lh_hl_unlink_plinko_0036/col_late_basered.jpg,col_late_translate,assets/targets/lh_hl_unlink_plinko_0036/col_late_translateblue.jpg,17,4348,lh_hl_unlink_plinko_0036,0,True,0,assets/targets/hh_hl_unlink_plinko_0393/nocol_basered.jpg,nocol_translate,assets/targets/hh_hl_unlink_plinko_0393/nocol_translate1blue.jpg,50,11246,hh_hl_unlink_plinko_0393,-1,False,1,assets/targets/hh_hl_unlink_plinko_0202/maybecol_baseblue.jpg,maybecol_translate,assets/targets/hh_hl_unlink_plinko_0202/maybecol_translatered.jpg,50,13063,hh_hl_unlink_plinko_0202,-1,False,1,assets/targets/lh_hl_unlink_plinko_0110/col_early_baseblue.jpg,col_early_translate,assets/targets/lh_hl_unlink_plinko_0110/col_early_translate1red.jpg,90,6004,lh_hl_unlink_plinko_0110,1,True,1,assets/targets/hh_hl_unlink_plinko_0240/col_early_baseblue.jpg,col_early_translate,assets/targets/hh_hl_unlink_plinko_0240/col_early_translate1red.jpg,85,12685,hh_hl_unlink_plinko_0240,1,True,1,assets/targets/hh_hl_unlink_plinko_0252/nocol_baseblue.jpg,nocol_translate,assets/targets/hh_hl_unlink_plinko_0252/nocol_translatered.jpg,51,4005,hh_hl_unlink_plinko_0252,1,True,1,assets/targets/hh_hl_unlink_plinko_0315/col_early_baseblue.jpg,col_early_translate,assets/targets/hh_hl_unlink_plinko_0315/col_early_translate1red.jpg,50,3542,hh_hl_unlink_plinko_0315,-1,False,0,assets/targets/hh_hl_unlink_plinko_0246/maybecol_basered.jpg,maybecol_translate,assets/targets/hh_hl_unlink_plinko_0246/maybecol_translate1blue.jpg,50,4908,hh_hl_unlink_plinko_0246,-1,False,0,assets/targets/lh_ll_unlink_plinko_0217/col_late_basered.jpg,col_late_translate,assets/targets/lh_ll_unlink_plinko_0217/col_late_translateblue.jpg,50,2913,lh_ll_unlink_plinko_0217,-1,False,0,assets/targets/lh_hl_unlink_plinko_0049/col_early_basered.jpg,col_early_translate,assets/targets/lh_hl_unlink_plinko_0049/col_early_translateblue.jpg,5,5484,lh_hl_unlink_plinko_0049,0,True,60478d729944c5000b231088
180,1,assets/targets/lh_hl_unlink_plinko_0110/col_late_baseblue.jpg,col_late_translate,assets/targets/lh_hl_unlink_plinko_0110/col_late_translatered.jpg,50,48094,lh_hl_unlink_plinko_0110,-1,False,1,assets/targets/lh_ll_unlink_plinko_0060/col_late_baseblue.jpg,col_late_translate,assets/targets/lh_ll_unlink_plinko_0060/col_late_translate1red.jpg,78,33478,lh_ll_unlink_plinko_0060,1,True,1,assets/targets/lh_ll_unlink_plinko_0091/col_late_baseblue.jpg,col_late_translate,assets/targets/lh_ll_unlink_plinko_0091/col_late_translatered.jpg,21,16136,lh_ll_unlink_plinko_0091,0,False,1,assets/targets/hh_hl_unlink_plinko_0315/col_early_baseblue.jpg,col_early_translate,assets/targets/hh_hl_unlink_plinko_0315/col_early_translate1red.jpg,50,10160,hh_hl_unlink_plinko_0315,-1,False,0,assets/targets/lh_ll_unlink_plinko_0217/col_early_basered.jpg,col_early_translate,assets/targets/lh_ll_unlink_plinko_0217/col_early_translate1blue.jpg,20,12870,lh_ll_unlink_plinko_0217,0,True,0,assets/targets/hh_hl_unlink_plinko_0202/maybecol_basered.jpg,maybecol_translate,assets/targets/hh_hl_unlink_plinko_0202/maybecol_translateblue.jpg,50,5905,hh_hl_unlink_plinko_0202,-1,False,0,assets/targets/hh_hl_unlink_plinko_0240/nocol_basered.jpg,nocol_translate,assets/targets/hh_hl_unlink_plinko_0240/nocol_translate1blue.jpg,24,12654,hh_hl_unlink_plinko_0240,0,True,0,assets/targets/hh_hl_unlink_plinko_0393/nocol_basered.jpg,nocol_translate,assets/targets/hh_hl_unlink_plinko_0393/nocol_translate1blue.jpg,50,9344,hh_hl_unlink_plinko_0393,-1,False,0,assets/targets/lh_ll_unlink_plinko_0155/col_early_basered.jpg,col_early_translate,assets/targets/lh_ll_unlink_plinko_0155/col_early_translate1blue.jpg,83,10007,lh_ll_unlink_plinko_0155,1,False,1,assets/targets/hh_hl_unlink_plinko_0269/maybecol_baseblue.jpg,maybecol_translate,assets/targets/hh_hl_unlink_plinko_0269/maybecol_translatered.jpg,24,11003,hh_hl_unlink_plinko_0269,0,False,0,assets/targets/hh_hl_unlink_plinko_0246/col_early_basered.jpg,col_early_translate,assets/targets/hh_hl_unlink_plinko_0246/col_early_translate1blue.jpg,0,10167,hh_hl_unlink_plinko_0246,0,True,1,assets/targets/hh_hl_unlink_plinko_0105/maybecol_baseblue.jpg,maybecol_translate,assets/targets/hh_hl_unlink_plinko_0105/maybecol_translate1red.jpg,50,12964,hh_hl_unlink_plinko_0105,-1,False,1,assets/targets/hh_hl_unlink_plinko_0252/maybecol_baseblue.jpg,maybecol_translate,assets/targets/hh_hl_unlink_plinko_0252/maybecol_translatered.jpg,66,10814,hh_hl_unlink_plinko_0252,1,True,1,assets/targets/lh_hl_unlink_plinko_0049/col_late_baseblue.jpg,col_late_translate,assets/targets/lh_hl_unlink_plinko_0049/col_late_translatered.jpg,18,12450,lh_hl_unlink_plinko_0049,0,False,1,assets/targets/lh_hl_unlink_plinko_0036/nocol_baseblue.jpg,nocol_translate,assets/targets/lh_hl_unlink_plinko_0036/nocol_translate1red.jpg,50,4840,lh_hl_unlink_plinko_0036,-1,False,0,assets/targets/lh_hl_unlink_plinko_0111/nocol_basered.jpg,nocol_translate,assets/targets/lh_hl_unlink_plinko_0111/nocol_translate1blue.jpg,50,5093,lh_hl_unlink_plinko_0111,-1,False,622e06e4046635b0eb64f103
181,0,assets/targets/lh_ll_unlink_plinko_0060/col_late_basered.jpg,col_late_translate,assets/targets/lh_ll_unlink_plinko_0060/col_late_translateblue.jpg,78,9628,lh_ll_unlink_plinko_0060,1,False,1,assets/targets/hh_hl_unlink_plinko_0315/maybecol_baseblue.jpg,maybecol_translate,assets/targets/hh_hl_unlink_plinko_0315/maybecol_translatered.jpg,33,9155,hh_hl_unlink_plinko_0315,0,False,0,assets/targets/lh_hl_unlink_plinko_0036/col_late_basered.jpg,col_late_translate,assets/targets/lh_hl_unlink_plinko_0036/col_late_translateblue.jpg,11,4488,lh_hl_unlink_plinko_0036,0,True,1,assets/targets/hh_hl_unlink_plinko_0252/col_early_baseblue.jpg,col_early_translate,assets/targets/hh_hl_unlink_plinko_0252/col_early_translate1red.jpg,5,6872,hh_hl_unlink_plinko_0252,0,False,1,assets/targets/hh_hl_unlink_plinko_0269/col_early_baseblue.jpg,col_early_translate,assets/targets/hh_hl_unlink_plinko_0269/col_early_translate1red.jpg,94,4950,hh_hl_unlink_plinko_0269,1,True,0,assets/targets/hh_hl_unlink_plinko_0240/maybecol_basered.jpg,maybecol_translate,assets/targets/hh_hl_unlink_plinko_0240/maybecol_translate1blue.jpg,34,7477,hh_hl_unlink_plinko_0240,0,True,0,assets/targets/lh_hl_unlink_plinko_0110/col_early_basered.jpg,col_early_translate,assets/targets/lh_hl_unlink_plinko_0110/col_early_translate1blue.jpg,7,6104,lh_hl_unlink_plinko_0110,0,True,1,assets/targets/lh_hl_unlink_plinko_0049/nocol_baseblue.jpg,nocol_translate,assets/targets/lh_hl_unlink_plinko_0049/nocol_translate1red.jpg,50,5091,lh_hl_unlink_plinko_0049,-1,False,0,assets/targets/hh_hl_unlink_plinko_0393/nocol_basered.jpg,nocol_translate,assets/targets/hh_hl_unlink_plinko_0393/nocol_translateblue.jpg,50,6477,hh_hl_unlink_plinko_0393,-1,False,0,assets/targets/hh_hl_unlink_plinko_0105/maybecol_basered.jpg,maybecol_translate,assets/targets/hh_hl_unlink_plinko_0105/maybecol_translateblue.jpg,48,3849,hh_hl_unlink_plinko_0105,0,True,1,assets/targets/lh_ll_unlink_plinko_0155/nocol_baseblue.jpg,nocol_translate,assets/targets/lh_ll_unlink_plinko_0155/nocol_translate1red.jpg,55,5897,lh_ll_unlink_plinko_0155,1,True,1,assets/targets/lh_ll_unlink_plinko_0091/col_early_baseblue.jpg,col_early_translate,assets/targets/lh_ll_unlink_plinko_0091/col_early_translatered.jpg,62,4555,lh_ll_unlink_plinko_0091,1,True,0,assets/targets/lh_hl_unlink_plinko_0111/col_late_basered.jpg,col_late_translate,assets/targets/lh_hl_unlink_plinko_0111/col_late_translate1blue.jpg,40,5462,lh_hl_unlink_plinko_0111,0,True,0,assets/targets/hh_hl_unlink_plinko_0246/maybecol_basered.jpg,maybecol_translate,assets/targets/hh_hl_unlink_plinko_0246/maybecol_translateblue.jpg,50,3321,hh_hl_unlink_plinko_0246,-1,False,1,assets/targets/hh_hl_unlink_plinko_0202/nocol_baseblue.jpg,nocol_translate,assets/targets/hh_hl_unlink_plinko_0202/nocol_translate1red.jpg,58,4070,hh_hl_unlink_plinko_0202,1,True,1,assets/targets/lh_ll_unlink_plinko_0217/col_late_baseblue.jpg,col_late_translate,assets/targets/lh_ll_unlink_plinko_0217/col_late_translatered.jpg,16,6738,lh_ll_unlink_plinko_0217,0,False,5d05417d1a34960016e7457a
182,0,assets/targets/hh_hl_unlink_plinko_0269/maybecol_basered.jpg,maybecol_translate,assets/targets/hh_hl_unlink_plinko_0269/maybecol_translate1blue.jpg,57,86826,hh_hl_unlink_plinko_0269,1,False,1,assets/targets/lh_ll_unlink_plinko_0155/nocol_baseblue.jpg,nocol_translate,assets/targets/lh_ll_unlink_plinko_0155/nocol_translate1red.jpg,27,14591,lh_ll_unlink_plinko_0155,0,False,0,assets/targets/lh_hl_unlink_plinko_0036/col_early_basered.jpg,col_early_translate,assets/targets/lh_hl_unlink_plinko_0036/col_early_translate1blue.jpg,54,9399,lh_hl_unlink_plinko_0036,1,False,0,assets/targets/lh_hl_unlink_plinko_0111/col_late_basered.jpg,col_late_translate,assets/targets/lh_hl_unlink_plinko_0111/col_late_translate1blue.jpg,59,13607,lh_hl_unlink_plinko_0111,1,False,1,assets/targets/lh_ll_unlink_plinko_0217/col_late_baseblue.jpg,col_late_translate,assets/targets/lh_ll_unlink_plinko_0217/col_late_translate1red.jpg,62,21680,lh_ll_unlink_plinko_0217,1,True,0,assets/targets/lh_hl_unlink_plinko_0049/col_late_basered.jpg,col_late_translate,assets/targets/lh_hl_unlink_plinko_0049/col_late_translateblue.jpg,22,14251,lh_hl_unlink_plinko_0049,0,True,0,assets/targets/lh_ll_unlink_plinko_0217/nocol_basered.jpg,nocol_translate,assets/targets/lh_ll_unlink_plinko_0217/nocol_translate1blue.jpg,61,14569,lh_ll_unlink_plinko_0217,1,False,0,assets/targets/hh_hl_unlink_plinko_0202/nocol_basered.jpg,nocol_translate,assets/targets/hh_hl_unlink_plinko_0202/nocol_translate1blue.jpg,53,28106,hh_hl_unlink_plinko_0202,1,False,1,assets/targets/lh_hl_unlink_plinko_0111/col_late_baseblue.jpg,col_late_translate,assets/targets/lh_hl_unlink_plinko_0111/col_late_translatered.jpg,82,9075,lh_hl_unlink_plinko_0111,1,True,0,assets/targets/hh_hl_unlink_plinko_0105/col_early_basered.jpg,col_early_translate,assets/targets/hh_hl_unlink_plinko_0105/col_early_translate1blue.jpg,72,10792,hh_hl_unlink_plinko_0105,1,False,1,assets/targets/hh_hl_unlink_plinko_0252/maybecol_baseblue.jpg,maybecol_translate,assets/targets/hh_hl_unlink_plinko_0252/maybecol_translate1red.jpg,75,8710,hh_hl_unlink_plinko_0252,1,True,1,assets/targets/hh_hl_unlink_plinko_0315/maybecol_baseblue.jpg,maybecol_translate,assets/targets/hh_hl_unlink_plinko_0315/maybecol_translate1red.jpg,66,7813,hh_hl_unlink_plinko_0315,1,True,1,assets/targets/lh_ll_unlink_plinko_0091/col_early_baseblue.jpg,col_early_translate,assets/targets/lh_ll_unlink_plinko_0091/col_early_translate1red.jpg,62,20309,lh_ll_unlink_plinko_0091,1,True,0,assets/targets/hh_hl_unlink_plinko_0105/nocol_basered.jpg,nocol_translate,assets/targets/hh_hl_unlink_plinko_0105/nocol_translate1blue.jpg,64,10121,hh_hl_unlink_plinko_0105,1,False,0,assets/targets/hh_hl_unlink_plinko_0240/col_early_basered.jpg,col_early_translate,assets/targets/hh_hl_unlink_plinko_0240/col_early_translate1blue.jpg,18,14595,hh_hl_unlink_plinko_0240,0,True,0,assets/targets/hh_hl_unlink_plinko_0393/maybecol_basered.jpg,maybecol_translate,assets/targets/hh_hl_unlink_plinko_0393/maybecol_translate1blue.jpg,66,26482,hh_hl_unlink_plinko_0393,1,False,63bd61cff50297c9332e3f39
183,1,assets/targets/lh_hl_unlink_plinko_0049/nocol_baseblue.jpg,nocol_translate,assets/targets/lh_hl_unlink_plinko_0049/nocol_translate1red.jpg,73,13494,lh_hl_unlink_plinko_0049,1,True,0,assets/targets/lh_ll_unlink_plinko_0060/col_late_basered.jpg,col_late_translate,assets/targets/lh_ll_unlink_plinko_0060/col_late_translate1blue.jpg,74,9515,lh_ll_unlink_plinko_0060,1,False,1,assets/targets/hh_hl_unlink_plinko_0246/nocol_baseblue.jpg,nocol_translate,assets/targets/hh_hl_unlink_plinko_0246/nocol_translatered.jpg,38,12275,hh_hl_unlink_plinko_0246,0,False,0,assets/targets/hh_hl_unlink_plinko_0202/maybecol_basered.jpg,maybecol_translate,assets/targets/hh_hl_unlink_plinko_0202/maybecol_translate1blue.jpg,27,8222,hh_hl_unlink_plinko_0202,0,True,0,assets/targets/hh_hl_unlink_plinko_0252/col_early_basered.jpg,col_early_translate,assets/targets/hh_hl_unlink_plinko_0252/col_early_translateblue.jpg,6,5096,hh_hl_unlink_plinko_0252,0,True,0,assets/targets/hh_hl_unlink_plinko_0269/maybecol_basered.jpg,maybecol_translate,assets/targets/hh_hl_unlink_plinko_0269/maybecol_translateblue.jpg,22,7171,hh_hl_unlink_plinko_0269,0,True,1,assets/targets/hh_hl_unlink_plinko_0315/nocol_baseblue.jpg,nocol_translate,assets/targets/hh_hl_unlink_plinko_0315/nocol_translate1red.jpg,56,10285,hh_hl_unlink_plinko_0315,1,True,0,assets/targets/lh_ll_unlink_plinko_0217/col_early_basered.jpg,col_early_translate,assets/targets/lh_ll_unlink_plinko_0217/col_early_translateblue.jpg,18,6839,lh_ll_unlink_plinko_0217,0,True,0,assets/targets/lh_ll_unlink_plinko_0091/nocol_basered.jpg,nocol_translate,assets/targets/lh_ll_unlink_plinko_0091/nocol_translateblue.jpg,50,9119,lh_ll_unlink_plinko_0091,-1,False,0,assets/targets/lh_hl_unlink_plinko_0110/col_late_basered.jpg,col_late_translate,assets/targets/lh_hl_unlink_plinko_0110/col_late_translate1blue.jpg,15,8545,lh_hl_unlink_plinko_0110,0,True,1,assets/targets/lh_hl_unlink_plinko_0036/col_early_baseblue.jpg,col_early_translate,assets/targets/lh_hl_unlink_plinko_0036/col_early_translate1red.jpg,81,4334,lh_hl_unlink_plinko_0036,1,True,0,assets/targets/hh_hl_unlink_plinko_0105/maybecol_basered.jpg,maybecol_translate,assets/targets/hh_hl_unlink_plinko_0105/maybecol_translateblue.jpg,50,7490,hh_hl_unlink_plinko_0105,-1,False,1,assets/targets/hh_hl_unlink_plinko_0393/col_early_baseblue.jpg,col_early_translate,assets/targets/hh_hl_unlink_plinko_0393/col_early_translate1red.jpg,50,7317,hh_hl_unlink_plinko_0393,-1,False,0,assets/targets/lh_hl_unlink_plinko_0111/col_late_basered.jpg,col_late_translate,assets/targets/lh_hl_unlink_plinko_0111/col_late_translateblue.jpg,36,5405,lh_hl_unlink_plinko_0111,0,True,1,assets/targets/lh_ll_unlink_plinko_0155/col_late_baseblue.jpg,col_late_translate,assets/targets/lh_ll_unlink_plinko_0155/col_late_translate1red.jpg,38,6239,lh_ll_unlink_plinko_0155,0,False,0,assets/targets/hh_hl_unlink_plinko_0393/maybecol_basered.jpg,maybecol_translate,assets/targets/hh_hl_unlink_plinko_0393/maybecol_translate1blue.jpg,62,6415,hh_hl_unlink_plinko_0393,1,False,57dd7528a0e8ce00015445fd
184,1,assets/targets/lh_hl_unlink_plinko_0036/col_early_baseblue.jpg,col_early_translate,assets/targets/lh_hl_unlink_plinko_0036/col_early_translate1red.jpg,100,49278,lh_hl_unlink_plinko_0036,1,True,1,assets/targets/hh_hl_unlink_plinko_0393/col_early_baseblue.jpg,col_early_translate,assets/targets/hh_hl_unlink_plinko_0393/col_early_translate1red.jpg,33,28130,hh_hl_unlink_plinko_0393,0,False,1,assets/targets/hh_hl_unlink_plinko_0202/col_early_baseblue.jpg,col_early_translate,assets/targets/hh_hl_unlink_plinko_0202/col_early_translate1red.jpg,100,15947,hh_hl_unlink_plinko_0202,1,True,0,assets/targets/hh_hl_unlink_plinko_0269/maybecol_basered.jpg,maybecol_translate,assets/targets/hh_hl_unlink_plinko_0269/maybecol_translateblue.jpg,63,15276,hh_hl_unlink_plinko_0269,1,False,1,assets/targets/lh_ll_unlink_plinko_0091/col_late_baseblue.jpg,col_late_translate,assets/targets/lh_ll_unlink_plinko_0091/col_late_translate1red.jpg,66,9195,lh_ll_unlink_plinko_0091,1,True,1,assets/targets/lh_ll_unlink_plinko_0155/nocol_baseblue.jpg,nocol_translate,assets/targets/lh_ll_unlink_plinko_0155/nocol_translatered.jpg,39,9273,lh_ll_unlink_plinko_0155,0,False,1,assets/targets/lh_hl_unlink_plinko_0049/nocol_baseblue.jpg,nocol_translate,assets/targets/lh_hl_unlink_plinko_0049/nocol_translate1red.jpg,66,14996,lh_hl_unlink_plinko_0049,1,True,1,assets/targets/hh_hl_unlink_plinko_0240/maybecol_baseblue.jpg,maybecol_translate,assets/targets/hh_hl_unlink_plinko_0240/maybecol_translatered.jpg,89,8712,hh_hl_unlink_plinko_0240,1,True,1,assets/targets/hh_hl_unlink_plinko_0252/maybecol_baseblue.jpg,maybecol_translate,assets/targets/hh_hl_unlink_plinko_0252/maybecol_translate1red.jpg,74,11472,hh_hl_unlink_plinko_0252,1,True,1,assets/targets/lh_hl_unlink_plinko_0110/col_early_baseblue.jpg,col_early_translate,assets/targets/lh_hl_unlink_plinko_0110/col_early_translatered.jpg,79,6178,lh_hl_unlink_plinko_0110,1,True,0,assets/targets/hh_hl_unlink_plinko_0105/nocol_basered.jpg,nocol_translate,assets/targets/hh_hl_unlink_plinko_0105/nocol_translateblue.jpg,34,13770,hh_hl_unlink_plinko_0105,0,True,0,assets/targets/lh_ll_unlink_plinko_0217/col_late_basered.jpg,col_late_translate,assets/targets/lh_ll_unlink_plinko_0217/col_late_translate1blue.jpg,16,7459,lh_ll_unlink_plinko_0217,0,True,0,assets/targets/hh_hl_unlink_plinko_0246/nocol_basered.jpg,nocol_translate,assets/targets/hh_hl_unlink_plinko_0246/nocol_translateblue.jpg,63,5375,hh_hl_unlink_plinko_0246,1,False,1,assets/targets/lh_hl_unlink_plinko_0111/col_late_baseblue.jpg,col_late_translate,assets/targets/lh_hl_unlink_plinko_0111/col_late_translate1red.jpg,89,7027,lh_hl_unlink_plinko_0111,1,True,1,assets/targets/lh_ll_unlink_plinko_0060/col_late_baseblue.jpg,col_late_translate,assets/targets/lh_ll_unlink_plinko_0060/col_late_translate1red.jpg,77,6805,lh_ll_unlink_plinko_0060,1,True,1,assets/targets/hh_hl_unlink_plinko_0315/maybecol_baseblue.jpg,maybecol_translate,assets/targets/hh_hl_unlink_plinko_0315/maybecol_translate1red.jpg,34,7589,hh_hl_unlink_plinko_0315,0,False,5f40442792000717762de583
185,0,assets/targets/hh_hl_unlink_plinko_0246/maybecol_basered.jpg,maybecol_translate,assets/targets/hh_hl_unlink_plinko_0246/maybecol_translateblue.jpg,0,18155,hh_hl_unlink_plinko_0246,0,True,1,assets/targets/hh_hl_unlink_plinko_0269/nocol_baseblue.jpg,nocol_translate,assets/targets/hh_hl_unlink_plinko_0269/nocol_translate1red.jpg,98,10484,hh_hl_unlink_plinko_0269,1,True,0,assets/targets/hh_hl_unlink_plinko_0105/maybecol_basered.jpg,maybecol_translate,assets/targets/hh_hl_unlink_plinko_0105/maybecol_translate1blue.jpg,0,9330,hh_hl_unlink_plinko_0105,0,True,1,assets/targets/hh_hl_unlink_plinko_0202/col_early_baseblue.jpg,col_early_translate,assets/targets/hh_hl_unlink_plinko_0202/col_early_translatered.jpg,100,8917,hh_hl_unlink_plinko_0202,1,True,1,assets/targets/lh_ll_unlink_plinko_0155/col_late_baseblue.jpg,col_late_translate,assets/targets/lh_ll_unlink_plinko_0155/col_late_translate1red.jpg,100,18053,lh_ll_unlink_plinko_0155,1,True,0,assets/targets/lh_hl_unlink_plinko_0049/col_late_basered.jpg,col_late_translate,assets/targets/lh_hl_unlink_plinko_0049/col_late_translate1blue.jpg,0,10105,lh_hl_unlink_plinko_0049,0,True,1,assets/targets/lh_ll_unlink_plinko_0217/col_early_baseblue.jpg,col_early_translate,assets/targets/lh_ll_unlink_plinko_0217/col_early_translate1red.jpg,100,9264,lh_ll_unlink_plinko_0217,1,True,0,assets/targets/lh_hl_unlink_plinko_0111/col_late_basered.jpg,col_late_translate,assets/targets/lh_hl_unlink_plinko_0111/col_late_translateblue.jpg,0,7863,lh_hl_unlink_plinko_0111,0,True,1,assets/targets/lh_hl_unlink_plinko_0110/col_early_baseblue.jpg,col_early_translate,assets/targets/lh_hl_unlink_plinko_0110/col_early_translatered.jpg,100,7661,lh_hl_unlink_plinko_0110,1,True,1,assets/targets/lh_hl_unlink_plinko_0036/col_late_baseblue.jpg,col_late_translate,assets/targets/lh_hl_unlink_plinko_0036/col_late_translatered.jpg,99,9430,lh_hl_unlink_plinko_0036,1,True,0,assets/targets/lh_ll_unlink_plinko_0060/nocol_basered.jpg,nocol_translate,assets/targets/lh_ll_unlink_plinko_0060/nocol_translateblue.jpg,100,8269,lh_ll_unlink_plinko_0060,1,False,0,assets/targets/lh_hl_unlink_plinko_0110/nocol_basered.jpg,nocol_translate,assets/targets/lh_hl_unlink_plinko_0110/nocol_translate1blue.jpg,4,3984,lh_hl_unlink_plinko_0110,0,True,0,assets/targets/hh_hl_unlink_plinko_0393/nocol_basered.jpg,nocol_translate,assets/targets/hh_hl_unlink_plinko_0393/nocol_translateblue.jpg,91,4083,hh_hl_unlink_plinko_0393,1,False,0,assets/targets/hh_hl_unlink_plinko_0202/col_early_basered.jpg,col_early_translate,assets/targets/hh_hl_unlink_plinko_0202/col_early_translate1blue.jpg,0,5097,hh_hl_unlink_plinko_0202,0,True,0,assets/targets/hh_hl_unlink_plinko_0240/maybecol_basered.jpg,maybecol_translate,assets/targets/hh_hl_unlink_plinko_0240/maybecol_translateblue.jpg,0,4059,hh_hl_unlink_plinko_0240,0,True,0,assets/targets/hh_hl_unlink_plinko_0252/maybecol_basered.jpg,maybecol_translate,assets/targets/hh_hl_unlink_plinko_0252/maybecol_translate1blue.jpg,100,4039,hh_hl_unlink_plinko_0252,1,False,58935d5d4d77be0001689f14
186,0,assets/targets/lh_hl_unlink_plinko_0111/col_early_basered.jpg,col_early_translate,assets/targets/lh_hl_unlink_plinko_0111/col_early_translateblue.jpg,5,24449,lh_hl_unlink_plinko_0111,0,True,0,assets/targets/hh_hl_unlink_plinko_0252/maybecol_basered.jpg,maybecol_translate,assets/targets/hh_hl_unlink_plinko_0252/maybecol_translate1blue.jpg,55,14338,hh_hl_unlink_plinko_0252,1,False,0,assets/targets/hh_hl_unlink_plinko_0393/maybecol_basered.jpg,maybecol_translate,assets/targets/hh_hl_unlink_plinko_0393/maybecol_translate1blue.jpg,62,10894,hh_hl_unlink_plinko_0393,1,False,0,assets/targets/hh_hl_unlink_plinko_0105/col_early_basered.jpg,col_early_translate,assets/targets/hh_hl_unlink_plinko_0105/col_early_translate1blue.jpg,58,11353,hh_hl_unlink_plinko_0105,1,False,1,assets/targets/hh_hl_unlink_plinko_0269/nocol_baseblue.jpg,nocol_translate,assets/targets/hh_hl_unlink_plinko_0269/nocol_translatered.jpg,66,10841,hh_hl_unlink_plinko_0269,1,True,0,assets/targets/hh_hl_unlink_plinko_0246/maybecol_basered.jpg,maybecol_translate,assets/targets/hh_hl_unlink_plinko_0246/maybecol_translateblue.jpg,35,9273,hh_hl_unlink_plinko_0246,0,True,0,assets/targets/lh_ll_unlink_plinko_0217/col_early_basered.jpg,col_early_translate,assets/targets/lh_ll_unlink_plinko_0217/col_early_translateblue.jpg,80,7099,lh_ll_unlink_plinko_0217,1,False,0,assets/targets/hh_hl_unlink_plinko_0315/maybecol_basered.jpg,maybecol_translate,assets/targets/hh_hl_unlink_plinko_0315/maybecol_translate1blue.jpg,27,5891,hh_hl_unlink_plinko_0315,0,True,1,assets/targets/lh_hl_unlink_plinko_0036/col_late_baseblue.jpg,col_late_translate,assets/targets/lh_hl_unlink_plinko_0036/col_late_translate1red.jpg,72,7249,lh_hl_unlink_plinko_0036,1,True,0,assets/targets/hh_hl_unlink_plinko_0202/col_early_basered.jpg,col_early_translate,assets/targets/hh_hl_unlink_plinko_0202/col_early_translateblue.jpg,29,11782,hh_hl_unlink_plinko_0202,0,True,1,assets/targets/lh_ll_unlink_plinko_0060/col_late_baseblue.jpg,col_late_translate,assets/targets/lh_ll_unlink_plinko_0060/col_late_translatered.jpg,69,13778,lh_ll_unlink_plinko_0060,1,True,0,assets/targets/lh_hl_unlink_plinko_0110/col_late_basered.jpg,col_late_translate,assets/targets/lh_hl_unlink_plinko_0110/col_late_translate1blue.jpg,18,6405,lh_hl_unlink_plinko_0110,0,True,1,assets/targets/lh_ll_unlink_plinko_0155/nocol_baseblue.jpg,nocol_translate,assets/targets/lh_ll_unlink_plinko_0155/nocol_translatered.jpg,41,9239,lh_ll_unlink_plinko_0155,0,False,0,assets/targets/lh_hl_unlink_plinko_0049/nocol_basered.jpg,nocol_translate,assets/targets/lh_hl_unlink_plinko_0049/nocol_translateblue.jpg,55,6135,lh_hl_unlink_plinko_0049,1,False,1,assets/targets/hh_hl_unlink_plinko_0240/nocol_baseblue.jpg,nocol_translate,assets/targets/hh_hl_unlink_plinko_0240/nocol_translatered.jpg,56,5657,hh_hl_unlink_plinko_0240,1,True,1,assets/targets/lh_ll_unlink_plinko_0091/col_late_baseblue.jpg,col_late_translate,assets/targets/lh_ll_unlink_plinko_0091/col_late_translate1red.jpg,30,6324,lh_ll_unlink_plinko_0091,0,False,6267ec348d99cc16e7beb7f7
187,1,assets/targets/hh_hl_unlink_plinko_0202/maybecol_baseblue.jpg,maybecol_translate,assets/targets/hh_hl_unlink_plinko_0202/maybecol_translate1red.jpg,28,13807,hh_hl_unlink_plinko_0202,0,False,1,assets/targets/lh_hl_unlink_plinko_0110/col_late_baseblue.jpg,col_late_translate,assets/targets/lh_hl_unlink_plinko_0110/col_late_translatered.jpg,100,8805,lh_hl_unlink_plinko_0110,1,True,1,assets/targets/lh_ll_unlink_plinko_0155/nocol_baseblue.jpg,nocol_translate,assets/targets/lh_ll_unlink_plinko_0155/nocol_translate1red.jpg,69,4617,lh_ll_unlink_plinko_0155,1,True,1,assets/targets/hh_hl_unlink_plinko_0393/maybecol_baseblue.jpg,maybecol_translate,assets/targets/hh_hl_unlink_plinko_0393/maybecol_translatered.jpg,87,21248,hh_hl_unlink_plinko_0393,1,True,0,assets/targets/lh_hl_unlink_plinko_0049/col_early_basered.jpg,col_early_translate,assets/targets/lh_hl_unlink_plinko_0049/col_early_translate1blue.jpg,3,10462,lh_hl_unlink_plinko_0049,0,True,1,assets/targets/hh_hl_unlink_plinko_0252/maybecol_baseblue.jpg,maybecol_translate,assets/targets/hh_hl_unlink_plinko_0252/maybecol_translate1red.jpg,85,7292,hh_hl_unlink_plinko_0252,1,True,0,assets/targets/lh_ll_unlink_plinko_0217/nocol_basered.jpg,nocol_translate,assets/targets/lh_ll_unlink_plinko_0217/nocol_translate1blue.jpg,34,6757,lh_ll_unlink_plinko_0217,0,True,0,assets/targets/lh_hl_unlink_plinko_0036/col_late_basered.jpg,col_late_translate,assets/targets/lh_hl_unlink_plinko_0036/col_late_translate1blue.jpg,2,20853,lh_hl_unlink_plinko_0036,0,True,0,assets/targets/lh_hl_unlink_plinko_0111/col_early_basered.jpg,col_early_translate,assets/targets/lh_hl_unlink_plinko_0111/col_early_translate1blue.jpg,5,6251,lh_hl_unlink_plinko_0111,0,True,0,assets/targets/hh_hl_unlink_plinko_0246/col_early_basered.jpg,col_early_translate,assets/targets/hh_hl_unlink_plinko_0246/col_early_translate1blue.jpg,0,7660,hh_hl_unlink_plinko_0246,0,True,0,assets/targets/hh_hl_unlink_plinko_0269/nocol_basered.jpg,nocol_translate,assets/targets/hh_hl_unlink_plinko_0269/nocol_translate1blue.jpg,68,6843,hh_hl_unlink_plinko_0269,1,False,1,assets/targets/hh_hl_unlink_plinko_0105/maybecol_baseblue.jpg,maybecol_translate,assets/targets/hh_hl_unlink_plinko_0105/maybecol_translatered.jpg,77,14407,hh_hl_unlink_plinko_0105,1,True,1,assets/targets/lh_ll_unlink_plinko_0091/col_late_baseblue.jpg,col_late_translate,assets/targets/lh_ll_unlink_plinko_0091/col_late_translate1red.jpg,85,7761,lh_ll_unlink_plinko_0091,1,True,1,assets/targets/lh_ll_unlink_plinko_0060/col_late_baseblue.jpg,col_late_translate,assets/targets/lh_ll_unlink_plinko_0060/col_late_translate1red.jpg,74,8657,lh_ll_unlink_plinko_0060,1,True,1,assets/targets/hh_hl_unlink_plinko_0240/col_early_baseblue.jpg,col_early_translate,assets/targets/hh_hl_unlink_plinko_0240/col_early_translate1red.jpg,50,8497,hh_hl_unlink_plinko_0240,-1,False,1,assets/targets/hh_hl_unlink_plinko_0240/nocol_baseblue.jpg,nocol_translate,assets/targets/hh_hl_unlink_plinko_0240/nocol_translatered.jpg,56,6724,hh_hl_unlink_plinko_0240,1,True,6335bb6e084cbda6d697199f
188,0,assets/targets/hh_hl_unlink_plinko_0105/maybecol_basered.jpg,maybecol_translate,assets/targets/hh_hl_unlink_plinko_0105/maybecol_translate1blue.jpg,17,24016,hh_hl_unlink_plinko_0105,0,True,1,assets/targets/lh_ll_unlink_plinko_0217/col_late_baseblue.jpg,col_late_translate,assets/targets/lh_ll_unlink_plinko_0217/col_late_translatered.jpg,30,9952,lh_ll_unlink_plinko_0217,0,False,1,assets/targets/hh_hl_unlink_plinko_0240/maybecol_baseblue.jpg,maybecol_translate,assets/targets/hh_hl_unlink_plinko_0240/maybecol_translatered.jpg,13,7685,hh_hl_unlink_plinko_0240,0,False,0,assets/targets/hh_hl_unlink_plinko_0269/col_early_basered.jpg,col_early_translate,assets/targets/hh_hl_unlink_plinko_0269/col_early_translate1blue.jpg,80,8395,hh_hl_unlink_plinko_0269,1,False,0,assets/targets/hh_hl_unlink_plinko_0315/maybecol_basered.jpg,maybecol_translate,assets/targets/hh_hl_unlink_plinko_0315/maybecol_translate1blue.jpg,21,10145,hh_hl_unlink_plinko_0315,0,True,0,assets/targets/hh_hl_unlink_plinko_0246/maybecol_basered.jpg,maybecol_translate,assets/targets/hh_hl_unlink_plinko_0246/maybecol_translate1blue.jpg,30,12448,hh_hl_unlink_plinko_0246,0,True,1,assets/targets/lh_hl_unlink_plinko_0036/col_late_baseblue.jpg,col_late_translate,assets/targets/lh_hl_unlink_plinko_0036/col_late_translate1red.jpg,24,8808,lh_hl_unlink_plinko_0036,0,False,1,assets/targets/lh_hl_unlink_plinko_0111/col_late_baseblue.jpg,col_late_translate,assets/targets/lh_hl_unlink_plinko_0111/col_late_translatered.jpg,21,8479,lh_hl_unlink_plinko_0111,0,False,1,assets/targets/lh_ll_unlink_plinko_0060/nocol_baseblue.jpg,nocol_translate,assets/targets/lh_ll_unlink_plinko_0060/nocol_translatered.jpg,35,18146,lh_ll_unlink_plinko_0060,0,False,0,assets/targets/hh_hl_unlink_plinko_0202/nocol_basered.jpg,nocol_translate,assets/targets/hh_hl_unlink_plinko_0202/nocol_translateblue.jpg,27,8132,hh_hl_unlink_plinko_0202,0,True,0,assets/targets/lh_ll_unlink_plinko_0091/nocol_basered.jpg,nocol_translate,assets/targets/lh_ll_unlink_plinko_0091/nocol_translate1blue.jpg,80,20804,lh_ll_unlink_plinko_0091,1,False,0,assets/targets/lh_hl_unlink_plinko_0049/col_late_basered.jpg,col_late_translate,assets/targets/lh_hl_unlink_plinko_0049/col_late_translate1blue.jpg,7,9004,lh_hl_unlink_plinko_0049,0,True,0,assets/targets/lh_ll_unlink_plinko_0155/col_early_basered.jpg,col_early_translate,assets/targets/lh_ll_unlink_plinko_0155/col_early_translateblue.jpg,97,6056,lh_ll_unlink_plinko_0155,1,False,0,assets/targets/hh_hl_unlink_plinko_0315/nocol_basered.jpg,nocol_translate,assets/targets/hh_hl_unlink_plinko_0315/nocol_translate1blue.jpg,68,14441,hh_hl_unlink_plinko_0315,1,False,0,assets/targets/hh_hl_unlink_plinko_0252/col_early_basered.jpg,col_early_translate,assets/targets/hh_hl_unlink_plinko_0252/col_early_translateblue.jpg,27,5612,hh_hl_unlink_plinko_0252,0,True,0,assets/targets/lh_hl_unlink_plinko_0110/col_early_basered.jpg,col_early_translate,assets/targets/lh_hl_unlink_plinko_0110/col_early_translate1blue.jpg,12,8404,lh_hl_unlink_plinko_0110,0,True,56e03d86a3b147000ac61c4c
189,1,assets/targets/hh_hl_unlink_plinko_0315/col_early_baseblue.jpg,col_early_translate,assets/targets/hh_hl_unlink_plinko_0315/col_early_translatered.jpg,100,30384,hh_hl_unlink_plinko_0315,1,True,0,assets/targets/lh_hl_unlink_plinko_0110/col_early_basered.jpg,col_early_translate,assets/targets/lh_hl_unlink_plinko_0110/col_early_translate1blue.jpg,0,20724,lh_hl_unlink_plinko_0110,0,True,0,assets/targets/hh_hl_unlink_plinko_0246/maybecol_basered.jpg,maybecol_translate,assets/targets/hh_hl_unlink_plinko_0246/maybecol_translate1blue.jpg,0,20283,hh_hl_unlink_plinko_0246,0,True,1,assets/targets/hh_hl_unlink_plinko_0269/maybecol_baseblue.jpg,maybecol_translate,assets/targets/hh_hl_unlink_plinko_0269/maybecol_translatered.jpg,72,20672,hh_hl_unlink_plinko_0269,1,True,0,assets/targets/hh_hl_unlink_plinko_0202/maybecol_basered.jpg,maybecol_translate,assets/targets/hh_hl_unlink_plinko_0202/maybecol_translateblue.jpg,0,13919,hh_hl_unlink_plinko_0202,0,True,1,assets/targets/lh_ll_unlink_plinko_0060/nocol_baseblue.jpg,nocol_translate,assets/targets/lh_ll_unlink_plinko_0060/nocol_translatered.jpg,14,12800,lh_ll_unlink_plinko_0060,0,False,0,assets/targets/hh_hl_unlink_plinko_0105/nocol_basered.jpg,nocol_translate,assets/targets/hh_hl_unlink_plinko_0105/nocol_translate1blue.jpg,9,12165,hh_hl_unlink_plinko_0105,0,True,0,assets/targets/hh_hl_unlink_plinko_0252/nocol_basered.jpg,nocol_translate,assets/targets/hh_hl_unlink_plinko_0252/nocol_translateblue.jpg,100,58535,hh_hl_unlink_plinko_0252,1,False,1,assets/targets/lh_hl_unlink_plinko_0111/col_late_baseblue.jpg,col_late_translate,assets/targets/lh_hl_unlink_plinko_0111/col_late_translate1red.jpg,100,15982,lh_hl_unlink_plinko_0111,1,True,1,assets/targets/hh_hl_unlink_plinko_0105/maybecol_baseblue.jpg,maybecol_translate,assets/targets/hh_hl_unlink_plinko_0105/maybecol_translate1red.jpg,95,10522,hh_hl_unlink_plinko_0105,1,True,1,assets/targets/lh_ll_unlink_plinko_0091/col_late_baseblue.jpg,col_late_translate,assets/targets/lh_ll_unlink_plinko_0091/col_late_translate1red.jpg,100,16190,lh_ll_unlink_plinko_0091,1,True,0,assets/targets/lh_hl_unlink_plinko_0036/col_late_basered.jpg,col_late_translate,assets/targets/lh_hl_unlink_plinko_0036/col_late_translateblue.jpg,0,9737,lh_hl_unlink_plinko_0036,0,True,0,assets/targets/hh_hl_unlink_plinko_0240/col_early_basered.jpg,col_early_translate,assets/targets/hh_hl_unlink_plinko_0240/col_early_translate1blue.jpg,0,7887,hh_hl_unlink_plinko_0240,0,True,0,assets/targets/lh_ll_unlink_plinko_0217/col_early_basered.jpg,col_early_translate,assets/targets/lh_ll_unlink_plinko_0217/col_early_translate1blue.jpg,0,15959,lh_ll_unlink_plinko_0217,0,True,0,assets/targets/lh_ll_unlink_plinko_0155/nocol_basered.jpg,nocol_translate,assets/targets/lh_ll_unlink_plinko_0155/nocol_translateblue.jpg,0,8904,lh_ll_unlink_plinko_0155,0,True,0,assets/targets/lh_hl_unlink_plinko_0049/col_late_basered.jpg,col_late_translate,assets/targets/lh_hl_unlink_plinko_0049/col_late_translateblue.jpg,0,13198,lh_hl_unlink_plinko_0049,0,True,5c0150326a0c6e00013c6068
190,1,assets/targets/hh_hl_unlink_plinko_0105/col_early_baseblue.jpg,col_early_translate,assets/targets/hh_hl_unlink_plinko_0105/col_early_translatered.jpg,97,15689,hh_hl_unlink_plinko_0105,1,True,0,assets/targets/hh_hl_unlink_plinko_0269/maybecol_basered.jpg,maybecol_translate,assets/targets/hh_hl_unlink_plinko_0269/maybecol_translate1blue.jpg,21,9330,hh_hl_unlink_plinko_0269,0,True,0,assets/targets/hh_hl_unlink_plinko_0202/nocol_basered.jpg,nocol_translate,assets/targets/hh_hl_unlink_plinko_0202/nocol_translateblue.jpg,36,9014,hh_hl_unlink_plinko_0202,0,True,0,assets/targets/hh_hl_unlink_plinko_0240/nocol_basered.jpg,nocol_translate,assets/targets/hh_hl_unlink_plinko_0240/nocol_translateblue.jpg,34,6703,hh_hl_unlink_plinko_0240,0,True,0,assets/targets/lh_ll_unlink_plinko_0155/nocol_basered.jpg,nocol_translate,assets/targets/lh_ll_unlink_plinko_0155/nocol_translate1blue.jpg,59,16021,lh_ll_unlink_plinko_0155,1,False,0,assets/targets/lh_ll_unlink_plinko_0091/col_late_basered.jpg,col_late_translate,assets/targets/lh_ll_unlink_plinko_0091/col_late_translate1blue.jpg,17,6494,lh_ll_unlink_plinko_0091,0,True,0,assets/targets/hh_hl_unlink_plinko_0246/maybecol_basered.jpg,maybecol_translate,assets/targets/hh_hl_unlink_plinko_0246/maybecol_translateblue.jpg,59,7338,hh_hl_unlink_plinko_0246,1,False,1,assets/targets/hh_hl_unlink_plinko_0315/maybecol_baseblue.jpg,maybecol_translate,assets/targets/hh_hl_unlink_plinko_0315/maybecol_translate1red.jpg,52,4707,hh_hl_unlink_plinko_0315,1,True,1,assets/targets/lh_hl_unlink_plinko_0110/nocol_baseblue.jpg,nocol_translate,assets/targets/lh_hl_unlink_plinko_0110/nocol_translatered.jpg,36,6667,lh_hl_unlink_plinko_0110,0,False,1,assets/targets/hh_hl_unlink_plinko_0393/maybecol_baseblue.jpg,maybecol_translate,assets/targets/hh_hl_unlink_plinko_0393/maybecol_translatered.jpg,60,16767,hh_hl_unlink_plinko_0393,1,True,0,assets/targets/lh_ll_unlink_plinko_0060/col_late_basered.jpg,col_late_translate,assets/targets/lh_ll_unlink_plinko_0060/col_late_translateblue.jpg,5,10264,lh_ll_unlink_plinko_0060,0,True,1,assets/targets/lh_hl_unlink_plinko_0111/col_early_baseblue.jpg,col_early_translate,assets/targets/lh_hl_unlink_plinko_0111/col_early_translatered.jpg,96,8023,lh_hl_unlink_plinko_0111,1,True,0,assets/targets/lh_hl_unlink_plinko_0049/col_early_basered.jpg,col_early_translate,assets/targets/lh_hl_unlink_plinko_0049/col_early_translateblue.jpg,6,7623,lh_hl_unlink_plinko_0049,0,True,1,assets/targets/hh_hl_unlink_plinko_0252/col_early_baseblue.jpg,col_early_translate,assets/targets/hh_hl_unlink_plinko_0252/col_early_translate1red.jpg,72,9629,hh_hl_unlink_plinko_0252,1,True,1,assets/targets/lh_ll_unlink_plinko_0217/col_late_baseblue.jpg,col_late_translate,assets/targets/lh_ll_unlink_plinko_0217/col_late_translatered.jpg,74,7908,lh_ll_unlink_plinko_0217,1,True,0,assets/targets/lh_hl_unlink_plinko_0036/col_late_basered.jpg,col_late_translate,assets/targets/lh_hl_unlink_plinko_0036/col_late_translate1blue.jpg,27,6087,lh_hl_unlink_plinko_0036,0,True,56e6a66af6ed900006a5867c
191,1,assets/targets/lh_ll_unlink_plinko_0060/col_late_baseblue.jpg,col_late_translate,assets/targets/lh_ll_unlink_plinko_0060/col_late_translate1red.jpg,81,24436,lh_ll_unlink_plinko_0060,1,True,0,assets/targets/hh_hl_unlink_plinko_0393/col_early_basered.jpg,col_early_translate,assets/targets/hh_hl_unlink_plinko_0393/col_early_translate1blue.jpg,8,11062,hh_hl_unlink_plinko_0393,0,True,1,assets/targets/hh_hl_unlink_plinko_0105/maybecol_baseblue.jpg,maybecol_translate,assets/targets/hh_hl_unlink_plinko_0105/maybecol_translatered.jpg,63,9328,hh_hl_unlink_plinko_0105,1,True,0,assets/targets/lh_ll_unlink_plinko_0217/col_late_basered.jpg,col_late_translate,assets/targets/lh_ll_unlink_plinko_0217/col_late_translateblue.jpg,34,11532,lh_ll_unlink_plinko_0217,0,True,1,assets/targets/lh_hl_unlink_plinko_0110/nocol_baseblue.jpg,nocol_translate,assets/targets/lh_hl_unlink_plinko_0110/nocol_translatered.jpg,50,6505,lh_hl_unlink_plinko_0110,-1,False,0,assets/targets/lh_hl_unlink_plinko_0111/col_late_basered.jpg,col_late_translate,assets/targets/lh_hl_unlink_plinko_0111/col_late_translateblue.jpg,45,11575,lh_hl_unlink_plinko_0111,0,True,0,assets/targets/hh_hl_unlink_plinko_0252/maybecol_basered.jpg,maybecol_translate,assets/targets/hh_hl_unlink_plinko_0252/maybecol_translate1blue.jpg,50,10000,hh_hl_unlink_plinko_0252,-1,False,1,assets/targets/lh_ll_unlink_plinko_0155/col_early_baseblue.jpg,col_early_translate,assets/targets/lh_ll_unlink_plinko_0155/col_early_translatered.jpg,46,14035,lh_ll_unlink_plinko_0155,0,False,1,assets/targets/hh_hl_unlink_plinko_0202/nocol_baseblue.jpg,nocol_translate,assets/targets/hh_hl_unlink_plinko_0202/nocol_translate1red.jpg,49,4810,hh_hl_unlink_plinko_0202,0,False,0,assets/targets/lh_ll_unlink_plinko_0091/col_early_basered.jpg,col_early_translate,assets/targets/lh_ll_unlink_plinko_0091/col_early_translate1blue.jpg,17,24175,lh_ll_unlink_plinko_0091,0,True,1,assets/targets/lh_hl_unlink_plinko_0049/nocol_baseblue.jpg,nocol_translate,assets/targets/lh_hl_unlink_plinko_0049/nocol_translate1red.jpg,50,5829,lh_hl_unlink_plinko_0049,-1,False,0,assets/targets/hh_hl_unlink_plinko_0246/nocol_basered.jpg,nocol_translate,assets/targets/hh_hl_unlink_plinko_0246/nocol_translate1blue.jpg,50,4237,hh_hl_unlink_plinko_0246,-1,False,1,assets/targets/hh_hl_unlink_plinko_0240/maybecol_baseblue.jpg,maybecol_translate,assets/targets/hh_hl_unlink_plinko_0240/maybecol_translate1red.jpg,9,9699,hh_hl_unlink_plinko_0240,0,False,1,assets/targets/lh_hl_unlink_plinko_0036/col_late_baseblue.jpg,col_late_translate,assets/targets/lh_hl_unlink_plinko_0036/col_late_translatered.jpg,81,6641,lh_hl_unlink_plinko_0036,1,True,1,assets/targets/hh_hl_unlink_plinko_0269/col_early_baseblue.jpg,col_early_translate,assets/targets/hh_hl_unlink_plinko_0269/col_early_translatered.jpg,100,7433,hh_hl_unlink_plinko_0269,1,True,0,assets/targets/hh_hl_unlink_plinko_0315/maybecol_basered.jpg,maybecol_translate,assets/targets/hh_hl_unlink_plinko_0315/maybecol_translate1blue.jpg,42,5590,hh_hl_unlink_plinko_0315,0,True,5d3b6bb933b8940001258d39
192,1,assets/targets/lh_ll_unlink_plinko_0060/nocol_baseblue.jpg,nocol_translate,assets/targets/lh_ll_unlink_plinko_0060/nocol_translate1red.jpg,50,46854,lh_ll_unlink_plinko_0060,-1,False,1,assets/targets/lh_hl_unlink_plinko_0111/col_late_baseblue.jpg,col_late_translate,assets/targets/lh_hl_unlink_plinko_0111/col_late_translatered.jpg,100,22304,lh_hl_unlink_plinko_0111,1,True,0,assets/targets/lh_hl_unlink_plinko_0036/col_late_basered.jpg,col_late_translate,assets/targets/lh_hl_unlink_plinko_0036/col_late_translate1blue.jpg,1,21697,lh_hl_unlink_plinko_0036,0,True,1,assets/targets/hh_hl_unlink_plinko_0252/maybecol_baseblue.jpg,maybecol_translate,assets/targets/hh_hl_unlink_plinko_0252/maybecol_translatered.jpg,100,49970,hh_hl_unlink_plinko_0252,1,True,1,assets/targets/hh_hl_unlink_plinko_0315/col_early_baseblue.jpg,col_early_translate,assets/targets/hh_hl_unlink_plinko_0315/col_early_translate1red.jpg,100,21863,hh_hl_unlink_plinko_0315,1,True,1,assets/targets/lh_ll_unlink_plinko_0155/col_early_baseblue.jpg,col_early_translate,assets/targets/lh_ll_unlink_plinko_0155/col_early_translate1red.jpg,100,35966,lh_ll_unlink_plinko_0155,1,True,0,assets/targets/hh_hl_unlink_plinko_0105/nocol_basered.jpg,nocol_translate,assets/targets/hh_hl_unlink_plinko_0105/nocol_translate1blue.jpg,100,55253,hh_hl_unlink_plinko_0105,1,False,1,assets/targets/hh_hl_unlink_plinko_0202/maybecol_baseblue.jpg,maybecol_translate,assets/targets/hh_hl_unlink_plinko_0202/maybecol_translatered.jpg,0,122871,hh_hl_unlink_plinko_0202,0,False,1,assets/targets/hh_hl_unlink_plinko_0246/maybecol_baseblue.jpg,maybecol_translate,assets/targets/hh_hl_unlink_plinko_0246/maybecol_translatered.jpg,100,89080,hh_hl_unlink_plinko_0246,1,True,0,assets/targets/hh_hl_unlink_plinko_0269/col_early_basered.jpg,col_early_translate,assets/targets/hh_hl_unlink_plinko_0269/col_early_translate1blue.jpg,0,147797,hh_hl_unlink_plinko_0269,0,True,0,assets/targets/lh_ll_unlink_plinko_0217/col_late_basered.jpg,col_late_translate,assets/targets/lh_ll_unlink_plinko_0217/col_late_translate1blue.jpg,0,19903,lh_ll_unlink_plinko_0217,0,True,0,assets/targets/lh_hl_unlink_plinko_0049/col_late_basered.jpg,col_late_translate,assets/targets/lh_hl_unlink_plinko_0049/col_late_translateblue.jpg,100,66918,lh_hl_unlink_plinko_0049,1,False,0,assets/targets/hh_hl_unlink_plinko_0393/nocol_basered.jpg,nocol_translate,assets/targets/hh_hl_unlink_plinko_0393/nocol_translate1blue.jpg,0,14496,hh_hl_unlink_plinko_0393,0,True,1,assets/targets/lh_hl_unlink_plinko_0110/col_early_baseblue.jpg,col_early_translate,assets/targets/lh_hl_unlink_plinko_0110/col_early_translatered.jpg,100,308582,lh_hl_unlink_plinko_0110,1,True,0,assets/targets/hh_hl_unlink_plinko_0240/maybecol_basered.jpg,maybecol_translate,assets/targets/hh_hl_unlink_plinko_0240/maybecol_translateblue.jpg,0,75616,hh_hl_unlink_plinko_0240,0,True,0,assets/targets/lh_ll_unlink_plinko_0091/nocol_basered.jpg,nocol_translate,assets/targets/lh_ll_unlink_plinko_0091/nocol_translate1blue.jpg,100,11734,lh_ll_unlink_plinko_0091,1,False,5facc4201f33582f15dcf9bf
193,0,assets/targets/lh_ll_unlink_plinko_0155/col_early_basered.jpg,col_early_translate,assets/targets/lh_ll_unlink_plinko_0155/col_early_translateblue.jpg,44,61357,lh_ll_unlink_plinko_0155,0,True,1,assets/targets/hh_hl_unlink_plinko_0246/maybecol_baseblue.jpg,maybecol_translate,assets/targets/hh_hl_unlink_plinko_0246/maybecol_translatered.jpg,50,8167,hh_hl_unlink_plinko_0246,-1,False,0,assets/targets/lh_hl_unlink_plinko_0110/nocol_basered.jpg,nocol_translate,assets/targets/lh_hl_unlink_plinko_0110/nocol_translate1blue.jpg,51,8404,lh_hl_unlink_plinko_0110,1,False,1,assets/targets/hh_hl_unlink_plinko_0252/maybecol_baseblue.jpg,maybecol_translate,assets/targets/hh_hl_unlink_plinko_0252/maybecol_translatered.jpg,39,10286,hh_hl_unlink_plinko_0252,0,False,0,assets/targets/lh_hl_unlink_plinko_0049/col_late_basered.jpg,col_late_translate,assets/targets/lh_hl_unlink_plinko_0049/col_late_translateblue.jpg,54,9758,lh_hl_unlink_plinko_0049,1,False,1,assets/targets/lh_hl_unlink_plinko_0036/col_early_baseblue.jpg,col_early_translate,assets/targets/lh_hl_unlink_plinko_0036/col_early_translate1red.jpg,61,6730,lh_hl_unlink_plinko_0036,1,True,0,assets/targets/lh_ll_unlink_plinko_0060/col_late_basered.jpg,col_late_translate,assets/targets/lh_ll_unlink_plinko_0060/col_late_translateblue.jpg,58,6537,lh_ll_unlink_plinko_0060,1,False,1,assets/targets/hh_hl_unlink_plinko_0202/maybecol_baseblue.jpg,maybecol_translate,assets/targets/hh_hl_unlink_plinko_0202/maybecol_translatered.jpg,45,6202,hh_hl_unlink_plinko_0202,0,False,0,assets/targets/hh_hl_unlink_plinko_0105/col_early_basered.jpg,col_early_translate,assets/targets/hh_hl_unlink_plinko_0105/col_early_translateblue.jpg,56,5529,hh_hl_unlink_plinko_0105,1,False,0,assets/targets/hh_hl_unlink_plinko_0393/nocol_basered.jpg,nocol_translate,assets/targets/hh_hl_unlink_plinko_0393/nocol_translate1blue.jpg,44,7188,hh_hl_unlink_plinko_0393,0,True,0,assets/targets/hh_hl_unlink_plinko_0269/col_early_basered.jpg,col_early_translate,assets/targets/hh_hl_unlink_plinko_0269/col_early_translate1blue.jpg,44,5222,hh_hl_unlink_plinko_0269,0,True,1,assets/targets/hh_hl_unlink_plinko_0240/nocol_baseblue.jpg,nocol_translate,assets/targets/hh_hl_unlink_plinko_0240/nocol_translatered.jpg,54,4892,hh_hl_unlink_plinko_0240,1,True,0,assets/targets/lh_hl_unlink_plinko_0111/nocol_basered.jpg,nocol_translate,assets/targets/lh_hl_unlink_plinko_0111/nocol_translateblue.jpg,44,5219,lh_hl_unlink_plinko_0111,0,True,1,assets/targets/lh_ll_unlink_plinko_0217/col_late_baseblue.jpg,col_late_translate,assets/targets/lh_ll_unlink_plinko_0217/col_late_translate1red.jpg,56,8445,lh_ll_unlink_plinko_0217,1,True,0,assets/targets/lh_ll_unlink_plinko_0091/col_late_basered.jpg,col_late_translate,assets/targets/lh_ll_unlink_plinko_0091/col_late_translateblue.jpg,52,9516,lh_ll_unlink_plinko_0091,1,False,1,assets/targets/hh_hl_unlink_plinko_0393/maybecol_baseblue.jpg,maybecol_translate,assets/targets/hh_hl_unlink_plinko_0393/maybecol_translate1red.jpg,55,6382,hh_hl_unlink_plinko_0393,1,True,56f2a5e0ed0cf6000691320b
194,0,assets/targets/lh_ll_unlink_plinko_0217/col_early_basered.jpg,col_early_translate,assets/targets/lh_ll_unlink_plinko_0217/col_early_translate1blue.jpg,22,15635,lh_ll_unlink_plinko_0217,0,True,1,assets/targets/hh_hl_unlink_plinko_0246/col_early_baseblue.jpg,col_early_translate,assets/targets/hh_hl_unlink_plinko_0246/col_early_translatered.jpg,25,6084,hh_hl_unlink_plinko_0246,0,False,0,assets/targets/hh_hl_unlink_plinko_0240/maybecol_basered.jpg,maybecol_translate,assets/targets/hh_hl_unlink_plinko_0240/maybecol_translateblue.jpg,43,7364,hh_hl_unlink_plinko_0240,0,True,1,assets/targets/lh_ll_unlink_plinko_0155/nocol_baseblue.jpg,nocol_translate,assets/targets/lh_ll_unlink_plinko_0155/nocol_translatered.jpg,47,7990,lh_ll_unlink_plinko_0155,0,False,1,assets/targets/lh_hl_unlink_plinko_0036/col_early_baseblue.jpg,col_early_translate,assets/targets/lh_hl_unlink_plinko_0036/col_early_translatered.jpg,45,6342,lh_hl_unlink_plinko_0036,0,False,0,assets/targets/lh_hl_unlink_plinko_0111/col_late_basered.jpg,col_late_translate,assets/targets/lh_hl_unlink_plinko_0111/col_late_translate1blue.jpg,58,5429,lh_hl_unlink_plinko_0111,1,False,0,assets/targets/lh_ll_unlink_plinko_0060/nocol_basered.jpg,nocol_translate,assets/targets/lh_ll_unlink_plinko_0060/nocol_translateblue.jpg,43,4479,lh_ll_unlink_plinko_0060,0,True,0,assets/targets/hh_hl_unlink_plinko_0315/maybecol_basered.jpg,maybecol_translate,assets/targets/hh_hl_unlink_plinko_0315/maybecol_translateblue.jpg,56,5272,hh_hl_unlink_plinko_0315,1,False,1,assets/targets/hh_hl_unlink_plinko_0269/col_early_baseblue.jpg,col_early_translate,assets/targets/hh_hl_unlink_plinko_0269/col_early_translatered.jpg,36,5424,hh_hl_unlink_plinko_0269,0,False,1,assets/targets/hh_hl_unlink_plinko_0252/nocol_baseblue.jpg,nocol_translate,assets/targets/hh_hl_unlink_plinko_0252/nocol_translatered.jpg,39,4450,hh_hl_unlink_plinko_0252,0,False,0,assets/targets/lh_hl_unlink_plinko_0110/col_late_basered.jpg,col_late_translate,assets/targets/lh_hl_unlink_plinko_0110/col_late_translateblue.jpg,40,6403,lh_hl_unlink_plinko_0110,0,True,1,assets/targets/hh_hl_unlink_plinko_0315/maybecol_baseblue.jpg,maybecol_translate,assets/targets/hh_hl_unlink_plinko_0315/maybecol_translate1red.jpg,37,15378,hh_hl_unlink_plinko_0315,0,False,0,assets/targets/hh_hl_unlink_plinko_0202/nocol_basered.jpg,nocol_translate,assets/targets/hh_hl_unlink_plinko_0202/nocol_translateblue.jpg,35,6205,hh_hl_unlink_plinko_0202,0,True,0,assets/targets/lh_hl_unlink_plinko_0049/col_late_basered.jpg,col_late_translate,assets/targets/lh_hl_unlink_plinko_0049/col_late_translate1blue.jpg,35,4525,lh_hl_unlink_plinko_0049,0,True,0,assets/targets/hh_hl_unlink_plinko_0105/maybecol_basered.jpg,maybecol_translate,assets/targets/hh_hl_unlink_plinko_0105/maybecol_translateblue.jpg,65,3887,hh_hl_unlink_plinko_0105,1,False,0,assets/targets/lh_ll_unlink_plinko_0091/col_late_basered.jpg,col_late_translate,assets/targets/lh_ll_unlink_plinko_0091/col_late_translate1blue.jpg,59,4565,lh_ll_unlink_plinko_0091,1,False,5f29aed2c46fc6118f5980c3
195,1,assets/targets/lh_ll_unlink_plinko_0217/col_late_baseblue.jpg,col_late_translate,assets/targets/lh_ll_unlink_plinko_0217/col_late_translate1red.jpg,93,25609,lh_ll_unlink_plinko_0217,1,True,0,assets/targets/hh_hl_unlink_plinko_0252/maybecol_basered.jpg,maybecol_translate,assets/targets/hh_hl_unlink_plinko_0252/maybecol_translateblue.jpg,50,14078,hh_hl_unlink_plinko_0252,-1,False,1,assets/targets/lh_ll_unlink_plinko_0060/col_late_baseblue.jpg,col_late_translate,assets/targets/lh_ll_unlink_plinko_0060/col_late_translate1red.jpg,15,9327,lh_ll_unlink_plinko_0060,0,False,0,assets/targets/hh_hl_unlink_plinko_0246/col_early_basered.jpg,col_early_translate,assets/targets/hh_hl_unlink_plinko_0246/col_early_translate1blue.jpg,24,8124,hh_hl_unlink_plinko_0246,0,True,1,assets/targets/lh_hl_unlink_plinko_0036/nocol_baseblue.jpg,nocol_translate,assets/targets/lh_hl_unlink_plinko_0036/nocol_translatered.jpg,77,8733,lh_hl_unlink_plinko_0036,1,True,1,assets/targets/lh_ll_unlink_plinko_0091/col_late_baseblue.jpg,col_late_translate,assets/targets/lh_ll_unlink_plinko_0091/col_late_translatered.jpg,18,7521,lh_ll_unlink_plinko_0091,0,False,0,assets/targets/hh_hl_unlink_plinko_0240/nocol_basered.jpg,nocol_translate,assets/targets/hh_hl_unlink_plinko_0240/nocol_translateblue.jpg,81,9138,hh_hl_unlink_plinko_0240,1,False,0,assets/targets/lh_ll_unlink_plinko_0155/col_early_basered.jpg,col_early_translate,assets/targets/lh_ll_unlink_plinko_0155/col_early_translate1blue.jpg,51,6670,lh_ll_unlink_plinko_0155,1,False,0,assets/targets/hh_hl_unlink_plinko_0269/col_early_basered.jpg,col_early_translate,assets/targets/hh_hl_unlink_plinko_0269/col_early_translateblue.jpg,50,5458,hh_hl_unlink_plinko_0269,-1,False,1,assets/targets/lh_hl_unlink_plinko_0111/col_late_baseblue.jpg,col_late_translate,assets/targets/lh_hl_unlink_plinko_0111/col_late_translatered.jpg,50,6187,lh_hl_unlink_plinko_0111,-1,False,0,assets/targets/hh_hl_unlink_plinko_0202/nocol_basered.jpg,nocol_translate,assets/targets/hh_hl_unlink_plinko_0202/nocol_translate1blue.jpg,65,9468,hh_hl_unlink_plinko_0202,1,False,1,assets/targets/hh_hl_unlink_plinko_0315/maybecol_baseblue.jpg,maybecol_translate,assets/targets/hh_hl_unlink_plinko_0315/maybecol_translate1red.jpg,50,6515,hh_hl_unlink_plinko_0315,-1,False,1,assets/targets/hh_hl_unlink_plinko_0105/maybecol_baseblue.jpg,maybecol_translate,assets/targets/hh_hl_unlink_plinko_0105/maybecol_translatered.jpg,50,9928,hh_hl_unlink_plinko_0105,-1,False,0,assets/targets/lh_hl_unlink_plinko_0049/col_early_basered.jpg,col_early_translate,assets/targets/lh_hl_unlink_plinko_0049/col_early_translate1blue.jpg,26,6681,lh_hl_unlink_plinko_0049,0,True,0,assets/targets/hh_hl_unlink_plinko_0202/maybecol_basered.jpg,maybecol_translate,assets/targets/hh_hl_unlink_plinko_0202/maybecol_translate1blue.jpg,50,6143,hh_hl_unlink_plinko_0202,-1,False,0,assets/targets/lh_hl_unlink_plinko_0110/nocol_basered.jpg,nocol_translate,assets/targets/lh_hl_unlink_plinko_0110/nocol_translateblue.jpg,50,6690,lh_hl_unlink_plinko_0110,-1,False,5cf6150ce42af100015a90c4
196,0,assets/targets/lh_ll_unlink_plinko_0060/col_late_basered.jpg,col_late_translate,assets/targets/lh_ll_unlink_plinko_0060/col_late_translateblue.jpg,35,8931,lh_ll_unlink_plinko_0060,0,True,0,assets/targets/lh_hl_unlink_plinko_0110/nocol_basered.jpg,nocol_translate,assets/targets/lh_hl_unlink_plinko_0110/nocol_translateblue.jpg,51,11900,lh_hl_unlink_plinko_0110,1,False,1,assets/targets/lh_hl_unlink_plinko_0049/col_early_baseblue.jpg,col_early_translate,assets/targets/lh_hl_unlink_plinko_0049/col_early_translatered.jpg,100,8366,lh_hl_unlink_plinko_0049,1,True,0,assets/targets/lh_hl_unlink_plinko_0111/col_late_basered.jpg,col_late_translate,assets/targets/lh_hl_unlink_plinko_0111/col_late_translateblue.jpg,22,9761,lh_hl_unlink_plinko_0111,0,True,1,assets/targets/lh_ll_unlink_plinko_0091/col_late_baseblue.jpg,col_late_translate,assets/targets/lh_ll_unlink_plinko_0091/col_late_translatered.jpg,44,4193,lh_ll_unlink_plinko_0091,0,False,1,assets/targets/hh_hl_unlink_plinko_0315/col_early_baseblue.jpg,col_early_translate,assets/targets/hh_hl_unlink_plinko_0315/col_early_translate1red.jpg,82,6126,hh_hl_unlink_plinko_0315,1,True,0,assets/targets/hh_hl_unlink_plinko_0269/maybecol_basered.jpg,maybecol_translate,assets/targets/hh_hl_unlink_plinko_0269/maybecol_translate1blue.jpg,10,6651,hh_hl_unlink_plinko_0269,0,True,0,assets/targets/hh_hl_unlink_plinko_0393/nocol_basered.jpg,nocol_translate,assets/targets/hh_hl_unlink_plinko_0393/nocol_translateblue.jpg,91,5412,hh_hl_unlink_plinko_0393,1,False,0,assets/targets/lh_ll_unlink_plinko_0155/col_late_basered.jpg,col_late_translate,assets/targets/lh_ll_unlink_plinko_0155/col_late_translateblue.jpg,71,10045,lh_ll_unlink_plinko_0155,1,False,0,assets/targets/lh_hl_unlink_plinko_0036/nocol_basered.jpg,nocol_translate,assets/targets/lh_hl_unlink_plinko_0036/nocol_translateblue.jpg,28,5420,lh_hl_unlink_plinko_0036,0,True,0,assets/targets/hh_hl_unlink_plinko_0246/maybecol_basered.jpg,maybecol_translate,assets/targets/hh_hl_unlink_plinko_0246/maybecol_translateblue.jpg,26,7225,hh_hl_unlink_plinko_0246,0,True,0,assets/targets/hh_hl_unlink_plinko_0202/maybecol_basered.jpg,maybecol_translate,assets/targets/hh_hl_unlink_plinko_0202/maybecol_translate1blue.jpg,19,4660,hh_hl_unlink_plinko_0202,0,True,1,assets/targets/hh_hl_unlink_plinko_0105/nocol_baseblue.jpg,nocol_translate,assets/targets/hh_hl_unlink_plinko_0105/nocol_translatered.jpg,74,4376,hh_hl_unlink_plinko_0105,1,True,0,assets/targets/hh_hl_unlink_plinko_0252/maybecol_basered.jpg,maybecol_translate,assets/targets/hh_hl_unlink_plinko_0252/maybecol_translateblue.jpg,69,4083,hh_hl_unlink_plinko_0252,1,False,1,assets/targets/lh_ll_unlink_plinko_0217/col_early_baseblue.jpg,col_early_translate,assets/targets/lh_ll_unlink_plinko_0217/col_early_translatered.jpg,85,5201,lh_ll_unlink_plinko_0217,1,True,1,assets/targets/hh_hl_unlink_plinko_0240/col_early_baseblue.jpg,col_early_translate,assets/targets/hh_hl_unlink_plinko_0240/col_early_translatered.jpg,100,5203,hh_hl_unlink_plinko_0240,1,True,62c431f8b8e7dec0d2c03ea7
197,0,assets/targets/lh_hl_unlink_plinko_0036/col_late_basered.jpg,col_late_translate,assets/targets/lh_hl_unlink_plinko_0036/col_late_translateblue.jpg,0,24384,lh_hl_unlink_plinko_0036,0,True,1,assets/targets/hh_hl_unlink_plinko_0315/col_early_baseblue.jpg,col_early_translate,assets/targets/hh_hl_unlink_plinko_0315/col_early_translate1red.jpg,100,11161,hh_hl_unlink_plinko_0315,1,True,1,assets/targets/lh_ll_unlink_plinko_0155/col_late_baseblue.jpg,col_late_translate,assets/targets/lh_ll_unlink_plinko_0155/col_late_translatered.jpg,90,21506,lh_ll_unlink_plinko_0155,1,True,1,assets/targets/hh_hl_unlink_plinko_0240/nocol_baseblue.jpg,nocol_translate,assets/targets/hh_hl_unlink_plinko_0240/nocol_translate1red.jpg,77,196961,hh_hl_unlink_plinko_0240,1,True,0,assets/targets/hh_hl_unlink_plinko_0202/maybecol_basered.jpg,maybecol_translate,assets/targets/hh_hl_unlink_plinko_0202/maybecol_translateblue.jpg,7,14470,hh_hl_unlink_plinko_0202,0,True,1,assets/targets/lh_hl_unlink_plinko_0111/nocol_baseblue.jpg,nocol_translate,assets/targets/lh_hl_unlink_plinko_0111/nocol_translate1red.jpg,58,129722,lh_hl_unlink_plinko_0111,1,True,1,assets/targets/lh_hl_unlink_plinko_0110/col_early_baseblue.jpg,col_early_translate,assets/targets/lh_hl_unlink_plinko_0110/col_early_translate1red.jpg,100,7864,lh_hl_unlink_plinko_0110,1,True,1,assets/targets/hh_hl_unlink_plinko_0269/maybecol_baseblue.jpg,maybecol_translate,assets/targets/hh_hl_unlink_plinko_0269/maybecol_translatered.jpg,95,14709,hh_hl_unlink_plinko_0269,1,True,0,assets/targets/lh_ll_unlink_plinko_0060/nocol_basered.jpg,nocol_translate,assets/targets/lh_ll_unlink_plinko_0060/nocol_translate1blue.jpg,30,26001,lh_ll_unlink_plinko_0060,0,True,1,assets/targets/hh_hl_unlink_plinko_0252/maybecol_baseblue.jpg,maybecol_translate,assets/targets/hh_hl_unlink_plinko_0252/maybecol_translatered.jpg,91,39609,hh_hl_unlink_plinko_0252,1,True,1,assets/targets/lh_ll_unlink_plinko_0217/col_late_baseblue.jpg,col_late_translate,assets/targets/lh_ll_unlink_plinko_0217/col_late_translatered.jpg,100,16145,lh_ll_unlink_plinko_0217,1,True,1,assets/targets/lh_ll_unlink_plinko_0091/col_late_baseblue.jpg,col_late_translate,assets/targets/lh_ll_unlink_plinko_0091/col_late_translatered.jpg,95,12376,lh_ll_unlink_plinko_0091,1,True,0,assets/targets/hh_hl_unlink_plinko_0393/col_early_basered.jpg,col_early_translate,assets/targets/hh_hl_unlink_plinko_0393/col_early_translate1blue.jpg,22,19228,hh_hl_unlink_plinko_0393,0,True,0,assets/targets/lh_hl_unlink_plinko_0049/col_early_basered.jpg,col_early_translate,assets/targets/lh_hl_unlink_plinko_0049/col_early_translate1blue.jpg,0,5511,lh_hl_unlink_plinko_0049,0,True,0,assets/targets/hh_hl_unlink_plinko_0246/nocol_basered.jpg,nocol_translate,assets/targets/hh_hl_unlink_plinko_0246/nocol_translate1blue.jpg,70,40886,hh_hl_unlink_plinko_0246,1,False,1,assets/targets/hh_hl_unlink_plinko_0105/maybecol_baseblue.jpg,maybecol_translate,assets/targets/hh_hl_unlink_plinko_0105/maybecol_translatered.jpg,29,10898,hh_hl_unlink_plinko_0105,0,False,61115b41f830b1e539d612bf
198,0,assets/targets/lh_hl_unlink_plinko_0111/nocol_basered.jpg,nocol_translate,assets/targets/lh_hl_unlink_plinko_0111/nocol_translateblue.jpg,50,27676,lh_hl_unlink_plinko_0111,-1,False,0,assets/targets/lh_ll_unlink_plinko_0217/nocol_basered.jpg,nocol_translate,assets/targets/lh_ll_unlink_plinko_0217/nocol_translateblue.jpg,49,18256,lh_ll_unlink_plinko_0217,0,True,1,assets/targets/lh_ll_unlink_plinko_0155/col_early_baseblue.jpg,col_early_translate,assets/targets/lh_ll_unlink_plinko_0155/col_early_translate1red.jpg,100,8848,lh_ll_unlink_plinko_0155,1,True,1,assets/targets/hh_hl_unlink_plinko_0269/maybecol_baseblue.jpg,maybecol_translate,assets/targets/hh_hl_unlink_plinko_0269/maybecol_translatered.jpg,50,11979,hh_hl_unlink_plinko_0269,-1,False,1,assets/targets/hh_hl_unlink_plinko_0315/maybecol_baseblue.jpg,maybecol_translate,assets/targets/hh_hl_unlink_plinko_0315/maybecol_translate1red.jpg,50,8990,hh_hl_unlink_plinko_0315,-1,False,0,assets/targets/hh_hl_unlink_plinko_0202/nocol_basered.jpg,nocol_translate,assets/targets/hh_hl_unlink_plinko_0202/nocol_translateblue.jpg,50,3937,hh_hl_unlink_plinko_0202,-1,False,1,assets/targets/lh_hl_unlink_plinko_0036/col_late_baseblue.jpg,col_late_translate,assets/targets/lh_hl_unlink_plinko_0036/col_late_translate1red.jpg,68,9227,lh_hl_unlink_plinko_0036,1,True,1,assets/targets/lh_hl_unlink_plinko_0049/col_late_baseblue.jpg,col_late_translate,assets/targets/lh_hl_unlink_plinko_0049/col_late_translatered.jpg,50,7153,lh_hl_unlink_plinko_0049,-1,False,1,assets/targets/lh_hl_unlink_plinko_0110/col_late_baseblue.jpg,col_late_translate,assets/targets/lh_hl_unlink_plinko_0110/col_late_translate1red.jpg,50,6395,lh_hl_unlink_plinko_0110,-1,False,0,assets/targets/lh_hl_unlink_plinko_0111/col_early_basered.jpg,col_early_translate,assets/targets/lh_hl_unlink_plinko_0111/col_early_translate1blue.jpg,0,12975,lh_hl_unlink_plinko_0111,0,True,1,assets/targets/hh_hl_unlink_plinko_0246/col_early_baseblue.jpg,col_early_translate,assets/targets/hh_hl_unlink_plinko_0246/col_early_translate1red.jpg,100,8517,hh_hl_unlink_plinko_0246,1,True,1,assets/targets/hh_hl_unlink_plinko_0393/nocol_baseblue.jpg,nocol_translate,assets/targets/hh_hl_unlink_plinko_0393/nocol_translate1red.jpg,50,6418,hh_hl_unlink_plinko_0393,-1,False,1,assets/targets/hh_hl_unlink_plinko_0240/maybecol_baseblue.jpg,maybecol_translate,assets/targets/hh_hl_unlink_plinko_0240/maybecol_translatered.jpg,60,8766,hh_hl_unlink_plinko_0240,1,True,1,assets/targets/hh_hl_unlink_plinko_0105/col_early_baseblue.jpg,col_early_translate,assets/targets/hh_hl_unlink_plinko_0105/col_early_translatered.jpg,100,8095,hh_hl_unlink_plinko_0105,1,True,1,assets/targets/lh_ll_unlink_plinko_0091/col_late_baseblue.jpg,col_late_translate,assets/targets/lh_ll_unlink_plinko_0091/col_late_translatered.jpg,50,4475,lh_ll_unlink_plinko_0091,-1,False,1,assets/targets/hh_hl_unlink_plinko_0252/maybecol_baseblue.jpg,maybecol_translate,assets/targets/hh_hl_unlink_plinko_0252/maybecol_translate1red.jpg,50,8793,hh_hl_unlink_plinko_0252,-1,False,57d714de813eb30001825ac4
199,1,assets/targets/hh_hl_unlink_plinko_0315/maybecol_baseblue.jpg,maybecol_translate,assets/targets/hh_hl_unlink_plinko_0315/maybecol_translate1red.jpg,69,18094,hh_hl_unlink_plinko_0315,1,True,1,assets/targets/lh_ll_unlink_plinko_0060/col_late_baseblue.jpg,col_late_translate,assets/targets/lh_ll_unlink_plinko_0060/col_late_translatered.jpg,40,8904,lh_ll_unlink_plinko_0060,0,False,1,assets/targets/lh_ll_unlink_plinko_0217/col_early_baseblue.jpg,col_early_translate,assets/targets/lh_ll_unlink_plinko_0217/col_early_translatered.jpg,63,7961,lh_ll_unlink_plinko_0217,1,True,1,assets/targets/lh_ll_unlink_plinko_0155/col_late_baseblue.jpg,col_late_translate,assets/targets/lh_ll_unlink_plinko_0155/col_late_translatered.jpg,52,6186,lh_ll_unlink_plinko_0155,1,True,0,assets/targets/hh_hl_unlink_plinko_0252/nocol_basered.jpg,nocol_translate,assets/targets/hh_hl_unlink_plinko_0252/nocol_translate1blue.jpg,40,8402,hh_hl_unlink_plinko_0252,0,True,0,assets/targets/lh_ll_unlink_plinko_0091/col_early_basered.jpg,col_early_translate,assets/targets/lh_ll_unlink_plinko_0091/col_early_translateblue.jpg,33,6610,lh_ll_unlink_plinko_0091,0,True,0,assets/targets/lh_hl_unlink_plinko_0110/nocol_basered.jpg,nocol_translate,assets/targets/lh_hl_unlink_plinko_0110/nocol_translateblue.jpg,59,5091,lh_hl_unlink_plinko_0110,1,False,1,assets/targets/hh_hl_unlink_plinko_0252/col_early_baseblue.jpg,col_early_translate,assets/targets/hh_hl_unlink_plinko_0252/col_early_translate1red.jpg,68,7454,hh_hl_unlink_plinko_0252,1,True,0,assets/targets/hh_hl_unlink_plinko_0105/col_early_basered.jpg,col_early_translate,assets/targets/hh_hl_unlink_plinko_0105/col_early_translate1blue.jpg,57,5431,hh_hl_unlink_plinko_0105,1,False,1,assets/targets/hh_hl_unlink_plinko_0269/maybecol_baseblue.jpg,maybecol_translate,assets/targets/hh_hl_unlink_plinko_0269/maybecol_translate1red.jpg,72,6450,hh_hl_unlink_plinko_0269,1,True,1,assets/targets/hh_hl_unlink_plinko_0246/maybecol_baseblue.jpg,maybecol_translate,assets/targets/hh_hl_unlink_plinko_0246/maybecol_translatered.jpg,40,7008,hh_hl_unlink_plinko_0246,0,False,0,assets/targets/lh_ll_unlink_plinko_0091/col_late_basered.jpg,col_late_translate,assets/targets/lh_ll_unlink_plinko_0091/col_late_translate1blue.jpg,28,6439,lh_ll_unlink_plinko_0091,0,True,1,assets/targets/hh_hl_unlink_plinko_0393/maybecol_baseblue.jpg,maybecol_translate,assets/targets/hh_hl_unlink_plinko_0393/maybecol_translatered.jpg,64,4950,hh_hl_unlink_plinko_0393,1,True,1,assets/targets/lh_hl_unlink_plinko_0049/col_late_baseblue.jpg,col_late_translate,assets/targets/lh_hl_unlink_plinko_0049/col_late_translate1red.jpg,43,5080,lh_hl_unlink_plinko_0049,0,False,1,assets/targets/lh_hl_unlink_plinko_0111/nocol_baseblue.jpg,nocol_translate,assets/targets/lh_hl_unlink_plinko_0111/nocol_translate1red.jpg,57,6366,lh_hl_unlink_plinko_0111,1,True,0,assets/targets/hh_hl_unlink_plinko_0105/nocol_basered.jpg,nocol_translate,assets/targets/hh_hl_unlink_plinko_0105/nocol_translate1blue.jpg,55,5798,hh_hl_unlink_plinko_0105,1,False,578678f6900cc80001d2dea5
200,0,assets/targets/lh_hl_unlink_plinko_0111/col_late_basered.jpg,col_late_translate,assets/targets/lh_hl_unlink_plinko_0111/col_late_translate1blue.jpg,4,33265,lh_hl_unlink_plinko_0111,0,True,0,assets/targets/lh_hl_unlink_plinko_0110/nocol_basered.jpg,nocol_translate,assets/targets/lh_hl_unlink_plinko_0110/nocol_translate1blue.jpg,2,19401,lh_hl_unlink_plinko_0110,0,True,0,assets/targets/lh_ll_unlink_plinko_0060/col_early_basered.jpg,col_early_translate,assets/targets/lh_ll_unlink_plinko_0060/col_early_translate1blue.jpg,2,9602,lh_ll_unlink_plinko_0060,0,True,0,assets/targets/lh_hl_unlink_plinko_0049/col_late_basered.jpg,col_late_translate,assets/targets/lh_hl_unlink_plinko_0049/col_late_translateblue.jpg,71,26663,lh_hl_unlink_plinko_0049,1,False,1,assets/targets/hh_hl_unlink_plinko_0315/nocol_baseblue.jpg,nocol_translate,assets/targets/hh_hl_unlink_plinko_0315/nocol_translatered.jpg,50,35626,hh_hl_unlink_plinko_0315,-1,False,1,assets/targets/hh_hl_unlink_plinko_0252/maybecol_baseblue.jpg,maybecol_translate,assets/targets/hh_hl_unlink_plinko_0252/maybecol_translate1red.jpg,2,18075,hh_hl_unlink_plinko_0252,0,False,0,assets/targets/lh_ll_unlink_plinko_0155/col_late_basered.jpg,col_late_translate,assets/targets/lh_ll_unlink_plinko_0155/col_late_translate1blue.jpg,98,10899,lh_ll_unlink_plinko_0155,1,False,1,assets/targets/lh_ll_unlink_plinko_0091/col_late_baseblue.jpg,col_late_translate,assets/targets/lh_ll_unlink_plinko_0091/col_late_translate1red.jpg,4,12408,lh_ll_unlink_plinko_0091,0,False,1,assets/targets/hh_hl_unlink_plinko_0246/maybecol_baseblue.jpg,maybecol_translate,assets/targets/hh_hl_unlink_plinko_0246/maybecol_translatered.jpg,51,18996,hh_hl_unlink_plinko_0246,1,True,1,assets/targets/hh_hl_unlink_plinko_0202/col_early_baseblue.jpg,col_early_translate,assets/targets/hh_hl_unlink_plinko_0202/col_early_translate1red.jpg,98,12663,hh_hl_unlink_plinko_0202,1,True,0,assets/targets/lh_ll_unlink_plinko_0217/col_early_basered.jpg,col_early_translate,assets/targets/lh_ll_unlink_plinko_0217/col_early_translateblue.jpg,10,11733,lh_ll_unlink_plinko_0217,0,True,0,assets/targets/lh_hl_unlink_plinko_0036/nocol_basered.jpg,nocol_translate,assets/targets/lh_hl_unlink_plinko_0036/nocol_translateblue.jpg,51,11953,lh_hl_unlink_plinko_0036,1,False,0,assets/targets/hh_hl_unlink_plinko_0393/maybecol_basered.jpg,maybecol_translate,assets/targets/hh_hl_unlink_plinko_0393/maybecol_translate1blue.jpg,25,9426,hh_hl_unlink_plinko_0393,0,True,1,assets/targets/hh_hl_unlink_plinko_0105/maybecol_baseblue.jpg,maybecol_translate,assets/targets/hh_hl_unlink_plinko_0105/maybecol_translatered.jpg,50,21460,hh_hl_unlink_plinko_0105,-1,False,1,assets/targets/hh_hl_unlink_plinko_0393/col_early_baseblue.jpg,col_early_translate,assets/targets/hh_hl_unlink_plinko_0393/col_early_translatered.jpg,92,10075,hh_hl_unlink_plinko_0393,1,True,1,assets/targets/hh_hl_unlink_plinko_0269/nocol_baseblue.jpg,nocol_translate,assets/targets/hh_hl_unlink_plinko_0269/nocol_translatered.jpg,78,17856,hh_hl_unlink_plinko_0269,1,True,5fecec76827f81eea8e1796d
201,0,assets/targets/lh_hl_unlink_plinko_0036/nocol_basered.jpg,nocol_translate,assets/targets/lh_hl_unlink_plinko_0036/nocol_translateblue.jpg,67,73644,lh_hl_unlink_plinko_0036,1,False,1,assets/targets/hh_hl_unlink_plinko_0202/nocol_baseblue.jpg,nocol_translate,assets/targets/hh_hl_unlink_plinko_0202/nocol_translatered.jpg,60,73990,hh_hl_unlink_plinko_0202,1,True,1,assets/targets/lh_ll_unlink_plinko_0091/col_late_baseblue.jpg,col_late_translate,assets/targets/lh_ll_unlink_plinko_0091/col_late_translatered.jpg,32,56511,lh_ll_unlink_plinko_0091,0,False,0,assets/targets/lh_ll_unlink_plinko_0217/col_early_basered.jpg,col_early_translate,assets/targets/lh_ll_unlink_plinko_0217/col_early_translate1blue.jpg,81,43967,lh_ll_unlink_plinko_0217,1,False,0,assets/targets/hh_hl_unlink_plinko_0269/col_early_basered.jpg,col_early_translate,assets/targets/hh_hl_unlink_plinko_0269/col_early_translateblue.jpg,85,17534,hh_hl_unlink_plinko_0269,1,False,0,assets/targets/hh_hl_unlink_plinko_0252/maybecol_basered.jpg,maybecol_translate,assets/targets/hh_hl_unlink_plinko_0252/maybecol_translateblue.jpg,43,42758,hh_hl_unlink_plinko_0252,0,True,1,assets/targets/lh_ll_unlink_plinko_0155/col_late_baseblue.jpg,col_late_translate,assets/targets/lh_ll_unlink_plinko_0155/col_late_translate1red.jpg,73,26228,lh_ll_unlink_plinko_0155,1,True,1,assets/targets/hh_hl_unlink_plinko_0315/col_early_baseblue.jpg,col_early_translate,assets/targets/hh_hl_unlink_plinko_0315/col_early_translate1red.jpg,9,16585,hh_hl_unlink_plinko_0315,0,False,0,assets/targets/lh_hl_unlink_plinko_0110/col_late_basered.jpg,col_late_translate,assets/targets/lh_hl_unlink_plinko_0110/col_late_translateblue.jpg,55,15736,lh_hl_unlink_plinko_0110,1,False,1,assets/targets/hh_hl_unlink_plinko_0246/nocol_baseblue.jpg,nocol_translate,assets/targets/hh_hl_unlink_plinko_0246/nocol_translatered.jpg,53,10318,hh_hl_unlink_plinko_0246,1,True,0,assets/targets/lh_ll_unlink_plinko_0060/nocol_basered.jpg,nocol_translate,assets/targets/lh_ll_unlink_plinko_0060/nocol_translateblue.jpg,68,32793,lh_ll_unlink_plinko_0060,1,False,0,assets/targets/hh_hl_unlink_plinko_0240/maybecol_basered.jpg,maybecol_translate,assets/targets/hh_hl_unlink_plinko_0240/maybecol_translate1blue.jpg,61,30205,hh_hl_unlink_plinko_0240,1,False,0,assets/targets/hh_hl_unlink_plinko_0393/maybecol_basered.jpg,maybecol_translate,assets/targets/hh_hl_unlink_plinko_0393/maybecol_translateblue.jpg,66,11221,hh_hl_unlink_plinko_0393,1,False,1,assets/targets/hh_hl_unlink_plinko_0105/maybecol_baseblue.jpg,maybecol_translate,assets/targets/hh_hl_unlink_plinko_0105/maybecol_translate1red.jpg,35,13969,hh_hl_unlink_plinko_0105,0,False,1,assets/targets/lh_hl_unlink_plinko_0049/col_early_baseblue.jpg,col_early_translate,assets/targets/lh_hl_unlink_plinko_0049/col_early_translatered.jpg,97,13663,lh_hl_unlink_plinko_0049,1,True,1,assets/targets/lh_hl_unlink_plinko_0111/col_late_baseblue.jpg,col_late_translate,assets/targets/lh_hl_unlink_plinko_0111/col_late_translatered.jpg,61,15366,lh_hl_unlink_plinko_0111,1,True,60ac66a8e1bf5a1c51fa864c
202,1,assets/targets/lh_hl_unlink_plinko_0049/col_late_baseblue.jpg,col_late_translate,assets/targets/lh_hl_unlink_plinko_0049/col_late_translatered.jpg,27,28079,lh_hl_unlink_plinko_0049,0,False,1,assets/targets/lh_ll_unlink_plinko_0155/col_early_baseblue.jpg,col_early_translate,assets/targets/lh_ll_unlink_plinko_0155/col_early_translate1red.jpg,9,20328,lh_ll_unlink_plinko_0155,0,False,1,assets/targets/hh_hl_unlink_plinko_0246/nocol_baseblue.jpg,nocol_translate,assets/targets/hh_hl_unlink_plinko_0246/nocol_translatered.jpg,60,13859,hh_hl_unlink_plinko_0246,1,True,0,assets/targets/lh_hl_unlink_plinko_0110/nocol_basered.jpg,nocol_translate,assets/targets/lh_hl_unlink_plinko_0110/nocol_translateblue.jpg,46,19104,lh_hl_unlink_plinko_0110,0,True,1,assets/targets/lh_hl_unlink_plinko_0036/nocol_baseblue.jpg,nocol_translate,assets/targets/lh_hl_unlink_plinko_0036/nocol_translate1red.jpg,52,13298,lh_hl_unlink_plinko_0036,1,True,0,assets/targets/lh_ll_unlink_plinko_0060/col_late_basered.jpg,col_late_translate,assets/targets/lh_ll_unlink_plinko_0060/col_late_translateblue.jpg,36,10717,lh_ll_unlink_plinko_0060,0,True,1,assets/targets/lh_ll_unlink_plinko_0091/col_early_baseblue.jpg,col_early_translate,assets/targets/lh_ll_unlink_plinko_0091/col_early_translate1red.jpg,17,9215,lh_ll_unlink_plinko_0091,0,False,0,assets/targets/hh_hl_unlink_plinko_0105/nocol_basered.jpg,nocol_translate,assets/targets/hh_hl_unlink_plinko_0105/nocol_translate1blue.jpg,48,15039,hh_hl_unlink_plinko_0105,0,True,1,assets/targets/lh_ll_unlink_plinko_0217/col_late_baseblue.jpg,col_late_translate,assets/targets/lh_ll_unlink_plinko_0217/col_late_translate1red.jpg,56,9945,lh_ll_unlink_plinko_0217,1,True,0,assets/targets/hh_hl_unlink_plinko_0269/col_early_basered.jpg,col_early_translate,assets/targets/hh_hl_unlink_plinko_0269/col_early_translateblue.jpg,52,18313,hh_hl_unlink_plinko_0269,1,False,1,assets/targets/hh_hl_unlink_plinko_0202/maybecol_baseblue.jpg,maybecol_translate,assets/targets/hh_hl_unlink_plinko_0202/maybecol_translatered.jpg,48,12920,hh_hl_unlink_plinko_0202,0,False,0,assets/targets/hh_hl_unlink_plinko_0393/maybecol_basered.jpg,maybecol_translate,assets/targets/hh_hl_unlink_plinko_0393/maybecol_translateblue.jpg,35,9138,hh_hl_unlink_plinko_0393,0,True,0,assets/targets/hh_hl_unlink_plinko_0393/maybecol_basered.jpg,maybecol_translate,assets/targets/hh_hl_unlink_plinko_0393/maybecol_translate1blue.jpg,52,15490,hh_hl_unlink_plinko_0393,1,False,0,assets/targets/hh_hl_unlink_plinko_0240/maybecol_basered.jpg,maybecol_translate,assets/targets/hh_hl_unlink_plinko_0240/maybecol_translate1blue.jpg,54,10342,hh_hl_unlink_plinko_0240,1,False,1,assets/targets/lh_hl_unlink_plinko_0111/col_late_baseblue.jpg,col_late_translate,assets/targets/lh_hl_unlink_plinko_0111/col_late_translate1red.jpg,52,10631,lh_hl_unlink_plinko_0111,1,True,1,assets/targets/hh_hl_unlink_plinko_0252/col_early_baseblue.jpg,col_early_translate,assets/targets/hh_hl_unlink_plinko_0252/col_early_translate1red.jpg,42,14445,hh_hl_unlink_plinko_0252,0,False,616ef680ab8ca318a227f5ec
203,0,assets/targets/hh_hl_unlink_plinko_0269/maybecol_basered.jpg,maybecol_translate,assets/targets/hh_hl_unlink_plinko_0269/maybecol_translate1blue.jpg,2,12111,hh_hl_unlink_plinko_0269,0,True,1,assets/targets/lh_hl_unlink_plinko_0036/nocol_baseblue.jpg,nocol_translate,assets/targets/lh_hl_unlink_plinko_0036/nocol_translate1red.jpg,57,7649,lh_hl_unlink_plinko_0036,1,True,1,assets/targets/lh_ll_unlink_plinko_0091/col_late_baseblue.jpg,col_late_translate,assets/targets/lh_ll_unlink_plinko_0091/col_late_translatered.jpg,86,6780,lh_ll_unlink_plinko_0091,1,True,1,assets/targets/lh_ll_unlink_plinko_0217/col_late_baseblue.jpg,col_late_translate,assets/targets/lh_ll_unlink_plinko_0217/col_late_translatered.jpg,87,8198,lh_ll_unlink_plinko_0217,1,True,0,assets/targets/lh_ll_unlink_plinko_0060/col_early_basered.jpg,col_early_translate,assets/targets/lh_ll_unlink_plinko_0060/col_early_translate1blue.jpg,0,4924,lh_ll_unlink_plinko_0060,0,True,0,assets/targets/hh_hl_unlink_plinko_0246/nocol_basered.jpg,nocol_translate,assets/targets/hh_hl_unlink_plinko_0246/nocol_translateblue.jpg,56,5794,hh_hl_unlink_plinko_0246,1,False,1,assets/targets/lh_ll_unlink_plinko_0155/col_early_baseblue.jpg,col_early_translate,assets/targets/lh_ll_unlink_plinko_0155/col_early_translatered.jpg,21,8622,lh_ll_unlink_plinko_0155,0,False,0,assets/targets/hh_hl_unlink_plinko_0315/maybecol_basered.jpg,maybecol_translate,assets/targets/hh_hl_unlink_plinko_0315/maybecol_translate1blue.jpg,43,5738,hh_hl_unlink_plinko_0315,0,True,1,assets/targets/lh_hl_unlink_plinko_0049/col_late_baseblue.jpg,col_late_translate,assets/targets/lh_hl_unlink_plinko_0049/col_late_translate1red.jpg,57,5233,lh_hl_unlink_plinko_0049,1,True,0,assets/targets/hh_hl_unlink_plinko_0393/nocol_basered.jpg,nocol_translate,assets/targets/hh_hl_unlink_plinko_0393/nocol_translate1blue.jpg,27,5307,hh_hl_unlink_plinko_0393,0,True,1,assets/targets/hh_hl_unlink_plinko_0240/maybecol_baseblue.jpg,maybecol_translate,assets/targets/hh_hl_unlink_plinko_0240/maybecol_translatered.jpg,10,4660,hh_hl_unlink_plinko_0240,0,False,1,assets/targets/hh_hl_unlink_plinko_0240/col_early_baseblue.jpg,col_early_translate,assets/targets/hh_hl_unlink_plinko_0240/col_early_translate1red.jpg,100,5400,hh_hl_unlink_plinko_0240,1,True,0,assets/targets/hh_hl_unlink_plinko_0105/col_early_basered.jpg,col_early_translate,assets/targets/hh_hl_unlink_plinko_0105/col_early_translateblue.jpg,0,5604,hh_hl_unlink_plinko_0105,0,True,1,assets/targets/hh_hl_unlink_plinko_0252/maybecol_baseblue.jpg,maybecol_translate,assets/targets/hh_hl_unlink_plinko_0252/maybecol_translate1red.jpg,20,4354,hh_hl_unlink_plinko_0252,0,False,0,assets/targets/lh_hl_unlink_plinko_0110/col_late_basered.jpg,col_late_translate,assets/targets/lh_hl_unlink_plinko_0110/col_late_translateblue.jpg,16,5663,lh_hl_unlink_plinko_0110,0,True,0,assets/targets/lh_hl_unlink_plinko_0111/nocol_basered.jpg,nocol_translate,assets/targets/lh_hl_unlink_plinko_0111/nocol_translateblue.jpg,45,4460,lh_hl_unlink_plinko_0111,0,True,62e42b7d3f1250f392bbb13e
204,0,assets/targets/lh_ll_unlink_plinko_0155/col_late_basered.jpg,col_late_translate,assets/targets/lh_ll_unlink_plinko_0155/col_late_translateblue.jpg,62,30177,lh_ll_unlink_plinko_0155,1,False,1,assets/targets/hh_hl_unlink_plinko_0269/maybecol_baseblue.jpg,maybecol_translate,assets/targets/hh_hl_unlink_plinko_0269/maybecol_translate1red.jpg,58,18037,hh_hl_unlink_plinko_0269,1,True,0,assets/targets/hh_hl_unlink_plinko_0105/maybecol_basered.jpg,maybecol_translate,assets/targets/hh_hl_unlink_plinko_0105/maybecol_translate1blue.jpg,59,18998,hh_hl_unlink_plinko_0105,1,False,0,assets/targets/hh_hl_unlink_plinko_0240/maybecol_basered.jpg,maybecol_translate,assets/targets/hh_hl_unlink_plinko_0240/maybecol_translateblue.jpg,39,13553,hh_hl_unlink_plinko_0240,0,True,0,assets/targets/lh_ll_unlink_plinko_0217/col_late_basered.jpg,col_late_translate,assets/targets/lh_ll_unlink_plinko_0217/col_late_translateblue.jpg,51,34175,lh_ll_unlink_plinko_0217,1,False,1,assets/targets/lh_hl_unlink_plinko_0111/nocol_baseblue.jpg,nocol_translate,assets/targets/lh_hl_unlink_plinko_0111/nocol_translatered.jpg,51,20982,lh_hl_unlink_plinko_0111,1,True,1,assets/targets/lh_ll_unlink_plinko_0091/col_early_baseblue.jpg,col_early_translate,assets/targets/lh_ll_unlink_plinko_0091/col_early_translatered.jpg,55,29087,lh_ll_unlink_plinko_0091,1,True,0,assets/targets/lh_hl_unlink_plinko_0036/col_early_basered.jpg,col_early_translate,assets/targets/lh_hl_unlink_plinko_0036/col_early_translateblue.jpg,54,27879,lh_hl_unlink_plinko_0036,1,False,1,assets/targets/lh_ll_unlink_plinko_0060/col_late_baseblue.jpg,col_late_translate,assets/targets/lh_ll_unlink_plinko_0060/col_late_translate1red.jpg,41,15293,lh_ll_unlink_plinko_0060,0,False,1,assets/targets/hh_hl_unlink_plinko_0252/nocol_baseblue.jpg,nocol_translate,assets/targets/hh_hl_unlink_plinko_0252/nocol_translatered.jpg,29,20407,hh_hl_unlink_plinko_0252,0,False,1,assets/targets/hh_hl_unlink_plinko_0202/maybecol_baseblue.jpg,maybecol_translate,assets/targets/hh_hl_unlink_plinko_0202/maybecol_translatered.jpg,50,10213,hh_hl_unlink_plinko_0202,-1,False,1,assets/targets/lh_hl_unlink_plinko_0049/col_late_baseblue.jpg,col_late_translate,assets/targets/lh_hl_unlink_plinko_0049/col_late_translatered.jpg,44,20114,lh_hl_unlink_plinko_0049,0,False,0,assets/targets/hh_hl_unlink_plinko_0393/col_early_basered.jpg,col_early_translate,assets/targets/hh_hl_unlink_plinko_0393/col_early_translateblue.jpg,52,13400,hh_hl_unlink_plinko_0393,1,False,0,assets/targets/lh_hl_unlink_plinko_0110/nocol_basered.jpg,nocol_translate,assets/targets/lh_hl_unlink_plinko_0110/nocol_translateblue.jpg,37,26215,lh_hl_unlink_plinko_0110,0,True,0,assets/targets/hh_hl_unlink_plinko_0246/col_early_basered.jpg,col_early_translate,assets/targets/hh_hl_unlink_plinko_0246/col_early_translateblue.jpg,52,21406,hh_hl_unlink_plinko_0246,1,False,0,assets/targets/hh_hl_unlink_plinko_0393/nocol_basered.jpg,nocol_translate,assets/targets/hh_hl_unlink_plinko_0393/nocol_translate1blue.jpg,31,14343,hh_hl_unlink_plinko_0393,0,True,5c239f96da51990001e21d97
205,0,assets/targets/lh_hl_unlink_plinko_0049/col_late_basered.jpg,col_late_translate,assets/targets/lh_hl_unlink_plinko_0049/col_late_translateblue.jpg,28,67092,lh_hl_unlink_plinko_0049,0,True,0,assets/targets/lh_ll_unlink_plinko_0155/col_late_basered.jpg,col_late_translate,assets/targets/lh_ll_unlink_plinko_0155/col_late_translate1blue.jpg,12,26484,lh_ll_unlink_plinko_0155,0,True,1,assets/targets/lh_ll_unlink_plinko_0060/col_early_baseblue.jpg,col_early_translate,assets/targets/lh_ll_unlink_plinko_0060/col_early_translatered.jpg,74,19047,lh_ll_unlink_plinko_0060,1,True,1,assets/targets/hh_hl_unlink_plinko_0393/col_early_baseblue.jpg,col_early_translate,assets/targets/hh_hl_unlink_plinko_0393/col_early_translatered.jpg,95,14484,hh_hl_unlink_plinko_0393,1,True,0,assets/targets/lh_ll_unlink_plinko_0217/nocol_basered.jpg,nocol_translate,assets/targets/lh_ll_unlink_plinko_0217/nocol_translateblue.jpg,81,10900,lh_ll_unlink_plinko_0217,1,False,0,assets/targets/lh_hl_unlink_plinko_0036/col_late_basered.jpg,col_late_translate,assets/targets/lh_hl_unlink_plinko_0036/col_late_translateblue.jpg,9,13399,lh_hl_unlink_plinko_0036,0,True,0,assets/targets/hh_hl_unlink_plinko_0246/col_early_basered.jpg,col_early_translate,assets/targets/hh_hl_unlink_plinko_0246/col_early_translateblue.jpg,21,16283,hh_hl_unlink_plinko_0246,0,True,1,assets/targets/lh_hl_unlink_plinko_0111/col_late_baseblue.jpg,col_late_translate,assets/targets/lh_hl_unlink_plinko_0111/col_late_translate1red.jpg,83,14915,lh_hl_unlink_plinko_0111,1,True,0,assets/targets/lh_ll_unlink_plinko_0091/nocol_basered.jpg,nocol_translate,assets/targets/lh_ll_unlink_plinko_0091/nocol_translateblue.jpg,70,15998,lh_ll_unlink_plinko_0091,1,False,1,assets/targets/hh_hl_unlink_plinko_0393/nocol_baseblue.jpg,nocol_translate,assets/targets/hh_hl_unlink_plinko_0393/nocol_translate1red.jpg,57,15258,hh_hl_unlink_plinko_0393,1,True,0,assets/targets/hh_hl_unlink_plinko_0269/maybecol_basered.jpg,maybecol_translate,assets/targets/hh_hl_unlink_plinko_0269/maybecol_translate1blue.jpg,10,16045,hh_hl_unlink_plinko_0269,0,True,1,assets/targets/hh_hl_unlink_plinko_0202/maybecol_baseblue.jpg,maybecol_translate,assets/targets/hh_hl_unlink_plinko_0202/maybecol_translatered.jpg,24,16609,hh_hl_unlink_plinko_0202,0,False,1,assets/targets/hh_hl_unlink_plinko_0252/maybecol_baseblue.jpg,maybecol_translate,assets/targets/hh_hl_unlink_plinko_0252/maybecol_translate1red.jpg,70,15783,hh_hl_unlink_plinko_0252,1,True,1,assets/targets/hh_hl_unlink_plinko_0240/maybecol_baseblue.jpg,maybecol_translate,assets/targets/hh_hl_unlink_plinko_0240/maybecol_translatered.jpg,77,10062,hh_hl_unlink_plinko_0240,1,True,1,assets/targets/hh_hl_unlink_plinko_0105/nocol_baseblue.jpg,nocol_translate,assets/targets/hh_hl_unlink_plinko_0105/nocol_translatered.jpg,50,17783,hh_hl_unlink_plinko_0105,-1,False,1,assets/targets/lh_hl_unlink_plinko_0110/col_early_baseblue.jpg,col_early_translate,assets/targets/lh_hl_unlink_plinko_0110/col_early_translate1red.jpg,83,14606,lh_hl_unlink_plinko_0110,1,True,607ec28e6a0bde56a9d69ddc
206,0,assets/targets/lh_ll_unlink_plinko_0091/nocol_basered.jpg,nocol_translate,assets/targets/lh_ll_unlink_plinko_0091/nocol_translate1blue.jpg,50,39510,lh_ll_unlink_plinko_0091,-1,False,1,assets/targets/lh_hl_unlink_plinko_0036/col_late_baseblue.jpg,col_late_translate,assets/targets/lh_hl_unlink_plinko_0036/col_late_translate1red.jpg,100,13897,lh_hl_unlink_plinko_0036,1,True,0,assets/targets/lh_ll_unlink_plinko_0217/col_late_basered.jpg,col_late_translate,assets/targets/lh_ll_unlink_plinko_0217/col_late_translate1blue.jpg,11,113536,lh_ll_unlink_plinko_0217,0,True,1,assets/targets/hh_hl_unlink_plinko_0202/maybecol_baseblue.jpg,maybecol_translate,assets/targets/hh_hl_unlink_plinko_0202/maybecol_translatered.jpg,79,9243,hh_hl_unlink_plinko_0202,1,True,0,assets/targets/lh_hl_unlink_plinko_0049/col_early_basered.jpg,col_early_translate,assets/targets/lh_hl_unlink_plinko_0049/col_early_translate1blue.jpg,1,52578,lh_hl_unlink_plinko_0049,0,True,1,assets/targets/lh_ll_unlink_plinko_0060/nocol_baseblue.jpg,nocol_translate,assets/targets/lh_ll_unlink_plinko_0060/nocol_translatered.jpg,58,8076,lh_ll_unlink_plinko_0060,1,True,0,assets/targets/lh_hl_unlink_plinko_0110/col_late_basered.jpg,col_late_translate,assets/targets/lh_hl_unlink_plinko_0110/col_late_translate1blue.jpg,6,10065,lh_hl_unlink_plinko_0110,0,True,1,assets/targets/hh_hl_unlink_plinko_0240/maybecol_baseblue.jpg,maybecol_translate,assets/targets/hh_hl_unlink_plinko_0240/maybecol_translatered.jpg,84,7787,hh_hl_unlink_plinko_0240,1,True,1,assets/targets/lh_hl_unlink_plinko_0111/col_early_baseblue.jpg,col_early_translate,assets/targets/lh_hl_unlink_plinko_0111/col_early_translatered.jpg,57,14741,lh_hl_unlink_plinko_0111,1,True,1,assets/targets/hh_hl_unlink_plinko_0269/maybecol_baseblue.jpg,maybecol_translate,assets/targets/hh_hl_unlink_plinko_0269/maybecol_translate1red.jpg,30,8786,hh_hl_unlink_plinko_0269,0,False,0,assets/targets/hh_hl_unlink_plinko_0240/maybecol_basered.jpg,maybecol_translate,assets/targets/hh_hl_unlink_plinko_0240/maybecol_translate1blue.jpg,73,6840,hh_hl_unlink_plinko_0240,1,False,0,assets/targets/hh_hl_unlink_plinko_0315/col_early_basered.jpg,col_early_translate,assets/targets/hh_hl_unlink_plinko_0315/col_early_translateblue.jpg,53,5750,hh_hl_unlink_plinko_0315,1,False,1,assets/targets/hh_hl_unlink_plinko_0246/col_early_baseblue.jpg,col_early_translate,assets/targets/hh_hl_unlink_plinko_0246/col_early_translatered.jpg,82,11811,hh_hl_unlink_plinko_0246,1,True,1,assets/targets/lh_ll_unlink_plinko_0155/col_late_baseblue.jpg,col_late_translate,assets/targets/lh_ll_unlink_plinko_0155/col_late_translate1red.jpg,68,11761,lh_ll_unlink_plinko_0155,1,True,0,assets/targets/hh_hl_unlink_plinko_0252/nocol_basered.jpg,nocol_translate,assets/targets/hh_hl_unlink_plinko_0252/nocol_translateblue.jpg,50,5427,hh_hl_unlink_plinko_0252,-1,False,0,assets/targets/hh_hl_unlink_plinko_0105/nocol_basered.jpg,nocol_translate,assets/targets/hh_hl_unlink_plinko_0105/nocol_translateblue.jpg,45,6211,hh_hl_unlink_plinko_0105,0,True,630ab689392291ba70d7fd3d
207,1,assets/targets/hh_hl_unlink_plinko_0202/maybecol_baseblue.jpg,maybecol_translate,assets/targets/hh_hl_unlink_plinko_0202/maybecol_translate1red.jpg,78,47347,hh_hl_unlink_plinko_0202,1,True,1,assets/targets/hh_hl_unlink_plinko_0315/maybecol_baseblue.jpg,maybecol_translate,assets/targets/hh_hl_unlink_plinko_0315/maybecol_translate1red.jpg,79,14565,hh_hl_unlink_plinko_0315,1,True,0,assets/targets/lh_hl_unlink_plinko_0049/col_early_basered.jpg,col_early_translate,assets/targets/lh_hl_unlink_plinko_0049/col_early_translate1blue.jpg,0,8832,lh_hl_unlink_plinko_0049,0,True,0,assets/targets/hh_hl_unlink_plinko_0252/col_early_basered.jpg,col_early_translate,assets/targets/hh_hl_unlink_plinko_0252/col_early_translateblue.jpg,7,5417,hh_hl_unlink_plinko_0252,0,True,0,assets/targets/hh_hl_unlink_plinko_0246/nocol_basered.jpg,nocol_translate,assets/targets/hh_hl_unlink_plinko_0246/nocol_translateblue.jpg,29,5850,hh_hl_unlink_plinko_0246,0,True,0,assets/targets/lh_hl_unlink_plinko_0111/nocol_basered.jpg,nocol_translate,assets/targets/lh_hl_unlink_plinko_0111/nocol_translate1blue.jpg,50,9064,lh_hl_unlink_plinko_0111,-1,False,1,assets/targets/lh_ll_unlink_plinko_0091/col_late_baseblue.jpg,col_late_translate,assets/targets/lh_ll_unlink_plinko_0091/col_late_translatered.jpg,82,6895,lh_ll_unlink_plinko_0091,1,True,0,assets/targets/lh_ll_unlink_plinko_0217/col_late_basered.jpg,col_late_translate,assets/targets/lh_ll_unlink_plinko_0217/col_late_translate1blue.jpg,12,37363,lh_ll_unlink_plinko_0217,0,True,1,assets/targets/hh_hl_unlink_plinko_0105/maybecol_baseblue.jpg,maybecol_translate,assets/targets/hh_hl_unlink_plinko_0105/maybecol_translate1red.jpg,80,7800,hh_hl_unlink_plinko_0105,1,True,0,assets/targets/lh_hl_unlink_plinko_0110/nocol_basered.jpg,nocol_translate,assets/targets/lh_hl_unlink_plinko_0110/nocol_translateblue.jpg,51,6674,lh_hl_unlink_plinko_0110,1,False,0,assets/targets/hh_hl_unlink_plinko_0269/nocol_basered.jpg,nocol_translate,assets/targets/hh_hl_unlink_plinko_0269/nocol_translateblue.jpg,14,40569,hh_hl_unlink_plinko_0269,0,True,1,assets/targets/lh_ll_unlink_plinko_0155/col_late_baseblue.jpg,col_late_translate,assets/targets/lh_ll_unlink_plinko_0155/col_late_translate1red.jpg,85,11593,lh_ll_unlink_plinko_0155,1,True,0,assets/targets/hh_hl_unlink_plinko_0393/maybecol_basered.jpg,maybecol_translate,assets/targets/hh_hl_unlink_plinko_0393/maybecol_translate1blue.jpg,12,7539,hh_hl_unlink_plinko_0393,0,True,1,assets/targets/hh_hl_unlink_plinko_0393/col_early_baseblue.jpg,col_early_translate,assets/targets/hh_hl_unlink_plinko_0393/col_early_translate1red.jpg,83,11005,hh_hl_unlink_plinko_0393,1,True,1,assets/targets/lh_hl_unlink_plinko_0036/col_late_baseblue.jpg,col_late_translate,assets/targets/lh_hl_unlink_plinko_0036/col_late_translate1red.jpg,14,7261,lh_hl_unlink_plinko_0036,0,False,0,assets/targets/lh_ll_unlink_plinko_0060/col_early_basered.jpg,col_early_translate,assets/targets/lh_ll_unlink_plinko_0060/col_early_translateblue.jpg,82,7104,lh_ll_unlink_plinko_0060,1,False,5c9914f616743e0016280d64
208,0,assets/targets/hh_hl_unlink_plinko_0240/maybecol_basered.jpg,maybecol_translate,assets/targets/hh_hl_unlink_plinko_0240/maybecol_translateblue.jpg,29,38045,hh_hl_unlink_plinko_0240,0,True,1,assets/targets/hh_hl_unlink_plinko_0252/nocol_baseblue.jpg,nocol_translate,assets/targets/hh_hl_unlink_plinko_0252/nocol_translatered.jpg,62,30814,hh_hl_unlink_plinko_0252,1,True,0,assets/targets/lh_hl_unlink_plinko_0036/nocol_basered.jpg,nocol_translate,assets/targets/lh_hl_unlink_plinko_0036/nocol_translateblue.jpg,59,22559,lh_hl_unlink_plinko_0036,1,False,1,assets/targets/lh_ll_unlink_plinko_0217/nocol_baseblue.jpg,nocol_translate,assets/targets/lh_ll_unlink_plinko_0217/nocol_translatered.jpg,48,23925,lh_ll_unlink_plinko_0217,0,False,1,assets/targets/hh_hl_unlink_plinko_0246/maybecol_baseblue.jpg,maybecol_translate,assets/targets/hh_hl_unlink_plinko_0246/maybecol_translate1red.jpg,64,24540,hh_hl_unlink_plinko_0246,1,True,0,assets/targets/lh_ll_unlink_plinko_0155/col_early_basered.jpg,col_early_translate,assets/targets/lh_ll_unlink_plinko_0155/col_early_translate1blue.jpg,17,25509,lh_ll_unlink_plinko_0155,0,True,0,assets/targets/hh_hl_unlink_plinko_0269/nocol_basered.jpg,nocol_translate,assets/targets/hh_hl_unlink_plinko_0269/nocol_translateblue.jpg,54,21829,hh_hl_unlink_plinko_0269,1,False,0,assets/targets/lh_ll_unlink_plinko_0060/col_late_basered.jpg,col_late_translate,assets/targets/lh_ll_unlink_plinko_0060/col_late_translateblue.jpg,18,21294,lh_ll_unlink_plinko_0060,0,True,0,assets/targets/hh_hl_unlink_plinko_0393/maybecol_basered.jpg,maybecol_translate,assets/targets/hh_hl_unlink_plinko_0393/maybecol_translate1blue.jpg,39,20693,hh_hl_unlink_plinko_0393,0,True,1,assets/targets/lh_ll_unlink_plinko_0091/col_late_baseblue.jpg,col_late_translate,assets/targets/lh_ll_unlink_plinko_0091/col_late_translatered.jpg,68,18876,lh_ll_unlink_plinko_0091,1,True,1,assets/targets/hh_hl_unlink_plinko_0315/maybecol_baseblue.jpg,maybecol_translate,assets/targets/hh_hl_unlink_plinko_0315/maybecol_translatered.jpg,61,16590,hh_hl_unlink_plinko_0315,1,True,0,assets/targets/lh_hl_unlink_plinko_0111/col_late_basered.jpg,col_late_translate,assets/targets/lh_hl_unlink_plinko_0111/col_late_translateblue.jpg,78,29577,lh_hl_unlink_plinko_0111,1,False,0,assets/targets/lh_hl_unlink_plinko_0049/col_late_basered.jpg,col_late_translate,assets/targets/lh_hl_unlink_plinko_0049/col_late_translate1blue.jpg,33,17144,lh_hl_unlink_plinko_0049,0,True,1,assets/targets/hh_hl_unlink_plinko_0202/col_early_baseblue.jpg,col_early_translate,assets/targets/hh_hl_unlink_plinko_0202/col_early_translatered.jpg,57,11804,hh_hl_unlink_plinko_0202,1,True,1,assets/targets/lh_hl_unlink_plinko_0110/col_early_baseblue.jpg,col_early_translate,assets/targets/lh_hl_unlink_plinko_0110/col_early_translate1red.jpg,76,12329,lh_hl_unlink_plinko_0110,1,True,1,assets/targets/hh_hl_unlink_plinko_0105/col_early_baseblue.jpg,col_early_translate,assets/targets/hh_hl_unlink_plinko_0105/col_early_translatered.jpg,61,13012,hh_hl_unlink_plinko_0105,1,True,5bf412a805d7260001f5247f
209,0,assets/targets/hh_hl_unlink_plinko_0105/maybecol_basered.jpg,maybecol_translate,assets/targets/hh_hl_unlink_plinko_0105/maybecol_translateblue.jpg,29,19876,hh_hl_unlink_plinko_0105,0,True,1,assets/targets/lh_ll_unlink_plinko_0217/col_early_baseblue.jpg,col_early_translate,assets/targets/lh_ll_unlink_plinko_0217/col_early_translatered.jpg,69,6171,lh_ll_unlink_plinko_0217,1,True,1,assets/targets/lh_ll_unlink_plinko_0155/col_late_baseblue.jpg,col_late_translate,assets/targets/lh_ll_unlink_plinko_0155/col_late_translatered.jpg,30,6139,lh_ll_unlink_plinko_0155,0,False,1,assets/targets/lh_hl_unlink_plinko_0036/col_late_baseblue.jpg,col_late_translate,assets/targets/lh_hl_unlink_plinko_0036/col_late_translate1red.jpg,31,21340,lh_hl_unlink_plinko_0036,0,False,0,assets/targets/lh_ll_unlink_plinko_0091/nocol_basered.jpg,nocol_translate,assets/targets/lh_ll_unlink_plinko_0091/nocol_translate1blue.jpg,68,5534,lh_ll_unlink_plinko_0091,1,False,1,assets/targets/hh_hl_unlink_plinko_0252/maybecol_baseblue.jpg,maybecol_translate,assets/targets/hh_hl_unlink_plinko_0252/maybecol_translatered.jpg,31,4879,hh_hl_unlink_plinko_0252,0,False,0,assets/targets/hh_hl_unlink_plinko_0202/maybecol_basered.jpg,maybecol_translate,assets/targets/hh_hl_unlink_plinko_0202/maybecol_translate1blue.jpg,21,8667,hh_hl_unlink_plinko_0202,0,True,0,assets/targets/lh_hl_unlink_plinko_0111/col_late_basered.jpg,col_late_translate,assets/targets/lh_hl_unlink_plinko_0111/col_late_translateblue.jpg,78,4412,lh_hl_unlink_plinko_0111,1,False,0,assets/targets/lh_ll_unlink_plinko_0060/col_early_basered.jpg,col_early_translate,assets/targets/lh_ll_unlink_plinko_0060/col_early_translateblue.jpg,25,5306,lh_ll_unlink_plinko_0060,0,True,0,assets/targets/hh_hl_unlink_plinko_0246/maybecol_basered.jpg,maybecol_translate,assets/targets/hh_hl_unlink_plinko_0246/maybecol_translateblue.jpg,68,4231,hh_hl_unlink_plinko_0246,1,False,0,assets/targets/hh_hl_unlink_plinko_0202/col_early_basered.jpg,col_early_translate,assets/targets/hh_hl_unlink_plinko_0202/col_early_translate1blue.jpg,72,4465,hh_hl_unlink_plinko_0202,1,False,1,assets/targets/hh_hl_unlink_plinko_0240/nocol_baseblue.jpg,nocol_translate,assets/targets/hh_hl_unlink_plinko_0240/nocol_translate1red.jpg,24,3031,hh_hl_unlink_plinko_0240,0,False,0,assets/targets/hh_hl_unlink_plinko_0269/col_early_basered.jpg,col_early_translate,assets/targets/hh_hl_unlink_plinko_0269/col_early_translate1blue.jpg,75,4296,hh_hl_unlink_plinko_0269,1,False,0,assets/targets/lh_hl_unlink_plinko_0110/nocol_basered.jpg,nocol_translate,assets/targets/lh_hl_unlink_plinko_0110/nocol_translate1blue.jpg,15,2994,lh_hl_unlink_plinko_0110,0,True,0,assets/targets/hh_hl_unlink_plinko_0393/nocol_basered.jpg,nocol_translate,assets/targets/hh_hl_unlink_plinko_0393/nocol_translateblue.jpg,37,4071,hh_hl_unlink_plinko_0393,0,True,0,assets/targets/lh_hl_unlink_plinko_0049/col_late_basered.jpg,col_late_translate,assets/targets/lh_hl_unlink_plinko_0049/col_late_translateblue.jpg,72,4146,lh_hl_unlink_plinko_0049,1,False,57a2b3e1dcff7d0001c7d0dc
210,0,assets/targets/lh_hl_unlink_plinko_0036/nocol_basered.jpg,nocol_translate,assets/targets/lh_hl_unlink_plinko_0036/nocol_translate1blue.jpg,51,14499,lh_hl_unlink_plinko_0036,1,False,0,assets/targets/lh_hl_unlink_plinko_0111/col_late_basered.jpg,col_late_translate,assets/targets/lh_hl_unlink_plinko_0111/col_late_translateblue.jpg,80,11362,lh_hl_unlink_plinko_0111,1,False,0,assets/targets/hh_hl_unlink_plinko_0202/col_early_basered.jpg,col_early_translate,assets/targets/hh_hl_unlink_plinko_0202/col_early_translateblue.jpg,18,6328,hh_hl_unlink_plinko_0202,0,True,0,assets/targets/lh_ll_unlink_plinko_0155/nocol_basered.jpg,nocol_translate,assets/targets/lh_ll_unlink_plinko_0155/nocol_translate1blue.jpg,84,4887,lh_ll_unlink_plinko_0155,1,False,0,assets/targets/hh_hl_unlink_plinko_0246/maybecol_basered.jpg,maybecol_translate,assets/targets/hh_hl_unlink_plinko_0246/maybecol_translate1blue.jpg,65,4843,hh_hl_unlink_plinko_0246,1,False,1,assets/targets/hh_hl_unlink_plinko_0252/maybecol_baseblue.jpg,maybecol_translate,assets/targets/hh_hl_unlink_plinko_0252/maybecol_translatered.jpg,33,79441,hh_hl_unlink_plinko_0252,0,False,0,assets/targets/hh_hl_unlink_plinko_0105/maybecol_basered.jpg,maybecol_translate,assets/targets/hh_hl_unlink_plinko_0105/maybecol_translateblue.jpg,31,6246,hh_hl_unlink_plinko_0105,0,True,1,assets/targets/hh_hl_unlink_plinko_0393/nocol_baseblue.jpg,nocol_translate,assets/targets/hh_hl_unlink_plinko_0393/nocol_translate1red.jpg,76,7899,hh_hl_unlink_plinko_0393,1,True,0,assets/targets/lh_hl_unlink_plinko_0049/col_late_basered.jpg,col_late_translate,assets/targets/lh_hl_unlink_plinko_0049/col_late_translateblue.jpg,21,7394,lh_hl_unlink_plinko_0049,0,True,0,assets/targets/lh_hl_unlink_plinko_0110/col_late_basered.jpg,col_late_translate,assets/targets/lh_hl_unlink_plinko_0110/col_late_translateblue.jpg,11,35748,lh_hl_unlink_plinko_0110,0,True,0,assets/targets/hh_hl_unlink_plinko_0269/maybecol_basered.jpg,maybecol_translate,assets/targets/hh_hl_unlink_plinko_0269/maybecol_translate1blue.jpg,71,26332,hh_hl_unlink_plinko_0269,1,False,1,assets/targets/lh_ll_unlink_plinko_0217/col_late_baseblue.jpg,col_late_translate,assets/targets/lh_ll_unlink_plinko_0217/col_late_translatered.jpg,83,186298,lh_ll_unlink_plinko_0217,1,True,0,assets/targets/lh_ll_unlink_plinko_0060/col_early_basered.jpg,col_early_translate,assets/targets/lh_ll_unlink_plinko_0060/col_early_translate1blue.jpg,13,4453,lh_ll_unlink_plinko_0060,0,True,1,assets/targets/lh_ll_unlink_plinko_0091/col_early_baseblue.jpg,col_early_translate,assets/targets/lh_ll_unlink_plinko_0091/col_early_translate1red.jpg,82,6368,lh_ll_unlink_plinko_0091,1,True,1,assets/targets/hh_hl_unlink_plinko_0202/nocol_baseblue.jpg,nocol_translate,assets/targets/hh_hl_unlink_plinko_0202/nocol_translate1red.jpg,51,48669,hh_hl_unlink_plinko_0202,1,True,1,assets/targets/hh_hl_unlink_plinko_0315/col_early_baseblue.jpg,col_early_translate,assets/targets/hh_hl_unlink_plinko_0315/col_early_translate1red.jpg,96,9555,hh_hl_unlink_plinko_0315,1,True,5b197b8088ee7400012ae154
211,0,assets/targets/lh_ll_unlink_plinko_0060/nocol_basered.jpg,nocol_translate,assets/targets/lh_ll_unlink_plinko_0060/nocol_translateblue.jpg,96,7128,lh_ll_unlink_plinko_0060,1,False,0,assets/targets/hh_hl_unlink_plinko_0269/nocol_basered.jpg,nocol_translate,assets/targets/hh_hl_unlink_plinko_0269/nocol_translateblue.jpg,18,6779,hh_hl_unlink_plinko_0269,0,True,1,assets/targets/lh_hl_unlink_plinko_0049/col_late_baseblue.jpg,col_late_translate,assets/targets/lh_hl_unlink_plinko_0049/col_late_translate1red.jpg,68,8554,lh_hl_unlink_plinko_0049,1,True,1,assets/targets/hh_hl_unlink_plinko_0240/maybecol_baseblue.jpg,maybecol_translate,assets/targets/hh_hl_unlink_plinko_0240/maybecol_translate1red.jpg,28,14176,hh_hl_unlink_plinko_0240,0,False,1,assets/targets/hh_hl_unlink_plinko_0202/maybecol_baseblue.jpg,maybecol_translate,assets/targets/hh_hl_unlink_plinko_0202/maybecol_translatered.jpg,87,6255,hh_hl_unlink_plinko_0202,1,True,0,assets/targets/lh_ll_unlink_plinko_0091/col_late_basered.jpg,col_late_translate,assets/targets/lh_ll_unlink_plinko_0091/col_late_translateblue.jpg,89,5480,lh_ll_unlink_plinko_0091,1,False,0,assets/targets/hh_hl_unlink_plinko_0105/maybecol_basered.jpg,maybecol_translate,assets/targets/hh_hl_unlink_plinko_0105/maybecol_translateblue.jpg,74,5755,hh_hl_unlink_plinko_0105,1,False,0,assets/targets/lh_ll_unlink_plinko_0155/col_early_basered.jpg,col_early_translate,assets/targets/lh_ll_unlink_plinko_0155/col_early_translate1blue.jpg,92,11154,lh_ll_unlink_plinko_0155,1,False,1,assets/targets/lh_hl_unlink_plinko_0110/col_early_baseblue.jpg,col_early_translate,assets/targets/lh_hl_unlink_plinko_0110/col_early_translatered.jpg,93,5493,lh_hl_unlink_plinko_0110,1,True,1,assets/targets/lh_ll_unlink_plinko_0217/nocol_baseblue.jpg,nocol_translate,assets/targets/lh_ll_unlink_plinko_0217/nocol_translatered.jpg,21,7126,lh_ll_unlink_plinko_0217,0,False,1,assets/targets/hh_hl_unlink_plinko_0246/maybecol_baseblue.jpg,maybecol_translate,assets/targets/hh_hl_unlink_plinko_0246/maybecol_translate1red.jpg,83,4561,hh_hl_unlink_plinko_0246,1,True,0,assets/targets/hh_hl_unlink_plinko_0315/col_early_basered.jpg,col_early_translate,assets/targets/hh_hl_unlink_plinko_0315/col_early_translateblue.jpg,16,6182,hh_hl_unlink_plinko_0315,0,True,0,assets/targets/lh_hl_unlink_plinko_0036/col_late_basered.jpg,col_late_translate,assets/targets/lh_hl_unlink_plinko_0036/col_late_translate1blue.jpg,19,6407,lh_hl_unlink_plinko_0036,0,True,0,assets/targets/hh_hl_unlink_plinko_0252/col_early_basered.jpg,col_early_translate,assets/targets/hh_hl_unlink_plinko_0252/col_early_translateblue.jpg,56,8932,hh_hl_unlink_plinko_0252,1,False,1,assets/targets/hh_hl_unlink_plinko_0393/nocol_baseblue.jpg,nocol_translate,assets/targets/hh_hl_unlink_plinko_0393/nocol_translate1red.jpg,82,5443,hh_hl_unlink_plinko_0393,1,True,1,assets/targets/lh_hl_unlink_plinko_0111/col_late_baseblue.jpg,col_late_translate,assets/targets/lh_hl_unlink_plinko_0111/col_late_translatered.jpg,69,8986,lh_hl_unlink_plinko_0111,1,True,62d9d8b444e16335d513c6e1
212,1,assets/targets/hh_hl_unlink_plinko_0269/nocol_baseblue.jpg,nocol_translate,assets/targets/hh_hl_unlink_plinko_0269/nocol_translatered.jpg,46,22199,hh_hl_unlink_plinko_0269,0,False,1,assets/targets/lh_ll_unlink_plinko_0217/col_late_baseblue.jpg,col_late_translate,assets/targets/lh_ll_unlink_plinko_0217/col_late_translatered.jpg,62,11289,lh_ll_unlink_plinko_0217,1,True,1,assets/targets/hh_hl_unlink_plinko_0393/maybecol_baseblue.jpg,maybecol_translate,assets/targets/hh_hl_unlink_plinko_0393/maybecol_translatered.jpg,51,4859,hh_hl_unlink_plinko_0393,1,True,0,assets/targets/hh_hl_unlink_plinko_0252/col_early_basered.jpg,col_early_translate,assets/targets/hh_hl_unlink_plinko_0252/col_early_translateblue.jpg,46,10989,hh_hl_unlink_plinko_0252,0,True,0,assets/targets/lh_hl_unlink_plinko_0110/col_late_basered.jpg,col_late_translate,assets/targets/lh_hl_unlink_plinko_0110/col_late_translateblue.jpg,49,4613,lh_hl_unlink_plinko_0110,0,True,0,assets/targets/lh_hl_unlink_plinko_0049/col_late_basered.jpg,col_late_translate,assets/targets/lh_hl_unlink_plinko_0049/col_late_translate1blue.jpg,56,9975,lh_hl_unlink_plinko_0049,1,False,1,assets/targets/hh_hl_unlink_plinko_0315/maybecol_baseblue.jpg,maybecol_translate,assets/targets/hh_hl_unlink_plinko_0315/maybecol_translatered.jpg,43,2525,hh_hl_unlink_plinko_0315,0,False,1,assets/targets/lh_ll_unlink_plinko_0060/nocol_baseblue.jpg,nocol_translate,assets/targets/lh_ll_unlink_plinko_0060/nocol_translate1red.jpg,54,2730,lh_ll_unlink_plinko_0060,1,True,1,assets/targets/hh_hl_unlink_plinko_0240/nocol_baseblue.jpg,nocol_translate,assets/targets/hh_hl_unlink_plinko_0240/nocol_translate1red.jpg,42,283772,hh_hl_unlink_plinko_0240,0,False,1,assets/targets/lh_hl_unlink_plinko_0111/col_early_baseblue.jpg,col_early_translate,assets/targets/lh_hl_unlink_plinko_0111/col_early_translatered.jpg,46,2232,lh_hl_unlink_plinko_0111,0,False,0,assets/targets/lh_hl_unlink_plinko_0036/nocol_basered.jpg,nocol_translate,assets/targets/lh_hl_unlink_plinko_0036/nocol_translateblue.jpg,56,3150,lh_hl_unlink_plinko_0036,1,False,1,assets/targets/lh_ll_unlink_plinko_0091/col_early_baseblue.jpg,col_early_translate,assets/targets/lh_ll_unlink_plinko_0091/col_early_translate1red.jpg,56,2971,lh_ll_unlink_plinko_0091,1,True,1,assets/targets/lh_ll_unlink_plinko_0155/col_late_baseblue.jpg,col_late_translate,assets/targets/lh_ll_unlink_plinko_0155/col_late_translate1red.jpg,55,2404,lh_ll_unlink_plinko_0155,1,True,1,assets/targets/hh_hl_unlink_plinko_0393/maybecol_baseblue.jpg,maybecol_translate,assets/targets/hh_hl_unlink_plinko_0393/maybecol_translate1red.jpg,60,2504,hh_hl_unlink_plinko_0393,1,True,1,assets/targets/hh_hl_unlink_plinko_0202/col_early_baseblue.jpg,col_early_translate,assets/targets/hh_hl_unlink_plinko_0202/col_early_translate1red.jpg,56,4128,hh_hl_unlink_plinko_0202,1,True,1,assets/targets/hh_hl_unlink_plinko_0105/maybecol_baseblue.jpg,maybecol_translate,assets/targets/hh_hl_unlink_plinko_0105/maybecol_translatered.jpg,56,3969,hh_hl_unlink_plinko_0105,1,True,63ac7cf8f2f60119d93a6481
213,0,assets/targets/hh_hl_unlink_plinko_0315/nocol_basered.jpg,nocol_translate,assets/targets/hh_hl_unlink_plinko_0315/nocol_translate1blue.jpg,78,29394,hh_hl_unlink_plinko_0315,1,False,1,assets/targets/lh_ll_unlink_plinko_0155/nocol_baseblue.jpg,nocol_translate,assets/targets/lh_ll_unlink_plinko_0155/nocol_translate1red.jpg,100,14425,lh_ll_unlink_plinko_0155,1,True,0,assets/targets/lh_hl_unlink_plinko_0036/col_late_basered.jpg,col_late_translate,assets/targets/lh_hl_unlink_plinko_0036/col_late_translateblue.jpg,90,27211,lh_hl_unlink_plinko_0036,1,False,0,assets/targets/lh_hl_unlink_plinko_0036/col_late_basered.jpg,col_late_translate,assets/targets/lh_hl_unlink_plinko_0036/col_late_translateblue.jpg,0,8010,lh_hl_unlink_plinko_0036,0,True,0,assets/targets/lh_hl_unlink_plinko_0036/col_late_basered.jpg,col_late_translate,assets/targets/lh_hl_unlink_plinko_0036/col_late_translateblue.jpg,81,16388,lh_hl_unlink_plinko_0036,1,False,0,assets/targets/lh_ll_unlink_plinko_0155/nocol_basered.jpg,nocol_translate,assets/targets/lh_ll_unlink_plinko_0155/nocol_translate1blue.jpg,50,8019,lh_ll_unlink_plinko_0155,-1,False,1,assets/targets/hh_hl_unlink_plinko_0202/maybecol_baseblue.jpg,maybecol_translate,assets/targets/hh_hl_unlink_plinko_0202/maybecol_translatered.jpg,100,10825,hh_hl_unlink_plinko_0202,1,True,0,assets/targets/hh_hl_unlink_plinko_0240/col_early_basered.jpg,col_early_translate,assets/targets/hh_hl_unlink_plinko_0240/col_early_translateblue.jpg,0,7341,hh_hl_unlink_plinko_0240,0,True,0,assets/targets/hh_hl_unlink_plinko_0315/maybecol_basered.jpg,maybecol_translate,assets/targets/hh_hl_unlink_plinko_0315/maybecol_translateblue.jpg,14,15728,hh_hl_unlink_plinko_0315,0,True,1,assets/targets/lh_ll_unlink_plinko_0091/col_early_baseblue.jpg,col_early_translate,assets/targets/lh_ll_unlink_plinko_0091/col_early_translatered.jpg,100,11290,lh_ll_unlink_plinko_0091,1,True,0,assets/targets/hh_hl_unlink_plinko_0252/col_early_basered.jpg,col_early_translate,assets/targets/hh_hl_unlink_plinko_0252/col_early_translate1blue.jpg,85,21858,hh_hl_unlink_plinko_0252,1,False,0,assets/targets/lh_ll_unlink_plinko_0091/col_early_basered.jpg,col_early_translate,assets/targets/lh_ll_unlink_plinko_0091/col_early_translateblue.jpg,66,16581,lh_ll_unlink_plinko_0091,1,False,1,assets/targets/hh_hl_unlink_plinko_0246/nocol_baseblue.jpg,nocol_translate,assets/targets/hh_hl_unlink_plinko_0246/nocol_translate1red.jpg,50,4888,hh_hl_unlink_plinko_0246,-1,False,0,assets/targets/hh_hl_unlink_plinko_0269/maybecol_basered.jpg,maybecol_translate,assets/targets/hh_hl_unlink_plinko_0269/maybecol_translateblue.jpg,1,14660,hh_hl_unlink_plinko_0269,0,True,1,assets/targets/lh_hl_unlink_plinko_0036/col_late_baseblue.jpg,col_late_translate,assets/targets/lh_hl_unlink_plinko_0036/col_late_translatered.jpg,100,6904,lh_hl_unlink_plinko_0036,1,True,0,assets/targets/hh_hl_unlink_plinko_0105/maybecol_basered.jpg,maybecol_translate,assets/targets/hh_hl_unlink_plinko_0105/maybecol_translate1blue.jpg,50,4989,hh_hl_unlink_plinko_0105,-1,False,601228de8f04be234171ca8f
214,1,assets/targets/lh_ll_unlink_plinko_0155/col_late_baseblue.jpg,col_late_translate,assets/targets/lh_ll_unlink_plinko_0155/col_late_translate1red.jpg,18,82329,lh_ll_unlink_plinko_0155,0,False,1,assets/targets/hh_hl_unlink_plinko_0393/maybecol_baseblue.jpg,maybecol_translate,assets/targets/hh_hl_unlink_plinko_0393/maybecol_translatered.jpg,0,14850,hh_hl_unlink_plinko_0393,0,False,1,assets/targets/lh_ll_unlink_plinko_0060/col_late_baseblue.jpg,col_late_translate,assets/targets/lh_ll_unlink_plinko_0060/col_late_translatered.jpg,89,48383,lh_ll_unlink_plinko_0060,1,True,1,assets/targets/lh_hl_unlink_plinko_0049/nocol_baseblue.jpg,nocol_translate,assets/targets/lh_hl_unlink_plinko_0049/nocol_translatered.jpg,71,21611,lh_hl_unlink_plinko_0049,1,True,0,assets/targets/lh_hl_unlink_plinko_0036/col_late_basered.jpg,col_late_translate,assets/targets/lh_hl_unlink_plinko_0036/col_late_translateblue.jpg,5,26990,lh_hl_unlink_plinko_0036,0,True,0,assets/targets/hh_hl_unlink_plinko_0269/col_early_basered.jpg,col_early_translate,assets/targets/hh_hl_unlink_plinko_0269/col_early_translate1blue.jpg,0,16754,hh_hl_unlink_plinko_0269,0,True,0,assets/targets/hh_hl_unlink_plinko_0252/col_early_basered.jpg,col_early_translate,assets/targets/hh_hl_unlink_plinko_0252/col_early_translate1blue.jpg,0,18078,hh_hl_unlink_plinko_0252,0,True,1,assets/targets/lh_hl_unlink_plinko_0110/col_late_baseblue.jpg,col_late_translate,assets/targets/lh_hl_unlink_plinko_0110/col_late_translatered.jpg,100,31267,lh_hl_unlink_plinko_0110,1,True,0,assets/targets/hh_hl_unlink_plinko_0202/maybecol_basered.jpg,maybecol_translate,assets/targets/hh_hl_unlink_plinko_0202/maybecol_translateblue.jpg,7,21810,hh_hl_unlink_plinko_0202,0,True,0,assets/targets/hh_hl_unlink_plinko_0246/maybecol_basered.jpg,maybecol_translate,assets/targets/hh_hl_unlink_plinko_0246/maybecol_translateblue.jpg,29,20909,hh_hl_unlink_plinko_0246,0,True,1,assets/targets/hh_hl_unlink_plinko_0240/nocol_baseblue.jpg,nocol_translate,assets/targets/hh_hl_unlink_plinko_0240/nocol_translatered.jpg,76,31949,hh_hl_unlink_plinko_0240,1,True,0,assets/targets/lh_hl_unlink_plinko_0110/col_early_basered.jpg,col_early_translate,assets/targets/lh_hl_unlink_plinko_0110/col_early_translateblue.jpg,0,14629,lh_hl_unlink_plinko_0110,0,True,1,assets/targets/lh_ll_unlink_plinko_0060/col_early_baseblue.jpg,col_early_translate,assets/targets/lh_ll_unlink_plinko_0060/col_early_translate1red.jpg,100,11927,lh_ll_unlink_plinko_0060,1,True,0,assets/targets/hh_hl_unlink_plinko_0105/maybecol_basered.jpg,maybecol_translate,assets/targets/hh_hl_unlink_plinko_0105/maybecol_translateblue.jpg,9,24676,hh_hl_unlink_plinko_0105,0,True,0,assets/targets/hh_hl_unlink_plinko_0246/nocol_basered.jpg,nocol_translate,assets/targets/hh_hl_unlink_plinko_0246/nocol_translate1blue.jpg,70,44563,hh_hl_unlink_plinko_0246,1,False,1,assets/targets/lh_ll_unlink_plinko_0091/nocol_baseblue.jpg,nocol_translate,assets/targets/lh_ll_unlink_plinko_0091/nocol_translatered.jpg,63,22103,lh_ll_unlink_plinko_0091,1,True,614c1267826bcb89bd92e726
215,1,assets/targets/hh_hl_unlink_plinko_0315/maybecol_baseblue.jpg,maybecol_translate,assets/targets/hh_hl_unlink_plinko_0315/maybecol_translatered.jpg,76,20663,hh_hl_unlink_plinko_0315,1,True,1,assets/targets/hh_hl_unlink_plinko_0269/maybecol_baseblue.jpg,maybecol_translate,assets/targets/hh_hl_unlink_plinko_0269/maybecol_translate1red.jpg,93,6158,hh_hl_unlink_plinko_0269,1,True,1,assets/targets/hh_hl_unlink_plinko_0240/maybecol_baseblue.jpg,maybecol_translate,assets/targets/hh_hl_unlink_plinko_0240/maybecol_translate1red.jpg,56,9437,hh_hl_unlink_plinko_0240,1,True,1,assets/targets/lh_ll_unlink_plinko_0060/col_late_baseblue.jpg,col_late_translate,assets/targets/lh_ll_unlink_plinko_0060/col_late_translatered.jpg,87,8445,lh_ll_unlink_plinko_0060,1,True,0,assets/targets/lh_hl_unlink_plinko_0036/col_early_basered.jpg,col_early_translate,assets/targets/lh_hl_unlink_plinko_0036/col_early_translate1blue.jpg,42,9468,lh_hl_unlink_plinko_0036,0,True,1,assets/targets/hh_hl_unlink_plinko_0105/col_early_baseblue.jpg,col_early_translate,assets/targets/hh_hl_unlink_plinko_0105/col_early_translate1red.jpg,100,7474,hh_hl_unlink_plinko_0105,1,True,1,assets/targets/lh_hl_unlink_plinko_0110/col_late_baseblue.jpg,col_late_translate,assets/targets/lh_hl_unlink_plinko_0110/col_late_translatered.jpg,79,16111,lh_hl_unlink_plinko_0110,1,True,0,assets/targets/hh_hl_unlink_plinko_0246/nocol_basered.jpg,nocol_translate,assets/targets/hh_hl_unlink_plinko_0246/nocol_translateblue.jpg,36,9642,hh_hl_unlink_plinko_0246,0,True,0,assets/targets/lh_hl_unlink_plinko_0111/nocol_basered.jpg,nocol_translate,assets/targets/lh_hl_unlink_plinko_0111/nocol_translateblue.jpg,50,4269,lh_hl_unlink_plinko_0111,-1,False,1,assets/targets/lh_ll_unlink_plinko_0091/col_early_baseblue.jpg,col_early_translate,assets/targets/lh_ll_unlink_plinko_0091/col_early_translate1red.jpg,65,7355,lh_ll_unlink_plinko_0091,1,True,0,assets/targets/lh_ll_unlink_plinko_0217/col_late_basered.jpg,col_late_translate,assets/targets/lh_ll_unlink_plinko_0217/col_late_translateblue.jpg,15,8168,lh_ll_unlink_plinko_0217,0,True,1,assets/targets/lh_hl_unlink_plinko_0049/nocol_baseblue.jpg,nocol_translate,assets/targets/lh_hl_unlink_plinko_0049/nocol_translate1red.jpg,26,8496,lh_hl_unlink_plinko_0049,0,False,0,assets/targets/hh_hl_unlink_plinko_0393/maybecol_basered.jpg,maybecol_translate,assets/targets/hh_hl_unlink_plinko_0393/maybecol_translate1blue.jpg,50,5650,hh_hl_unlink_plinko_0393,-1,False,1,assets/targets/lh_ll_unlink_plinko_0155/col_late_baseblue.jpg,col_late_translate,assets/targets/lh_ll_unlink_plinko_0155/col_late_translate1red.jpg,54,7175,lh_ll_unlink_plinko_0155,1,True,1,assets/targets/hh_hl_unlink_plinko_0252/nocol_baseblue.jpg,nocol_translate,assets/targets/hh_hl_unlink_plinko_0252/nocol_translate1red.jpg,50,4053,hh_hl_unlink_plinko_0252,-1,False,1,assets/targets/hh_hl_unlink_plinko_0202/col_early_baseblue.jpg,col_early_translate,assets/targets/hh_hl_unlink_plinko_0202/col_early_translatered.jpg,100,6405,hh_hl_unlink_plinko_0202,1,True,5e0ff44218e8696f9f198d4a
216,0,assets/targets/hh_hl_unlink_plinko_0393/maybecol_basered.jpg,maybecol_translate,assets/targets/hh_hl_unlink_plinko_0393/maybecol_translate1blue.jpg,100,35396,hh_hl_unlink_plinko_0393,1,False,1,assets/targets/lh_ll_unlink_plinko_0091/nocol_baseblue.jpg,nocol_translate,assets/targets/lh_ll_unlink_plinko_0091/nocol_translatered.jpg,26,11356,lh_ll_unlink_plinko_0091,0,False,1,assets/targets/lh_ll_unlink_plinko_0060/col_early_baseblue.jpg,col_early_translate,assets/targets/lh_ll_unlink_plinko_0060/col_early_translatered.jpg,100,8680,lh_ll_unlink_plinko_0060,1,True,0,assets/targets/lh_hl_unlink_plinko_0049/nocol_basered.jpg,nocol_translate,assets/targets/lh_hl_unlink_plinko_0049/nocol_translateblue.jpg,50,20262,lh_hl_unlink_plinko_0049,-1,False,0,assets/targets/hh_hl_unlink_plinko_0269/col_early_basered.jpg,col_early_translate,assets/targets/hh_hl_unlink_plinko_0269/col_early_translate1blue.jpg,27,10359,hh_hl_unlink_plinko_0269,0,True,0,assets/targets/hh_hl_unlink_plinko_0252/maybecol_basered.jpg,maybecol_translate,assets/targets/hh_hl_unlink_plinko_0252/maybecol_translateblue.jpg,27,6212,hh_hl_unlink_plinko_0252,0,True,0,assets/targets/lh_ll_unlink_plinko_0091/col_late_basered.jpg,col_late_translate,assets/targets/lh_ll_unlink_plinko_0091/col_late_translateblue.jpg,8,30989,lh_ll_unlink_plinko_0091,0,True,1,assets/targets/hh_hl_unlink_plinko_0315/maybecol_baseblue.jpg,maybecol_translate,assets/targets/hh_hl_unlink_plinko_0315/maybecol_translate1red.jpg,79,6678,hh_hl_unlink_plinko_0315,1,True,0,assets/targets/lh_hl_unlink_plinko_0111/col_early_basered.jpg,col_early_translate,assets/targets/lh_hl_unlink_plinko_0111/col_early_translateblue.jpg,77,8508,lh_hl_unlink_plinko_0111,1,False,1,assets/targets/hh_hl_unlink_plinko_0269/col_early_baseblue.jpg,col_early_translate,assets/targets/hh_hl_unlink_plinko_0269/col_early_translatered.jpg,75,7312,hh_hl_unlink_plinko_0269,1,True,0,assets/targets/hh_hl_unlink_plinko_0202/nocol_basered.jpg,nocol_translate,assets/targets/hh_hl_unlink_plinko_0202/nocol_translate1blue.jpg,68,4944,hh_hl_unlink_plinko_0202,1,False,0,assets/targets/hh_hl_unlink_plinko_0105/maybecol_basered.jpg,maybecol_translate,assets/targets/hh_hl_unlink_plinko_0105/maybecol_translateblue.jpg,50,5691,hh_hl_unlink_plinko_0105,-1,False,1,assets/targets/hh_hl_unlink_plinko_0246/nocol_baseblue.jpg,nocol_translate,assets/targets/hh_hl_unlink_plinko_0246/nocol_translatered.jpg,50,7123,hh_hl_unlink_plinko_0246,-1,False,0,assets/targets/lh_ll_unlink_plinko_0155/col_late_basered.jpg,col_late_translate,assets/targets/lh_ll_unlink_plinko_0155/col_late_translateblue.jpg,50,4327,lh_ll_unlink_plinko_0155,-1,False,0,assets/targets/lh_hl_unlink_plinko_0036/col_late_basered.jpg,col_late_translate,assets/targets/lh_hl_unlink_plinko_0036/col_late_translate1blue.jpg,28,4791,lh_hl_unlink_plinko_0036,0,True,1,assets/targets/lh_hl_unlink_plinko_0110/col_late_baseblue.jpg,col_late_translate,assets/targets/lh_hl_unlink_plinko_0110/col_late_translate1red.jpg,80,5013,lh_hl_unlink_plinko_0110,1,True,6146b99c248d3ffdaa898d36
217,0,assets/targets/lh_ll_unlink_plinko_0060/col_late_basered.jpg,col_late_translate,assets/targets/lh_ll_unlink_plinko_0060/col_late_translate1blue.jpg,86,22999,lh_ll_unlink_plinko_0060,1,False,0,assets/targets/lh_ll_unlink_plinko_0091/col_late_basered.jpg,col_late_translate,assets/targets/lh_ll_unlink_plinko_0091/col_late_translate1blue.jpg,79,9251,lh_ll_unlink_plinko_0091,1,False,1,assets/targets/lh_hl_unlink_plinko_0036/nocol_baseblue.jpg,nocol_translate,assets/targets/lh_hl_unlink_plinko_0036/nocol_translate1red.jpg,50,8538,lh_hl_unlink_plinko_0036,-1,False,0,assets/targets/hh_hl_unlink_plinko_0240/nocol_basered.jpg,nocol_translate,assets/targets/hh_hl_unlink_plinko_0240/nocol_translateblue.jpg,38,6812,hh_hl_unlink_plinko_0240,0,True,0,assets/targets/lh_hl_unlink_plinko_0111/col_early_basered.jpg,col_early_translate,assets/targets/lh_hl_unlink_plinko_0111/col_early_translate1blue.jpg,4,7134,lh_hl_unlink_plinko_0111,0,True,1,assets/targets/lh_ll_unlink_plinko_0217/col_early_baseblue.jpg,col_early_translate,assets/targets/lh_ll_unlink_plinko_0217/col_early_translatered.jpg,13,9604,lh_ll_unlink_plinko_0217,0,False,1,assets/targets/hh_hl_unlink_plinko_0393/maybecol_baseblue.jpg,maybecol_translate,assets/targets/hh_hl_unlink_plinko_0393/maybecol_translate1red.jpg,24,9549,hh_hl_unlink_plinko_0393,0,False,1,assets/targets/hh_hl_unlink_plinko_0269/col_early_baseblue.jpg,col_early_translate,assets/targets/hh_hl_unlink_plinko_0269/col_early_translatered.jpg,79,4888,hh_hl_unlink_plinko_0269,1,True,1,assets/targets/hh_hl_unlink_plinko_0315/maybecol_baseblue.jpg,maybecol_translate,assets/targets/hh_hl_unlink_plinko_0315/maybecol_translatered.jpg,24,8975,hh_hl_unlink_plinko_0315,0,False,1,assets/targets/lh_hl_unlink_plinko_0049/col_late_baseblue.jpg,col_late_translate,assets/targets/lh_hl_unlink_plinko_0049/col_late_translatered.jpg,18,13816,lh_hl_unlink_plinko_0049,0,False,0,assets/targets/hh_hl_unlink_plinko_0105/nocol_basered.jpg,nocol_translate,assets/targets/hh_hl_unlink_plinko_0105/nocol_translate1blue.jpg,50,8386,hh_hl_unlink_plinko_0105,-1,False,0,assets/targets/hh_hl_unlink_plinko_0246/maybecol_basered.jpg,maybecol_translate,assets/targets/hh_hl_unlink_plinko_0246/maybecol_translate1blue.jpg,50,4089,hh_hl_unlink_plinko_0246,-1,False,1,assets/targets/lh_hl_unlink_plinko_0110/col_late_baseblue.jpg,col_late_translate,assets/targets/lh_hl_unlink_plinko_0110/col_late_translatered.jpg,21,10918,lh_hl_unlink_plinko_0110,0,False,0,assets/targets/hh_hl_unlink_plinko_0202/col_early_basered.jpg,col_early_translate,assets/targets/hh_hl_unlink_plinko_0202/col_early_translate1blue.jpg,23,8613,hh_hl_unlink_plinko_0202,0,True,1,assets/targets/hh_hl_unlink_plinko_0252/maybecol_baseblue.jpg,maybecol_translate,assets/targets/hh_hl_unlink_plinko_0252/maybecol_translate1red.jpg,70,8233,hh_hl_unlink_plinko_0252,1,True,1,assets/targets/lh_ll_unlink_plinko_0155/nocol_baseblue.jpg,nocol_translate,assets/targets/lh_ll_unlink_plinko_0155/nocol_translate1red.jpg,50,3670,lh_ll_unlink_plinko_0155,-1,False,5c93e410ec114b001641a170
218,0,assets/targets/hh_hl_unlink_plinko_0269/maybecol_basered.jpg,maybecol_translate,assets/targets/hh_hl_unlink_plinko_0269/maybecol_translate1blue.jpg,29,17468,hh_hl_unlink_plinko_0269,0,True,1,assets/targets/lh_hl_unlink_plinko_0110/nocol_baseblue.jpg,nocol_translate,assets/targets/lh_hl_unlink_plinko_0110/nocol_translatered.jpg,57,12434,lh_hl_unlink_plinko_0110,1,True,1,assets/targets/lh_hl_unlink_plinko_0049/nocol_baseblue.jpg,nocol_translate,assets/targets/lh_hl_unlink_plinko_0049/nocol_translatered.jpg,100,14167,lh_hl_unlink_plinko_0049,1,True,1,assets/targets/lh_ll_unlink_plinko_0091/col_early_baseblue.jpg,col_early_translate,assets/targets/lh_ll_unlink_plinko_0091/col_early_translatered.jpg,89,5172,lh_ll_unlink_plinko_0091,1,True,1,assets/targets/hh_hl_unlink_plinko_0202/nocol_baseblue.jpg,nocol_translate,assets/targets/hh_hl_unlink_plinko_0202/nocol_translatered.jpg,83,13758,hh_hl_unlink_plinko_0202,1,True,1,assets/targets/lh_ll_unlink_plinko_0155/col_late_baseblue.jpg,col_late_translate,assets/targets/lh_ll_unlink_plinko_0155/col_late_translatered.jpg,21,4849,lh_ll_unlink_plinko_0155,0,False,1,assets/targets/lh_hl_unlink_plinko_0111/col_late_baseblue.jpg,col_late_translate,assets/targets/lh_hl_unlink_plinko_0111/col_late_translatered.jpg,30,5436,lh_hl_unlink_plinko_0111,0,False,1,assets/targets/hh_hl_unlink_plinko_0252/maybecol_baseblue.jpg,maybecol_translate,assets/targets/hh_hl_unlink_plinko_0252/maybecol_translatered.jpg,32,6264,hh_hl_unlink_plinko_0252,0,False,0,assets/targets/hh_hl_unlink_plinko_0393/col_early_basered.jpg,col_early_translate,assets/targets/hh_hl_unlink_plinko_0393/col_early_translateblue.jpg,29,4117,hh_hl_unlink_plinko_0393,0,True,1,assets/targets/hh_hl_unlink_plinko_0315/nocol_baseblue.jpg,nocol_translate,assets/targets/hh_hl_unlink_plinko_0315/nocol_translatered.jpg,31,5597,hh_hl_unlink_plinko_0315,0,False,0,assets/targets/hh_hl_unlink_plinko_0105/maybecol_basered.jpg,maybecol_translate,assets/targets/hh_hl_unlink_plinko_0105/maybecol_translateblue.jpg,82,5639,hh_hl_unlink_plinko_0105,1,False,1,assets/targets/hh_hl_unlink_plinko_0246/maybecol_baseblue.jpg,maybecol_translate,assets/targets/hh_hl_unlink_plinko_0246/maybecol_translatered.jpg,40,5210,hh_hl_unlink_plinko_0246,0,False,0,assets/targets/lh_ll_unlink_plinko_0217/col_early_basered.jpg,col_early_translate,assets/targets/lh_ll_unlink_plinko_0217/col_early_translate1blue.jpg,32,4416,lh_ll_unlink_plinko_0217,0,True,0,assets/targets/lh_ll_unlink_plinko_0060/col_late_basered.jpg,col_late_translate,assets/targets/lh_ll_unlink_plinko_0060/col_late_translateblue.jpg,44,4656,lh_ll_unlink_plinko_0060,0,True,0,assets/targets/lh_ll_unlink_plinko_0155/col_late_basered.jpg,col_late_translate,assets/targets/lh_ll_unlink_plinko_0155/col_late_translate1blue.jpg,39,2778,lh_ll_unlink_plinko_0155,0,True,0,assets/targets/hh_hl_unlink_plinko_0240/col_early_basered.jpg,col_early_translate,assets/targets/hh_hl_unlink_plinko_0240/col_early_translate1blue.jpg,73,4240,hh_hl_unlink_plinko_0240,1,False,5bace423b95cc700014b5334
219,1,assets/targets/lh_hl_unlink_plinko_0111/col_late_baseblue.jpg,col_late_translate,assets/targets/lh_hl_unlink_plinko_0111/col_late_translate1red.jpg,93,13795,lh_hl_unlink_plinko_0111,1,True,1,assets/targets/hh_hl_unlink_plinko_0393/col_early_baseblue.jpg,col_early_translate,assets/targets/hh_hl_unlink_plinko_0393/col_early_translate1red.jpg,66,6243,hh_hl_unlink_plinko_0393,1,True,0,assets/targets/lh_ll_unlink_plinko_0060/col_late_basered.jpg,col_late_translate,assets/targets/lh_ll_unlink_plinko_0060/col_late_translate1blue.jpg,28,5160,lh_ll_unlink_plinko_0060,0,True,1,assets/targets/lh_hl_unlink_plinko_0049/col_early_baseblue.jpg,col_early_translate,assets/targets/lh_hl_unlink_plinko_0049/col_early_translate1red.jpg,100,4533,lh_hl_unlink_plinko_0049,1,True,0,assets/targets/hh_hl_unlink_plinko_0246/col_early_basered.jpg,col_early_translate,assets/targets/hh_hl_unlink_plinko_0246/col_early_translateblue.jpg,0,4795,hh_hl_unlink_plinko_0246,0,True,0,assets/targets/hh_hl_unlink_plinko_0252/maybecol_basered.jpg,maybecol_translate,assets/targets/hh_hl_unlink_plinko_0252/maybecol_translate1blue.jpg,16,5570,hh_hl_unlink_plinko_0252,0,True,0,assets/targets/lh_ll_unlink_plinko_0217/col_late_basered.jpg,col_late_translate,assets/targets/lh_ll_unlink_plinko_0217/col_late_translate1blue.jpg,50,5347,lh_ll_unlink_plinko_0217,-1,False,1,assets/targets/lh_hl_unlink_plinko_0036/col_late_baseblue.jpg,col_late_translate,assets/targets/lh_hl_unlink_plinko_0036/col_late_translatered.jpg,100,5258,lh_hl_unlink_plinko_0036,1,True,1,assets/targets/hh_hl_unlink_plinko_0269/maybecol_baseblue.jpg,maybecol_translate,assets/targets/hh_hl_unlink_plinko_0269/maybecol_translatered.jpg,73,6303,hh_hl_unlink_plinko_0269,1,True,0,assets/targets/lh_hl_unlink_plinko_0036/nocol_basered.jpg,nocol_translate,assets/targets/lh_hl_unlink_plinko_0036/nocol_translateblue.jpg,8,4473,lh_hl_unlink_plinko_0036,0,True,1,assets/targets/hh_hl_unlink_plinko_0105/maybecol_baseblue.jpg,maybecol_translate,assets/targets/hh_hl_unlink_plinko_0105/maybecol_translate1red.jpg,75,9299,hh_hl_unlink_plinko_0105,1,True,0,assets/targets/hh_hl_unlink_plinko_0240/maybecol_basered.jpg,maybecol_translate,assets/targets/hh_hl_unlink_plinko_0240/maybecol_translateblue.jpg,30,5308,hh_hl_unlink_plinko_0240,0,True,0,assets/targets/hh_hl_unlink_plinko_0202/nocol_basered.jpg,nocol_translate,assets/targets/hh_hl_unlink_plinko_0202/nocol_translate1blue.jpg,50,3048,hh_hl_unlink_plinko_0202,-1,False,1,assets/targets/hh_hl_unlink_plinko_0393/nocol_baseblue.jpg,nocol_translate,assets/targets/hh_hl_unlink_plinko_0393/nocol_translatered.jpg,50,3357,hh_hl_unlink_plinko_0393,-1,False,1,assets/targets/lh_ll_unlink_plinko_0091/nocol_baseblue.jpg,nocol_translate,assets/targets/lh_ll_unlink_plinko_0091/nocol_translatered.jpg,50,6220,lh_ll_unlink_plinko_0091,-1,False,0,assets/targets/lh_hl_unlink_plinko_0110/col_early_basered.jpg,col_early_translate,assets/targets/lh_hl_unlink_plinko_0110/col_early_translate1blue.jpg,14,8575,lh_hl_unlink_plinko_0110,0,True,5cf551508926360018a5e9ff
